Datetime,Close,High,Low,Open,Volume
2026-06-01 09:45:00,33.41999816894531,33.41999816894531,33.41999816894531,33.41999816894531,0
2026-06-01 10:00:00,33.7400016784668,34.20000076293945,33.599998474121094,33.599998474121094,393490
2026-06-01 10:15:00,34.13999938964844,34.29999923706055,33.65999984741211,33.7599983215332,408098
2026-06-01 10:30:00,33.91999816894531,34.20000076293945,33.900001525878906,34.119998931884766,253528
2026-06-01 10:45:00,33.81999969482422,33.91999816894531,33.63999938964844,33.91999816894531,112762
2026-06-01 11:00:00,33.86000061035156,34.0,33.779998779296875,33.84000015258789,77961
2026-06-01 11:15:00,33.79999923706055,33.91999816894531,33.7599983215332,33.86000061035156,54803
2026-06-01 11:30:00,33.81999969482422,33.900001525878906,33.7599983215332,33.81999969482422,55678
2026-06-01 11:45:00,33.81999969482422,34.0,33.7599983215332,33.84000015258789,65891
2026-06-01 12:00:00,33.880001068115234,33.91999816894531,33.79999923706055,33.81999969482422,39778
2026-06-01 12:15:00,33.900001525878906,33.900001525878906,33.70000076293945,33.880001068115234,73775
2026-06-01 12:30:00,33.959999084472656,34.0,33.900001525878906,33.91999816894531,46111
2026-06-01 12:45:00,34.2599983215332,34.29999923706055,33.91999816894531,33.959999084472656,183030
2026-06-01 13:00:00,34.540000915527344,34.58000183105469,34.220001220703125,34.2599983215332,435741
2026-06-01 13:15:00,34.400001525878906,34.52000045776367,34.380001068115234,34.5,85265
2026-06-01 13:30:00,34.47999954223633,34.52000045776367,34.36000061035156,34.41999816894531,102550
2026-06-01 13:45:00,34.41999816894531,34.5,34.41999816894531,34.47999954223633,42181
2026-06-01 14:00:00,34.380001068115234,34.5,34.29999923706055,34.439998626708984,78884
2026-06-01 14:15:00,34.47999954223633,34.5,34.380001068115234,34.380001068115234,37648
2026-06-01 14:30:00,34.380001068115234,34.70000076293945,34.36000061035156,34.47999954223633,168096
2026-06-01 14:45:00,34.540000915527344,34.560001373291016,34.31999969482422,34.400001525878906,89855
2026-06-01 15:00:00,34.459999084472656,34.65999984741211,34.439998626708984,34.560001373291016,72924
2026-06-01 15:15:00,34.5,34.58000183105469,34.34000015258789,34.5,144625
2026-06-01 15:30:00,34.7599983215332,34.779998779296875,34.47999954223633,34.5,193359
2026-06-01 15:45:00,34.5,34.779998779296875,34.459999084472656,34.779998779296875,119672
2026-06-01 16:00:00,34.2599983215332,34.560001373291016,34.2400016784668,34.5,141045
2026-06-01 16:15:00,33.959999084472656,34.36000061035156,33.959999084472656,34.29999923706055,99690
2026-06-01 16:30:00,33.97999954223633,34.0,33.84000015258789,33.939998626708984,134588
2026-06-01 16:45:00,33.779998779296875,34.0,33.779998779296875,33.959999084472656,48723
2026-06-01 17:00:00,33.97999954223633,34.040000915527344,33.79999923706055,33.81999969482422,110291
2026-06-01 17:15:00,33.900001525878906,34.08000183105469,33.81999969482422,34.0,112658
2026-06-01 17:30:00,33.880001068115234,34.02000045776367,33.86000061035156,33.91999816894531,88868
2026-06-01 17:45:00,33.81999969482422,33.97999954223633,33.779998779296875,33.880001068115234,123645
2026-06-02 09:45:00,34.20000076293945,34.20000076293945,34.20000076293945,34.20000076293945,0
2026-06-02 10:00:00,34.2599983215332,34.47999954223633,34.15999984741211,34.220001220703125,286097
2026-06-02 10:15:00,34.619998931884766,34.7599983215332,34.220001220703125,34.29999923706055,291472
2026-06-02 10:30:00,34.5,34.70000076293945,34.5,34.65999984741211,141267
2026-06-02 10:45:00,34.599998474121094,34.63999938964844,34.52000045776367,34.52000045776367,114981
2026-06-02 11:00:00,34.65999984741211,34.68000030517578,34.560001373291016,34.560001373291016,122506
2026-06-02 11:15:00,34.58000183105469,34.65999984741211,34.540000915527344,34.65999984741211,74484
2026-06-02 11:30:00,34.68000030517578,34.7400016784668,34.540000915527344,34.540000915527344,126117
2026-06-02 11:45:00,34.779998779296875,34.880001068115234,34.619998931884766,34.65999984741211,163551
2026-06-02 12:00:00,34.79999923706055,34.84000015258789,34.720001220703125,34.779998779296875,88753
2026-06-02 12:15:00,34.70000076293945,34.81999969482422,34.70000076293945,34.81999969482422,32768
2026-06-02 12:30:00,34.70000076293945,34.720001220703125,34.599998474121094,34.720001220703125,65739
2026-06-02 12:45:00,34.599998474121094,34.720001220703125,34.599998474121094,34.720001220703125,73416
2026-06-02 13:00:00,34.65999984741211,34.65999984741211,34.540000915527344,34.63999938964844,48420
2026-06-02 13:15:00,34.599998474121094,34.65999984741211,34.58000183105469,34.65999984741211,27241
2026-06-02 13:30:00,34.58000183105469,34.619998931884766,34.52000045776367,34.599998474121094,24320
2026-06-02 13:45:00,34.880001068115234,34.91999816894531,34.58000183105469,34.58000183105469,107603
2026-06-02 14:00:00,34.86000061035156,34.959999084472656,34.81999969482422,34.880001068115234,59506
2026-06-02 14:15:00,34.91999816894531,34.959999084472656,34.7599983215332,34.84000015258789,87997
2026-06-02 14:30:00,34.880001068115234,34.91999816894531,34.86000061035156,34.91999816894531,18392
2026-06-02 14:45:00,34.91999816894531,34.91999816894531,34.86000061035156,34.900001525878906,47619
2026-06-02 15:00:00,34.959999084472656,34.959999084472656,34.86000061035156,34.91999816894531,114339
2026-06-02 15:15:00,35.18000030517578,35.20000076293945,34.900001525878906,34.939998626708984,184992
2026-06-02 15:30:00,35.060001373291016,35.220001220703125,35.02000045776367,35.18000030517578,202637
2026-06-02 15:45:00,35.18000030517578,35.20000076293945,35.02000045776367,35.060001373291016,133774
2026-06-02 16:00:00,35.18000030517578,35.2599983215332,35.099998474121094,35.18000030517578,121701
2026-06-02 16:15:00,34.97999954223633,35.220001220703125,34.939998626708984,35.15999984741211,264295
2026-06-02 16:30:00,34.84000015258789,34.97999954223633,34.720001220703125,34.97999954223633,267871
2026-06-02 16:45:00,34.65999984741211,34.84000015258789,34.63999938964844,34.84000015258789,157663
2026-06-02 17:00:00,34.58000183105469,34.720001220703125,34.58000183105469,34.65999984741211,131636
2026-06-02 17:15:00,34.79999923706055,34.880001068115234,34.58000183105469,34.58000183105469,218584
2026-06-02 17:30:00,34.779998779296875,34.880001068115234,34.7400016784668,34.79999923706055,112883
2026-06-02 17:45:00,34.79999923706055,34.86000061035156,34.68000030517578,34.79999923706055,433700
2026-06-03 09:45:00,34.97999954223633,34.97999954223633,34.97999954223633,34.97999954223633,0
2026-06-03 10:00:00,34.720001220703125,35.08000183105469,34.540000915527344,35.0,419854
2026-06-03 10:15:00,34.91999816894531,34.959999084472656,34.540000915527344,34.70000076293945,139308
2026-06-03 10:30:00,34.5,34.900001525878906,34.41999816894531,34.900001525878906,515292
2026-06-03 10:45:00,34.2400016784668,34.459999084472656,34.13999938964844,34.459999084472656,355109
2026-06-03 11:00:00,34.02000045776367,34.2400016784668,33.959999084472656,34.220001220703125,314593
2026-06-03 11:15:00,34.099998474121094,34.119998931884766,33.97999954223633,34.02000045776367,80477
2026-06-03 11:30:00,34.08000183105469,34.119998931884766,34.060001373291016,34.099998474121094,26726
2026-06-03 11:45:00,34.060001373291016,34.15999984741211,34.040000915527344,34.08000183105469,52568
2026-06-03 12:00:00,34.20000076293945,34.540000915527344,34.040000915527344,34.060001373291016,137078
2026-06-03 12:15:00,34.15999984741211,34.20000076293945,34.099998474121094,34.20000076293945,47306
2026-06-03 12:30:00,34.29999923706055,34.36000061035156,34.15999984741211,34.15999984741211,95857
2026-06-03 12:45:00,34.2400016784668,34.439998626708984,34.20000076293945,34.29999923706055,78516
2026-06-03 13:00:00,34.41999816894531,34.720001220703125,34.2400016784668,34.2400016784668,68679
2026-06-03 13:15:00,34.31999969482422,34.439998626708984,34.31999969482422,34.400001525878906,37999
2026-06-03 13:30:00,34.29999923706055,34.41999816894531,34.279998779296875,34.31999969482422,59646
2026-06-03 13:45:00,34.279998779296875,34.400001525878906,34.279998779296875,34.29999923706055,113794
2026-06-03 14:00:00,34.58000183105469,34.70000076293945,34.29999923706055,34.29999923706055,246529
2026-06-03 14:15:00,34.41999816894531,34.68000030517578,34.400001525878906,34.58000183105469,361882
2026-06-03 14:30:00,34.41999816894531,34.619998931884766,34.36000061035156,34.400001525878906,127975
2026-06-03 14:45:00,34.400001525878906,34.52000045776367,34.380001068115234,34.439998626708984,141691
2026-06-03 15:00:00,34.400001525878906,34.619998931884766,34.34000015258789,34.400001525878906,191401
2026-06-03 15:15:00,34.31999969482422,34.41999816894531,34.279998779296875,34.400001525878906,58758
2026-06-03 15:30:00,34.279998779296875,34.29999923706055,34.2400016784668,34.279998779296875,38696
2026-06-03 15:45:00,34.2599983215332,34.36000061035156,34.2400016784668,34.2400016784668,42748
2026-06-03 16:00:00,34.2599983215332,34.29999923706055,34.20000076293945,34.2599983215332,88459
2026-06-03 16:15:00,34.08000183105469,34.279998779296875,34.02000045776367,34.2599983215332,202298
2026-06-03 16:30:00,33.84000015258789,34.08000183105469,33.79999923706055,34.060001373291016,180670
2026-06-03 16:45:00,33.81999969482422,33.86000061035156,33.68000030517578,33.84000015258789,137324
2026-06-03 17:00:00,33.79999923706055,33.900001525878906,33.70000076293945,33.81999969482422,161561
2026-06-03 17:15:00,33.52000045776367,33.79999923706055,33.459999084472656,33.79999923706055,554128
2026-06-03 17:30:00,33.380001068115234,33.619998931884766,33.2599983215332,33.52000045776367,377614
2026-06-03 17:45:00,33.400001525878906,33.400001525878906,33.29999923706055,33.36000061035156,214171
2026-06-04 09:45:00,33.65999984741211,33.65999984741211,33.65999984741211,33.65999984741211,0
2026-06-04 10:00:00,33.720001220703125,33.880001068115234,33.63999938964844,33.65999984741211,300269
2026-06-04 10:15:00,33.65999984741211,34.29999923706055,33.63999938964844,33.7599983215332,340715
2026-06-04 10:30:00,33.20000076293945,33.7400016784668,33.18000030517578,33.65999984741211,568860
2026-06-04 10:45:00,32.97999954223633,33.220001220703125,32.86000061035156,33.18000030517578,451138
2026-06-04 11:00:00,32.52000045776367,32.959999084472656,32.47999954223633,32.959999084472656,549550
2026-06-04 11:15:00,32.29999923706055,32.560001373291016,32.08000183105469,32.52000045776367,620015
2026-06-04 11:30:00,32.36000061035156,32.41999816894531,32.20000076293945,32.29999923706055,222544
2026-06-04 11:45:00,32.2599983215332,32.380001068115234,32.2599983215332,32.380001068115234,96472
2026-06-04 12:00:00,32.31999969482422,32.41999816894531,32.2400016784668,32.2599983215332,142155
2026-06-04 12:15:00,32.400001525878906,32.41999816894531,32.220001220703125,32.31999969482422,235069
2026-06-04 12:30:00,32.34000015258789,32.52000045776367,32.279998779296875,32.41999816894531,469212
2026-06-04 12:45:00,32.400001525878906,32.459999084472656,32.34000015258789,32.34000015258789,96960
2026-06-04 13:00:00,32.13999938964844,32.380001068115234,32.060001373291016,32.380001068115234,808153
2026-06-04 13:15:00,32.08000183105469,32.20000076293945,32.060001373291016,32.15999984741211,546468
2026-06-04 13:30:00,32.099998474121094,32.18000030517578,32.08000183105469,32.08000183105469,150157
2026-06-04 13:45:00,31.979999542236328,32.13999938964844,31.979999542236328,32.08000183105469,468673
2026-06-04 14:00:00,32.08000183105469,32.08000183105469,31.860000610351562,32.0,185144
2026-06-04 14:15:00,32.099998474121094,32.13999938964844,32.02000045776367,32.08000183105469,96119
2026-06-04 14:30:00,31.959999084472656,32.13999938964844,31.68000030517578,32.099998474121094,500776
2026-06-04 14:45:00,32.15999984741211,32.18000030517578,31.920000076293945,31.959999084472656,128264
2026-06-04 15:00:00,32.31999969482422,32.34000015258789,32.13999938964844,32.18000030517578,267878
2026-06-04 15:15:00,32.279998779296875,32.599998474121094,32.18000030517578,32.31999969482422,303132
2026-06-04 15:30:00,32.220001220703125,32.31999969482422,32.20000076293945,32.29999923706055,55298
2026-06-04 15:45:00,32.2599983215332,32.31999969482422,32.220001220703125,32.220001220703125,50870
2026-06-04 16:00:00,32.279998779296875,32.31999969482422,32.2400016784668,32.2599983215332,70856
2026-06-04 16:15:00,32.20000076293945,32.279998779296875,32.18000030517578,32.2599983215332,67133
2026-06-04 16:30:00,31.979999542236328,32.2400016784668,31.700000762939453,32.20000076293945,275705
2026-06-04 16:45:00,32.08000183105469,32.13999938964844,31.959999084472656,31.979999542236328,151008
2026-06-04 17:00:00,32.119998931884766,32.2400016784668,32.08000183105469,32.08000183105469,110138
2026-06-04 17:15:00,32.70000076293945,32.779998779296875,32.099998474121094,32.119998931884766,611443
2026-06-04 17:30:00,32.720001220703125,32.81999969482422,32.65999984741211,32.720001220703125,481737
2026-06-04 17:45:00,32.84000015258789,32.84000015258789,32.619998931884766,32.720001220703125,282835
2026-06-05 09:45:00,32.900001525878906,32.900001525878906,32.900001525878906,32.900001525878906,0
2026-06-05 10:00:00,31.959999084472656,32.900001525878906,31.899999618530273,32.900001525878906,1364523
2026-06-05 10:15:00,31.860000610351562,32.0,31.760000228881836,31.979999542236328,503739
2026-06-05 10:30:00,31.739999771118164,32.2599983215332,31.700000762939453,31.84000015258789,321068
2026-06-05 10:45:00,31.780000686645508,31.860000610351562,31.739999771118164,31.760000228881836,178978
2026-06-05 11:00:00,31.579999923706055,31.799999237060547,31.559999465942383,31.760000228881836,466103
2026-06-05 11:15:00,31.719999313354492,31.739999771118164,31.520000457763672,31.559999465942383,318356
2026-06-05 11:30:00,32.060001373291016,32.13999938964844,31.739999771118164,31.739999771118164,603798
2026-06-05 11:45:00,32.29999923706055,32.34000015258789,32.02000045776367,32.040000915527344,429055
2026-06-05 12:00:00,32.18000030517578,32.47999954223633,32.060001373291016,32.31999969482422,351064
2026-06-05 12:15:00,32.380001068115234,32.58000183105469,32.099998474121094,32.13999938964844,590654
2026-06-05 12:30:00,32.36000061035156,32.52000045776367,32.36000061035156,32.36000061035156,496782
2026-06-05 12:45:00,32.439998626708984,32.5,32.34000015258789,32.380001068115234,169424
2026-06-05 13:00:00,32.400001525878906,32.47999954223633,32.400001525878906,32.41999816894531,55889
2026-06-05 13:15:00,32.400001525878906,32.459999084472656,32.380001068115234,32.400001525878906,121918
2026-06-05 13:30:00,32.619998931884766,32.619998931884766,32.380001068115234,32.400001525878906,116537
2026-06-05 13:45:00,32.540000915527344,32.63999938964844,32.52000045776367,32.619998931884766,65945
2026-06-05 14:00:00,32.599998474121094,32.7400016784668,32.52000045776367,32.58000183105469,215176
2026-06-05 14:15:00,32.599998474121094,32.65999984741211,32.52000045776367,32.58000183105469,116914
2026-06-05 14:30:00,32.599998474121094,32.63999938964844,32.58000183105469,32.58000183105469,82393
2026-06-05 14:45:00,32.599998474121094,32.619998931884766,32.52000045776367,32.599998474121094,104389
2026-06-05 15:00:00,32.5,32.599998474121094,32.47999954223633,32.560001373291016,66566
2026-06-05 15:15:00,32.58000183105469,32.63999938964844,32.400001525878906,32.52000045776367,165889
2026-06-05 15:30:00,32.63999938964844,32.65999984741211,32.540000915527344,32.599998474121094,110863
2026-06-05 15:45:00,32.560001373291016,32.63999938964844,32.47999954223633,32.599998474121094,346349
2026-06-05 16:00:00,32.68000030517578,32.79999923706055,32.560001373291016,32.58000183105469,164918
2026-06-05 16:15:00,32.599998474121094,32.779998779296875,32.599998474121094,32.68000030517578,157265
2026-06-05 16:30:00,32.58000183105469,32.63999938964844,32.560001373291016,32.58000183105469,109143
2026-06-05 16:45:00,32.560001373291016,32.619998931884766,32.52000045776367,32.58000183105469,205930
2026-06-05 17:00:00,32.58000183105469,32.619998931884766,32.540000915527344,32.560001373291016,120438
2026-06-05 17:15:00,32.599998474121094,32.65999984741211,32.52000045776367,32.560001373291016,166955
2026-06-05 17:30:00,32.599998474121094,32.65999984741211,32.540000915527344,32.58000183105469,203665
2026-06-05 17:45:00,32.7400016784668,32.7400016784668,32.540000915527344,32.58000183105469,213985
2026-06-08 09:45:00,31.81999969482422,31.81999969482422,31.81999969482422,31.81999969482422,0
2026-06-08 10:00:00,32.040000915527344,32.08000183105469,31.700000762939453,32.0,238336
2026-06-08 10:15:00,31.979999542236328,32.15999984741211,31.68000030517578,32.02000045776367,330695
2026-06-08 10:30:00,32.36000061035156,32.5,31.979999542236328,31.979999542236328,353158
2026-06-08 10:45:00,32.459999084472656,32.619998931884766,32.34000015258789,32.380001068115234,137630
2026-06-08 11:00:00,32.36000061035156,32.540000915527344,32.34000015258789,32.47999954223633,40303
2026-06-08 11:15:00,32.439998626708984,32.459999084472656,32.31999969482422,32.36000061035156,47123
2026-06-08 11:30:00,32.380001068115234,32.47999954223633,32.34000015258789,32.439998626708984,39683
2026-06-08 11:45:00,32.31999969482422,32.380001068115234,32.2400016784668,32.380001068115234,101586
2026-06-08 12:00:00,32.400001525878906,32.400001525878906,32.2599983215332,32.31999969482422,60498
2026-06-08 12:15:00,32.31999969482422,32.41999816894531,32.31999969482422,32.400001525878906,41319
2026-06-08 12:30:00,32.400001525878906,32.439998626708984,32.29999923706055,32.36000061035156,46877
2026-06-08 12:45:00,32.36000061035156,32.41999816894531,32.29999923706055,32.380001068115234,23674
2026-06-08 13:00:00,32.36000061035156,32.41999816894531,32.279998779296875,32.34000015258789,72114
2026-06-08 13:15:00,32.34000015258789,32.380001068115234,32.279998779296875,32.36000061035156,35683
2026-06-08 13:30:00,32.439998626708984,32.5,32.36000061035156,32.36000061035156,12492
2026-06-08 13:45:00,32.459999084472656,32.52000045776367,32.41999816894531,32.459999084472656,20288
2026-06-08 14:00:00,32.65999984741211,32.65999984741211,32.41999816894531,32.439998626708984,55510
2026-06-08 14:15:00,32.84000015258789,32.84000015258789,32.599998474121094,32.65999984741211,89333
2026-06-08 14:30:00,32.7400016784668,32.939998626708984,32.68000030517578,32.84000015258789,87267
2026-06-08 14:45:00,32.7400016784668,32.7599983215332,32.70000076293945,32.7400016784668,40074
2026-06-08 15:00:00,32.720001220703125,32.86000061035156,32.720001220703125,32.7599983215332,38553
2026-06-08 15:15:00,32.779998779296875,32.779998779296875,32.68000030517578,32.720001220703125,38527
2026-06-08 15:30:00,32.81999969482422,32.84000015258789,32.7400016784668,32.79999923706055,66672
2026-06-08 15:45:00,32.900001525878906,32.900001525878906,32.779998779296875,32.81999969482422,52416
2026-06-08 16:00:00,33.02000045776367,33.02000045776367,32.81999969482422,32.900001525878906,108818
2026-06-08 16:15:00,33.02000045776367,33.060001373291016,32.939998626708984,33.0,186024
2026-06-08 16:30:00,33.040000915527344,33.119998931884766,32.97999954223633,33.02000045776367,131072
2026-06-08 16:45:00,32.900001525878906,33.040000915527344,32.84000015258789,33.040000915527344,169074
2026-06-08 17:00:00,33.08000183105469,33.08000183105469,32.91999816894531,32.91999816894531,57067
2026-06-08 17:15:00,33.0,33.119998931884766,32.959999084472656,33.08000183105469,75532
2026-06-08 17:30:00,33.02000045776367,33.119998931884766,32.97999954223633,33.0,156363
2026-06-08 17:45:00,33.02000045776367,33.13999938964844,32.959999084472656,33.02000045776367,236519
2026-06-09 09:45:00,33.040000915527344,33.040000915527344,33.040000915527344,33.040000915527344,0
2026-06-09 10:00:00,33.29999923706055,33.380001068115234,33.0,33.040000915527344,150136
2026-06-09 10:15:00,33.400001525878906,33.540000915527344,33.2599983215332,33.34000015258789,120602
2026-06-09 10:30:00,33.52000045776367,33.58000183105469,33.380001068115234,33.400001525878906,178465
2026-06-09 10:45:00,33.41999816894531,33.619998931884766,33.400001525878906,33.5,123604
2026-06-09 11:00:00,33.34000015258789,33.459999084472656,33.2599983215332,33.41999816894531,65051
2026-06-09 11:15:00,33.380001068115234,33.380001068115234,33.279998779296875,33.29999923706055,52863
2026-06-09 11:30:00,33.380001068115234,33.5,33.29999923706055,33.400001525878906,53312
2026-06-09 11:45:00,33.599998474121094,33.599998474121094,33.31999969482422,33.31999969482422,65550
2026-06-09 12:00:00,33.63999938964844,33.70000076293945,33.540000915527344,33.599998474121094,57360
2026-06-09 12:15:00,33.63999938964844,33.70000076293945,33.58000183105469,33.63999938964844,35899
2026-06-09 12:30:00,33.47999954223633,33.68000030517578,33.380001068115234,33.63999938964844,52574
2026-06-09 12:45:00,33.41999816894531,33.47999954223633,33.380001068115234,33.47999954223633,28187
2026-06-09 13:00:00,33.459999084472656,33.47999954223633,33.36000061035156,33.41999816894531,21095
2026-06-09 13:15:00,33.34000015258789,33.459999084472656,33.29999923706055,33.459999084472656,71460
2026-06-09 13:30:00,33.08000183105469,33.34000015258789,33.08000183105469,33.34000015258789,91095
2026-06-09 13:45:00,33.13999938964844,33.2400016784668,33.08000183105469,33.13999938964844,90539
2026-06-09 14:00:00,33.15999984741211,33.20000076293945,33.13999938964844,33.15999984741211,25960
2026-06-09 14:15:00,33.02000045776367,33.15999984741211,33.0,33.15999984741211,107314
2026-06-09 14:30:00,32.86000061035156,33.040000915527344,32.86000061035156,33.040000915527344,115366
2026-06-09 14:45:00,32.7400016784668,32.939998626708984,32.7400016784668,32.91999816894531,126126
2026-06-09 15:00:00,32.7400016784668,32.79999923706055,32.720001220703125,32.7400016784668,39080
2026-06-09 15:15:00,32.7599983215332,32.84000015258789,32.65999984741211,32.779998779296875,59479
2026-06-09 15:30:00,32.7400016784668,32.79999923706055,32.68000030517578,32.779998779296875,41927
2026-06-09 15:45:00,32.720001220703125,32.7599983215332,32.619998931884766,32.7400016784668,53373
2026-06-09 16:00:00,32.779998779296875,32.84000015258789,32.65999984741211,32.7599983215332,65607
2026-06-09 16:15:00,32.880001068115234,32.900001525878906,32.779998779296875,32.79999923706055,45364
2026-06-09 16:30:00,32.79999923706055,32.900001525878906,32.779998779296875,32.880001068115234,15826
2026-06-09 16:45:00,32.65999984741211,33.040000915527344,32.65999984741211,32.79999923706055,130841
2026-06-09 17:00:00,32.7599983215332,32.939998626708984,32.70000076293945,32.70000076293945,78748
2026-06-09 17:15:00,32.79999923706055,32.86000061035156,32.7400016784668,32.79999923706055,24634
2026-06-09 17:30:00,32.7599983215332,32.84000015258789,32.7599983215332,32.81999969482422,13308
2026-06-09 17:45:00,32.81999969482422,32.880001068115234,32.720001220703125,32.779998779296875,88227
2026-06-10 09:45:00,32.599998474121094,32.599998474121094,32.599998474121094,32.599998474121094,0
2026-06-10 10:00:00,32.619998931884766,32.65999984741211,32.220001220703125,32.58000183105469,89342
2026-06-10 10:15:00,32.63999938964844,32.70000076293945,32.52000045776367,32.619998931884766,76575
2026-06-10 10:30:00,32.29999923706055,32.68000030517578,32.29999923706055,32.65999984741211,95690
2026-06-10 10:45:00,32.380001068115234,32.400001525878906,32.29999923706055,32.34000015258789,71804
2026-06-10 11:00:00,32.31999969482422,32.400001525878906,32.29999923706055,32.34000015258789,92582
2026-06-10 11:15:00,32.41999816894531,32.5,32.20000076293945,32.29999923706055,145991
2026-06-10 11:30:00,32.31999969482422,32.459999084472656,32.29999923706055,32.380001068115234,23588
2026-06-10 11:45:00,32.18000030517578,32.36000061035156,32.15999984741211,32.279998779296875,87761
2026-06-10 12:00:00,32.15999984741211,32.2400016784668,32.099998474121094,32.15999984741211,131308
2026-06-10 12:15:00,32.2599983215332,32.2599983215332,32.119998931884766,32.13999938964844,57614
2026-06-10 12:30:00,32.20000076293945,32.279998779296875,32.20000076293945,32.2400016784668,29031
2026-06-10 12:45:00,32.220001220703125,32.2599983215332,32.18000030517578,32.20000076293945,41624
2026-06-10 13:00:00,32.18000030517578,32.2400016784668,32.13999938964844,32.20000076293945,28988
2026-06-10 13:15:00,32.18000030517578,32.2400016784668,32.15999984741211,32.18000030517578,22692
2026-06-10 13:30:00,32.220001220703125,32.2400016784668,32.15999984741211,32.15999984741211,31808
2026-06-10 13:45:00,32.119998931884766,32.2400016784668,32.02000045776367,32.20000076293945,74713
2026-06-10 14:00:00,32.040000915527344,32.18000030517578,32.02000045776367,32.15999984741211,75823
2026-06-10 14:15:00,32.040000915527344,32.13999938964844,32.02000045776367,32.040000915527344,32827
2026-06-10 14:30:00,32.18000030517578,32.220001220703125,31.979999542236328,32.02000045776367,91814
2026-06-10 14:45:00,32.18000030517578,32.2400016784668,32.119998931884766,32.15999984741211,96152
2026-06-10 15:00:00,32.18000030517578,32.20000076293945,32.099998474121094,32.13999938964844,29200
2026-06-10 15:15:00,32.18000030517578,32.18000030517578,32.099998474121094,32.119998931884766,27160
2026-06-10 15:30:00,32.29999923706055,32.36000061035156,32.13999938964844,32.13999938964844,89854
2026-06-10 15:45:00,32.2599983215332,32.400001525878906,32.20000076293945,32.2400016784668,43803
2026-06-10 16:00:00,32.2599983215332,32.279998779296875,32.15999984741211,32.220001220703125,35301
2026-06-10 16:15:00,32.2599983215332,32.2599983215332,32.15999984741211,32.20000076293945,37012
2026-06-10 16:30:00,32.400001525878906,32.400001525878906,32.15999984741211,32.220001220703125,125214
2026-06-10 16:45:00,32.36000061035156,32.5,32.31999969482422,32.380001068115234,78506
2026-06-10 17:00:00,32.36000061035156,32.439998626708984,32.34000015258789,32.36000061035156,41313
2026-06-10 17:15:00,32.400001525878906,32.47999954223633,32.34000015258789,32.34000015258789,65238
2026-06-10 17:30:00,32.5,32.5,32.34000015258789,32.36000061035156,90828
2026-06-10 17:45:00,32.31999969482422,32.5,32.31999969482422,32.439998626708984,83181
2026-06-11 09:45:00,32.20000076293945,32.20000076293945,32.20000076293945,32.20000076293945,0
2026-06-11 10:00:00,32.400001525878906,32.400001525878906,32.18000030517578,32.279998779296875,48860
2026-06-11 10:15:00,32.68000030517578,32.68000030517578,32.29999923706055,32.380001068115234,100654
2026-06-11 10:30:00,32.599998474121094,32.65999984741211,32.540000915527344,32.619998931884766,28763
2026-06-11 10:45:00,32.65999984741211,32.65999984741211,32.5,32.65999984741211,53785
2026-06-11 11:00:00,32.58000183105469,32.779998779296875,32.540000915527344,32.65999984741211,122105
2026-06-11 11:15:00,32.52000045776367,32.619998931884766,32.5,32.540000915527344,56941
2026-06-11 11:30:00,32.540000915527344,32.599998474121094,32.47999954223633,32.5,14830
2026-06-11 11:45:00,32.47999954223633,32.58000183105469,32.459999084472656,32.52000045776367,27874
2026-06-11 12:00:00,32.459999084472656,32.5,32.380001068115234,32.459999084472656,41847
2026-06-11 12:15:00,32.400001525878906,32.5,32.380001068115234,32.41999816894531,43493
2026-06-11 12:30:00,32.2599983215332,32.400001525878906,32.20000076293945,32.36000061035156,132293
2026-06-11 12:45:00,32.31999969482422,32.34000015258789,32.2599983215332,32.29999923706055,30854
2026-06-11 13:00:00,32.20000076293945,32.34000015258789,32.20000076293945,32.279998779296875,33499
2026-06-11 13:15:00,32.279998779296875,32.279998779296875,32.220001220703125,32.279998779296875,14642
2026-06-11 13:30:00,32.439998626708984,32.459999084472656,32.220001220703125,32.2400016784668,27913
2026-06-11 13:45:00,32.439998626708984,32.47999954223633,32.380001068115234,32.439998626708984,33370
2026-06-11 14:00:00,32.400001525878906,32.540000915527344,32.34000015258789,32.41999816894531,103152
2026-06-11 14:15:00,32.599998474121094,32.599998474121094,32.34000015258789,32.400001525878906,52219
2026-06-11 14:30:00,32.41999816894531,32.619998931884766,32.380001068115234,32.58000183105469,76251
2026-06-11 14:45:00,32.29999923706055,32.439998626708984,32.2400016784668,32.41999816894531,49538
2026-06-11 15:00:00,32.31999969482422,32.380001068115234,32.29999923706055,32.36000061035156,17668
2026-06-11 15:15:00,32.15999984741211,32.31999969482422,32.13999938964844,32.31999969482422,143889
2026-06-11 15:30:00,31.979999542236328,32.15999984741211,31.920000076293945,32.15999984741211,121302
2026-06-11 15:45:00,31.959999084472656,32.099998474121094,31.920000076293945,31.979999542236328,79425
2026-06-11 16:00:00,32.0,32.0,31.899999618530273,31.940000534057617,29779
2026-06-11 16:15:00,31.8799991607666,31.979999542236328,31.81999969482422,31.979999542236328,30070
2026-06-11 16:30:00,32.099998474121094,32.099998474121094,31.899999618530273,31.899999618530273,36075
2026-06-11 16:45:00,32.040000915527344,32.15999984741211,32.0,32.099998474121094,61339
2026-06-11 17:00:00,31.899999618530273,32.13999938964844,31.899999618530273,32.0,69815
2026-06-11 17:15:00,32.0,32.040000915527344,31.899999618530273,31.940000534057617,18542
2026-06-11 17:30:00,32.119998931884766,32.18000030517578,31.940000534057617,32.0,63248
2026-06-11 17:45:00,32.279998779296875,32.29999923706055,32.040000915527344,32.099998474121094,210191
2026-06-12 09:45:00,33.0,33.0,33.0,33.0,0
2026-06-12 10:00:00,32.81999969482422,33.099998474121094,32.720001220703125,32.959999084472656,238974
2026-06-12 10:15:00,32.7400016784668,32.900001525878906,32.7400016784668,32.81999969482422,61941
2026-06-12 10:30:00,32.7400016784668,32.86000061035156,32.720001220703125,32.7599983215332,47031
2026-06-12 10:45:00,32.900001525878906,32.939998626708984,32.720001220703125,32.7599983215332,65781
2026-06-12 11:00:00,33.31999969482422,33.47999954223633,32.880001068115234,32.900001525878906,202149
2026-06-12 11:15:00,33.31999969482422,33.41999816894531,33.220001220703125,33.31999969482422,161975
2026-06-12 11:30:00,33.2599983215332,33.36000061035156,33.220001220703125,33.31999969482422,76570
2026-06-12 11:45:00,33.29999923706055,33.36000061035156,33.2400016784668,33.2599983215332,53571
2026-06-12 12:00:00,33.439998626708984,33.5,33.279998779296875,33.29999923706055,112454
2026-06-12 12:15:00,33.63999938964844,33.65999984741211,33.41999816894531,33.439998626708984,325283
2026-06-12 12:30:00,34.040000915527344,34.08000183105469,33.619998931884766,33.619998931884766,615713
2026-06-12 12:45:00,33.58000183105469,34.060001373291016,33.58000183105469,34.040000915527344,139470
2026-06-12 13:00:00,33.52000045776367,33.720001220703125,33.47999954223633,33.58000183105469,100725
2026-06-12 13:15:00,33.34000015258789,33.560001373291016,33.34000015258789,33.540000915527344,44051
2026-06-12 13:30:00,33.459999084472656,33.5,33.31999969482422,33.34000015258789,24159
2026-06-12 13:45:00,33.599998474121094,33.86000061035156,33.41999816894531,33.47999954223633,49772
2026-06-12 14:00:00,33.599998474121094,33.619998931884766,33.540000915527344,33.599998474121094,19700
2026-06-12 14:15:00,33.439998626708984,33.599998474121094,33.439998626708984,33.599998474121094,57057
2026-06-12 14:30:00,33.439998626708984,33.459999084472656,33.36000061035156,33.439998626708984,21787
2026-06-12 14:45:00,33.560001373291016,33.58000183105469,33.380001068115234,33.439998626708984,51932
2026-06-12 15:00:00,33.560001373291016,33.68000030517578,33.5,33.560001373291016,50948
2026-06-12 15:15:00,33.58000183105469,33.619998931884766,33.52000045776367,33.560001373291016,6363
2026-06-12 15:30:00,33.52000045776367,33.599998474121094,33.52000045776367,33.58000183105469,21714
2026-06-12 15:45:00,33.400001525878906,33.540000915527344,33.34000015258789,33.52000045776367,55246
2026-06-12 16:00:00,33.13999938964844,33.400001525878906,33.13999938964844,33.380001068115234,80729
2026-06-12 16:15:00,33.36000061035156,33.36000061035156,33.099998474121094,33.15999984741211,99858
2026-06-12 16:30:00,33.0,33.36000061035156,32.959999084472656,33.36000061035156,135483
2026-06-12 16:45:00,32.91999816894531,33.13999938964844,32.7599983215332,32.97999954223633,136213
2026-06-12 17:00:00,32.939998626708984,33.119998931884766,32.900001525878906,32.91999816894531,141508
2026-06-12 17:15:00,33.0,33.099998474121094,32.939998626708984,32.939998626708984,94201
2026-06-12 17:30:00,33.02000045776367,33.099998474121094,32.97999954223633,33.0,74977
2026-06-12 17:45:00,33.2599983215332,33.29999923706055,33.0,33.040000915527344,209458
2026-06-15 09:45:00,34.20000076293945,34.20000076293945,34.20000076293945,34.20000076293945,0
2026-06-15 10:00:00,34.220001220703125,34.31999969482422,33.939998626708984,34.18000030517578,538993
2026-06-15 10:15:00,34.099998474121094,34.31999969482422,34.040000915527344,34.220001220703125,184896
2026-06-15 10:30:00,34.20000076293945,34.2400016784668,34.099998474121094,34.099998474121094,70282
2026-06-15 10:45:00,34.13999938964844,34.29999923706055,34.119998931884766,34.15999984741211,72113
2026-06-15 11:00:00,34.02000045776367,34.15999984741211,33.959999084472656,34.099998474121094,93848
2026-06-15 11:15:00,33.959999084472656,34.0,33.900001525878906,34.0,42562
2026-06-15 11:30:00,34.02000045776367,34.099998474121094,33.939998626708984,34.0,71496
2026-06-15 11:45:00,34.02000045776367,34.08000183105469,34.0,34.02000045776367,29070
2026-06-15 12:00:00,34.060001373291016,34.119998931884766,34.0,34.02000045776367,29939
2026-06-15 12:15:00,34.040000915527344,34.060001373291016,33.959999084472656,34.060001373291016,22248
2026-06-15 12:30:00,34.099998474121094,34.099998474121094,34.02000045776367,34.040000915527344,32739
2026-06-15 12:45:00,34.099998474121094,34.15999984741211,34.08000183105469,34.119998931884766,115348
2026-06-15 13:00:00,34.060001373291016,34.15999984741211,34.0,34.060001373291016,105612
2026-06-15 13:15:00,34.08000183105469,34.15999984741211,34.060001373291016,34.060001373291016,46394
2026-06-15 13:30:00,34.18000030517578,34.20000076293945,34.099998474121094,34.119998931884766,78578
2026-06-15 13:45:00,34.2599983215332,34.2599983215332,34.13999938964844,34.13999938964844,61208
2026-06-15 14:00:00,34.2599983215332,34.29999923706055,34.20000076293945,34.220001220703125,91941
2026-06-15 14:15:00,34.279998779296875,34.29999923706055,34.20000076293945,34.279998779296875,41529
2026-06-15 14:30:00,34.540000915527344,34.540000915527344,34.279998779296875,34.279998779296875,1117379
2026-06-15 14:45:00,34.439998626708984,34.540000915527344,34.380001068115234,34.540000915527344,230827
2026-06-15 15:00:00,34.41999816894531,34.47999954223633,34.41999816894531,34.439998626708984,43609
2026-06-15 15:15:00,34.459999084472656,34.459999084472656,34.380001068115234,34.41999816894531,61692
2026-06-15 15:30:00,34.5,34.540000915527344,34.41999816894531,34.439998626708984,100242
2026-06-15 15:45:00,34.459999084472656,34.5,34.400001525878906,34.47999954223633,28726
2026-06-15 16:00:00,34.400001525878906,34.47999954223633,34.380001068115234,34.41999816894531,68694
2026-06-15 16:15:00,34.36000061035156,34.41999816894531,34.31999969482422,34.400001525878906,87268
2026-06-15 16:30:00,34.279998779296875,34.380001068115234,34.220001220703125,34.380001068115234,128190
2026-06-15 16:45:00,34.31999969482422,34.34000015258789,34.2400016784668,34.2400016784668,98812
2026-06-15 17:00:00,34.29999923706055,34.34000015258789,34.2400016784668,34.31999969482422,53556
2026-06-15 17:15:00,34.380001068115234,34.52000045776367,34.279998779296875,34.31999969482422,149669
2026-06-15 17:30:00,34.2400016784668,34.400001525878906,34.2400016784668,34.380001068115234,98798
2026-06-15 17:45:00,34.29999923706055,34.400001525878906,34.15999984741211,34.2400016784668,230879
2026-06-16 09:45:00,34.47999954223633,34.47999954223633,34.47999954223633,34.47999954223633,0
2026-06-16 10:00:00,34.34000015258789,34.47999954223633,34.15999984741211,34.29999923706055,269970
2026-06-16 10:15:00,34.29999923706055,34.5,34.2599983215332,34.34000015258789,120200
2026-06-16 10:30:00,33.959999084472656,34.29999923706055,33.900001525878906,34.29999923706055,184630
2026-06-16 10:45:00,33.97999954223633,34.119998931884766,33.939998626708984,33.959999084472656,232652
2026-06-16 11:00:00,34.0,34.060001373291016,33.900001525878906,33.97999954223633,120065
2026-06-16 11:15:00,33.84000015258789,34.02000045776367,33.79999923706055,34.0,146168
2026-06-16 11:30:00,33.900001525878906,33.939998626708984,33.81999969482422,33.84000015258789,61628
2026-06-16 11:45:00,33.959999084472656,33.97999954223633,33.880001068115234,33.900001525878906,37661
2026-06-16 12:00:00,34.08000183105469,34.08000183105469,33.939998626708984,33.959999084472656,45213
2026-06-16 12:15:00,34.040000915527344,34.08000183105469,33.959999084472656,34.08000183105469,123424
2026-06-16 12:30:00,34.060001373291016,34.08000183105469,33.959999084472656,34.040000915527344,36743
2026-06-16 12:45:00,34.0,34.08000183105469,33.959999084472656,34.08000183105469,35187
2026-06-16 13:00:00,34.15999984741211,34.220001220703125,33.880001068115234,33.97999954223633,160037
2026-06-16 13:15:00,34.13999938964844,34.18000030517578,34.040000915527344,34.15999984741211,75427
2026-06-16 13:30:00,34.099998474121094,34.119998931884766,34.060001373291016,34.119998931884766,14626
2026-06-16 13:45:00,34.08000183105469,34.13999938964844,34.060001373291016,34.08000183105469,16649
2026-06-16 14:00:00,34.119998931884766,34.15999984741211,34.08000183105469,34.119998931884766,37982
2026-06-16 14:15:00,34.02000045776367,34.119998931884766,33.97999954223633,34.08000183105469,130706
2026-06-16 14:30:00,33.91999816894531,34.02000045776367,33.86000061035156,33.97999954223633,100557
2026-06-16 14:45:00,33.81999969482422,33.939998626708984,33.7400016784668,33.939998626708984,106191
2026-06-16 15:00:00,34.0,34.15999984741211,33.7599983215332,33.86000061035156,122941
2026-06-16 15:15:00,33.81999969482422,33.97999954223633,33.7599983215332,33.939998626708984,96364
2026-06-16 15:30:00,34.0,34.040000915527344,33.81999969482422,33.84000015258789,54039
2026-06-16 15:45:00,34.040000915527344,34.060001373291016,33.91999816894531,33.97999954223633,94660
2026-06-16 16:00:00,34.060001373291016,34.099998474121094,34.0,34.040000915527344,94160
2026-06-16 16:15:00,34.099998474121094,34.119998931884766,34.0,34.060001373291016,44050
2026-06-16 16:30:00,34.099998474121094,34.220001220703125,34.0,34.099998474121094,77332
2026-06-16 16:45:00,34.060001373291016,34.13999938964844,34.02000045776367,34.119998931884766,69051
2026-06-16 17:00:00,33.97999954223633,34.08000183105469,33.959999084472656,34.060001373291016,51178
2026-06-16 17:15:00,34.060001373291016,34.18000030517578,33.939998626708984,33.939998626708984,238220
2026-06-16 17:30:00,33.97999954223633,34.119998931884766,33.97999954223633,34.060001373291016,105930
2026-06-16 17:45:00,34.099998474121094,34.2599983215332,33.97999954223633,34.0,390337
2026-06-17 09:45:00,34.2599983215332,34.2599983215332,34.2599983215332,34.2599983215332,0
2026-06-17 10:00:00,34.099998474121094,34.41999816894531,34.099998474121094,34.29999923706055,204821
2026-06-17 10:15:00,34.060001373291016,34.18000030517578,34.02000045776367,34.099998474121094,84494
2026-06-17 10:30:00,34.13999938964844,34.18000030517578,34.0,34.060001373291016,35714
2026-06-17 10:45:00,34.040000915527344,34.29999923706055,34.02000045776367,34.18000030517578,104889
2026-06-17 11:00:00,34.02000045776367,34.099998474121094,33.959999084472656,34.040000915527344,94516
2026-06-17 11:15:00,33.939998626708984,34.040000915527344,33.900001525878906,34.0,76942
2026-06-17 11:30:00,33.84000015258789,33.939998626708984,33.81999969482422,33.939998626708984,85251
2026-06-17 11:45:00,33.86000061035156,33.939998626708984,33.81999969482422,33.86000061035156,83819
2026-06-17 12:00:00,33.959999084472656,33.959999084472656,33.86000061035156,33.86000061035156,62791
2026-06-17 12:15:00,33.939998626708984,33.939998626708984,33.880001068115234,33.91999816894531,44524
2026-06-17 12:30:00,33.880001068115234,33.939998626708984,33.880001068115234,33.900001525878906,56669
2026-06-17 12:45:00,33.900001525878906,33.939998626708984,33.880001068115234,33.91999816894531,45375
2026-06-17 13:00:00,33.880001068115234,33.959999084472656,33.880001068115234,33.880001068115234,31918
2026-06-17 13:15:00,33.880001068115234,33.91999816894531,33.86000061035156,33.900001525878906,30663
2026-06-17 13:30:00,33.86000061035156,34.0,33.84000015258789,33.86000061035156,48968
2026-06-17 13:45:00,33.79999923706055,33.880001068115234,33.79999923706055,33.880001068115234,61892
2026-06-17 14:00:00,33.720001220703125,33.81999969482422,33.70000076293945,33.81999969482422,105874
2026-06-17 14:15:00,33.619998931884766,33.720001220703125,33.599998474121094,33.720001220703125,93945
2026-06-17 14:30:00,33.599998474121094,33.65999984741211,33.5,33.65999984741211,56544
2026-06-17 14:45:00,33.560001373291016,33.599998474121094,33.52000045776367,33.58000183105469,41210
2026-06-17 15:00:00,33.560001373291016,33.65999984741211,33.560001373291016,33.599998474121094,27648
2026-06-17 15:15:00,33.52000045776367,33.599998474121094,33.5,33.560001373291016,59236
2026-06-17 15:30:00,33.5,33.560001373291016,33.5,33.540000915527344,37857
2026-06-17 15:45:00,33.560001373291016,33.560001373291016,33.5,33.5,56999
2026-06-17 16:00:00,34.02000045776367,34.20000076293945,33.5,33.560001373291016,291479
2026-06-17 16:15:00,34.040000915527344,34.099998474121094,34.0,34.02000045776367,301787
2026-06-17 16:30:00,33.97999954223633,34.040000915527344,33.97999954223633,34.02000045776367,87911
2026-06-17 16:45:00,33.84000015258789,34.060001373291016,33.84000015258789,33.97999954223633,88306
2026-06-17 17:00:00,33.84000015258789,33.880001068115234,33.79999923706055,33.81999969482422,68257
2026-06-17 17:15:00,33.86000061035156,33.880001068115234,33.7599983215332,33.86000061035156,49135
2026-06-17 17:30:00,33.880001068115234,33.97999954223633,33.84000015258789,33.84000015258789,38513
2026-06-17 17:45:00,33.79999923706055,33.91999816894531,33.7599983215332,33.900001525878906,177470
2026-06-18 09:45:00,33.400001525878906,33.400001525878906,33.400001525878906,33.400001525878906,0
2026-06-18 10:00:00,34.099998474121094,34.15999984741211,33.68000030517578,33.68000030517578,171625
2026-06-18 10:15:00,34.15999984741211,34.20000076293945,34.0,34.060001373291016,68544
2026-06-18 10:30:00,34.36000061035156,34.36000061035156,34.060001373291016,34.13999938964844,225695
2026-06-18 10:45:00,34.040000915527344,34.380001068115234,33.939998626708984,34.36000061035156,249555
2026-06-18 11:00:00,33.900001525878906,34.040000915527344,33.900001525878906,34.02000045776367,179393
2026-06-18 11:15:00,33.939998626708984,33.97999954223633,33.900001525878906,33.91999816894531,96178
2026-06-18 11:30:00,34.0,34.040000915527344,33.939998626708984,33.959999084472656,128937
2026-06-18 11:45:00,34.0,34.040000915527344,33.939998626708984,34.0,68318
2026-06-18 12:00:00,33.91999816894531,34.040000915527344,33.900001525878906,33.97999954223633,226164
2026-06-18 12:15:00,33.900001525878906,33.939998626708984,33.84000015258789,33.91999816894531,101504
2026-06-18 12:30:00,33.880001068115234,33.900001525878906,33.86000061035156,33.86000061035156,30153
2026-06-18 12:45:00,33.91999816894531,33.97999954223633,33.900001525878906,33.900001525878906,11312
2026-06-18 13:00:00,33.959999084472656,33.97999954223633,33.91999816894531,33.959999084472656,15142
2026-06-18 13:15:00,33.86000061035156,34.0,33.86000061035156,33.959999084472656,149771
2026-06-18 13:30:00,33.81999969482422,33.959999084472656,33.779998779296875,33.880001068115234,121803
2026-06-18 13:45:00,33.79999923706055,33.880001068115234,33.79999923706055,33.84000015258789,17734
2026-06-18 14:00:00,33.779998779296875,33.79999923706055,33.720001220703125,33.79999923706055,102793
2026-06-18 14:15:00,33.79999923706055,33.81999969482422,33.70000076293945,33.7400016784668,64647
2026-06-18 14:30:00,33.880001068115234,33.880001068115234,33.79999923706055,33.81999969482422,36619
2026-06-18 14:45:00,33.939998626708984,33.939998626708984,33.70000076293945,33.86000061035156,52031
2026-06-18 15:00:00,33.939998626708984,34.099998474121094,33.880001068115234,33.91999816894531,540016
2026-06-18 15:15:00,33.97999954223633,33.97999954223633,33.880001068115234,33.939998626708984,72546
2026-06-18 15:30:00,34.040000915527344,34.040000915527344,33.97999954223633,33.97999954223633,141698
2026-06-18 15:45:00,34.060001373291016,34.099998474121094,34.02000045776367,34.02000045776367,79723
2026-06-18 16:00:00,34.13999938964844,34.18000030517578,34.060001373291016,34.060001373291016,246008
2026-06-18 16:15:00,34.20000076293945,34.220001220703125,34.119998931884766,34.13999938964844,307292
2026-06-18 16:30:00,34.2400016784668,34.2400016784668,34.18000030517578,34.20000076293945,47615
2026-06-18 16:45:00,34.2599983215332,34.279998779296875,34.2400016784668,34.2400016784668,43947
2026-06-18 17:00:00,34.2400016784668,34.31999969482422,34.220001220703125,34.279998779296875,284817
2026-06-18 17:15:00,34.31999969482422,34.31999969482422,34.220001220703125,34.2400016784668,224304
2026-06-18 17:30:00,34.29999923706055,34.34000015258789,34.279998779296875,34.29999923706055,145160
2026-06-18 17:45:00,34.34000015258789,34.34000015258789,34.279998779296875,34.279998779296875,211805
2026-06-19 09:45:00,34.279998779296875,34.279998779296875,34.279998779296875,34.279998779296875,0
2026-06-19 10:00:00,34.119998931884766,34.279998779296875,33.880001068115234,34.279998779296875,514643
2026-06-19 10:15:00,34.060001373291016,34.20000076293945,33.939998626708984,34.119998931884766,684639
2026-06-19 10:30:00,34.08000183105469,34.099998474121094,34.0,34.060001373291016,57586
2026-06-19 10:45:00,34.02000045776367,34.099998474121094,34.0,34.060001373291016,77880
2026-06-19 11:00:00,34.040000915527344,34.119998931884766,34.0,34.02000045776367,100524
2026-06-19 11:15:00,34.040000915527344,34.13999938964844,34.0,34.060001373291016,88049
2026-06-19 11:30:00,34.040000915527344,34.119998931884766,34.02000045776367,34.040000915527344,46495
2026-06-19 11:45:00,34.119998931884766,34.119998931884766,34.040000915527344,34.040000915527344,27517
2026-06-19 12:00:00,34.08000183105469,34.119998931884766,34.060001373291016,34.08000183105469,36260
2026-06-19 12:15:00,34.08000183105469,34.119998931884766,34.060001373291016,34.099998474121094,25709
2026-06-19 12:30:00,34.0,34.119998931884766,34.0,34.099998474121094,39068
2026-06-19 12:45:00,34.02000045776367,34.08000183105469,34.0,34.02000045776367,35687
2026-06-19 13:00:00,34.02000045776367,34.060001373291016,34.0,34.02000045776367,48922
2026-06-19 13:15:00,34.099998474121094,34.15999984741211,33.97999954223633,34.0,60619
2026-06-19 13:30:00,33.880001068115234,34.15999984741211,33.81999969482422,34.119998931884766,485313
2026-06-19 13:45:00,33.79999923706055,33.880001068115234,33.779998779296875,33.880001068115234,93960
2026-06-19 14:00:00,33.880001068115234,33.939998626708984,33.7400016784668,33.79999923706055,104831
2026-06-19 14:15:00,33.81999969482422,33.900001525878906,33.81999969482422,33.86000061035156,99881
2026-06-19 14:30:00,33.84000015258789,33.900001525878906,33.79999923706055,33.81999969482422,91244
2026-06-19 14:45:00,33.81999969482422,33.86000061035156,33.79999923706055,33.81999969482422,33456
2026-06-19 15:00:00,33.81999969482422,33.880001068115234,33.79999923706055,33.81999969482422,27588
2026-06-19 15:15:00,33.900001525878906,33.939998626708984,33.84000015258789,33.84000015258789,54470
2026-06-19 15:30:00,33.81999969482422,33.91999816894531,33.7400016784668,33.91999816894531,247906
2026-06-19 15:45:00,33.880001068115234,33.97999954223633,33.779998779296875,33.84000015258789,419168
2026-06-19 16:00:00,33.86000061035156,33.91999816894531,33.79999923706055,33.84000015258789,178913
2026-06-19 16:15:00,34.02000045776367,34.08000183105469,33.81999969482422,33.880001068115234,164042
2026-06-19 16:30:00,33.959999084472656,34.060001373291016,33.959999084472656,34.040000915527344,89461
2026-06-19 16:45:00,33.97999954223633,34.02000045776367,33.939998626708984,33.939998626708984,30614
2026-06-19 17:00:00,33.939998626708984,34.02000045776367,33.939998626708984,34.0,82405
2026-06-19 17:15:00,33.959999084472656,34.0,33.91999816894531,33.939998626708984,25249
2026-06-19 17:30:00,33.939998626708984,34.0,33.84000015258789,33.97999954223633,153569
2026-06-19 17:45:00,33.91999816894531,33.97999954223633,33.81999969482422,33.900001525878906,223305
2026-06-22 09:45:00,34.02000045776367,34.02000045776367,34.02000045776367,34.02000045776367,0
2026-06-22 10:00:00,33.439998626708984,34.13999938964844,33.41999816894531,34.040000915527344,623712
2026-06-22 10:15:00,33.70000076293945,33.79999923706055,33.41999816894531,33.41999816894531,300478
2026-06-22 10:30:00,33.7599983215332,33.86000061035156,33.65999984741211,33.68000030517578,197737
2026-06-22 10:45:00,33.70000076293945,33.81999969482422,33.70000076293945,33.779998779296875,57194
2026-06-22 11:00:00,33.65999984741211,33.70000076293945,33.599998474121094,33.68000030517578,64436
2026-06-22 11:15:00,33.720001220703125,33.720001220703125,33.619998931884766,33.63999938964844,32867
2026-06-22 11:30:00,33.7599983215332,33.779998779296875,33.65999984741211,33.70000076293945,41327
2026-06-22 11:45:00,33.81999969482422,33.81999969482422,33.720001220703125,33.7400016784668,39664
2026-06-22 12:00:00,33.79999923706055,33.84000015258789,33.779998779296875,33.81999969482422,29865
2026-06-22 12:15:00,33.70000076293945,33.81999969482422,33.70000076293945,33.79999923706055,27670
2026-06-22 12:30:00,33.63999938964844,33.70000076293945,33.619998931884766,33.68000030517578,35663
2026-06-22 12:45:00,33.540000915527344,33.65999984741211,33.52000045776367,33.63999938964844,154065
2026-06-22 13:00:00,33.560001373291016,33.599998474121094,33.459999084472656,33.540000915527344,191731
2026-06-22 13:15:00,33.560001373291016,33.599998474121094,33.47999954223633,33.560001373291016,81833
2026-06-22 13:30:00,33.5,33.58000183105469,33.459999084472656,33.560001373291016,60608
2026-06-22 13:45:00,33.540000915527344,33.58000183105469,33.459999084472656,33.5,39140
2026-06-22 14:00:00,33.47999954223633,33.619998931884766,33.459999084472656,33.540000915527344,85813
2026-06-22 14:15:00,33.439998626708984,33.52000045776367,33.400001525878906,33.47999954223633,94508
2026-06-22 14:30:00,33.34000015258789,33.439998626708984,33.31999969482422,33.439998626708984,133060
2026-06-22 14:45:00,33.29999923706055,33.439998626708984,33.279998779296875,33.31999969482422,125579
2026-06-22 15:00:00,33.34000015258789,33.36000061035156,33.2599983215332,33.279998779296875,68182
2026-06-22 15:15:00,33.31999969482422,33.400001525878906,33.279998779296875,33.34000015258789,63263
2026-06-22 15:30:00,33.34000015258789,33.400001525878906,33.2599983215332,33.34000015258789,109234
2026-06-22 15:45:00,33.279998779296875,33.34000015258789,33.2599983215332,33.34000015258789,83214
2026-06-22 16:00:00,33.34000015258789,33.34000015258789,33.220001220703125,33.29999923706055,119835
2026-06-22 16:15:00,33.400001525878906,33.400001525878906,33.31999969482422,33.36000061035156,31289
2026-06-22 16:30:00,33.36000061035156,33.47999954223633,33.36000061035156,33.41999816894531,144634
2026-06-22 16:45:00,33.400001525878906,33.439998626708984,33.36000061035156,33.380001068115234,67354
2026-06-22 17:00:00,33.380001068115234,33.400001525878906,33.36000061035156,33.400001525878906,76431
2026-06-22 17:15:00,33.380001068115234,33.400001525878906,33.34000015258789,33.380001068115234,38180
2026-06-22 17:30:00,33.34000015258789,33.400001525878906,33.31999969482422,33.380001068115234,116114
2026-06-22 17:45:00,33.400001525878906,33.400001525878906,33.31999969482422,33.31999969482422,110804
2026-06-23 09:45:00,33.119998931884766,33.119998931884766,33.119998931884766,33.119998931884766,0
2026-06-23 10:00:00,33.099998474121094,33.279998779296875,33.0,33.279998779296875,107202
2026-06-23 10:15:00,33.02000045776367,33.08000183105469,32.959999084472656,33.060001373291016,137415
2026-06-23 10:30:00,33.0,33.040000915527344,32.959999084472656,33.040000915527344,114155
2026-06-23 10:45:00,32.880001068115234,33.0,32.86000061035156,33.0,71989
2026-06-23 11:00:00,32.880001068115234,32.91999816894531,32.81999969482422,32.880001068115234,53674
2026-06-23 11:15:00,32.86000061035156,33.0,32.86000061035156,32.900001525878906,33964
2026-06-23 11:30:00,32.97999954223633,33.0,32.86000061035156,32.880001068115234,28846
2026-06-23 11:45:00,33.0,33.0,32.939998626708984,32.97999954223633,90813
2026-06-23 12:00:00,32.91999816894531,33.040000915527344,32.900001525878906,33.0,89144
2026-06-23 12:15:00,32.959999084472656,32.97999954223633,32.900001525878906,32.91999816894531,15624
2026-06-23 12:30:00,32.959999084472656,33.02000045776367,32.959999084472656,32.97999954223633,43734
2026-06-23 12:45:00,32.97999954223633,33.0,32.959999084472656,33.0,49297
2026-06-23 13:00:00,32.959999084472656,32.97999954223633,32.91999816894531,32.97999954223633,21789
2026-06-23 13:15:00,32.91999816894531,32.939998626708984,32.880001068115234,32.939998626708984,74137
2026-06-23 13:30:00,32.880001068115234,32.91999816894531,32.880001068115234,32.900001525878906,16922
2026-06-23 13:45:00,32.959999084472656,32.959999084472656,32.880001068115234,32.880001068115234,57636
2026-06-23 14:00:00,33.0,33.040000915527344,32.939998626708984,32.97999954223633,95441
2026-06-23 14:15:00,33.040000915527344,33.060001373291016,33.0,33.02000045776367,60925
2026-06-23 14:30:00,32.959999084472656,33.040000915527344,32.959999084472656,33.02000045776367,30415
2026-06-23 14:45:00,32.91999816894531,33.20000076293945,32.91999816894531,32.959999084472656,209819
2026-06-23 15:00:00,32.900001525878906,32.91999816894531,32.900001525878906,32.900001525878906,25125
2026-06-23 15:15:00,32.65999984741211,32.91999816894531,32.63999938964844,32.900001525878906,219701
2026-06-23 15:30:00,32.79999923706055,32.79999923706055,32.65999984741211,32.68000030517578,51934
2026-06-23 15:45:00,32.81999969482422,32.900001525878906,32.7400016784668,32.79999923706055,45943
2026-06-23 16:00:00,32.779998779296875,32.900001525878906,32.7599983215332,32.81999969482422,57642
2026-06-23 16:15:00,32.84000015258789,32.900001525878906,32.7599983215332,32.79999923706055,42173
2026-06-23 16:30:00,32.86000061035156,32.900001525878906,32.779998779296875,32.84000015258789,67784
2026-06-23 16:45:00,32.86000061035156,32.900001525878906,32.84000015258789,32.84000015258789,27331
2026-06-23 17:00:00,32.86000061035156,32.900001525878906,32.81999969482422,32.84000015258789,35301
2026-06-23 17:15:00,32.84000015258789,32.939998626708984,32.779998779296875,32.900001525878906,78452
2026-06-23 17:30:00,32.720001220703125,32.84000015258789,32.70000076293945,32.79999923706055,91895
2026-06-23 17:45:00,32.86000061035156,33.20000076293945,32.70000076293945,32.720001220703125,469324
2026-06-24 09:45:00,33.0,33.0,33.0,33.0,0
2026-06-24 10:00:00,32.97999954223633,33.0,32.720001220703125,33.0,91591
2026-06-24 10:15:00,32.97999954223633,33.18000030517578,32.959999084472656,33.0,197545
2026-06-24 10:30:00,32.97999954223633,33.02000045776367,32.91999816894531,32.97999954223633,85852
2026-06-24 10:45:00,32.779998779296875,33.0,32.7400016784668,32.97999954223633,197494
2026-06-24 11:00:00,32.7599983215332,33.0,32.7400016784668,32.779998779296875,193684
2026-06-24 11:15:00,32.779998779296875,32.84000015258789,32.779998779296875,32.79999923706055,45293
2026-06-24 11:30:00,32.779998779296875,32.81999969482422,32.7599983215332,32.779998779296875,14094
2026-06-24 11:45:00,32.779998779296875,32.79999923706055,32.7400016784668,32.779998779296875,26895
2026-06-24 12:00:00,32.7599983215332,32.79999923706055,32.720001220703125,32.779998779296875,33450
2026-06-24 12:15:00,32.7400016784668,32.779998779296875,32.70000076293945,32.7400016784668,35667
2026-06-24 12:30:00,32.68000030517578,32.720001220703125,32.68000030517578,32.70000076293945,22453
2026-06-24 12:45:00,32.70000076293945,32.720001220703125,32.68000030517578,32.68000030517578,28691
2026-06-24 13:00:00,32.65999984741211,32.70000076293945,32.65999984741211,32.68000030517578,12608
2026-06-24 13:15:00,32.70000076293945,32.70000076293945,32.599998474121094,32.65999984741211,97084
2026-06-24 13:30:00,32.720001220703125,32.720001220703125,32.65999984741211,32.70000076293945,25337
2026-06-24 13:45:00,32.65999984741211,32.720001220703125,32.63999938964844,32.720001220703125,16909
2026-06-24 14:00:00,32.599998474121094,32.65999984741211,32.599998474121094,32.63999938964844,32709
2026-06-24 14:15:00,32.63999938964844,32.63999938964844,32.599998474121094,32.599998474121094,20078
2026-06-24 14:30:00,32.63999938964844,32.63999938964844,32.599998474121094,32.63999938964844,13128
2026-06-24 14:45:00,32.63999938964844,32.68000030517578,32.599998474121094,32.63999938964844,47329
2026-06-24 15:00:00,32.619998931884766,32.65999984741211,32.599998474121094,32.599998474121094,17175
2026-06-24 15:15:00,32.599998474121094,32.63999938964844,32.560001373291016,32.619998931884766,66195
2026-06-24 15:30:00,32.619998931884766,32.68000030517578,32.5,32.619998931884766,77497
2026-06-24 15:45:00,32.63999938964844,32.63999938964844,32.58000183105469,32.58000183105469,25993
2026-06-24 16:00:00,32.65999984741211,32.68000030517578,32.619998931884766,32.63999938964844,27598
2026-06-24 16:15:00,32.63999938964844,32.70000076293945,32.599998474121094,32.65999984741211,30765
2026-06-24 16:30:00,32.599998474121094,32.7400016784668,32.599998474121094,32.63999938964844,50625
2026-06-24 16:45:00,32.779998779296875,32.779998779296875,32.619998931884766,32.619998931884766,52341
2026-06-24 17:00:00,32.720001220703125,32.79999923706055,32.68000030517578,32.779998779296875,56102
2026-06-24 17:15:00,32.79999923706055,32.81999969482422,32.68000030517578,32.68000030517578,50335
2026-06-24 17:30:00,32.7400016784668,32.79999923706055,32.720001220703125,32.779998779296875,80063
2026-06-24 17:45:00,32.79999923706055,32.79999923706055,32.7400016784668,32.7599983215332,115575
2026-06-25 09:45:00,33.02000045776367,33.02000045776367,33.02000045776367,33.02000045776367,0
2026-06-25 10:00:00,32.959999084472656,33.02000045776367,32.91999816894531,33.0,141702
2026-06-25 10:15:00,33.02000045776367,33.119998931884766,32.939998626708984,33.0,290192
2026-06-25 10:30:00,33.060001373291016,33.119998931884766,33.02000045776367,33.040000915527344,173065
2026-06-25 10:45:00,33.0,33.08000183105469,32.959999084472656,33.060001373291016,134065
2026-06-25 11:00:00,32.97999954223633,33.040000915527344,32.97999954223633,33.02000045776367,31636
2026-06-25 11:15:00,32.939998626708984,33.0,32.880001068115234,32.97999954223633,75846
2026-06-25 11:30:00,32.91999816894531,32.939998626708984,32.79999923706055,32.939998626708984,56197
2026-06-25 11:45:00,33.060001373291016,33.119998931884766,32.900001525878906,32.91999816894531,171977
2026-06-25 12:00:00,33.0,33.08000183105469,33.0,33.08000183105469,60070
2026-06-25 12:15:00,32.880001068115234,33.060001373291016,32.86000061035156,33.0,59660
2026-06-25 12:30:00,32.81999969482422,32.959999084472656,32.81999969482422,32.880001068115234,61866
2026-06-25 12:45:00,32.84000015258789,32.880001068115234,32.79999923706055,32.84000015258789,59923
2026-06-25 13:00:00,32.81999969482422,32.86000061035156,32.779998779296875,32.84000015258789,48850
2026-06-25 13:15:00,32.79999923706055,32.81999969482422,32.779998779296875,32.779998779296875,19156
2026-06-25 13:30:00,32.7599983215332,32.79999923706055,32.7599983215332,32.779998779296875,6143
2026-06-25 13:45:00,32.720001220703125,32.7599983215332,32.720001220703125,32.7599983215332,14354
2026-06-25 14:00:00,32.7400016784668,32.79999923706055,32.720001220703125,32.7400016784668,13931
2026-06-25 14:15:00,32.68000030517578,32.7599983215332,32.65999984741211,32.720001220703125,60109
2026-06-25 14:30:00,32.65999984741211,32.720001220703125,32.63999938964844,32.65999984741211,75703
2026-06-25 14:45:00,32.599998474121094,32.70000076293945,32.599998474121094,32.63999938964844,16084
2026-06-25 15:00:00,32.599998474121094,32.65999984741211,32.52000045776367,32.599998474121094,62583
2026-06-25 15:15:00,32.65999984741211,32.65999984741211,32.58000183105469,32.599998474121094,24439
2026-06-25 15:30:00,32.619998931884766,32.68000030517578,32.58000183105469,32.65999984741211,12080
2026-06-25 15:45:00,32.619998931884766,32.70000076293945,32.619998931884766,32.63999938964844,18930
2026-06-25 16:00:00,32.63999938964844,32.63999938964844,32.540000915527344,32.619998931884766,34151
2026-06-25 16:15:00,32.599998474121094,32.619998931884766,32.540000915527344,32.619998931884766,14866
2026-06-25 16:30:00,32.560001373291016,32.599998474121094,32.540000915527344,32.599998474121094,20691
2026-06-25 16:45:00,32.560001373291016,32.599998474121094,32.5,32.560001373291016,173620
2026-06-25 17:00:00,32.400001525878906,32.63999938964844,32.400001525878906,32.52000045776367,129873
2026-06-25 17:15:00,32.439998626708984,32.47999954223633,32.400001525878906,32.400001525878906,38853
2026-06-25 17:30:00,32.400001525878906,32.5,32.380001068115234,32.439998626708984,34625
2026-06-25 17:45:00,32.41999816894531,32.439998626708984,32.34000015258789,32.400001525878906,85378
2026-06-26 09:45:00,32.560001373291016,32.560001373291016,32.560001373291016,32.560001373291016,0
2026-06-26 10:00:00,32.58000183105469,32.619998931884766,32.41999816894531,32.560001373291016,133206
2026-06-26 10:15:00,32.52000045776367,32.619998931884766,32.439998626708984,32.58000183105469,80306
2026-06-26 10:30:00,32.619998931884766,32.63999938964844,32.459999084472656,32.47999954223633,112263
2026-06-26 10:45:00,32.560001373291016,32.7400016784668,32.560001373291016,32.619998931884766,212403
2026-06-26 11:00:00,32.68000030517578,32.84000015258789,32.5,32.560001373291016,189163
2026-06-26 11:15:00,32.86000061035156,32.880001068115234,32.720001220703125,32.720001220703125,124472
2026-06-26 11:30:00,32.7400016784668,32.86000061035156,32.7400016784668,32.84000015258789,73470
2026-06-26 11:45:00,32.7400016784668,32.779998779296875,32.68000030517578,32.720001220703125,50349
2026-06-26 12:00:00,32.81999969482422,32.81999969482422,32.65999984741211,32.70000076293945,55890
2026-06-26 12:15:00,32.880001068115234,33.060001373291016,32.779998779296875,32.81999969482422,239688
2026-06-26 12:30:00,32.91999816894531,32.91999816894531,32.84000015258789,32.880001068115234,65127
2026-06-26 12:45:00,32.91999816894531,32.939998626708984,32.86000061035156,32.880001068115234,53744
2026-06-26 13:00:00,32.84000015258789,32.900001525878906,32.7599983215332,32.880001068115234,80485
2026-06-26 13:15:00,32.880001068115234,32.880001068115234,32.79999923706055,32.79999923706055,86243
2026-06-26 13:30:00,32.81999969482422,32.880001068115234,32.7599983215332,32.84000015258789,63811
2026-06-26 13:45:00,32.779998779296875,32.86000061035156,32.779998779296875,32.81999969482422,64484
2026-06-26 14:00:00,32.81999969482422,32.84000015258789,32.7400016784668,32.81999969482422,62958
2026-06-26 14:15:00,32.81999969482422,32.84000015258789,32.70000076293945,32.79999923706055,86753
2026-06-26 14:30:00,32.79999923706055,32.86000061035156,32.7400016784668,32.779998779296875,65737
2026-06-26 14:45:00,32.70000076293945,32.79999923706055,32.65999984741211,32.7599983215332,62047
2026-06-26 15:00:00,32.7400016784668,32.7400016784668,32.58000183105469,32.68000030517578,117275
2026-06-26 15:15:00,32.720001220703125,32.7599983215332,32.68000030517578,32.68000030517578,50152
2026-06-26 15:30:00,32.79999923706055,32.79999923706055,32.65999984741211,32.720001220703125,103942
2026-06-26 15:45:00,32.86000061035156,32.880001068115234,32.7599983215332,32.7599983215332,115968
2026-06-26 16:00:00,32.91999816894531,32.91999816894531,32.79999923706055,32.84000015258789,156668
2026-06-26 16:15:00,32.86000061035156,32.91999816894531,32.79999923706055,32.880001068115234,119656
2026-06-26 16:30:00,32.720001220703125,32.880001068115234,32.65999984741211,32.79999923706055,121767
2026-06-26 16:45:00,32.84000015258789,32.84000015258789,32.63999938964844,32.720001220703125,109565
2026-06-26 17:00:00,32.7400016784668,32.84000015258789,32.720001220703125,32.81999969482422,134919
2026-06-26 17:15:00,32.68000030517578,32.79999923706055,32.63999938964844,32.7599983215332,315747
2026-06-26 17:30:00,32.65999984741211,32.7599983215332,32.619998931884766,32.65999984741211,209111
2026-06-26 17:45:00,32.720001220703125,32.7599983215332,32.619998931884766,32.619998931884766,229557
2026-06-29 09:45:00,33.040000915527344,33.040000915527344,33.040000915527344,33.040000915527344,0
2026-06-29 10:00:00,33.02000045776367,33.060001373291016,32.68000030517578,33.040000915527344,155892
2026-06-29 10:15:00,33.31999969482422,33.439998626708984,33.0,33.0,323967
2026-06-29 10:30:00,33.2400016784668,33.34000015258789,33.18000030517578,33.31999969482422,74946
2026-06-29 10:45:00,33.220001220703125,33.31999969482422,33.18000030517578,33.220001220703125,54483
2026-06-29 11:00:00,33.5,33.619998931884766,33.220001220703125,33.2400016784668,384140
2026-06-29 11:15:00,33.29999923706055,33.58000183105469,33.29999923706055,33.560001373291016,180593
2026-06-29 11:30:00,33.439998626708984,33.52000045776367,33.279998779296875,33.29999923706055,152464
2026-06-29 11:45:00,33.439998626708984,33.47999954223633,33.36000061035156,33.439998626708984,91711
2026-06-29 12:00:00,33.459999084472656,33.52000045776367,33.41999816894531,33.439998626708984,62325
2026-06-29 12:15:00,33.47999954223633,33.52000045776367,33.439998626708984,33.47999954223633,41157
2026-06-29 12:30:00,33.41999816894531,33.5,33.36000061035156,33.5,102313
2026-06-29 12:45:00,33.34000015258789,33.439998626708984,33.34000015258789,33.400001525878906,32556
2026-06-29 13:00:00,33.279998779296875,33.36000061035156,33.2599983215332,33.34000015258789,102575
2026-06-29 13:15:00,33.2599983215332,33.34000015258789,33.2400016784668,33.279998779296875,36385
2026-06-29 13:30:00,33.2599983215332,33.279998779296875,33.18000030517578,33.2599983215332,95803
2026-06-29 13:45:00,33.34000015258789,33.34000015258789,33.2400016784668,33.279998779296875,65065
2026-06-29 14:00:00,33.439998626708984,33.439998626708984,33.29999923706055,33.31999969482422,49781
2026-06-29 14:15:00,33.41999816894531,33.459999084472656,33.380001068115234,33.439998626708984,61249
2026-06-29 14:30:00,33.41999816894531,33.459999084472656,33.31999969482422,33.439998626708984,53962
2026-06-29 14:45:00,33.34000015258789,33.400001525878906,33.31999969482422,33.380001068115234,54957
2026-06-29 15:00:00,33.36000061035156,33.380001068115234,33.29999923706055,33.31999969482422,45657
2026-06-29 15:15:00,33.380001068115234,33.380001068115234,33.279998779296875,33.34000015258789,44548
2026-06-29 15:30:00,33.36000061035156,33.380001068115234,33.31999969482422,33.34000015258789,23419
2026-06-29 15:45:00,33.29999923706055,33.380001068115234,33.279998779296875,33.36000061035156,51818
2026-06-29 16:00:00,33.34000015258789,33.5,33.29999923706055,33.31999969482422,253313
2026-06-29 16:15:00,33.439998626708984,33.439998626708984,33.31999969482422,33.31999969482422,73288
2026-06-29 16:30:00,33.439998626708984,33.47999954223633,33.36000061035156,33.41999816894531,141313
2026-06-29 16:45:00,33.380001068115234,33.459999084472656,33.34000015258789,33.439998626708984,68235
2026-06-29 17:00:00,33.36000061035156,33.36000061035156,33.31999969482422,33.36000061035156,18250
2026-06-29 17:15:00,33.36000061035156,33.400001525878906,33.31999969482422,33.31999969482422,59992
2026-06-29 17:30:00,33.400001525878906,33.52000045776367,33.380001068115234,33.400001525878906,192413
2026-06-29 17:45:00,33.41999816894531,33.439998626708984,33.380001068115234,33.400001525878906,79796
2026-06-30 09:45:00,33.58000183105469,33.58000183105469,33.58000183105469,33.58000183105469,0
2026-06-30 10:00:00,34.0,34.2599983215332,33.34000015258789,33.41999816894531,840848
2026-06-30 10:15:00,34.040000915527344,34.29999923706055,34.0,34.060001373291016,609299
2026-06-30 10:30:00,34.040000915527344,34.08000183105469,33.939998626708984,34.060001373291016,154663
2026-06-30 10:45:00,33.900001525878906,34.040000915527344,33.880001068115234,34.040000915527344,232822
2026-06-30 11:00:00,33.959999084472656,34.02000045776367,33.84000015258789,33.900001525878906,268279
2026-06-30 11:15:00,34.099998474121094,34.119998931884766,33.959999084472656,33.959999084472656,105399
2026-06-30 11:30:00,34.099998474121094,34.13999938964844,34.0,34.119998931884766,132129
2026-06-30 11:45:00,34.02000045776367,34.099998474121094,34.0,34.08000183105469,51923
2026-06-30 12:00:00,34.099998474121094,34.119998931884766,34.02000045776367,34.02000045776367,57636
2026-06-30 12:15:00,34.08000183105469,34.20000076293945,34.060001373291016,34.08000183105469,96552
2026-06-30 12:30:00,34.02000045776367,34.060001373291016,34.0,34.060001373291016,75110
2026-06-30 12:45:00,34.02000045776367,34.08000183105469,33.97999954223633,34.0,67055
2026-06-30 13:00:00,34.08000183105469,34.119998931884766,33.97999954223633,34.0,60316
2026-06-30 13:15:00,34.099998474121094,34.119998931884766,34.060001373291016,34.060001373291016,32491
2026-06-30 13:30:00,34.08000183105469,34.099998474121094,34.08000183105469,34.08000183105469,14122
2026-06-30 13:45:00,34.13999938964844,34.13999938964844,34.08000183105469,34.08000183105469,47362
2026-06-30 14:00:00,34.099998474121094,34.15999984741211,34.060001373291016,34.15999984741211,39146
2026-06-30 14:15:00,34.0,34.099998474121094,34.0,34.08000183105469,68785
2026-06-30 14:30:00,34.0,34.099998474121094,34.0,34.0,71203
2026-06-30 14:45:00,33.91999816894531,34.040000915527344,33.91999816894531,34.0,153560
2026-06-30 15:00:00,34.18000030517578,34.18000030517578,33.880001068115234,33.97999954223633,278275
2026-06-30 15:15:00,34.41999816894531,34.58000183105469,34.18000030517578,34.18000030517578,1062622
2026-06-30 15:30:00,34.52000045776367,34.599998474121094,34.31999969482422,34.400001525878906,337068
2026-06-30 15:45:00,34.36000061035156,34.540000915527344,34.34000015258789,34.5,206796
2026-06-30 16:00:00,34.34000015258789,34.380001068115234,34.279998779296875,34.36000061035156,75022
2026-06-30 16:15:00,34.279998779296875,34.34000015258789,34.2599983215332,34.31999969482422,92921
2026-06-30 16:30:00,34.439998626708984,34.459999084472656,34.2400016784668,34.279998779296875,178671
2026-06-30 16:45:00,34.5,34.58000183105469,34.380001068115234,34.439998626708984,292290
2026-06-30 17:00:00,34.5,34.5,34.41999816894531,34.47999954223633,181368
2026-06-30 17:15:00,34.47999954223633,34.52000045776367,34.400001525878906,34.47999954223633,183887
2026-06-30 17:30:00,34.5,34.63999938964844,34.459999084472656,34.459999084472656,270924
2026-06-30 17:45:00,34.599998474121094,34.599998474121094,34.29999923706055,34.5,317076
2026-07-01 09:45:00,34.58000183105469,34.58000183105469,34.58000183105469,34.58000183105469,0
2026-07-01 10:00:00,34.119998931884766,34.65999984741211,33.84000015258789,34.58000183105469,211659
2026-07-01 10:15:00,34.36000061035156,34.439998626708984,34.060001373291016,34.15999984741211,163278
2026-07-01 10:30:00,34.41999816894531,34.47999954223633,34.2400016784668,34.400001525878906,206041
2026-07-01 10:45:00,34.52000045776367,34.70000076293945,34.439998626708984,34.439998626708984,271912
2026-07-01 11:00:00,34.380001068115234,34.540000915527344,34.34000015258789,34.52000045776367,71088
2026-07-01 11:15:00,34.560001373291016,34.63999938964844,34.31999969482422,34.380001068115234,70340
2026-07-01 11:30:00,34.29999923706055,34.65999984741211,34.220001220703125,34.560001373291016,339232
2026-07-01 11:45:00,34.2400016784668,34.34000015258789,34.2400016784668,34.29999923706055,32483
2026-07-01 12:00:00,34.220001220703125,34.279998779296875,34.13999938964844,34.279998779296875,102739
2026-07-01 12:15:00,34.20000076293945,34.2599983215332,34.20000076293945,34.220001220703125,39907
2026-07-01 12:30:00,34.13999938964844,34.2400016784668,34.0,34.20000076293945,58798
2026-07-01 12:45:00,34.279998779296875,34.31999969482422,34.119998931884766,34.15999984741211,70565
2026-07-01 13:00:00,34.34000015258789,34.5,34.2599983215332,34.29999923706055,343074
2026-07-01 13:15:00,34.58000183105469,34.779998779296875,34.36000061035156,34.380001068115234,1066192
2026-07-01 13:30:00,34.439998626708984,34.58000183105469,34.439998626708984,34.560001373291016,305752
2026-07-01 13:45:00,34.380001068115234,34.47999954223633,34.36000061035156,34.47999954223633,125477
2026-07-01 14:00:00,34.47999954223633,34.540000915527344,34.34000015258789,34.36000061035156,148372
2026-07-01 14:15:00,34.540000915527344,34.58000183105469,34.41999816894531,34.459999084472656,98169
2026-07-01 14:30:00,34.47999954223633,34.58000183105469,34.459999084472656,34.540000915527344,203898
2026-07-01 14:45:00,34.58000183105469,34.599998474121094,34.439998626708984,34.47999954223633,129312
2026-07-01 15:00:00,34.5,34.560001373291016,34.459999084472656,34.540000915527344,115064
2026-07-01 15:15:00,34.5,34.52000045776367,34.439998626708984,34.52000045776367,443294
2026-07-01 15:30:00,34.36000061035156,34.5,34.34000015258789,34.5,234243
2026-07-01 15:45:00,34.2599983215332,34.380001068115234,34.220001220703125,34.34000015258789,83926
2026-07-01 16:00:00,34.099998474121094,34.34000015258789,34.099998474121094,34.220001220703125,480908
2026-07-01 16:15:00,34.279998779296875,34.29999923706055,34.099998474121094,34.119998931884766,64825
2026-07-01 16:30:00,34.2599983215332,34.29999923706055,34.220001220703125,34.2599983215332,53319
2026-07-01 16:45:00,34.34000015258789,34.380001068115234,34.279998779296875,34.279998779296875,60648
2026-07-01 17:00:00,34.380001068115234,34.41999816894531,34.34000015258789,34.380001068115234,105828
2026-07-01 17:15:00,34.36000061035156,34.380001068115234,34.34000015258789,34.34000015258789,15384
2026-07-01 17:30:00,34.2400016784668,34.36000061035156,34.20000076293945,34.34000015258789,464276
2026-07-01 17:45:00,34.040000915527344,34.29999923706055,34.0,34.2400016784668,264308
2026-07-02 09:45:00,34.20000076293945,34.20000076293945,34.20000076293945,34.20000076293945,0
2026-07-02 10:00:00,34.36000061035156,34.439998626708984,34.18000030517578,34.20000076293945,191822
2026-07-02 10:15:00,34.36000061035156,34.459999084472656,34.2599983215332,34.36000061035156,306591
2026-07-02 10:30:00,34.2599983215332,34.34000015258789,34.2400016784668,34.31999969482422,121909
2026-07-02 10:45:00,34.040000915527344,34.2400016784668,34.02000045776367,34.2400016784668,123996
2026-07-02 11:00:00,34.279998779296875,34.279998779296875,34.02000045776367,34.040000915527344,103945
2026-07-02 11:15:00,34.34000015258789,34.380001068115234,34.2400016784668,34.2400016784668,70914
2026-07-02 11:30:00,34.279998779296875,34.34000015258789,34.2599983215332,34.34000015258789,63910
2026-07-02 11:45:00,34.279998779296875,34.34000015258789,34.2599983215332,34.279998779296875,30370
2026-07-02 12:00:00,34.2599983215332,34.31999969482422,34.220001220703125,34.279998779296875,37334
2026-07-02 12:15:00,34.2400016784668,34.279998779296875,34.20000076293945,34.2599983215332,54351
2026-07-02 12:30:00,34.2400016784668,34.279998779296875,34.20000076293945,34.2400016784668,56016
2026-07-02 12:45:00,34.279998779296875,34.29999923706055,34.2400016784668,34.29999923706055,24076
2026-07-02 13:00:00,34.20000076293945,34.279998779296875,34.20000076293945,34.2400016784668,25186
2026-07-02 13:15:00,34.2599983215332,34.2599983215332,34.20000076293945,34.20000076293945,13343
2026-07-02 13:30:00,34.279998779296875,34.279998779296875,34.220001220703125,34.220001220703125,28102
2026-07-02 13:45:00,34.220001220703125,34.29999923706055,34.20000076293945,34.2599983215332,78094
2026-07-02 14:00:00,34.220001220703125,34.2400016784668,34.20000076293945,34.2400016784668,66962
2026-07-02 14:15:00,34.2599983215332,34.2599983215332,34.13999938964844,34.220001220703125,269614
2026-07-02 14:30:00,34.20000076293945,34.2599983215332,34.20000076293945,34.220001220703125,30476
2026-07-02 14:45:00,34.20000076293945,34.2400016784668,34.20000076293945,34.20000076293945,59046
2026-07-02 15:00:00,34.20000076293945,34.2400016784668,34.15999984741211,34.220001220703125,267302
2026-07-02 15:15:00,34.15999984741211,34.220001220703125,34.15999984741211,34.20000076293945,93379
2026-07-02 15:30:00,34.20000076293945,34.2599983215332,34.20000076293945,34.20000076293945,163965
2026-07-02 15:45:00,34.20000076293945,34.29999923706055,34.18000030517578,34.18000030517578,117026
2026-07-02 16:00:00,34.099998474121094,34.220001220703125,34.08000183105469,34.20000076293945,55028
2026-07-02 16:15:00,33.619998931884766,34.060001373291016,33.619998931884766,34.060001373291016,296355
2026-07-02 16:30:00,33.68000030517578,33.70000076293945,33.599998474121094,33.619998931884766,58369
2026-07-02 16:45:00,33.900001525878906,33.959999084472656,33.68000030517578,33.68000030517578,96560
2026-07-02 17:00:00,33.939998626708984,33.97999954223633,33.86000061035156,33.900001525878906,43161
2026-07-02 17:15:00,33.939998626708984,33.97999954223633,33.880001068115234,33.97999954223633,26864
2026-07-02 17:30:00,33.939998626708984,33.97999954223633,33.880001068115234,33.939998626708984,43271
2026-07-02 17:45:00,34.0,34.0,33.880001068115234,33.880001068115234,60018
2026-07-03 09:45:00,34.5,34.5,34.5,34.5,0
2026-07-03 10:00:00,34.20000076293945,34.5,34.040000915527344,34.5,394897
2026-07-03 10:15:00,34.02000045776367,34.20000076293945,33.939998626708984,34.18000030517578,133989
2026-07-03 10:30:00,34.119998931884766,34.220001220703125,33.97999954223633,34.02000045776367,116575
2026-07-03 10:45:00,34.099998474121094,34.119998931884766,34.060001373291016,34.08000183105469,46954
2026-07-03 11:00:00,33.959999084472656,34.119998931884766,33.79999923706055,34.099998474121094,167825
2026-07-03 11:15:00,33.91999816894531,34.040000915527344,33.900001525878906,33.91999816894531,71791
2026-07-03 11:30:00,33.900001525878906,33.939998626708984,33.84000015258789,33.900001525878906,120630
2026-07-03 11:45:00,33.900001525878906,33.939998626708984,33.81999969482422,33.86000061035156,45693
2026-07-03 12:00:00,33.7400016784668,33.939998626708984,33.619998931884766,33.84000015258789,137059
2026-07-03 12:15:00,33.86000061035156,33.939998626708984,33.70000076293945,33.7400016784668,104861
2026-07-03 12:30:00,33.84000015258789,33.84000015258789,33.7400016784668,33.84000015258789,39295
2026-07-03 12:45:00,33.84000015258789,33.84000015258789,33.779998779296875,33.81999969482422,25384
2026-07-03 13:00:00,33.81999969482422,33.84000015258789,33.779998779296875,33.84000015258789,9644
2026-07-03 13:15:00,33.779998779296875,33.86000061035156,33.779998779296875,33.81999969482422,69975
2026-07-03 13:30:00,33.65999984741211,33.84000015258789,33.63999938964844,33.779998779296875,59881
2026-07-03 13:45:00,33.18000030517578,33.65999984741211,33.0,33.65999984741211,376942
2026-07-03 14:00:00,33.08000183105469,33.29999923706055,33.08000183105469,33.18000030517578,138042
2026-07-03 14:15:00,32.779998779296875,33.099998474121094,32.779998779296875,33.060001373291016,325025
2026-07-03 14:30:00,32.959999084472656,33.060001373291016,32.79999923706055,32.79999923706055,955373
2026-07-03 14:45:00,32.939998626708984,33.29999923706055,32.900001525878906,32.939998626708984,1149725
2026-07-03 15:00:00,32.81999969482422,32.959999084472656,32.619998931884766,32.959999084472656,576489
2026-07-03 15:15:00,32.84000015258789,32.900001525878906,32.720001220703125,32.79999923706055,280404
2026-07-03 15:30:00,32.7599983215332,32.84000015258789,32.619998931884766,32.81999969482422,443457
2026-07-03 15:45:00,33.13999938964844,33.15999984741211,32.7599983215332,32.7599983215332,269521
2026-07-03 16:00:00,33.29999923706055,33.31999969482422,33.119998931884766,33.119998931884766,209618
2026-07-03 16:15:00,33.31999969482422,33.34000015258789,33.2400016784668,33.29999923706055,95892
2026-07-03 16:30:00,33.279998779296875,33.34000015258789,33.220001220703125,33.31999969482422,110959
2026-07-03 16:45:00,33.18000030517578,33.29999923706055,33.119998931884766,33.279998779296875,204080
2026-07-03 17:00:00,33.2599983215332,33.2599983215332,33.119998931884766,33.20000076293945,110783
2026-07-03 17:15:00,33.279998779296875,33.31999969482422,33.20000076293945,33.2599983215332,157231
2026-07-03 17:30:00,33.400001525878906,33.540000915527344,33.220001220703125,33.2599983215332,361997
2026-07-03 17:45:00,33.36000061035156,33.459999084472656,33.2400016784668,33.36000061035156,358383
2026-07-06 09:45:00,33.279998779296875,33.279998779296875,33.279998779296875,33.279998779296875,0
2026-07-06 10:00:00,33.619998931884766,33.65999984741211,33.279998779296875,33.279998779296875,229993
2026-07-06 10:15:00,33.58000183105469,33.65999984741211,33.5,33.619998931884766,122065
2026-07-06 10:30:00,33.439998626708984,33.7400016784668,33.41999816894531,33.58000183105469,284233
2026-07-06 10:45:00,33.31999969482422,33.439998626708984,33.13999938964844,33.400001525878906,255197
2026-07-06 11:00:00,33.34000015258789,33.400001525878906,33.31999969482422,33.31999969482422,32309
2026-07-06 11:15:00,33.380001068115234,33.41999816894531,33.31999969482422,33.36000061035156,76107
2026-07-06 11:30:00,33.2599983215332,33.380001068115234,33.20000076293945,33.380001068115234,103790
2026-07-06 11:45:00,33.220001220703125,33.34000015258789,33.220001220703125,33.279998779296875,64120
2026-07-06 12:00:00,33.15999984741211,33.2400016784668,33.119998931884766,33.220001220703125,45674
2026-07-06 12:15:00,33.0,33.15999984741211,33.0,33.15999984741211,90344
2026-07-06 12:30:00,33.08000183105469,33.13999938964844,32.959999084472656,33.0,70056
2026-07-06 12:45:00,33.119998931884766,33.18000030517578,32.97999954223633,33.08000183105469,137253
2026-07-06 13:00:00,33.08000183105469,33.15999984741211,32.959999084472656,33.119998931884766,82301
2026-07-06 13:15:00,33.099998474121094,33.119998931884766,33.060001373291016,33.08000183105469,4300
2026-07-06 13:30:00,33.08000183105469,33.099998474121094,33.02000045776367,33.099998474121094,26257
2026-07-06 13:45:00,33.02000045776367,33.099998474121094,32.939998626708984,33.099998474121094,14515
2026-07-06 14:00:00,32.97999954223633,33.040000915527344,32.900001525878906,33.02000045776367,79531
2026-07-06 14:15:00,32.959999084472656,33.0,32.939998626708984,32.97999954223633,11303
2026-07-06 14:30:00,32.939998626708984,33.040000915527344,32.939998626708984,32.939998626708984,21578
2026-07-06 14:45:00,32.97999954223633,32.97999954223633,32.91999816894531,32.939998626708984,44607
2026-07-06 15:00:00,32.959999084472656,33.02000045776367,32.939998626708984,32.97999954223633,16824
2026-07-06 15:15:00,33.0,33.0,32.91999816894531,32.939998626708984,38512
2026-07-06 15:30:00,32.959999084472656,32.97999954223633,32.939998626708984,32.97999954223633,17761
2026-07-06 15:45:00,32.939998626708984,32.959999084472656,32.900001525878906,32.959999084472656,24054
2026-07-06 16:00:00,32.84000015258789,32.939998626708984,32.7599983215332,32.939998626708984,175090
2026-07-06 16:15:00,32.779998779296875,32.86000061035156,32.560001373291016,32.84000015258789,274710
2026-07-06 16:30:00,32.84000015258789,32.84000015258789,32.779998779296875,32.79999923706055,53410
2026-07-06 16:45:00,32.86000061035156,32.900001525878906,32.81999969482422,32.84000015258789,25182
2026-07-06 17:00:00,32.959999084472656,33.099998474121094,32.84000015258789,32.880001068115234,139319
2026-07-06 17:15:00,32.97999954223633,32.97999954223633,32.81999969482422,32.939998626708984,85072
2026-07-06 17:30:00,33.0,33.0,32.900001525878906,32.939998626708984,97054
2026-07-06 17:45:00,32.959999084472656,32.959999084472656,32.880001068115234,32.939998626708984,82706
2026-07-07 09:45:00,33.08000183105469,33.08000183105469,33.08000183105469,33.08000183105469,0
2026-07-07 10:00:00,32.900001525878906,33.0,32.779998779296875,33.0,115106
2026-07-07 10:15:00,33.040000915527344,33.099998474121094,32.900001525878906,32.900001525878906,132322
2026-07-07 10:30:00,33.220001220703125,33.279998779296875,33.040000915527344,33.060001373291016,174697
2026-07-07 10:45:00,33.220001220703125,33.2599983215332,33.13999938964844,33.220001220703125,98929
2026-07-07 11:00:00,33.13999938964844,33.279998779296875,33.13999938964844,33.20000076293945,116446
2026-07-07 11:15:00,33.02000045776367,33.15999984741211,33.02000045776367,33.15999984741211,38577
2026-07-07 11:30:00,33.040000915527344,33.040000915527344,32.959999084472656,33.02000045776367,36408
2026-07-07 11:45:00,32.97999954223633,33.060001373291016,32.959999084472656,33.060001373291016,21234
2026-07-07 12:00:00,32.91999816894531,33.0,32.900001525878906,33.0,61503
2026-07-07 12:15:00,32.97999954223633,33.040000915527344,32.880001068115234,32.900001525878906,66343
2026-07-07 12:30:00,33.0,33.02000045776367,32.939998626708984,32.959999084472656,72617
2026-07-07 12:45:00,32.959999084472656,33.02000045776367,32.959999084472656,33.0,16707
2026-07-07 13:00:00,32.939998626708984,33.0,32.939998626708984,32.97999954223633,12557
2026-07-07 13:15:00,32.97999954223633,33.0,32.939998626708984,32.939998626708984,18346
2026-07-07 13:30:00,33.060001373291016,33.060001373291016,32.939998626708984,32.97999954223633,22814
2026-07-07 13:45:00,33.15999984741211,33.29999923706055,33.040000915527344,33.060001373291016,128565
2026-07-07 14:00:00,33.29999923706055,33.31999969482422,33.13999938964844,33.15999984741211,138786
2026-07-07 14:15:00,33.119998931884766,33.29999923706055,33.119998931884766,33.2599983215332,53684
2026-07-07 14:30:00,33.220001220703125,33.220001220703125,33.099998474121094,33.119998931884766,44939
2026-07-07 14:45:00,33.20000076293945,33.20000076293945,33.119998931884766,33.18000030517578,66077
2026-07-07 15:00:00,33.2400016784668,33.2400016784668,33.18000030517578,33.18000030517578,25000
2026-07-07 15:15:00,33.02000045776367,33.2400016784668,32.7599983215332,33.220001220703125,551252
2026-07-07 15:30:00,33.040000915527344,33.08000183105469,33.02000045776367,33.040000915527344,37981
2026-07-07 15:45:00,33.0,33.08000183105469,32.959999084472656,33.08000183105469,70514
2026-07-07 16:00:00,33.02000045776367,33.119998931884766,32.939998626708984,33.02000045776367,110501
2026-07-07 16:15:00,32.939998626708984,33.0,32.880001068115234,33.0,44500
2026-07-07 16:30:00,32.959999084472656,33.02000045776367,32.959999084472656,32.959999084472656,28880
2026-07-07 16:45:00,33.0,33.08000183105469,32.86000061035156,32.97999954223633,129141
2026-07-07 17:00:00,32.97999954223633,33.15999984741211,32.97999954223633,33.0,132719
2026-07-07 17:15:00,33.0,33.060001373291016,32.939998626708984,33.02000045776367,114637
2026-07-07 17:30:00,32.91999816894531,33.02000045776367,32.900001525878906,33.0,88614
2026-07-07 17:45:00,33.279998779296875,33.31999969482422,32.900001525878906,32.91999816894531,564814
2026-07-08 09:45:00,32.939998626708984,32.939998626708984,32.939998626708984,32.939998626708984,0
2026-07-08 10:00:00,32.58000183105469,33.400001525878906,32.459999084472656,32.97999954223633,1050506
2026-07-08 10:15:00,32.58000183105469,32.70000076293945,32.540000915527344,32.619998931884766,162872
2026-07-08 10:30:00,32.63999938964844,32.86000061035156,32.560001373291016,32.560001373291016,168841
2026-07-08 10:45:00,32.7599983215332,32.7599983215332,32.68000030517578,32.68000030517578,90772
2026-07-08 11:00:00,32.7400016784668,32.86000061035156,32.65999984741211,32.7599983215332,138598
2026-07-08 11:15:00,32.36000061035156,32.81999969482422,32.279998779296875,32.779998779296875,339384
2026-07-08 11:30:00,32.41999816894531,32.5,32.34000015258789,32.380001068115234,145123
2026-07-08 11:45:00,32.380001068115234,32.47999954223633,32.380001068115234,32.400001525878906,72104
2026-07-08 12:00:00,32.31999969482422,32.459999084472656,32.31999969482422,32.380001068115234,74901
2026-07-08 12:15:00,32.47999954223633,32.5,32.34000015258789,32.36000061035156,93427
2026-07-08 12:30:00,32.439998626708984,32.540000915527344,32.400001525878906,32.5,67578
2026-07-08 12:45:00,32.459999084472656,32.540000915527344,32.400001525878906,32.400001525878906,53622
2026-07-08 13:00:00,32.540000915527344,32.560001373291016,32.439998626708984,32.47999954223633,135032
2026-07-08 13:15:00,32.47999954223633,32.52000045776367,32.400001525878906,32.52000045776367,59378
2026-07-08 13:30:00,32.36000061035156,32.5,32.36000061035156,32.5,39453
2026-07-08 13:45:00,32.400001525878906,32.41999816894531,32.34000015258789,32.36000061035156,37904
2026-07-08 14:00:00,32.31999969482422,32.41999816894531,32.29999923706055,32.380001068115234,177848
2026-07-08 14:15:00,32.29999923706055,32.34000015258789,32.2599983215332,32.29999923706055,52752
2026-07-08 14:30:00,32.400001525878906,32.400001525878906,32.2599983215332,32.29999923706055,85140
2026-07-08 14:45:00,32.400001525878906,32.47999954223633,32.36000061035156,32.400001525878906,129022
2026-07-08 15:00:00,32.36000061035156,32.41999816894531,32.34000015258789,32.380001068115234,39975
2026-07-08 15:15:00,32.36000061035156,32.439998626708984,32.31999969482422,32.400001525878906,89693
2026-07-08 15:30:00,32.380001068115234,32.41999816894531,32.31999969482422,32.34000015258789,41480
2026-07-08 15:45:00,32.5,32.5,32.34000015258789,32.380001068115234,181305
2026-07-08 16:00:00,32.52000045776367,32.68000030517578,32.459999084472656,32.459999084472656,310053
2026-07-08 16:15:00,32.560001373291016,32.599998474121094,32.5,32.52000045776367,57033
2026-07-08 16:30:00,32.540000915527344,32.65999984741211,32.540000915527344,32.58000183105469,86725
2026-07-08 16:45:00,32.560001373291016,32.619998931884766,32.52000045776367,32.560001373291016,60290
2026-07-08 17:00:00,32.47999954223633,32.58000183105469,32.439998626708984,32.560001373291016,54626
2026-07-08 17:15:00,32.5,32.599998474121094,32.380001068115234,32.459999084472656,154659
2026-07-08 17:30:00,32.34000015258789,32.5,32.31999969482422,32.47999954223633,183731
2026-07-08 17:45:00,32.31999969482422,32.380001068115234,32.279998779296875,32.31999969482422,272481
2026-07-09 09:45:00,32.68000030517578,32.68000030517578,32.68000030517578,32.68000030517578,0
2026-07-09 10:00:00,32.279998779296875,32.68000030517578,32.18000030517578,32.68000030517578,233140
2026-07-09 10:15:00,32.279998779296875,32.400001525878906,32.220001220703125,32.2400016784668,83605
2026-07-09 10:30:00,32.34000015258789,32.34000015258789,32.20000076293945,32.2599983215332,63241
2026-07-09 10:45:00,32.15999984741211,32.31999969482422,32.15999984741211,32.31999969482422,65957
2026-07-09 11:00:00,32.18000030517578,32.2599983215332,32.18000030517578,32.18000030517578,105012
2026-07-09 11:15:00,32.2599983215332,32.29999923706055,32.18000030517578,32.2400016784668,56050
2026-07-09 11:30:00,32.20000076293945,32.31999969482422,32.20000076293945,32.2599983215332,36399
2026-07-09 11:45:00,32.13999938964844,32.2400016784668,32.08000183105469,32.20000076293945,78365
2026-07-09 12:00:00,32.08000183105469,32.18000030517578,32.060001373291016,32.13999938964844,52479
2026-07-09 12:15:00,32.040000915527344,32.13999938964844,32.0,32.08000183105469,90496
2026-07-09 12:30:00,32.040000915527344,32.119998931884766,32.0,32.040000915527344,98132
2026-07-09 12:45:00,32.13999938964844,32.18000030517578,32.040000915527344,32.040000915527344,32116
2026-07-09 13:00:00,32.099998474121094,32.18000030517578,32.08000183105469,32.13999938964844,33012
2026-07-09 13:15:00,32.040000915527344,32.15999984741211,32.040000915527344,32.119998931884766,37431
2026-07-09 13:30:00,32.0,32.099998474121094,31.920000076293945,32.08000183105469,125112
2026-07-09 13:45:00,31.979999542236328,32.02000045776367,31.899999618530273,32.0,54373
2026-07-09 14:00:00,32.08000183105469,32.119998931884766,31.940000534057617,31.979999542236328,46634
2026-07-09 14:15:00,32.060001373291016,32.13999938964844,32.040000915527344,32.08000183105469,53059
2026-07-09 14:30:00,32.02000045776367,32.119998931884766,32.02000045776367,32.060001373291016,88026
2026-07-09 14:45:00,31.979999542236328,32.040000915527344,31.959999084472656,32.02000045776367,30041
2026-07-09 15:00:00,31.959999084472656,32.08000183105469,31.940000534057617,31.979999542236328,67769
2026-07-09 15:15:00,32.02000045776367,32.02000045776367,31.920000076293945,31.959999084472656,41483
2026-07-09 15:30:00,31.959999084472656,32.02000045776367,31.920000076293945,31.959999084472656,74068
2026-07-09 15:45:00,31.959999084472656,32.02000045776367,31.920000076293945,31.959999084472656,55520
2026-07-09 16:00:00,32.0,32.02000045776367,31.920000076293945,31.920000076293945,39885
2026-07-09 16:15:00,32.0,32.060001373291016,31.899999618530273,31.979999542236328,109384
2026-07-09 16:30:00,31.899999618530273,31.979999542236328,31.860000610351562,31.959999084472656,81349
2026-07-09 16:45:00,31.899999618530273,31.920000076293945,31.81999969482422,31.920000076293945,124763
2026-07-09 17:00:00,31.899999618530273,31.959999084472656,31.860000610351562,31.860000610351562,119131
2026-07-09 17:15:00,31.899999618530273,31.940000534057617,31.799999237060547,31.899999618530273,144198
2026-07-09 17:30:00,31.959999084472656,32.02000045776367,31.860000610351562,31.899999618530273,95548
2026-07-09 17:45:00,32.060001373291016,32.099998474121094,31.920000076293945,31.959999084472656,168405
2026-07-10 09:45:00,31.899999618530273,31.899999618530273,31.899999618530273,31.899999618530273,0
2026-07-10 10:00:00,32.220001220703125,32.2599983215332,31.8799991607666,31.8799991607666,108880
2026-07-10 10:15:00,32.58000183105469,32.68000030517578,32.2599983215332,32.2599983215332,506717
2026-07-10 10:30:00,32.47999954223633,32.63999938964844,32.47999954223633,32.619998931884766,52148
2026-07-10 10:45:00,32.540000915527344,32.619998931884766,32.41999816894531,32.5,120368
2026-07-10 11:00:00,32.540000915527344,32.599998474121094,32.459999084472656,32.560001373291016,37638
2026-07-10 11:15:00,32.58000183105469,32.65999984741211,32.5,32.540000915527344,160477
2026-07-10 11:30:00,32.5,32.619998931884766,32.5,32.58000183105469,46788
2026-07-10 11:45:00,32.47999954223633,32.540000915527344,32.439998626708984,32.5,38380
2026-07-10 12:00:00,32.540000915527344,32.58000183105469,32.459999084472656,32.47999954223633,53661
2026-07-10 12:15:00,32.599998474121094,32.619998931884766,32.52000045776367,32.52000045776367,35200
2026-07-10 12:30:00,32.619998931884766,32.720001220703125,32.560001373291016,32.599998474121094,129509
2026-07-10 12:45:00,32.560001373291016,32.65999984741211,32.560001373291016,32.619998931884766,27371
2026-07-10 13:00:00,32.459999084472656,32.599998474121094,32.400001525878906,32.560001373291016,113049
2026-07-10 13:15:00,32.47999954223633,32.540000915527344,32.380001068115234,32.439998626708984,111475
2026-07-10 13:30:00,32.560001373291016,32.599998474121094,32.5,32.52000045776367,49380
2026-07-10 13:45:00,32.58000183105469,32.63999938964844,32.540000915527344,32.560001373291016,30375
2026-07-10 14:00:00,32.619998931884766,32.70000076293945,32.560001373291016,32.58000183105469,51646
2026-07-10 14:15:00,32.68000030517578,32.68000030517578,32.599998474121094,32.619998931884766,32313
2026-07-10 14:30:00,32.720001220703125,32.7400016784668,32.65999984741211,32.65999984741211,56564
2026-07-10 14:45:00,32.720001220703125,32.79999923706055,32.63999938964844,32.70000076293945,75416
2026-07-10 15:00:00,32.70000076293945,32.7400016784668,32.58000183105469,32.70000076293945,145813
2026-07-10 15:15:00,32.939998626708984,32.97999954223633,32.63999938964844,32.68000030517578,252718
2026-07-10 15:30:00,32.880001068115234,32.939998626708984,32.79999923706055,32.900001525878906,124063
2026-07-10 15:45:00,32.91999816894531,32.939998626708984,32.81999969482422,32.91999816894531,106525
2026-07-10 16:00:00,33.0,33.0,32.86000061035156,32.91999816894531,164248
2026-07-10 16:15:00,32.959999084472656,33.02000045776367,32.939998626708984,33.02000045776367,130660
2026-07-10 16:30:00,33.08000183105469,33.119998931884766,32.959999084472656,32.959999084472656,149212
2026-07-10 16:45:00,33.18000030517578,33.18000030517578,33.040000915527344,33.08000183105469,217453
2026-07-10 17:00:00,33.2599983215332,33.29999923706055,33.13999938964844,33.15999984741211,132099
2026-07-10 17:15:00,33.34000015258789,33.34000015258789,33.220001220703125,33.2599983215332,140736
2026-07-10 17:30:00,33.380001068115234,33.41999816894531,33.20000076293945,33.31999969482422,281855
2026-07-10 17:45:00,33.34000015258789,33.41999816894531,33.29999923706055,33.380001068115234,157845
2026-07-13 09:45:00,33.08000183105469,33.08000183105469,33.08000183105469,33.08000183105469,0
2026-07-13 10:00:00,32.86000061035156,33.29999923706055,32.7599983215332,33.099998474121094,214288
2026-07-13 10:15:00,32.81999969482422,32.959999084472656,32.79999923706055,32.84000015258789,54828
2026-07-13 10:30:00,32.939998626708984,32.97999954223633,32.81999969482422,32.81999969482422,30900
2026-07-13 10:45:00,33.08000183105469,33.119998931884766,32.939998626708984,32.959999084472656,60790
2026-07-13 11:00:00,33.060001373291016,33.099998474121094,33.040000915527344,33.08000183105469,11636
2026-07-13 11:15:00,33.060001373291016,33.13999938964844,33.060001373291016,33.060001373291016,19060
2026-07-13 11:30:00,33.31999969482422,33.31999969482422,33.060001373291016,33.08000183105469,123039
2026-07-13 11:45:00,33.099998474121094,33.380001068115234,33.060001373291016,33.29999923706055,309238
2026-07-13 12:00:00,33.119998931884766,33.15999984741211,33.099998474121094,33.099998474121094,35189
2026-07-13 12:15:00,33.099998474121094,33.119998931884766,32.97999954223633,33.099998474121094,96910
2026-07-13 12:30:00,33.02000045776367,33.099998474121094,33.02000045776367,33.099998474121094,15245
2026-07-13 12:45:00,33.060001373291016,33.099998474121094,33.0,33.02000045776367,22039
2026-07-13 13:00:00,33.060001373291016,33.08000183105469,33.040000915527344,33.060001373291016,15211
2026-07-13 13:15:00,33.119998931884766,33.15999984741211,33.040000915527344,33.060001373291016,15332
2026-07-13 13:30:00,33.13999938964844,33.2400016784668,33.099998474121094,33.119998931884766,16025
2026-07-13 13:45:00,33.20000076293945,33.20000076293945,33.119998931884766,33.13999938964844,4142
2026-07-13 14:00:00,33.2400016784668,33.29999923706055,33.13999938964844,33.220001220703125,17558
2026-07-13 14:15:00,33.119998931884766,33.279998779296875,33.119998931884766,33.2400016784668,39247
2026-07-13 14:30:00,33.119998931884766,33.15999984741211,33.099998474121094,33.119998931884766,31381
2026-07-13 14:45:00,33.060001373291016,33.119998931884766,33.060001373291016,33.119998931884766,18635
2026-07-13 15:00:00,33.040000915527344,33.119998931884766,33.040000915527344,33.060001373291016,33387
2026-07-13 15:15:00,32.959999084472656,33.040000915527344,32.959999084472656,33.040000915527344,17735
2026-07-13 15:30:00,32.91999816894531,32.97999954223633,32.900001525878906,32.959999084472656,22867
2026-07-13 15:45:00,32.97999954223633,33.0,32.91999816894531,32.91999816894531,8197
2026-07-13 16:00:00,33.0,33.0,32.939998626708984,32.97999954223633,6988
2026-07-13 16:15:00,32.959999084472656,33.0,32.939998626708984,32.97999954223633,23673
2026-07-13 16:30:00,32.97999954223633,33.040000915527344,32.939998626708984,32.97999954223633,13736
2026-07-13 16:45:00,33.08000183105469,33.08000183105469,32.959999084472656,32.959999084472656,13389
2026-07-13 17:00:00,33.34000015258789,33.47999954223633,33.099998474121094,33.099998474121094,225591
2026-07-13 17:15:00,33.31999969482422,33.34000015258789,33.18000030517578,33.29999923706055,70726
2026-07-13 17:30:00,33.2599983215332,33.31999969482422,33.220001220703125,33.2599983215332,84497
2026-07-13 17:45:00,33.18000030517578,33.63999938964844,33.15999984741211,33.2599983215332,302952
2026-07-14 09:45:00,32.97999954223633,32.97999954223633,32.97999954223633,32.97999954223633,0
2026-07-14 10:00:00,33.060001373291016,33.099998474121094,32.86000061035156,32.97999954223633,104180
2026-07-14 10:15:00,33.13999938964844,33.31999969482422,33.0,33.060001373291016,114257
2026-07-14 10:30:00,33.41999816894531,33.41999816894531,33.099998474121094,33.099998474121094,88924
2026-07-14 10:45:00,33.63999938964844,33.63999938964844,33.36000061035156,33.400001525878906,196357
2026-07-14 11:00:00,33.400001525878906,33.68000030517578,33.400001525878906,33.65999984741211,111799
2026-07-14 11:15:00,33.380001068115234,33.459999084472656,33.29999923706055,33.459999084472656,95548
2026-07-14 11:30:00,33.380001068115234,33.47999954223633,33.34000015258789,33.380001068115234,81630
2026-07-14 11:45:00,33.279998779296875,33.439998626708984,33.279998779296875,33.380001068115234,102393
2026-07-14 12:00:00,33.380001068115234,33.400001525878906,33.29999923706055,33.34000015258789,24940
2026-07-14 12:15:00,33.29999923706055,33.380001068115234,33.29999923706055,33.34000015258789,50424
2026-07-14 12:30:00,33.31999969482422,33.400001525878906,33.279998779296875,33.31999969482422,62995
2026-07-14 12:45:00,33.34000015258789,33.36000061035156,33.29999923706055,33.31999969482422,22508
2026-07-14 13:00:00,33.34000015258789,33.36000061035156,33.29999923706055,33.34000015258789,28975
2026-07-14 13:15:00,33.380001068115234,33.400001525878906,33.31999969482422,33.34000015258789,22430
2026-07-14 13:30:00,33.5,33.540000915527344,33.380001068115234,33.400001525878906,103753
2026-07-14 13:45:00,33.63999938964844,33.720001220703125,33.5,33.5,825738
2026-07-14 14:00:00,33.439998626708984,33.65999984741211,33.400001525878906,33.63999938964844,871460
2026-07-14 14:15:00,33.47999954223633,33.540000915527344,33.34000015258789,33.439998626708984,175533
2026-07-14 14:30:00,33.41999816894531,33.52000045776367,33.380001068115234,33.47999954223633,95893
2026-07-14 14:45:00,33.41999816894531,33.47999954223633,33.400001525878906,33.400001525878906,70996
2026-07-14 15:00:00,33.41999816894531,33.439998626708984,33.34000015258789,33.41999816894531,65932
2026-07-14 15:15:00,33.31999969482422,33.5,33.279998779296875,33.400001525878906,153250
2026-07-14 15:30:00,33.29999923706055,33.439998626708984,33.279998779296875,33.279998779296875,98013
2026-07-14 15:45:00,33.31999969482422,33.36000061035156,33.2599983215332,33.29999923706055,116824
2026-07-14 16:00:00,33.31999969482422,33.400001525878906,33.2599983215332,33.29999923706055,101358
2026-07-14 16:15:00,33.2599983215332,33.380001068115234,33.220001220703125,33.31999969482422,170565
2026-07-14 16:30:00,33.15999984741211,33.29999923706055,33.15999984741211,33.29999923706055,106810
2026-07-14 16:45:00,33.0,33.20000076293945,32.97999954223633,33.15999984741211,203622
2026-07-14 17:00:00,33.040000915527344,33.08000183105469,33.0,33.0,85691
2026-07-14 17:15:00,33.02000045776367,33.08000183105469,32.97999954223633,33.0,129480
2026-07-14 17:30:00,32.880001068115234,33.02000045776367,32.880001068115234,33.02000045776367,184398
2026-07-14 17:45:00,32.959999084472656,32.959999084472656,32.63999938964844,32.880001068115234,503502
2026-07-16 09:45:00,32.79999923706055,32.79999923706055,32.79999923706055,32.79999923706055,0
2026-07-16 10:00:00,33.060001373291016,33.29999923706055,32.7400016784668,32.81999969482422,424061
2026-07-16 10:15:00,33.099998474121094,33.13999938964844,32.959999084472656,33.08000183105469,134006
2026-07-16 10:30:00,33.2599983215332,33.31999969482422,33.08000183105469,33.099998474121094,190775
2026-07-16 10:45:00,33.400001525878906,33.47999954223633,33.2599983215332,33.2599983215332,120359
2026-07-16 11:00:00,33.540000915527344,33.540000915527344,33.380001068115234,33.41999816894531,66609
2026-07-16 11:15:00,33.619998931884766,33.63999938964844,33.5,33.560001373291016,98786
2026-07-16 11:30:00,33.560001373291016,33.65999984741211,33.5,33.65999984741211,147126
2026-07-16 11:45:00,33.63999938964844,33.68000030517578,33.52000045776367,33.58000183105469,77049
2026-07-16 12:00:00,33.68000030517578,33.7599983215332,33.63999938964844,33.68000030517578,70952
2026-07-16 12:15:00,33.65999984741211,33.70000076293945,33.65999984741211,33.68000030517578,34307
2026-07-16 12:30:00,33.52000045776367,33.70000076293945,33.47999954223633,33.68000030517578,93310
2026-07-16 12:45:00,33.65999984741211,33.65999984741211,33.439998626708984,33.47999954223633,79704
2026-07-16 13:00:00,33.7599983215332,33.86000061035156,33.619998931884766,33.65999984741211,226598
2026-07-16 13:15:00,33.7599983215332,33.79999923706055,33.720001220703125,33.7599983215332,65386
2026-07-16 13:30:00,33.79999923706055,33.86000061035156,33.7599983215332,33.7599983215332,194709
2026-07-16 13:45:00,33.79999923706055,33.81999969482422,33.70000076293945,33.79999923706055,75625
2026-07-16 14:00:00,33.779998779296875,33.79999923706055,33.70000076293945,33.7599983215332,68621
2026-07-16 14:15:00,33.7599983215332,33.880001068115234,33.70000076293945,33.7599983215332,590984
2026-07-16 14:30:00,33.81999969482422,33.86000061035156,33.58000183105469,33.7599983215332,374886
2026-07-16 14:45:00,33.779998779296875,33.84000015258789,33.70000076293945,33.720001220703125,104922
2026-07-16 15:00:00,33.91999816894531,34.0,33.7400016784668,33.7400016784668,386410
2026-07-16 15:15:00,33.79999923706055,33.900001525878906,33.7400016784668,33.900001525878906,120427
2026-07-16 15:30:00,33.84000015258789,33.91999816894531,33.7599983215332,33.79999923706055,65290
2026-07-16 15:45:00,33.959999084472656,33.97999954223633,33.79999923706055,33.79999923706055,95862
2026-07-16 16:00:00,34.0,34.0,33.900001525878906,33.959999084472656,138891
2026-07-16 16:15:00,34.119998931884766,34.13999938964844,33.939998626708984,33.959999084472656,363868
2026-07-16 16:30:00,34.02000045776367,34.13999938964844,33.939998626708984,34.119998931884766,173030
2026-07-16 16:45:00,34.040000915527344,34.040000915527344,33.939998626708984,34.0,80410
2026-07-16 17:00:00,34.0,34.08000183105469,34.0,34.040000915527344,48849
2026-07-16 17:15:00,34.02000045776367,34.08000183105469,34.0,34.040000915527344,77023
2026-07-16 17:30:00,33.97999954223633,34.060001373291016,33.91999816894531,34.02000045776367,357651
2026-07-16 17:45:00,33.97999954223633,34.0,33.880001068115234,33.91999816894531,244457
2026-07-17 12:00:00,34.13999938964844,34.18000030517578,34.08000183105469,34.18000030517578,171862
2026-07-17 12:15:00,34.02000045776367,34.18000030517578,33.959999084472656,34.119998931884766,176525
2026-07-17 12:30:00,33.939998626708984,34.040000915527344,33.86000061035156,34.02000045776367,237400
2026-07-17 12:45:00,34.040000915527344,34.060001373291016,33.86000061035156,33.880001068115234,88859
2026-07-17 13:00:00,33.939998626708984,34.08000183105469,33.91999816894531,34.0,42374
2026-07-17 13:15:00,34.18000030517578,34.20000076293945,33.91999816894531,33.91999816894531,358921
2026-07-17 13:30:00,34.20000076293945,34.20000076293945,34.119998931884766,34.15999984741211,80300
2026-07-17 13:45:00,34.31999969482422,34.31999969482422,34.13999938964844,34.15999984741211,374085
2026-07-17 14:00:00,34.2599983215332,34.31999969482422,34.2400016784668,34.29999923706055,95336
2026-07-17 14:15:00,34.220001220703125,34.31999969482422,34.220001220703125,34.29999923706055,66399
2026-07-17 14:30:00,34.29999923706055,34.29999923706055,34.20000076293945,34.20000076293945,98206
2026-07-17 14:45:00,34.380001068115234,34.41999816894531,34.29999923706055,34.31999969482422,649659
2026-07-17 15:00:00,34.220001220703125,34.380001068115234,34.220001220703125,34.380001068115234,153134
2026-07-17 15:15:00,34.279998779296875,34.31999969482422,34.220001220703125,34.220001220703125,113752
2026-07-17 15:30:00,34.279998779296875,34.29999923706055,34.2400016784668,34.279998779296875,60043
2026-07-17 15:45:00,34.279998779296875,34.29999923706055,34.220001220703125,34.279998779296875,337990
2026-07-17 16:00:00,34.220001220703125,34.279998779296875,34.18000030517578,34.2400016784668,79420
2026-07-17 16:15:00,34.220001220703125,34.29999923706055,34.15999984741211,34.2400016784668,237448
2026-07-17 16:30:00,34.18000030517578,34.220001220703125,34.13999938964844,34.220001220703125,42171
2026-07-17 16:45:00,34.2599983215332,34.29999923706055,34.20000076293945,34.20000076293945,222113
2026-07-17 17:00:00,34.18000030517578,34.279998779296875,34.13999938964844,34.279998779296875,73265
2026-07-17 17:15:00,34.18000030517578,34.220001220703125,34.13999938964844,34.15999984741211,43692
2026-07-17 17:30:00,34.099998474121094,34.20000076293945,34.060001373291016,34.15999984741211,74757
2026-07-17 17:45:00,33.939998626708984,34.119998931884766,33.900001525878906,34.08000183105469,146884
2026-07-20 09:45:00,34.15999984741211,34.15999984741211,34.15999984741211,34.15999984741211,0
2026-07-20 10:00:00,34.040000915527344,34.18000030517578,33.79999923706055,34.15999984741211,533267
2026-07-20 10:15:00,34.380001068115234,34.380001068115234,33.959999084472656,34.02000045776367,451420
2026-07-20 10:30:00,34.2400016784668,34.41999816894531,34.20000076293945,34.36000061035156,300068
2026-07-20 10:45:00,34.220001220703125,34.29999923706055,34.13999938964844,34.2599983215332,169647
2026-07-20 11:00:00,33.880001068115234,34.220001220703125,33.720001220703125,34.18000030517578,83923
2026-07-20 11:15:00,33.84000015258789,33.959999084472656,33.81999969482422,33.880001068115234,88049
2026-07-20 11:30:00,33.86000061035156,33.900001525878906,33.720001220703125,33.84000015258789,56043
2026-07-20 11:45:00,33.779998779296875,33.880001068115234,33.7400016784668,33.880001068115234,45657
2026-07-20 12:00:00,34.02000045776367,34.02000045776367,33.779998779296875,33.779998779296875,70340
2026-07-20 12:15:00,34.099998474121094,34.13999938964844,33.939998626708984,34.02000045776367,389854
2026-07-20 12:30:00,34.08000183105469,34.15999984741211,34.060001373291016,34.08000183105469,113890
2026-07-20 12:45:00,34.040000915527344,34.099998474121094,34.0,34.08000183105469,64421
2026-07-20 13:00:00,34.099998474121094,34.2599983215332,34.040000915527344,34.060001373291016,363370
2026-07-20 13:15:00,34.65999984741211,34.79999923706055,34.099998474121094,34.099998474121094,858860
2026-07-20 13:30:00,34.779998779296875,34.79999923706055,34.400001525878906,34.70000076293945,732880
2026-07-20 13:45:00,34.81999969482422,34.939998626708984,34.720001220703125,34.7599983215332,749041
2026-07-20 14:00:00,35.220001220703125,35.2400016784668,34.7599983215332,34.81999969482422,401137
2026-07-20 14:15:00,35.20000076293945,35.2599983215332,35.0,35.220001220703125,675549
2026-07-20 14:30:00,35.68000030517578,35.720001220703125,35.20000076293945,35.20000076293945,550565
2026-07-20 14:45:00,35.560001373291016,35.70000076293945,35.400001525878906,35.70000076293945,591139
2026-07-20 15:00:00,35.65999984741211,35.68000030517578,35.41999816894531,35.560001373291016,302592
2026-07-20 15:15:00,35.560001373291016,35.65999984741211,35.5,35.65999984741211,119667
2026-07-20 15:30:00,35.41999816894531,35.599998474121094,35.36000061035156,35.58000183105469,157769
2026-07-20 15:45:00,35.560001373291016,35.58000183105469,35.380001068115234,35.41999816894531,171917
2026-07-20 16:00:00,35.41999816894531,35.560001373291016,35.400001525878906,35.560001373291016,127932
2026-07-20 16:15:00,35.439998626708984,35.459999084472656,35.29999923706055,35.41999816894531,166729
2026-07-20 16:30:00,35.400001525878906,35.540000915527344,35.31999969482422,35.41999816894531,193186
2026-07-20 16:45:00,35.31999969482422,35.439998626708984,35.279998779296875,35.380001068115234,400016
2026-07-20 17:00:00,35.31999969482422,35.36000061035156,35.279998779296875,35.31999969482422,134547
2026-07-20 17:15:00,35.18000030517578,35.31999969482422,35.18000030517578,35.31999969482422,189671
2026-07-20 17:30:00,35.220001220703125,35.2400016784668,35.08000183105469,35.18000030517578,248321
2026-07-20 17:45:00,35.13999938964844,35.439998626708984,35.060001373291016,35.220001220703125,354710
2026-07-21 09:45:00,35.18000030517578,35.18000030517578,35.18000030517578,35.18000030517578,0
2026-07-21 10:00:00,35.060001373291016,35.5,34.86000061035156,35.2400016784668,365380
2026-07-21 10:15:00,35.2400016784668,35.400001525878906,35.02000045776367,35.060001373291016,156362
2026-07-21 10:30:00,35.2400016784668,35.36000061035156,35.220001220703125,35.2599983215332,127744
2026-07-21 10:45:00,35.099998474121094,35.2599983215332,34.900001525878906,35.2599983215332,318060
2026-07-21 11:00:00,34.939998626708984,35.08000183105469,34.880001068115234,35.060001373291016,108080
2026-07-21 11:15:00,34.97999954223633,35.02000045776367,34.91999816894531,34.91999816894531,27229
2026-07-21 11:30:00,35.13999938964844,35.18000030517578,34.97999954223633,34.97999954223633,47581
2026-07-21 11:45:00,35.060001373291016,35.2400016784668,35.060001373291016,35.18000030517578,188576
2026-07-21 12:00:00,35.18000030517578,35.18000030517578,35.060001373291016,35.08000183105469,36370
2026-07-21 12:15:00,35.279998779296875,35.47999954223633,35.18000030517578,35.18000030517578,101896
2026-07-21 12:30:00,35.279998779296875,35.29999923706055,35.2400016784668,35.279998779296875,50813
2026-07-21 12:45:00,35.2400016784668,35.29999923706055,35.20000076293945,35.279998779296875,87318
2026-07-21 13:00:00,35.29999923706055,35.29999923706055,35.220001220703125,35.2400016784668,146896
2026-07-21 13:15:00,35.2400016784668,35.34000015258789,35.2400016784668,35.279998779296875,64418
2026-07-21 13:30:00,35.279998779296875,35.31999969482422,35.20000076293945,35.2400016784668,25016
2026-07-21 13:45:00,35.2400016784668,35.34000015258789,35.220001220703125,35.279998779296875,79802
2026-07-21 14:00:00,35.099998474121094,35.279998779296875,35.060001373291016,35.279998779296875,88008
2026-07-21 14:15:00,35.08000183105469,35.13999938964844,34.97999954223633,35.099998474121094,55136
2026-07-21 14:30:00,35.15999984741211,35.20000076293945,35.060001373291016,35.060001373291016,77332
2026-07-21 14:45:00,35.02000045776367,35.15999984741211,35.0,35.13999938964844,15822
2026-07-21 15:00:00,34.97999954223633,35.08000183105469,34.880001068115234,35.02000045776367,105261
2026-07-21 15:15:00,34.79999923706055,34.97999954223633,34.79999923706055,34.97999954223633,42865
2026-07-21 15:30:00,34.84000015258789,34.880001068115234,34.779998779296875,34.79999923706055,53326
2026-07-21 15:45:00,34.939998626708984,34.97999954223633,34.79999923706055,34.81999969482422,51863
2026-07-21 16:00:00,35.040000915527344,35.060001373291016,34.939998626708984,34.939998626708984,87659
2026-07-21 16:15:00,35.0,35.08000183105469,35.0,35.02000045776367,61401
2026-07-21 16:30:00,34.91999816894531,35.060001373291016,34.91999816894531,35.0,65011
2026-07-21 16:45:00,34.97999954223633,35.02000045776367,34.900001525878906,34.91999816894531,133395
2026-07-21 17:00:00,35.0,35.02000045776367,34.939998626708984,34.959999084472656,32788
2026-07-21 17:15:00,35.119998931884766,35.13999938964844,34.97999954223633,35.0,101934
2026-07-21 17:30:00,35.08000183105469,35.2400016784668,35.02000045776367,35.099998474121094,337000
2026-07-21 17:45:00,35.02000045776367,35.20000076293945,35.0,35.099998474121094,138841
2026-07-22 09:45:00,35.040000915527344,35.040000915527344,35.040000915527344,35.040000915527344,0
2026-07-22 10:00:00,35.279998779296875,35.279998779296875,34.91999816894531,35.040000915527344,258019
2026-07-22 10:15:00,35.220001220703125,35.36000061035156,35.20000076293945,35.29999923706055,214909
2026-07-22 10:30:00,35.099998474121094,35.220001220703125,34.939998626708984,35.220001220703125,108351
2026-07-22 10:45:00,35.15999984741211,35.15999984741211,34.880001068115234,35.099998474121094,111092
2026-07-22 11:00:00,35.060001373291016,35.15999984741211,35.02000045776367,35.099998474121094,54856
2026-07-22 11:15:00,35.2599983215332,35.34000015258789,35.040000915527344,35.040000915527344,126339
2026-07-22 11:30:00,35.099998474121094,35.220001220703125,35.040000915527344,35.220001220703125,55026
2026-07-22 11:45:00,35.08000183105469,35.099998474121094,34.900001525878906,35.099998474121094,80102
2026-07-22 12:00:00,35.099998474121094,35.099998474121094,35.02000045776367,35.08000183105469,102077
2026-07-22 12:15:00,35.0,35.119998931884766,35.0,35.099998474121094,62430
2026-07-22 12:30:00,34.86000061035156,35.040000915527344,34.84000015258789,35.0,119705
2026-07-22 12:45:00,34.79999923706055,34.86000061035156,34.779998779296875,34.86000061035156,56090
2026-07-22 13:00:00,34.79999923706055,34.880001068115234,34.79999923706055,34.81999969482422,51515
2026-07-22 13:15:00,35.02000045776367,35.08000183105469,34.779998779296875,34.779998779296875,204515
2026-07-22 13:30:00,34.84000015258789,35.040000915527344,34.84000015258789,35.02000045776367,174354
2026-07-22 13:45:00,34.91999816894531,34.939998626708984,34.81999969482422,34.86000061035156,65678
2026-07-22 14:00:00,34.900001525878906,35.02000045776367,34.86000061035156,34.91999816894531,34944
2026-07-22 14:15:00,34.79999923706055,34.900001525878906,34.7599983215332,34.900001525878906,74007
2026-07-22 14:30:00,34.779998779296875,34.880001068115234,34.7599983215332,34.779998779296875,24808
2026-07-22 14:45:00,34.720001220703125,34.81999969482422,34.68000030517578,34.79999923706055,69115
2026-07-22 15:00:00,34.86000061035156,34.86000061035156,34.68000030517578,34.720001220703125,237624
2026-07-22 15:15:00,34.81999969482422,34.880001068115234,34.720001220703125,34.880001068115234,54841
2026-07-22 15:30:00,34.79999923706055,34.86000061035156,34.779998779296875,34.779998779296875,75674
2026-07-22 15:45:00,34.70000076293945,34.84000015258789,34.63999938964844,34.81999969482422,197871
2026-07-22 16:00:00,34.70000076293945,34.7599983215332,34.70000076293945,34.70000076293945,66679
2026-07-22 16:15:00,34.65999984741211,34.70000076293945,34.58000183105469,34.70000076293945,151288
2026-07-22 16:30:00,34.619998931884766,34.63999938964844,34.560001373291016,34.63999938964844,68606
2026-07-22 16:45:00,34.560001373291016,34.65999984741211,34.560001373291016,34.619998931884766,89306
2026-07-22 17:00:00,34.560001373291016,34.619998931884766,34.52000045776367,34.58000183105469,122123
2026-07-22 17:15:00,34.81999969482422,34.959999084472656,34.400001525878906,34.560001373291016,635166
2026-07-22 17:30:00,34.58000183105469,34.81999969482422,34.540000915527344,34.81999969482422,161259
2026-07-22 17:45:00,34.65999984741211,34.65999984741211,34.52000045776367,34.58000183105469,145214
2026-07-23 09:45:00,34.959999084472656,34.959999084472656,34.959999084472656,34.959999084472656,0
2026-07-23 10:00:00,34.70000076293945,34.959999084472656,34.560001373291016,34.959999084472656,192628
2026-07-23 10:15:00,34.86000061035156,34.91999816894531,34.65999984741211,34.70000076293945,111619
2026-07-23 10:30:00,34.599998474121094,34.86000061035156,34.599998474121094,34.84000015258789,118410
2026-07-23 10:45:00,34.70000076293945,34.7400016784668,34.540000915527344,34.619998931884766,106483
2026-07-23 11:00:00,34.81999969482422,35.0,34.70000076293945,34.70000076293945,164179
2026-07-23 11:15:00,34.599998474121094,34.84000015258789,34.599998474121094,34.81999969482422,114763
2026-07-23 11:30:00,34.84000015258789,34.900001525878906,34.599998474121094,34.599998474121094,75972
2026-07-23 11:45:00,34.70000076293945,34.91999816894531,34.70000076293945,34.81999969482422,164792
2026-07-23 12:00:00,34.70000076293945,34.7400016784668,34.619998931884766,34.70000076293945,52917
2026-07-23 12:15:00,34.70000076293945,34.70000076293945,34.65999984741211,34.68000030517578,12039
2026-07-23 12:30:00,34.7599983215332,34.81999969482422,34.70000076293945,34.70000076293945,19015
2026-07-23 12:45:00,34.7599983215332,34.81999969482422,34.720001220703125,34.79999923706055,26823
2026-07-23 13:00:00,34.70000076293945,34.81999969482422,34.70000076293945,34.81999969482422,19953
2026-07-23 13:15:00,34.70000076293945,34.79999923706055,34.70000076293945,34.70000076293945,69371
2026-07-23 13:30:00,34.7400016784668,34.79999923706055,34.720001220703125,34.7400016784668,40680
2026-07-23 13:45:00,34.68000030517578,34.779998779296875,34.65999984741211,34.7400016784668,64460
2026-07-23 14:00:00,34.65999984741211,34.720001220703125,34.599998474121094,34.63999938964844,24599
2026-07-23 14:15:00,34.65999984741211,34.70000076293945,34.63999938964844,34.68000030517578,29136
2026-07-23 14:30:00,34.58000183105469,34.63999938964844,34.560001373291016,34.63999938964844,25263
2026-07-23 14:45:00,34.599998474121094,34.65999984741211,34.540000915527344,34.58000183105469,69622
2026-07-23 15:00:00,34.58000183105469,34.70000076293945,34.560001373291016,34.619998931884766,86685
2026-07-23 15:15:00,34.34000015258789,34.58000183105469,34.34000015258789,34.560001373291016,188569
2026-07-23 15:30:00,34.2599983215332,34.36000061035156,34.0,34.34000015258789,187743
2026-07-23 15:45:00,34.18000030517578,34.2400016784668,34.099998474121094,34.2400016784668,126921
2026-07-23 16:00:00,34.099998474121094,34.220001220703125,34.099998474121094,34.20000076293945,195755
2026-07-23 16:15:00,34.040000915527344,34.15999984741211,34.02000045776367,34.119998931884766,205718
2026-07-23 16:30:00,34.220001220703125,34.29999923706055,34.02000045776367,34.02000045776367,285880
2026-07-23 16:45:00,34.7400016784668,34.900001525878906,34.18000030517578,34.220001220703125,480193
2026-07-23 17:00:00,34.7400016784668,34.81999969482422,34.70000076293945,34.7400016784668,127751
2026-07-23 17:15:00,34.70000076293945,34.7400016784668,34.5,34.70000076293945,271697
2026-07-23 17:30:00,34.619998931884766,34.84000015258789,34.58000183105469,34.7400016784668,140069
2026-07-23 17:45:00,34.560001373291016,34.63999938964844,34.400001525878906,34.619998931884766,248461
2026-07-24 09:45:00,34.779998779296875,34.779998779296875,34.779998779296875,34.779998779296875,0
2026-07-24 10:00:00,34.7599983215332,34.79999923706055,34.560001373291016,34.7599983215332,218377
2026-07-24 10:15:00,34.97999954223633,34.97999954223633,34.7400016784668,34.7599983215332,182453
2026-07-24 10:30:00,35.15999984741211,35.15999984741211,34.900001525878906,34.97999954223633,193755
2026-07-24 10:45:00,34.959999084472656,35.400001525878906,34.959999084472656,35.15999984741211,333703
2026-07-24 11:00:00,34.880001068115234,35.02000045776367,34.86000061035156,34.939998626708984,70137
2026-07-24 11:15:00,34.84000015258789,34.880001068115234,34.779998779296875,34.880001068115234,52166
2026-07-24 11:30:00,34.68000030517578,34.900001525878906,34.68000030517578,34.79999923706055,76974
2026-07-24 11:45:00,34.70000076293945,34.779998779296875,34.65999984741211,34.720001220703125,76571
2026-07-24 12:00:00,34.58000183105469,34.720001220703125,34.52000045776367,34.70000076293945,86940
2026-07-24 12:15:00,34.560001373291016,34.599998474121094,34.439998626708984,34.599998474121094,46966
2026-07-24 12:30:00,34.5,34.540000915527344,34.400001525878906,34.5,43858
2026-07-24 12:45:00,34.34000015258789,34.5,34.31999969482422,34.47999954223633,33271
2026-07-24 13:00:00,34.380001068115234,34.380001068115234,34.279998779296875,34.380001068115234,38411
2026-07-24 13:15:00,34.34000015258789,34.36000061035156,34.279998779296875,34.34000015258789,29707
2026-07-24 13:30:00,34.36000061035156,34.36000061035156,34.29999923706055,34.34000015258789,14909
2026-07-24 13:45:00,34.15999984741211,34.41999816894531,34.099998474121094,34.36000061035156,78372
2026-07-24 14:00:00,34.13999938964844,34.20000076293945,34.08000183105469,34.13999938964844,36043
2026-07-24 14:15:00,34.13999938964844,34.20000076293945,34.099998474121094,34.099998474121094,44730
2026-07-24 14:30:00,34.29999923706055,34.36000061035156,34.13999938964844,34.13999938964844,70220
2026-07-24 14:45:00,34.400001525878906,34.70000076293945,34.279998779296875,34.29999923706055,169938
2026-07-24 15:00:00,34.31999969482422,34.459999084472656,34.279998779296875,34.380001068115234,37061
2026-07-24 15:15:00,34.36000061035156,34.400001525878906,34.279998779296875,34.31999969482422,51045
2026-07-24 15:30:00,34.279998779296875,34.400001525878906,34.279998779296875,34.36000061035156,61613
2026-07-24 15:45:00,34.18000030517578,34.34000015258789,34.18000030517578,34.29999923706055,46657
2026-07-24 16:00:00,34.099998474121094,34.20000076293945,34.060001373291016,34.20000076293945,49564
2026-07-24 16:15:00,34.08000183105469,34.13999938964844,34.040000915527344,34.099998474121094,64772
2026-07-24 16:30:00,33.97999954223633,34.15999984741211,33.880001068115234,34.040000915527344,177883
2026-07-24 16:45:00,33.84000015258789,34.060001373291016,33.779998779296875,33.97999954223633,270484
2026-07-24 17:00:00,34.02000045776367,34.040000915527344,33.84000015258789,33.86000061035156,145561
2026-07-24 17:15:00,33.97999954223633,34.02000045776367,33.91999816894531,34.0,171160
2026-07-24 17:30:00,34.099998474121094,34.20000076293945,33.91999816894531,33.939998626708984,266601
2026-07-24 17:45:00,33.060001373291016,34.15999984741211,33.060001373291016,34.099998474121094,227501
2026-07-27 09:45:00,35.099998474121094,35.099998474121094,35.099998474121094,35.099998474121094,0
2026-07-27 10:00:00,34.720001220703125,35.099998474121094,34.41999816894531,35.0,394801
2026-07-27 10:15:00,34.86000061035156,34.880001068115234,34.599998474121094,34.720001220703125,131576
2026-07-27 10:30:00,34.619998931884766,34.91999816894531,34.58000183105469,34.86000061035156,84432
2026-07-27 10:45:00,34.47999954223633,34.65999984741211,34.47999954223633,34.63999938964844,84462
2026-07-27 11:00:00,34.65999984741211,34.70000076293945,34.459999084472656,34.459999084472656,79226
2026-07-27 11:15:00,34.5,34.63999938964844,34.47999954223633,34.63999938964844,79556
2026-07-27 11:30:00,34.459999084472656,34.560001373291016,34.459999084472656,34.52000045776367,33742
2026-07-27 11:45:00,34.2400016784668,34.459999084472656,34.220001220703125,34.459999084472656,65240
2026-07-27 12:00:00,34.29999923706055,34.380001068115234,34.18000030517578,34.2400016784668,43686
2026-07-27 12:15:00,34.34000015258789,34.400001525878906,34.279998779296875,34.29999923706055,73215
2026-07-27 12:30:00,34.20000076293945,34.380001068115234,34.13999938964844,34.34000015258789,83659
2026-07-27 12:45:00,34.439998626708984,34.459999084472656,34.13999938964844,34.13999938964844,103171
2026-07-27 13:00:00,34.439998626708984,34.5,34.41999816894531,34.41999816894531,55052
2026-07-27 13:15:00,34.52000045776367,34.560001373291016,34.459999084472656,34.47999954223633,12140
2026-07-27 13:30:00,34.70000076293945,34.720001220703125,34.52000045776367,34.52000045776367,119894
2026-07-27 13:45:00,34.560001373291016,34.7400016784668,34.540000915527344,34.68000030517578,119783
2026-07-27 14:00:00,34.41999816894531,34.560001373291016,34.41999816894531,34.560001373291016,21216
2026-07-27 14:15:00,34.439998626708984,34.459999084472656,34.36000061035156,34.439998626708984,62448
2026-07-27 14:30:00,34.47999954223633,34.47999954223633,34.41999816894531,34.439998626708984,16031
2026-07-27 14:45:00,34.459999084472656,34.47999954223633,34.41999816894531,34.439998626708984,10186
2026-07-27 15:00:00,34.459999084472656,34.459999084472656,34.400001525878906,34.439998626708984,28699
2026-07-27 15:15:00,34.439998626708984,34.439998626708984,34.36000061035156,34.400001525878906,30443
2026-07-27 15:30:00,34.29999923706055,34.439998626708984,34.29999923706055,34.439998626708984,51299
2026-07-27 15:45:00,34.380001068115234,34.439998626708984,34.279998779296875,34.29999923706055,72178
2026-07-27 16:00:00,34.279998779296875,34.36000061035156,34.2400016784668,34.36000061035156,105885
2026-07-27 16:15:00,34.29999923706055,34.34000015258789,34.2400016784668,34.34000015258789,54719
2026-07-27 16:30:00,34.220001220703125,34.34000015258789,34.20000076293945,34.279998779296875,36006
2026-07-27 16:45:00,34.15999984741211,34.2400016784668,34.15999984741211,34.220001220703125,58545
2026-07-27 17:00:00,34.220001220703125,34.220001220703125,34.13999938964844,34.13999938964844,59533
2026-07-27 17:15:00,34.20000076293945,34.29999923706055,34.119998931884766,34.220001220703125,90870
2026-07-27 17:30:00,34.119998931884766,34.20000076293945,34.0,34.20000076293945,228006
2026-07-27 17:45:00,34.15999984741211,34.20000076293945,34.08000183105469,34.099998474121094,142349
2026-07-28 09:45:00,34.13999938964844,34.13999938964844,34.13999938964844,34.13999938964844,0
2026-07-28 10:00:00,34.2599983215332,34.279998779296875,34.02000045776367,34.15999984741211,126843
2026-07-28 10:15:00,34.599998474121094,34.779998779296875,34.2400016784668,34.279998779296875,216150
2026-07-28 10:30:00,34.86000061035156,34.880001068115234,34.52000045776367,34.599998474121094,97658
2026-07-28 10:45:00,34.65999984741211,34.939998626708984,34.65999984741211,34.900001525878906,137618
2026-07-28 11:00:00,34.619998931884766,34.7400016784668,34.599998474121094,34.65999984741211,44360
2026-07-28 11:15:00,34.7400016784668,34.79999923706055,34.619998931884766,34.619998931884766,29660
2026-07-28 11:30:00,34.880001068115234,34.900001525878906,34.7400016784668,34.7599983215332,122412
2026-07-28 11:45:00,35.040000915527344,35.08000183105469,34.880001068115234,34.880001068115234,358857
2026-07-28 12:00:00,34.959999084472656,35.08000183105469,34.880001068115234,35.02000045776367,129447
2026-07-28 12:15:00,35.060001373291016,35.060001373291016,34.959999084472656,34.959999084472656,205009
2026-07-28 12:30:00,34.86000061035156,35.13999938964844,34.86000061035156,35.060001373291016,110583
2026-07-28 12:45:00,35.0,35.02000045776367,34.79999923706055,34.84000015258789,98148
2026-07-28 13:00:00,34.79999923706055,35.0,34.79999923706055,34.97999954223633,143265
2026-07-28 13:15:00,34.68000030517578,34.81999969482422,34.599998474121094,34.81999969482422,249910
2026-07-28 13:30:00,34.7599983215332,34.84000015258789,34.68000030517578,34.68000030517578,208210
2026-07-28 13:45:00,34.86000061035156,34.91999816894531,34.7599983215332,34.7599983215332,172270
2026-07-28 14:00:00,34.779998779296875,34.900001525878906,34.720001220703125,34.900001525878906,130582
2026-07-28 14:15:00,34.70000076293945,34.79999923706055,34.65999984741211,34.7599983215332,84642
2026-07-28 14:30:00,34.63999938964844,34.720001220703125,34.63999938964844,34.68000030517578,57246
2026-07-28 14:45:00,34.68000030517578,34.70000076293945,34.619998931884766,34.68000030517578,73092
2026-07-28 15:00:00,34.540000915527344,34.779998779296875,34.540000915527344,34.68000030517578,165001
2026-07-28 15:15:00,34.560001373291016,34.619998931884766,34.5,34.560001373291016,113148
2026-07-28 15:30:00,34.540000915527344,34.58000183105469,34.459999084472656,34.560001373291016,132715
2026-07-28 15:45:00,34.7400016784668,34.79999923706055,34.52000045776367,34.540000915527344,96734
2026-07-28 16:00:00,34.63999938964844,34.779998779296875,34.540000915527344,34.7400016784668,169978
2026-07-28 16:15:00,34.619998931884766,34.68000030517578,34.599998474121094,34.65999984741211,61615
2026-07-28 16:30:00,34.599998474121094,34.720001220703125,34.599998474121094,34.63999938964844,84808
2026-07-28 16:45:00,34.47999954223633,34.70000076293945,34.400001525878906,34.599998474121094,206687
2026-07-28 17:00:00,34.439998626708984,34.560001373291016,34.380001068115234,34.47999954223633,328651
2026-07-28 17:15:00,34.29999923706055,34.41999816894531,34.279998779296875,34.400001525878906,133090
2026-07-28 17:30:00,34.34000015258789,34.380001068115234,34.15999984741211,34.31999969482422,283606
2026-07-28 17:45:00,34.380001068115234,34.5,34.34000015258789,34.400001525878906,230403
2026-07-29 09:45:00,34.380001068115234,34.380001068115234,34.380001068115234,34.380001068115234,0
2026-07-29 10:00:00,34.959999084472656,34.959999084472656,34.220001220703125,34.36000061035156,421964
2026-07-29 10:15:00,34.900001525878906,35.20000076293945,34.84000015258789,34.97999954223633,293434
2026-07-29 10:30:00,34.7400016784668,34.880001068115234,34.720001220703125,34.86000061035156,144500
2026-07-29 10:45:00,34.779998779296875,34.81999969482422,34.720001220703125,34.7400016784668,104176
2026-07-29 11:00:00,34.65999984741211,34.79999923706055,34.65999984741211,34.779998779296875,70382
2026-07-29 11:15:00,34.619998931884766,34.65999984741211,34.560001373291016,34.65999984741211,79103
2026-07-29 11:30:00,34.7400016784668,34.79999923706055,34.619998931884766,34.619998931884766,159474
2026-07-29 11:45:00,34.959999084472656,34.959999084472656,34.7400016784668,34.7400016784668,188582
2026-07-29 12:00:00,34.779998779296875,34.959999084472656,34.7400016784668,34.959999084472656,217411
2026-07-29 12:15:00,34.779998779296875,34.79999923706055,34.720001220703125,34.7599983215332,34826
2026-07-29 12:30:00,34.7599983215332,34.779998779296875,34.70000076293945,34.779998779296875,41773
2026-07-29 12:45:00,34.81999969482422,34.84000015258789,34.7400016784668,34.7400016784668,45892
2026-07-29 13:00:00,34.81999969482422,34.81999969482422,34.7400016784668,34.81999969482422,50296
2026-07-29 13:15:00,34.779998779296875,34.84000015258789,34.7400016784668,34.81999969482422,55443
2026-07-29 13:30:00,34.79999923706055,35.0,34.779998779296875,34.779998779296875,173149
2026-07-29 13:45:00,34.880001068115234,34.880001068115234,34.7599983215332,34.81999969482422,58492
2026-07-29 14:00:00,34.79999923706055,34.880001068115234,34.779998779296875,34.84000015258789,68889
2026-07-29 14:15:00,34.81999969482422,34.84000015258789,34.779998779296875,34.81999969482422,10808
2026-07-29 14:30:00,34.68000030517578,34.81999969482422,34.63999938964844,34.81999969482422,104035
2026-07-29 14:45:00,34.720001220703125,34.84000015258789,34.68000030517578,34.68000030517578,97066
2026-07-29 15:00:00,34.65999984741211,34.720001220703125,34.619998931884766,34.720001220703125,34073
2026-07-29 15:15:00,34.52000045776367,34.65999984741211,34.459999084472656,34.65999984741211,79371
2026-07-29 15:30:00,34.58000183105469,34.619998931884766,34.52000045776367,34.52000045776367,49566
2026-07-29 15:45:00,34.7400016784668,34.7599983215332,34.560001373291016,34.560001373291016,116945
2026-07-29 16:00:00,34.81999969482422,34.84000015258789,34.7400016784668,34.7400016784668,62696
2026-07-29 16:15:00,34.7599983215332,34.84000015258789,34.720001220703125,34.81999969482422,77445
2026-07-29 16:30:00,34.70000076293945,34.81999969482422,34.65999984741211,34.7400016784668,156264
2026-07-29 16:45:00,34.63999938964844,34.720001220703125,34.619998931884766,34.70000076293945,56616
2026-07-29 17:00:00,34.599998474121094,34.70000076293945,34.560001373291016,34.63999938964844,121507
2026-07-29 17:15:00,34.720001220703125,34.7599983215332,34.599998474121094,34.599998474121094,87145
2026-07-29 17:30:00,34.779998779296875,34.880001068115234,34.68000030517578,34.7599983215332,187355
2026-07-29 17:45:00,34.880001068115234,34.880001068115234,34.560001373291016,34.779998779296875,304537
2026-07-30 09:45:00,35.099998474121094,35.099998474121094,35.099998474121094,35.099998474121094,0
2026-07-30 10:00:00,35.900001525878906,36.040000915527344,35.0,35.099998474121094,883369
2026-07-30 10:15:00,35.84000015258789,35.97999954223633,35.70000076293945,35.900001525878906,340451
2026-07-30 10:30:00,35.279998779296875,35.900001525878906,35.13999938964844,35.79999923706055,493988
2026-07-30 10:45:00,35.29999923706055,35.41999816894531,35.20000076293945,35.220001220703125,155765
2026-07-30 11:00:00,35.400001525878906,35.52000045776367,35.279998779296875,35.279998779296875,121439
2026-07-30 11:15:00,35.459999084472656,35.5,35.34000015258789,35.400001525878906,51732
2026-07-30 11:30:00,35.41999816894531,35.599998474121094,35.400001525878906,35.459999084472656,114827
2026-07-30 11:45:00,35.5,35.5,35.400001525878906,35.41999816894531,54832
2026-07-30 12:00:00,35.400001525878906,35.560001373291016,35.400001525878906,35.52000045776367,61409
2026-07-30 12:15:00,35.439998626708984,35.52000045776367,35.36000061035156,35.380001068115234,84406
2026-07-30 12:30:00,35.41999816894531,35.459999084472656,35.380001068115234,35.41999816894531,54532
2026-07-30 12:45:00,35.41999816894531,35.41999816894531,35.34000015258789,35.41999816894531,35025
2026-07-30 13:00:00,35.400001525878906,35.459999084472656,35.36000061035156,35.400001525878906,70880
2026-07-30 13:15:00,35.439998626708984,35.5,35.400001525878906,35.400001525878906,56084
2026-07-30 13:30:00,35.52000045776367,35.52000045776367,35.400001525878906,35.439998626708984,43794
2026-07-30 13:45:00,35.47999954223633,35.58000183105469,35.439998626708984,35.47999954223633,91201
2026-07-30 14:00:00,35.439998626708984,35.58000183105469,35.439998626708984,35.459999084472656,72375
2026-07-30 14:15:00,35.58000183105469,35.58000183105469,35.439998626708984,35.459999084472656,61178
2026-07-30 14:30:00,35.52000045776367,35.58000183105469,35.459999084472656,35.58000183105469,37538
2026-07-30 14:45:00,35.560001373291016,35.599998474121094,35.459999084472656,35.5,85540
2026-07-30 15:00:00,35.5,35.58000183105469,35.41999816894531,35.560001373291016,92542
2026-07-30 15:15:00,35.439998626708984,35.52000045776367,35.41999816894531,35.5,67359
2026-07-30 15:30:00,35.18000030517578,35.459999084472656,35.099998474121094,35.41999816894531,156543
2026-07-30 15:45:00,35.099998474121094,35.29999923706055,35.060001373291016,35.220001220703125,100657
2026-07-30 16:00:00,35.2400016784668,35.29999923706055,35.13999938964844,35.13999938964844,81385
2026-07-30 16:15:00,35.58000183105469,35.79999923706055,35.220001220703125,35.2400016784668,539611
2026-07-30 16:30:00,35.5,35.619998931884766,35.41999816894531,35.560001373291016,95211
2026-07-30 16:45:00,35.220001220703125,35.560001373291016,35.220001220703125,35.5,94554
2026-07-30 17:00:00,35.34000015258789,35.400001525878906,35.08000183105469,35.20000076293945,172785
2026-07-30 17:15:00,35.52000045776367,35.560001373291016,35.400001525878906,35.400001525878906,134647
2026-07-30 17:30:00,35.52000045776367,35.619998931884766,35.459999084472656,35.540000915527344,248442
2026-07-30 17:45:00,35.41999816894531,35.560001373291016,35.41999816894531,35.52000045776367,168795
2026-07-31 09:45:00,35.939998626708984,35.939998626708984,35.939998626708984,35.939998626708984,0
2026-07-31 10:00:00,35.599998474121094,35.900001525878906,35.20000076293945,35.47999954223633,328160
2026-07-31 10:15:00,35.31999969482422,35.720001220703125,35.279998779296875,35.619998931884766,227799
2026-07-31 10:30:00,35.2599983215332,35.47999954223633,35.20000076293945,35.31999969482422,86080
2026-07-31 10:45:00,35.36000061035156,35.400001525878906,35.2400016784668,35.2599983215332,48447
2026-07-31 11:00:00,35.52000045776367,35.58000183105469,35.36000061035156,35.380001068115234,60263
2026-07-31 11:15:00,35.5,35.540000915527344,35.5,35.540000915527344,37262
2026-07-31 11:30:00,35.560001373291016,35.619998931884766,35.47999954223633,35.5,34585
2026-07-31 11:45:00,35.34000015258789,35.58000183105469,35.2599983215332,35.560001373291016,161158
2026-07-31 12:00:00,35.36000061035156,35.400001525878906,35.34000015258789,35.36000061035156,26518
2026-07-31 12:15:00,35.2599983215332,35.459999084472656,35.2400016784668,35.36000061035156,69263
2026-07-31 12:30:00,34.900001525878906,35.2599983215332,34.880001068115234,35.2400016784668,208969
2026-07-31 12:45:00,34.70000076293945,34.939998626708984,34.68000030517578,34.900001525878906,98040
2026-07-31 13:00:00,34.70000076293945,34.86000061035156,34.599998474121094,34.65999984741211,94893
2026-07-31 13:15:00,34.65999984741211,34.7599983215332,34.63999938964844,34.68000030517578,58357
2026-07-31 13:30:00,34.65999984741211,34.68000030517578,34.63999938964844,34.65999984741211,17861
2026-07-31 13:45:00,34.47999954223633,34.720001220703125,34.41999816894531,34.65999984741211,73160
2026-07-31 14:00:00,34.68000030517578,34.79999923706055,34.52000045776367,34.560001373291016,93295
2026-07-31 14:15:00,34.65999984741211,34.720001220703125,34.58000183105469,34.68000030517578,111980
2026-07-31 14:30:00,34.70000076293945,34.70000076293945,34.52000045776367,34.68000030517578,87851
2026-07-31 14:45:00,34.84000015258789,34.86000061035156,34.68000030517578,34.68000030517578,78938
2026-07-31 15:00:00,34.63999938964844,34.86000061035156,34.63999938964844,34.84000015258789,46159
2026-07-31 15:15:00,34.619998931884766,34.68000030517578,34.540000915527344,34.63999938964844,61868
2026-07-31 15:30:00,34.779998779296875,34.86000061035156,34.58000183105469,34.599998474121094,72452
2026-07-31 15:45:00,34.959999084472656,34.959999084472656,34.70000076293945,34.779998779296875,68781
2026-07-31 16:00:00,35.380001068115234,35.400001525878906,34.939998626708984,34.97999954223633,255031
2026-07-31 16:15:00,35.380001068115234,35.52000045776367,35.36000061035156,35.380001068115234,160489
2026-07-31 16:30:00,35.380001068115234,35.459999084472656,35.2400016784668,35.41999816894531,106322
2026-07-31 16:45:00,35.5,35.540000915527344,35.31999969482422,35.380001068115234,184744
2026-07-31 17:00:00,35.5,35.58000183105469,35.5,35.52000045776367,68381
2026-07-31 17:15:00,35.560001373291016,35.58000183105469,35.5,35.540000915527344,63216
2026-07-31 17:45:00,35.560001373291016,35.58000183105469,35.540000915527344,35.58000183105469,12607
2026-08-03 09:45:00,35.70000076293945,35.70000076293945,35.70000076293945,35.70000076293945,0
2026-08-03 10:00:00,35.68000030517578,36.119998931884766,35.560001373291016,35.70000076293945,580106
2026-08-03 10:15:00,35.380001068115234,35.81999969482422,35.2400016784668,35.619998931884766,536180
2026-08-03 10:30:00,35.31999969482422,35.540000915527344,35.29999923706055,35.380001068115234,80457
2026-08-03 10:45:00,35.380001068115234,35.439998626708984,35.20000076293945,35.29999923706055,95993
2026-08-03 11:00:00,35.2400016784668,35.36000061035156,35.15999984741211,35.36000061035156,256198
2026-08-03 11:15:00,35.2599983215332,35.279998779296875,35.119998931884766,35.2400016784668,162344
2026-08-03 11:30:00,35.41999816894531,35.47999954223633,35.279998779296875,35.279998779296875,113881
2026-08-03 11:45:00,35.599998474121094,35.619998931884766,35.36000061035156,35.41999816894531,266239
2026-08-03 12:00:00,35.47999954223633,35.7400016784668,35.439998626708984,35.599998474121094,74538
2026-08-03 12:15:00,35.400001525878906,35.47999954223633,35.279998779296875,35.47999954223633,85092
2026-08-03 12:30:00,35.65999984741211,35.720001220703125,35.41999816894531,35.41999816894531,142638
2026-08-03 12:45:00,35.720001220703125,35.7599983215332,35.599998474121094,35.65999984741211,120037
2026-08-03 13:00:00,35.5,35.720001220703125,35.5,35.720001220703125,34726
2026-08-03 13:15:00,35.560001373291016,35.560001373291016,35.459999084472656,35.5,27676
2026-08-03 13:30:00,35.58000183105469,35.599998474121094,35.5,35.540000915527344,51586
2026-08-03 13:45:00,35.58000183105469,35.599998474121094,35.52000045776367,35.58000183105469,32167
2026-08-03 14:00:00,35.58000183105469,35.720001220703125,35.560001373291016,35.560001373291016,106308
2026-08-03 14:15:00,35.459999084472656,35.58000183105469,35.41999816894531,35.58000183105469,24488
2026-08-03 14:30:00,35.34000015258789,35.52000045776367,35.34000015258789,35.439998626708984,35625
2026-08-03 14:45:00,35.36000061035156,35.47999954223633,35.31999969482422,35.34000015258789,97339
2026-08-03 15:00:00,35.36000061035156,35.400001525878906,35.31999969482422,35.380001068115234,20901
2026-08-03 15:15:00,35.060001373291016,35.380001068115234,35.02000045776367,35.36000061035156,70068
2026-08-03 15:30:00,35.119998931884766,35.15999984741211,34.959999084472656,35.060001373291016,132293
2026-08-03 15:45:00,35.040000915527344,35.119998931884766,34.900001525878906,35.099998474121094,137120
2026-08-03 16:00:00,35.040000915527344,35.119998931884766,35.02000045776367,35.060001373291016,22261
2026-08-03 16:15:00,34.959999084472656,35.060001373291016,34.939998626708984,35.040000915527344,37482
2026-08-03 16:30:00,35.08000183105469,35.08000183105469,34.91999816894531,34.91999816894531,41121
2026-08-03 16:45:00,35.099998474121094,35.13999938964844,35.060001373291016,35.08000183105469,30254
2026-08-03 17:00:00,35.13999938964844,35.15999984741211,35.099998474121094,35.099998474121094,37826
2026-08-03 17:15:00,35.2599983215332,35.279998779296875,35.15999984741211,35.15999984741211,50941
2026-08-03 17:30:00,35.099998474121094,35.2599983215332,35.099998474121094,35.2599983215332,75746
2026-08-03 17:45:00,35.119998931884766,35.18000030517578,35.02000045776367,35.13999938964844,91957
2026-08-04 09:45:00,35.29999923706055,35.29999923706055,35.29999923706055,35.29999923706055,0
2026-08-04 10:00:00,35.29999923706055,35.380001068115234,35.040000915527344,35.08000183105469,172667
2026-08-04 10:15:00,35.2599983215332,35.400001525878906,35.2400016784668,35.29999923706055,189668
2026-08-04 10:30:00,35.380001068115234,35.41999816894531,35.220001220703125,35.220001220703125,121527
2026-08-04 10:45:00,35.459999084472656,35.47999954223633,35.36000061035156,35.380001068115234,73938
2026-08-04 11:00:00,35.380001068115234,35.5,35.36000061035156,35.47999954223633,78384
2026-08-04 11:15:00,35.41999816894531,35.439998626708984,35.34000015258789,35.41999816894531,26276
2026-08-04 11:30:00,35.41999816894531,35.47999954223633,35.380001068115234,35.41999816894531,65390
2026-08-04 11:45:00,35.36000061035156,35.540000915527344,35.36000061035156,35.439998626708984,176475
2026-08-04 12:00:00,35.36000061035156,35.41999816894531,35.36000061035156,35.36000061035156,64431
2026-08-04 12:15:00,35.41999816894531,35.439998626708984,35.34000015258789,35.36000061035156,45086
2026-08-04 12:30:00,35.65999984741211,35.65999984741211,35.41999816894531,35.41999816894531,173485
2026-08-04 12:45:00,35.7400016784668,35.79999923706055,35.560001373291016,35.65999984741211,177545
2026-08-04 13:00:00,35.41999816894531,35.7400016784668,35.41999816894531,35.7400016784668,127642
2026-08-04 13:15:00,35.380001068115234,35.41999816894531,35.31999969482422,35.400001525878906,54519
2026-08-04 13:30:00,35.36000061035156,35.380001068115234,35.31999969482422,35.380001068115234,45806
2026-08-04 13:45:00,35.41999816894531,35.459999084472656,35.34000015258789,35.380001068115234,45046
2026-08-04 14:00:00,35.5,35.5,35.380001068115234,35.41999816894531,34174
2026-08-04 14:15:00,35.400001525878906,35.47999954223633,35.380001068115234,35.459999084472656,39506
2026-08-04 14:30:00,35.5,35.540000915527344,35.36000061035156,35.380001068115234,67999
2026-08-04 14:45:00,35.68000030517578,35.68000030517578,35.52000045776367,35.52000045776367,124243
2026-08-04 15:00:00,35.540000915527344,35.65999984741211,35.52000045776367,35.63999938964844,75347
2026-08-04 15:15:00,35.63999938964844,35.68000030517578,35.459999084472656,35.52000045776367,86159
2026-08-04 15:30:00,35.63999938964844,35.7400016784668,35.63999938964844,35.63999938964844,184551
2026-08-04 15:45:00,35.619998931884766,35.65999984741211,35.560001373291016,35.619998931884766,101389
2026-08-04 16:00:00,35.36000061035156,35.79999923706055,35.34000015258789,35.599998474121094,798333
2026-08-04 16:15:00,35.52000045776367,35.560001373291016,35.29999923706055,35.36000061035156,236972
2026-08-04 16:30:00,35.459999084472656,35.540000915527344,35.439998626708984,35.5,81138
2026-08-04 16:45:00,35.47999954223633,35.47999954223633,35.439998626708984,35.459999084472656,33312
2026-08-04 17:00:00,35.560001373291016,35.84000015258789,35.47999954223633,35.5,118178
2026-08-04 17:15:00,35.560001373291016,35.599998474121094,35.5,35.540000915527344,123493
2026-08-04 17:30:00,35.52000045776367,35.560001373291016,35.5,35.52000045776367,67372
2026-08-04 17:45:00,35.459999084472656,35.540000915527344,35.34000015258789,35.52000045776367,358949
2026-08-05 09:45:00,35.5,35.5,35.5,35.5,0
2026-08-05 10:00:00,35.560001373291016,35.959999084472656,35.459999084472656,35.5,509599
2026-08-05 10:15:00,35.5,35.7599983215332,35.220001220703125,35.540000915527344,440468
2026-08-05 10:30:00,35.68000030517578,35.7400016784668,35.439998626708984,35.52000045776367,178694
2026-08-05 10:45:00,35.7400016784668,35.7400016784668,35.599998474121094,35.68000030517578,69725
2026-08-05 11:00:00,35.599998474121094,35.79999923706055,35.58000183105469,35.7400016784668,138216
2026-08-05 11:15:00,35.7400016784668,35.7400016784668,35.599998474121094,35.619998931884766,107824
2026-08-05 11:30:00,35.58000183105469,35.7599983215332,35.560001373291016,35.7599983215332,75436
2026-08-05 11:45:00,35.58000183105469,35.619998931884766,35.540000915527344,35.599998474121094,35270
2026-08-05 12:00:00,35.560001373291016,35.619998931884766,35.540000915527344,35.560001373291016,13072
2026-08-05 12:15:00,35.380001068115234,35.58000183105469,35.34000015258789,35.58000183105469,250210
2026-08-05 12:30:00,35.36000061035156,35.52000045776367,35.31999969482422,35.36000061035156,82987
2026-08-05 12:45:00,35.20000076293945,35.36000061035156,35.13999938964844,35.34000015258789,96565
2026-08-05 13:00:00,35.02000045776367,35.18000030517578,35.0,35.18000030517578,183055
2026-08-05 13:15:00,35.02000045776367,35.099998474121094,34.97999954223633,35.02000045776367,108880
2026-08-05 13:30:00,35.060001373291016,35.060001373291016,35.0,35.02000045776367,28498
2026-08-05 13:45:00,35.040000915527344,35.060001373291016,35.0,35.040000915527344,55971
2026-08-05 14:00:00,34.7599983215332,35.040000915527344,34.720001220703125,35.02000045776367,446194
2026-08-05 14:15:00,35.0,35.040000915527344,34.720001220703125,34.7599983215332,205365
2026-08-05 14:30:00,35.060001373291016,35.119998931884766,34.97999954223633,35.0,46502
2026-08-05 14:45:00,35.18000030517578,35.20000076293945,35.060001373291016,35.060001373291016,43999
2026-08-05 15:00:00,35.15999984741211,35.15999984741211,35.099998474121094,35.15999984741211,49749
2026-08-05 15:15:00,34.91999816894531,35.18000030517578,34.91999816894531,35.119998931884766,430058
2026-08-05 15:30:00,35.02000045776367,35.040000915527344,34.939998626708984,34.939998626708984,52381
2026-08-05 15:45:00,35.119998931884766,35.119998931884766,35.02000045776367,35.02000045776367,39316
2026-08-05 16:00:00,35.13999938964844,35.15999984741211,35.08000183105469,35.08000183105469,58803
2026-08-05 16:15:00,35.15999984741211,35.18000030517578,35.119998931884766,35.15999984741211,24752
2026-08-05 16:30:00,35.220001220703125,35.2599983215332,35.13999938964844,35.20000076293945,53935
2026-08-05 16:45:00,34.959999084472656,35.20000076293945,34.880001068115234,35.20000076293945,215870
2026-08-05 17:00:00,35.13999938964844,35.20000076293945,34.91999816894531,34.959999084472656,280549
2026-08-05 17:15:00,35.34000015258789,35.400001525878906,35.040000915527344,35.13999938964844,211108
2026-08-05 17:30:00,35.279998779296875,35.400001525878906,35.20000076293945,35.34000015258789,187016
2026-08-05 17:45:00,35.13999938964844,35.29999923706055,34.97999954223633,35.2599983215332,710095
2026-08-06 09:45:00,35.400001525878906,35.400001525878906,35.400001525878906,35.400001525878906,0
2026-08-06 10:00:00,35.20000076293945,35.5,35.20000076293945,35.400001525878906,269851
2026-08-06 10:15:00,35.29999923706055,35.400001525878906,35.18000030517578,35.18000030517578,89835
2026-08-06 10:30:00,35.20000076293945,35.29999923706055,35.20000076293945,35.29999923706055,58606
2026-08-06 10:45:00,34.880001068115234,35.2400016784668,34.86000061035156,35.18000030517578,120748
2026-08-06 11:00:00,34.79999923706055,34.880001068115234,34.65999984741211,34.880001068115234,183478
2026-08-06 11:15:00,34.97999954223633,34.97999954223633,34.779998779296875,34.779998779296875,107627
2026-08-06 11:30:00,35.040000915527344,35.060001373291016,34.939998626708984,34.97999954223633,77645
2026-08-06 11:45:00,35.02000045776367,35.060001373291016,34.91999816894531,35.040000915527344,24374
2026-08-06 12:00:00,34.97999954223633,35.119998931884766,34.939998626708984,35.02000045776367,104764
2026-08-06 12:15:00,35.0,35.0,34.900001525878906,34.959999084472656,18293
2026-08-06 12:30:00,34.900001525878906,34.97999954223633,34.900001525878906,34.939998626708984,43846
2026-08-06 12:45:00,34.939998626708984,34.97999954223633,34.900001525878906,34.91999816894531,7690
2026-08-06 13:00:00,35.0,35.0,34.880001068115234,34.959999084472656,44341
2026-08-06 13:15:00,34.97999954223633,35.02000045776367,34.91999816894531,34.97999954223633,33376
2026-08-06 13:30:00,34.97999954223633,35.0,34.939998626708984,34.97999954223633,16805
2026-08-06 13:45:00,34.959999084472656,35.0,34.91999816894531,34.939998626708984,31228
2026-08-06 14:00:00,34.81999969482422,34.959999084472656,34.81999969482422,34.91999816894531,82159
2026-08-06 14:15:00,34.81999969482422,34.880001068115234,34.79999923706055,34.84000015258789,70654
2026-08-06 14:30:00,34.91999816894531,34.91999816894531,34.81999969482422,34.81999969482422,13334
2026-08-06 14:45:00,35.08000183105469,35.08000183105469,34.880001068115234,34.900001525878906,114365
2026-08-06 15:00:00,34.97999954223633,35.08000183105469,34.939998626708984,35.08000183105469,35332
2026-08-06 15:15:00,34.939998626708984,34.97999954223633,34.880001068115234,34.97999954223633,18587
2026-08-06 15:30:00,34.939998626708984,35.0,34.880001068115234,34.939998626708984,35634
2026-08-06 15:45:00,34.900001525878906,34.91999816894531,34.84000015258789,34.91999816894531,49934
2026-08-06 16:00:00,34.81999969482422,34.880001068115234,34.81999969482422,34.84000015258789,25904
2026-08-06 16:15:00,34.880001068115234,34.900001525878906,34.81999969482422,34.81999969482422,12399
2026-08-06 16:30:00,34.880001068115234,34.959999084472656,34.84000015258789,34.900001525878906,32904
2026-08-06 16:45:00,34.84000015258789,34.97999954223633,34.84000015258789,34.91999816894531,49807
2026-08-06 17:00:00,34.7400016784668,34.880001068115234,34.540000915527344,34.86000061035156,469561
2026-08-06 17:15:00,34.720001220703125,34.7599983215332,34.70000076293945,34.720001220703125,57686
2026-08-06 17:30:00,34.70000076293945,34.779998779296875,34.599998474121094,34.720001220703125,82076
2026-08-06 17:45:00,34.63999938964844,34.70000076293945,34.599998474121094,34.68000030517578,143345
2026-08-07 09:45:00,34.5,34.5,34.5,34.5,0
2026-08-07 10:00:00,35.02000045776367,35.040000915527344,34.5,34.560001373291016,72818
2026-08-07 10:15:00,34.959999084472656,35.279998779296875,34.86000061035156,35.02000045776367,179985
2026-08-07 10:30:00,34.84000015258789,35.0,34.84000015258789,34.939998626708984,75314
2026-08-07 10:45:00,34.880001068115234,34.959999084472656,34.779998779296875,34.81999969482422,197461
2026-08-07 11:00:00,34.880001068115234,34.959999084472656,34.86000061035156,34.900001525878906,22675
2026-08-07 11:15:00,34.900001525878906,34.939998626708984,34.86000061035156,34.900001525878906,37626
2026-08-07 11:30:00,34.7599983215332,34.97999954223633,34.70000076293945,34.86000061035156,52285
2026-08-07 11:45:00,34.619998931884766,34.7599983215332,34.560001373291016,34.7599983215332,64009
2026-08-07 12:00:00,34.65999984741211,34.70000076293945,34.599998474121094,34.619998931884766,13710
2026-08-07 12:15:00,34.720001220703125,34.7599983215332,34.68000030517578,34.68000030517578,15872
2026-08-07 12:30:00,34.70000076293945,34.7400016784668,34.619998931884766,34.65999984741211,35279
2026-08-07 12:45:00,34.7400016784668,34.7400016784668,34.70000076293945,34.70000076293945,45812
2026-08-07 13:00:00,34.70000076293945,34.7599983215332,34.599998474121094,34.70000076293945,124684
2026-08-07 13:15:00,34.86000061035156,34.86000061035156,34.720001220703125,34.720001220703125,22879
2026-08-07 13:30:00,34.959999084472656,35.02000045776367,34.84000015258789,34.86000061035156,99163
2026-08-07 13:45:00,34.97999954223633,35.0,34.959999084472656,34.959999084472656,30282
2026-08-07 14:00:00,35.02000045776367,35.040000915527344,34.959999084472656,34.97999954223633,22446
2026-08-07 14:15:00,34.939998626708984,35.040000915527344,34.900001525878906,35.040000915527344,60221
2026-08-07 14:30:00,34.900001525878906,34.939998626708984,34.84000015258789,34.91999816894531,25082
2026-08-07 14:45:00,35.099998474121094,35.15999984741211,34.900001525878906,34.900001525878906,131923
2026-08-07 15:00:00,34.97999954223633,35.099998474121094,34.91999816894531,35.099998474121094,46501
2026-08-07 15:15:00,35.099998474121094,35.15999984741211,35.0,35.0,89503
2026-08-07 15:30:00,35.20000076293945,35.20000076293945,35.08000183105469,35.08000183105469,70595
2026-08-07 15:45:00,35.0,35.20000076293945,34.97999954223633,35.20000076293945,28028
2026-08-07 16:00:00,35.0,35.02000045776367,34.959999084472656,34.97999954223633,21780
2026-08-07 16:15:00,34.959999084472656,35.0,34.900001525878906,35.0,18263
2026-08-07 16:30:00,34.86000061035156,34.97999954223633,34.81999969482422,34.97999954223633,24933
2026-08-07 16:45:00,34.880001068115234,34.91999816894531,34.81999969482422,34.880001068115234,45298
2026-08-07 17:00:00,34.84000015258789,34.97999954223633,34.84000015258789,34.900001525878906,45757
2026-08-07 17:15:00,35.0,35.02000045776367,34.84000015258789,34.84000015258789,54832
2026-08-07 17:30:00,35.0,35.040000915527344,34.97999954223633,35.02000045776367,49885
2026-08-07 17:45:00,35.0,35.08000183105469,34.91999816894531,35.0,114533
2026-08-10 09:45:00,35.599998474121094,35.599998474121094,35.599998474121094,35.599998474121094,0
2026-08-10 10:00:00,35.08000183105469,35.65999984741211,35.08000183105469,35.619998931884766,146038
2026-08-10 10:15:00,35.279998779296875,35.439998626708984,35.02000045776367,35.119998931884766,147868
2026-08-10 10:30:00,35.15999984741211,35.34000015258789,35.119998931884766,35.29999923706055,87621
2026-08-10 10:45:00,35.060001373291016,35.18000030517578,35.0,35.15999984741211,103451
2026-08-10 11:00:00,35.060001373291016,35.060001373291016,34.959999084472656,35.040000915527344,40393
2026-08-10 11:15:00,35.119998931884766,35.119998931884766,35.040000915527344,35.060001373291016,45796
2026-08-10 11:30:00,35.41999816894531,35.540000915527344,35.099998474121094,35.119998931884766,374497
2026-08-10 11:45:00,35.5,35.58000183105469,35.400001525878906,35.41999816894531,129590
2026-08-10 12:00:00,35.41999816894531,35.540000915527344,35.41999816894531,35.5,87887
2026-08-10 12:15:00,35.36000061035156,35.52000045776367,35.34000015258789,35.439998626708984,95342
2026-08-10 12:30:00,35.36000061035156,35.400001525878906,35.34000015258789,35.34000015258789,139389
2026-08-10 12:45:00,35.400001525878906,35.439998626708984,35.36000061035156,35.36000061035156,83413
2026-08-10 13:00:00,35.380001068115234,35.439998626708984,35.34000015258789,35.400001525878906,51558
2026-08-10 13:15:00,35.36000061035156,35.400001525878906,35.31999969482422,35.380001068115234,29858
2026-08-10 13:30:00,35.400001525878906,35.41999816894531,35.31999969482422,35.36000061035156,66067
2026-08-10 13:45:00,35.400001525878906,35.439998626708984,35.36000061035156,35.380001068115234,26400
2026-08-10 14:00:00,35.68000030517578,35.7599983215332,35.41999816894531,35.41999816894531,205378
2026-08-10 14:15:00,35.63999938964844,35.7400016784668,35.63999938964844,35.70000076293945,99424
2026-08-10 14:30:00,35.560001373291016,35.65999984741211,35.439998626708984,35.65999984741211,189483
2026-08-10 14:45:00,35.68000030517578,35.68000030517578,35.52000045776367,35.560001373291016,19384
2026-08-10 15:00:00,35.58000183105469,35.900001525878906,35.58000183105469,35.68000030517578,550684
2026-08-10 15:15:00,35.68000030517578,35.7400016784668,35.58000183105469,35.58000183105469,160420
2026-08-10 15:30:00,35.79999923706055,35.81999969482422,35.63999938964844,35.68000030517578,363118
2026-08-10 15:45:00,35.68000030517578,35.91999816894531,35.619998931884766,35.79999923706055,437573
2026-08-10 16:00:00,35.70000076293945,35.720001220703125,35.5,35.68000030517578,117618
2026-08-10 16:15:00,35.7599983215332,35.79999923706055,35.70000076293945,35.7400016784668,71316
2026-08-10 16:30:00,35.70000076293945,35.779998779296875,35.599998474121094,35.7400016784668,69267
2026-08-10 16:45:00,35.47999954223633,35.70000076293945,35.47999954223633,35.70000076293945,154141
2026-08-10 17:00:00,35.599998474121094,35.63999938964844,35.400001525878906,35.5,69778
2026-08-10 17:15:00,35.68000030517578,35.7599983215332,35.58000183105469,35.63999938964844,98941
2026-08-10 17:30:00,35.63999938964844,35.7400016784668,35.599998474121094,35.70000076293945,57881
2026-08-10 17:45:00,35.63999938964844,35.68000030517578,35.5,35.599998474121094,83164
2026-08-11 09:45:00,35.84000015258789,35.84000015258789,35.84000015258789,35.84000015258789,0
2026-08-11 10:00:00,34.900001525878906,35.900001525878906,34.81999969482422,35.86000061035156,438849
2026-08-11 10:15:00,34.84000015258789,35.400001525878906,34.65999984741211,34.86000061035156,716150
2026-08-11 10:30:00,34.84000015258789,35.099998474121094,34.720001220703125,34.7400016784668,104106
2026-08-11 10:45:00,35.0,35.099998474121094,34.65999984741211,34.84000015258789,117793
2026-08-11 11:00:00,35.060001373291016,35.119998931884766,34.939998626708984,35.0,305572
2026-08-11 11:15:00,35.119998931884766,35.119998931884766,35.0,35.08000183105469,28414
2026-08-11 11:30:00,35.060001373291016,35.119998931884766,35.040000915527344,35.119998931884766,30446
2026-08-11 11:45:00,35.040000915527344,35.13999938964844,35.0,35.099998474121094,35404
2026-08-11 12:00:00,35.0,35.040000915527344,34.959999084472656,35.040000915527344,89193
2026-08-11 12:15:00,35.0,35.02000045776367,34.959999084472656,35.0,133938
2026-08-11 12:30:00,35.0,35.02000045776367,34.97999954223633,34.97999954223633,26426
2026-08-11 12:45:00,35.02000045776367,35.040000915527344,34.959999084472656,35.040000915527344,74549
2026-08-11 13:00:00,35.02000045776367,35.02000045776367,34.959999084472656,35.02000045776367,180760
2026-08-11 13:15:00,35.060001373291016,35.08000183105469,34.97999954223633,35.0,91486
2026-08-11 13:30:00,35.0,35.060001373291016,35.0,35.040000915527344,10693
2026-08-11 13:45:00,35.0,35.040000915527344,35.0,35.0,43566
2026-08-11 14:00:00,35.08000183105469,35.08000183105469,35.0,35.0,42038
2026-08-11 14:15:00,35.040000915527344,35.099998474121094,35.0,35.08000183105469,56943
2026-08-11 14:30:00,34.939998626708984,35.099998474121094,34.86000061035156,35.040000915527344,217830
2026-08-11 14:45:00,35.040000915527344,35.040000915527344,34.86000061035156,34.91999816894531,190403
2026-08-11 15:00:00,35.02000045776367,35.060001373291016,35.0,35.0,77561
2026-08-11 15:15:00,35.099998474121094,35.099998474121094,35.0,35.060001373291016,59669
2026-08-11 15:30:00,35.099998474121094,35.119998931884766,35.060001373291016,35.08000183105469,35483
2026-08-11 15:45:00,35.20000076293945,35.20000076293945,35.099998474121094,35.119998931884766,65910
2026-08-11 16:00:00,35.34000015258789,35.400001525878906,35.15999984741211,35.15999984741211,139493
2026-08-11 16:15:00,35.47999954223633,35.47999954223633,35.29999923706055,35.34000015258789,146572
2026-08-11 16:30:00,35.34000015258789,35.47999954223633,35.34000015258789,35.47999954223633,56352
2026-08-11 16:45:00,35.31999969482422,35.380001068115234,35.29999923706055,35.34000015258789,45186
2026-08-11 17:00:00,35.29999923706055,35.34000015258789,35.279998779296875,35.34000015258789,59561
2026-08-11 17:15:00,35.34000015258789,35.380001068115234,35.2599983215332,35.31999969482422,61117
2026-08-11 17:30:00,35.29999923706055,35.47999954223633,35.29999923706055,35.36000061035156,95651
2026-08-11 17:45:00,35.41999816894531,35.41999816894531,35.29999923706055,35.31999969482422,99254
2026-08-12 09:45:00,34.91999816894531,34.91999816894531,34.91999816894531,34.91999816894531,0
2026-08-12 10:00:00,33.560001373291016,35.36000061035156,33.18000030517578,35.0,740163
2026-08-12 10:15:00,33.279998779296875,33.599998474121094,33.02000045776367,33.58000183105469,2704425
2026-08-12 10:30:00,33.29999923706055,33.439998626708984,33.18000030517578,33.279998779296875,251548
2026-08-12 10:45:00,33.380001068115234,33.380001068115234,33.29999923706055,33.29999923706055,87861
2026-08-12 11:00:00,33.459999084472656,33.560001373291016,33.34000015258789,33.380001068115234,280361
2026-08-12 11:15:00,33.52000045776367,33.599998474121094,33.400001525878906,33.459999084472656,207514
2026-08-12 11:30:00,33.2599983215332,33.52000045776367,33.15999984741211,33.52000045776367,248940
2026-08-12 11:45:00,33.36000061035156,33.41999816894531,33.18000030517578,33.2599983215332,141213
2026-08-12 12:00:00,33.279998779296875,33.36000061035156,33.20000076293945,33.34000015258789,83058
2026-08-12 12:15:00,33.400001525878906,33.41999816894531,33.2400016784668,33.279998779296875,52697
2026-08-12 12:30:00,33.459999084472656,33.619998931884766,33.41999816894531,33.41999816894531,146001
2026-08-12 12:45:00,33.34000015258789,33.47999954223633,33.34000015258789,33.459999084472656,50622
2026-08-12 13:00:00,33.459999084472656,33.47999954223633,33.31999969482422,33.31999969482422,41610
2026-08-12 13:15:00,33.68000030517578,33.68000030517578,33.439998626708984,33.439998626708984,121209
2026-08-12 13:30:00,33.560001373291016,33.70000076293945,33.540000915527344,33.65999984741211,159226
2026-08-12 13:45:00,33.400001525878906,33.58000183105469,33.279998779296875,33.540000915527344,196383
2026-08-12 14:00:00,33.31999969482422,33.400001525878906,33.279998779296875,33.400001525878906,74823
2026-08-12 14:15:00,33.2599983215332,33.36000061035156,33.220001220703125,33.31999969482422,131097
2026-08-12 14:30:00,33.34000015258789,33.34000015258789,33.2599983215332,33.2599983215332,74699
2026-08-12 14:45:00,33.31999969482422,33.34000015258789,33.2400016784668,33.34000015258789,133455
2026-08-12 15:00:00,33.400001525878906,33.439998626708984,33.279998779296875,33.29999923706055,69841
2026-08-12 15:15:00,33.15999984741211,33.439998626708984,33.060001373291016,33.36000061035156,594281
2026-08-12 15:30:00,33.20000076293945,33.279998779296875,33.099998474121094,33.13999938964844,1071337
2026-08-12 15:45:00,33.2599983215332,33.400001525878906,33.18000030517578,33.220001220703125,378332
2026-08-12 16:00:00,33.2599983215332,33.31999969482422,33.220001220703125,33.2400016784668,149527
2026-08-12 16:15:00,33.220001220703125,33.279998779296875,33.13999938964844,33.220001220703125,235153
2026-08-12 16:30:00,33.31999969482422,33.34000015258789,33.18000030517578,33.220001220703125,154471
2026-08-12 16:45:00,33.2400016784668,33.279998779296875,33.15999984741211,33.279998779296875,222585
2026-08-12 17:00:00,33.15999984741211,33.29999923706055,33.15999984741211,33.2400016784668,189406
2026-08-12 17:15:00,33.20000076293945,33.279998779296875,33.13999938964844,33.20000076293945,556140
2026-08-12 17:30:00,33.2400016784668,33.279998779296875,33.15999984741211,33.20000076293945,429596
2026-08-12 17:45:00,33.15999984741211,33.29999923706055,33.15999984741211,33.20000076293945,680142
2026-08-13 09:45:00,33.29999923706055,33.29999923706055,33.29999923706055,33.29999923706055,0
2026-08-13 10:00:00,33.13999938964844,33.36000061035156,32.86000061035156,33.31999969482422,346376
2026-08-13 10:15:00,33.15999984741211,33.279998779296875,33.040000915527344,33.13999938964844,255157
2026-08-13 10:30:00,33.20000076293945,33.29999923706055,33.13999938964844,33.15999984741211,106069
2026-08-13 10:45:00,33.060001373291016,33.20000076293945,33.060001373291016,33.20000076293945,94488
2026-08-13 11:00:00,33.18000030517578,33.20000076293945,32.97999954223633,33.040000915527344,114252
2026-08-13 11:15:00,33.18000030517578,33.220001220703125,33.119998931884766,33.18000030517578,86623
2026-08-13 11:30:00,33.119998931884766,33.2400016784668,33.119998931884766,33.220001220703125,68207
2026-08-13 11:45:00,33.15999984741211,33.15999984741211,33.099998474121094,33.119998931884766,74019
2026-08-13 12:00:00,33.040000915527344,33.15999984741211,33.040000915527344,33.15999984741211,42209
2026-08-13 12:15:00,32.97999954223633,33.08000183105469,32.939998626708984,33.060001373291016,129627
2026-08-13 12:30:00,32.84000015258789,33.0,32.84000015258789,32.97999954223633,189007
2026-08-13 12:45:00,32.70000076293945,32.81999969482422,32.68000030517578,32.81999969482422,145572
2026-08-13 13:00:00,32.58000183105469,32.7400016784668,32.560001373291016,32.70000076293945,140843
2026-08-13 13:15:00,32.63999938964844,32.63999938964844,32.5,32.58000183105469,166471
2026-08-13 13:30:00,32.47999954223633,32.70000076293945,32.41999816894531,32.65999984741211,247061
2026-08-13 13:45:00,32.36000061035156,32.5,32.36000061035156,32.47999954223633,128205
2026-08-13 14:00:00,32.400001525878906,32.5,32.34000015258789,32.36000061035156,113105
2026-08-13 14:15:00,32.2400016784668,32.439998626708984,32.220001220703125,32.41999816894531,186140
2026-08-13 14:30:00,32.08000183105469,32.2599983215332,32.060001373291016,32.220001220703125,183045
2026-08-13 14:45:00,32.119998931884766,32.119998931884766,31.979999542236328,32.08000183105469,415188
2026-08-13 15:00:00,32.0,32.15999984741211,31.979999542236328,32.119998931884766,468480
2026-08-13 15:15:00,31.639999389648438,32.040000915527344,31.639999389648438,32.0,444391
2026-08-13 15:30:00,31.739999771118164,31.780000686645508,31.3799991607666,31.600000381469727,905392
2026-08-13 15:45:00,31.860000610351562,31.860000610351562,31.639999389648438,31.68000030517578,242013
2026-08-13 16:00:00,31.81999969482422,31.84000015258789,31.739999771118164,31.81999969482422,177755
2026-08-13 16:15:00,31.700000762939453,31.81999969482422,31.6200008392334,31.81999969482422,191404
2026-08-13 16:30:00,31.700000762939453,31.739999771118164,31.65999984741211,31.719999313354492,62051
2026-08-13 16:45:00,31.65999984741211,31.719999313354492,31.559999465942383,31.719999313354492,354594
2026-08-13 17:00:00,31.68000030517578,31.719999313354492,31.639999389648438,31.65999984741211,108088
2026-08-13 17:15:00,31.719999313354492,31.739999771118164,31.6200008392334,31.68000030517578,192764
2026-08-13 17:30:00,31.920000076293945,32.040000915527344,31.68000030517578,31.700000762939453,563526
2026-08-13 17:45:00,31.940000534057617,32.060001373291016,31.860000610351562,31.920000076293945,340367
2026-08-14 09:45:00,32.31999969482422,32.31999969482422,32.31999969482422,32.31999969482422,0
2026-08-14 10:00:00,32.20000076293945,32.900001525878906,32.119998931884766,32.34000015258789,1124173
2026-08-14 10:15:00,32.099998474121094,32.2400016784668,32.099998474121094,32.20000076293945,276134
2026-08-14 10:30:00,32.15999984741211,32.18000030517578,31.920000076293945,32.099998474121094,408939
2026-08-14 10:45:00,31.979999542236328,32.18000030517578,31.959999084472656,32.15999984741211,118416
2026-08-14 11:00:00,31.979999542236328,31.979999542236328,31.860000610351562,31.959999084472656,157163
2026-08-14 11:15:00,32.040000915527344,32.040000915527344,31.920000076293945,31.959999084472656,123266
2026-08-14 11:30:00,32.0,32.08000183105469,31.940000534057617,32.040000915527344,172669
2026-08-14 11:45:00,31.940000534057617,32.0,31.920000076293945,32.0,191866
2026-08-14 12:00:00,31.920000076293945,31.979999542236328,31.8799991607666,31.899999618530273,203813
2026-08-14 12:15:00,31.739999771118164,31.940000534057617,31.739999771118164,31.920000076293945,255874
2026-08-14 12:30:00,31.780000686645508,31.799999237060547,31.700000762939453,31.739999771118164,107411
2026-08-14 12:45:00,31.700000762939453,31.799999237060547,31.68000030517578,31.780000686645508,104150
2026-08-14 13:00:00,31.799999237060547,31.81999969482422,31.65999984741211,31.700000762939453,136024
2026-08-14 13:15:00,31.579999923706055,31.799999237060547,31.520000457763672,31.799999237060547,240107
2026-08-14 13:30:00,31.65999984741211,31.719999313354492,31.559999465942383,31.579999923706055,177608
2026-08-14 13:45:00,31.639999389648438,31.68000030517578,31.6200008392334,31.65999984741211,79679
2026-08-14 14:00:00,31.6200008392334,31.639999389648438,31.600000381469727,31.639999389648438,94211
2026-08-14 14:15:00,31.540000915527344,31.65999984741211,31.440000534057617,31.639999389648438,802160
2026-08-14 14:30:00,31.5,31.540000915527344,31.479999542236328,31.520000457763672,150306
2026-08-14 14:45:00,31.579999923706055,31.6200008392334,31.440000534057617,31.5,169096
2026-08-14 15:00:00,31.540000915527344,31.6200008392334,31.520000457763672,31.579999923706055,97284
2026-08-14 15:15:00,31.520000457763672,31.579999923706055,31.5,31.540000915527344,47118
2026-08-14 15:30:00,31.5,31.579999923706055,31.5,31.520000457763672,68933
2026-08-14 15:45:00,31.459999084472656,31.540000915527344,31.459999084472656,31.520000457763672,189919
2026-08-14 16:00:00,31.5,31.520000457763672,31.420000076293945,31.479999542236328,127235
2026-08-14 16:15:00,31.5,31.5,31.440000534057617,31.5,41111
2026-08-14 16:30:00,31.520000457763672,31.520000457763672,31.459999084472656,31.5,91230
2026-08-14 16:45:00,31.479999542236328,31.520000457763672,31.440000534057617,31.520000457763672,89079
2026-08-14 17:00:00,31.459999084472656,31.5,31.420000076293945,31.479999542236328,152692
2026-08-14 17:15:00,31.459999084472656,31.5,31.440000534057617,31.479999542236328,150403
2026-08-14 17:30:00,31.280000686645508,31.5,31.15999984741211,31.459999084472656,769709
2026-08-14 17:45:00,31.15999984741211,31.280000686645508,31.15999984741211,31.280000686645508,385761
2026-08-17 09:45:00,31.139999389648438,31.139999389648438,31.139999389648438,31.139999389648438,0
2026-08-17 10:00:00,31.18000030517578,31.34000015258789,30.979999542236328,31.15999984741211,611065
2026-08-17 10:15:00,31.260000228881836,31.360000610351562,31.18000030517578,31.200000762939453,152015
2026-08-17 10:30:00,31.18000030517578,31.280000686645508,31.079999923706055,31.280000686645508,268717
2026-08-17 10:45:00,31.139999389648438,31.200000762939453,31.100000381469727,31.200000762939453,141655
2026-08-17 11:00:00,31.219999313354492,31.219999313354492,31.040000915527344,31.139999389648438,176712
2026-08-17 11:15:00,31.15999984741211,31.219999313354492,31.1200008392334,31.200000762939453,82705
2026-08-17 11:30:00,31.18000030517578,31.239999771118164,31.1200008392334,31.18000030517578,40172
2026-08-17 11:45:00,31.239999771118164,31.299999237060547,31.15999984741211,31.18000030517578,166339
2026-08-17 12:00:00,31.260000228881836,31.260000228881836,31.200000762939453,31.239999771118164,64000
2026-08-17 12:15:00,31.260000228881836,31.280000686645508,31.18000030517578,31.280000686645508,78111
2026-08-17 12:30:00,31.239999771118164,31.299999237060547,31.219999313354492,31.260000228881836,81296
2026-08-17 12:45:00,31.299999237060547,31.299999237060547,31.219999313354492,31.260000228881836,56202
2026-08-17 13:00:00,31.239999771118164,31.299999237060547,31.239999771118164,31.299999237060547,22745
2026-08-17 13:15:00,31.260000228881836,31.280000686645508,31.219999313354492,31.239999771118164,33959
2026-08-17 13:30:00,31.15999984741211,31.280000686645508,31.15999984741211,31.260000228881836,38079
2026-08-17 13:45:00,31.219999313354492,31.219999313354492,31.15999984741211,31.200000762939453,31707
2026-08-17 14:00:00,31.239999771118164,31.299999237060547,31.200000762939453,31.219999313354492,196452
2026-08-17 14:15:00,31.219999313354492,31.299999237060547,31.200000762939453,31.260000228881836,43603
2026-08-17 14:30:00,31.100000381469727,31.219999313354492,31.059999465942383,31.219999313354492,431414
2026-08-17 14:45:00,31.100000381469727,31.100000381469727,31.079999923706055,31.079999923706055,60079
2026-08-17 15:00:00,31.040000915527344,31.100000381469727,31.0,31.079999923706055,66151
2026-08-17 15:15:00,30.979999542236328,31.040000915527344,30.940000534057617,31.040000915527344,89923
2026-08-17 15:30:00,30.959999084472656,30.979999542236328,30.920000076293945,30.959999084472656,52876
2026-08-17 15:45:00,30.920000076293945,30.979999542236328,30.899999618530273,30.959999084472656,94534
2026-08-17 16:00:00,30.8799991607666,30.920000076293945,30.860000610351562,30.920000076293945,56957
2026-08-17 16:15:00,30.84000015258789,30.899999618530273,30.799999237060547,30.899999618530273,84902
2026-08-17 16:30:00,31.079999923706055,31.100000381469727,30.81999969482422,30.84000015258789,178432
2026-08-17 16:45:00,30.959999084472656,31.040000915527344,30.940000534057617,31.040000915527344,47121
2026-08-17 17:00:00,30.920000076293945,31.0,30.920000076293945,30.979999542236328,74899
2026-08-17 17:15:00,31.0,31.020000457763672,30.940000534057617,30.959999084472656,56100
2026-08-17 17:30:00,30.860000610351562,31.020000457763672,30.799999237060547,31.0,136407
2026-08-17 17:45:00,30.8799991607666,30.940000534057617,30.84000015258789,30.860000610351562,265893
2026-08-18 09:45:00,30.899999618530273,30.899999618530273,30.899999618530273,30.899999618530273,0
2026-08-18 10:00:00,30.979999542236328,30.979999542236328,30.6200008392334,30.899999618530273,229226
2026-08-18 10:15:00,31.0,31.079999923706055,30.899999618530273,30.920000076293945,292828
2026-08-18 10:30:00,31.0,31.040000915527344,30.979999542236328,31.020000457763672,64230
2026-08-18 10:45:00,31.020000457763672,31.059999465942383,30.940000534057617,31.020000457763672,106986
2026-08-18 11:00:00,31.260000228881836,31.299999237060547,31.040000915527344,31.040000915527344,533298
2026-08-18 11:15:00,31.399999618530273,31.5,31.239999771118164,31.260000228881836,421316
2026-08-18 11:30:00,31.5,31.6200008392334,31.3799991607666,31.3799991607666,349293
2026-08-18 11:45:00,31.440000534057617,31.540000915527344,31.3799991607666,31.479999542236328,135363
2026-08-18 12:00:00,31.31999969482422,31.440000534057617,31.280000686645508,31.3799991607666,111682
2026-08-18 12:15:00,31.360000610351562,31.399999618530273,31.299999237060547,31.299999237060547,95569
2026-08-18 12:30:00,31.399999618530273,31.440000534057617,31.34000015258789,31.360000610351562,78961
2026-08-18 12:45:00,31.399999618530273,31.440000534057617,31.360000610351562,31.399999618530273,49425
2026-08-18 13:00:00,31.440000534057617,31.459999084472656,31.3799991607666,31.420000076293945,88034
2026-08-18 13:15:00,31.399999618530273,31.440000534057617,31.360000610351562,31.440000534057617,37560
2026-08-18 13:30:00,31.260000228881836,31.399999618530273,31.0,31.3799991607666,289099
2026-08-18 13:45:00,31.18000030517578,31.360000610351562,31.0,31.260000228881836,235342
2026-08-18 14:00:00,31.260000228881836,31.260000228881836,31.18000030517578,31.200000762939453,26771
2026-08-18 14:15:00,31.0,31.31999969482422,30.959999084472656,31.260000228881836,354344
2026-08-18 14:30:00,31.0,31.040000915527344,30.959999084472656,31.0,117869
2026-08-18 14:45:00,31.100000381469727,31.139999389648438,30.979999542236328,31.0,119596
2026-08-18 15:00:00,31.020000457763672,31.079999923706055,31.0,31.059999465942383,49279
2026-08-18 15:15:00,31.0,31.1200008392334,30.979999542236328,31.0,93173
2026-08-18 15:30:00,31.139999389648438,31.18000030517578,31.020000457763672,31.020000457763672,99702
2026-08-18 15:45:00,31.280000686645508,31.31999969482422,31.079999923706055,31.139999389648438,228914
2026-08-18 16:00:00,31.34000015258789,31.34000015258789,31.100000381469727,31.280000686645508,209810
2026-08-18 16:15:00,31.3799991607666,31.399999618530273,31.280000686645508,31.34000015258789,111376
2026-08-18 16:30:00,31.360000610351562,31.420000076293945,31.299999237060547,31.3799991607666,109691
2026-08-18 16:45:00,31.3799991607666,31.399999618530273,31.280000686645508,31.3799991607666,139066
2026-08-18 17:00:00,31.440000534057617,31.440000534057617,31.3799991607666,31.399999618530273,87803
2026-08-18 17:15:00,31.459999084472656,31.479999542236328,31.3799991607666,31.420000076293945,109048
2026-08-18 17:30:00,31.360000610351562,31.479999542236328,31.31999969482422,31.420000076293945,87861
2026-08-18 17:45:00,31.360000610351562,31.459999084472656,31.299999237060547,31.3799991607666,218661
2026-08-19 09:45:00,30.940000534057617,30.940000534057617,30.940000534057617,30.940000534057617,0
2026-08-19 10:00:00,31.520000457763672,31.559999465942383,30.940000534057617,30.940000534057617,373709
2026-08-19 10:15:00,31.360000610351562,31.520000457763672,31.360000610351562,31.520000457763672,99944
2026-08-19 10:30:00,31.420000076293945,31.479999542236328,31.299999237060547,31.31999969482422,181894
2026-08-19 10:45:00,31.3799991607666,31.440000534057617,31.3799991607666,31.420000076293945,5283
