Datetime,Close,High,Low,Open,Volume
2026-06-01 09:45:00,64.55000305175781,64.55000305175781,64.55000305175781,64.55000305175781,0
2026-06-01 10:00:00,65.75,66.1500015258789,64.5,64.5999984741211,33880370
2026-06-01 10:15:00,64.5999984741211,65.9000015258789,64.5,65.69999694824219,11951479
2026-06-01 10:30:00,64.25,64.6500015258789,64.0,64.5999984741211,12884233
2026-06-01 10:45:00,64.5,64.55000305175781,64.19999694824219,64.19999694824219,4095646
2026-06-01 11:00:00,64.5999984741211,64.6500015258789,64.4000015258789,64.5,6512913
2026-06-01 11:15:00,64.44999694824219,64.6500015258789,64.3499984741211,64.55000305175781,4252300
2026-06-01 11:30:00,64.5999984741211,64.75,64.4000015258789,64.44999694824219,3905526
2026-06-01 11:45:00,64.55000305175781,64.6500015258789,64.44999694824219,64.5999984741211,2470358
2026-06-01 12:00:00,64.8499984741211,65.05000305175781,64.5,64.55000305175781,5931224
2026-06-01 12:15:00,64.75,64.8499984741211,64.6500015258789,64.80000305175781,1852526
2026-06-01 12:30:00,65.05000305175781,65.05000305175781,64.69999694824219,64.69999694824219,2929308
2026-06-01 12:45:00,65.1500015258789,65.25,65.0,65.0,6765056
2026-06-01 13:00:00,65.1500015258789,65.30000305175781,65.05000305175781,65.19999694824219,4056435
2026-06-01 13:15:00,65.0999984741211,65.30000305175781,65.05000305175781,65.0999984741211,4926117
2026-06-01 13:30:00,65.1500015258789,65.19999694824219,65.05000305175781,65.0999984741211,1557720
2026-06-01 13:45:00,65.0999984741211,65.19999694824219,65.05000305175781,65.0999984741211,1981101
2026-06-01 14:00:00,64.9000015258789,65.0999984741211,64.80000305175781,65.05000305175781,3052421
2026-06-01 14:15:00,64.9000015258789,65.0,64.80000305175781,64.8499984741211,1936869
2026-06-01 14:30:00,65.1500015258789,65.19999694824219,64.8499984741211,64.9000015258789,2978471
2026-06-01 14:45:00,65.05000305175781,65.25,65.0,65.0999984741211,5362472
2026-06-01 15:00:00,64.9000015258789,65.05000305175781,64.8499984741211,65.05000305175781,2229820
2026-06-01 15:15:00,65.05000305175781,65.0999984741211,64.8499984741211,64.8499984741211,2321655
2026-06-01 15:30:00,65.19999694824219,65.25,65.0,65.05000305175781,5486228
2026-06-01 15:45:00,65.1500015258789,65.30000305175781,65.0,65.25,6297106
2026-06-01 16:00:00,64.69999694824219,65.30000305175781,64.55000305175781,65.0999984741211,8391953
2026-06-01 16:15:00,63.849998474121094,64.80000305175781,63.79999923706055,64.6500015258789,16052582
2026-06-01 16:30:00,63.95000076293945,64.1500015258789,63.400001525878906,63.849998474121094,12377483
2026-06-01 16:45:00,63.650001525878906,64.1500015258789,63.650001525878906,63.900001525878906,4655291
2026-06-01 17:00:00,64.19999694824219,64.30000305175781,63.650001525878906,63.650001525878906,4761374
2026-06-01 17:15:00,64.0999984741211,64.3499984741211,63.95000076293945,64.1500015258789,4041622
2026-06-01 17:30:00,64.05000305175781,64.25,63.900001525878906,64.05000305175781,5522325
2026-06-01 17:45:00,63.849998474121094,64.1500015258789,63.79999923706055,64.05000305175781,5417877
2026-06-02 09:45:00,64.5,64.5,64.5,64.5,0
2026-06-02 10:00:00,65.30000305175781,65.4000015258789,64.5,64.5,18031054
2026-06-02 10:15:00,65.3499984741211,65.69999694824219,65.1500015258789,65.30000305175781,14230406
2026-06-02 10:30:00,65.55000305175781,65.5999984741211,65.30000305175781,65.4000015258789,8106903
2026-06-02 10:45:00,66.05000305175781,66.0999984741211,65.44999694824219,65.5,12830961
2026-06-02 11:00:00,65.8499984741211,66.25,65.8499984741211,66.05000305175781,10947715
2026-06-02 11:15:00,65.6500015258789,65.94999694824219,65.5999984741211,65.8499984741211,6724573
2026-06-02 11:30:00,65.5999984741211,65.80000305175781,65.5999984741211,65.5999984741211,2578639
2026-06-02 11:45:00,65.5999984741211,65.69999694824219,65.5,65.5999984741211,3124009
2026-06-02 12:00:00,65.80000305175781,65.8499984741211,65.5,65.5999984741211,3180353
2026-06-02 12:15:00,65.80000305175781,65.9000015258789,65.69999694824219,65.80000305175781,1345585
2026-06-02 12:30:00,65.75,65.8499984741211,65.6500015258789,65.80000305175781,742598
2026-06-02 12:45:00,65.80000305175781,65.8499984741211,65.5999984741211,65.75,2730487
2026-06-02 13:00:00,65.80000305175781,65.80000305175781,65.69999694824219,65.75,1183360
2026-06-02 13:15:00,65.6500015258789,65.80000305175781,65.5999984741211,65.80000305175781,2473968
2026-06-02 13:30:00,65.69999694824219,65.75,65.55000305175781,65.6500015258789,2243691
2026-06-02 13:45:00,65.80000305175781,65.9000015258789,65.6500015258789,65.69999694824219,3808708
2026-06-02 14:00:00,66.19999694824219,66.19999694824219,65.75,65.80000305175781,8105204
2026-06-02 14:15:00,65.9000015258789,66.30000305175781,65.80000305175781,66.19999694824219,8338559
2026-06-02 14:30:00,65.80000305175781,65.9000015258789,65.75,65.8499984741211,3069709
2026-06-02 14:45:00,65.80000305175781,65.9000015258789,65.75,65.80000305175781,2601707
2026-06-02 15:00:00,66.0999984741211,66.25,65.75,65.75,8977455
2026-06-02 15:15:00,66.25,66.5,66.05000305175781,66.0999984741211,18335242
2026-06-02 15:30:00,66.0999984741211,66.25,66.05000305175781,66.25,7233830
2026-06-02 15:45:00,66.25,66.25,65.94999694824219,66.1500015258789,7500546
2026-06-02 16:00:00,66.0999984741211,66.55000305175781,65.94999694824219,66.25,16734871
2026-06-02 16:15:00,65.9000015258789,66.19999694824219,65.80000305175781,66.0999984741211,7153440
2026-06-02 16:30:00,66.0,66.05000305175781,65.75,65.9000015258789,5242025
2026-06-02 16:45:00,65.8499984741211,66.0,65.75,65.94999694824219,3023803
2026-06-02 17:00:00,65.75,66.0,65.69999694824219,65.8499984741211,4350730
2026-06-02 17:15:00,65.69999694824219,65.9000015258789,65.5999984741211,65.75,6970070
2026-06-02 17:30:00,65.75,66.0,65.6500015258789,65.6500015258789,8252268
2026-06-02 17:45:00,65.94999694824219,66.1500015258789,65.69999694824219,65.69999694824219,13880087
2026-06-03 09:45:00,65.69999694824219,65.69999694824219,65.69999694824219,65.69999694824219,0
2026-06-03 10:00:00,66.1500015258789,66.30000305175781,65.4000015258789,65.69999694824219,18101552
2026-06-03 10:15:00,66.1500015258789,66.25,65.9000015258789,66.1500015258789,9152522
2026-06-03 10:30:00,65.75,66.19999694824219,65.6500015258789,66.19999694824219,5749284
2026-06-03 10:45:00,65.8499984741211,66.05000305175781,65.6500015258789,65.69999694824219,5120442
2026-06-03 11:00:00,65.94999694824219,66.0,65.69999694824219,65.80000305175781,2051217
2026-06-03 11:15:00,66.05000305175781,66.05000305175781,65.80000305175781,65.94999694824219,3198168
2026-06-03 11:30:00,65.9000015258789,66.0999984741211,65.9000015258789,66.0,2363145
2026-06-03 11:45:00,65.94999694824219,66.0,65.8499984741211,65.9000015258789,1200171
2026-06-03 12:00:00,65.8499984741211,66.0999984741211,65.80000305175781,65.94999694824219,2882756
2026-06-03 12:15:00,65.9000015258789,65.94999694824219,65.80000305175781,65.80000305175781,593944
2026-06-03 12:30:00,65.94999694824219,66.0,65.80000305175781,65.94999694824219,900798
2026-06-03 12:45:00,65.80000305175781,66.0,65.75,65.94999694824219,1567177
2026-06-03 13:00:00,66.0999984741211,66.25,65.75,65.80000305175781,6477476
2026-06-03 13:15:00,65.9000015258789,66.05000305175781,65.80000305175781,66.05000305175781,2055306
2026-06-03 13:30:00,65.9000015258789,66.0999984741211,65.8499984741211,65.94999694824219,1923603
2026-06-03 13:45:00,65.94999694824219,66.0999984741211,65.80000305175781,65.8499984741211,2990557
2026-06-03 14:00:00,65.94999694824219,66.1500015258789,65.9000015258789,65.94999694824219,3407041
2026-06-03 14:15:00,65.9000015258789,66.0,65.80000305175781,65.94999694824219,2672012
2026-06-03 14:30:00,66.1500015258789,66.25,65.8499984741211,65.9000015258789,5804998
2026-06-03 14:45:00,66.3499984741211,66.5,66.0999984741211,66.1500015258789,13734863
2026-06-03 15:00:00,66.19999694824219,66.5,66.05000305175781,66.3499984741211,5693855
2026-06-03 15:15:00,66.19999694824219,66.44999694824219,66.1500015258789,66.19999694824219,5630796
2026-06-03 15:30:00,66.0,66.19999694824219,65.94999694824219,66.19999694824219,3857451
2026-06-03 15:45:00,66.0,66.0999984741211,65.94999694824219,65.94999694824219,1931349
2026-06-03 16:00:00,65.94999694824219,66.05000305175781,65.8499984741211,66.0,4568258
2026-06-03 16:15:00,65.75,65.94999694824219,65.05000305175781,65.94999694824219,16170459
2026-06-03 16:30:00,65.25,65.9000015258789,65.25,65.69999694824219,5913359
2026-06-03 16:45:00,65.25,65.4000015258789,64.8499984741211,65.25,9704845
2026-06-03 17:00:00,65.19999694824219,65.44999694824219,65.1500015258789,65.25,4799927
2026-06-03 17:15:00,65.0,65.30000305175781,64.8499984741211,65.19999694824219,6007046
2026-06-03 17:30:00,64.94999694824219,65.0999984741211,64.9000015258789,65.0,3835445
2026-06-03 17:45:00,64.94999694824219,65.1500015258789,64.8499984741211,64.9000015258789,6413282
2026-06-04 09:45:00,65.5999984741211,65.5999984741211,65.5999984741211,65.5999984741211,0
2026-06-04 10:00:00,65.8499984741211,65.94999694824219,65.5,65.5999984741211,10533692
2026-06-04 10:15:00,65.94999694824219,66.3499984741211,65.8499984741211,65.9000015258789,11346629
2026-06-04 10:30:00,65.55000305175781,66.0999984741211,65.55000305175781,65.94999694824219,5713964
2026-06-04 10:45:00,65.4000015258789,65.69999694824219,65.3499984741211,65.5,3882127
2026-06-04 11:00:00,65.1500015258789,65.6500015258789,65.1500015258789,65.4000015258789,4794541
2026-06-04 11:15:00,65.1500015258789,65.25,64.6500015258789,65.19999694824219,7067767
2026-06-04 11:30:00,65.0999984741211,65.3499984741211,65.05000305175781,65.0999984741211,2510775
2026-06-04 11:45:00,65.0,65.25,64.9000015258789,65.1500015258789,2661071
2026-06-04 12:00:00,65.25,65.3499984741211,65.0,65.0,1833273
2026-06-04 12:15:00,65.30000305175781,65.3499984741211,65.1500015258789,65.19999694824219,2236154
2026-06-04 12:30:00,65.5,65.5999984741211,65.19999694824219,65.25,2858283
2026-06-04 12:45:00,65.6500015258789,65.9000015258789,65.5,65.5,3184801
2026-06-04 13:00:00,65.4000015258789,65.6500015258789,65.3499984741211,65.6500015258789,1910824
2026-06-04 13:15:00,65.25,65.44999694824219,65.19999694824219,65.44999694824219,1144774
2026-06-04 13:30:00,65.0999984741211,65.30000305175781,65.0,65.25,1727921
2026-06-04 13:45:00,65.1500015258789,65.25,65.0,65.1500015258789,1094058
2026-06-04 14:00:00,65.25,65.25,64.94999694824219,65.1500015258789,2061482
2026-06-04 14:15:00,66.0,66.0999984741211,65.1500015258789,65.19999694824219,8160485
2026-06-04 14:30:00,66.19999694824219,66.5,65.5999984741211,66.0,20271061
2026-06-04 14:45:00,66.55000305175781,66.5999984741211,66.1500015258789,66.19999694824219,12861681
2026-06-04 15:00:00,66.94999694824219,66.94999694824219,66.3499984741211,66.5,16036687
2026-06-04 15:15:00,67.0,67.25,66.69999694824219,66.9000015258789,7580157
2026-06-04 15:30:00,66.9000015258789,67.0999984741211,66.8499984741211,66.94999694824219,3548400
2026-06-04 15:45:00,66.75,66.94999694824219,66.6500015258789,66.9000015258789,3688104
2026-06-04 16:00:00,66.8499984741211,67.0,66.6500015258789,66.75,2365189
2026-06-04 16:15:00,67.0,67.05000305175781,66.80000305175781,66.9000015258789,1503597
2026-06-04 16:30:00,66.44999694824219,67.0,66.30000305175781,67.0,6261461
2026-06-04 16:45:00,66.6500015258789,66.9000015258789,66.4000015258789,66.4000015258789,4679458
2026-06-04 17:00:00,66.5,66.80000305175781,66.5,66.6500015258789,2130175
2026-06-04 17:15:00,66.44999694824219,66.55000305175781,66.3499984741211,66.55000305175781,1612610
2026-06-04 17:30:00,66.5999984741211,66.8499984741211,66.25,66.44999694824219,5090675
2026-06-04 17:45:00,66.94999694824219,67.0,66.55000305175781,66.5999984741211,10147484
2026-06-05 09:45:00,67.44999694824219,67.44999694824219,67.44999694824219,67.44999694824219,0
2026-06-05 10:00:00,65.55000305175781,67.55000305175781,65.0999984741211,67.4000015258789,32094070
2026-06-05 10:15:00,65.69999694824219,65.8499984741211,65.3499984741211,65.55000305175781,5762622
2026-06-05 10:30:00,65.5999984741211,65.94999694824219,65.5,65.6500015258789,4931555
2026-06-05 10:45:00,65.8499984741211,65.94999694824219,65.55000305175781,65.6500015258789,4574152
2026-06-05 11:00:00,65.5999984741211,65.94999694824219,65.3499984741211,65.8499984741211,6177732
2026-06-05 11:15:00,65.80000305175781,66.05000305175781,65.5999984741211,65.5999984741211,4605441
2026-06-05 11:30:00,65.55000305175781,65.8499984741211,65.44999694824219,65.80000305175781,3388963
2026-06-05 11:45:00,65.44999694824219,65.6500015258789,65.4000015258789,65.55000305175781,1983210
2026-06-05 12:00:00,65.4000015258789,65.5999984741211,65.30000305175781,65.44999694824219,4035797
2026-06-05 12:15:00,65.30000305175781,65.44999694824219,65.25,65.4000015258789,2222936
2026-06-05 12:30:00,65.30000305175781,65.4000015258789,65.19999694824219,65.3499984741211,1842675
2026-06-05 12:45:00,65.3499984741211,65.5999984741211,65.25,65.30000305175781,2980535
2026-06-05 13:00:00,65.30000305175781,65.4000015258789,65.19999694824219,65.3499984741211,1460892
2026-06-05 13:15:00,65.30000305175781,65.4000015258789,65.25,65.30000305175781,1164170
2026-06-05 13:30:00,65.4000015258789,65.44999694824219,65.19999694824219,65.30000305175781,1382894
2026-06-05 13:45:00,65.3499984741211,65.44999694824219,65.25,65.44999694824219,1481966
2026-06-05 14:00:00,65.4000015258789,65.44999694824219,65.25,65.3499984741211,3130916
2026-06-05 14:15:00,65.55000305175781,65.55000305175781,65.25,65.4000015258789,2942769
2026-06-05 14:30:00,65.30000305175781,65.5999984741211,65.19999694824219,65.55000305175781,3077021
2026-06-05 14:45:00,65.30000305175781,65.4000015258789,65.0999984741211,65.30000305175781,3465274
2026-06-05 15:00:00,65.1500015258789,65.30000305175781,65.0,65.25,3224825
2026-06-05 15:15:00,65.1500015258789,65.25,65.0,65.1500015258789,3365270
2026-06-05 15:30:00,65.0999984741211,65.19999694824219,64.8499984741211,65.1500015258789,4551060
2026-06-05 15:45:00,64.75,65.1500015258789,64.5,65.0999984741211,7700981
2026-06-05 16:00:00,64.8499984741211,64.94999694824219,64.69999694824219,64.69999694824219,4514635
2026-06-05 16:15:00,64.69999694824219,64.94999694824219,64.6500015258789,64.8499984741211,3124038
2026-06-05 16:30:00,64.69999694824219,64.80000305175781,64.55000305175781,64.69999694824219,3899080
2026-06-05 16:45:00,64.5999984741211,64.8499984741211,64.4000015258789,64.69999694824219,6014384
2026-06-05 17:00:00,64.5999984741211,64.69999694824219,64.4000015258789,64.5999984741211,4508573
2026-06-05 17:15:00,64.6500015258789,64.69999694824219,64.55000305175781,64.5999984741211,2862013
2026-06-05 17:30:00,64.5999984741211,64.94999694824219,64.5999984741211,64.6500015258789,3842495
2026-06-05 17:45:00,64.44999694824219,64.6500015258789,64.4000015258789,64.6500015258789,7435074
2026-06-08 09:45:00,63.650001525878906,63.650001525878906,63.650001525878906,63.650001525878906,0
2026-06-08 10:00:00,64.05000305175781,64.0999984741211,63.45000076293945,63.650001525878906,12067969
2026-06-08 10:15:00,64.25,64.30000305175781,63.95000076293945,64.05000305175781,5289165
2026-06-08 10:30:00,64.69999694824219,64.9000015258789,64.19999694824219,64.30000305175781,7070020
2026-06-08 10:45:00,64.5999984741211,65.05000305175781,64.55000305175781,64.75,5776486
2026-06-08 11:00:00,64.6500015258789,64.8499984741211,64.5,64.5999984741211,5139486
2026-06-08 11:15:00,64.80000305175781,64.9000015258789,64.5999984741211,64.5999984741211,2642762
2026-06-08 11:30:00,64.55000305175781,64.8499984741211,64.5,64.80000305175781,2619049
2026-06-08 11:45:00,64.55000305175781,64.6500015258789,64.44999694824219,64.55000305175781,2079645
2026-06-08 12:00:00,64.5999984741211,64.6500015258789,64.4000015258789,64.55000305175781,1825754
2026-06-08 12:15:00,64.55000305175781,64.75,64.55000305175781,64.6500015258789,1744682
2026-06-08 12:30:00,64.80000305175781,64.8499984741211,64.55000305175781,64.5999984741211,3708107
2026-06-08 12:45:00,64.6500015258789,64.8499984741211,64.55000305175781,64.75,2706018
2026-06-08 13:00:00,64.6500015258789,64.80000305175781,64.44999694824219,64.5999984741211,1770040
2026-06-08 13:15:00,64.6500015258789,64.75,64.55000305175781,64.69999694824219,718143
2026-06-08 13:30:00,64.8499984741211,64.9000015258789,64.55000305175781,64.5999984741211,3161261
2026-06-08 13:45:00,65.1500015258789,65.19999694824219,64.75,64.80000305175781,6959467
2026-06-08 14:00:00,65.5999984741211,65.5999984741211,65.0,65.0999984741211,8574825
2026-06-08 14:15:00,66.8499984741211,66.9000015258789,65.55000305175781,65.5999984741211,22465625
2026-06-08 14:30:00,66.80000305175781,67.30000305175781,66.6500015258789,66.8499984741211,16350465
2026-06-08 14:45:00,66.80000305175781,66.94999694824219,66.69999694824219,66.80000305175781,3420023
2026-06-08 15:00:00,66.8499984741211,67.0999984741211,66.80000305175781,66.8499984741211,3815734
2026-06-08 15:15:00,66.94999694824219,67.0,66.80000305175781,66.8499984741211,1242644
2026-06-08 15:30:00,67.0,67.19999694824219,66.9000015258789,66.94999694824219,4783387
2026-06-08 15:45:00,67.0,67.0999984741211,66.8499984741211,67.05000305175781,3090022
2026-06-08 16:00:00,67.0,67.05000305175781,66.8499984741211,67.0,2151261
2026-06-08 16:15:00,67.19999694824219,67.4000015258789,66.94999694824219,67.05000305175781,8129817
2026-06-08 16:30:00,66.94999694824219,67.3499984741211,66.8499984741211,67.25,4333384
2026-06-08 16:45:00,66.9000015258789,67.0,66.69999694824219,66.9000015258789,3588135
2026-06-08 17:00:00,66.94999694824219,67.05000305175781,66.80000305175781,66.9000015258789,4135659
2026-06-08 17:15:00,66.80000305175781,67.05000305175781,66.80000305175781,66.94999694824219,3251557
2026-06-08 17:30:00,66.94999694824219,67.0999984741211,66.80000305175781,66.8499984741211,4331338
2026-06-08 17:45:00,66.94999694824219,67.0999984741211,66.9000015258789,66.9000015258789,6947939
2026-06-09 09:45:00,66.94999694824219,66.94999694824219,66.94999694824219,66.94999694824219,0
2026-06-09 10:00:00,67.19999694824219,67.55000305175781,66.94999694824219,67.0,14143905
2026-06-09 10:15:00,66.9000015258789,67.4000015258789,66.8499984741211,67.19999694824219,4985924
2026-06-09 10:30:00,66.94999694824219,67.0,66.69999694824219,66.9000015258789,4009988
2026-06-09 10:45:00,66.80000305175781,67.19999694824219,66.75,66.94999694824219,4858482
2026-06-09 11:00:00,67.0,67.05000305175781,66.69999694824219,66.75,2349660
2026-06-09 11:15:00,67.30000305175781,67.4000015258789,66.94999694824219,66.94999694824219,7334125
2026-06-09 11:30:00,67.25,67.44999694824219,67.05000305175781,67.25,4513014
2026-06-09 11:45:00,67.44999694824219,67.55000305175781,67.19999694824219,67.19999694824219,4305229
2026-06-09 12:00:00,67.4000015258789,67.5,67.25,67.4000015258789,2250392
2026-06-09 12:15:00,67.6500015258789,67.80000305175781,67.3499984741211,67.44999694824219,5922404
2026-06-09 12:30:00,67.94999694824219,68.0999984741211,67.6500015258789,67.69999694824219,6689263
2026-06-09 12:45:00,68.0,68.05000305175781,67.8499984741211,67.94999694824219,1643958
2026-06-09 13:00:00,68.19999694824219,68.25,67.80000305175781,67.94999694824219,6137610
2026-06-09 13:15:00,68.0999984741211,68.25,68.0,68.19999694824219,1640055
2026-06-09 13:30:00,67.9000015258789,68.05000305175781,67.80000305175781,68.05000305175781,2312541
2026-06-09 13:45:00,67.6500015258789,68.0,67.6500015258789,67.9000015258789,2367598
2026-06-09 14:00:00,67.5999984741211,67.80000305175781,67.55000305175781,67.6500015258789,1826744
2026-06-09 14:15:00,67.5999984741211,67.80000305175781,67.55000305175781,67.5999984741211,1529662
2026-06-09 14:30:00,67.6500015258789,67.69999694824219,67.5,67.6500015258789,1308366
2026-06-09 14:45:00,67.6500015258789,67.75,67.5,67.5999984741211,1178851
2026-06-09 15:00:00,67.5,67.69999694824219,67.4000015258789,67.6500015258789,1844474
2026-06-09 15:15:00,67.3499984741211,67.69999694824219,67.30000305175781,67.5,1827671
2026-06-09 15:30:00,67.25,67.4000015258789,67.1500015258789,67.3499984741211,3022881
2026-06-09 15:45:00,67.1500015258789,67.4000015258789,67.0999984741211,67.25,2716509
2026-06-09 16:00:00,67.4000015258789,67.5,67.0999984741211,67.1500015258789,4596268
2026-06-09 16:15:00,67.55000305175781,67.69999694824219,67.3499984741211,67.4000015258789,3532171
2026-06-09 16:30:00,67.3499984741211,67.5999984741211,67.25,67.55000305175781,1995954
2026-06-09 16:45:00,67.19999694824219,67.94999694824219,67.0999984741211,67.3499984741211,7503123
2026-06-09 17:00:00,67.0999984741211,67.4000015258789,67.0999984741211,67.25,2322823
2026-06-09 17:15:00,67.19999694824219,67.30000305175781,66.8499984741211,67.1500015258789,3914503
2026-06-09 17:30:00,67.25,67.3499984741211,67.0999984741211,67.19999694824219,1743729
2026-06-09 17:45:00,67.25,67.44999694824219,67.0999984741211,67.25,3840947
2026-06-10 09:45:00,67.0,67.0,67.0,67.0,0
2026-06-10 10:00:00,67.30000305175781,67.44999694824219,67.05000305175781,67.05000305175781,7205567
2026-06-10 10:15:00,67.05000305175781,67.4000015258789,66.9000015258789,67.30000305175781,4651356
2026-06-10 10:30:00,67.05000305175781,67.1500015258789,66.80000305175781,67.05000305175781,3170930
2026-06-10 10:45:00,66.8499984741211,67.05000305175781,66.69999694824219,67.05000305175781,2424408
2026-06-10 11:00:00,66.19999694824219,66.8499984741211,66.1500015258789,66.8499984741211,7317696
2026-06-10 11:15:00,66.25,66.30000305175781,66.0999984741211,66.1500015258789,2605691
2026-06-10 11:30:00,66.19999694824219,66.5,66.19999694824219,66.25,1904745
2026-06-10 11:45:00,66.25,66.4000015258789,66.0999984741211,66.25,1240023
2026-06-10 12:00:00,66.30000305175781,66.44999694824219,66.19999694824219,66.30000305175781,956272
2026-06-10 12:15:00,66.55000305175781,66.5999984741211,66.25,66.30000305175781,1294379
2026-06-10 12:30:00,66.44999694824219,66.6500015258789,66.4000015258789,66.5999984741211,1424632
2026-06-10 12:45:00,66.6500015258789,66.69999694824219,66.4000015258789,66.44999694824219,1104259
2026-06-10 13:00:00,66.55000305175781,66.6500015258789,66.5,66.6500015258789,551624
2026-06-10 13:15:00,66.44999694824219,66.5999984741211,66.4000015258789,66.5,622027
2026-06-10 13:30:00,66.80000305175781,66.8499984741211,66.3499984741211,66.4000015258789,1706096
2026-06-10 13:45:00,66.69999694824219,66.80000305175781,66.55000305175781,66.80000305175781,1367278
2026-06-10 14:00:00,66.30000305175781,66.69999694824219,66.0999984741211,66.69999694824219,3388307
2026-06-10 14:15:00,66.05000305175781,66.4000015258789,66.0,66.30000305175781,2274411
2026-06-10 14:30:00,66.0999984741211,66.1500015258789,65.5999984741211,66.05000305175781,5451245
2026-06-10 14:45:00,66.1500015258789,66.19999694824219,65.94999694824219,66.0999984741211,2145156
2026-06-10 15:00:00,66.0999984741211,66.19999694824219,66.0,66.0999984741211,2090797
2026-06-10 15:15:00,66.0999984741211,66.1500015258789,65.94999694824219,66.05000305175781,1175034
2026-06-10 15:30:00,66.44999694824219,66.69999694824219,66.05000305175781,66.0999984741211,8214408
2026-06-10 15:45:00,66.3499984741211,66.6500015258789,66.30000305175781,66.44999694824219,1866551
2026-06-10 16:00:00,66.19999694824219,66.3499984741211,66.1500015258789,66.3499984741211,1985949
2026-06-10 16:15:00,66.1500015258789,66.30000305175781,66.05000305175781,66.19999694824219,2745425
2026-06-10 16:30:00,66.44999694824219,66.55000305175781,66.05000305175781,66.1500015258789,4288164
2026-06-10 16:45:00,66.44999694824219,66.69999694824219,66.25,66.44999694824219,4766808
2026-06-10 17:00:00,66.25,66.5,66.19999694824219,66.44999694824219,2824293
2026-06-10 17:15:00,66.1500015258789,66.25,66.05000305175781,66.25,2991676
2026-06-10 17:30:00,66.19999694824219,66.30000305175781,66.05000305175781,66.1500015258789,4265736
2026-06-10 17:45:00,66.0999984741211,66.44999694824219,66.0999984741211,66.25,6055473
2026-06-11 09:45:00,66.3499984741211,66.3499984741211,66.3499984741211,66.3499984741211,0
2026-06-11 10:00:00,66.1500015258789,66.69999694824219,65.9000015258789,66.3499984741211,7543744
2026-06-11 10:15:00,67.0,67.0999984741211,66.05000305175781,66.1500015258789,8266384
2026-06-11 10:30:00,66.75,67.0,66.69999694824219,67.0,3258257
2026-06-11 10:45:00,66.69999694824219,66.80000305175781,66.55000305175781,66.75,1974941
2026-06-11 11:00:00,66.75,66.75,66.6500015258789,66.6500015258789,1181120
2026-06-11 11:15:00,66.75,66.94999694824219,66.6500015258789,66.69999694824219,3032879
2026-06-11 11:30:00,66.5999984741211,66.75,66.5999984741211,66.75,1867941
2026-06-11 11:45:00,66.5,66.69999694824219,66.44999694824219,66.6500015258789,1901048
2026-06-11 12:00:00,66.5,66.5999984741211,66.44999694824219,66.5,721265
2026-06-11 12:15:00,66.5,66.75,66.5,66.5,1467761
2026-06-11 12:30:00,66.5999984741211,66.69999694824219,66.44999694824219,66.5,1240477
2026-06-11 12:45:00,66.5,66.69999694824219,66.5,66.6500015258789,741300
2026-06-11 13:00:00,66.4000015258789,66.5999984741211,66.3499984741211,66.55000305175781,1729485
2026-06-11 13:15:00,66.5,66.55000305175781,66.4000015258789,66.4000015258789,1493422
2026-06-11 13:30:00,66.69999694824219,66.69999694824219,66.44999694824219,66.44999694824219,720042
2026-06-11 13:45:00,66.6500015258789,66.80000305175781,66.5999984741211,66.69999694824219,1456901
2026-06-11 14:00:00,66.44999694824219,67.05000305175781,66.30000305175781,66.6500015258789,9346146
2026-06-11 14:15:00,67.1500015258789,67.19999694824219,66.4000015258789,66.5,4837369
2026-06-11 14:30:00,66.80000305175781,67.5,66.69999694824219,67.19999694824219,10918868
2026-06-11 14:45:00,66.8499984741211,66.94999694824219,66.69999694824219,66.75,2558500
2026-06-11 15:00:00,66.69999694824219,66.94999694824219,66.6500015258789,66.8499984741211,1684105
2026-06-11 15:15:00,65.6500015258789,66.69999694824219,65.6500015258789,66.6500015258789,7739674
2026-06-11 15:30:00,64.94999694824219,65.69999694824219,64.8499984741211,65.6500015258789,9024704
2026-06-11 15:45:00,65.25,65.4000015258789,64.8499984741211,65.0,8665062
2026-06-11 16:00:00,65.4000015258789,65.5,65.1500015258789,65.25,1762987
2026-06-11 16:15:00,65.4000015258789,65.5,65.1500015258789,65.4000015258789,1711022
2026-06-11 16:30:00,66.1500015258789,66.19999694824219,65.3499984741211,65.3499984741211,6168432
2026-06-11 16:45:00,66.05000305175781,66.4000015258789,66.0,66.1500015258789,5805778
2026-06-11 17:00:00,65.8499984741211,66.19999694824219,65.75,66.05000305175781,2321191
2026-06-11 17:15:00,66.1500015258789,66.3499984741211,65.75,65.8499984741211,3055252
2026-06-11 17:30:00,66.6500015258789,66.80000305175781,66.0999984741211,66.0999984741211,11457778
2026-06-11 17:45:00,66.9000015258789,67.0999984741211,66.6500015258789,66.6500015258789,8148379
2026-06-12 09:45:00,69.0,69.0,69.0,69.0,0
2026-06-12 10:00:00,68.94999694824219,69.5,68.80000305175781,69.05000305175781,17158020
2026-06-12 10:15:00,68.5,69.0,68.4000015258789,68.9000015258789,6276866
2026-06-12 10:30:00,68.80000305175781,68.94999694824219,68.44999694824219,68.5,6275110
2026-06-12 10:45:00,69.0,69.05000305175781,68.5999984741211,68.75,3338039
2026-06-12 11:00:00,71.9000015258789,72.05000305175781,68.94999694824219,69.0,41385400
2026-06-12 11:15:00,71.5,71.94999694824219,71.0,71.9000015258789,18131034
2026-06-12 11:30:00,71.5999984741211,71.69999694824219,71.0,71.44999694824219,9996289
2026-06-12 11:45:00,71.94999694824219,72.0,71.5999984741211,71.5999984741211,10854216
2026-06-12 12:00:00,71.8499984741211,72.0999984741211,71.80000305175781,71.94999694824219,7994189
2026-06-12 12:15:00,72.0,72.0999984741211,71.75,71.9000015258789,4670103
2026-06-12 12:30:00,72.05000305175781,72.19999694824219,71.94999694824219,72.05000305175781,5793958
2026-06-12 12:45:00,71.8499984741211,72.05000305175781,71.75,72.05000305175781,3405682
2026-06-12 13:00:00,72.1500015258789,72.19999694824219,71.8499984741211,71.8499984741211,6287494
2026-06-12 13:15:00,71.69999694824219,72.19999694824219,71.6500015258789,72.19999694824219,5569186
2026-06-12 13:30:00,72.05000305175781,72.0999984741211,71.69999694824219,71.75,7390088
2026-06-12 13:45:00,72.30000305175781,72.5,72.0,72.05000305175781,5373076
2026-06-12 14:00:00,72.30000305175781,72.30000305175781,72.05000305175781,72.30000305175781,2486894
2026-06-12 14:15:00,72.1500015258789,72.3499984741211,72.1500015258789,72.25,1456889
2026-06-12 14:30:00,72.19999694824219,72.30000305175781,72.0,72.1500015258789,2447545
2026-06-12 14:45:00,72.19999694824219,72.30000305175781,72.0999984741211,72.1500015258789,2298375
2026-06-12 15:00:00,71.94999694824219,72.25,71.9000015258789,72.19999694824219,2780070
2026-06-12 15:15:00,72.1500015258789,72.25,71.9000015258789,71.9000015258789,2287320
2026-06-12 15:30:00,72.1500015258789,72.30000305175781,72.0999984741211,72.0999984741211,6750464
2026-06-12 15:45:00,71.6500015258789,72.1500015258789,71.5999984741211,72.0999984741211,4604542
2026-06-12 16:00:00,71.8499984741211,71.94999694824219,71.55000305175781,71.5999984741211,3877782
2026-06-12 16:15:00,72.05000305175781,72.1500015258789,71.8499984741211,71.8499984741211,2648428
2026-06-12 16:30:00,71.44999694824219,72.25,71.3499984741211,72.05000305175781,6852965
2026-06-12 16:45:00,71.0999984741211,71.44999694824219,71.0,71.44999694824219,12625393
2026-06-12 17:00:00,70.8499984741211,71.5,70.75,71.05000305175781,7097260
2026-06-12 17:15:00,71.25,71.44999694824219,70.75,70.9000015258789,7128240
2026-06-12 17:30:00,71.5999984741211,71.75,71.19999694824219,71.25,5412485
2026-06-12 17:45:00,72.1500015258789,72.1500015258789,71.55000305175781,71.5999984741211,9438462
2026-06-15 09:45:00,77.80000305175781,77.80000305175781,77.80000305175781,77.80000305175781,0
2026-06-15 10:00:00,76.44999694824219,77.80000305175781,75.5,77.5999984741211,25306524
2026-06-15 10:15:00,76.3499984741211,76.5,75.94999694824219,76.44999694824219,7338748
2026-06-15 10:30:00,76.69999694824219,76.75,76.1500015258789,76.3499984741211,7587907
2026-06-15 10:45:00,76.5999984741211,77.05000305175781,76.5,76.6500015258789,13864880
2026-06-15 11:00:00,76.5999984741211,77.05000305175781,76.3499984741211,76.5999984741211,9768230
2026-06-15 11:15:00,77.05000305175781,77.05000305175781,76.5,76.5999984741211,6225445
2026-06-15 11:30:00,77.3499984741211,77.4000015258789,76.8499984741211,77.05000305175781,5366616
2026-06-15 11:45:00,77.19999694824219,77.5999984741211,77.0999984741211,77.3499984741211,5267627
2026-06-15 12:00:00,77.19999694824219,77.30000305175781,77.05000305175781,77.19999694824219,2176777
2026-06-15 12:15:00,77.19999694824219,77.19999694824219,76.9000015258789,77.1500015258789,2171516
2026-06-15 12:30:00,77.5,77.5,77.0999984741211,77.1500015258789,3858669
2026-06-15 12:45:00,77.6500015258789,77.9000015258789,77.44999694824219,77.44999694824219,6165830
2026-06-15 13:00:00,77.8499984741211,78.0,77.5,77.6500015258789,5655392
2026-06-15 13:15:00,77.6500015258789,77.9000015258789,77.55000305175781,77.80000305175781,3634075
2026-06-15 13:30:00,77.5,77.75,77.5,77.6500015258789,2477546
2026-06-15 13:45:00,77.75,77.80000305175781,77.44999694824219,77.55000305175781,2913498
2026-06-15 14:00:00,77.69999694824219,77.80000305175781,77.5999984741211,77.75,2364187
2026-06-15 14:15:00,77.75,77.80000305175781,77.5999984741211,77.6500015258789,2447214
2026-06-15 14:30:00,77.55000305175781,77.80000305175781,77.44999694824219,77.75,4335878
2026-06-15 14:45:00,77.6500015258789,77.75,77.55000305175781,77.55000305175781,3671266
2026-06-15 15:00:00,77.5999984741211,77.75,77.5,77.6500015258789,2415666
2026-06-15 15:15:00,77.69999694824219,77.80000305175781,77.55000305175781,77.55000305175781,2157184
2026-06-15 15:30:00,77.75,77.9000015258789,77.6500015258789,77.69999694824219,2468422
2026-06-15 15:45:00,77.75,78.05000305175781,77.6500015258789,77.75,5346151
2026-06-15 16:00:00,77.80000305175781,77.8499984741211,77.6500015258789,77.75,1677977
2026-06-15 16:15:00,77.75,77.9000015258789,77.69999694824219,77.8499984741211,1367773
2026-06-15 16:30:00,77.80000305175781,78.0,77.69999694824219,77.80000305175781,2373988
2026-06-15 16:45:00,77.9000015258789,78.0,77.6500015258789,77.80000305175781,2789138
2026-06-15 17:00:00,77.80000305175781,78.1500015258789,77.69999694824219,77.8499984741211,7444975
2026-06-15 17:15:00,78.0,78.0,77.6500015258789,77.75,4177344
2026-06-15 17:30:00,77.75,78.05000305175781,77.6500015258789,78.0,3463202
2026-06-15 17:45:00,77.6500015258789,77.94999694824219,77.5999984741211,77.75,7852989
2026-06-16 09:45:00,76.9000015258789,76.9000015258789,76.9000015258789,76.9000015258789,0
2026-06-16 10:00:00,77.0999984741211,77.19999694824219,76.30000305175781,76.9000015258789,13304477
2026-06-16 10:15:00,77.0999984741211,77.5,77.0,77.05000305175781,7954189
2026-06-16 10:30:00,76.94999694824219,77.1500015258789,76.69999694824219,77.0999984741211,4421341
2026-06-16 10:45:00,77.0999984741211,77.5,76.9000015258789,77.0,4856501
2026-06-16 11:00:00,77.4000015258789,77.6500015258789,77.05000305175781,77.0999984741211,4991358
2026-06-16 11:15:00,77.4000015258789,77.55000305175781,77.3499984741211,77.4000015258789,1439094
2026-06-16 11:30:00,77.4000015258789,77.44999694824219,77.25,77.44999694824219,1677865
2026-06-16 11:45:00,77.44999694824219,77.55000305175781,77.3499984741211,77.4000015258789,1433001
2026-06-16 12:00:00,77.30000305175781,77.5,77.19999694824219,77.5,1111869
2026-06-16 12:15:00,77.30000305175781,77.4000015258789,77.25,77.25,1403982
2026-06-16 12:30:00,77.25,77.4000015258789,77.1500015258789,77.3499984741211,1254286
2026-06-16 12:45:00,77.19999694824219,77.30000305175781,77.0999984741211,77.19999694824219,1174208
2026-06-16 13:00:00,77.25,77.30000305175781,77.05000305175781,77.1500015258789,1853874
2026-06-16 13:15:00,77.19999694824219,77.3499984741211,77.0999984741211,77.25,2366318
2026-06-16 13:30:00,77.0999984741211,77.25,77.0,77.19999694824219,2059645
2026-06-16 13:45:00,77.05000305175781,77.1500015258789,76.94999694824219,77.0999984741211,1931634
2026-06-16 14:00:00,76.8499984741211,77.1500015258789,76.8499984741211,77.05000305175781,2378998
2026-06-16 14:15:00,76.80000305175781,76.9000015258789,76.69999694824219,76.8499984741211,2804465
2026-06-16 14:30:00,76.9000015258789,77.0999984741211,76.75,76.80000305175781,3115842
2026-06-16 14:45:00,76.55000305175781,76.94999694824219,76.30000305175781,76.9000015258789,3600872
2026-06-16 15:00:00,76.55000305175781,76.6500015258789,76.0999984741211,76.55000305175781,4821267
2026-06-16 15:15:00,76.1500015258789,76.55000305175781,76.05000305175781,76.5,5763094
2026-06-16 15:30:00,76.94999694824219,77.05000305175781,76.1500015258789,76.1500015258789,6210366
2026-06-16 15:45:00,76.94999694824219,77.30000305175781,76.9000015258789,77.0,4822395
2026-06-16 16:00:00,76.9000015258789,77.0999984741211,76.9000015258789,76.94999694824219,2693746
2026-06-16 16:15:00,77.05000305175781,77.0999984741211,76.80000305175781,76.94999694824219,2684437
2026-06-16 16:30:00,76.9000015258789,77.19999694824219,76.80000305175781,77.05000305175781,2835512
2026-06-16 16:45:00,77.1500015258789,77.1500015258789,76.8499984741211,76.9000015258789,1811205
2026-06-16 17:00:00,76.6500015258789,77.1500015258789,76.6500015258789,77.1500015258789,2117789
2026-06-16 17:15:00,76.5999984741211,76.8499984741211,76.55000305175781,76.69999694824219,2823809
2026-06-16 17:30:00,76.55000305175781,76.94999694824219,76.5,76.5999984741211,4072939
2026-06-16 17:45:00,76.80000305175781,77.0,76.4000015258789,76.5999984741211,7332791
2026-06-17 09:45:00,77.4000015258789,77.4000015258789,77.4000015258789,77.4000015258789,0
2026-06-17 10:00:00,77.4000015258789,77.80000305175781,77.0999984741211,77.44999694824219,10799392
2026-06-17 10:15:00,77.0,77.5999984741211,76.80000305175781,77.4000015258789,4580998
2026-06-17 10:30:00,77.19999694824219,77.25,76.94999694824219,77.0,2267270
2026-06-17 10:45:00,77.30000305175781,77.3499984741211,76.94999694824219,77.1500015258789,2993090
2026-06-17 11:00:00,77.44999694824219,77.5,77.19999694824219,77.30000305175781,3239017
2026-06-17 11:15:00,77.69999694824219,77.9000015258789,77.4000015258789,77.44999694824219,7007058
2026-06-17 11:30:00,77.25,77.75,77.0999984741211,77.69999694824219,3659744
2026-06-17 11:45:00,77.30000305175781,77.44999694824219,77.19999694824219,77.25,1901845
2026-06-17 12:00:00,77.25,77.3499984741211,77.1500015258789,77.30000305175781,1236088
2026-06-17 12:15:00,77.19999694824219,77.30000305175781,77.1500015258789,77.25,621917
2026-06-17 12:30:00,77.30000305175781,77.3499984741211,77.19999694824219,77.19999694824219,853895
2026-06-17 12:45:00,77.30000305175781,77.30000305175781,77.05000305175781,77.25,1575173
2026-06-17 13:00:00,77.4000015258789,77.44999694824219,77.19999694824219,77.25,1119092
2026-06-17 13:15:00,77.30000305175781,77.44999694824219,77.19999694824219,77.44999694824219,1161895
2026-06-17 13:30:00,77.4000015258789,77.44999694824219,77.25,77.30000305175781,798874
2026-06-17 13:45:00,77.44999694824219,77.5999984741211,77.4000015258789,77.44999694824219,1951831
2026-06-17 14:00:00,77.25,77.5,77.19999694824219,77.44999694824219,1720743
2026-06-17 14:15:00,76.80000305175781,77.4000015258789,76.75,77.19999694824219,3355411
2026-06-17 14:30:00,77.0,77.05000305175781,76.6500015258789,76.75,3934272
2026-06-17 14:45:00,76.8499984741211,77.05000305175781,76.75,77.0,1579545
2026-06-17 15:00:00,77.19999694824219,77.3499984741211,76.8499984741211,76.9000015258789,2820226
2026-06-17 15:15:00,77.30000305175781,77.3499984741211,77.1500015258789,77.19999694824219,1049255
2026-06-17 15:30:00,77.3499984741211,77.44999694824219,77.19999694824219,77.25,1467381
2026-06-17 15:45:00,77.1500015258789,77.4000015258789,77.05000305175781,77.3499984741211,1340104
2026-06-17 16:00:00,77.19999694824219,77.30000305175781,77.05000305175781,77.1500015258789,1005737
2026-06-17 16:15:00,77.69999694824219,77.94999694824219,77.1500015258789,77.19999694824219,8184971
2026-06-17 16:30:00,78.4000015258789,78.44999694824219,77.3499984741211,77.69999694824219,14243981
2026-06-17 16:45:00,78.1500015258789,78.5,78.0,78.4000015258789,6768311
2026-06-17 17:00:00,77.80000305175781,78.1500015258789,77.55000305175781,78.1500015258789,4789997
2026-06-17 17:15:00,77.75,77.9000015258789,77.4000015258789,77.8499984741211,5219904
2026-06-17 17:30:00,78.0,78.05000305175781,77.75,77.80000305175781,3509602
2026-06-17 17:45:00,77.9000015258789,78.05000305175781,77.69999694824219,78.0,3573351
2026-06-18 09:45:00,78.30000305175781,78.30000305175781,78.30000305175781,78.30000305175781,0
2026-06-18 10:00:00,79.05000305175781,79.25,78.0999984741211,78.30000305175781,14065712
2026-06-18 10:15:00,78.75,79.25,78.5,79.0999984741211,6857320
2026-06-18 10:30:00,80.30000305175781,80.3499984741211,78.5999984741211,78.69999694824219,13917864
2026-06-18 10:45:00,80.1500015258789,80.69999694824219,80.0999984741211,80.30000305175781,12589080
2026-06-18 11:00:00,80.3499984741211,80.44999694824219,79.9000015258789,80.19999694824219,5543513
2026-06-18 11:15:00,80.94999694824219,81.0999984741211,80.3499984741211,80.3499984741211,10572264
2026-06-18 11:30:00,80.94999694824219,81.0,80.69999694824219,80.94999694824219,3962142
2026-06-18 11:45:00,80.9000015258789,81.0999984741211,80.80000305175781,81.0,2773576
2026-06-18 12:00:00,80.5999984741211,80.9000015258789,80.55000305175781,80.8499984741211,3209498
2026-06-18 12:15:00,80.44999694824219,80.6500015258789,80.4000015258789,80.55000305175781,2436345
2026-06-18 12:30:00,80.5,80.5999984741211,80.3499984741211,80.44999694824219,1567112
2026-06-18 12:45:00,80.55000305175781,80.5999984741211,80.44999694824219,80.5,1136830
2026-06-18 13:00:00,80.55000305175781,80.6500015258789,80.44999694824219,80.55000305175781,1223631
2026-06-18 13:15:00,80.5999984741211,80.6500015258789,80.5,80.55000305175781,1317000
2026-06-18 13:30:00,80.05000305175781,80.6500015258789,80.05000305175781,80.55000305175781,3337385
2026-06-18 13:45:00,80.30000305175781,80.4000015258789,80.0,80.05000305175781,1549376
2026-06-18 14:00:00,80.0999984741211,80.44999694824219,79.94999694824219,80.30000305175781,2386100
2026-06-18 14:15:00,79.94999694824219,80.1500015258789,79.75,80.1500015258789,1313937
2026-06-18 14:30:00,79.94999694824219,80.05000305175781,79.8499984741211,79.94999694824219,1169081
2026-06-18 14:45:00,80.0999984741211,80.0999984741211,79.8499984741211,79.94999694824219,1083938
2026-06-18 15:00:00,80.0999984741211,80.1500015258789,79.80000305175781,80.05000305175781,1148149
2026-06-18 15:15:00,80.05000305175781,80.1500015258789,80.0,80.0999984741211,640450
2026-06-18 15:30:00,80.05000305175781,80.19999694824219,79.9000015258789,80.05000305175781,1589000
2026-06-18 15:45:00,80.3499984741211,80.4000015258789,80.0,80.0,2177870
2026-06-18 16:00:00,80.75,80.80000305175781,80.25,80.3499984741211,5244132
2026-06-18 16:15:00,80.9000015258789,80.94999694824219,80.6500015258789,80.69999694824219,3829768
2026-06-18 16:30:00,81.0999984741211,81.3499984741211,80.8499984741211,80.94999694824219,6553875
2026-06-18 16:45:00,81.19999694824219,81.44999694824219,80.9000015258789,81.0999984741211,4774789
2026-06-18 17:00:00,81.25,81.5,81.19999694824219,81.19999694824219,2942660
2026-06-18 17:15:00,81.44999694824219,81.5,81.25,81.25,3557433
2026-06-18 17:30:00,81.0,81.4000015258789,80.8499984741211,81.4000015258789,5003932
2026-06-18 17:45:00,81.25,81.44999694824219,81.0,81.0,6062345
2026-06-19 09:45:00,79.9000015258789,79.9000015258789,79.9000015258789,79.9000015258789,0
2026-06-19 10:00:00,81.25,81.30000305175781,79.80000305175781,79.94999694824219,19912337
2026-06-19 10:15:00,80.94999694824219,81.8499984741211,80.6500015258789,81.30000305175781,13564362
2026-06-19 10:30:00,81.3499984741211,81.3499984741211,80.9000015258789,80.94999694824219,3031513
2026-06-19 10:45:00,81.0,81.3499984741211,80.94999694824219,81.30000305175781,2481166
2026-06-19 11:00:00,81.05000305175781,81.25,80.94999694824219,80.94999694824219,2207344
2026-06-19 11:15:00,81.05000305175781,81.1500015258789,81.0,81.05000305175781,1505009
2026-06-19 11:30:00,81.25,81.44999694824219,81.0,81.05000305175781,2998236
2026-06-19 11:45:00,81.30000305175781,81.5,81.19999694824219,81.25,3011493
2026-06-19 12:00:00,81.19999694824219,81.44999694824219,81.1500015258789,81.3499984741211,2244888
2026-06-19 12:15:00,81.19999694824219,81.25,81.1500015258789,81.1500015258789,1323598
2026-06-19 12:30:00,81.25,81.3499984741211,81.1500015258789,81.19999694824219,1101394
2026-06-19 12:45:00,81.3499984741211,81.55000305175781,81.25,81.30000305175781,3494615
2026-06-19 13:00:00,81.25,81.4000015258789,81.0999984741211,81.3499984741211,1669309
2026-06-19 13:15:00,81.1500015258789,81.4000015258789,81.1500015258789,81.19999694824219,1207487
2026-06-19 13:30:00,81.0,81.25,80.80000305175781,81.1500015258789,5247684
2026-06-19 13:45:00,81.05000305175781,81.25,80.75,81.0,2626656
2026-06-19 14:00:00,81.0,81.0999984741211,80.9000015258789,81.0,1531578
2026-06-19 14:15:00,80.9000015258789,81.0999984741211,80.8499984741211,81.0,1959728
2026-06-19 14:30:00,81.1500015258789,81.25,80.80000305175781,80.9000015258789,3157852
2026-06-19 14:45:00,81.0999984741211,81.25,80.94999694824219,81.0999984741211,2728761
2026-06-19 15:00:00,80.94999694824219,81.19999694824219,80.9000015258789,81.0999984741211,2492544
2026-06-19 15:15:00,81.05000305175781,81.25,80.9000015258789,80.94999694824219,2824435
2026-06-19 15:30:00,80.94999694824219,81.1500015258789,80.94999694824219,81.05000305175781,1070353
2026-06-19 15:45:00,81.55000305175781,83.0,80.94999694824219,81.0,19893941
2026-06-19 16:00:00,81.6500015258789,82.25,81.5,81.55000305175781,6715467
2026-06-19 16:15:00,81.94999694824219,82.1500015258789,81.5,81.5999984741211,4224216
2026-06-19 16:30:00,81.9000015258789,82.1500015258789,81.80000305175781,81.94999694824219,3572046
2026-06-19 16:45:00,81.8499984741211,82.19999694824219,81.8499984741211,81.9000015258789,2652385
2026-06-19 17:00:00,81.80000305175781,82.0,81.5999984741211,81.8499984741211,2213965
2026-06-19 17:15:00,81.75,81.9000015258789,81.69999694824219,81.8499984741211,1229410
2026-06-19 17:30:00,81.4000015258789,81.8499984741211,81.19999694824219,81.69999694824219,3426320
2026-06-19 17:45:00,81.5999984741211,81.8499984741211,81.3499984741211,81.44999694824219,4026504
2026-06-22 09:45:00,82.5,82.5,82.5,82.5,0
2026-06-22 10:00:00,81.6500015258789,82.6500015258789,81.6500015258789,82.44999694824219,8971416
2026-06-22 10:15:00,82.4000015258789,82.5,81.55000305175781,81.6500015258789,7657741
2026-06-22 10:30:00,82.1500015258789,82.5,82.05000305175781,82.4000015258789,3073336
2026-06-22 10:45:00,82.05000305175781,82.4000015258789,81.9000015258789,82.1500015258789,2607736
2026-06-22 11:00:00,82.19999694824219,82.25,81.94999694824219,82.05000305175781,1657764
2026-06-22 11:15:00,82.05000305175781,82.19999694824219,82.0,82.19999694824219,999731
2026-06-22 11:30:00,82.4000015258789,82.44999694824219,82.0,82.0999984741211,2336038
2026-06-22 11:45:00,82.55000305175781,82.55000305175781,82.0999984741211,82.4000015258789,3037710
2026-06-22 12:00:00,82.55000305175781,82.9000015258789,82.44999694824219,82.55000305175781,5221210
2026-06-22 12:15:00,82.5,82.55000305175781,82.3499984741211,82.55000305175781,909076
2026-06-22 12:30:00,82.19999694824219,82.55000305175781,82.19999694824219,82.5,1374614
2026-06-22 12:45:00,82.25,82.30000305175781,82.1500015258789,82.25,683929
2026-06-22 13:00:00,82.19999694824219,82.4000015258789,82.19999694824219,82.19999694824219,781532
2026-06-22 13:15:00,82.44999694824219,82.44999694824219,82.1500015258789,82.25,946262
2026-06-22 13:30:00,82.44999694824219,82.5,82.3499984741211,82.44999694824219,796369
2026-06-22 13:45:00,82.30000305175781,82.44999694824219,82.25,82.4000015258789,773988
2026-06-22 14:00:00,82.3499984741211,82.55000305175781,82.25,82.25,1378168
2026-06-22 14:15:00,82.19999694824219,82.3499984741211,82.19999694824219,82.30000305175781,777274
2026-06-22 14:30:00,82.30000305175781,82.3499984741211,82.1500015258789,82.19999694824219,760120
2026-06-22 14:45:00,82.3499984741211,82.4000015258789,82.25,82.30000305175781,674734
2026-06-22 15:00:00,82.3499984741211,82.4000015258789,82.25,82.30000305175781,720529
2026-06-22 15:15:00,82.25,82.5,82.19999694824219,82.4000015258789,1380810
2026-06-22 15:30:00,82.3499984741211,82.5,82.1500015258789,82.25,1376212
2026-06-22 15:45:00,82.0999984741211,82.30000305175781,82.05000305175781,82.30000305175781,969670
2026-06-22 16:00:00,81.75,82.25,81.5999984741211,82.05000305175781,3287404
2026-06-22 16:15:00,82.0999984741211,82.19999694824219,81.69999694824219,81.75,2248228
2026-06-22 16:30:00,81.6500015258789,82.19999694824219,81.55000305175781,82.1500015258789,2644402
2026-06-22 16:45:00,81.5999984741211,81.9000015258789,81.55000305175781,81.6500015258789,1864506
2026-06-22 17:00:00,81.80000305175781,81.94999694824219,81.55000305175781,81.5999984741211,1928596
2026-06-22 17:15:00,81.9000015258789,81.94999694824219,81.6500015258789,81.80000305175781,824214
2026-06-22 17:30:00,81.9000015258789,82.0,81.80000305175781,81.9000015258789,1960239
2026-06-22 17:45:00,81.8499984741211,82.05000305175781,81.80000305175781,81.8499984741211,3897527
2026-06-23 09:45:00,81.69999694824219,81.69999694824219,81.69999694824219,81.69999694824219,0
2026-06-23 10:00:00,81.25,81.8499984741211,81.0,81.6500015258789,7841498
2026-06-23 10:15:00,81.05000305175781,81.30000305175781,80.69999694824219,81.25,5994728
2026-06-23 10:30:00,80.5,81.1500015258789,80.19999694824219,81.05000305175781,4436371
2026-06-23 10:45:00,80.4000015258789,80.8499984741211,80.30000305175781,80.5,4188540
2026-06-23 11:00:00,80.69999694824219,80.80000305175781,80.25,80.4000015258789,6026250
2026-06-23 11:15:00,80.5,80.8499984741211,80.5,80.69999694824219,1982003
2026-06-23 11:30:00,80.6500015258789,80.8499984741211,80.44999694824219,80.55000305175781,2179181
2026-06-23 11:45:00,80.55000305175781,80.80000305175781,80.55000305175781,80.6500015258789,1132079
2026-06-23 12:00:00,80.5,80.9000015258789,80.44999694824219,80.55000305175781,2295546
2026-06-23 12:15:00,80.69999694824219,80.8499984741211,80.5,80.5,967968
2026-06-23 12:30:00,80.75,80.8499984741211,80.6500015258789,80.75,946492
2026-06-23 12:45:00,80.80000305175781,81.05000305175781,80.75,80.80000305175781,1641357
2026-06-23 13:00:00,80.94999694824219,81.0999984741211,80.80000305175781,80.80000305175781,1254015
2026-06-23 13:15:00,80.75,81.05000305175781,80.69999694824219,81.0,1604038
2026-06-23 13:30:00,80.5999984741211,80.8499984741211,80.5999984741211,80.75,511146
2026-06-23 13:45:00,80.55000305175781,80.75,80.44999694824219,80.5999984741211,1521322
2026-06-23 14:00:00,80.5,80.69999694824219,80.3499984741211,80.55000305175781,1858570
2026-06-23 14:15:00,80.55000305175781,80.8499984741211,80.4000015258789,80.5,2923102
2026-06-23 14:30:00,80.55000305175781,80.6500015258789,80.4000015258789,80.55000305175781,964816
2026-06-23 14:45:00,80.19999694824219,80.5999984741211,80.0999984741211,80.5,2046051
2026-06-23 15:00:00,80.25,80.4000015258789,80.0999984741211,80.25,1471955
2026-06-23 15:15:00,79.9000015258789,80.30000305175781,79.9000015258789,80.25,2186024
2026-06-23 15:30:00,79.8499984741211,80.05000305175781,79.69999694824219,79.9000015258789,2644679
2026-06-23 15:45:00,79.94999694824219,80.1500015258789,79.80000305175781,79.8499984741211,1789095
2026-06-23 16:00:00,80.1500015258789,80.30000305175781,79.8499984741211,79.94999694824219,1605829
2026-06-23 16:15:00,80.05000305175781,80.19999694824219,79.94999694824219,80.0999984741211,1400637
2026-06-23 16:30:00,80.1500015258789,80.30000305175781,80.0,80.0999984741211,1451343
2026-06-23 16:45:00,80.44999694824219,80.5,80.1500015258789,80.19999694824219,1968057
2026-06-23 17:00:00,80.69999694824219,80.75,80.30000305175781,80.44999694824219,3497849
2026-06-23 17:15:00,80.4000015258789,80.80000305175781,80.30000305175781,80.69999694824219,4117877
2026-06-23 17:30:00,80.3499984741211,80.69999694824219,80.30000305175781,80.4000015258789,2544884
2026-06-23 17:45:00,80.5999984741211,80.6500015258789,80.30000305175781,80.3499984741211,4046083
2026-06-24 09:45:00,80.55000305175781,80.55000305175781,80.55000305175781,80.55000305175781,0
2026-06-24 10:00:00,80.5999984741211,80.80000305175781,80.19999694824219,80.55000305175781,5898969
2026-06-24 10:15:00,80.05000305175781,80.80000305175781,80.05000305175781,80.5999984741211,2956841
2026-06-24 10:30:00,80.1500015258789,80.25,79.94999694824219,80.05000305175781,1739080
2026-06-24 10:45:00,80.3499984741211,80.5,80.0,80.0999984741211,2847043
2026-06-24 11:00:00,80.55000305175781,80.5999984741211,80.1500015258789,80.4000015258789,2803174
2026-06-24 11:15:00,80.4000015258789,80.5999984741211,80.30000305175781,80.5999984741211,1347573
2026-06-24 11:30:00,80.3499984741211,80.44999694824219,80.25,80.4000015258789,882523
2026-06-24 11:45:00,80.0999984741211,80.3499984741211,80.0999984741211,80.3499984741211,1564089
2026-06-24 12:00:00,80.19999694824219,80.19999694824219,79.8499984741211,80.1500015258789,3385554
2026-06-24 12:15:00,80.0999984741211,80.25,80.05000305175781,80.19999694824219,1145009
2026-06-24 12:30:00,79.94999694824219,80.19999694824219,79.8499984741211,80.1500015258789,1586972
2026-06-24 12:45:00,80.0999984741211,80.1500015258789,79.8499984741211,79.94999694824219,555707
2026-06-24 13:00:00,80.0999984741211,80.30000305175781,80.0999984741211,80.0999984741211,1110346
2026-06-24 13:15:00,80.3499984741211,80.4000015258789,80.05000305175781,80.0999984741211,1326781
2026-06-24 13:30:00,80.4000015258789,80.5999984741211,80.30000305175781,80.30000305175781,2806419
2026-06-24 13:45:00,80.1500015258789,80.4000015258789,80.1500015258789,80.4000015258789,1235885
2026-06-24 14:00:00,80.0,80.19999694824219,80.0,80.1500015258789,929867
2026-06-24 14:15:00,80.05000305175781,80.0999984741211,79.94999694824219,80.0,677562
2026-06-24 14:30:00,79.9000015258789,80.1500015258789,79.69999694824219,80.0,1647337
2026-06-24 14:45:00,80.0,80.19999694824219,79.80000305175781,79.94999694824219,2152726
2026-06-24 15:00:00,80.05000305175781,80.25,79.9000015258789,80.0,1302478
2026-06-24 15:15:00,79.9000015258789,80.19999694824219,79.75,80.0,2178821
2026-06-24 15:30:00,79.80000305175781,80.0,79.75,79.94999694824219,702402
2026-06-24 15:45:00,80.4000015258789,80.44999694824219,79.75,79.80000305175781,2233962
2026-06-24 16:00:00,80.0,80.44999694824219,79.94999694824219,80.4000015258789,2342690
2026-06-24 16:15:00,80.0999984741211,80.25,80.0,80.0,1206543
2026-06-24 16:30:00,80.19999694824219,80.55000305175781,80.05000305175781,80.0999984741211,2359265
2026-06-24 16:45:00,80.9000015258789,80.94999694824219,80.1500015258789,80.19999694824219,4753886
2026-06-24 17:00:00,80.80000305175781,81.05000305175781,80.5999984741211,80.9000015258789,3465696
2026-06-24 17:15:00,81.5999984741211,81.6500015258789,80.69999694824219,80.75,7099449
2026-06-24 17:30:00,81.3499984741211,81.6500015258789,81.1500015258789,81.6500015258789,5024381
2026-06-24 17:45:00,81.30000305175781,81.4000015258789,81.19999694824219,81.3499984741211,3497541
2026-06-25 09:45:00,82.4000015258789,82.4000015258789,82.4000015258789,82.4000015258789,0
2026-06-25 10:00:00,82.44999694824219,83.0,82.19999694824219,82.44999694824219,11328208
2026-06-25 10:15:00,82.30000305175781,82.9000015258789,82.0,82.44999694824219,10762492
2026-06-25 10:30:00,82.25,82.5,82.19999694824219,82.25,4276850
2026-06-25 10:45:00,81.9000015258789,82.25,81.5999984741211,82.25,6284774
2026-06-25 11:00:00,81.80000305175781,82.0,81.69999694824219,81.9000015258789,2960231
2026-06-25 11:15:00,81.3499984741211,81.8499984741211,81.30000305175781,81.8499984741211,2779682
2026-06-25 11:30:00,81.5999984741211,81.69999694824219,81.05000305175781,81.3499984741211,3777769
2026-06-25 11:45:00,81.5,81.75,81.44999694824219,81.5999984741211,2313703
2026-06-25 12:00:00,81.1500015258789,81.55000305175781,81.0999984741211,81.5,2394791
2026-06-25 12:15:00,80.4000015258789,81.30000305175781,80.19999694824219,81.1500015258789,4996257
2026-06-25 12:30:00,80.05000305175781,80.5999984741211,79.94999694824219,80.4000015258789,5007859
2026-06-25 12:45:00,80.0999984741211,80.25,79.9000015258789,80.0,2109083
2026-06-25 13:00:00,79.55000305175781,80.0999984741211,79.5,80.05000305175781,2130985
2026-06-25 13:15:00,79.6500015258789,79.75,79.4000015258789,79.55000305175781,2181881
2026-06-25 13:30:00,79.75,79.80000305175781,79.5,79.6500015258789,1185231
2026-06-25 13:45:00,79.5,79.69999694824219,79.44999694824219,79.69999694824219,1213009
2026-06-25 14:00:00,78.44999694824219,79.55000305175781,78.3499984741211,79.5,4491283
2026-06-25 14:15:00,78.94999694824219,78.94999694824219,78.30000305175781,78.44999694824219,4115863
2026-06-25 14:30:00,78.5,79.05000305175781,78.44999694824219,78.9000015258789,1846074
2026-06-25 14:45:00,78.30000305175781,78.55000305175781,78.30000305175781,78.5,770237
2026-06-25 15:00:00,77.94999694824219,78.19999694824219,77.75,78.1500015258789,3325446
2026-06-25 15:15:00,78.25,78.30000305175781,77.8499984741211,77.94999694824219,2240733
2026-06-25 15:30:00,78.19999694824219,78.69999694824219,77.75,78.25,3396727
2026-06-25 15:45:00,78.0,78.4000015258789,78.0,78.19999694824219,1836450
2026-06-25 16:00:00,78.0,78.19999694824219,77.80000305175781,78.0,1936640
2026-06-25 16:15:00,77.94999694824219,78.19999694824219,77.9000015258789,78.0,1003200
2026-06-25 16:30:00,77.69999694824219,78.0999984741211,77.6500015258789,77.94999694824219,2239529
2026-06-25 16:45:00,77.55000305175781,77.80000305175781,77.4000015258789,77.69999694824219,3009127
2026-06-25 17:00:00,77.25,77.8499984741211,77.25,77.55000305175781,3189903
2026-06-25 17:15:00,77.4000015258789,77.75,77.25,77.30000305175781,3001926
2026-06-25 17:30:00,77.30000305175781,77.5999984741211,77.25,77.4000015258789,2311143
2026-06-25 17:45:00,77.1500015258789,77.4000015258789,77.0999984741211,77.30000305175781,5474121
2026-06-26 09:45:00,77.25,77.25,77.25,77.25,0
2026-06-26 10:00:00,77.75,77.80000305175781,77.19999694824219,77.30000305175781,9113416
2026-06-26 10:15:00,77.30000305175781,77.9000015258789,77.19999694824219,77.80000305175781,5045477
2026-06-26 10:30:00,77.6500015258789,77.75,77.25,77.30000305175781,2205468
2026-06-26 10:45:00,77.75,77.9000015258789,77.55000305175781,77.6500015258789,2446603
2026-06-26 11:00:00,77.55000305175781,77.75,77.5,77.75,1391054
2026-06-26 11:15:00,77.9000015258789,77.9000015258789,77.5,77.55000305175781,1393427
2026-06-26 11:30:00,77.69999694824219,77.9000015258789,77.55000305175781,77.9000015258789,1501109
2026-06-26 11:45:00,77.44999694824219,77.75,77.4000015258789,77.75,962895
2026-06-26 12:00:00,77.6500015258789,77.6500015258789,77.4000015258789,77.5,491967
2026-06-26 12:15:00,77.55000305175781,77.6500015258789,77.44999694824219,77.5999984741211,633127
2026-06-26 12:30:00,77.5999984741211,77.6500015258789,77.44999694824219,77.55000305175781,756616
2026-06-26 12:45:00,77.3499984741211,77.6500015258789,77.3499984741211,77.5999984741211,691793
2026-06-26 13:00:00,77.1500015258789,77.4000015258789,77.0999984741211,77.3499984741211,1946547
2026-06-26 13:15:00,77.3499984741211,77.4000015258789,77.0999984741211,77.19999694824219,986310
2026-06-26 13:30:00,77.4000015258789,77.44999694824219,77.19999694824219,77.3499984741211,661161
2026-06-26 13:45:00,77.55000305175781,77.5999984741211,77.4000015258789,77.4000015258789,984213
2026-06-26 14:00:00,77.5999984741211,77.69999694824219,77.5,77.55000305175781,1154780
2026-06-26 14:15:00,77.4000015258789,77.5999984741211,77.3499984741211,77.55000305175781,415145
2026-06-26 14:30:00,77.44999694824219,77.55000305175781,77.30000305175781,77.4000015258789,842182
2026-06-26 14:45:00,76.69999694824219,77.55000305175781,76.6500015258789,77.44999694824219,3147405
2026-06-26 15:00:00,77.0999984741211,77.25,76.6500015258789,76.69999694824219,1835832
2026-06-26 15:15:00,77.0,77.0999984741211,76.9000015258789,77.0999984741211,844617
2026-06-26 15:30:00,76.94999694824219,77.0999984741211,76.9000015258789,77.05000305175781,567498
2026-06-26 15:45:00,76.94999694824219,77.05000305175781,76.80000305175781,76.94999694824219,838018
2026-06-26 16:00:00,76.9000015258789,77.0,76.69999694824219,76.9000015258789,1174185
2026-06-26 16:15:00,76.5999984741211,76.94999694824219,76.44999694824219,76.9000015258789,3919569
2026-06-26 16:30:00,76.6500015258789,76.75,76.44999694824219,76.55000305175781,2186378
2026-06-26 16:45:00,76.80000305175781,76.8499984741211,76.5,76.6500015258789,2243047
2026-06-26 17:00:00,76.8499984741211,76.9000015258789,76.6500015258789,76.80000305175781,1911366
2026-06-26 17:15:00,76.6500015258789,77.05000305175781,76.55000305175781,76.8499984741211,2611341
2026-06-26 17:30:00,76.8499984741211,77.0,76.5999984741211,76.5999984741211,2906410
2026-06-26 17:45:00,77.19999694824219,77.3499984741211,76.80000305175781,76.8499984741211,5276573
2026-06-29 09:45:00,77.55000305175781,77.55000305175781,77.55000305175781,77.55000305175781,0
2026-06-29 10:00:00,77.44999694824219,77.80000305175781,77.05000305175781,77.5999984741211,6865685
2026-06-29 10:15:00,78.5,78.55000305175781,77.4000015258789,77.44999694824219,6614072
2026-06-29 10:30:00,78.25,78.6500015258789,78.1500015258789,78.55000305175781,4396051
2026-06-29 10:45:00,78.5,78.6500015258789,78.0999984741211,78.19999694824219,5722125
2026-06-29 11:00:00,78.0999984741211,78.55000305175781,78.05000305175781,78.44999694824219,1915511
2026-06-29 11:15:00,77.30000305175781,78.25,77.25,78.0999984741211,6149014
2026-06-29 11:30:00,77.25,77.6500015258789,77.1500015258789,77.25,4090413
2026-06-29 11:45:00,77.3499984741211,77.4000015258789,77.25,77.25,1110357
2026-06-29 12:00:00,77.25,77.44999694824219,77.0,77.3499984741211,1881790
2026-06-29 12:15:00,77.3499984741211,77.4000015258789,77.0999984741211,77.19999694824219,1737941
2026-06-29 12:30:00,77.30000305175781,77.44999694824219,77.1500015258789,77.3499984741211,1143019
2026-06-29 12:45:00,77.30000305175781,77.44999694824219,77.25,77.30000305175781,1114198
2026-06-29 13:00:00,77.4000015258789,77.5,77.25,77.3499984741211,763487
2026-06-29 13:15:00,77.44999694824219,77.55000305175781,77.30000305175781,77.4000015258789,900592
2026-06-29 13:30:00,77.55000305175781,77.55000305175781,77.3499984741211,77.44999694824219,835651
2026-06-29 13:45:00,77.25,77.5999984741211,77.19999694824219,77.55000305175781,2108754
2026-06-29 14:00:00,77.30000305175781,77.44999694824219,77.05000305175781,77.25,2514276
2026-06-29 14:15:00,77.0,77.3499984741211,76.69999694824219,77.30000305175781,2883811
2026-06-29 14:30:00,77.0,77.19999694824219,76.69999694824219,77.0,2565632
2026-06-29 14:45:00,76.75,77.0,76.69999694824219,77.0,1335815
2026-06-29 15:00:00,76.55000305175781,76.8499984741211,76.55000305175781,76.75,1598840
2026-06-29 15:15:00,76.5999984741211,76.69999694824219,76.44999694824219,76.5999984741211,1772184
2026-06-29 15:30:00,76.69999694824219,76.75,76.44999694824219,76.55000305175781,1156745
2026-06-29 15:45:00,76.6500015258789,76.69999694824219,76.55000305175781,76.6500015258789,580107
2026-06-29 16:00:00,76.3499984741211,76.80000305175781,76.30000305175781,76.6500015258789,1628818
2026-06-29 16:15:00,76.6500015258789,76.6500015258789,76.30000305175781,76.3499984741211,1535304
2026-06-29 16:30:00,77.05000305175781,77.0999984741211,76.55000305175781,76.5999984741211,2450052
2026-06-29 16:45:00,76.6500015258789,77.1500015258789,76.55000305175781,77.0999984741211,2372336
2026-06-29 17:00:00,76.6500015258789,76.8499984741211,76.5999984741211,76.6500015258789,1501293
2026-06-29 17:15:00,76.9000015258789,77.0,76.5999984741211,76.6500015258789,1527270
2026-06-29 17:30:00,77.1500015258789,77.19999694824219,76.94999694824219,76.94999694824219,3480457
2026-06-29 17:45:00,77.0,77.19999694824219,76.94999694824219,77.0999984741211,3966028
2026-06-30 09:45:00,77.4000015258789,77.4000015258789,77.4000015258789,77.4000015258789,0
2026-06-30 10:00:00,77.5999984741211,77.6500015258789,77.0,77.4000015258789,6193343
2026-06-30 10:15:00,77.8499984741211,78.0,77.5999984741211,77.6500015258789,5266804
2026-06-30 10:30:00,77.5999984741211,78.05000305175781,77.55000305175781,77.8499984741211,5397159
2026-06-30 10:45:00,77.8499984741211,77.8499984741211,77.4000015258789,77.5999984741211,3577267
2026-06-30 11:00:00,77.80000305175781,77.8499984741211,77.69999694824219,77.8499984741211,1158595
2026-06-30 11:15:00,77.80000305175781,77.8499984741211,77.69999694824219,77.80000305175781,1369087
2026-06-30 11:30:00,77.5999984741211,77.80000305175781,77.44999694824219,77.80000305175781,2547876
2026-06-30 11:45:00,77.19999694824219,77.6500015258789,77.0999984741211,77.5999984741211,2705468
2026-06-30 12:00:00,76.94999694824219,77.3499984741211,76.9000015258789,77.19999694824219,2809045
2026-06-30 12:15:00,77.05000305175781,77.05000305175781,76.9000015258789,76.94999694824219,881970
2026-06-30 12:30:00,77.0,77.05000305175781,76.9000015258789,77.0,721467
2026-06-30 12:45:00,76.75,77.0,76.69999694824219,76.94999694824219,1335938
2026-06-30 13:00:00,76.9000015258789,76.94999694824219,76.6500015258789,76.75,1385972
2026-06-30 13:15:00,77.0,77.0999984741211,76.9000015258789,76.9000015258789,1311201
2026-06-30 13:30:00,76.94999694824219,77.0,76.8499984741211,76.94999694824219,793067
2026-06-30 13:45:00,76.94999694824219,77.1500015258789,76.9000015258789,76.9000015258789,1778922
2026-06-30 14:00:00,76.94999694824219,77.05000305175781,76.9000015258789,77.0,542799
2026-06-30 14:15:00,77.0999984741211,77.19999694824219,76.94999694824219,76.94999694824219,1500630
2026-06-30 14:30:00,76.8499984741211,77.0999984741211,76.8499984741211,77.05000305175781,1233323
2026-06-30 14:45:00,76.8499984741211,77.0,76.75,76.8499984741211,1194694
2026-06-30 15:00:00,76.80000305175781,76.94999694824219,76.5999984741211,76.8499984741211,1461283
2026-06-30 15:15:00,76.9000015258789,76.9000015258789,76.69999694824219,76.75,592437
2026-06-30 15:30:00,77.0,77.0,76.80000305175781,76.8499984741211,956507
2026-06-30 15:45:00,77.05000305175781,77.1500015258789,76.94999694824219,76.94999694824219,1157535
2026-06-30 16:00:00,76.75,77.0999984741211,76.6500015258789,77.0,1878855
2026-06-30 16:15:00,76.9000015258789,76.94999694824219,76.75,76.75,954298
2026-06-30 16:30:00,77.05000305175781,77.1500015258789,76.8499984741211,76.8499984741211,2073199
2026-06-30 16:45:00,77.1500015258789,77.1500015258789,76.9000015258789,76.94999694824219,1129699
2026-06-30 17:00:00,76.8499984741211,77.1500015258789,76.8499984741211,77.1500015258789,1754262
2026-06-30 17:15:00,76.80000305175781,77.05000305175781,76.6500015258789,76.8499984741211,5406439
2026-06-30 17:30:00,77.1500015258789,77.19999694824219,76.75,76.75,17983571
2026-06-30 17:45:00,76.9000015258789,77.1500015258789,76.75,77.0999984741211,23005861
2026-07-01 09:45:00,76.69999694824219,76.69999694824219,76.69999694824219,76.69999694824219,0
2026-07-01 10:00:00,75.8499984741211,76.69999694824219,75.75,76.69999694824219,12882295
2026-07-01 10:15:00,76.25,76.5,75.6500015258789,75.8499984741211,9940995
2026-07-01 10:30:00,76.55000305175781,76.6500015258789,76.19999694824219,76.25,6382782
2026-07-01 10:45:00,76.8499984741211,77.0,76.55000305175781,76.55000305175781,5782107
2026-07-01 11:00:00,76.80000305175781,76.94999694824219,76.5999984741211,76.8499984741211,4234186
2026-07-01 11:15:00,76.75,76.8499984741211,76.5999984741211,76.80000305175781,1658827
2026-07-01 11:30:00,76.80000305175781,76.8499984741211,76.55000305175781,76.75,1301120
2026-07-01 11:45:00,76.69999694824219,76.8499984741211,76.55000305175781,76.80000305175781,1656352
2026-07-01 12:00:00,76.69999694824219,76.69999694824219,76.5,76.69999694824219,1389165
2026-07-01 12:15:00,76.69999694824219,76.75,76.55000305175781,76.69999694824219,1206816
2026-07-01 12:30:00,76.69999694824219,76.75,76.5,76.6500015258789,879107
2026-07-01 12:45:00,77.0,77.05000305175781,76.6500015258789,76.6500015258789,2788311
2026-07-01 13:00:00,77.1500015258789,77.44999694824219,76.94999694824219,77.0,8899080
2026-07-01 13:15:00,77.05000305175781,77.30000305175781,76.80000305175781,77.19999694824219,3807628
2026-07-01 13:30:00,77.0,77.1500015258789,76.8499984741211,77.05000305175781,3212207
2026-07-01 13:45:00,76.94999694824219,77.05000305175781,76.8499984741211,77.05000305175781,2017231
2026-07-01 14:00:00,76.8499984741211,77.19999694824219,76.80000305175781,76.9000015258789,3291215
2026-07-01 14:15:00,77.55000305175781,77.5999984741211,76.8499984741211,76.9000015258789,7734803
2026-07-01 14:30:00,77.5,77.9000015258789,77.3499984741211,77.55000305175781,12675282
2026-07-01 14:45:00,77.6500015258789,77.80000305175781,77.5,77.55000305175781,2916736
2026-07-01 15:00:00,78.1500015258789,78.25,77.5,77.6500015258789,4593462
2026-07-01 15:15:00,78.0,78.19999694824219,77.9000015258789,78.1500015258789,2809741
2026-07-01 15:30:00,78.0,78.05000305175781,77.75,77.94999694824219,3238851
2026-07-01 15:45:00,77.9000015258789,78.0999984741211,77.80000305175781,78.0,1701429
2026-07-01 16:00:00,77.8499984741211,78.05000305175781,77.44999694824219,77.8499984741211,5291673
2026-07-01 16:15:00,77.8499984741211,78.0,77.55000305175781,77.9000015258789,4831957
2026-07-01 16:30:00,77.9000015258789,77.9000015258789,77.69999694824219,77.9000015258789,2413892
2026-07-01 16:45:00,77.94999694824219,78.1500015258789,77.8499984741211,77.9000015258789,4210286
2026-07-01 17:00:00,78.0,78.0,77.80000305175781,77.94999694824219,2055337
2026-07-01 17:15:00,78.0,78.1500015258789,77.9000015258789,77.94999694824219,2774170
2026-07-01 17:30:00,77.69999694824219,78.05000305175781,77.69999694824219,78.05000305175781,3375948
2026-07-01 17:45:00,77.75,77.9000015258789,77.5999984741211,77.75,3600163
2026-07-02 09:45:00,78.0999984741211,78.0999984741211,78.0999984741211,78.0999984741211,0
2026-07-02 10:00:00,78.25,78.3499984741211,77.94999694824219,78.05000305175781,7810273
2026-07-02 10:15:00,78.69999694824219,78.8499984741211,78.19999694824219,78.19999694824219,8331685
2026-07-02 10:30:00,78.5999984741211,78.80000305175781,78.44999694824219,78.69999694824219,4096116
2026-07-02 10:45:00,78.25,78.5999984741211,78.19999694824219,78.5999984741211,3616409
2026-07-02 11:00:00,78.4000015258789,78.55000305175781,78.0999984741211,78.25,2842547
2026-07-02 11:15:00,78.3499984741211,78.5999984741211,78.30000305175781,78.44999694824219,1813491
2026-07-02 11:30:00,78.0,78.4000015258789,77.80000305175781,78.4000015258789,5487990
2026-07-02 11:45:00,78.0999984741211,78.3499984741211,77.94999694824219,78.0,1473832
2026-07-02 12:00:00,77.8499984741211,78.1500015258789,77.80000305175781,78.0999984741211,1534410
2026-07-02 12:15:00,77.80000305175781,77.9000015258789,77.75,77.8499984741211,1429290
2026-07-02 12:30:00,78.05000305175781,78.0999984741211,77.75,77.8499984741211,1439186
2026-07-02 12:45:00,78.05000305175781,78.19999694824219,77.94999694824219,78.0,1246729
2026-07-02 13:00:00,78.05000305175781,78.0999984741211,77.9000015258789,78.0999984741211,1954009
2026-07-02 13:15:00,78.19999694824219,78.30000305175781,78.0,78.0999984741211,1521613
2026-07-02 13:30:00,78.1500015258789,78.3499984741211,78.0999984741211,78.25,2305627
2026-07-02 13:45:00,78.1500015258789,78.30000305175781,77.94999694824219,78.1500015258789,2799574
2026-07-02 14:00:00,77.94999694824219,78.1500015258789,77.9000015258789,78.1500015258789,1493902
2026-07-02 14:15:00,77.94999694824219,78.0,77.80000305175781,77.94999694824219,1634797
2026-07-02 14:30:00,78.05000305175781,78.1500015258789,77.8499984741211,77.94999694824219,992446
2026-07-02 14:45:00,77.9000015258789,78.0999984741211,77.8499984741211,78.05000305175781,1440474
2026-07-02 15:00:00,77.80000305175781,78.05000305175781,77.80000305175781,77.9000015258789,1516759
2026-07-02 15:15:00,77.94999694824219,78.0,77.80000305175781,77.8499984741211,919060
2026-07-02 15:30:00,78.19999694824219,78.4000015258789,77.9000015258789,77.94999694824219,5266019
2026-07-02 15:45:00,78.0,78.25,77.9000015258789,78.25,2142132
2026-07-02 16:00:00,77.30000305175781,78.05000305175781,77.30000305175781,77.94999694824219,6464387
2026-07-02 16:15:00,77.30000305175781,77.4000015258789,77.0999984741211,77.3499984741211,3531400
2026-07-02 16:30:00,77.3499984741211,77.44999694824219,77.25,77.30000305175781,2525772
2026-07-02 16:45:00,77.30000305175781,77.44999694824219,77.19999694824219,77.30000305175781,2404235
2026-07-02 17:00:00,77.44999694824219,77.5999984741211,77.1500015258789,77.30000305175781,3133018
2026-07-02 17:15:00,77.5,77.5999984741211,77.3499984741211,77.5,1664180
2026-07-02 17:30:00,77.69999694824219,78.0,77.5,77.55000305175781,4322625
2026-07-02 17:45:00,77.75,77.80000305175781,77.55000305175781,77.69999694824219,2884883
2026-07-03 09:45:00,78.69999694824219,78.69999694824219,78.69999694824219,78.69999694824219,0
2026-07-03 10:00:00,76.0999984741211,78.69999694824219,75.55000305175781,78.6500015258789,43925770
2026-07-03 10:15:00,75.44999694824219,76.0999984741211,75.05000305175781,76.0999984741211,21469426
2026-07-03 10:30:00,75.1500015258789,75.44999694824219,74.9000015258789,75.4000015258789,13134661
2026-07-03 10:45:00,75.5999984741211,75.9000015258789,75.0,75.1500015258789,10945958
2026-07-03 11:00:00,75.3499984741211,75.69999694824219,75.19999694824219,75.55000305175781,5048419
2026-07-03 11:15:00,75.3499984741211,75.5,75.1500015258789,75.3499984741211,2173944
2026-07-03 11:30:00,75.19999694824219,75.4000015258789,75.05000305175781,75.30000305175781,3735884
2026-07-03 11:45:00,75.0999984741211,75.30000305175781,75.0,75.25,5982682
2026-07-03 12:00:00,75.0999984741211,75.0999984741211,74.94999694824219,75.0999984741211,4008087
2026-07-03 12:15:00,74.80000305175781,75.19999694824219,74.80000305175781,75.0999984741211,3397067
2026-07-03 12:30:00,74.9000015258789,74.94999694824219,74.80000305175781,74.80000305175781,2257385
2026-07-03 12:45:00,75.1500015258789,75.25,74.75,74.9000015258789,3481941
2026-07-03 13:00:00,75.0999984741211,75.19999694824219,74.9000015258789,75.1500015258789,2557645
2026-07-03 13:15:00,74.94999694824219,75.19999694824219,74.9000015258789,75.0999984741211,1892436
2026-07-03 13:30:00,75.0,75.0999984741211,74.8499984741211,74.94999694824219,1481306
2026-07-03 13:45:00,74.8499984741211,75.0,74.8499984741211,75.0,1187171
2026-07-03 14:00:00,74.69999694824219,74.9000015258789,74.6500015258789,74.9000015258789,2549640
2026-07-03 14:15:00,74.9000015258789,74.9000015258789,74.6500015258789,74.6500015258789,2049022
2026-07-03 14:30:00,74.8499984741211,75.0,74.80000305175781,74.8499984741211,1213058
2026-07-03 14:45:00,74.8499984741211,74.9000015258789,74.75,74.8499984741211,1558606
2026-07-03 15:00:00,74.55000305175781,74.8499984741211,74.44999694824219,74.8499984741211,4960899
2026-07-03 15:15:00,74.8499984741211,74.9000015258789,74.5,74.55000305175781,2177959
2026-07-03 15:30:00,73.9000015258789,74.9000015258789,73.75,74.8499984741211,9528191
2026-07-03 15:45:00,74.19999694824219,74.3499984741211,73.5999984741211,73.9000015258789,4837484
2026-07-03 16:00:00,74.5,74.5999984741211,74.19999694824219,74.25,3759837
2026-07-03 16:15:00,74.3499984741211,74.5999984741211,74.30000305175781,74.5,2937674
2026-07-03 16:30:00,74.1500015258789,74.3499984741211,74.0999984741211,74.3499984741211,1629308
2026-07-03 16:45:00,73.94999694824219,74.25,73.94999694824219,74.19999694824219,2553167
2026-07-03 17:00:00,74.0,74.0,73.80000305175781,73.94999694824219,2950041
2026-07-03 17:15:00,73.80000305175781,74.0,73.44999694824219,73.94999694824219,5390231
2026-07-03 17:30:00,73.9000015258789,74.0,73.75,73.80000305175781,4833283
2026-07-03 17:45:00,73.6500015258789,73.9000015258789,73.5999984741211,73.8499984741211,7786664
2026-07-06 09:45:00,74.25,74.25,74.25,74.25,0
2026-07-06 10:00:00,74.1500015258789,74.30000305175781,73.05000305175781,74.25,15042611
2026-07-06 10:15:00,74.44999694824219,74.5,74.0999984741211,74.1500015258789,5189718
2026-07-06 10:30:00,74.25,74.55000305175781,74.05000305175781,74.5,5320421
2026-07-06 10:45:00,74.69999694824219,74.75,74.19999694824219,74.25,6026315
2026-07-06 11:00:00,74.6500015258789,74.75,74.5,74.69999694824219,3128257
2026-07-06 11:15:00,74.55000305175781,74.75,74.5,74.6500015258789,1475130
2026-07-06 11:30:00,74.44999694824219,74.69999694824219,74.25,74.55000305175781,3617393
2026-07-06 11:45:00,74.30000305175781,74.44999694824219,74.1500015258789,74.44999694824219,2164569
2026-07-06 12:00:00,74.44999694824219,74.5,74.1500015258789,74.30000305175781,2070334
2026-07-06 12:15:00,74.1500015258789,74.5,74.05000305175781,74.44999694824219,2108349
2026-07-06 12:30:00,73.9000015258789,74.19999694824219,73.5999984741211,74.19999694824219,5134080
2026-07-06 12:45:00,73.8499984741211,74.0,73.8499984741211,73.8499984741211,2286029
2026-07-06 13:00:00,73.9000015258789,73.94999694824219,73.80000305175781,73.8499984741211,1281270
2026-07-06 13:15:00,74.0,74.05000305175781,73.8499984741211,73.94999694824219,1077187
2026-07-06 13:30:00,73.9000015258789,74.0999984741211,73.8499984741211,74.0,1046105
2026-07-06 13:45:00,73.9000015258789,74.0,73.80000305175781,73.9000015258789,675955
2026-07-06 14:00:00,73.80000305175781,73.94999694824219,73.75,73.8499984741211,1500676
2026-07-06 14:15:00,73.5999984741211,73.8499984741211,73.55000305175781,73.75,2251985
2026-07-06 14:30:00,73.69999694824219,73.75,73.5,73.5999984741211,1898238
2026-07-06 14:45:00,73.30000305175781,73.69999694824219,73.25,73.69999694824219,3732871
2026-07-06 15:00:00,73.4000015258789,73.5,73.19999694824219,73.30000305175781,2539958
2026-07-06 15:15:00,73.5999984741211,73.5999984741211,73.3499984741211,73.4000015258789,1686767
2026-07-06 15:30:00,73.4000015258789,73.6500015258789,73.3499984741211,73.5999984741211,1768341
2026-07-06 15:45:00,73.44999694824219,73.5999984741211,73.19999694824219,73.44999694824219,2599691
2026-07-06 16:00:00,73.75,73.8499984741211,73.30000305175781,73.44999694824219,5139267
2026-07-06 16:15:00,73.5999984741211,73.80000305175781,73.5,73.80000305175781,2146865
2026-07-06 16:30:00,73.3499984741211,73.5999984741211,73.3499984741211,73.5999984741211,3374086
2026-07-06 16:45:00,73.5,73.55000305175781,73.30000305175781,73.4000015258789,2250072
2026-07-06 17:00:00,73.5,73.5999984741211,73.44999694824219,73.55000305175781,1369297
2026-07-06 17:15:00,73.5,73.55000305175781,73.25,73.5,2645369
2026-07-06 17:30:00,73.55000305175781,73.5999984741211,73.3499984741211,73.5,3841729
2026-07-06 17:45:00,73.5,73.5999984741211,73.4000015258789,73.55000305175781,5020522
2026-07-07 09:45:00,73.30000305175781,73.30000305175781,73.30000305175781,73.30000305175781,0
2026-07-07 10:00:00,74.05000305175781,74.05000305175781,73.19999694824219,73.30000305175781,7463458
2026-07-07 10:15:00,74.1500015258789,74.30000305175781,73.9000015258789,74.0999984741211,4701809
2026-07-07 10:30:00,74.25,74.3499984741211,74.05000305175781,74.19999694824219,2738480
2026-07-07 10:45:00,74.1500015258789,74.25,74.0,74.25,2836357
2026-07-07 11:00:00,74.19999694824219,74.25,73.94999694824219,74.19999694824219,1872102
2026-07-07 11:15:00,74.0,74.25,74.0,74.19999694824219,1665710
2026-07-07 11:30:00,74.0999984741211,74.0999984741211,73.94999694824219,73.94999694824219,1402398
2026-07-07 11:45:00,74.0,74.1500015258789,73.94999694824219,74.0999984741211,1222703
2026-07-07 12:00:00,73.8499984741211,74.0999984741211,73.8499984741211,74.0,1613682
2026-07-07 12:15:00,73.9000015258789,73.94999694824219,73.8499984741211,73.8499984741211,485915
2026-07-07 12:30:00,73.94999694824219,74.0,73.69999694824219,73.9000015258789,1969025
2026-07-07 12:45:00,74.0,74.1500015258789,73.8499984741211,74.0,1855122
2026-07-07 13:00:00,73.94999694824219,74.0999984741211,73.9000015258789,74.0,687463
2026-07-07 13:15:00,74.1500015258789,74.1500015258789,73.94999694824219,73.94999694824219,1293886
2026-07-07 13:30:00,74.44999694824219,74.5,74.0999984741211,74.1500015258789,4159250
2026-07-07 13:45:00,75.0,75.05000305175781,74.4000015258789,74.44999694824219,9190456
2026-07-07 14:00:00,74.9000015258789,75.0,74.75,75.0,2190962
2026-07-07 14:15:00,74.75,75.1500015258789,74.6500015258789,74.9000015258789,4082028
2026-07-07 14:30:00,74.30000305175781,74.8499984741211,74.25,74.69999694824219,3087840
2026-07-07 14:45:00,74.30000305175781,74.3499984741211,74.0999984741211,74.30000305175781,3488790
2026-07-07 15:00:00,74.25,74.3499984741211,74.19999694824219,74.30000305175781,1712027
2026-07-07 15:15:00,74.30000305175781,74.3499984741211,74.0,74.30000305175781,3302965
2026-07-07 15:30:00,74.25,74.30000305175781,74.05000305175781,74.25,2127631
2026-07-07 15:45:00,74.25,74.3499984741211,74.19999694824219,74.25,1406728
2026-07-07 16:00:00,74.5,74.9000015258789,74.1500015258789,74.30000305175781,9535293
2026-07-07 16:15:00,74.25,74.55000305175781,74.1500015258789,74.5,3144441
2026-07-07 16:30:00,74.25,74.30000305175781,74.05000305175781,74.30000305175781,2203192
2026-07-07 16:45:00,74.0999984741211,74.30000305175781,73.94999694824219,74.25,3472143
2026-07-07 17:00:00,74.0999984741211,74.4000015258789,74.05000305175781,74.0999984741211,3817530
2026-07-07 17:15:00,74.0,74.1500015258789,73.9000015258789,74.0999984741211,2949146
2026-07-07 17:30:00,73.6500015258789,74.1500015258789,73.6500015258789,74.0,3465861
2026-07-07 17:45:00,73.69999694824219,73.8499984741211,73.5999984741211,73.6500015258789,3369484
2026-07-08 09:45:00,73.05000305175781,73.05000305175781,73.05000305175781,73.05000305175781,0
2026-07-08 10:00:00,72.6500015258789,73.0,72.25,73.0,11699934
2026-07-08 10:15:00,73.05000305175781,73.0999984741211,72.5,72.6500015258789,5876793
2026-07-08 10:30:00,73.1500015258789,73.19999694824219,72.94999694824219,73.05000305175781,4859429
2026-07-08 10:45:00,73.30000305175781,73.55000305175781,73.1500015258789,73.1500015258789,4906981
2026-07-08 11:00:00,73.05000305175781,73.30000305175781,72.75,73.25,4563640
2026-07-08 11:15:00,71.3499984741211,73.0999984741211,71.30000305175781,73.0,22520378
2026-07-08 11:30:00,71.0,71.5999984741211,70.80000305175781,71.4000015258789,11802160
2026-07-08 11:45:00,71.0999984741211,71.3499984741211,70.8499984741211,71.0,5027398
2026-07-08 12:00:00,71.05000305175781,71.1500015258789,70.9000015258789,71.05000305175781,4548256
2026-07-08 12:15:00,71.5999984741211,71.6500015258789,71.05000305175781,71.05000305175781,3956417
2026-07-08 12:30:00,71.55000305175781,71.6500015258789,71.4000015258789,71.5999984741211,3356119
2026-07-08 12:45:00,71.5,71.69999694824219,71.5,71.55000305175781,1762459
2026-07-08 13:00:00,71.4000015258789,71.6500015258789,71.25,71.55000305175781,2262409
2026-07-08 13:15:00,71.44999694824219,71.55000305175781,71.19999694824219,71.4000015258789,3910698
2026-07-08 13:30:00,71.25,71.55000305175781,71.1500015258789,71.4000015258789,2532340
2026-07-08 13:45:00,71.19999694824219,71.30000305175781,71.05000305175781,71.25,2452769
2026-07-08 14:00:00,71.30000305175781,71.5999984741211,71.1500015258789,71.1500015258789,1683696
2026-07-08 14:15:00,71.3499984741211,71.4000015258789,71.1500015258789,71.30000305175781,961948
2026-07-08 14:30:00,71.30000305175781,71.3499984741211,71.0999984741211,71.3499984741211,2409422
2026-07-08 14:45:00,71.4000015258789,71.5,71.25,71.30000305175781,1789303
2026-07-08 15:00:00,71.5,71.55000305175781,71.25,71.3499984741211,1092348
2026-07-08 15:15:00,71.55000305175781,71.69999694824219,71.4000015258789,71.5,1940806
2026-07-08 15:30:00,71.55000305175781,71.6500015258789,71.44999694824219,71.55000305175781,864099
2026-07-08 15:45:00,71.5,71.69999694824219,71.4000015258789,71.5,2761214
2026-07-08 16:00:00,71.5,71.55000305175781,71.4000015258789,71.5,1481742
2026-07-08 16:15:00,71.44999694824219,71.6500015258789,71.4000015258789,71.55000305175781,1227470
2026-07-08 16:30:00,71.55000305175781,71.6500015258789,71.4000015258789,71.44999694824219,1952261
2026-07-08 16:45:00,71.69999694824219,71.69999694824219,71.5,71.55000305175781,3326039
2026-07-08 17:00:00,71.30000305175781,71.75,71.25,71.69999694824219,3845725
2026-07-08 17:15:00,71.0999984741211,71.3499984741211,71.0999984741211,71.30000305175781,3823880
2026-07-08 17:30:00,70.80000305175781,71.19999694824219,70.6500015258789,71.0999984741211,11532795
2026-07-08 17:45:00,70.80000305175781,70.9000015258789,70.69999694824219,70.80000305175781,4802322
2026-07-09 09:45:00,71.19999694824219,71.19999694824219,71.19999694824219,71.19999694824219,0
2026-07-09 10:00:00,71.1500015258789,71.44999694824219,70.8499984741211,71.25,9875916
2026-07-09 10:15:00,71.19999694824219,71.25,70.94999694824219,71.1500015258789,4113999
2026-07-09 10:30:00,71.4000015258789,71.44999694824219,70.69999694824219,71.19999694824219,8217497
2026-07-09 10:45:00,71.0,71.5,70.9000015258789,71.44999694824219,3025814
2026-07-09 11:00:00,70.9000015258789,71.0999984741211,70.8499984741211,70.94999694824219,3054709
2026-07-09 11:15:00,70.9000015258789,71.0,70.8499984741211,70.94999694824219,1716303
2026-07-09 11:30:00,70.75,71.0,70.6500015258789,70.9000015258789,2580649
2026-07-09 11:45:00,70.75,70.80000305175781,70.55000305175781,70.75,2419258
2026-07-09 12:00:00,70.5999984741211,70.8499984741211,70.55000305175781,70.75,1178599
2026-07-09 12:15:00,70.6500015258789,70.75,70.5999984741211,70.5999984741211,934786
2026-07-09 12:30:00,70.8499984741211,70.94999694824219,70.6500015258789,70.6500015258789,1918608
2026-07-09 12:45:00,70.75,70.8499984741211,70.6500015258789,70.80000305175781,826967
2026-07-09 13:00:00,70.5999984741211,70.75,70.55000305175781,70.75,911582
2026-07-09 13:15:00,70.5999984741211,70.75,70.5,70.5999984741211,1230977
2026-07-09 13:30:00,70.5,70.6500015258789,70.30000305175781,70.55000305175781,2078120
2026-07-09 13:45:00,70.5,70.5,70.25,70.44999694824219,1805356
2026-07-09 14:00:00,70.4000015258789,70.55000305175781,70.30000305175781,70.5,1747605
2026-07-09 14:15:00,70.4000015258789,70.55000305175781,70.30000305175781,70.4000015258789,970314
2026-07-09 14:30:00,70.3499984741211,70.44999694824219,70.1500015258789,70.3499984741211,1654162
2026-07-09 14:45:00,70.3499984741211,70.44999694824219,70.25,70.30000305175781,938342
2026-07-09 15:00:00,70.1500015258789,70.5,70.1500015258789,70.3499984741211,1642860
2026-07-09 15:15:00,70.4000015258789,70.44999694824219,70.05000305175781,70.19999694824219,2142156
2026-07-09 15:30:00,70.25,70.4000015258789,70.1500015258789,70.4000015258789,1954454
2026-07-09 15:45:00,70.19999694824219,70.30000305175781,70.0999984741211,70.25,955251
2026-07-09 16:00:00,70.19999694824219,70.25,70.0999984741211,70.19999694824219,1036656
2026-07-09 16:15:00,70.25,70.25,70.0999984741211,70.19999694824219,632069
2026-07-09 16:30:00,70.25,70.3499984741211,70.05000305175781,70.25,1652123
2026-07-09 16:45:00,70.19999694824219,70.30000305175781,70.0999984741211,70.25,994648
2026-07-09 17:00:00,70.30000305175781,70.3499984741211,70.19999694824219,70.25,1549860
2026-07-09 17:15:00,70.30000305175781,70.3499984741211,70.1500015258789,70.3499984741211,2146275
2026-07-09 17:30:00,70.1500015258789,70.5,70.0999984741211,70.30000305175781,4186281
2026-07-09 17:45:00,70.25,70.3499984741211,70.1500015258789,70.19999694824219,7459755
2026-07-10 09:45:00,70.19999694824219,70.19999694824219,70.19999694824219,70.19999694824219,0
2026-07-10 10:00:00,70.9000015258789,71.0999984741211,70.05000305175781,70.19999694824219,15021480
2026-07-10 10:15:00,70.55000305175781,71.0,70.44999694824219,70.9000015258789,8583479
2026-07-10 10:30:00,70.44999694824219,70.69999694824219,70.3499984741211,70.55000305175781,4376774
2026-07-10 10:45:00,70.44999694824219,70.5999984741211,70.30000305175781,70.44999694824219,3717723
2026-07-10 11:00:00,70.6500015258789,70.6500015258789,70.3499984741211,70.44999694824219,3391254
2026-07-10 11:15:00,70.3499984741211,70.6500015258789,70.3499984741211,70.6500015258789,2196281
2026-07-10 11:30:00,70.4000015258789,70.4000015258789,70.25,70.4000015258789,2098836
2026-07-10 11:45:00,70.19999694824219,70.4000015258789,70.0999984741211,70.3499984741211,2991053
2026-07-10 12:00:00,70.1500015258789,70.3499984741211,70.05000305175781,70.19999694824219,3474654
2026-07-10 12:15:00,70.1500015258789,70.19999694824219,70.05000305175781,70.1500015258789,1307172
2026-07-10 12:30:00,70.1500015258789,70.30000305175781,70.05000305175781,70.1500015258789,4360899
2026-07-10 12:45:00,69.6500015258789,70.19999694824219,69.5999984741211,70.1500015258789,8269503
2026-07-10 13:00:00,68.9000015258789,69.75,68.8499984741211,69.6500015258789,7196335
2026-07-10 13:15:00,69.44999694824219,69.55000305175781,68.8499984741211,68.9000015258789,4984796
2026-07-10 13:30:00,69.0999984741211,69.5,69.0,69.44999694824219,2791892
2026-07-10 13:45:00,69.0999984741211,69.25,69.0,69.0999984741211,1565600
2026-07-10 14:00:00,69.1500015258789,69.25,69.0,69.0999984741211,1409526
2026-07-10 14:15:00,69.1500015258789,69.19999694824219,69.05000305175781,69.1500015258789,880779
2026-07-10 14:30:00,69.0999984741211,69.19999694824219,68.9000015258789,69.1500015258789,2250644
2026-07-10 14:45:00,69.1500015258789,69.3499984741211,69.05000305175781,69.1500015258789,2831151
2026-07-10 15:00:00,69.3499984741211,69.4000015258789,68.94999694824219,69.0999984741211,2739266
2026-07-10 15:15:00,69.25,69.4000015258789,69.19999694824219,69.3499984741211,2396569
2026-07-10 15:30:00,69.30000305175781,69.3499984741211,69.0999984741211,69.25,2681408
2026-07-10 15:45:00,69.5999984741211,69.6500015258789,69.30000305175781,69.30000305175781,3859030
2026-07-10 16:00:00,69.6500015258789,69.75,69.44999694824219,69.55000305175781,3462698
2026-07-10 16:15:00,69.5,69.75,69.5,69.69999694824219,3675285
2026-07-10 16:30:00,69.75,69.80000305175781,69.3499984741211,69.5,5004659
2026-07-10 16:45:00,69.5,69.75,69.3499984741211,69.75,5552642
2026-07-10 17:00:00,69.44999694824219,69.55000305175781,69.3499984741211,69.5,2059413
2026-07-10 17:15:00,69.3499984741211,69.55000305175781,69.30000305175781,69.44999694824219,2566942
2026-07-10 17:30:00,68.8499984741211,69.3499984741211,68.5999984741211,69.3499984741211,16616872
2026-07-10 17:45:00,68.75,68.94999694824219,68.6500015258789,68.8499984741211,7786418
2026-07-13 09:45:00,67.75,67.75,67.75,67.75,0
2026-07-13 10:00:00,67.5,67.9000015258789,67.1500015258789,67.69999694824219,17091973
2026-07-13 10:15:00,67.4000015258789,67.69999694824219,67.3499984741211,67.55000305175781,10332627
2026-07-13 10:30:00,67.69999694824219,67.69999694824219,67.30000305175781,67.4000015258789,5189199
2026-07-13 10:45:00,67.75,67.75,67.5999984741211,67.6500015258789,4641633
2026-07-13 11:00:00,67.94999694824219,68.0,67.69999694824219,67.75,5678566
2026-07-13 11:15:00,67.6500015258789,68.0,67.5999984741211,68.0,4446829
2026-07-13 11:30:00,67.8499984741211,68.0,67.5999984741211,67.6500015258789,8846739
2026-07-13 11:45:00,67.5999984741211,67.8499984741211,67.5999984741211,67.8499984741211,4823828
2026-07-13 12:00:00,67.6500015258789,67.75,67.44999694824219,67.6500015258789,5156544
2026-07-13 12:15:00,67.4000015258789,67.69999694824219,67.3499984741211,67.6500015258789,4182262
2026-07-13 12:30:00,67.44999694824219,67.55000305175781,67.3499984741211,67.3499984741211,3317336
2026-07-13 12:45:00,67.55000305175781,67.5999984741211,67.44999694824219,67.5,1571100
2026-07-13 13:00:00,67.5,67.6500015258789,67.44999694824219,67.5,4135192
2026-07-13 13:15:00,67.44999694824219,67.6500015258789,67.4000015258789,67.44999694824219,4219474
2026-07-13 13:30:00,67.44999694824219,67.55000305175781,67.4000015258789,67.44999694824219,1362112
2026-07-13 13:45:00,67.5,67.5,67.4000015258789,67.44999694824219,877035
2026-07-13 14:00:00,67.55000305175781,67.5999984741211,67.44999694824219,67.5,2904735
2026-07-13 14:15:00,67.44999694824219,67.55000305175781,67.4000015258789,67.55000305175781,2616023
2026-07-13 14:30:00,67.44999694824219,67.55000305175781,67.3499984741211,67.5,4270906
2026-07-13 14:45:00,67.25,67.55000305175781,67.25,67.44999694824219,7392034
2026-07-13 15:00:00,67.25,67.30000305175781,67.0,67.25,8134765
2026-07-13 15:15:00,66.94999694824219,67.25,66.9000015258789,67.25,4434960
2026-07-13 15:30:00,67.05000305175781,67.1500015258789,66.9000015258789,66.94999694824219,2627353
2026-07-13 15:45:00,67.1500015258789,67.30000305175781,67.05000305175781,67.0999984741211,2569622
2026-07-13 16:00:00,67.4000015258789,67.44999694824219,67.05000305175781,67.1500015258789,4332867
2026-07-13 16:15:00,67.4000015258789,67.44999694824219,67.25,67.44999694824219,1032281
2026-07-13 16:30:00,67.19999694824219,67.5,67.1500015258789,67.4000015258789,3094730
2026-07-13 16:45:00,67.5999984741211,67.5999984741211,67.25,67.25,3466995
2026-07-13 17:00:00,67.6500015258789,67.69999694824219,67.5,67.5999984741211,5182851
2026-07-13 17:15:00,67.44999694824219,67.69999694824219,67.3499984741211,67.6500015258789,5233813
2026-07-13 17:30:00,67.5,67.55000305175781,67.3499984741211,67.44999694824219,3762636
2026-07-13 17:45:00,67.5999984741211,67.6500015258789,67.44999694824219,67.55000305175781,5240969
2026-07-14 09:45:00,67.5999984741211,67.5999984741211,67.5999984741211,67.5999984741211,0
2026-07-14 10:00:00,68.05000305175781,68.1500015258789,67.44999694824219,67.5999984741211,14359159
2026-07-14 10:15:00,68.1500015258789,68.30000305175781,67.8499984741211,68.05000305175781,6901329
2026-07-14 10:30:00,68.05000305175781,68.1500015258789,67.8499984741211,68.0999984741211,3035165
2026-07-14 10:45:00,67.9000015258789,68.0999984741211,67.75,68.05000305175781,2906943
2026-07-14 11:00:00,68.0999984741211,68.1500015258789,67.8499984741211,67.9000015258789,2320334
2026-07-14 11:15:00,68.5999984741211,68.5999984741211,68.05000305175781,68.0999984741211,8015149
2026-07-14 11:30:00,68.69999694824219,68.9000015258789,68.5,68.5999984741211,5113091
2026-07-14 11:45:00,68.5999984741211,68.75,68.55000305175781,68.69999694824219,1719047
2026-07-14 12:00:00,68.9000015258789,68.94999694824219,68.5999984741211,68.6500015258789,2709696
2026-07-14 12:15:00,69.25,69.25,68.9000015258789,68.94999694824219,4473796
2026-07-14 12:30:00,69.19999694824219,69.3499984741211,69.0999984741211,69.25,5931902
2026-07-14 12:45:00,69.25,69.30000305175781,69.1500015258789,69.19999694824219,1278357
2026-07-14 13:00:00,69.05000305175781,69.30000305175781,69.0,69.30000305175781,2483148
2026-07-14 13:15:00,68.9000015258789,69.0999984741211,68.69999694824219,69.05000305175781,3182529
2026-07-14 13:30:00,68.8499984741211,68.94999694824219,68.80000305175781,68.8499984741211,1504916
2026-07-14 13:45:00,68.75,68.9000015258789,68.69999694824219,68.8499984741211,1412773
2026-07-14 14:00:00,68.5,68.80000305175781,68.44999694824219,68.80000305175781,2424229
2026-07-14 14:15:00,68.75,68.75,68.44999694824219,68.5,2641514
2026-07-14 14:30:00,68.5999984741211,68.75,68.55000305175781,68.75,3404796
2026-07-14 14:45:00,68.69999694824219,68.8499984741211,68.55000305175781,68.6500015258789,2032271
2026-07-14 15:00:00,68.5999984741211,68.69999694824219,68.5,68.69999694824219,1199018
2026-07-14 15:15:00,68.69999694824219,68.69999694824219,68.55000305175781,68.5999984741211,719048
2026-07-14 15:30:00,68.80000305175781,69.30000305175781,68.6500015258789,68.6500015258789,8859990
2026-07-14 15:45:00,68.69999694824219,68.8499984741211,68.6500015258789,68.80000305175781,2275258
2026-07-14 16:00:00,68.94999694824219,69.05000305175781,68.69999694824219,68.69999694824219,1677255
2026-07-14 16:15:00,69.0999984741211,69.0999984741211,68.75,68.94999694824219,1498762
2026-07-14 16:30:00,69.1500015258789,69.19999694824219,69.0,69.0999984741211,1842105
2026-07-14 16:45:00,69.05000305175781,69.19999694824219,68.94999694824219,69.1500015258789,1685616
2026-07-14 17:00:00,69.19999694824219,69.25,69.0,69.05000305175781,2467127
2026-07-14 17:15:00,69.19999694824219,69.55000305175781,69.19999694824219,69.19999694824219,5624705
2026-07-14 17:30:00,69.25,69.44999694824219,69.19999694824219,69.19999694824219,2545438
2026-07-14 17:45:00,69.19999694824219,69.4000015258789,69.1500015258789,69.30000305175781,3546417
2026-07-16 09:45:00,69.30000305175781,69.30000305175781,69.30000305175781,69.30000305175781,0
2026-07-16 10:00:00,68.94999694824219,69.75,68.8499984741211,69.30000305175781,14839490
2026-07-16 10:15:00,68.5999984741211,69.0,68.5,68.9000015258789,7839927
2026-07-16 10:30:00,68.05000305175781,68.69999694824219,67.94999694824219,68.55000305175781,9810657
2026-07-16 10:45:00,68.05000305175781,68.25,68.0,68.0999984741211,5317901
2026-07-16 11:00:00,68.0,68.30000305175781,67.8499984741211,68.05000305175781,8158176
2026-07-16 11:15:00,68.1500015258789,68.3499984741211,68.05000305175781,68.05000305175781,6594560
2026-07-16 11:30:00,68.0999984741211,68.25,68.0,68.0999984741211,3174009
2026-07-16 11:45:00,68.05000305175781,68.19999694824219,67.8499984741211,68.0999984741211,5055414
2026-07-16 12:00:00,67.8499984741211,68.0999984741211,67.75,68.05000305175781,3491809
2026-07-16 12:15:00,67.75,67.8499984741211,67.69999694824219,67.8499984741211,2983847
2026-07-16 12:30:00,67.69999694824219,67.80000305175781,67.6500015258789,67.75,2529733
2026-07-16 12:45:00,67.55000305175781,67.69999694824219,67.30000305175781,67.69999694824219,6614957
2026-07-16 13:00:00,67.5999984741211,67.6500015258789,67.5,67.5999984741211,979501
2026-07-16 13:15:00,67.6500015258789,67.6500015258789,67.5,67.5999984741211,1273373
2026-07-16 13:30:00,67.69999694824219,67.69999694824219,67.5,67.5999984741211,2310882
2026-07-16 13:45:00,67.9000015258789,67.9000015258789,67.5999984741211,67.69999694824219,3958548
2026-07-16 14:00:00,67.69999694824219,67.9000015258789,67.6500015258789,67.8499984741211,2257614
2026-07-16 14:15:00,67.5999984741211,67.69999694824219,67.55000305175781,67.69999694824219,2219624
2026-07-16 14:30:00,67.5999984741211,67.6500015258789,67.55000305175781,67.6500015258789,1930513
2026-07-16 14:45:00,67.55000305175781,67.69999694824219,67.44999694824219,67.6500015258789,3775183
2026-07-16 15:00:00,67.4000015258789,67.5999984741211,67.3499984741211,67.55000305175781,2846579
2026-07-16 15:15:00,67.4000015258789,67.5,67.30000305175781,67.4000015258789,1880668
2026-07-16 15:30:00,67.4000015258789,67.55000305175781,67.30000305175781,67.4000015258789,1875965
2026-07-16 15:45:00,67.25,67.44999694824219,67.19999694824219,67.3499984741211,3205024
2026-07-16 16:00:00,67.25,67.3499984741211,67.1500015258789,67.25,2695235
2026-07-16 16:15:00,67.5,67.5,67.25,67.30000305175781,2603760
2026-07-16 16:30:00,67.3499984741211,67.55000305175781,67.3499984741211,67.5,3626014
2026-07-16 16:45:00,67.69999694824219,67.80000305175781,67.30000305175781,67.4000015258789,6036849
2026-07-16 17:00:00,68.25,68.4000015258789,67.69999694824219,67.75,13027659
2026-07-16 17:15:00,68.9000015258789,68.94999694824219,68.30000305175781,68.30000305175781,16605243
2026-07-16 17:30:00,68.55000305175781,68.94999694824219,68.55000305175781,68.9000015258789,6286454
2026-07-16 17:45:00,68.55000305175781,68.6500015258789,68.44999694824219,68.5,5255292
2026-07-17 12:00:00,67.0999984741211,67.1500015258789,66.9000015258789,67.0,3297858
2026-07-17 12:15:00,67.1500015258789,67.1500015258789,66.94999694824219,67.0999984741211,1450423
2026-07-17 12:30:00,66.94999694824219,67.1500015258789,66.9000015258789,67.1500015258789,1572117
2026-07-17 12:45:00,66.94999694824219,67.0,66.9000015258789,66.94999694824219,1041688
2026-07-17 13:00:00,66.8499984741211,67.0,66.69999694824219,66.94999694824219,4002113
2026-07-17 13:15:00,66.8499984741211,66.94999694824219,66.80000305175781,66.8499984741211,1403597
2026-07-17 13:30:00,66.94999694824219,66.94999694824219,66.75,66.8499984741211,1959922
2026-07-17 13:45:00,66.9000015258789,66.94999694824219,66.8499984741211,66.94999694824219,767020
2026-07-17 14:00:00,66.8499984741211,66.9000015258789,66.80000305175781,66.9000015258789,1462238
2026-07-17 14:15:00,66.8499984741211,66.94999694824219,66.80000305175781,66.8499984741211,1668103
2026-07-17 14:30:00,66.9000015258789,66.9000015258789,66.80000305175781,66.8499984741211,673054
2026-07-17 14:45:00,67.1500015258789,67.25,66.8499984741211,66.9000015258789,4497569
2026-07-17 15:00:00,67.25,67.30000305175781,67.05000305175781,67.1500015258789,2565972
2026-07-17 15:15:00,67.25,67.30000305175781,67.05000305175781,67.19999694824219,3095742
2026-07-17 15:30:00,67.0,67.25,66.9000015258789,67.19999694824219,5383451
2026-07-17 15:45:00,67.0,67.05000305175781,66.9000015258789,67.0,1934480
2026-07-17 16:00:00,67.0,67.0,66.9000015258789,67.0,1350771
2026-07-17 16:15:00,67.0,67.05000305175781,66.9000015258789,67.0,2270623
2026-07-17 16:30:00,67.05000305175781,67.1500015258789,66.94999694824219,67.0,3143819
2026-07-17 16:45:00,67.3499984741211,67.4000015258789,67.0,67.05000305175781,6273510
2026-07-17 17:00:00,67.1500015258789,67.5,67.0999984741211,67.3499984741211,6138687
2026-07-17 17:15:00,67.0999984741211,67.19999694824219,67.05000305175781,67.1500015258789,3462306
2026-07-17 17:30:00,66.94999694824219,67.1500015258789,66.9000015258789,67.1500015258789,8486499
2026-07-17 17:45:00,66.6500015258789,66.94999694824219,66.55000305175781,66.94999694824219,10867313
2026-07-20 09:45:00,66.5999984741211,66.5999984741211,66.5999984741211,66.5999984741211,0
2026-07-20 10:00:00,66.5,66.94999694824219,66.1500015258789,66.55000305175781,9513618
2026-07-20 10:15:00,66.94999694824219,67.0,66.4000015258789,66.44999694824219,7764963
2026-07-20 10:30:00,66.94999694824219,67.1500015258789,66.8499984741211,66.94999694824219,7032376
2026-07-20 10:45:00,67.05000305175781,67.05000305175781,66.8499984741211,66.9000015258789,2186133
2026-07-20 11:00:00,66.94999694824219,67.05000305175781,66.80000305175781,67.05000305175781,2414695
2026-07-20 11:15:00,67.05000305175781,67.0999984741211,66.9000015258789,66.94999694824219,1501022
2026-07-20 11:30:00,66.9000015258789,67.0999984741211,66.8499984741211,67.0999984741211,1966329
2026-07-20 11:45:00,66.80000305175781,66.94999694824219,66.80000305175781,66.9000015258789,1120951
2026-07-20 12:00:00,66.9000015258789,66.9000015258789,66.75,66.80000305175781,2057753
2026-07-20 12:15:00,67.05000305175781,67.05000305175781,66.8499984741211,66.8499984741211,1236756
2026-07-20 12:30:00,67.19999694824219,67.30000305175781,67.0,67.05000305175781,5505400
2026-07-20 12:45:00,67.05000305175781,67.25,67.0,67.25,1818315
2026-07-20 13:00:00,67.1500015258789,67.19999694824219,67.0,67.0999984741211,1266694
2026-07-20 13:15:00,67.25,67.25,67.05000305175781,67.1500015258789,1484612
2026-07-20 13:30:00,67.19999694824219,67.25,67.0999984741211,67.19999694824219,1368379
2026-07-20 13:45:00,67.44999694824219,67.5,67.1500015258789,67.19999694824219,4407735
2026-07-20 14:00:00,67.44999694824219,67.69999694824219,67.3499984741211,67.5,4814067
2026-07-20 14:15:00,67.30000305175781,67.5,67.25,67.44999694824219,1721035
2026-07-20 14:30:00,67.5,67.5999984741211,67.25,67.30000305175781,4601517
2026-07-20 14:45:00,67.6500015258789,67.69999694824219,67.5,67.5,3445742
2026-07-20 15:00:00,67.6500015258789,67.75,67.3499984741211,67.6500015258789,5701106
2026-07-20 15:15:00,67.5999984741211,67.69999694824219,67.5,67.69999694824219,2072790
2026-07-20 15:30:00,67.44999694824219,67.69999694824219,67.4000015258789,67.5999984741211,1393029
2026-07-20 15:45:00,67.30000305175781,67.44999694824219,67.25,67.4000015258789,2103573
2026-07-20 16:00:00,67.1500015258789,67.3499984741211,67.1500015258789,67.25,2201321
2026-07-20 16:15:00,67.05000305175781,67.19999694824219,66.94999694824219,67.19999694824219,2997579
2026-07-20 16:30:00,67.05000305175781,67.1500015258789,66.94999694824219,67.05000305175781,2336087
2026-07-20 16:45:00,66.9000015258789,67.0999984741211,66.80000305175781,67.05000305175781,4460732
2026-07-20 17:00:00,67.0,67.0999984741211,66.8499984741211,66.9000015258789,2798650
2026-07-20 17:15:00,66.8499984741211,67.05000305175781,66.80000305175781,67.0,1839224
2026-07-20 17:30:00,66.75,66.8499984741211,66.6500015258789,66.80000305175781,4522428
2026-07-20 17:45:00,66.75,66.8499984741211,66.6500015258789,66.75,4279109
2026-07-21 09:45:00,67.05000305175781,67.05000305175781,67.05000305175781,67.05000305175781,0
2026-07-21 10:00:00,67.0999984741211,67.44999694824219,66.94999694824219,67.0,8680937
2026-07-21 10:15:00,67.0,67.30000305175781,66.9000015258789,67.1500015258789,4610063
2026-07-21 10:30:00,67.44999694824219,67.5,67.0,67.05000305175781,8712050
2026-07-21 10:45:00,67.25,67.5,67.19999694824219,67.5,3421227
2026-07-21 11:00:00,67.1500015258789,67.30000305175781,67.0,67.25,3067996
2026-07-21 11:15:00,67.05000305175781,67.19999694824219,67.0,67.0999984741211,1312056
2026-07-21 11:30:00,67.0999984741211,67.1500015258789,67.0,67.05000305175781,650444
2026-07-21 11:45:00,67.25,67.25,67.05000305175781,67.0999984741211,2555272
2026-07-21 12:00:00,67.4000015258789,67.44999694824219,67.25,67.25,3788533
2026-07-21 12:15:00,67.1500015258789,67.44999694824219,67.0999984741211,67.44999694824219,2640998
2026-07-21 12:30:00,67.0,67.25,66.9000015258789,67.19999694824219,5127126
2026-07-21 12:45:00,67.0999984741211,67.0999984741211,66.94999694824219,67.0,984154
2026-07-21 13:00:00,67.05000305175781,67.1500015258789,66.9000015258789,67.05000305175781,2101004
2026-07-21 13:15:00,67.1500015258789,67.25,67.05000305175781,67.0999984741211,1265710
2026-07-21 13:30:00,67.19999694824219,67.25,67.0999984741211,67.1500015258789,1897011
2026-07-21 13:45:00,67.25,67.25,67.0999984741211,67.19999694824219,2005981
2026-07-21 14:00:00,66.6500015258789,67.25,66.5999984741211,67.25,3599361
2026-07-21 14:15:00,66.75,66.8499984741211,66.5999984741211,66.69999694824219,2690879
2026-07-21 14:30:00,66.80000305175781,66.9000015258789,66.6500015258789,66.75,2424014
2026-07-21 14:45:00,66.44999694824219,66.8499984741211,66.4000015258789,66.80000305175781,5075326
2026-07-21 15:00:00,66.6500015258789,66.6500015258789,66.44999694824219,66.5,1861973
2026-07-21 15:15:00,66.5999984741211,66.6500015258789,66.5,66.6500015258789,908504
2026-07-21 15:30:00,66.5,66.6500015258789,66.44999694824219,66.5999984741211,2070050
2026-07-21 15:45:00,66.5,66.5999984741211,66.3499984741211,66.5,2785066
2026-07-21 16:00:00,66.5,66.5999984741211,66.44999694824219,66.5,1461442
2026-07-21 16:15:00,66.55000305175781,66.5999984741211,66.44999694824219,66.5,1309466
2026-07-21 16:30:00,66.3499984741211,66.55000305175781,66.25,66.55000305175781,2533336
2026-07-21 16:45:00,66.3499984741211,66.5999984741211,66.30000305175781,66.3499984741211,1893139
2026-07-21 17:00:00,66.5,66.5,66.30000305175781,66.3499984741211,1264494
2026-07-21 17:15:00,66.6500015258789,66.6500015258789,66.4000015258789,66.5,2419625
2026-07-21 17:30:00,66.5,66.69999694824219,66.44999694824219,66.6500015258789,2397229
2026-07-21 17:45:00,66.5999984741211,66.6500015258789,66.5,66.55000305175781,3563608
2026-07-22 09:45:00,66.80000305175781,66.80000305175781,66.80000305175781,66.80000305175781,0
2026-07-22 10:00:00,66.6500015258789,66.94999694824219,66.3499984741211,66.80000305175781,7363424
2026-07-22 10:15:00,66.75,66.94999694824219,66.5999984741211,66.69999694824219,6153149
2026-07-22 10:30:00,66.4000015258789,66.80000305175781,66.3499984741211,66.80000305175781,4310636
2026-07-22 10:45:00,66.44999694824219,66.5,66.3499984741211,66.44999694824219,1803750
2026-07-22 11:00:00,66.4000015258789,66.6500015258789,66.3499984741211,66.4000015258789,2880203
2026-07-22 11:15:00,66.5,66.55000305175781,66.30000305175781,66.4000015258789,1325947
2026-07-22 11:30:00,66.44999694824219,66.55000305175781,66.44999694824219,66.5,357493
2026-07-22 11:45:00,66.4000015258789,66.5,66.30000305175781,66.44999694824219,1442729
2026-07-22 12:00:00,66.55000305175781,66.5999984741211,66.3499984741211,66.4000015258789,1315200
2026-07-22 12:15:00,66.5,66.5999984741211,66.4000015258789,66.55000305175781,1428188
2026-07-22 12:30:00,66.3499984741211,66.55000305175781,66.3499984741211,66.55000305175781,931722
2026-07-22 12:45:00,66.3499984741211,66.4000015258789,66.30000305175781,66.3499984741211,801229
2026-07-22 13:00:00,66.44999694824219,66.5,66.3499984741211,66.4000015258789,1192069
2026-07-22 13:15:00,66.75,66.80000305175781,66.4000015258789,66.5,3462769
2026-07-22 13:30:00,66.55000305175781,66.8499984741211,66.5,66.75,1525085
2026-07-22 13:45:00,66.55000305175781,66.6500015258789,66.55000305175781,66.5999984741211,8208069
2026-07-22 14:00:00,66.69999694824219,66.8499984741211,66.5,66.5999984741211,5681382
2026-07-22 14:15:00,66.5999984741211,66.75,66.5999984741211,66.69999694824219,1227765
2026-07-22 14:30:00,66.3499984741211,66.69999694824219,66.3499984741211,66.5999984741211,2366363
2026-07-22 14:45:00,66.3499984741211,66.55000305175781,66.3499984741211,66.4000015258789,3023337
2026-07-22 15:00:00,66.5,66.55000305175781,66.25,66.4000015258789,3953771
2026-07-22 15:15:00,66.4000015258789,66.55000305175781,66.25,66.55000305175781,2088383
2026-07-22 15:30:00,66.4000015258789,66.6500015258789,66.3499984741211,66.4000015258789,3625524
2026-07-22 15:45:00,66.1500015258789,66.44999694824219,65.94999694824219,66.3499984741211,5416048
2026-07-22 16:00:00,66.25,66.44999694824219,66.1500015258789,66.1500015258789,2405373
2026-07-22 16:15:00,66.4000015258789,66.55000305175781,66.1500015258789,66.25,3335197
2026-07-22 16:30:00,66.44999694824219,66.5,66.3499984741211,66.44999694824219,2443297
2026-07-22 16:45:00,66.55000305175781,66.55000305175781,66.4000015258789,66.5,3217562
2026-07-22 17:00:00,66.8499984741211,67.1500015258789,66.5,66.5,15356309
2026-07-22 17:15:00,66.5999984741211,66.94999694824219,66.55000305175781,66.8499984741211,4819857
2026-07-22 17:30:00,66.44999694824219,66.69999694824219,66.44999694824219,66.5999984741211,4107883
2026-07-22 17:45:00,66.5,66.5999984741211,66.44999694824219,66.44999694824219,4758672
2026-07-23 09:45:00,66.6500015258789,66.6500015258789,66.6500015258789,66.6500015258789,0
2026-07-23 10:00:00,66.8499984741211,67.0,66.5,66.6500015258789,10628924
2026-07-23 10:15:00,66.69999694824219,66.9000015258789,66.6500015258789,66.8499984741211,3447401
2026-07-23 10:30:00,66.55000305175781,66.75,66.44999694824219,66.69999694824219,3184113
2026-07-23 10:45:00,66.30000305175781,66.55000305175781,66.1500015258789,66.5,5215346
2026-07-23 11:00:00,66.5,66.55000305175781,66.25,66.30000305175781,1945942
2026-07-23 11:15:00,66.5,66.5,66.4000015258789,66.5,1233011
2026-07-23 11:30:00,66.4000015258789,66.55000305175781,66.3499984741211,66.5,1695337
2026-07-23 11:45:00,66.5999984741211,66.6500015258789,66.3499984741211,66.4000015258789,2308403
2026-07-23 12:00:00,66.75,66.9000015258789,66.55000305175781,66.5999984741211,4261182
2026-07-23 12:15:00,67.0,67.05000305175781,66.75,66.80000305175781,3968006
2026-07-23 12:30:00,66.94999694824219,67.0999984741211,66.8499984741211,67.0,2901488
2026-07-23 12:45:00,66.8499984741211,67.0,66.8499984741211,66.94999694824219,917052
2026-07-23 13:00:00,66.8499984741211,66.94999694824219,66.80000305175781,66.8499984741211,1198307
2026-07-23 13:15:00,66.75,66.8499984741211,66.69999694824219,66.80000305175781,662526
2026-07-23 13:30:00,66.75,66.80000305175781,66.6500015258789,66.69999694824219,908365
2026-07-23 13:45:00,66.75,66.8499984741211,66.6500015258789,66.75,2401149
2026-07-23 14:00:00,66.5,66.80000305175781,66.3499984741211,66.80000305175781,8336178
2026-07-23 14:15:00,66.30000305175781,66.6500015258789,66.30000305175781,66.44999694824219,3095722
2026-07-23 14:30:00,66.3499984741211,66.4000015258789,66.1500015258789,66.30000305175781,7334144
2026-07-23 14:45:00,66.75,66.80000305175781,66.25,66.3499984741211,6645889
2026-07-23 15:00:00,66.6500015258789,66.80000305175781,66.55000305175781,66.75,3210238
2026-07-23 15:15:00,66.55000305175781,66.69999694824219,66.5,66.5999984741211,2724754
2026-07-23 15:30:00,66.30000305175781,66.6500015258789,66.30000305175781,66.5,3882117
2026-07-23 15:45:00,66.4000015258789,66.44999694824219,66.1500015258789,66.3499984741211,4161647
2026-07-23 16:00:00,66.30000305175781,66.4000015258789,66.25,66.3499984741211,2094698
2026-07-23 16:15:00,66.5,66.5999984741211,66.25,66.30000305175781,4419163
2026-07-23 16:30:00,66.6500015258789,66.75,66.4000015258789,66.44999694824219,3439327
2026-07-23 16:45:00,66.5999984741211,66.69999694824219,66.4000015258789,66.69999694824219,3010788
2026-07-23 17:00:00,66.6500015258789,66.80000305175781,66.55000305175781,66.55000305175781,2875770
2026-07-23 17:15:00,67.0,67.05000305175781,66.5999984741211,66.6500015258789,5242235
2026-07-23 17:30:00,67.05000305175781,67.1500015258789,66.8499984741211,67.05000305175781,8841921
2026-07-23 17:45:00,67.0,67.0999984741211,66.9000015258789,67.0,5839140
2026-07-24 09:45:00,67.05000305175781,67.05000305175781,67.05000305175781,67.05000305175781,0
2026-07-24 10:00:00,67.8499984741211,67.94999694824219,66.80000305175781,67.0,13926266
2026-07-24 10:15:00,67.94999694824219,68.0,67.6500015258789,67.8499984741211,9245403
2026-07-24 10:30:00,67.9000015258789,68.30000305175781,67.80000305175781,67.94999694824219,10345171
2026-07-24 10:45:00,67.6500015258789,67.94999694824219,67.6500015258789,67.94999694824219,4814141
2026-07-24 11:00:00,67.5,67.69999694824219,67.5,67.69999694824219,2554204
2026-07-24 11:15:00,67.5,67.6500015258789,67.30000305175781,67.55000305175781,3454730
2026-07-24 11:30:00,67.6500015258789,67.6500015258789,67.44999694824219,67.5,1446549
2026-07-24 11:45:00,67.5,67.6500015258789,67.3499984741211,67.6500015258789,941377
2026-07-24 12:00:00,67.5,67.5,67.3499984741211,67.44999694824219,1230706
2026-07-24 12:15:00,67.6500015258789,67.75,67.44999694824219,67.44999694824219,1924786
2026-07-24 12:30:00,67.5,67.6500015258789,67.4000015258789,67.6500015258789,2190086
2026-07-24 12:45:00,67.55000305175781,67.69999694824219,67.5,67.55000305175781,987254
2026-07-24 13:00:00,67.4000015258789,67.5999984741211,67.3499984741211,67.55000305175781,1620123
2026-07-24 13:15:00,67.4000015258789,67.44999694824219,67.25,67.3499984741211,1266010
2026-07-24 13:30:00,67.44999694824219,67.5999984741211,67.30000305175781,67.4000015258789,1462337
2026-07-24 13:45:00,67.44999694824219,67.5999984741211,67.3499984741211,67.44999694824219,1425326
2026-07-24 14:00:00,67.44999694824219,67.5,67.4000015258789,67.44999694824219,614912
2026-07-24 14:15:00,67.4000015258789,67.5,67.25,67.4000015258789,2058286
2026-07-24 14:30:00,67.4000015258789,67.44999694824219,67.3499984741211,67.4000015258789,946615
2026-07-24 14:45:00,67.6500015258789,67.69999694824219,67.3499984741211,67.44999694824219,2132095
2026-07-24 15:00:00,67.55000305175781,67.69999694824219,67.55000305175781,67.6500015258789,2922364
2026-07-24 15:15:00,67.4000015258789,67.6500015258789,67.3499984741211,67.55000305175781,2390657
2026-07-24 15:30:00,67.19999694824219,67.3499984741211,67.05000305175781,67.3499984741211,4783574
2026-07-24 15:45:00,67.0,67.30000305175781,66.94999694824219,67.19999694824219,4211558
2026-07-24 16:00:00,67.30000305175781,67.44999694824219,67.0,67.0,3427312
2026-07-24 16:15:00,67.44999694824219,67.55000305175781,67.25,67.30000305175781,3604764
2026-07-24 16:30:00,67.30000305175781,67.5,67.19999694824219,67.4000015258789,3056853
2026-07-24 16:45:00,67.25,67.3499984741211,67.0999984741211,67.30000305175781,2829521
2026-07-24 17:00:00,67.69999694824219,67.75,67.25,67.30000305175781,17164437
2026-07-24 17:15:00,67.80000305175781,67.9000015258789,67.6500015258789,67.69999694824219,6778531
2026-07-24 17:30:00,67.80000305175781,67.94999694824219,67.75,67.80000305175781,5840113
2026-07-24 17:45:00,67.6500015258789,67.8499984741211,67.55000305175781,67.80000305175781,6214612
2026-07-27 09:45:00,69.05000305175781,69.05000305175781,69.05000305175781,69.05000305175781,0
2026-07-27 10:00:00,69.1500015258789,69.6500015258789,68.75,69.05000305175781,20170943
2026-07-27 10:15:00,69.3499984741211,69.55000305175781,68.8499984741211,69.1500015258789,14728131
2026-07-27 10:30:00,69.0999984741211,69.4000015258789,69.05000305175781,69.3499984741211,5916371
2026-07-27 10:45:00,68.5999984741211,69.25,68.5999984741211,69.05000305175781,8028796
2026-07-27 11:00:00,68.30000305175781,68.6500015258789,68.1500015258789,68.5999984741211,11174729
2026-07-27 11:15:00,68.69999694824219,68.75,68.19999694824219,68.30000305175781,3494266
2026-07-27 11:30:00,68.75,68.9000015258789,68.5999984741211,68.69999694824219,5594656
2026-07-27 11:45:00,68.69999694824219,68.75,68.5999984741211,68.75,1145208
2026-07-27 12:00:00,68.6500015258789,68.75,68.5,68.69999694824219,1582042
2026-07-27 12:15:00,68.44999694824219,68.6500015258789,68.4000015258789,68.5999984741211,1780132
2026-07-27 12:30:00,68.30000305175781,68.44999694824219,68.25,68.4000015258789,1998524
2026-07-27 12:45:00,68.5,68.55000305175781,68.25,68.30000305175781,2026388
2026-07-27 13:00:00,68.55000305175781,68.6500015258789,68.44999694824219,68.5,1743036
2026-07-27 13:15:00,68.30000305175781,68.5999984741211,68.25,68.5,2827498
2026-07-27 13:30:00,68.30000305175781,68.3499984741211,68.19999694824219,68.25,1090285
2026-07-27 13:45:00,68.30000305175781,68.3499984741211,68.1500015258789,68.25,1869190
2026-07-27 14:00:00,68.1500015258789,68.3499984741211,68.1500015258789,68.30000305175781,995726
2026-07-27 14:15:00,68.1500015258789,68.25,68.05000305175781,68.19999694824219,2268424
2026-07-27 14:30:00,68.3499984741211,68.4000015258789,68.1500015258789,68.1500015258789,1617722
2026-07-27 14:45:00,68.19999694824219,68.3499984741211,68.19999694824219,68.3499984741211,766085
2026-07-27 15:00:00,67.69999694824219,68.25,67.6500015258789,68.25,5365402
2026-07-27 15:15:00,67.69999694824219,67.75,67.4000015258789,67.75,9621892
2026-07-27 15:30:00,67.5999984741211,67.75,67.5,67.6500015258789,3671023
2026-07-27 15:45:00,67.3499984741211,67.69999694824219,67.30000305175781,67.5999984741211,3178062
2026-07-27 16:00:00,67.19999694824219,67.4000015258789,66.94999694824219,67.3499984741211,6226985
2026-07-27 16:15:00,67.19999694824219,67.30000305175781,66.94999694824219,67.1500015258789,3675573
2026-07-27 16:30:00,66.5999984741211,67.25,66.5,67.25,9004538
2026-07-27 16:45:00,66.44999694824219,66.80000305175781,66.3499984741211,66.55000305175781,8456003
2026-07-27 17:00:00,66.5,66.5999984741211,66.3499984741211,66.44999694824219,3733348
2026-07-27 17:15:00,66.75,67.0,66.44999694824219,66.5,5420979
2026-07-27 17:30:00,66.5999984741211,66.9000015258789,66.55000305175781,66.75,6171672
2026-07-27 17:45:00,66.6500015258789,66.6500015258789,66.25,66.55000305175781,11053768
2026-07-28 09:45:00,66.80000305175781,66.80000305175781,66.80000305175781,66.80000305175781,0
2026-07-28 10:00:00,66.75,67.05000305175781,66.55000305175781,66.80000305175781,8822129
2026-07-28 10:15:00,66.9000015258789,67.30000305175781,66.69999694824219,66.75,7197139
2026-07-28 10:30:00,66.9000015258789,67.0,66.80000305175781,66.94999694824219,2813488
2026-07-28 10:45:00,66.75,66.94999694824219,66.69999694824219,66.9000015258789,2086472
2026-07-28 11:00:00,66.5999984741211,66.75,66.5,66.75,4589664
2026-07-28 11:15:00,66.75,66.8499984741211,66.55000305175781,66.55000305175781,1915111
2026-07-28 11:30:00,66.80000305175781,66.80000305175781,66.69999694824219,66.80000305175781,2184601
2026-07-28 11:45:00,66.6500015258789,66.80000305175781,66.55000305175781,66.80000305175781,2612146
2026-07-28 12:00:00,66.30000305175781,66.6500015258789,66.25,66.6500015258789,4136673
2026-07-28 12:15:00,66.55000305175781,66.55000305175781,66.25,66.30000305175781,2166863
2026-07-28 12:30:00,66.30000305175781,66.55000305175781,66.25,66.55000305175781,2323198
2026-07-28 12:45:00,66.30000305175781,66.4000015258789,66.19999694824219,66.3499984741211,2900587
2026-07-28 13:00:00,66.4000015258789,66.44999694824219,66.25,66.30000305175781,2437177
2026-07-28 13:15:00,66.4000015258789,66.5,66.30000305175781,66.3499984741211,1551755
2026-07-28 13:30:00,66.4000015258789,66.55000305175781,66.3499984741211,66.4000015258789,1368137
2026-07-28 13:45:00,66.44999694824219,66.5999984741211,66.3499984741211,66.4000015258789,2382173
2026-07-28 14:00:00,66.4000015258789,66.5999984741211,66.25,66.5,3688436
2026-07-28 14:15:00,66.55000305175781,66.6500015258789,66.3499984741211,66.4000015258789,2606608
2026-07-28 14:30:00,66.44999694824219,66.5999984741211,66.4000015258789,66.5,1185024
2026-07-28 14:45:00,66.55000305175781,66.5999984741211,66.44999694824219,66.44999694824219,1001725
2026-07-28 15:00:00,66.44999694824219,66.75,66.4000015258789,66.55000305175781,3376333
2026-07-28 15:15:00,66.0999984741211,66.5,66.0,66.44999694824219,6494286
2026-07-28 15:30:00,66.0,66.1500015258789,65.8499984741211,66.0999984741211,5427581
2026-07-28 15:45:00,66.19999694824219,66.25,65.94999694824219,66.0,2278515
2026-07-28 16:00:00,66.44999694824219,66.44999694824219,66.19999694824219,66.19999694824219,3497846
2026-07-28 16:15:00,66.4000015258789,66.55000305175781,66.25,66.44999694824219,4723305
2026-07-28 16:30:00,66.25,66.44999694824219,66.25,66.4000015258789,1897655
2026-07-28 16:45:00,66.19999694824219,66.4000015258789,65.80000305175781,66.30000305175781,6998571
2026-07-28 17:00:00,66.25,66.5999984741211,66.1500015258789,66.1500015258789,7312398
2026-07-28 17:15:00,66.1500015258789,66.30000305175781,65.9000015258789,66.25,6439264
2026-07-28 17:30:00,66.0999984741211,66.30000305175781,66.0,66.1500015258789,3871905
2026-07-28 17:45:00,65.94999694824219,66.1500015258789,65.9000015258789,66.0999984741211,7453293
2026-07-29 09:45:00,66.0,66.0,66.0,66.0,0
2026-07-29 10:00:00,66.05000305175781,66.3499984741211,65.5999984741211,66.0,15111822
2026-07-29 10:15:00,65.5,66.0999984741211,65.25,66.05000305175781,12442687
2026-07-29 10:30:00,65.69999694824219,65.9000015258789,65.44999694824219,65.5,5596552
2026-07-29 10:45:00,65.5999984741211,65.80000305175781,65.44999694824219,65.69999694824219,2762243
2026-07-29 11:00:00,64.9000015258789,65.69999694824219,64.8499984741211,65.5999984741211,7463036
2026-07-29 11:15:00,64.80000305175781,65.0,64.6500015258789,64.9000015258789,7801271
2026-07-29 11:30:00,64.8499984741211,65.05000305175781,64.75,64.80000305175781,4600487
2026-07-29 11:45:00,64.80000305175781,64.94999694824219,64.75,64.8499984741211,3097379
2026-07-29 12:00:00,64.75,64.80000305175781,64.55000305175781,64.80000305175781,3358183
2026-07-29 12:15:00,64.5999984741211,64.75,64.4000015258789,64.75,3256209
2026-07-29 12:30:00,64.80000305175781,64.80000305175781,64.5,64.5999984741211,2116243
2026-07-29 12:45:00,64.6500015258789,64.80000305175781,64.55000305175781,64.80000305175781,1490645
2026-07-29 13:00:00,64.94999694824219,64.94999694824219,64.55000305175781,64.6500015258789,5315936
2026-07-29 13:15:00,64.75,65.05000305175781,64.5999984741211,64.94999694824219,8938109
2026-07-29 13:30:00,64.5,64.75,64.44999694824219,64.75,4080712
2026-07-29 13:45:00,64.3499984741211,64.5,64.25,64.5,6834653
2026-07-29 14:00:00,64.25,64.4000015258789,64.1500015258789,64.3499984741211,5981791
2026-07-29 14:15:00,64.6500015258789,64.69999694824219,64.19999694824219,64.19999694824219,5721391
2026-07-29 14:30:00,64.6500015258789,64.69999694824219,64.5,64.6500015258789,2301339
2026-07-29 14:45:00,65.0,65.0,64.6500015258789,64.6500015258789,3516006
2026-07-29 15:00:00,64.94999694824219,65.0999984741211,64.8499984741211,64.94999694824219,3872085
2026-07-29 15:15:00,64.75,65.05000305175781,64.55000305175781,64.94999694824219,5432790
2026-07-29 15:30:00,64.69999694824219,64.80000305175781,64.5,64.69999694824219,3357703
2026-07-29 15:45:00,64.44999694824219,64.80000305175781,64.4000015258789,64.69999694824219,4686907
2026-07-29 16:00:00,64.44999694824219,64.55000305175781,64.30000305175781,64.44999694824219,4946579
2026-07-29 16:15:00,64.25,64.44999694824219,63.900001525878906,64.4000015258789,8643365
2026-07-29 16:30:00,63.900001525878906,64.25,63.849998474121094,64.25,5277790
2026-07-29 16:45:00,63.54999923706055,64.0,63.45000076293945,63.900001525878906,7309234
2026-07-29 17:00:00,63.0,63.650001525878906,62.900001525878906,63.54999923706055,11637762
2026-07-29 17:15:00,63.20000076293945,63.400001525878906,62.95000076293945,63.0,7331162
2026-07-29 17:30:00,63.04999923706055,63.25,62.95000076293945,63.20000076293945,7965629
2026-07-29 17:45:00,63.25,63.29999923706055,62.95000076293945,63.099998474121094,8459650
2026-07-30 09:45:00,63.29999923706055,63.29999923706055,63.29999923706055,63.29999923706055,0
2026-07-30 10:00:00,63.45000076293945,63.54999923706055,62.849998474121094,63.29999923706055,13731077
2026-07-30 10:15:00,63.29999923706055,63.54999923706055,63.25,63.45000076293945,6257226
2026-07-30 10:30:00,63.0,63.45000076293945,62.79999923706055,63.349998474121094,9203070
2026-07-30 10:45:00,62.900001525878906,63.20000076293945,62.900001525878906,63.0,5194137
2026-07-30 11:00:00,63.099998474121094,63.150001525878906,62.79999923706055,62.95000076293945,2893884
2026-07-30 11:15:00,63.20000076293945,63.349998474121094,62.95000076293945,63.099998474121094,3387869
2026-07-30 11:30:00,63.20000076293945,63.400001525878906,63.099998474121094,63.150001525878906,4301522
2026-07-30 11:45:00,63.150001525878906,63.25,63.04999923706055,63.20000076293945,4805291
2026-07-30 12:00:00,63.349998474121094,63.400001525878906,63.0,63.099998474121094,2966290
2026-07-30 12:15:00,63.29999923706055,63.54999923706055,63.25,63.349998474121094,6697582
2026-07-30 12:30:00,63.25,63.349998474121094,63.150001525878906,63.25,2886756
2026-07-30 12:45:00,63.150001525878906,63.29999923706055,63.150001525878906,63.29999923706055,785149
2026-07-30 13:00:00,63.04999923706055,63.25,63.0,63.150001525878906,1423719
2026-07-30 13:15:00,63.25,63.349998474121094,63.04999923706055,63.099998474121094,2114879
2026-07-30 13:30:00,63.400001525878906,63.5,63.150001525878906,63.25,2933669
2026-07-30 13:45:00,63.20000076293945,63.400001525878906,63.150001525878906,63.349998474121094,1281938
2026-07-30 14:00:00,62.95000076293945,63.20000076293945,62.900001525878906,63.20000076293945,4368176
2026-07-30 14:15:00,62.95000076293945,63.099998474121094,62.849998474121094,62.95000076293945,2360626
2026-07-30 14:30:00,62.900001525878906,63.0,62.75,62.95000076293945,3013717
2026-07-30 14:45:00,62.75,62.900001525878906,62.54999923706055,62.849998474121094,3152770
2026-07-30 15:00:00,62.54999923706055,62.79999923706055,62.349998474121094,62.70000076293945,4332978
2026-07-30 15:15:00,62.900001525878906,63.04999923706055,62.5,62.54999923706055,4458591
2026-07-30 15:30:00,62.79999923706055,63.0,62.75,62.900001525878906,2812730
2026-07-30 15:45:00,62.0,62.900001525878906,61.95000076293945,62.75,9800850
2026-07-30 16:00:00,62.349998474121094,62.54999923706055,62.0,62.0,4955182
2026-07-30 16:15:00,62.099998474121094,62.5,62.04999923706055,62.349998474121094,5932229
2026-07-30 16:30:00,62.20000076293945,62.349998474121094,62.0,62.099998474121094,4912973
2026-07-30 16:45:00,61.650001525878906,62.400001525878906,61.599998474121094,62.20000076293945,7353462
2026-07-30 17:00:00,62.0,62.150001525878906,61.45000076293945,61.650001525878906,8184685
2026-07-30 17:15:00,62.150001525878906,62.25,61.900001525878906,62.0,3679469
2026-07-30 17:30:00,61.900001525878906,62.150001525878906,61.599998474121094,62.150001525878906,10593209
2026-07-30 17:45:00,61.5,62.0,61.29999923706055,61.900001525878906,13978132
2026-07-31 09:45:00,62.0,62.0,62.0,62.0,0
2026-07-31 10:00:00,62.45000076293945,62.45000076293945,61.849998474121094,61.900001525878906,14687926
2026-07-31 10:15:00,62.20000076293945,62.75,61.900001525878906,62.45000076293945,12345665
2026-07-31 10:30:00,62.25,62.349998474121094,62.099998474121094,62.20000076293945,3953981
2026-07-31 10:45:00,62.04999923706055,62.29999923706055,61.95000076293945,62.20000076293945,3921440
2026-07-31 11:00:00,61.75,62.150001525878906,61.599998474121094,62.04999923706055,5365489
2026-07-31 11:15:00,61.79999923706055,61.900001525878906,61.650001525878906,61.75,2138262
2026-07-31 11:30:00,61.79999923706055,61.900001525878906,61.70000076293945,61.75,1200495
2026-07-31 11:45:00,61.45000076293945,61.849998474121094,61.45000076293945,61.79999923706055,6564735
2026-07-31 12:00:00,61.650001525878906,61.650001525878906,61.349998474121094,61.5,3163543
2026-07-31 12:15:00,61.79999923706055,61.900001525878906,61.599998474121094,61.650001525878906,3938534
2026-07-31 12:30:00,61.70000076293945,61.849998474121094,61.54999923706055,61.79999923706055,3057038
2026-07-31 12:45:00,61.70000076293945,61.75,61.650001525878906,61.75,1794085
2026-07-31 13:00:00,61.95000076293945,61.95000076293945,61.599998474121094,61.70000076293945,4810293
2026-07-31 13:15:00,61.95000076293945,62.099998474121094,61.849998474121094,61.95000076293945,3727328
2026-07-31 13:30:00,61.900001525878906,62.0,61.79999923706055,61.95000076293945,2129109
2026-07-31 13:45:00,62.0,62.04999923706055,61.849998474121094,61.849998474121094,3228748
2026-07-31 14:00:00,62.0,62.04999923706055,61.849998474121094,62.0,2243441
2026-07-31 14:15:00,61.900001525878906,62.0,61.79999923706055,62.0,2668234
2026-07-31 14:30:00,61.75,61.900001525878906,61.650001525878906,61.900001525878906,2491660
2026-07-31 14:45:00,61.849998474121094,61.95000076293945,61.650001525878906,61.70000076293945,2417441
2026-07-31 15:00:00,61.599998474121094,61.849998474121094,61.54999923706055,61.849998474121094,1849281
2026-07-31 15:15:00,61.70000076293945,61.75,61.54999923706055,61.599998474121094,1584733
2026-07-31 15:30:00,62.0,62.0,61.5,61.650001525878906,4937680
2026-07-31 15:45:00,62.04999923706055,62.150001525878906,61.900001525878906,62.0,5908355
2026-07-31 16:00:00,63.54999923706055,63.650001525878906,62.04999923706055,62.099998474121094,29700958
2026-07-31 16:15:00,63.599998474121094,63.849998474121094,63.25,63.599998474121094,10168655
2026-07-31 16:30:00,63.25,63.75,62.900001525878906,63.54999923706055,11508499
2026-07-31 16:45:00,63.150001525878906,63.25,62.900001525878906,63.20000076293945,4668322
2026-07-31 17:00:00,63.04999923706055,63.400001525878906,63.0,63.150001525878906,5851601
2026-07-31 17:15:00,63.04999923706055,63.29999923706055,63.0,63.20000076293945,2129729
2026-07-31 17:45:00,62.95000076293945,63.099998474121094,62.900001525878906,63.099998474121094,570512
2026-08-03 09:45:00,64.19999694824219,64.19999694824219,64.19999694824219,64.19999694824219,0
2026-08-03 10:00:00,66.1500015258789,66.25,63.900001525878906,64.1500015258789,64030843
2026-08-03 10:15:00,66.0999984741211,66.4000015258789,65.8499984741211,66.1500015258789,22156590
2026-08-03 10:30:00,66.0999984741211,66.55000305175781,66.0,66.0999984741211,11351712
2026-08-03 10:45:00,66.0999984741211,66.1500015258789,66.0,66.05000305175781,3801250
2026-08-03 11:00:00,66.4000015258789,66.44999694824219,65.9000015258789,66.05000305175781,5810162
2026-08-03 11:15:00,66.19999694824219,66.5,66.0999984741211,66.4000015258789,6354340
2026-08-03 11:30:00,66.25,66.30000305175781,66.0999984741211,66.19999694824219,2815450
2026-08-03 11:45:00,66.44999694824219,66.44999694824219,66.0999984741211,66.25,3013980
2026-08-03 12:00:00,66.4000015258789,66.5999984741211,66.25,66.44999694824219,6516739
2026-08-03 12:15:00,66.19999694824219,66.4000015258789,66.0999984741211,66.4000015258789,2631512
2026-08-03 12:30:00,66.4000015258789,66.44999694824219,66.1500015258789,66.1500015258789,3294487
2026-08-03 12:45:00,66.19999694824219,66.44999694824219,66.05000305175781,66.4000015258789,3115817
2026-08-03 13:00:00,66.0999984741211,66.19999694824219,66.0999984741211,66.1500015258789,2044180
2026-08-03 13:15:00,66.25,66.30000305175781,66.0,66.1500015258789,2510860
2026-08-03 13:30:00,66.25,66.30000305175781,66.1500015258789,66.25,809032
2026-08-03 13:45:00,66.1500015258789,66.25,66.1500015258789,66.19999694824219,1008862
2026-08-03 14:00:00,66.0999984741211,66.25,66.05000305175781,66.19999694824219,1614771
2026-08-03 14:15:00,66.05000305175781,66.1500015258789,65.94999694824219,66.1500015258789,7100434
2026-08-03 14:30:00,66.1500015258789,66.19999694824219,66.05000305175781,66.05000305175781,4050518
2026-08-03 14:45:00,66.1500015258789,66.25,66.0999984741211,66.1500015258789,1545811
2026-08-03 15:00:00,65.6500015258789,66.25,65.6500015258789,66.1500015258789,6684381
2026-08-03 15:15:00,65.55000305175781,65.80000305175781,65.5,65.6500015258789,4810920
2026-08-03 15:30:00,65.8499984741211,66.0,65.55000305175781,65.55000305175781,4655745
2026-08-03 15:45:00,65.9000015258789,65.94999694824219,65.75,65.8499984741211,2124490
2026-08-03 16:00:00,65.80000305175781,65.94999694824219,65.75,65.9000015258789,1802026
2026-08-03 16:15:00,65.9000015258789,66.0,65.69999694824219,65.80000305175781,3610991
2026-08-03 16:30:00,66.1500015258789,66.1500015258789,65.8499984741211,65.8499984741211,4823219
2026-08-03 16:45:00,65.9000015258789,66.25,65.80000305175781,66.1500015258789,6206738
2026-08-03 17:00:00,66.0,66.0999984741211,65.80000305175781,65.9000015258789,6476980
2026-08-03 17:15:00,66.0,66.25,65.9000015258789,66.0,6985691
2026-08-03 17:30:00,65.9000015258789,66.0,65.8499984741211,66.0,4501686
2026-08-03 17:45:00,66.1500015258789,66.1500015258789,65.8499984741211,65.9000015258789,7972960
2026-08-04 09:45:00,66.0,66.0,66.0,66.0,0
2026-08-04 10:00:00,65.6500015258789,66.0,65.4000015258789,66.0,10441355
2026-08-04 10:15:00,65.5,65.69999694824219,65.44999694824219,65.6500015258789,4124261
2026-08-04 10:30:00,66.0999984741211,66.19999694824219,65.3499984741211,65.5,7533286
2026-08-04 10:45:00,66.0999984741211,66.25,66.05000305175781,66.0999984741211,2940806
2026-08-04 11:00:00,66.55000305175781,66.5999984741211,66.0,66.0999984741211,6962928
2026-08-04 11:15:00,66.8499984741211,66.9000015258789,66.3499984741211,66.55000305175781,6047032
2026-08-04 11:30:00,66.6500015258789,67.05000305175781,66.55000305175781,66.80000305175781,11760141
2026-08-04 11:45:00,66.19999694824219,66.6500015258789,66.1500015258789,66.6500015258789,4075952
2026-08-04 12:00:00,66.0,66.25,65.94999694824219,66.19999694824219,3956261
2026-08-04 12:15:00,65.94999694824219,66.0999984741211,65.9000015258789,66.05000305175781,2771765
2026-08-04 12:30:00,66.0,66.05000305175781,65.9000015258789,65.94999694824219,1656061
2026-08-04 12:45:00,65.80000305175781,66.05000305175781,65.5999984741211,66.05000305175781,4890351
2026-08-04 13:00:00,65.75,65.9000015258789,65.75,65.80000305175781,1492032
2026-08-04 13:15:00,65.8499984741211,65.8499984741211,65.69999694824219,65.75,1211158
2026-08-04 13:30:00,65.80000305175781,65.8499984741211,65.69999694824219,65.8499984741211,2086984
2026-08-04 13:45:00,66.30000305175781,66.3499984741211,65.75,65.80000305175781,6078897
2026-08-04 14:00:00,66.0999984741211,66.3499984741211,66.0,66.30000305175781,4164904
2026-08-04 14:15:00,66.1500015258789,66.19999694824219,66.0,66.05000305175781,3084120
2026-08-04 14:30:00,66.6500015258789,66.69999694824219,66.05000305175781,66.1500015258789,5705991
2026-08-04 14:45:00,68.25,68.25,66.5999984741211,66.6500015258789,56028969
2026-08-04 15:00:00,68.0999984741211,68.30000305175781,67.75,68.19999694824219,15955055
2026-08-04 15:15:00,68.05000305175781,68.25,68.0,68.0999984741211,5756958
2026-08-04 15:30:00,67.94999694824219,68.19999694824219,67.80000305175781,68.05000305175781,6283243
2026-08-04 15:45:00,67.69999694824219,68.0,67.6500015258789,67.9000015258789,4257090
2026-08-04 16:00:00,67.55000305175781,67.69999694824219,67.25,67.69999694824219,9019787
2026-08-04 16:15:00,68.0,68.05000305175781,67.5,67.55000305175781,12130674
2026-08-04 16:30:00,67.80000305175781,68.30000305175781,67.80000305175781,67.94999694824219,8630149
2026-08-04 16:45:00,67.8499984741211,67.8499984741211,67.6500015258789,67.80000305175781,2983569
2026-08-04 17:00:00,67.9000015258789,68.0999984741211,67.80000305175781,67.80000305175781,6685286
2026-08-04 17:15:00,67.94999694824219,68.1500015258789,67.9000015258789,67.94999694824219,4810088
2026-08-04 17:30:00,67.94999694824219,68.05000305175781,67.9000015258789,68.0,4282366
2026-08-04 17:45:00,67.9000015258789,67.94999694824219,67.80000305175781,67.94999694824219,4577524
2026-08-05 09:45:00,67.5,67.5,67.5,67.5,0
2026-08-05 10:00:00,67.30000305175781,67.9000015258789,67.1500015258789,67.5,14686230
2026-08-05 10:15:00,67.55000305175781,67.69999694824219,67.19999694824219,67.30000305175781,6945157
2026-08-05 10:30:00,67.6500015258789,67.6500015258789,67.4000015258789,67.55000305175781,4416799
2026-08-05 10:45:00,67.69999694824219,67.75,67.4000015258789,67.6500015258789,3525770
2026-08-05 11:00:00,67.55000305175781,67.80000305175781,67.5,67.6500015258789,3788276
2026-08-05 11:15:00,67.4000015258789,67.5999984741211,67.19999694824219,67.5,4345090
2026-08-05 11:30:00,67.0999984741211,67.4000015258789,67.0,67.3499984741211,4757204
2026-08-05 11:45:00,67.0999984741211,67.19999694824219,67.05000305175781,67.0999984741211,1250796
2026-08-05 12:00:00,67.19999694824219,67.25,67.0,67.0999984741211,2646558
2026-08-05 12:15:00,67.0,67.19999694824219,67.0,67.1500015258789,1739936
2026-08-05 12:30:00,67.05000305175781,67.1500015258789,66.94999694824219,67.05000305175781,1779604
2026-08-05 12:45:00,66.9000015258789,67.1500015258789,66.9000015258789,67.0999984741211,3044340
2026-08-05 13:00:00,66.5999984741211,67.0,66.5,66.9000015258789,5361029
2026-08-05 13:15:00,67.1500015258789,67.1500015258789,66.5999984741211,66.5999984741211,4729713
2026-08-05 13:30:00,67.19999694824219,67.25,67.05000305175781,67.0999984741211,2434165
2026-08-05 13:45:00,67.1500015258789,67.25,67.05000305175781,67.19999694824219,2418372
2026-08-05 14:00:00,67.25,67.30000305175781,66.94999694824219,67.1500015258789,3188975
2026-08-05 14:15:00,67.4000015258789,67.5,67.19999694824219,67.25,4305804
2026-08-05 14:30:00,67.44999694824219,67.5,67.3499984741211,67.44999694824219,2392990
2026-08-05 14:45:00,67.55000305175781,67.6500015258789,67.44999694824219,67.44999694824219,4392889
2026-08-05 15:00:00,67.6500015258789,67.80000305175781,67.5,67.5,4988682
2026-08-05 15:15:00,67.9000015258789,68.05000305175781,67.5999984741211,67.6500015258789,7020575
2026-08-05 15:30:00,67.8499984741211,68.05000305175781,67.75,67.9000015258789,2900251
2026-08-05 15:45:00,67.69999694824219,67.9000015258789,67.6500015258789,67.9000015258789,2962875
2026-08-05 16:00:00,67.69999694824219,67.8499984741211,67.6500015258789,67.6500015258789,1635215
2026-08-05 16:15:00,67.80000305175781,67.80000305175781,67.6500015258789,67.69999694824219,1047108
2026-08-05 16:30:00,67.6500015258789,67.80000305175781,67.55000305175781,67.75,1532534
2026-08-05 16:45:00,67.55000305175781,67.6500015258789,67.4000015258789,67.5999984741211,2004449
2026-08-05 17:00:00,67.75,67.80000305175781,67.4000015258789,67.5,4753807
2026-08-05 17:15:00,67.6500015258789,67.9000015258789,67.55000305175781,67.75,3074938
2026-08-05 17:30:00,67.80000305175781,67.80000305175781,67.5999984741211,67.6500015258789,4300884
2026-08-05 17:45:00,67.55000305175781,67.8499984741211,67.5,67.75,5028816
2026-08-06 09:45:00,67.80000305175781,67.80000305175781,67.80000305175781,67.80000305175781,0
2026-08-06 10:00:00,67.55000305175781,67.94999694824219,67.4000015258789,67.80000305175781,8489262
2026-08-06 10:15:00,67.5,67.8499984741211,67.5,67.5999984741211,4095728
2026-08-06 10:30:00,67.6500015258789,67.6500015258789,67.3499984741211,67.55000305175781,2961931
2026-08-06 10:45:00,67.5999984741211,67.69999694824219,67.44999694824219,67.5999984741211,2504010
2026-08-06 11:00:00,67.55000305175781,67.6500015258789,67.5,67.5999984741211,1885510
2026-08-06 11:15:00,67.8499984741211,67.9000015258789,67.55000305175781,67.55000305175781,1908760
2026-08-06 11:30:00,68.3499984741211,68.4000015258789,67.69999694824219,67.8499984741211,7961641
2026-08-06 11:45:00,68.5999984741211,68.5999984741211,68.0999984741211,68.3499984741211,8185922
2026-08-06 12:00:00,68.19999694824219,68.8499984741211,68.1500015258789,68.5999984741211,8303976
2026-08-06 12:15:00,68.0999984741211,68.1500015258789,67.94999694824219,68.1500015258789,4157134
2026-08-06 12:30:00,68.0,68.19999694824219,67.9000015258789,68.0999984741211,3713595
2026-08-06 12:45:00,68.0,68.0999984741211,67.94999694824219,67.94999694824219,1282253
2026-08-06 13:00:00,68.05000305175781,68.0999984741211,67.8499984741211,68.0,1699550
2026-08-06 13:15:00,68.0,68.0999984741211,67.9000015258789,68.0,950660
2026-08-06 13:30:00,67.9000015258789,68.05000305175781,67.8499984741211,68.0,1674406
2026-08-06 13:45:00,67.8499984741211,67.9000015258789,67.69999694824219,67.9000015258789,3710699
2026-08-06 14:00:00,67.55000305175781,67.9000015258789,67.5,67.8499984741211,11949846
2026-08-06 14:15:00,67.25,67.5999984741211,67.25,67.55000305175781,9281750
2026-08-06 14:30:00,67.5,67.5999984741211,67.0999984741211,67.25,6904970
2026-08-06 14:45:00,67.55000305175781,67.5999984741211,67.4000015258789,67.5,2032603
2026-08-06 15:00:00,67.44999694824219,67.55000305175781,67.4000015258789,67.5,2278417
2026-08-06 15:15:00,67.4000015258789,67.5,67.30000305175781,67.4000015258789,1969861
2026-08-06 15:30:00,67.3499984741211,67.55000305175781,67.30000305175781,67.4000015258789,1224566
2026-08-06 15:45:00,67.05000305175781,67.44999694824219,66.9000015258789,67.3499984741211,5484875
2026-08-06 16:00:00,66.80000305175781,67.0999984741211,66.6500015258789,67.0,4662702
2026-08-06 16:15:00,67.0999984741211,67.0999984741211,66.75,66.75,2243712
2026-08-06 16:30:00,67.05000305175781,67.19999694824219,66.9000015258789,67.05000305175781,2105338
2026-08-06 16:45:00,67.1500015258789,67.25,67.05000305175781,67.0999984741211,2265190
2026-08-06 17:00:00,67.1500015258789,67.19999694824219,67.05000305175781,67.1500015258789,1148653
2026-08-06 17:15:00,67.0999984741211,67.19999694824219,67.0,67.0999984741211,2014554
2026-08-06 17:30:00,67.05000305175781,67.19999694824219,66.94999694824219,67.0999984741211,3107398
2026-08-06 17:45:00,67.05000305175781,67.1500015258789,67.0,67.0999984741211,4245902
2026-08-07 09:45:00,67.25,67.25,67.25,67.25,0
2026-08-07 10:00:00,67.3499984741211,67.5999984741211,67.0999984741211,67.25,7717831
2026-08-07 10:15:00,66.9000015258789,67.4000015258789,66.8499984741211,67.3499984741211,6588151
2026-08-07 10:30:00,66.75,67.05000305175781,66.69999694824219,66.9000015258789,3318761
2026-08-07 10:45:00,66.8499984741211,66.9000015258789,66.55000305175781,66.75,4302493
2026-08-07 11:00:00,66.8499984741211,67.0,66.75,66.8499984741211,2482155
2026-08-07 11:15:00,66.94999694824219,67.05000305175781,66.80000305175781,66.9000015258789,2435268
2026-08-07 11:30:00,66.80000305175781,67.0,66.80000305175781,66.94999694824219,3149305
2026-08-07 11:45:00,66.9000015258789,66.94999694824219,66.69999694824219,66.8499984741211,3248350
2026-08-07 12:00:00,67.05000305175781,67.0999984741211,66.9000015258789,66.9000015258789,1965357
2026-08-07 12:15:00,67.30000305175781,67.3499984741211,67.05000305175781,67.0999984741211,2713463
2026-08-07 12:30:00,67.30000305175781,67.3499984741211,67.25,67.25,1368681
2026-08-07 12:45:00,67.55000305175781,67.5999984741211,67.25,67.30000305175781,3035319
2026-08-07 13:00:00,67.5999984741211,67.6500015258789,67.44999694824219,67.5,1912038
2026-08-07 13:15:00,67.8499984741211,67.9000015258789,67.5999984741211,67.6500015258789,5902336
2026-08-07 13:30:00,67.69999694824219,67.8499984741211,67.6500015258789,67.80000305175781,1201099
2026-08-07 13:45:00,67.80000305175781,67.8499984741211,67.69999694824219,67.75,1438883
2026-08-07 14:00:00,67.80000305175781,67.94999694824219,67.75,67.80000305175781,3184949
2026-08-07 14:15:00,67.75,67.8499984741211,67.69999694824219,67.80000305175781,2070479
2026-08-07 14:30:00,67.6500015258789,67.8499984741211,67.5,67.75,2440747
2026-08-07 14:45:00,67.6500015258789,67.69999694824219,67.5999984741211,67.5999984741211,1061133
2026-08-07 15:00:00,67.30000305175781,67.69999694824219,67.1500015258789,67.69999694824219,3005823
2026-08-07 15:15:00,67.30000305175781,67.4000015258789,67.19999694824219,67.25,1475280
2026-08-07 15:30:00,67.6500015258789,67.69999694824219,67.25,67.25,4925983
2026-08-07 15:45:00,67.3499984741211,67.80000305175781,67.30000305175781,67.69999694824219,2607944
2026-08-07 16:00:00,67.25,67.3499984741211,67.0999984741211,67.3499984741211,2549704
2026-08-07 16:15:00,67.25,67.3499984741211,67.1500015258789,67.19999694824219,1024326
2026-08-07 16:30:00,67.19999694824219,67.30000305175781,67.05000305175781,67.25,3890819
2026-08-07 16:45:00,67.0999984741211,67.25,67.05000305175781,67.25,1148216
2026-08-07 17:00:00,66.80000305175781,67.25,66.75,67.1500015258789,12858200
2026-08-07 17:15:00,67.05000305175781,67.0999984741211,66.75,66.75,11640293
2026-08-07 17:30:00,67.0999984741211,67.0999984741211,66.94999694824219,67.0999984741211,3128394
2026-08-07 17:45:00,67.3499984741211,67.3499984741211,66.94999694824219,67.05000305175781,6037914
2026-08-10 09:45:00,67.9000015258789,67.9000015258789,67.9000015258789,67.9000015258789,0
2026-08-10 10:00:00,67.3499984741211,67.9000015258789,67.1500015258789,67.8499984741211,7129382
2026-08-10 10:15:00,67.5,67.69999694824219,67.1500015258789,67.3499984741211,4239509
2026-08-10 10:30:00,67.19999694824219,67.5,67.05000305175781,67.44999694824219,2830578
2026-08-10 10:45:00,67.4000015258789,67.5,67.0999984741211,67.19999694824219,2853987
2026-08-10 11:00:00,67.4000015258789,67.5,67.25,67.44999694824219,2344839
2026-08-10 11:15:00,67.5,67.5,67.25,67.44999694824219,2147490
2026-08-10 11:30:00,67.6500015258789,67.69999694824219,67.44999694824219,67.5,5766010
2026-08-10 11:45:00,67.55000305175781,67.6500015258789,67.3499984741211,67.6500015258789,2484526
2026-08-10 12:00:00,67.5999984741211,67.6500015258789,67.5,67.55000305175781,2223171
2026-08-10 12:15:00,67.44999694824219,67.6500015258789,67.3499984741211,67.55000305175781,2649385
2026-08-10 12:30:00,67.44999694824219,67.5,67.3499984741211,67.44999694824219,733575
2026-08-10 12:45:00,67.4000015258789,67.5,67.3499984741211,67.4000015258789,817937
2026-08-10 13:00:00,67.5,67.55000305175781,67.3499984741211,67.4000015258789,1049604
2026-08-10 13:15:00,67.55000305175781,67.5999984741211,67.44999694824219,67.5,1314855
2026-08-10 13:30:00,67.55000305175781,67.55000305175781,67.44999694824219,67.55000305175781,924783
2026-08-10 13:45:00,67.4000015258789,67.55000305175781,67.4000015258789,67.5,882203
2026-08-10 14:00:00,67.55000305175781,67.5999984741211,67.3499984741211,67.44999694824219,1672646
2026-08-10 14:15:00,67.44999694824219,67.55000305175781,67.4000015258789,67.55000305175781,841234
2026-08-10 14:30:00,67.3499984741211,67.44999694824219,67.0999984741211,67.44999694824219,2951648
2026-08-10 14:45:00,67.4000015258789,67.44999694824219,67.30000305175781,67.3499984741211,960892
2026-08-10 15:00:00,67.0,67.4000015258789,66.9000015258789,67.4000015258789,4184556
2026-08-10 15:15:00,66.9000015258789,67.0999984741211,66.9000015258789,67.0,4702827
2026-08-10 15:30:00,67.05000305175781,67.19999694824219,66.9000015258789,66.94999694824219,3433917
2026-08-10 15:45:00,66.9000015258789,67.0999984741211,66.8499984741211,67.05000305175781,2259952
2026-08-10 16:00:00,67.0,67.05000305175781,66.80000305175781,66.94999694824219,2495106
2026-08-10 16:15:00,66.9000015258789,67.0999984741211,66.75,67.0,2326353
2026-08-10 16:30:00,66.75,66.9000015258789,66.55000305175781,66.9000015258789,5328559
2026-08-10 16:45:00,66.55000305175781,66.80000305175781,66.44999694824219,66.80000305175781,2777024
2026-08-10 17:00:00,67.05000305175781,67.0999984741211,66.5,66.5,3929008
2026-08-10 17:15:00,67.0999984741211,67.1500015258789,66.9000015258789,67.05000305175781,3758877
2026-08-10 17:30:00,67.0,67.19999694824219,66.94999694824219,67.1500015258789,3833118
2026-08-10 17:45:00,66.9000015258789,67.05000305175781,66.80000305175781,67.0,4119234
2026-08-11 09:45:00,66.44999694824219,66.44999694824219,66.44999694824219,66.44999694824219,0
2026-08-11 10:00:00,65.9000015258789,66.5,65.80000305175781,66.44999694824219,11599065
2026-08-11 10:15:00,64.69999694824219,66.05000305175781,64.4000015258789,65.94999694824219,21820426
2026-08-11 10:30:00,65.19999694824219,65.30000305175781,64.5999984741211,64.69999694824219,8691410
2026-08-11 10:45:00,65.05000305175781,65.25,64.9000015258789,65.19999694824219,6113521
2026-08-11 11:00:00,64.9000015258789,65.05000305175781,64.80000305175781,65.0,2930825
2026-08-11 11:15:00,65.1500015258789,65.25,64.8499984741211,64.9000015258789,2942802
2026-08-11 11:30:00,65.3499984741211,65.44999694824219,65.05000305175781,65.1500015258789,4182690
2026-08-11 11:45:00,65.55000305175781,65.6500015258789,65.30000305175781,65.3499984741211,4513458
2026-08-11 12:00:00,65.44999694824219,65.5999984741211,65.3499984741211,65.5,2437373
2026-08-11 12:15:00,65.19999694824219,65.5,65.19999694824219,65.44999694824219,2997378
2026-08-11 12:30:00,65.3499984741211,65.3499984741211,65.1500015258789,65.19999694824219,976102
2026-08-11 12:45:00,65.25,65.4000015258789,65.0999984741211,65.3499984741211,1143982
2026-08-11 13:00:00,65.3499984741211,65.3499984741211,65.1500015258789,65.25,1869354
2026-08-11 13:15:00,65.55000305175781,65.55000305175781,65.30000305175781,65.3499984741211,1475080
2026-08-11 13:30:00,65.5,65.5999984741211,65.4000015258789,65.55000305175781,1614733
2026-08-11 13:45:00,65.44999694824219,65.55000305175781,65.4000015258789,65.44999694824219,1288393
2026-08-11 14:00:00,66.25,66.25,65.4000015258789,65.44999694824219,9639825
2026-08-11 14:15:00,66.0,66.30000305175781,65.80000305175781,66.19999694824219,4687118
2026-08-11 14:30:00,66.30000305175781,66.55000305175781,65.94999694824219,66.0,10214347
2026-08-11 14:45:00,66.25,66.4000015258789,66.1500015258789,66.30000305175781,3097835
2026-08-11 15:00:00,66.44999694824219,66.5,66.0999984741211,66.19999694824219,4246353
2026-08-11 15:15:00,66.4000015258789,66.5,66.25,66.4000015258789,4373035
2026-08-11 15:30:00,66.5999984741211,66.5999984741211,66.30000305175781,66.4000015258789,4165842
2026-08-11 15:45:00,66.75,66.9000015258789,66.5,66.55000305175781,9466367
2026-08-11 16:00:00,66.5,67.0,66.44999694824219,66.75,9767598
2026-08-11 16:15:00,66.94999694824219,67.0,66.44999694824219,66.55000305175781,5861532
2026-08-11 16:30:00,66.69999694824219,67.0,66.6500015258789,66.94999694824219,6108937
2026-08-11 16:45:00,66.5,66.75,66.44999694824219,66.75,3176035
2026-08-11 17:00:00,66.44999694824219,66.6500015258789,66.3499984741211,66.5,3715853
2026-08-11 17:15:00,66.25,66.5,66.19999694824219,66.44999694824219,2207818
2026-08-11 17:30:00,66.05000305175781,66.30000305175781,66.05000305175781,66.25,3612630
2026-08-11 17:45:00,66.19999694824219,66.3499984741211,66.05000305175781,66.0999984741211,5248150
2026-08-12 09:45:00,66.0,66.0,66.0,66.0,0
2026-08-12 10:00:00,66.5999984741211,66.80000305175781,65.8499984741211,65.94999694824219,13304127
2026-08-12 10:15:00,66.1500015258789,66.5999984741211,66.1500015258789,66.5999984741211,6204292
2026-08-12 10:30:00,66.19999694824219,66.4000015258789,66.0999984741211,66.1500015258789,5288100
2026-08-12 10:45:00,66.3499984741211,66.4000015258789,66.0999984741211,66.19999694824219,3281757
2026-08-12 11:00:00,66.3499984741211,66.5999984741211,66.1500015258789,66.4000015258789,4868971
2026-08-12 11:15:00,66.5999984741211,66.69999694824219,66.19999694824219,66.30000305175781,4309670
2026-08-12 11:30:00,66.6500015258789,66.69999694824219,66.55000305175781,66.5999984741211,2420926
2026-08-12 11:45:00,66.9000015258789,67.0,66.5999984741211,66.6500015258789,6728153
2026-08-12 12:00:00,66.5999984741211,67.1500015258789,66.55000305175781,66.9000015258789,8441277
2026-08-12 12:15:00,66.69999694824219,67.0,66.5,66.5999984741211,5952522
2026-08-12 12:30:00,66.94999694824219,67.1500015258789,66.6500015258789,66.75,8922365
2026-08-12 12:45:00,66.69999694824219,67.0,66.69999694824219,67.0,3396548
2026-08-12 13:00:00,67.05000305175781,67.05000305175781,66.69999694824219,66.75,2685246
2026-08-12 13:15:00,67.25,67.4000015258789,66.94999694824219,67.0,9520996
2026-08-12 13:30:00,67.05000305175781,67.25,67.0,67.19999694824219,2045680
2026-08-12 13:45:00,66.80000305175781,67.0999984741211,66.6500015258789,67.0,4422214
2026-08-12 14:00:00,66.80000305175781,66.8499984741211,66.5999984741211,66.80000305175781,2822495
2026-08-12 14:15:00,66.75,66.8499984741211,66.55000305175781,66.80000305175781,3090251
2026-08-12 14:30:00,66.5999984741211,66.75,66.5,66.75,4112397
2026-08-12 14:45:00,67.0999984741211,67.1500015258789,66.5999984741211,66.5999984741211,5934203
2026-08-12 15:00:00,68.3499984741211,68.5,67.0,67.0999984741211,29387344
2026-08-12 15:15:00,68.69999694824219,69.05000305175781,68.0,68.30000305175781,32393099
2026-08-12 15:30:00,68.25,68.75,67.94999694824219,68.6500015258789,8961821
2026-08-12 15:45:00,68.25,68.3499984741211,68.0999984741211,68.19999694824219,3237058
2026-08-12 16:00:00,68.5,68.6500015258789,68.25,68.30000305175781,5386489
2026-08-12 16:15:00,68.5999984741211,68.80000305175781,68.44999694824219,68.5,5661730
2026-08-12 16:30:00,68.8499984741211,69.0,68.55000305175781,68.5999984741211,6171256
2026-08-12 16:45:00,68.69999694824219,68.9000015258789,68.69999694824219,68.8499984741211,6642662
2026-08-12 17:00:00,68.9000015258789,69.19999694824219,68.69999694824219,68.69999694824219,9051899
2026-08-12 17:15:00,68.9000015258789,68.94999694824219,68.69999694824219,68.9000015258789,3165898
2026-08-12 17:30:00,68.94999694824219,69.0,68.80000305175781,68.9000015258789,5816085
2026-08-12 17:45:00,68.75,68.94999694824219,68.75,68.9000015258789,4568005
2026-08-13 09:45:00,69.0,69.0,69.0,69.0,0
2026-08-13 10:00:00,69.5999984741211,69.69999694824219,68.75,69.0,14453437
2026-08-13 10:15:00,69.6500015258789,69.8499984741211,69.5,69.5999984741211,7352854
2026-08-13 10:30:00,69.8499984741211,69.9000015258789,69.44999694824219,69.6500015258789,4936004
2026-08-13 10:45:00,68.80000305175781,70.05000305175781,68.80000305175781,69.9000015258789,15627330
2026-08-13 11:00:00,69.0999984741211,69.44999694824219,68.55000305175781,68.75,9850135
2026-08-13 11:15:00,69.0999984741211,69.19999694824219,68.9000015258789,69.0999984741211,4192410
2026-08-13 11:30:00,69.0,69.30000305175781,68.9000015258789,69.0999984741211,4646420
2026-08-13 11:45:00,68.80000305175781,69.05000305175781,68.80000305175781,69.0,1360602
2026-08-13 12:00:00,68.8499984741211,68.94999694824219,68.5,68.80000305175781,4706406
2026-08-13 12:15:00,69.0,69.05000305175781,68.75,68.80000305175781,2047519
2026-08-13 12:30:00,68.8499984741211,69.05000305175781,68.75,69.05000305175781,3264058
2026-08-13 12:45:00,68.5999984741211,68.8499984741211,68.5999984741211,68.8499984741211,1594915
2026-08-13 13:00:00,68.44999694824219,68.6500015258789,68.30000305175781,68.6500015258789,3691302
2026-08-13 13:15:00,68.6500015258789,68.75,68.4000015258789,68.4000015258789,2495554
2026-08-13 13:30:00,68.6500015258789,68.80000305175781,68.5,68.6500015258789,2465243
2026-08-13 13:45:00,68.30000305175781,68.69999694824219,68.25,68.5999984741211,3163786
2026-08-13 14:00:00,68.5,68.6500015258789,68.30000305175781,68.30000305175781,1952725
2026-08-13 14:15:00,68.25,68.5999984741211,68.19999694824219,68.5,2712121
2026-08-13 14:30:00,68.6500015258789,68.69999694824219,68.19999694824219,68.30000305175781,6193808
2026-08-13 14:45:00,68.69999694824219,68.80000305175781,68.5,68.69999694824219,3361374
2026-08-13 15:00:00,68.80000305175781,68.8499984741211,68.5999984741211,68.69999694824219,3833802
2026-08-13 15:15:00,68.55000305175781,68.8499984741211,68.44999694824219,68.80000305175781,5661570
2026-08-13 15:30:00,68.69999694824219,68.75,68.44999694824219,68.55000305175781,2198837
2026-08-13 15:45:00,68.75,68.8499984741211,68.5999984741211,68.6500015258789,1658228
2026-08-13 16:00:00,69.0,69.25,68.5999984741211,68.75,7251650
2026-08-13 16:15:00,68.75,69.0,68.6500015258789,68.94999694824219,2691665
2026-08-13 16:30:00,68.75,68.8499984741211,68.55000305175781,68.75,2393286
2026-08-13 16:45:00,68.69999694824219,68.80000305175781,68.5999984741211,68.75,1372485
2026-08-13 17:00:00,68.9000015258789,68.94999694824219,68.69999694824219,68.69999694824219,2189843
2026-08-13 17:15:00,68.8499984741211,68.94999694824219,68.6500015258789,68.9000015258789,2147460
2026-08-13 17:30:00,69.0,69.19999694824219,68.8499984741211,68.8499984741211,7399983
2026-08-13 17:45:00,68.9000015258789,69.05000305175781,68.80000305175781,69.05000305175781,2913526
2026-08-14 09:45:00,69.0,69.0,69.0,69.0,0
2026-08-14 10:00:00,69.3499984741211,69.6500015258789,68.9000015258789,69.05000305175781,11080811
2026-08-14 10:15:00,69.0999984741211,69.4000015258789,69.0999984741211,69.30000305175781,4939026
2026-08-14 10:30:00,69.19999694824219,69.25,68.8499984741211,69.1500015258789,4919890
2026-08-14 10:45:00,69.1500015258789,69.25,68.94999694824219,69.19999694824219,2461272
2026-08-14 11:00:00,69.19999694824219,69.19999694824219,68.94999694824219,69.1500015258789,1873827
2026-08-14 11:15:00,69.1500015258789,69.19999694824219,69.0,69.1500015258789,1398210
2026-08-14 11:30:00,69.3499984741211,69.6500015258789,69.0999984741211,69.1500015258789,7159786
2026-08-14 11:45:00,69.19999694824219,69.55000305175781,69.1500015258789,69.3499984741211,2891875
2026-08-14 12:00:00,69.19999694824219,69.30000305175781,69.0999984741211,69.19999694824219,2967566
2026-08-14 12:15:00,68.80000305175781,69.19999694824219,68.69999694824219,69.19999694824219,4208625
2026-08-14 12:30:00,68.8499984741211,68.8499984741211,68.5999984741211,68.80000305175781,2490754
2026-08-14 12:45:00,68.80000305175781,68.9000015258789,68.75,68.80000305175781,1701183
2026-08-14 13:00:00,69.1500015258789,69.1500015258789,68.75,68.80000305175781,2033985
2026-08-14 13:15:00,69.30000305175781,69.4000015258789,69.0,69.0999984741211,4733918
2026-08-14 13:30:00,69.1500015258789,69.30000305175781,69.0999984741211,69.25,1631947
2026-08-14 13:45:00,69.0999984741211,69.1500015258789,69.0,69.1500015258789,757209
2026-08-14 14:00:00,69.30000305175781,69.44999694824219,69.05000305175781,69.0999984741211,4371171
2026-08-14 14:15:00,69.1500015258789,69.44999694824219,69.1500015258789,69.30000305175781,3472312
2026-08-14 14:30:00,69.19999694824219,69.3499984741211,69.1500015258789,69.19999694824219,2467574
2026-08-14 14:45:00,69.0999984741211,69.19999694824219,69.0,69.19999694824219,3006542
2026-08-14 15:00:00,69.0,69.1500015258789,68.8499984741211,69.0999984741211,2919220
2026-08-14 15:15:00,68.80000305175781,69.0,68.5999984741211,69.0,3531929
2026-08-14 15:30:00,68.80000305175781,69.0999984741211,68.5999984741211,68.80000305175781,5077562
2026-08-14 15:45:00,68.69999694824219,68.80000305175781,68.6500015258789,68.80000305175781,2294703
2026-08-14 16:00:00,68.75,68.80000305175781,68.55000305175781,68.69999694824219,2166038
2026-08-14 16:15:00,69.0,69.05000305175781,68.5999984741211,68.75,3902377
2026-08-14 16:30:00,69.0999984741211,69.1500015258789,68.8499984741211,69.0,9491470
2026-08-14 16:45:00,68.94999694824219,69.0999984741211,68.80000305175781,69.0999984741211,3587927
2026-08-14 17:00:00,69.05000305175781,69.0999984741211,68.9000015258789,68.94999694824219,4242466
2026-08-14 17:15:00,69.0,69.25,69.0,69.05000305175781,6543153
2026-08-14 17:30:00,68.9000015258789,69.0999984741211,68.80000305175781,69.0,3624180
2026-08-14 17:45:00,68.9000015258789,69.05000305175781,68.80000305175781,68.9000015258789,6491792
2026-08-17 09:45:00,68.94999694824219,68.94999694824219,68.94999694824219,68.94999694824219,0
2026-08-17 10:00:00,68.80000305175781,69.1500015258789,68.80000305175781,68.94999694824219,8403158
2026-08-17 10:15:00,68.9000015258789,69.1500015258789,68.75,68.8499984741211,7080553
2026-08-17 10:30:00,68.9000015258789,68.94999694824219,68.5999984741211,68.9000015258789,3758967
2026-08-17 10:45:00,68.9000015258789,69.0,68.75,68.9000015258789,1809727
2026-08-17 11:00:00,68.94999694824219,69.0,68.75,68.8499984741211,2026494
2026-08-17 11:15:00,68.9000015258789,68.94999694824219,68.80000305175781,68.94999694824219,1172714
2026-08-17 11:30:00,68.69999694824219,69.0,68.69999694824219,68.9000015258789,2241400
2026-08-17 11:45:00,68.69999694824219,68.80000305175781,68.69999694824219,68.69999694824219,1106079
2026-08-17 12:00:00,68.80000305175781,68.9000015258789,68.69999694824219,68.75,1623742
2026-08-17 12:15:00,68.80000305175781,68.8499984741211,68.75,68.80000305175781,357588
2026-08-17 12:30:00,68.5999984741211,68.80000305175781,68.55000305175781,68.80000305175781,1579472
2026-08-17 12:45:00,68.75,68.75,68.5,68.5999984741211,1403789
2026-08-17 13:00:00,68.75,68.80000305175781,68.6500015258789,68.75,773680
2026-08-17 13:15:00,69.05000305175781,69.05000305175781,68.69999694824219,68.69999694824219,3424757
2026-08-17 13:30:00,68.5999984741211,69.19999694824219,68.5999984741211,69.05000305175781,4735348
2026-08-17 13:45:00,68.8499984741211,68.9000015258789,68.5999984741211,68.5999984741211,1201652
2026-08-17 14:00:00,68.6500015258789,68.9000015258789,68.5999984741211,68.8499984741211,1928870
2026-08-17 14:15:00,68.4000015258789,68.6500015258789,68.3499984741211,68.5999984741211,3191336
2026-08-17 14:30:00,68.4000015258789,68.55000305175781,68.19999694824219,68.4000015258789,3926944
2026-08-17 14:45:00,68.5,68.5999984741211,68.3499984741211,68.44999694824219,1645279
2026-08-17 15:00:00,68.55000305175781,68.6500015258789,68.5,68.5,961089
2026-08-17 15:15:00,68.5,68.6500015258789,68.44999694824219,68.55000305175781,2014062
2026-08-17 15:30:00,68.55000305175781,68.6500015258789,68.4000015258789,68.44999694824219,2241929
2026-08-17 15:45:00,68.44999694824219,68.5999984741211,68.4000015258789,68.55000305175781,808154
2026-08-17 16:00:00,68.55000305175781,68.5999984741211,68.4000015258789,68.44999694824219,1332543
2026-08-17 16:15:00,68.30000305175781,68.5999984741211,68.30000305175781,68.55000305175781,2757964
2026-08-17 16:30:00,68.44999694824219,68.5,68.30000305175781,68.30000305175781,2029643
2026-08-17 16:45:00,68.55000305175781,68.55000305175781,68.3499984741211,68.44999694824219,1532236
2026-08-17 17:00:00,68.5,68.55000305175781,68.4000015258789,68.55000305175781,1257153
2026-08-17 17:15:00,68.5999984741211,68.6500015258789,68.44999694824219,68.5,2696817
2026-08-17 17:30:00,68.19999694824219,68.6500015258789,68.0,68.5999984741211,5161972
2026-08-17 17:45:00,68.0999984741211,68.25,68.0,68.1500015258789,4722393
2026-08-18 09:45:00,67.5999984741211,67.5999984741211,67.5999984741211,67.5999984741211,0
2026-08-18 10:00:00,68.25,68.4000015258789,67.30000305175781,67.55000305175781,10122506
2026-08-18 10:15:00,68.55000305175781,68.6500015258789,68.25,68.30000305175781,4973398
2026-08-18 10:30:00,68.5,68.80000305175781,68.44999694824219,68.55000305175781,7336698
2026-08-18 10:45:00,68.5,68.55000305175781,68.4000015258789,68.5,2688833
2026-08-18 11:00:00,68.3499984741211,68.5999984741211,68.30000305175781,68.5,2832461
2026-08-18 11:15:00,68.4000015258789,68.5,68.3499984741211,68.4000015258789,1613908
2026-08-18 11:30:00,68.69999694824219,68.80000305175781,68.3499984741211,68.4000015258789,3617701
2026-08-18 11:45:00,68.4000015258789,68.75,68.4000015258789,68.69999694824219,1785700
2026-08-18 12:00:00,68.19999694824219,68.44999694824219,68.05000305175781,68.44999694824219,3644769
2026-08-18 12:15:00,68.3499984741211,68.44999694824219,68.1500015258789,68.1500015258789,1485052
2026-08-18 12:30:00,68.4000015258789,68.55000305175781,68.3499984741211,68.4000015258789,1703378
2026-08-18 12:45:00,68.3499984741211,68.5,68.3499984741211,68.4000015258789,863738
2026-08-18 13:00:00,68.25,68.4000015258789,68.19999694824219,68.3499984741211,1285186
2026-08-18 13:15:00,68.3499984741211,68.3499984741211,68.1500015258789,68.25,938052
2026-08-18 13:30:00,68.1500015258789,68.4000015258789,68.0999984741211,68.3499984741211,1057756
2026-08-18 13:45:00,68.30000305175781,68.30000305175781,68.1500015258789,68.1500015258789,1039251
2026-08-18 14:00:00,68.30000305175781,68.30000305175781,68.0999984741211,68.25,1558339
2026-08-18 14:15:00,68.25,68.30000305175781,68.0999984741211,68.30000305175781,1529277
2026-08-18 14:30:00,68.19999694824219,68.30000305175781,68.0999984741211,68.25,1258249
2026-08-18 14:45:00,68.19999694824219,68.3499984741211,68.1500015258789,68.19999694824219,976087
2026-08-18 15:00:00,68.05000305175781,68.25,67.94999694824219,68.19999694824219,2058040
2026-08-18 15:15:00,68.0,68.19999694824219,67.9000015258789,68.0,1910010
2026-08-18 15:30:00,67.8499984741211,68.0,67.6500015258789,68.0,2279942
2026-08-18 15:45:00,67.75,68.0,67.75,67.8499984741211,2833236
2026-08-18 16:00:00,67.55000305175781,67.80000305175781,67.30000305175781,67.80000305175781,3551288
2026-08-18 16:15:00,67.44999694824219,67.55000305175781,67.19999694824219,67.5,3952106
2026-08-18 16:30:00,67.69999694824219,67.75,67.30000305175781,67.4000015258789,2379429
2026-08-18 16:45:00,67.75,67.75,67.5999984741211,67.6500015258789,1567413
2026-08-18 17:00:00,67.6500015258789,67.8499984741211,67.5999984741211,67.69999694824219,1854452
2026-08-18 17:15:00,67.80000305175781,67.9000015258789,67.6500015258789,67.69999694824219,1996124
2026-08-18 17:30:00,67.69999694824219,68.0,67.69999694824219,67.8499984741211,4267010
2026-08-18 17:45:00,67.6500015258789,67.80000305175781,67.5,67.75,4413971
2026-08-19 09:45:00,67.6500015258789,67.6500015258789,67.6500015258789,67.6500015258789,0
2026-08-19 10:00:00,68.25,68.25,67.30000305175781,67.55000305175781,10560891
2026-08-19 10:15:00,67.94999694824219,68.69999694824219,67.94999694824219,68.19999694824219,10246501
2026-08-19 10:30:00,68.0,68.0999984741211,67.75,68.0,5033506
2026-08-19 10:45:00,68.30000305175781,68.30000305175781,68.0,68.05000305175781,1152715
