Datetime,Close,High,Low,Open,Volume
2026-06-01 09:45:00,8.0,8.0,8.0,8.0,0
2026-06-01 10:00:00,8.069999694824219,8.100000381469727,7.980000019073486,8.010000228881836,1223161
2026-06-01 10:15:00,8.029999732971191,8.079999923706055,8.020000457763672,8.069999694824219,597218
2026-06-01 10:30:00,7.980000019073486,8.029999732971191,7.980000019073486,8.020000457763672,641767
2026-06-01 10:45:00,7.989999771118164,8.010000228881836,7.980000019073486,7.989999771118164,165424
2026-06-01 11:00:00,8.010000228881836,8.020000457763672,8.0,8.0,396576
2026-06-01 11:15:00,8.0,8.020000457763672,7.989999771118164,8.010000228881836,469060
2026-06-01 11:30:00,8.010000228881836,8.010000228881836,7.989999771118164,8.0,145959
2026-06-01 11:45:00,8.0,8.010000228881836,7.989999771118164,8.010000228881836,162651
2026-06-01 12:00:00,8.010000228881836,8.020000457763672,7.989999771118164,8.0,269429
2026-06-01 12:15:00,7.989999771118164,8.010000228881836,7.989999771118164,8.0,143130
2026-06-01 12:30:00,8.020000457763672,8.020000457763672,7.989999771118164,8.0,277796
2026-06-01 12:45:00,8.020000457763672,8.020000457763672,8.0,8.020000457763672,167015
2026-06-01 13:00:00,8.020000457763672,8.020000457763672,8.0,8.020000457763672,165065
2026-06-01 13:15:00,8.010000228881836,8.020000457763672,8.0,8.020000457763672,201562
2026-06-01 13:30:00,8.010000228881836,8.020000457763672,8.0,8.020000457763672,101993
2026-06-01 13:45:00,8.010000228881836,8.010000228881836,8.0,8.0,122331
2026-06-01 14:00:00,8.029999732971191,8.09000015258789,8.0,8.0,1364582
2026-06-01 14:15:00,8.010000228881836,8.029999732971191,8.010000228881836,8.020000457763672,416454
2026-06-01 14:30:00,7.989999771118164,8.0,7.96999979019165,8.0,1065468
2026-06-01 14:45:00,7.989999771118164,8.0,7.96999979019165,7.989999771118164,816107
2026-06-01 15:00:00,7.96999979019165,8.0,7.960000038146973,7.980000019073486,973136
2026-06-01 15:15:00,7.989999771118164,7.989999771118164,7.96999979019165,7.96999979019165,54965
2026-06-01 15:30:00,7.989999771118164,7.989999771118164,7.96999979019165,7.989999771118164,273896
2026-06-01 15:45:00,7.989999771118164,8.010000228881836,7.96999979019165,8.0,845551
2026-06-01 16:00:00,7.960000038146973,8.0,7.949999809265137,7.989999771118164,942561
2026-06-01 16:15:00,7.909999847412109,7.96999979019165,7.909999847412109,7.96999979019165,543197
2026-06-01 16:30:00,7.869999885559082,7.920000076293945,7.849999904632568,7.909999847412109,1710433
2026-06-01 16:45:00,7.860000133514404,7.900000095367432,7.849999904632568,7.869999885559082,1240427
2026-06-01 17:00:00,7.880000114440918,7.889999866485596,7.849999904632568,7.860000133514404,676935
2026-06-01 17:15:00,7.849999904632568,7.889999866485596,7.849999904632568,7.880000114440918,654123
2026-06-01 17:30:00,7.849999904632568,7.869999885559082,7.840000152587891,7.860000133514404,290622
2026-06-01 17:45:00,7.849999904632568,7.880000114440918,7.849999904632568,7.860000133514404,511831
2026-06-02 09:45:00,7.929999828338623,7.929999828338623,7.929999828338623,7.929999828338623,0
2026-06-02 10:00:00,7.960000038146973,7.96999979019165,7.909999847412109,7.929999828338623,1187146
2026-06-02 10:15:00,7.960000038146973,8.010000228881836,7.960000038146973,7.960000038146973,2065926
2026-06-02 10:30:00,8.010000228881836,8.020000457763672,7.949999809265137,7.960000038146973,2085859
2026-06-02 10:45:00,8.039999961853027,8.050000190734863,8.0,8.0,908808
2026-06-02 11:00:00,8.0600004196167,8.0600004196167,8.029999732971191,8.039999961853027,697838
2026-06-02 11:15:00,8.0600004196167,8.09000015258789,8.039999961853027,8.050000190734863,1161443
2026-06-02 11:30:00,8.0600004196167,8.069999694824219,8.050000190734863,8.0600004196167,394115
2026-06-02 11:45:00,8.039999961853027,8.0600004196167,8.039999961853027,8.0600004196167,232374
2026-06-02 12:00:00,8.0600004196167,8.0600004196167,8.039999961853027,8.039999961853027,132226
2026-06-02 12:15:00,8.050000190734863,8.0600004196167,8.039999961853027,8.050000190734863,85787
2026-06-02 12:30:00,8.039999961853027,8.050000190734863,8.039999961853027,8.050000190734863,15997
2026-06-02 12:45:00,8.050000190734863,8.0600004196167,8.039999961853027,8.039999961853027,332739
2026-06-02 13:00:00,8.050000190734863,8.069999694824219,8.050000190734863,8.050000190734863,190390
2026-06-02 13:15:00,8.0600004196167,8.0600004196167,8.050000190734863,8.0600004196167,44234
2026-06-02 13:30:00,8.0600004196167,8.0600004196167,8.050000190734863,8.0600004196167,44474
2026-06-02 13:45:00,8.069999694824219,8.079999923706055,8.0600004196167,8.0600004196167,702860
2026-06-02 14:00:00,8.09000015258789,8.09000015258789,8.0600004196167,8.0600004196167,1541325
2026-06-02 14:15:00,8.079999923706055,8.140000343322754,8.069999694824219,8.09000015258789,2278152
2026-06-02 14:30:00,8.09000015258789,8.09000015258789,8.069999694824219,8.079999923706055,193502
2026-06-02 14:45:00,8.09000015258789,8.100000381469727,8.079999923706055,8.09000015258789,186652
2026-06-02 15:00:00,8.119999885559082,8.130000114440918,8.079999923706055,8.09000015258789,576384
2026-06-02 15:15:00,8.15999984741211,8.180000305175781,8.109999656677246,8.119999885559082,2491597
2026-06-02 15:30:00,8.180000305175781,8.210000038146973,8.149999618530273,8.170000076293945,2256079
2026-06-02 15:45:00,8.199999809265137,8.199999809265137,8.149999618530273,8.180000305175781,1520065
2026-06-02 16:00:00,8.25,8.289999961853027,8.1899995803833,8.1899995803833,2669013
2026-06-02 16:15:00,8.239999771118164,8.260000228881836,8.239999771118164,8.260000228881836,295142
2026-06-02 16:30:00,8.229999542236328,8.239999771118164,8.210000038146973,8.239999771118164,1307768
2026-06-02 16:45:00,8.270000457763672,8.279999732971191,8.229999542236328,8.239999771118164,2086396
2026-06-02 17:00:00,8.270000457763672,8.3100004196167,8.25,8.260000228881836,1025763
2026-06-02 17:15:00,8.260000228881836,8.279999732971191,8.239999771118164,8.270000457763672,336087
2026-06-02 17:30:00,8.220000267028809,8.260000228881836,8.220000267028809,8.260000228881836,1074237
2026-06-02 17:45:00,8.270000457763672,8.289999961853027,8.220000267028809,8.229999542236328,1885190
2026-06-03 09:45:00,8.199999809265137,8.199999809265137,8.199999809265137,8.199999809265137,0
2026-06-03 10:00:00,8.239999771118164,8.260000228881836,8.170000076293945,8.210000038146973,2217678
2026-06-03 10:15:00,8.260000228881836,8.270000457763672,8.199999809265137,8.229999542236328,2081212
2026-06-03 10:30:00,8.3100004196167,8.329999923706055,8.239999771118164,8.25,1643651
2026-06-03 10:45:00,8.350000381469727,8.369999885559082,8.3100004196167,8.3100004196167,882818
2026-06-03 11:00:00,8.350000381469727,8.359999656677246,8.329999923706055,8.359999656677246,393912
2026-06-03 11:15:00,8.34000015258789,8.350000381469727,8.3100004196167,8.34000015258789,314002
2026-06-03 11:30:00,8.319999694824219,8.34000015258789,8.3100004196167,8.34000015258789,125366
2026-06-03 11:45:00,8.270000457763672,8.329999923706055,8.25,8.319999694824219,1121513
2026-06-03 12:00:00,8.270000457763672,8.300000190734863,8.270000457763672,8.270000457763672,249147
2026-06-03 12:15:00,8.279999732971191,8.279999732971191,8.270000457763672,8.279999732971191,70949
2026-06-03 12:30:00,8.270000457763672,8.279999732971191,8.260000228881836,8.270000457763672,121607
2026-06-03 12:45:00,8.25,8.270000457763672,8.25,8.270000457763672,88186
2026-06-03 13:00:00,8.270000457763672,8.289999961853027,8.25,8.260000228881836,215752
2026-06-03 13:15:00,8.25,8.270000457763672,8.239999771118164,8.270000457763672,688417
2026-06-03 13:30:00,8.25,8.270000457763672,8.239999771118164,8.25,351619
2026-06-03 13:45:00,8.260000228881836,8.270000457763672,8.239999771118164,8.25,241257
2026-06-03 14:00:00,8.25,8.270000457763672,8.25,8.260000228881836,54998
2026-06-03 14:15:00,8.239999771118164,8.260000228881836,8.239999771118164,8.260000228881836,169018
2026-06-03 14:30:00,8.270000457763672,8.270000457763672,8.239999771118164,8.239999771118164,244687
2026-06-03 14:45:00,8.279999732971191,8.300000190734863,8.239999771118164,8.270000457763672,531914
2026-06-03 15:00:00,8.239999771118164,8.279999732971191,8.239999771118164,8.279999732971191,284712
2026-06-03 15:15:00,8.279999732971191,8.3100004196167,8.25,8.25,1663540
2026-06-03 15:30:00,8.1899995803833,8.279999732971191,8.1899995803833,8.279999732971191,1411497
2026-06-03 15:45:00,8.229999542236328,8.239999771118164,8.1899995803833,8.199999809265137,1286274
2026-06-03 16:00:00,8.1899995803833,8.239999771118164,8.1899995803833,8.229999542236328,867853
2026-06-03 16:15:00,8.1899995803833,8.220000267028809,8.109999656677246,8.199999809265137,2476613
2026-06-03 16:30:00,8.15999984741211,8.1899995803833,8.149999618530273,8.1899995803833,996541
2026-06-03 16:45:00,8.130000114440918,8.149999618530273,8.109999656677246,8.149999618530273,621847
2026-06-03 17:00:00,8.140000343322754,8.149999618530273,8.130000114440918,8.140000343322754,362317
2026-06-03 17:15:00,8.119999885559082,8.149999618530273,8.109999656677246,8.140000343322754,1176554
2026-06-03 17:30:00,8.119999885559082,8.119999885559082,8.100000381469727,8.119999885559082,653763
2026-06-03 17:45:00,8.119999885559082,8.130000114440918,8.100000381469727,8.109999656677246,767822
2026-06-04 09:45:00,8.149999618530273,8.149999618530273,8.149999618530273,8.149999618530273,0
2026-06-04 10:00:00,8.220000267028809,8.220000267028809,8.15999984741211,8.15999984741211,828832
2026-06-04 10:15:00,8.170000076293945,8.239999771118164,8.15999984741211,8.220000267028809,764798
2026-06-04 10:30:00,8.109999656677246,8.170000076293945,8.09000015258789,8.170000076293945,834389
2026-06-04 10:45:00,8.09000015258789,8.119999885559082,8.09000015258789,8.100000381469727,268980
2026-06-04 11:00:00,8.09000015258789,8.130000114440918,8.069999694824219,8.100000381469727,901085
2026-06-04 11:15:00,8.100000381469727,8.100000381469727,8.0600004196167,8.09000015258789,243723
2026-06-04 11:30:00,8.109999656677246,8.109999656677246,8.069999694824219,8.09000015258789,303643
2026-06-04 11:45:00,8.079999923706055,8.109999656677246,8.079999923706055,8.100000381469727,150667
2026-06-04 12:00:00,8.069999694824219,8.100000381469727,8.0600004196167,8.09000015258789,236251
2026-06-04 12:15:00,8.0600004196167,8.079999923706055,8.039999961853027,8.069999694824219,313484
2026-06-04 12:30:00,8.050000190734863,8.0600004196167,8.029999732971191,8.0600004196167,414176
2026-06-04 12:45:00,8.0600004196167,8.069999694824219,8.039999961853027,8.050000190734863,458130
2026-06-04 13:00:00,8.039999961853027,8.0600004196167,8.029999732971191,8.0600004196167,227405
2026-06-04 13:15:00,8.039999961853027,8.039999961853027,8.029999732971191,8.039999961853027,118866
2026-06-04 13:30:00,8.010000228881836,8.039999961853027,8.0,8.039999961853027,747896
2026-06-04 13:45:00,8.010000228881836,8.029999732971191,8.0,8.010000228881836,261886
2026-06-04 14:00:00,8.010000228881836,8.020000457763672,8.0,8.010000228881836,65117
2026-06-04 14:15:00,8.0600004196167,8.130000114440918,8.010000228881836,8.010000228881836,1309687
2026-06-04 14:30:00,8.079999923706055,8.100000381469727,8.029999732971191,8.0600004196167,762740
2026-06-04 14:45:00,8.079999923706055,8.100000381469727,8.0600004196167,8.079999923706055,1057571
2026-06-04 15:00:00,8.199999809265137,8.220000267028809,8.069999694824219,8.079999923706055,3124279
2026-06-04 15:15:00,8.239999771118164,8.279999732971191,8.170000076293945,8.210000038146973,2681953
2026-06-04 15:30:00,8.229999542236328,8.270000457763672,8.220000267028809,8.229999542236328,1967218
2026-06-04 15:45:00,8.210000038146973,8.239999771118164,8.210000038146973,8.229999542236328,1429440
2026-06-04 16:00:00,8.210000038146973,8.229999542236328,8.199999809265137,8.210000038146973,162975
2026-06-04 16:15:00,8.260000228881836,8.260000228881836,8.199999809265137,8.199999809265137,574368
2026-06-04 16:30:00,8.180000305175781,8.260000228881836,8.180000305175781,8.260000228881836,1478646
2026-06-04 16:45:00,8.199999809265137,8.220000267028809,8.180000305175781,8.180000305175781,1499986
2026-06-04 17:00:00,8.199999809265137,8.210000038146973,8.1899995803833,8.199999809265137,115936
2026-06-04 17:15:00,8.199999809265137,8.199999809265137,8.170000076293945,8.1899995803833,754636
2026-06-04 17:30:00,8.180000305175781,8.210000038146973,8.149999618530273,8.1899995803833,345748
2026-06-04 17:45:00,8.210000038146973,8.210000038146973,8.15999984741211,8.180000305175781,1325277
2026-06-05 09:45:00,8.15999984741211,8.15999984741211,8.15999984741211,8.15999984741211,0
2026-06-05 10:00:00,8.199999809265137,8.220000267028809,8.100000381469727,8.170000076293945,1089974
2026-06-05 10:15:00,8.1899995803833,8.199999809265137,8.170000076293945,8.1899995803833,309431
2026-06-05 10:30:00,8.170000076293945,8.210000038146973,8.130000114440918,8.1899995803833,682410
2026-06-05 10:45:00,8.180000305175781,8.199999809265137,8.149999618530273,8.170000076293945,205098
2026-06-05 11:00:00,8.15999984741211,8.180000305175781,8.130000114440918,8.170000076293945,289192
2026-06-05 11:15:00,8.199999809265137,8.199999809265137,8.149999618530273,8.15999984741211,461706
2026-06-05 11:30:00,8.1899995803833,8.279999732971191,8.1899995803833,8.1899995803833,1364616
2026-06-05 11:45:00,8.180000305175781,8.210000038146973,8.15999984741211,8.1899995803833,839099
2026-06-05 12:00:00,8.170000076293945,8.1899995803833,8.140000343322754,8.180000305175781,1770502
2026-06-05 12:15:00,8.15999984741211,8.170000076293945,8.130000114440918,8.15999984741211,812096
2026-06-05 12:30:00,8.15999984741211,8.180000305175781,8.149999618530273,8.149999618530273,454378
2026-06-05 12:45:00,8.149999618530273,8.180000305175781,8.149999618530273,8.15999984741211,229951
2026-06-05 13:00:00,8.109999656677246,8.15999984741211,8.09000015258789,8.149999618530273,633175
2026-06-05 13:15:00,8.109999656677246,8.119999885559082,8.100000381469727,8.109999656677246,112418
2026-06-05 13:30:00,8.119999885559082,8.119999885559082,8.100000381469727,8.109999656677246,92872
2026-06-05 13:45:00,8.119999885559082,8.130000114440918,8.100000381469727,8.109999656677246,281137
2026-06-05 14:00:00,8.130000114440918,8.140000343322754,8.100000381469727,8.119999885559082,350806
2026-06-05 14:15:00,8.130000114440918,8.130000114440918,8.109999656677246,8.130000114440918,130530
2026-06-05 14:30:00,8.109999656677246,8.140000343322754,8.109999656677246,8.130000114440918,195968
2026-06-05 14:45:00,8.130000114440918,8.130000114440918,8.100000381469727,8.100000381469727,121564
2026-06-05 15:00:00,8.130000114440918,8.130000114440918,8.109999656677246,8.119999885559082,202587
2026-06-05 15:15:00,8.130000114440918,8.130000114440918,8.109999656677246,8.130000114440918,124711
2026-06-05 15:30:00,8.109999656677246,8.130000114440918,8.09000015258789,8.130000114440918,722830
2026-06-05 15:45:00,8.039999961853027,8.119999885559082,8.039999961853027,8.119999885559082,1039443
2026-06-05 16:00:00,8.029999732971191,8.039999961853027,8.010000228881836,8.039999961853027,1508324
2026-06-05 16:15:00,8.029999732971191,8.039999961853027,8.0,8.020000457763672,755648
2026-06-05 16:30:00,8.029999732971191,8.039999961853027,8.010000228881836,8.020000457763672,449002
2026-06-05 16:45:00,7.980000019073486,8.020000457763672,7.980000019073486,8.020000457763672,623549
2026-06-05 17:00:00,7.989999771118164,8.0,7.96999979019165,7.980000019073486,650647
2026-06-05 17:15:00,8.0,8.0,7.980000019073486,7.989999771118164,189148
2026-06-05 17:30:00,7.989999771118164,8.010000228881836,7.980000019073486,7.980000019073486,819017
2026-06-05 17:45:00,8.020000457763672,8.020000457763672,7.96999979019165,8.0,1224840
2026-06-08 09:45:00,7.900000095367432,7.900000095367432,7.900000095367432,7.900000095367432,0
2026-06-08 10:00:00,7.960000038146973,7.960000038146973,7.860000133514404,7.940000057220459,1109231
2026-06-08 10:15:00,7.989999771118164,7.989999771118164,7.940000057220459,7.949999809265137,461697
2026-06-08 10:30:00,8.039999961853027,8.0600004196167,7.980000019073486,7.989999771118164,1047768
2026-06-08 10:45:00,8.020000457763672,8.069999694824219,8.020000457763672,8.050000190734863,588772
2026-06-08 11:00:00,8.010000228881836,8.029999732971191,8.0,8.029999732971191,336416
2026-06-08 11:15:00,8.010000228881836,8.020000457763672,8.0,8.010000228881836,321391
2026-06-08 11:30:00,7.96999979019165,8.010000228881836,7.949999809265137,8.010000228881836,492021
2026-06-08 11:45:00,7.96999979019165,7.980000019073486,7.960000038146973,7.96999979019165,187532
2026-06-08 12:00:00,7.960000038146973,7.96999979019165,7.940000057220459,7.960000038146973,239682
2026-06-08 12:15:00,7.949999809265137,8.0,7.949999809265137,7.960000038146973,311724
2026-06-08 12:30:00,7.949999809265137,7.96999979019165,7.940000057220459,7.940000057220459,281635
2026-06-08 12:45:00,7.940000057220459,7.96999979019165,7.940000057220459,7.960000038146973,236204
2026-06-08 13:00:00,7.949999809265137,7.960000038146973,7.920000076293945,7.940000057220459,123357
2026-06-08 13:15:00,7.940000057220459,7.960000038146973,7.929999828338623,7.949999809265137,38943
2026-06-08 13:30:00,7.96999979019165,7.980000019073486,7.929999828338623,7.940000057220459,400999
2026-06-08 13:45:00,8.0,8.020000457763672,7.960000038146973,7.96999979019165,484599
2026-06-08 14:00:00,8.0600004196167,8.0600004196167,7.980000019073486,8.0,782852
2026-06-08 14:15:00,8.229999542236328,8.229999542236328,8.050000190734863,8.0600004196167,2582631
2026-06-08 14:30:00,8.140000343322754,8.239999771118164,8.119999885559082,8.229999542236328,1944902
2026-06-08 14:45:00,8.15999984741211,8.180000305175781,8.130000114440918,8.140000343322754,1148136
2026-06-08 15:00:00,8.15999984741211,8.170000076293945,8.140000343322754,8.170000076293945,603921
2026-06-08 15:15:00,8.1899995803833,8.199999809265137,8.140000343322754,8.15999984741211,527617
2026-06-08 15:30:00,8.170000076293945,8.220000267028809,8.170000076293945,8.1899995803833,661097
2026-06-08 15:45:00,8.180000305175781,8.1899995803833,8.170000076293945,8.180000305175781,316584
2026-06-08 16:00:00,8.149999618530273,8.180000305175781,8.149999618530273,8.180000305175781,465959
2026-06-08 16:15:00,8.15999984741211,8.180000305175781,8.149999618530273,8.15999984741211,571628
2026-06-08 16:30:00,8.180000305175781,8.1899995803833,8.15999984741211,8.15999984741211,352323
2026-06-08 16:45:00,8.170000076293945,8.199999809265137,8.149999618530273,8.15999984741211,285278
2026-06-08 17:00:00,8.199999809265137,8.239999771118164,8.180000305175781,8.180000305175781,564067
2026-06-08 17:15:00,8.15999984741211,8.199999809265137,8.149999618530273,8.1899995803833,338187
2026-06-08 17:30:00,8.140000343322754,8.180000305175781,8.140000343322754,8.15999984741211,577516
2026-06-08 17:45:00,8.130000114440918,8.180000305175781,8.119999885559082,8.130000114440918,2168892
2026-06-09 09:45:00,8.15999984741211,8.15999984741211,8.15999984741211,8.15999984741211,0
2026-06-09 10:00:00,8.149999618530273,8.220000267028809,8.149999618530273,8.15999984741211,1227448
2026-06-09 10:15:00,8.119999885559082,8.170000076293945,8.100000381469727,8.149999618530273,1540578
2026-06-09 10:30:00,8.100000381469727,8.130000114440918,8.09000015258789,8.119999885559082,516867
2026-06-09 10:45:00,8.119999885559082,8.140000343322754,8.100000381469727,8.109999656677246,587637
2026-06-09 11:00:00,8.109999656677246,8.109999656677246,8.100000381469727,8.109999656677246,160385
2026-06-09 11:15:00,8.119999885559082,8.130000114440918,8.09000015258789,8.100000381469727,654345
2026-06-09 11:30:00,8.130000114440918,8.170000076293945,8.119999885559082,8.119999885559082,1253122
2026-06-09 11:45:00,8.15999984741211,8.220000267028809,8.130000114440918,8.140000343322754,1338715
2026-06-09 12:00:00,8.130000114440918,8.170000076293945,8.130000114440918,8.15999984741211,720784
2026-06-09 12:15:00,8.130000114440918,8.149999618530273,8.109999656677246,8.140000343322754,796839
2026-06-09 12:30:00,8.210000038146973,8.239999771118164,8.119999885559082,8.119999885559082,3264925
2026-06-09 12:45:00,8.170000076293945,8.210000038146973,8.15999984741211,8.210000038146973,577339
2026-06-09 13:00:00,8.170000076293945,8.170000076293945,8.15999984741211,8.170000076293945,609100
2026-06-09 13:15:00,8.15999984741211,8.180000305175781,8.149999618530273,8.170000076293945,396180
2026-06-09 13:30:00,8.130000114440918,8.170000076293945,8.119999885559082,8.15999984741211,716941
2026-06-09 13:45:00,8.130000114440918,8.149999618530273,8.119999885559082,8.119999885559082,331501
2026-06-09 14:00:00,8.140000343322754,8.140000343322754,8.130000114440918,8.140000343322754,366362
2026-06-09 14:15:00,8.140000343322754,8.149999618530273,8.130000114440918,8.140000343322754,422462
2026-06-09 14:30:00,8.109999656677246,8.140000343322754,8.09000015258789,8.140000343322754,1653504
2026-06-09 14:45:00,8.09000015258789,8.109999656677246,8.09000015258789,8.109999656677246,514917
2026-06-09 15:00:00,8.069999694824219,8.09000015258789,8.0600004196167,8.079999923706055,302997
2026-06-09 15:15:00,8.0600004196167,8.09000015258789,8.050000190734863,8.069999694824219,401434
2026-06-09 15:30:00,8.050000190734863,8.0600004196167,8.029999732971191,8.0600004196167,512534
2026-06-09 15:45:00,8.029999732971191,8.050000190734863,8.020000457763672,8.050000190734863,443568
2026-06-09 16:00:00,8.029999732971191,8.039999961853027,8.010000228881836,8.029999732971191,596800
2026-06-09 16:15:00,8.069999694824219,8.069999694824219,8.029999732971191,8.029999732971191,253213
2026-06-09 16:30:00,8.050000190734863,8.069999694824219,8.039999961853027,8.069999694824219,462607
2026-06-09 16:45:00,8.010000228881836,8.069999694824219,7.980000019073486,8.050000190734863,4432418
2026-06-09 17:00:00,8.0,8.020000457763672,7.989999771118164,8.010000228881836,596284
2026-06-09 17:15:00,8.069999694824219,8.09000015258789,7.989999771118164,8.0,1736500
2026-06-09 17:30:00,8.039999961853027,8.09000015258789,8.039999961853027,8.0600004196167,981230
2026-06-09 17:45:00,8.029999732971191,8.050000190734863,8.010000228881836,8.050000190734863,1667715
2026-06-10 09:45:00,8.069999694824219,8.069999694824219,8.069999694824219,8.069999694824219,0
2026-06-10 10:00:00,8.039999961853027,8.069999694824219,7.96999979019165,8.050000190734863,1944017
2026-06-10 10:15:00,8.010000228881836,8.039999961853027,8.0,8.039999961853027,488182
2026-06-10 10:30:00,8.0,8.010000228881836,7.989999771118164,8.010000228881836,534804
2026-06-10 10:45:00,8.0,8.010000228881836,7.989999771118164,8.010000228881836,249584
2026-06-10 11:00:00,7.989999771118164,8.010000228881836,7.980000019073486,8.0,507458
2026-06-10 11:15:00,7.960000038146973,7.989999771118164,7.960000038146973,7.980000019073486,400302
2026-06-10 11:30:00,7.909999847412109,7.96999979019165,7.900000095367432,7.949999809265137,1272657
2026-06-10 11:45:00,7.880000114440918,7.909999847412109,7.880000114440918,7.909999847412109,635667
2026-06-10 12:00:00,7.889999866485596,7.900000095367432,7.869999885559082,7.889999866485596,412723
2026-06-10 12:15:00,7.909999847412109,7.909999847412109,7.869999885559082,7.889999866485596,347160
2026-06-10 12:30:00,7.920000076293945,7.940000057220459,7.909999847412109,7.909999847412109,803210
2026-06-10 12:45:00,7.949999809265137,7.960000038146973,7.920000076293945,7.920000076293945,344742
2026-06-10 13:00:00,7.929999828338623,7.949999809265137,7.929999828338623,7.940000057220459,307001
2026-06-10 13:15:00,7.920000076293945,7.940000057220459,7.909999847412109,7.929999828338623,261982
2026-06-10 13:30:00,7.929999828338623,7.929999828338623,7.909999847412109,7.909999847412109,199235
2026-06-10 13:45:00,7.909999847412109,7.929999828338623,7.900000095367432,7.929999828338623,142047
2026-06-10 14:00:00,7.900000095367432,7.920000076293945,7.880000114440918,7.909999847412109,429593
2026-06-10 14:15:00,7.889999866485596,7.900000095367432,7.869999885559082,7.889999866485596,277064
2026-06-10 14:30:00,7.869999885559082,7.889999866485596,7.840000152587891,7.889999866485596,499629
2026-06-10 14:45:00,7.880000114440918,7.889999866485596,7.860000133514404,7.869999885559082,267493
2026-06-10 15:00:00,7.880000114440918,7.889999866485596,7.869999885559082,7.889999866485596,158083
2026-06-10 15:15:00,7.900000095367432,7.909999847412109,7.869999885559082,7.869999885559082,427923
2026-06-10 15:30:00,7.920000076293945,7.949999809265137,7.900000095367432,7.900000095367432,895665
2026-06-10 15:45:00,7.920000076293945,7.940000057220459,7.920000076293945,7.920000076293945,190881
2026-06-10 16:00:00,7.940000057220459,7.940000057220459,7.909999847412109,7.929999828338623,288699
2026-06-10 16:15:00,7.940000057220459,7.940000057220459,7.920000076293945,7.940000057220459,144270
2026-06-10 16:30:00,7.949999809265137,7.949999809265137,7.929999828338623,7.940000057220459,439201
2026-06-10 16:45:00,7.929999828338623,7.96999979019165,7.920000076293945,7.949999809265137,659473
2026-06-10 17:00:00,7.920000076293945,7.940000057220459,7.920000076293945,7.929999828338623,207339
2026-06-10 17:15:00,7.900000095367432,7.929999828338623,7.900000095367432,7.929999828338623,464005
2026-06-10 17:30:00,7.920000076293945,7.920000076293945,7.900000095367432,7.900000095367432,409557
2026-06-10 17:45:00,7.909999847412109,7.940000057220459,7.900000095367432,7.909999847412109,924512
2026-06-11 09:45:00,7.909999847412109,7.909999847412109,7.909999847412109,7.909999847412109,0
2026-06-11 10:00:00,7.940000057220459,7.960000038146973,7.920000076293945,7.920000076293945,716769
2026-06-11 10:15:00,7.980000019073486,7.989999771118164,7.940000057220459,7.949999809265137,1164110
2026-06-11 10:30:00,7.960000038146973,7.980000019073486,7.960000038146973,7.96999979019165,518560
2026-06-11 10:45:00,8.0,8.010000228881836,7.949999809265137,7.960000038146973,1056124
2026-06-11 11:00:00,8.0,8.010000228881836,7.989999771118164,8.0,140107
2026-06-11 11:15:00,7.989999771118164,8.010000228881836,7.989999771118164,8.0,300225
2026-06-11 11:30:00,7.989999771118164,7.989999771118164,7.980000019073486,7.989999771118164,240814
2026-06-11 11:45:00,7.96999979019165,7.989999771118164,7.960000038146973,7.980000019073486,907959
2026-06-11 12:00:00,7.960000038146973,7.96999979019165,7.940000057220459,7.96999979019165,524431
2026-06-11 12:15:00,7.940000057220459,7.960000038146973,7.940000057220459,7.949999809265137,160097
2026-06-11 12:30:00,7.949999809265137,7.960000038146973,7.940000057220459,7.949999809265137,159165
2026-06-11 12:45:00,7.920000076293945,7.96999979019165,7.900000095367432,7.960000038146973,1855876
2026-06-11 13:00:00,7.909999847412109,7.929999828338623,7.869999885559082,7.920000076293945,846731
2026-06-11 13:15:00,7.920000076293945,7.980000019073486,7.900000095367432,7.909999847412109,343849
2026-06-11 13:30:00,7.940000057220459,7.949999809265137,7.920000076293945,7.920000076293945,202147
2026-06-11 13:45:00,7.96999979019165,7.96999979019165,7.929999828338623,7.940000057220459,416694
2026-06-11 14:00:00,7.949999809265137,7.989999771118164,7.940000057220459,7.960000038146973,993874
2026-06-11 14:15:00,8.020000457763672,8.020000457763672,7.949999809265137,7.949999809265137,312515
2026-06-11 14:30:00,7.980000019073486,8.039999961853027,7.96999979019165,8.020000457763672,971408
2026-06-11 14:45:00,7.980000019073486,8.0,7.920000076293945,7.96999979019165,613465
2026-06-11 15:00:00,7.989999771118164,8.029999732971191,7.96999979019165,7.96999979019165,1341632
2026-06-11 15:15:00,7.909999847412109,8.0,7.909999847412109,7.989999771118164,1166494
2026-06-11 15:30:00,7.889999866485596,7.960000038146973,7.869999885559082,7.920000076293945,1003369
2026-06-11 15:45:00,7.909999847412109,7.909999847412109,7.880000114440918,7.889999866485596,920061
2026-06-11 16:00:00,7.909999847412109,7.929999828338623,7.889999866485596,7.900000095367432,503309
2026-06-11 16:15:00,7.900000095367432,7.929999828338623,7.880000114440918,7.920000076293945,231329
2026-06-11 16:30:00,7.960000038146973,7.960000038146973,7.889999866485596,7.900000095367432,677821
2026-06-11 16:45:00,7.949999809265137,7.960000038146973,7.940000057220459,7.960000038146973,146466
2026-06-11 17:00:00,7.920000076293945,7.960000038146973,7.920000076293945,7.949999809265137,361057
2026-06-11 17:15:00,7.949999809265137,7.960000038146973,7.920000076293945,7.929999828338623,499781
2026-06-11 17:30:00,7.96999979019165,8.0,7.949999809265137,7.949999809265137,422248
2026-06-11 17:45:00,8.0,8.020000457763672,7.940000057220459,7.980000019073486,1435304
2026-06-12 09:45:00,8.149999618530273,8.149999618530273,8.149999618530273,8.149999618530273,0
2026-06-12 10:00:00,8.140000343322754,8.25,8.130000114440918,8.149999618530273,5011004
2026-06-12 10:15:00,8.119999885559082,8.15999984741211,8.109999656677246,8.149999618530273,810645
2026-06-12 10:30:00,8.109999656677246,8.119999885559082,8.100000381469727,8.119999885559082,1063114
2026-06-12 10:45:00,8.100000381469727,8.119999885559082,8.069999694824219,8.109999656677246,623189
2026-06-12 11:00:00,8.300000190734863,8.300000190734863,8.100000381469727,8.100000381469727,5339926
2026-06-12 11:15:00,8.289999961853027,8.350000381469727,8.270000457763672,8.289999961853027,4631849
2026-06-12 11:30:00,8.390000343322754,8.399999618530273,8.260000228881836,8.289999961853027,3992548
2026-06-12 11:45:00,8.430000305175781,8.460000038146973,8.399999618530273,8.399999618530273,4992332
2026-06-12 12:00:00,8.460000038146973,8.460000038146973,8.390000343322754,8.430000305175781,2310719
2026-06-12 12:15:00,8.579999923706055,8.59000015258789,8.430000305175781,8.460000038146973,4172460
2026-06-12 12:30:00,8.550000190734863,8.579999923706055,8.539999961853027,8.579999923706055,1036735
2026-06-12 12:45:00,8.489999771118164,8.5600004196167,8.479999542236328,8.550000190734863,1100630
2026-06-12 13:00:00,8.5,8.5,8.470000267028809,8.489999771118164,744828
2026-06-12 13:15:00,8.449999809265137,8.5,8.4399995803833,8.5,558582
2026-06-12 13:30:00,8.430000305175781,8.470000267028809,8.420000076293945,8.449999809265137,584598
2026-06-12 13:45:00,8.470000267028809,8.479999542236328,8.420000076293945,8.430000305175781,882470
2026-06-12 14:00:00,8.510000228881836,8.520000457763672,8.460000038146973,8.470000267028809,613427
2026-06-12 14:15:00,8.510000228881836,8.529999732971191,8.5,8.520000457763672,416150
2026-06-12 14:30:00,8.510000228881836,8.520000457763672,8.470000267028809,8.5,998324
2026-06-12 14:45:00,8.569999694824219,8.619999885559082,8.5,8.510000228881836,2515716
2026-06-12 15:00:00,8.569999694824219,8.600000381469727,8.539999961853027,8.569999694824219,1165660
2026-06-12 15:15:00,8.579999923706055,8.600000381469727,8.5600004196167,8.5600004196167,635112
2026-06-12 15:30:00,8.579999923706055,8.59000015258789,8.5600004196167,8.569999694824219,415607
2026-06-12 15:45:00,8.510000228881836,8.59000015258789,8.5,8.579999923706055,1277180
2026-06-12 16:00:00,8.5,8.510000228881836,8.479999542236328,8.5,816545
2026-06-12 16:15:00,8.529999732971191,8.529999732971191,8.489999771118164,8.489999771118164,688873
2026-06-12 16:30:00,8.5,8.5600004196167,8.5,8.529999732971191,1496355
2026-06-12 16:45:00,8.40999984741211,8.520000457763672,8.40999984741211,8.520000457763672,5048118
2026-06-12 17:00:00,8.399999618530273,8.4399995803833,8.390000343322754,8.399999618530273,1304785
2026-06-12 17:15:00,8.449999809265137,8.5,8.350000381469727,8.390000343322754,2750617
2026-06-12 17:30:00,8.619999885559082,8.630000114440918,8.449999809265137,8.449999809265137,4190450
2026-06-12 17:45:00,8.699999809265137,8.699999809265137,8.609999656677246,8.630000114440918,4388111
2026-06-15 09:45:00,9.100000381469727,9.100000381469727,9.100000381469727,9.100000381469727,0
2026-06-15 10:00:00,9.0,9.149999618530273,8.90999984741211,9.100000381469727,7710415
2026-06-15 10:15:00,8.970000267028809,9.010000228881836,8.9399995803833,9.010000228881836,2077324
2026-06-15 10:30:00,8.970000267028809,9.010000228881836,8.949999809265137,8.970000267028809,935862
2026-06-15 10:45:00,8.970000267028809,8.979999542236328,8.960000038146973,8.960000038146973,488626
2026-06-15 11:00:00,8.949999809265137,8.970000267028809,8.9399995803833,8.960000038146973,924483
2026-06-15 11:15:00,8.930000305175781,8.9399995803833,8.90999984741211,8.9399995803833,558472
2026-06-15 11:30:00,8.920000076293945,8.9399995803833,8.90999984741211,8.930000305175781,529821
2026-06-15 11:45:00,8.970000267028809,8.979999542236328,8.920000076293945,8.930000305175781,1008937
2026-06-15 12:00:00,8.960000038146973,8.970000267028809,8.960000038146973,8.970000267028809,564404
2026-06-15 12:15:00,8.979999542236328,8.989999771118164,8.960000038146973,8.960000038146973,436561
2026-06-15 12:30:00,8.960000038146973,8.989999771118164,8.960000038146973,8.970000267028809,469767
2026-06-15 12:45:00,8.979999542236328,8.979999542236328,8.960000038146973,8.970000267028809,589906
2026-06-15 13:00:00,8.960000038146973,8.979999542236328,8.960000038146973,8.979999542236328,306961
2026-06-15 13:15:00,8.960000038146973,8.970000267028809,8.960000038146973,8.960000038146973,156162
2026-06-15 13:30:00,8.960000038146973,8.970000267028809,8.960000038146973,8.970000267028809,537701
2026-06-15 13:45:00,8.960000038146973,8.989999771118164,8.9399995803833,8.960000038146973,1703880
2026-06-15 14:00:00,8.949999809265137,8.979999542236328,8.949999809265137,8.979999542236328,511970
2026-06-15 14:15:00,8.920000076293945,8.949999809265137,8.90999984741211,8.949999809265137,1349645
2026-06-15 14:30:00,8.90999984741211,8.9399995803833,8.90999984741211,8.920000076293945,542156
2026-06-15 14:45:00,8.920000076293945,8.9399995803833,8.90999984741211,8.90999984741211,515025
2026-06-15 15:00:00,8.899999618530273,8.930000305175781,8.899999618530273,8.920000076293945,535245
2026-06-15 15:15:00,8.869999885559082,8.90999984741211,8.859999656677246,8.899999618530273,941044
2026-06-15 15:30:00,8.880000114440918,8.899999618530273,8.869999885559082,8.869999885559082,659029
2026-06-15 15:45:00,8.880000114440918,8.90999984741211,8.880000114440918,8.880000114440918,760938
2026-06-15 16:00:00,8.869999885559082,8.890000343322754,8.869999885559082,8.880000114440918,450239
2026-06-15 16:15:00,8.869999885559082,8.890000343322754,8.869999885559082,8.880000114440918,476329
2026-06-15 16:30:00,8.869999885559082,8.890000343322754,8.859999656677246,8.880000114440918,313886
2026-06-15 16:45:00,8.869999885559082,8.890000343322754,8.869999885559082,8.880000114440918,332335
2026-06-15 17:00:00,8.859999656677246,8.880000114440918,8.850000381469727,8.869999885559082,586152
2026-06-15 17:15:00,8.869999885559082,8.869999885559082,8.850000381469727,8.859999656677246,604926
2026-06-15 17:30:00,8.869999885559082,8.899999618530273,8.859999656677246,8.869999885559082,756070
2026-06-15 17:45:00,8.869999885559082,8.90999984741211,8.869999885559082,8.880000114440918,1643328
2026-06-16 09:45:00,8.880000114440918,8.880000114440918,8.880000114440918,8.880000114440918,0
2026-06-16 10:00:00,8.850000381469727,8.890000343322754,8.829999923706055,8.880000114440918,881326
2026-06-16 10:15:00,8.850000381469727,8.859999656677246,8.84000015258789,8.850000381469727,515201
2026-06-16 10:30:00,8.789999961853027,8.859999656677246,8.789999961853027,8.850000381469727,656957
2026-06-16 10:45:00,8.800000190734863,8.8100004196167,8.75,8.789999961853027,707919
2026-06-16 11:00:00,8.8100004196167,8.829999923706055,8.789999961853027,8.789999961853027,740167
2026-06-16 11:15:00,8.829999923706055,8.880000114440918,8.8100004196167,8.819999694824219,676419
2026-06-16 11:30:00,8.819999694824219,8.850000381469727,8.819999694824219,8.829999923706055,140468
2026-06-16 11:45:00,8.829999923706055,8.84000015258789,8.8100004196167,8.819999694824219,191849
2026-06-16 12:00:00,8.819999694824219,8.84000015258789,8.8100004196167,8.829999923706055,360995
2026-06-16 12:15:00,8.819999694824219,8.829999923706055,8.8100004196167,8.829999923706055,164438
2026-06-16 12:30:00,8.819999694824219,8.829999923706055,8.819999694824219,8.829999923706055,130928
2026-06-16 12:45:00,8.8100004196167,8.819999694824219,8.8100004196167,8.819999694824219,112168
2026-06-16 13:00:00,8.779999732971191,8.819999694824219,8.770000457763672,8.819999694824219,292992
2026-06-16 13:15:00,8.770000457763672,8.789999961853027,8.760000228881836,8.779999732971191,672100
2026-06-16 13:30:00,8.779999732971191,8.779999732971191,8.770000457763672,8.779999732971191,171962
2026-06-16 13:45:00,8.779999732971191,8.779999732971191,8.760000228881836,8.779999732971191,173770
2026-06-16 14:00:00,8.789999961853027,8.789999961853027,8.770000457763672,8.779999732971191,368609
2026-06-16 14:15:00,8.800000190734863,8.800000190734863,8.789999961853027,8.789999961853027,260408
2026-06-16 14:30:00,8.770000457763672,8.800000190734863,8.770000457763672,8.800000190734863,242342
2026-06-16 14:45:00,8.729999542236328,8.770000457763672,8.720000267028809,8.770000457763672,450220
2026-06-16 15:00:00,8.729999542236328,8.739999771118164,8.720000267028809,8.729999542236328,268319
2026-06-16 15:15:00,8.670000076293945,8.729999542236328,8.65999984741211,8.729999542236328,1314696
2026-06-16 15:30:00,8.720000267028809,8.739999771118164,8.649999618530273,8.670000076293945,987914
2026-06-16 15:45:00,8.6899995803833,8.720000267028809,8.680000305175781,8.720000267028809,467727
2026-06-16 16:00:00,8.699999809265137,8.710000038146973,8.680000305175781,8.6899995803833,278111
2026-06-16 16:15:00,8.710000038146973,8.710000038146973,8.680000305175781,8.699999809265137,425682
2026-06-16 16:30:00,8.699999809265137,8.720000267028809,8.670000076293945,8.710000038146973,798770
2026-06-16 16:45:00,8.699999809265137,8.710000038146973,8.6899995803833,8.710000038146973,309047
2026-06-16 17:00:00,8.680000305175781,8.710000038146973,8.670000076293945,8.699999809265137,893965
2026-06-16 17:15:00,8.65999984741211,8.680000305175781,8.649999618530273,8.670000076293945,922942
2026-06-16 17:30:00,8.670000076293945,8.6899995803833,8.649999618530273,8.65999984741211,515333
2026-06-16 17:45:00,8.65999984741211,8.670000076293945,8.630000114440918,8.670000076293945,1150565
2026-06-17 09:45:00,8.710000038146973,8.710000038146973,8.710000038146973,8.710000038146973,0
2026-06-17 10:00:00,8.640000343322754,8.720000267028809,8.630000114440918,8.710000038146973,973146
2026-06-17 10:15:00,8.670000076293945,8.680000305175781,8.619999885559082,8.640000343322754,608201
2026-06-17 10:30:00,8.680000305175781,8.680000305175781,8.65999984741211,8.670000076293945,399691
2026-06-17 10:45:00,8.65999984741211,8.680000305175781,8.649999618530273,8.680000305175781,398718
2026-06-17 11:00:00,8.65999984741211,8.680000305175781,8.649999618530273,8.670000076293945,152776
2026-06-17 11:15:00,8.670000076293945,8.670000076293945,8.649999618530273,8.65999984741211,170401
2026-06-17 11:30:00,8.640000343322754,8.670000076293945,8.630000114440918,8.670000076293945,456898
2026-06-17 11:45:00,8.65999984741211,8.65999984741211,8.640000343322754,8.649999618530273,210405
2026-06-17 12:00:00,8.630000114440918,8.65999984741211,8.619999885559082,8.65999984741211,248786
2026-06-17 12:15:00,8.640000343322754,8.649999618530273,8.619999885559082,8.640000343322754,239356
2026-06-17 12:30:00,8.640000343322754,8.649999618530273,8.630000114440918,8.640000343322754,140687
2026-06-17 12:45:00,8.630000114440918,8.640000343322754,8.609999656677246,8.640000343322754,281535
2026-06-17 13:00:00,8.630000114440918,8.630000114440918,8.609999656677246,8.630000114440918,158873
2026-06-17 13:15:00,8.619999885559082,8.649999618530273,8.619999885559082,8.640000343322754,417001
2026-06-17 13:30:00,8.640000343322754,8.640000343322754,8.619999885559082,8.630000114440918,28591
2026-06-17 13:45:00,8.619999885559082,8.640000343322754,8.619999885559082,8.640000343322754,155659
2026-06-17 14:00:00,8.619999885559082,8.630000114440918,8.619999885559082,8.630000114440918,248298
2026-06-17 14:15:00,8.59000015258789,8.630000114440918,8.579999923706055,8.619999885559082,413201
2026-06-17 14:30:00,8.59000015258789,8.59000015258789,8.569999694824219,8.579999923706055,195033
2026-06-17 14:45:00,8.579999923706055,8.600000381469727,8.569999694824219,8.600000381469727,183951
2026-06-17 15:00:00,8.59000015258789,8.609999656677246,8.569999694824219,8.569999694824219,152223
2026-06-17 15:15:00,8.579999923706055,8.600000381469727,8.579999923706055,8.59000015258789,31213
2026-06-17 15:30:00,8.579999923706055,8.600000381469727,8.579999923706055,8.600000381469727,137803
2026-06-17 15:45:00,8.579999923706055,8.600000381469727,8.569999694824219,8.579999923706055,253381
2026-06-17 16:00:00,8.579999923706055,8.579999923706055,8.569999694824219,8.569999694824219,210131
2026-06-17 16:15:00,8.630000114440918,8.649999618530273,8.569999694824219,8.579999923706055,1027709
2026-06-17 16:30:00,8.649999618530273,8.670000076293945,8.619999885559082,8.640000343322754,1186885
2026-06-17 16:45:00,8.59000015258789,8.65999984741211,8.579999923706055,8.649999618530273,1372668
2026-06-17 17:00:00,8.550000190734863,8.579999923706055,8.539999961853027,8.579999923706055,548484
2026-06-17 17:15:00,8.550000190734863,8.5600004196167,8.529999732971191,8.5600004196167,454617
2026-06-17 17:30:00,8.579999923706055,8.579999923706055,8.550000190734863,8.550000190734863,378642
2026-06-17 17:45:00,8.600000381469727,8.609999656677246,8.569999694824219,8.569999694824219,789360
2026-06-18 09:45:00,8.609999656677246,8.609999656677246,8.609999656677246,8.609999656677246,0
2026-06-18 10:00:00,8.710000038146973,8.720000267028809,8.619999885559082,8.619999885559082,967612
2026-06-18 10:15:00,8.670000076293945,8.720000267028809,8.65999984741211,8.710000038146973,256443
2026-06-18 10:30:00,8.8100004196167,8.829999923706055,8.680000305175781,8.680000305175781,1579243
2026-06-18 10:45:00,8.800000190734863,8.829999923706055,8.779999732971191,8.8100004196167,2124079
2026-06-18 11:00:00,8.8100004196167,8.819999694824219,8.789999961853027,8.800000190734863,547402
2026-06-18 11:15:00,8.84000015258789,8.84000015258789,8.8100004196167,8.8100004196167,794540
2026-06-18 11:30:00,8.859999656677246,8.859999656677246,8.829999923706055,8.84000015258789,840934
2026-06-18 11:45:00,8.829999923706055,8.859999656677246,8.829999923706055,8.850000381469727,478989
2026-06-18 12:00:00,8.829999923706055,8.84000015258789,8.829999923706055,8.829999923706055,342984
2026-06-18 12:15:00,8.819999694824219,8.84000015258789,8.819999694824219,8.829999923706055,482083
2026-06-18 12:30:00,8.819999694824219,8.829999923706055,8.8100004196167,8.819999694824219,591528
2026-06-18 12:45:00,8.819999694824219,8.829999923706055,8.8100004196167,8.819999694824219,240332
2026-06-18 13:00:00,8.819999694824219,8.829999923706055,8.8100004196167,8.819999694824219,75031
2026-06-18 13:15:00,8.8100004196167,8.819999694824219,8.800000190734863,8.819999694824219,260419
2026-06-18 13:30:00,8.75,8.8100004196167,8.75,8.800000190734863,602293
2026-06-18 13:45:00,8.739999771118164,8.760000228881836,8.720000267028809,8.75,821241
2026-06-18 14:00:00,8.720000267028809,8.75,8.6899995803833,8.739999771118164,1019170
2026-06-18 14:15:00,8.720000267028809,8.729999542236328,8.699999809265137,8.720000267028809,654064
2026-06-18 14:30:00,8.710000038146973,8.729999542236328,8.710000038146973,8.720000267028809,138932
2026-06-18 14:45:00,8.720000267028809,8.720000267028809,8.699999809265137,8.720000267028809,104721
2026-06-18 15:00:00,8.729999542236328,8.729999542236328,8.710000038146973,8.720000267028809,208377
2026-06-18 15:15:00,8.729999542236328,8.729999542236328,8.710000038146973,8.729999542236328,136593
2026-06-18 15:30:00,8.729999542236328,8.739999771118164,8.710000038146973,8.729999542236328,225121
2026-06-18 15:45:00,8.75,8.760000228881836,8.720000267028809,8.720000267028809,580228
2026-06-18 16:00:00,8.760000228881836,8.779999732971191,8.75,8.75,782223
2026-06-18 16:15:00,8.779999732971191,8.779999732971191,8.760000228881836,8.760000228881836,243145
2026-06-18 16:30:00,8.789999961853027,8.800000190734863,8.770000457763672,8.779999732971191,501426
2026-06-18 16:45:00,8.789999961853027,8.800000190734863,8.770000457763672,8.779999732971191,541935
2026-06-18 17:00:00,8.779999732971191,8.789999961853027,8.779999732971191,8.789999961853027,442572
2026-06-18 17:15:00,8.789999961853027,8.819999694824219,8.779999732971191,8.789999961853027,1384010
2026-06-18 17:30:00,8.770000457763672,8.789999961853027,8.760000228881836,8.789999961853027,1041975
2026-06-18 17:45:00,8.779999732971191,8.800000190734863,8.770000457763672,8.779999732971191,1950136
2026-06-19 09:45:00,8.739999771118164,8.739999771118164,8.739999771118164,8.739999771118164,0
2026-06-19 10:00:00,8.75,8.760000228881836,8.640000343322754,8.739999771118164,1848269
2026-06-19 10:15:00,8.699999809265137,8.770000457763672,8.680000305175781,8.760000228881836,759250
2026-06-19 10:30:00,8.6899995803833,8.699999809265137,8.65999984741211,8.6899995803833,905708
2026-06-19 10:45:00,8.6899995803833,8.699999809265137,8.680000305175781,8.6899995803833,363437
2026-06-19 11:00:00,8.699999809265137,8.710000038146973,8.680000305175781,8.6899995803833,342624
2026-06-19 11:15:00,8.680000305175781,8.710000038146973,8.65999984741211,8.699999809265137,429032
2026-06-19 11:30:00,8.649999618530273,8.680000305175781,8.630000114440918,8.670000076293945,997884
2026-06-19 11:45:00,8.680000305175781,8.6899995803833,8.649999618530273,8.65999984741211,443011
2026-06-19 12:00:00,8.649999618530273,8.680000305175781,8.640000343322754,8.680000305175781,616559
2026-06-19 12:15:00,8.649999618530273,8.65999984741211,8.640000343322754,8.649999618530273,445099
2026-06-19 12:30:00,8.640000343322754,8.649999618530273,8.630000114440918,8.649999618530273,256300
2026-06-19 12:45:00,8.649999618530273,8.65999984741211,8.630000114440918,8.630000114440918,382905
2026-06-19 13:00:00,8.630000114440918,8.649999618530273,8.609999656677246,8.649999618530273,489630
2026-06-19 13:15:00,8.609999656677246,8.630000114440918,8.609999656677246,8.619999885559082,126868
2026-06-19 13:30:00,8.59000015258789,8.619999885559082,8.579999923706055,8.619999885559082,463475
2026-06-19 13:45:00,8.59000015258789,8.600000381469727,8.579999923706055,8.59000015258789,303077
2026-06-19 14:00:00,8.630000114440918,8.640000343322754,8.579999923706055,8.579999923706055,910511
2026-06-19 14:15:00,8.609999656677246,8.630000114440918,8.59000015258789,8.630000114440918,244993
2026-06-19 14:30:00,8.619999885559082,8.630000114440918,8.609999656677246,8.619999885559082,109758
2026-06-19 14:45:00,8.619999885559082,8.630000114440918,8.609999656677246,8.619999885559082,142161
2026-06-19 15:00:00,8.630000114440918,8.640000343322754,8.619999885559082,8.619999885559082,297261
2026-06-19 15:15:00,8.630000114440918,8.649999618530273,8.630000114440918,8.630000114440918,305345
2026-06-19 15:30:00,8.619999885559082,8.640000343322754,8.609999656677246,8.630000114440918,102350
2026-06-19 15:45:00,8.65999984741211,8.75,8.619999885559082,8.630000114440918,2295616
2026-06-19 16:00:00,8.670000076293945,8.6899995803833,8.65999984741211,8.670000076293945,994327
2026-06-19 16:15:00,8.670000076293945,8.670000076293945,8.649999618530273,8.65999984741211,447891
2026-06-19 16:30:00,8.619999885559082,8.65999984741211,8.609999656677246,8.65999984741211,917485
2026-06-19 16:45:00,8.600000381469727,8.630000114440918,8.600000381469727,8.619999885559082,793001
2026-06-19 17:00:00,8.619999885559082,8.619999885559082,8.59000015258789,8.600000381469727,433257
2026-06-19 17:15:00,8.619999885559082,8.619999885559082,8.600000381469727,8.619999885559082,237533
2026-06-19 17:30:00,8.569999694824219,8.619999885559082,8.550000190734863,8.619999885559082,1604931
2026-06-19 17:45:00,8.609999656677246,8.65999984741211,8.5600004196167,8.569999694824219,2869419
2026-06-22 09:45:00,8.640000343322754,8.640000343322754,8.640000343322754,8.640000343322754,0
2026-06-22 10:00:00,8.619999885559082,8.65999984741211,8.609999656677246,8.649999618530273,1253348
2026-06-22 10:15:00,8.65999984741211,8.680000305175781,8.59000015258789,8.609999656677246,961524
2026-06-22 10:30:00,8.729999542236328,8.770000457763672,8.649999618530273,8.65999984741211,1859592
2026-06-22 10:45:00,8.739999771118164,8.8100004196167,8.699999809265137,8.729999542236328,2441761
2026-06-22 11:00:00,8.729999542236328,8.75,8.710000038146973,8.739999771118164,409196
2026-06-22 11:15:00,8.720000267028809,8.729999542236328,8.710000038146973,8.729999542236328,297538
2026-06-22 11:30:00,8.739999771118164,8.75,8.710000038146973,8.720000267028809,466849
2026-06-22 11:45:00,8.739999771118164,8.75,8.729999542236328,8.75,407461
2026-06-22 12:00:00,8.75,8.770000457763672,8.729999542236328,8.739999771118164,801742
2026-06-22 12:15:00,8.75,8.760000228881836,8.739999771118164,8.75,129792
2026-06-22 12:30:00,8.729999542236328,8.75,8.729999542236328,8.75,256799
2026-06-22 12:45:00,8.720000267028809,8.729999542236328,8.710000038146973,8.729999542236328,257167
2026-06-22 13:00:00,8.710000038146973,8.720000267028809,8.710000038146973,8.710000038146973,136565
2026-06-22 13:15:00,8.770000457763672,8.789999961853027,8.710000038146973,8.710000038146973,1244194
2026-06-22 13:30:00,8.75,8.800000190734863,8.739999771118164,8.770000457763672,1037729
2026-06-22 13:45:00,8.75,8.770000457763672,8.739999771118164,8.760000228881836,626276
2026-06-22 14:00:00,8.75,8.760000228881836,8.739999771118164,8.75,373399
2026-06-22 14:15:00,8.739999771118164,8.760000228881836,8.739999771118164,8.760000228881836,47678
2026-06-22 14:30:00,8.779999732971191,8.8100004196167,8.739999771118164,8.739999771118164,2567250
2026-06-22 14:45:00,8.760000228881836,8.779999732971191,8.739999771118164,8.779999732971191,306534
2026-06-22 15:00:00,8.739999771118164,8.760000228881836,8.720000267028809,8.75,419173
2026-06-22 15:15:00,8.729999542236328,8.739999771118164,8.729999542236328,8.739999771118164,124120
2026-06-22 15:30:00,8.729999542236328,8.75,8.720000267028809,8.729999542236328,467639
2026-06-22 15:45:00,8.729999542236328,8.739999771118164,8.729999542236328,8.729999542236328,444258
2026-06-22 16:00:00,8.710000038146973,8.739999771118164,8.699999809265137,8.729999542236328,832573
2026-06-22 16:15:00,8.699999809265137,8.720000267028809,8.6899995803833,8.710000038146973,230427
2026-06-22 16:30:00,8.6899995803833,8.710000038146973,8.680000305175781,8.6899995803833,956629
2026-06-22 16:45:00,8.680000305175781,8.6899995803833,8.680000305175781,8.680000305175781,105560
2026-06-22 17:00:00,8.670000076293945,8.6899995803833,8.670000076293945,8.680000305175781,307146
2026-06-22 17:15:00,8.670000076293945,8.680000305175781,8.65999984741211,8.670000076293945,135305
2026-06-22 17:30:00,8.65999984741211,8.680000305175781,8.65999984741211,8.670000076293945,127691
2026-06-22 17:45:00,8.65999984741211,8.6899995803833,8.65999984741211,8.670000076293945,332551
2026-06-23 09:45:00,8.579999923706055,8.579999923706055,8.579999923706055,8.579999923706055,0
2026-06-23 10:00:00,8.569999694824219,8.649999618530273,8.550000190734863,8.600000381469727,1438181
2026-06-23 10:15:00,8.579999923706055,8.59000015258789,8.5600004196167,8.59000015258789,201598
2026-06-23 10:30:00,8.539999961853027,8.59000015258789,8.510000228881836,8.579999923706055,360433
2026-06-23 10:45:00,8.529999732971191,8.550000190734863,8.520000457763672,8.539999961853027,314358
2026-06-23 11:00:00,8.520000457763672,8.539999961853027,8.520000457763672,8.520000457763672,442267
2026-06-23 11:15:00,8.5,8.529999732971191,8.479999542236328,8.520000457763672,1648236
2026-06-23 11:30:00,8.529999732971191,8.529999732971191,8.5,8.510000228881836,82113
2026-06-23 11:45:00,8.529999732971191,8.529999732971191,8.520000457763672,8.529999732971191,170887
2026-06-23 12:00:00,8.520000457763672,8.539999961853027,8.510000228881836,8.520000457763672,95611
2026-06-23 12:15:00,8.529999732971191,8.529999732971191,8.510000228881836,8.520000457763672,37131
2026-06-23 12:30:00,8.539999961853027,8.539999961853027,8.520000457763672,8.520000457763672,169008
2026-06-23 12:45:00,8.529999732971191,8.550000190734863,8.529999732971191,8.539999961853027,216292
2026-06-23 13:00:00,8.539999961853027,8.550000190734863,8.529999732971191,8.529999732971191,101272
2026-06-23 13:15:00,8.529999732971191,8.550000190734863,8.520000457763672,8.539999961853027,90559
2026-06-23 13:30:00,8.529999732971191,8.539999961853027,8.510000228881836,8.529999732971191,103360
2026-06-23 13:45:00,8.529999732971191,8.529999732971191,8.510000228881836,8.520000457763672,106520
2026-06-23 14:00:00,8.529999732971191,8.529999732971191,8.520000457763672,8.529999732971191,89692
2026-06-23 14:15:00,8.539999961853027,8.550000190734863,8.520000457763672,8.529999732971191,54670
2026-06-23 14:30:00,8.529999732971191,8.539999961853027,8.520000457763672,8.539999961853027,33801
2026-06-23 14:45:00,8.520000457763672,8.539999961853027,8.510000228881836,8.529999732971191,125942
2026-06-23 15:00:00,8.520000457763672,8.529999732971191,8.510000228881836,8.510000228881836,42609
2026-06-23 15:15:00,8.5,8.529999732971191,8.489999771118164,8.520000457763672,436256
2026-06-23 15:30:00,8.479999542236328,8.5,8.449999809265137,8.5,360396
2026-06-23 15:45:00,8.5,8.510000228881836,8.479999542236328,8.489999771118164,332658
2026-06-23 16:00:00,8.5,8.520000457763672,8.5,8.5,159523
2026-06-23 16:15:00,8.520000457763672,8.529999732971191,8.5,8.5,415425
2026-06-23 16:30:00,8.529999732971191,8.529999732971191,8.510000228881836,8.510000228881836,135586
2026-06-23 16:45:00,8.520000457763672,8.539999961853027,8.510000228881836,8.529999732971191,234542
2026-06-23 17:00:00,8.520000457763672,8.550000190734863,8.5,8.520000457763672,376059
2026-06-23 17:15:00,8.510000228881836,8.529999732971191,8.5,8.520000457763672,165469
2026-06-23 17:30:00,8.510000228881836,8.520000457763672,8.5,8.510000228881836,181159
2026-06-23 17:45:00,8.529999732971191,8.529999732971191,8.5,8.510000228881836,994512
2026-06-24 09:45:00,8.529999732971191,8.529999732971191,8.529999732971191,8.529999732971191,0
2026-06-24 10:00:00,8.520000457763672,8.539999961853027,8.489999771118164,8.529999732971191,631919
2026-06-24 10:15:00,8.470000267028809,8.520000457763672,8.470000267028809,8.520000457763672,857038
2026-06-24 10:30:00,8.59000015258789,8.680000305175781,8.479999542236328,8.479999542236328,1889641
2026-06-24 10:45:00,8.550000190734863,8.600000381469727,8.529999732971191,8.59000015258789,337623
2026-06-24 11:00:00,8.520000457763672,8.550000190734863,8.5,8.550000190734863,289597
2026-06-24 11:15:00,8.529999732971191,8.529999732971191,8.510000228881836,8.520000457763672,100677
2026-06-24 11:30:00,8.529999732971191,8.529999732971191,8.520000457763672,8.520000457763672,39961
2026-06-24 11:45:00,8.5,8.529999732971191,8.5,8.529999732971191,120314
2026-06-24 12:00:00,8.5,8.520000457763672,8.479999542236328,8.510000228881836,81001
2026-06-24 12:15:00,8.510000228881836,8.520000457763672,8.489999771118164,8.5,60411
2026-06-24 12:30:00,8.489999771118164,8.510000228881836,8.479999542236328,8.510000228881836,194536
2026-06-24 12:45:00,8.489999771118164,8.489999771118164,8.479999542236328,8.479999542236328,30444
2026-06-24 13:00:00,8.479999542236328,8.5,8.479999542236328,8.489999771118164,53642
2026-06-24 13:15:00,8.489999771118164,8.489999771118164,8.470000267028809,8.479999542236328,83451
2026-06-24 13:30:00,8.489999771118164,8.489999771118164,8.479999542236328,8.489999771118164,42168
2026-06-24 13:45:00,8.489999771118164,8.489999771118164,8.470000267028809,8.489999771118164,112445
2026-06-24 14:00:00,8.479999542236328,8.529999732971191,8.479999542236328,8.489999771118164,563167
2026-06-24 14:15:00,8.470000267028809,8.479999542236328,8.470000267028809,8.479999542236328,66806
2026-06-24 14:30:00,8.479999542236328,8.479999542236328,8.460000038146973,8.470000267028809,105154
2026-06-24 14:45:00,8.470000267028809,8.489999771118164,8.460000038146973,8.470000267028809,186611
2026-06-24 15:00:00,8.460000038146973,8.470000267028809,8.449999809265137,8.460000038146973,101046
2026-06-24 15:15:00,8.460000038146973,8.470000267028809,8.4399995803833,8.470000267028809,115715
2026-06-24 15:30:00,8.479999542236328,8.5,8.449999809265137,8.460000038146973,419489
2026-06-24 15:45:00,8.529999732971191,8.550000190734863,8.479999542236328,8.479999542236328,688137
2026-06-24 16:00:00,8.489999771118164,8.550000190734863,8.489999771118164,8.529999732971191,211113
2026-06-24 16:15:00,8.489999771118164,8.510000228881836,8.489999771118164,8.5,96872
2026-06-24 16:30:00,8.479999542236328,8.520000457763672,8.479999542236328,8.489999771118164,235684
2026-06-24 16:45:00,8.529999732971191,8.529999732971191,8.479999542236328,8.489999771118164,312785
2026-06-24 17:00:00,8.520000457763672,8.539999961853027,8.510000228881836,8.539999961853027,348520
2026-06-24 17:15:00,8.550000190734863,8.550000190734863,8.510000228881836,8.520000457763672,334544
2026-06-24 17:30:00,8.529999732971191,8.59000015258789,8.520000457763672,8.550000190734863,2242002
2026-06-24 17:45:00,8.5,8.539999961853027,8.5,8.539999961853027,545593
2026-06-25 09:45:00,8.59000015258789,8.59000015258789,8.59000015258789,8.59000015258789,0
2026-06-25 10:00:00,8.630000114440918,8.630000114440918,8.579999923706055,8.600000381469727,1069434
2026-06-25 10:15:00,8.630000114440918,8.649999618530273,8.59000015258789,8.619999885559082,1139485
2026-06-25 10:30:00,8.609999656677246,8.630000114440918,8.609999656677246,8.630000114440918,223312
2026-06-25 10:45:00,8.59000015258789,8.619999885559082,8.59000015258789,8.609999656677246,288986
2026-06-25 11:00:00,8.59000015258789,8.609999656677246,8.59000015258789,8.600000381469727,234823
2026-06-25 11:15:00,8.600000381469727,8.609999656677246,8.59000015258789,8.609999656677246,114609
2026-06-25 11:30:00,8.59000015258789,8.600000381469727,8.5600004196167,8.59000015258789,381760
2026-06-25 11:45:00,8.579999923706055,8.600000381469727,8.579999923706055,8.59000015258789,105050
2026-06-25 12:00:00,8.569999694824219,8.59000015258789,8.569999694824219,8.579999923706055,80073
2026-06-25 12:15:00,8.529999732971191,8.579999923706055,8.520000457763672,8.569999694824219,424597
2026-06-25 12:30:00,8.520000457763672,8.5600004196167,8.5,8.529999732971191,494805
2026-06-25 12:45:00,8.529999732971191,8.529999732971191,8.5,8.510000228881836,423868
2026-06-25 13:00:00,8.5,8.529999732971191,8.5,8.529999732971191,134790
2026-06-25 13:15:00,8.5,8.510000228881836,8.489999771118164,8.510000228881836,93755
2026-06-25 13:30:00,8.489999771118164,8.5,8.479999542236328,8.5,128132
2026-06-25 13:45:00,8.510000228881836,8.510000228881836,8.479999542236328,8.489999771118164,132088
2026-06-25 14:00:00,8.5,8.510000228881836,8.489999771118164,8.510000228881836,237538
2026-06-25 14:15:00,8.510000228881836,8.510000228881836,8.489999771118164,8.510000228881836,228029
2026-06-25 14:30:00,8.489999771118164,8.520000457763672,8.489999771118164,8.510000228881836,106341
2026-06-25 14:45:00,8.489999771118164,8.5,8.479999542236328,8.5,153158
2026-06-25 15:00:00,8.4399995803833,8.489999771118164,8.4399995803833,8.479999542236328,175329
2026-06-25 15:15:00,8.369999885559082,8.4399995803833,8.319999694824219,8.4399995803833,1282961
2026-06-25 15:30:00,8.34000015258789,8.390000343322754,8.3100004196167,8.369999885559082,1984612
2026-06-25 15:45:00,8.289999961853027,8.350000381469727,8.289999961853027,8.34000015258789,2983428
2026-06-25 16:00:00,8.270000457763672,8.3100004196167,8.270000457763672,8.279999732971191,1614805
2026-06-25 16:15:00,8.300000190734863,8.390000343322754,8.270000457763672,8.279999732971191,1530766
2026-06-25 16:30:00,8.260000228881836,8.300000190734863,8.260000228881836,8.300000190734863,1361375
2026-06-25 16:45:00,8.390000343322754,8.399999618530273,8.220000267028809,8.260000228881836,5665680
2026-06-25 17:00:00,8.260000228881836,8.399999618530273,8.25,8.390000343322754,1776237
2026-06-25 17:15:00,8.25,8.279999732971191,8.239999771118164,8.260000228881836,1391130
2026-06-25 17:30:00,8.25,8.289999961853027,8.229999542236328,8.239999771118164,4016279
2026-06-25 17:45:00,8.279999732971191,8.279999732971191,8.229999542236328,8.239999771118164,2361703
2026-06-26 09:45:00,8.260000228881836,8.260000228881836,8.260000228881836,8.260000228881836,0
2026-06-26 10:00:00,8.289999961853027,8.3100004196167,8.260000228881836,8.260000228881836,543536
2026-06-26 10:15:00,8.229999542236328,8.3100004196167,8.229999542236328,8.289999961853027,841419
2026-06-26 10:30:00,8.25,8.270000457763672,8.229999542236328,8.229999542236328,597803
2026-06-26 10:45:00,8.260000228881836,8.270000457763672,8.239999771118164,8.25,235204
2026-06-26 11:00:00,8.25,8.260000228881836,8.239999771118164,8.25,259202
2026-06-26 11:15:00,8.260000228881836,8.270000457763672,8.239999771118164,8.239999771118164,378287
2026-06-26 11:30:00,8.25,8.270000457763672,8.239999771118164,8.260000228881836,430021
2026-06-26 11:45:00,8.239999771118164,8.25,8.220000267028809,8.25,238807
2026-06-26 12:00:00,8.279999732971191,8.279999732971191,8.229999542236328,8.229999542236328,520907
2026-06-26 12:15:00,8.289999961853027,8.300000190734863,8.270000457763672,8.279999732971191,379536
2026-06-26 12:30:00,8.300000190734863,8.3100004196167,8.279999732971191,8.279999732971191,876147
2026-06-26 12:45:00,8.300000190734863,8.319999694824219,8.289999961853027,8.300000190734863,578525
2026-06-26 13:00:00,8.300000190734863,8.300000190734863,8.279999732971191,8.289999961853027,184923
2026-06-26 13:15:00,8.300000190734863,8.300000190734863,8.289999961853027,8.300000190734863,2247
2026-06-26 13:30:00,8.34000015258789,8.350000381469727,8.300000190734863,8.300000190734863,1314575
2026-06-26 13:45:00,8.40999984741211,8.420000076293945,8.350000381469727,8.350000381469727,1798555
2026-06-26 14:00:00,8.359999656677246,8.420000076293945,8.359999656677246,8.40999984741211,990428
2026-06-26 14:15:00,8.350000381469727,8.369999885559082,8.34000015258789,8.369999885559082,966945
2026-06-26 14:30:00,8.359999656677246,8.369999885559082,8.34000015258789,8.350000381469727,223778
2026-06-26 14:45:00,8.34000015258789,8.359999656677246,8.34000015258789,8.359999656677246,717061
2026-06-26 15:00:00,8.329999923706055,8.350000381469727,8.319999694824219,8.329999923706055,201205
2026-06-26 15:15:00,8.329999923706055,8.34000015258789,8.319999694824219,8.329999923706055,337242
2026-06-26 15:30:00,8.319999694824219,8.329999923706055,8.319999694824219,8.319999694824219,135503
2026-06-26 15:45:00,8.329999923706055,8.329999923706055,8.319999694824219,8.329999923706055,68905
2026-06-26 16:00:00,8.319999694824219,8.329999923706055,8.3100004196167,8.329999923706055,50056
2026-06-26 16:15:00,8.3100004196167,8.319999694824219,8.300000190734863,8.319999694824219,1476103
2026-06-26 16:30:00,8.3100004196167,8.3100004196167,8.300000190734863,8.3100004196167,331301
2026-06-26 16:45:00,8.300000190734863,8.300000190734863,8.279999732971191,8.300000190734863,429776
2026-06-26 17:00:00,8.329999923706055,8.329999923706055,8.300000190734863,8.300000190734863,293167
2026-06-26 17:15:00,8.319999694824219,8.34000015258789,8.319999694824219,8.329999923706055,196022
2026-06-26 17:30:00,8.329999923706055,8.350000381469727,8.329999923706055,8.329999923706055,1631389
2026-06-26 17:45:00,8.369999885559082,8.369999885559082,8.329999923706055,8.34000015258789,1012320
2026-06-29 09:45:00,8.359999656677246,8.359999656677246,8.359999656677246,8.359999656677246,0
2026-06-29 10:00:00,8.350000381469727,8.390000343322754,8.329999923706055,8.369999885559082,479531
2026-06-29 10:15:00,8.359999656677246,8.359999656677246,8.329999923706055,8.329999923706055,432720
2026-06-29 10:30:00,8.329999923706055,8.369999885559082,8.329999923706055,8.359999656677246,1170004
2026-06-29 10:45:00,8.34000015258789,8.34000015258789,8.319999694824219,8.329999923706055,198173
2026-06-29 11:00:00,8.3100004196167,8.34000015258789,8.300000190734863,8.34000015258789,183452
2026-06-29 11:15:00,8.289999961853027,8.329999923706055,8.270000457763672,8.319999694824219,568295
2026-06-29 11:30:00,8.289999961853027,8.300000190734863,8.279999732971191,8.289999961853027,133646
2026-06-29 11:45:00,8.289999961853027,8.300000190734863,8.289999961853027,8.289999961853027,61372
2026-06-29 12:00:00,8.300000190734863,8.3100004196167,8.279999732971191,8.289999961853027,103982
2026-06-29 12:15:00,8.3100004196167,8.3100004196167,8.300000190734863,8.300000190734863,58316
2026-06-29 12:30:00,8.3100004196167,8.3100004196167,8.300000190734863,8.3100004196167,14141
2026-06-29 12:45:00,8.3100004196167,8.3100004196167,8.289999961853027,8.300000190734863,46980
2026-06-29 13:00:00,8.300000190734863,8.3100004196167,8.300000190734863,8.300000190734863,76951
2026-06-29 13:15:00,8.3100004196167,8.3100004196167,8.289999961853027,8.300000190734863,40212
2026-06-29 13:30:00,8.300000190734863,8.3100004196167,8.289999961853027,8.300000190734863,79364
2026-06-29 13:45:00,8.289999961853027,8.300000190734863,8.279999732971191,8.300000190734863,128864
2026-06-29 14:00:00,8.289999961853027,8.3100004196167,8.279999732971191,8.279999732971191,186679
2026-06-29 14:15:00,8.260000228881836,8.300000190734863,8.25,8.300000190734863,722447
2026-06-29 14:30:00,8.25,8.270000457763672,8.229999542236328,8.25,382238
2026-06-29 14:45:00,8.25,8.260000228881836,8.239999771118164,8.260000228881836,258536
2026-06-29 15:00:00,8.229999542236328,8.260000228881836,8.220000267028809,8.25,422504
2026-06-29 15:15:00,8.229999542236328,8.239999771118164,8.229999542236328,8.229999542236328,609447
2026-06-29 15:30:00,8.210000038146973,8.239999771118164,8.210000038146973,8.229999542236328,1608824
2026-06-29 15:45:00,8.180000305175781,8.210000038146973,8.15999984741211,8.210000038146973,920121
2026-06-29 16:00:00,8.15999984741211,8.180000305175781,8.149999618530273,8.170000076293945,572079
2026-06-29 16:15:00,8.170000076293945,8.170000076293945,8.140000343322754,8.15999984741211,320425
2026-06-29 16:30:00,8.170000076293945,8.180000305175781,8.149999618530273,8.170000076293945,387469
2026-06-29 16:45:00,8.149999618530273,8.180000305175781,8.140000343322754,8.170000076293945,410097
2026-06-29 17:00:00,8.149999618530273,8.15999984741211,8.140000343322754,8.140000343322754,392024
2026-06-29 17:15:00,8.149999618530273,8.15999984741211,8.140000343322754,8.140000343322754,602080
2026-06-29 17:30:00,8.149999618530273,8.170000076293945,8.149999618530273,8.149999618530273,500195
2026-06-29 17:45:00,8.130000114440918,8.170000076293945,8.119999885559082,8.149999618530273,1783829
2026-06-30 09:45:00,8.119999885559082,8.119999885559082,8.119999885559082,8.119999885559082,0
2026-06-30 10:00:00,8.140000343322754,8.149999618530273,8.100000381469727,8.140000343322754,332006
2026-06-30 10:15:00,8.140000343322754,8.15999984741211,8.130000114440918,8.140000343322754,478964
2026-06-30 10:30:00,8.109999656677246,8.149999618530273,8.109999656677246,8.140000343322754,249771
2026-06-30 10:45:00,8.130000114440918,8.140000343322754,8.109999656677246,8.109999656677246,430694
2026-06-30 11:00:00,8.130000114440918,8.149999618530273,8.130000114440918,8.140000343322754,196805
2026-06-30 11:15:00,8.140000343322754,8.149999618530273,8.130000114440918,8.130000114440918,117200
2026-06-30 11:30:00,8.119999885559082,8.140000343322754,8.100000381469727,8.140000343322754,839589
2026-06-30 11:45:00,8.109999656677246,8.130000114440918,8.100000381469727,8.119999885559082,81637
2026-06-30 12:00:00,8.100000381469727,8.119999885559082,8.100000381469727,8.109999656677246,528921
2026-06-30 12:15:00,8.149999618530273,8.149999618530273,8.100000381469727,8.109999656677246,745618
2026-06-30 12:30:00,8.149999618530273,8.170000076293945,8.140000343322754,8.140000343322754,645765
2026-06-30 12:45:00,8.15999984741211,8.15999984741211,8.140000343322754,8.15999984741211,429596
2026-06-30 13:00:00,8.140000343322754,8.15999984741211,8.130000114440918,8.149999618530273,176497
2026-06-30 13:15:00,8.140000343322754,8.15999984741211,8.140000343322754,8.149999618530273,243626
2026-06-30 13:30:00,8.140000343322754,8.149999618530273,8.130000114440918,8.149999618530273,176979
2026-06-30 13:45:00,8.140000343322754,8.149999618530273,8.130000114440918,8.130000114440918,168723
2026-06-30 14:00:00,8.130000114440918,8.140000343322754,8.119999885559082,8.130000114440918,223817
2026-06-30 14:15:00,8.130000114440918,8.140000343322754,8.119999885559082,8.130000114440918,146814
2026-06-30 14:30:00,8.140000343322754,8.140000343322754,8.130000114440918,8.130000114440918,29063
2026-06-30 14:45:00,8.130000114440918,8.140000343322754,8.119999885559082,8.140000343322754,330818
2026-06-30 15:00:00,8.119999885559082,8.140000343322754,8.109999656677246,8.130000114440918,371896
2026-06-30 15:15:00,8.119999885559082,8.119999885559082,8.109999656677246,8.119999885559082,189258
2026-06-30 15:30:00,8.130000114440918,8.130000114440918,8.109999656677246,8.109999656677246,111463
2026-06-30 15:45:00,8.130000114440918,8.130000114440918,8.119999885559082,8.130000114440918,214988
2026-06-30 16:00:00,8.109999656677246,8.130000114440918,8.109999656677246,8.130000114440918,453434
2026-06-30 16:15:00,8.130000114440918,8.140000343322754,8.109999656677246,8.119999885559082,2277871
2026-06-30 16:30:00,8.130000114440918,8.140000343322754,8.119999885559082,8.140000343322754,238123
2026-06-30 16:45:00,8.119999885559082,8.130000114440918,8.100000381469727,8.130000114440918,538065
2026-06-30 17:00:00,8.100000381469727,8.119999885559082,8.100000381469727,8.119999885559082,329075
2026-06-30 17:15:00,8.09000015258789,8.100000381469727,8.079999923706055,8.100000381469727,922760
2026-06-30 17:30:00,8.109999656677246,8.109999656677246,8.09000015258789,8.09000015258789,774932
2026-06-30 17:45:00,8.100000381469727,8.109999656677246,8.100000381469727,8.109999656677246,1376159
2026-07-01 09:45:00,8.100000381469727,8.100000381469727,8.100000381469727,8.100000381469727,0
2026-07-01 10:00:00,8.069999694824219,8.109999656677246,8.050000190734863,8.09000015258789,824458
2026-07-01 10:15:00,8.119999885559082,8.140000343322754,8.069999694824219,8.069999694824219,1052899
2026-07-01 10:30:00,8.119999885559082,8.130000114440918,8.09000015258789,8.130000114440918,850411
2026-07-01 10:45:00,8.149999618530273,8.149999618530273,8.119999885559082,8.119999885559082,232338
2026-07-01 11:00:00,8.140000343322754,8.149999618530273,8.140000343322754,8.140000343322754,249420
2026-07-01 11:15:00,8.140000343322754,8.149999618530273,8.130000114440918,8.140000343322754,224524
2026-07-01 11:30:00,8.140000343322754,8.149999618530273,8.130000114440918,8.140000343322754,368353
2026-07-01 11:45:00,8.130000114440918,8.130000114440918,8.119999885559082,8.130000114440918,206730
2026-07-01 12:00:00,8.119999885559082,8.140000343322754,8.109999656677246,8.130000114440918,173440
2026-07-01 12:15:00,8.119999885559082,8.130000114440918,8.109999656677246,8.119999885559082,91693
2026-07-01 12:30:00,8.119999885559082,8.119999885559082,8.109999656677246,8.119999885559082,48995
2026-07-01 12:45:00,8.130000114440918,8.140000343322754,8.109999656677246,8.119999885559082,238781
2026-07-01 13:00:00,8.149999618530273,8.170000076293945,8.140000343322754,8.140000343322754,658476
2026-07-01 13:15:00,8.140000343322754,8.170000076293945,8.130000114440918,8.15999984741211,914406
2026-07-01 13:30:00,8.15999984741211,8.15999984741211,8.130000114440918,8.130000114440918,408919
2026-07-01 13:45:00,8.15999984741211,8.170000076293945,8.149999618530273,8.15999984741211,241922
2026-07-01 14:00:00,8.149999618530273,8.15999984741211,8.140000343322754,8.15999984741211,86919
2026-07-01 14:15:00,8.1899995803833,8.199999809265137,8.140000343322754,8.149999618530273,464896
2026-07-01 14:30:00,8.180000305175781,8.199999809265137,8.15999984741211,8.180000305175781,204509
2026-07-01 14:45:00,8.170000076293945,8.1899995803833,8.15999984741211,8.180000305175781,162452
2026-07-01 15:00:00,8.199999809265137,8.199999809265137,8.15999984741211,8.170000076293945,192385
2026-07-01 15:15:00,8.199999809265137,8.229999542236328,8.1899995803833,8.199999809265137,2219063
2026-07-01 15:30:00,8.199999809265137,8.220000267028809,8.1899995803833,8.210000038146973,657648
2026-07-01 15:45:00,8.199999809265137,8.210000038146973,8.1899995803833,8.210000038146973,537824
2026-07-01 16:00:00,8.1899995803833,8.210000038146973,8.170000076293945,8.1899995803833,635291
2026-07-01 16:15:00,8.199999809265137,8.210000038146973,8.180000305175781,8.1899995803833,304479
2026-07-01 16:30:00,8.210000038146973,8.210000038146973,8.1899995803833,8.199999809265137,1037992
2026-07-01 16:45:00,8.1899995803833,8.220000267028809,8.180000305175781,8.210000038146973,754946
2026-07-01 17:00:00,8.170000076293945,8.199999809265137,8.170000076293945,8.1899995803833,225549
2026-07-01 17:15:00,8.170000076293945,8.1899995803833,8.170000076293945,8.170000076293945,359460
2026-07-01 17:30:00,8.170000076293945,8.180000305175781,8.15999984741211,8.170000076293945,614688
2026-07-01 17:45:00,8.180000305175781,8.180000305175781,8.15999984741211,8.170000076293945,452841
2026-07-02 09:45:00,8.15999984741211,8.15999984741211,8.15999984741211,8.15999984741211,0
2026-07-02 10:00:00,8.210000038146973,8.239999771118164,8.15999984741211,8.15999984741211,1145891
2026-07-02 10:15:00,8.220000267028809,8.239999771118164,8.199999809265137,8.210000038146973,640991
2026-07-02 10:30:00,8.220000267028809,8.229999542236328,8.210000038146973,8.210000038146973,391374
2026-07-02 10:45:00,8.210000038146973,8.229999542236328,8.210000038146973,8.229999542236328,217651
2026-07-02 11:00:00,8.239999771118164,8.239999771118164,8.220000267028809,8.220000267028809,348147
2026-07-02 11:15:00,8.229999542236328,8.25,8.229999542236328,8.229999542236328,145545
2026-07-02 11:30:00,8.260000228881836,8.289999961853027,8.220000267028809,8.239999771118164,1275130
2026-07-02 11:45:00,8.289999961853027,8.34000015258789,8.25,8.270000457763672,1629497
2026-07-02 12:00:00,8.239999771118164,8.300000190734863,8.229999542236328,8.289999961853027,422771
2026-07-02 12:15:00,8.25,8.260000228881836,8.229999542236328,8.229999542236328,351533
2026-07-02 12:30:00,8.260000228881836,8.260000228881836,8.239999771118164,8.239999771118164,234866
2026-07-02 12:45:00,8.25,8.260000228881836,8.239999771118164,8.260000228881836,147961
2026-07-02 13:00:00,8.239999771118164,8.25,8.229999542236328,8.239999771118164,401191
2026-07-02 13:15:00,8.229999542236328,8.239999771118164,8.229999542236328,8.239999771118164,293980
2026-07-02 13:30:00,8.239999771118164,8.25,8.229999542236328,8.229999542236328,244066
2026-07-02 13:45:00,8.229999542236328,8.239999771118164,8.210000038146973,8.239999771118164,328920
2026-07-02 14:00:00,8.220000267028809,8.229999542236328,8.210000038146973,8.229999542236328,186637
2026-07-02 14:15:00,8.229999542236328,8.229999542236328,8.210000038146973,8.229999542236328,108973
2026-07-02 14:30:00,8.220000267028809,8.229999542236328,8.210000038146973,8.220000267028809,162936
2026-07-02 14:45:00,8.210000038146973,8.229999542236328,8.210000038146973,8.220000267028809,110620
2026-07-02 15:00:00,8.210000038146973,8.220000267028809,8.210000038146973,8.210000038146973,92671
2026-07-02 15:15:00,8.229999542236328,8.229999542236328,8.210000038146973,8.210000038146973,90539
2026-07-02 15:30:00,8.229999542236328,8.239999771118164,8.229999542236328,8.229999542236328,126483
2026-07-02 15:45:00,8.229999542236328,8.239999771118164,8.220000267028809,8.239999771118164,67735
2026-07-02 16:00:00,8.210000038146973,8.239999771118164,8.210000038146973,8.229999542236328,553704
2026-07-02 16:15:00,8.210000038146973,8.220000267028809,8.199999809265137,8.199999809265137,277787
2026-07-02 16:30:00,8.220000267028809,8.229999542236328,8.210000038146973,8.210000038146973,121714
2026-07-02 16:45:00,8.229999542236328,8.239999771118164,8.220000267028809,8.229999542236328,110294
2026-07-02 17:00:00,8.229999542236328,8.229999542236328,8.220000267028809,8.220000267028809,199112
2026-07-02 17:15:00,8.239999771118164,8.25,8.220000267028809,8.229999542236328,219609
2026-07-02 17:30:00,8.239999771118164,8.260000228881836,8.229999542236328,8.239999771118164,331698
2026-07-02 17:45:00,8.25,8.260000228881836,8.229999542236328,8.239999771118164,371307
2026-07-03 09:45:00,8.329999923706055,8.329999923706055,8.329999923706055,8.329999923706055,0
2026-07-03 10:00:00,8.229999542236328,8.359999656677246,8.1899995803833,8.329999923706055,3168613
2026-07-03 10:15:00,8.170000076293945,8.229999542236328,8.140000343322754,8.229999542236328,1003848
2026-07-03 10:30:00,8.199999809265137,8.210000038146973,8.170000076293945,8.170000076293945,539783
2026-07-03 10:45:00,8.180000305175781,8.220000267028809,8.170000076293945,8.199999809265137,914070
2026-07-03 11:00:00,8.15999984741211,8.1899995803833,8.140000343322754,8.180000305175781,1109494
2026-07-03 11:15:00,8.140000343322754,8.15999984741211,8.109999656677246,8.149999618530273,693594
2026-07-03 11:30:00,8.170000076293945,8.170000076293945,8.130000114440918,8.140000343322754,290307
2026-07-03 11:45:00,8.15999984741211,8.180000305175781,8.149999618530273,8.170000076293945,346558
2026-07-03 12:00:00,8.149999618530273,8.15999984741211,8.140000343322754,8.15999984741211,132076
2026-07-03 12:15:00,8.149999618530273,8.15999984741211,8.130000114440918,8.15999984741211,201641
2026-07-03 12:30:00,8.140000343322754,8.149999618530273,8.140000343322754,8.149999618530273,129569
2026-07-03 12:45:00,8.149999618530273,8.149999618530273,8.140000343322754,8.140000343322754,116416
2026-07-03 13:00:00,8.119999885559082,8.149999618530273,8.100000381469727,8.140000343322754,574177
2026-07-03 13:15:00,8.119999885559082,8.130000114440918,8.109999656677246,8.130000114440918,59064
2026-07-03 13:30:00,8.100000381469727,8.119999885559082,8.100000381469727,8.119999885559082,760525
2026-07-03 13:45:00,8.109999656677246,8.119999885559082,8.100000381469727,8.109999656677246,342344
2026-07-03 14:00:00,8.109999656677246,8.130000114440918,8.109999656677246,8.109999656677246,755225
2026-07-03 14:15:00,8.119999885559082,8.119999885559082,8.100000381469727,8.109999656677246,276868
2026-07-03 14:30:00,8.109999656677246,8.119999885559082,8.109999656677246,8.109999656677246,242587
2026-07-03 14:45:00,8.109999656677246,8.119999885559082,8.109999656677246,8.109999656677246,127394
2026-07-03 15:00:00,8.109999656677246,8.119999885559082,8.100000381469727,8.109999656677246,392623
2026-07-03 15:15:00,8.100000381469727,8.109999656677246,8.100000381469727,8.100000381469727,196897
2026-07-03 15:30:00,8.050000190734863,8.119999885559082,8.039999961853027,8.119999885559082,1723074
2026-07-03 15:45:00,8.029999732971191,8.050000190734863,8.010000228881836,8.050000190734863,1602532
2026-07-03 16:00:00,8.050000190734863,8.0600004196167,8.039999961853027,8.039999961853027,357906
2026-07-03 16:15:00,8.0600004196167,8.079999923706055,8.050000190734863,8.0600004196167,708309
2026-07-03 16:30:00,8.069999694824219,8.069999694824219,8.039999961853027,8.0600004196167,682316
2026-07-03 16:45:00,8.069999694824219,8.069999694824219,8.0600004196167,8.069999694824219,200112
2026-07-03 17:00:00,8.069999694824219,8.069999694824219,8.050000190734863,8.069999694824219,219125
2026-07-03 17:15:00,8.039999961853027,8.069999694824219,8.020000457763672,8.069999694824219,506347
2026-07-03 17:30:00,8.0600004196167,8.0600004196167,8.029999732971191,8.039999961853027,441106
2026-07-03 17:45:00,8.0600004196167,8.069999694824219,8.039999961853027,8.0600004196167,858738
2026-07-06 09:45:00,8.069999694824219,8.069999694824219,8.069999694824219,8.069999694824219,0
2026-07-06 10:00:00,8.109999656677246,8.119999885559082,8.069999694824219,8.079999923706055,924246
2026-07-06 10:15:00,8.130000114440918,8.140000343322754,8.100000381469727,8.109999656677246,793565
2026-07-06 10:30:00,8.119999885559082,8.130000114440918,8.100000381469727,8.130000114440918,495647
2026-07-06 10:45:00,8.15999984741211,8.15999984741211,8.109999656677246,8.109999656677246,501193
2026-07-06 11:00:00,8.130000114440918,8.15999984741211,8.119999885559082,8.149999618530273,418148
2026-07-06 11:15:00,8.130000114440918,8.140000343322754,8.119999885559082,8.130000114440918,157785
2026-07-06 11:30:00,8.130000114440918,8.140000343322754,8.119999885559082,8.130000114440918,217826
2026-07-06 11:45:00,8.119999885559082,8.130000114440918,8.109999656677246,8.130000114440918,144783
2026-07-06 12:00:00,8.119999885559082,8.119999885559082,8.100000381469727,8.109999656677246,212248
2026-07-06 12:15:00,8.119999885559082,8.130000114440918,8.109999656677246,8.119999885559082,158403
2026-07-06 12:30:00,8.09000015258789,8.119999885559082,8.09000015258789,8.119999885559082,387137
2026-07-06 12:45:00,8.079999923706055,8.100000381469727,8.079999923706055,8.09000015258789,233101
2026-07-06 13:00:00,8.079999923706055,8.09000015258789,8.079999923706055,8.09000015258789,34978
2026-07-06 13:15:00,8.079999923706055,8.09000015258789,8.079999923706055,8.09000015258789,68815
2026-07-06 13:30:00,8.09000015258789,8.09000015258789,8.079999923706055,8.079999923706055,23597
2026-07-06 13:45:00,8.079999923706055,8.09000015258789,8.069999694824219,8.09000015258789,236630
2026-07-06 14:00:00,8.079999923706055,8.079999923706055,8.069999694824219,8.079999923706055,66845
2026-07-06 14:15:00,8.09000015258789,8.09000015258789,8.069999694824219,8.079999923706055,320231
2026-07-06 14:30:00,8.079999923706055,8.09000015258789,8.069999694824219,8.09000015258789,142906
2026-07-06 14:45:00,8.069999694824219,8.09000015258789,8.069999694824219,8.069999694824219,276201
2026-07-06 15:00:00,8.069999694824219,8.079999923706055,8.069999694824219,8.069999694824219,88899
2026-07-06 15:15:00,8.069999694824219,8.079999923706055,8.069999694824219,8.079999923706055,148924
2026-07-06 15:30:00,8.069999694824219,8.149999618530273,8.069999694824219,8.069999694824219,1233849
2026-07-06 15:45:00,8.069999694824219,8.079999923706055,8.0600004196167,8.069999694824219,137682
2026-07-06 16:00:00,8.079999923706055,8.100000381469727,8.0600004196167,8.069999694824219,365997
2026-07-06 16:15:00,8.0600004196167,8.069999694824219,8.039999961853027,8.069999694824219,345423
2026-07-06 16:30:00,8.069999694824219,8.079999923706055,8.0600004196167,8.0600004196167,374988
2026-07-06 16:45:00,8.109999656677246,8.149999618530273,8.0600004196167,8.069999694824219,896657
2026-07-06 17:00:00,8.069999694824219,8.109999656677246,8.050000190734863,8.109999656677246,472233
2026-07-06 17:15:00,8.069999694824219,8.079999923706055,8.050000190734863,8.069999694824219,354208
2026-07-06 17:30:00,8.0600004196167,8.069999694824219,8.0600004196167,8.0600004196167,440454
2026-07-06 17:45:00,8.079999923706055,8.079999923706055,8.050000190734863,8.0600004196167,703078
2026-07-07 09:45:00,8.069999694824219,8.069999694824219,8.069999694824219,8.069999694824219,0
2026-07-07 10:00:00,8.119999885559082,8.119999885559082,8.0600004196167,8.079999923706055,1306816
2026-07-07 10:15:00,8.130000114440918,8.149999618530273,8.100000381469727,8.119999885559082,1028054
2026-07-07 10:30:00,8.109999656677246,8.140000343322754,8.109999656677246,8.140000343322754,724632
2026-07-07 10:45:00,8.100000381469727,8.109999656677246,8.09000015258789,8.100000381469727,427330
2026-07-07 11:00:00,8.100000381469727,8.109999656677246,8.09000015258789,8.109999656677246,301456
2026-07-07 11:15:00,8.079999923706055,8.109999656677246,8.079999923706055,8.109999656677246,158713
2026-07-07 11:30:00,8.100000381469727,8.100000381469727,8.079999923706055,8.09000015258789,67979
2026-07-07 11:45:00,8.09000015258789,8.100000381469727,8.079999923706055,8.09000015258789,344447
2026-07-07 12:00:00,8.09000015258789,8.09000015258789,8.079999923706055,8.09000015258789,96738
2026-07-07 12:15:00,8.09000015258789,8.09000015258789,8.079999923706055,8.09000015258789,25694
2026-07-07 12:30:00,8.100000381469727,8.100000381469727,8.079999923706055,8.09000015258789,88049
2026-07-07 12:45:00,8.100000381469727,8.100000381469727,8.079999923706055,8.100000381469727,77863
2026-07-07 13:00:00,8.100000381469727,8.109999656677246,8.079999923706055,8.100000381469727,164761
2026-07-07 13:15:00,8.100000381469727,8.109999656677246,8.100000381469727,8.109999656677246,30102
2026-07-07 13:30:00,8.119999885559082,8.130000114440918,8.100000381469727,8.100000381469727,313654
2026-07-07 13:45:00,8.199999809265137,8.220000267028809,8.119999885559082,8.130000114440918,1685977
2026-07-07 14:00:00,8.210000038146973,8.25,8.180000305175781,8.199999809265137,1963966
2026-07-07 14:15:00,8.210000038146973,8.3100004196167,8.210000038146973,8.210000038146973,2242752
2026-07-07 14:30:00,8.1899995803833,8.220000267028809,8.170000076293945,8.210000038146973,668562
2026-07-07 14:45:00,8.180000305175781,8.1899995803833,8.170000076293945,8.180000305175781,65150
2026-07-07 15:00:00,8.1899995803833,8.1899995803833,8.180000305175781,8.180000305175781,57453
2026-07-07 15:15:00,8.180000305175781,8.1899995803833,8.170000076293945,8.180000305175781,312230
2026-07-07 15:30:00,8.180000305175781,8.1899995803833,8.170000076293945,8.180000305175781,197823
2026-07-07 15:45:00,8.180000305175781,8.1899995803833,8.170000076293945,8.180000305175781,102206
2026-07-07 16:00:00,8.180000305175781,8.210000038146973,8.170000076293945,8.180000305175781,788864
2026-07-07 16:15:00,8.180000305175781,8.1899995803833,8.180000305175781,8.180000305175781,191122
2026-07-07 16:30:00,8.1899995803833,8.1899995803833,8.170000076293945,8.180000305175781,189835
2026-07-07 16:45:00,8.180000305175781,8.1899995803833,8.170000076293945,8.180000305175781,148100
2026-07-07 17:00:00,8.170000076293945,8.1899995803833,8.170000076293945,8.180000305175781,120126
2026-07-07 17:15:00,8.170000076293945,8.170000076293945,8.15999984741211,8.170000076293945,159801
2026-07-07 17:30:00,8.15999984741211,8.170000076293945,8.149999618530273,8.170000076293945,180781
2026-07-07 17:45:00,8.119999885559082,8.15999984741211,7.989999771118164,8.15999984741211,1352881
2026-07-08 09:45:00,8.100000381469727,8.100000381469727,8.100000381469727,8.100000381469727,0
2026-07-08 10:00:00,8.0600004196167,8.100000381469727,8.039999961853027,8.100000381469727,475266
2026-07-08 10:15:00,8.079999923706055,8.079999923706055,8.050000190734863,8.069999694824219,129975
2026-07-08 10:30:00,8.09000015258789,8.09000015258789,8.069999694824219,8.09000015258789,307439
2026-07-08 10:45:00,8.119999885559082,8.140000343322754,8.09000015258789,8.09000015258789,587557
2026-07-08 11:00:00,8.100000381469727,8.119999885559082,8.079999923706055,8.119999885559082,539099
2026-07-08 11:15:00,7.949999809265137,8.100000381469727,7.940000057220459,8.100000381469727,1209727
2026-07-08 11:30:00,7.96999979019165,7.980000019073486,7.949999809265137,7.960000038146973,525512
2026-07-08 11:45:00,7.96999979019165,7.980000019073486,7.909999847412109,7.96999979019165,1061048
2026-07-08 12:00:00,7.96999979019165,7.980000019073486,7.960000038146973,7.96999979019165,261708
2026-07-08 12:15:00,7.989999771118164,8.0,7.960000038146973,7.960000038146973,291641
2026-07-08 12:30:00,7.960000038146973,8.029999732971191,7.960000038146973,7.989999771118164,502120
2026-07-08 12:45:00,7.96999979019165,7.989999771118164,7.960000038146973,7.96999979019165,164835
2026-07-08 13:00:00,7.96999979019165,7.989999771118164,7.96999979019165,7.989999771118164,103075
2026-07-08 13:15:00,7.980000019073486,7.980000019073486,7.960000038146973,7.96999979019165,298508
2026-07-08 13:30:00,7.960000038146973,7.980000019073486,7.960000038146973,7.96999979019165,161218
2026-07-08 13:45:00,7.960000038146973,7.96999979019165,7.960000038146973,7.960000038146973,139174
2026-07-08 14:00:00,7.96999979019165,7.989999771118164,7.960000038146973,7.980000019073486,343476
2026-07-08 14:15:00,7.96999979019165,7.980000019073486,7.960000038146973,7.980000019073486,260124
2026-07-08 14:30:00,7.960000038146973,7.96999979019165,7.949999809265137,7.960000038146973,152816
2026-07-08 14:45:00,7.96999979019165,7.989999771118164,7.960000038146973,7.960000038146973,213318
2026-07-08 15:00:00,7.980000019073486,7.980000019073486,7.960000038146973,7.96999979019165,71975
2026-07-08 15:15:00,7.96999979019165,7.980000019073486,7.96999979019165,7.96999979019165,58106
2026-07-08 15:30:00,7.980000019073486,7.989999771118164,7.96999979019165,7.980000019073486,37444
2026-07-08 15:45:00,7.960000038146973,7.980000019073486,7.940000057220459,7.980000019073486,629095
2026-07-08 16:00:00,7.960000038146973,7.960000038146973,7.949999809265137,7.960000038146973,35848
2026-07-08 16:15:00,7.940000057220459,7.96999979019165,7.940000057220459,7.949999809265137,595648
2026-07-08 16:30:00,7.949999809265137,7.960000038146973,7.940000057220459,7.949999809265137,135385
2026-07-08 16:45:00,7.960000038146973,7.960000038146973,7.940000057220459,7.949999809265137,143138
2026-07-08 17:00:00,7.96999979019165,7.980000019073486,7.940000057220459,7.960000038146973,580677
2026-07-08 17:15:00,7.929999828338623,7.980000019073486,7.929999828338623,7.96999979019165,580418
2026-07-08 17:30:00,7.920000076293945,7.940000057220459,7.920000076293945,7.929999828338623,243480
2026-07-08 17:45:00,7.929999828338623,7.940000057220459,7.909999847412109,7.920000076293945,396947
2026-07-09 09:45:00,7.96999979019165,7.96999979019165,7.96999979019165,7.96999979019165,0
2026-07-09 10:00:00,7.920000076293945,7.980000019073486,7.900000095367432,7.96999979019165,767176
2026-07-09 10:15:00,7.949999809265137,7.949999809265137,7.909999847412109,7.920000076293945,207243
2026-07-09 10:30:00,7.949999809265137,7.960000038146973,7.940000057220459,7.940000057220459,345371
2026-07-09 10:45:00,7.960000038146973,7.96999979019165,7.960000038146973,7.960000038146973,394385
2026-07-09 11:00:00,7.960000038146973,7.96999979019165,7.949999809265137,7.960000038146973,127543
2026-07-09 11:15:00,7.949999809265137,7.960000038146973,7.949999809265137,7.949999809265137,80648
2026-07-09 11:30:00,7.949999809265137,7.960000038146973,7.940000057220459,7.949999809265137,72062
2026-07-09 11:45:00,7.949999809265137,7.949999809265137,7.929999828338623,7.949999809265137,62852
2026-07-09 12:00:00,7.940000057220459,7.949999809265137,7.929999828338623,7.949999809265137,33884
2026-07-09 12:15:00,7.929999828338623,7.949999809265137,7.929999828338623,7.949999809265137,51810
2026-07-09 12:30:00,7.940000057220459,7.949999809265137,7.929999828338623,7.940000057220459,80029
2026-07-09 12:45:00,7.929999828338623,7.949999809265137,7.929999828338623,7.940000057220459,158254
2026-07-09 13:00:00,7.949999809265137,7.949999809265137,7.929999828338623,7.929999828338623,50834
2026-07-09 13:15:00,7.949999809265137,7.949999809265137,7.940000057220459,7.949999809265137,18241
2026-07-09 13:30:00,7.929999828338623,7.949999809265137,7.929999828338623,7.949999809265137,233736
2026-07-09 13:45:00,7.920000076293945,7.940000057220459,7.900000095367432,7.940000057220459,467271
2026-07-09 14:00:00,7.900000095367432,7.920000076293945,7.900000095367432,7.920000076293945,157231
2026-07-09 14:15:00,7.909999847412109,7.909999847412109,7.900000095367432,7.909999847412109,72315
2026-07-09 14:30:00,7.909999847412109,7.920000076293945,7.900000095367432,7.909999847412109,178725
2026-07-09 14:45:00,7.880000114440918,7.909999847412109,7.860000133514404,7.900000095367432,412066
2026-07-09 15:00:00,7.889999866485596,7.909999847412109,7.869999885559082,7.869999885559082,283197
2026-07-09 15:15:00,7.900000095367432,7.900000095367432,7.880000114440918,7.889999866485596,66168
2026-07-09 15:30:00,7.900000095367432,7.909999847412109,7.889999866485596,7.900000095367432,68327
2026-07-09 15:45:00,7.900000095367432,7.909999847412109,7.880000114440918,7.889999866485596,97244
2026-07-09 16:00:00,7.920000076293945,7.920000076293945,7.900000095367432,7.900000095367432,60925
2026-07-09 16:15:00,7.889999866485596,7.920000076293945,7.889999866485596,7.920000076293945,98892
2026-07-09 16:30:00,7.889999866485596,7.900000095367432,7.880000114440918,7.880000114440918,325216
2026-07-09 16:45:00,7.880000114440918,7.889999866485596,7.869999885559082,7.889999866485596,265753
2026-07-09 17:00:00,7.900000095367432,7.900000095367432,7.869999885559082,7.880000114440918,169785
2026-07-09 17:15:00,7.900000095367432,7.900000095367432,7.880000114440918,7.889999866485596,203008
2026-07-09 17:30:00,7.900000095367432,7.909999847412109,7.869999885559082,7.900000095367432,266748
2026-07-09 17:45:00,7.949999809265137,7.949999809265137,7.900000095367432,7.900000095367432,794850
2026-07-10 09:45:00,7.949999809265137,7.949999809265137,7.949999809265137,7.949999809265137,0
2026-07-10 10:00:00,8.010000228881836,8.020000457763672,7.929999828338623,7.960000038146973,574989
2026-07-10 10:15:00,8.029999732971191,8.039999961853027,7.989999771118164,8.0,910273
2026-07-10 10:30:00,8.010000228881836,8.039999961853027,7.989999771118164,8.020000457763672,416264
2026-07-10 10:45:00,8.020000457763672,8.029999732971191,7.989999771118164,8.0,710047
2026-07-10 11:00:00,8.029999732971191,8.029999732971191,8.010000228881836,8.020000457763672,114055
2026-07-10 11:15:00,8.010000228881836,8.039999961853027,8.010000228881836,8.039999961853027,60604
2026-07-10 11:30:00,8.010000228881836,8.020000457763672,8.0,8.010000228881836,341790
2026-07-10 11:45:00,8.0,8.010000228881836,8.0,8.010000228881836,40556
2026-07-10 12:00:00,8.0,8.010000228881836,8.0,8.0,29531
2026-07-10 12:15:00,8.010000228881836,8.020000457763672,8.0,8.010000228881836,116620
2026-07-10 12:30:00,8.010000228881836,8.010000228881836,7.989999771118164,8.010000228881836,360925
2026-07-10 12:45:00,8.0,8.010000228881836,7.989999771118164,8.010000228881836,181061
2026-07-10 13:00:00,7.989999771118164,8.010000228881836,7.989999771118164,8.0,159274
2026-07-10 13:15:00,7.96999979019165,7.980000019073486,7.949999809265137,7.980000019073486,238612
2026-07-10 13:30:00,7.96999979019165,7.980000019073486,7.960000038146973,7.980000019073486,134652
2026-07-10 13:45:00,7.96999979019165,7.96999979019165,7.960000038146973,7.96999979019165,18832
2026-07-10 14:00:00,7.980000019073486,7.980000019073486,7.960000038146973,7.96999979019165,73620
2026-07-10 14:15:00,7.96999979019165,7.980000019073486,7.960000038146973,7.980000019073486,105798
2026-07-10 14:30:00,7.960000038146973,7.96999979019165,7.960000038146973,7.96999979019165,275576
2026-07-10 14:45:00,7.960000038146973,7.96999979019165,7.949999809265137,7.949999809265137,335242
2026-07-10 15:00:00,7.96999979019165,7.980000019073486,7.940000057220459,7.949999809265137,400929
2026-07-10 15:15:00,7.96999979019165,7.980000019073486,7.960000038146973,7.96999979019165,249349
2026-07-10 15:30:00,7.980000019073486,7.980000019073486,7.960000038146973,7.96999979019165,414413
2026-07-10 15:45:00,7.989999771118164,7.989999771118164,7.96999979019165,7.989999771118164,317989
2026-07-10 16:00:00,7.980000019073486,7.989999771118164,7.96999979019165,7.989999771118164,278906
2026-07-10 16:15:00,7.96999979019165,7.989999771118164,7.96999979019165,7.980000019073486,156510
2026-07-10 16:30:00,8.020000457763672,8.020000457763672,7.96999979019165,7.96999979019165,1477503
2026-07-10 16:45:00,7.96999979019165,8.020000457763672,7.949999809265137,8.020000457763672,1227546
2026-07-10 17:00:00,7.960000038146973,7.980000019073486,7.960000038146973,7.96999979019165,258481
2026-07-10 17:15:00,7.980000019073486,7.989999771118164,7.96999979019165,7.96999979019165,375040
2026-07-10 17:30:00,7.980000019073486,7.980000019073486,7.929999828338623,7.980000019073486,949624
2026-07-10 17:45:00,7.96999979019165,7.980000019073486,7.960000038146973,7.980000019073486,734468
2026-07-13 09:45:00,7.920000076293945,7.920000076293945,7.920000076293945,7.920000076293945,0
2026-07-13 10:00:00,7.900000095367432,7.920000076293945,7.860000133514404,7.920000076293945,465962
2026-07-13 10:15:00,7.880000114440918,7.900000095367432,7.880000114440918,7.900000095367432,339643
2026-07-13 10:30:00,7.900000095367432,7.909999847412109,7.880000114440918,7.880000114440918,119458
2026-07-13 10:45:00,7.880000114440918,7.920000076293945,7.849999904632568,7.909999847412109,637721
2026-07-13 11:00:00,7.900000095367432,7.900000095367432,7.880000114440918,7.889999866485596,159970
2026-07-13 11:15:00,7.880000114440918,7.900000095367432,7.880000114440918,7.900000095367432,117733
2026-07-13 11:30:00,7.900000095367432,7.900000095367432,7.880000114440918,7.889999866485596,129413
2026-07-13 11:45:00,7.880000114440918,7.900000095367432,7.869999885559082,7.889999866485596,197714
2026-07-13 12:00:00,7.880000114440918,7.880000114440918,7.860000133514404,7.880000114440918,281706
2026-07-13 12:15:00,7.869999885559082,7.880000114440918,7.860000133514404,7.869999885559082,169542
2026-07-13 12:30:00,7.880000114440918,7.880000114440918,7.869999885559082,7.869999885559082,65678
2026-07-13 12:45:00,7.869999885559082,7.880000114440918,7.860000133514404,7.880000114440918,76198
2026-07-13 13:00:00,7.869999885559082,7.880000114440918,7.860000133514404,7.869999885559082,167191
2026-07-13 13:15:00,7.860000133514404,7.869999885559082,7.860000133514404,7.869999885559082,46153
2026-07-13 13:30:00,7.869999885559082,7.869999885559082,7.849999904632568,7.860000133514404,220394
2026-07-13 13:45:00,7.869999885559082,7.869999885559082,7.860000133514404,7.860000133514404,50155
2026-07-13 14:00:00,7.869999885559082,7.869999885559082,7.860000133514404,7.869999885559082,116053
2026-07-13 14:15:00,7.869999885559082,7.880000114440918,7.860000133514404,7.860000133514404,278370
2026-07-13 14:30:00,7.820000171661377,7.869999885559082,7.820000171661377,7.869999885559082,517108
2026-07-13 14:45:00,7.840000152587891,7.849999904632568,7.829999923706055,7.829999923706055,843880
2026-07-13 15:00:00,7.829999923706055,7.840000152587891,7.829999923706055,7.829999923706055,211089
2026-07-13 15:15:00,7.829999923706055,7.840000152587891,7.820000171661377,7.829999923706055,335417
2026-07-13 15:30:00,7.820000171661377,7.829999923706055,7.809999942779541,7.820000171661377,177768
2026-07-13 15:45:00,7.820000171661377,7.849999904632568,7.820000171661377,7.820000171661377,290121
2026-07-13 16:00:00,7.840000152587891,7.840000152587891,7.820000171661377,7.829999923706055,109290
2026-07-13 16:15:00,7.829999923706055,7.840000152587891,7.800000190734863,7.840000152587891,395819
2026-07-13 16:30:00,7.809999942779541,7.840000152587891,7.800000190734863,7.820000171661377,510204
2026-07-13 16:45:00,7.829999923706055,7.840000152587891,7.800000190734863,7.809999942779541,317549
2026-07-13 17:00:00,7.820000171661377,7.849999904632568,7.820000171661377,7.840000152587891,300727
2026-07-13 17:15:00,7.820000171661377,7.829999923706055,7.800000190734863,7.820000171661377,239086
2026-07-13 17:30:00,7.809999942779541,7.820000171661377,7.800000190734863,7.809999942779541,248627
2026-07-13 17:45:00,7.789999961853027,7.820000171661377,7.769999980926514,7.809999942779541,1334838
2026-07-14 09:45:00,7.78000020980835,7.78000020980835,7.78000020980835,7.78000020980835,0
2026-07-14 10:00:00,7.75,7.789999961853027,7.71999979019165,7.769999980926514,637293
2026-07-14 10:15:00,7.769999980926514,7.78000020980835,7.739999771118164,7.75,614917
2026-07-14 10:30:00,7.760000228881836,7.769999980926514,7.739999771118164,7.769999980926514,235851
2026-07-14 10:45:00,7.75,7.760000228881836,7.739999771118164,7.760000228881836,511085
2026-07-14 11:00:00,7.769999980926514,7.769999980926514,7.730000019073486,7.75,871547
2026-07-14 11:15:00,7.789999961853027,7.789999961853027,7.75,7.769999980926514,428119
2026-07-14 11:30:00,7.820000171661377,7.829999923706055,7.769999980926514,7.78000020980835,1223374
2026-07-14 11:45:00,7.820000171661377,7.829999923706055,7.820000171661377,7.829999923706055,401412
2026-07-14 12:00:00,7.829999923706055,7.840000152587891,7.820000171661377,7.820000171661377,156755
2026-07-14 12:15:00,7.840000152587891,7.860000133514404,7.820000171661377,7.829999923706055,683943
2026-07-14 12:30:00,7.840000152587891,7.849999904632568,7.840000152587891,7.840000152587891,175129
2026-07-14 12:45:00,7.840000152587891,7.849999904632568,7.840000152587891,7.840000152587891,382918
2026-07-14 13:00:00,7.829999923706055,7.849999904632568,7.820000171661377,7.840000152587891,169525
2026-07-14 13:15:00,7.820000171661377,7.840000152587891,7.820000171661377,7.829999923706055,58524
2026-07-14 13:30:00,7.820000171661377,7.829999923706055,7.820000171661377,7.829999923706055,17115
2026-07-14 13:45:00,7.809999942779541,7.829999923706055,7.809999942779541,7.820000171661377,159934
2026-07-14 14:00:00,7.809999942779541,7.820000171661377,7.800000190734863,7.809999942779541,451104
2026-07-14 14:15:00,7.800000190734863,7.809999942779541,7.800000190734863,7.809999942779541,188380
2026-07-14 14:30:00,7.789999961853027,7.809999942779541,7.789999961853027,7.800000190734863,139036
2026-07-14 14:45:00,7.800000190734863,7.800000190734863,7.78000020980835,7.800000190734863,546781
2026-07-14 15:00:00,7.78000020980835,7.800000190734863,7.78000020980835,7.789999961853027,156298
2026-07-14 15:15:00,7.800000190734863,7.809999942779541,7.78000020980835,7.78000020980835,197899
2026-07-14 15:30:00,7.800000190734863,7.829999923706055,7.800000190734863,7.800000190734863,825828
2026-07-14 15:45:00,7.800000190734863,7.809999942779541,7.789999961853027,7.789999961853027,307705
2026-07-14 16:00:00,7.800000190734863,7.809999942779541,7.789999961853027,7.800000190734863,198412
2026-07-14 16:15:00,7.820000171661377,7.829999923706055,7.789999961853027,7.809999942779541,569382
2026-07-14 16:30:00,7.820000171661377,7.829999923706055,7.809999942779541,7.820000171661377,349920
2026-07-14 16:45:00,7.849999904632568,7.849999904632568,7.820000171661377,7.829999923706055,495415
2026-07-14 17:00:00,7.96999979019165,8.130000114440918,7.849999904632568,7.849999904632568,4849226
2026-07-14 17:15:00,7.960000038146973,8.0,7.949999809265137,7.980000019073486,250563
2026-07-14 17:30:00,7.949999809265137,7.96999979019165,7.949999809265137,7.960000038146973,223539
2026-07-14 17:45:00,7.980000019073486,7.980000019073486,7.940000057220459,7.949999809265137,586340
2026-07-16 09:45:00,8.010000228881836,8.010000228881836,8.010000228881836,8.010000228881836,0
2026-07-16 10:00:00,8.020000457763672,8.0600004196167,7.980000019073486,8.010000228881836,525323
2026-07-16 10:15:00,8.029999732971191,8.039999961853027,8.010000228881836,8.010000228881836,351946
2026-07-16 10:30:00,8.029999732971191,8.050000190734863,8.010000228881836,8.039999961853027,304080
2026-07-16 10:45:00,8.050000190734863,8.050000190734863,8.020000457763672,8.029999732971191,283104
2026-07-16 11:00:00,8.050000190734863,8.069999694824219,8.039999961853027,8.050000190734863,269552
2026-07-16 11:15:00,8.0600004196167,8.069999694824219,8.050000190734863,8.050000190734863,140484
2026-07-16 11:30:00,8.0600004196167,8.079999923706055,8.050000190734863,8.0600004196167,240277
2026-07-16 11:45:00,8.069999694824219,8.069999694824219,8.050000190734863,8.050000190734863,156849
2026-07-16 12:00:00,8.0600004196167,8.069999694824219,8.050000190734863,8.069999694824219,156637
2026-07-16 12:15:00,8.0600004196167,8.0600004196167,8.050000190734863,8.0600004196167,104635
2026-07-16 12:30:00,8.039999961853027,8.0600004196167,8.039999961853027,8.0600004196167,408049
2026-07-16 12:45:00,8.029999732971191,8.039999961853027,8.029999732971191,8.039999961853027,212327
2026-07-16 13:00:00,8.029999732971191,8.039999961853027,8.029999732971191,8.029999732971191,51433
2026-07-16 13:15:00,8.039999961853027,8.039999961853027,8.029999732971191,8.029999732971191,140809
2026-07-16 13:30:00,8.029999732971191,8.039999961853027,8.020000457763672,8.029999732971191,193491
2026-07-16 13:45:00,8.050000190734863,8.050000190734863,8.020000457763672,8.020000457763672,202764
2026-07-16 14:00:00,8.029999732971191,8.050000190734863,8.020000457763672,8.050000190734863,155500
2026-07-16 14:15:00,8.029999732971191,8.039999961853027,8.029999732971191,8.029999732971191,12810
2026-07-16 14:30:00,8.050000190734863,8.0600004196167,8.020000457763672,8.029999732971191,387088
2026-07-16 14:45:00,8.079999923706055,8.119999885559082,8.050000190734863,8.050000190734863,1650579
2026-07-16 15:00:00,8.069999694824219,8.09000015258789,8.069999694824219,8.09000015258789,118894
2026-07-16 15:15:00,8.069999694824219,8.079999923706055,8.0600004196167,8.069999694824219,131875
2026-07-16 15:30:00,8.069999694824219,8.079999923706055,8.0600004196167,8.069999694824219,42895
2026-07-16 15:45:00,8.09000015258789,8.100000381469727,8.0600004196167,8.0600004196167,2605866
2026-07-16 16:00:00,8.109999656677246,8.109999656677246,8.09000015258789,8.09000015258789,409026
2026-07-16 16:15:00,8.119999885559082,8.119999885559082,8.100000381469727,8.100000381469727,239021
2026-07-16 16:30:00,8.109999656677246,8.130000114440918,8.100000381469727,8.119999885559082,286248
2026-07-16 16:45:00,8.100000381469727,8.109999656677246,8.09000015258789,8.109999656677246,103304
2026-07-16 17:00:00,8.100000381469727,8.109999656677246,8.09000015258789,8.100000381469727,233442
2026-07-16 17:15:00,8.109999656677246,8.109999656677246,8.09000015258789,8.100000381469727,128815
2026-07-16 17:30:00,8.100000381469727,8.109999656677246,8.09000015258789,8.109999656677246,190349
2026-07-16 17:45:00,8.100000381469727,8.109999656677246,8.09000015258789,8.100000381469727,863377
2026-07-17 12:00:00,8.039999961853027,8.039999961853027,8.020000457763672,8.029999732971191,53442
2026-07-17 12:15:00,8.050000190734863,8.050000190734863,8.020000457763672,8.039999961853027,323371
2026-07-17 12:30:00,8.020000457763672,8.050000190734863,8.020000457763672,8.039999961853027,95638
2026-07-17 12:45:00,8.029999732971191,8.029999732971191,8.020000457763672,8.020000457763672,88894
2026-07-17 13:00:00,8.020000457763672,8.029999732971191,8.020000457763672,8.029999732971191,91849
2026-07-17 13:15:00,8.020000457763672,8.029999732971191,8.010000228881836,8.020000457763672,148334
2026-07-17 13:30:00,8.029999732971191,8.029999732971191,8.010000228881836,8.020000457763672,15149
2026-07-17 13:45:00,8.029999732971191,8.029999732971191,8.020000457763672,8.029999732971191,52470
2026-07-17 14:00:00,8.029999732971191,8.029999732971191,8.010000228881836,8.020000457763672,183877
2026-07-17 14:15:00,8.109999656677246,8.140000343322754,8.029999732971191,8.039999961853027,967586
2026-07-17 14:30:00,8.119999885559082,8.130000114440918,8.079999923706055,8.109999656677246,528181
2026-07-17 14:45:00,8.079999923706055,8.130000114440918,8.069999694824219,8.119999885559082,362063
2026-07-17 15:00:00,8.079999923706055,8.09000015258789,8.0600004196167,8.079999923706055,418901
2026-07-17 15:15:00,8.100000381469727,8.109999656677246,8.069999694824219,8.079999923706055,190462
2026-07-17 15:30:00,8.09000015258789,8.119999885559082,8.09000015258789,8.109999656677246,244334
2026-07-17 15:45:00,8.09000015258789,8.100000381469727,8.079999923706055,8.100000381469727,89460
2026-07-17 16:00:00,8.079999923706055,8.09000015258789,8.0600004196167,8.079999923706055,206432
2026-07-17 16:15:00,8.050000190734863,8.079999923706055,8.029999732971191,8.079999923706055,668473
2026-07-17 16:30:00,8.050000190734863,8.0600004196167,8.039999961853027,8.050000190734863,70158
2026-07-17 16:45:00,8.079999923706055,8.09000015258789,8.039999961853027,8.050000190734863,186591
2026-07-17 17:00:00,8.050000190734863,8.079999923706055,8.039999961853027,8.079999923706055,410126
2026-07-17 17:15:00,8.069999694824219,8.069999694824219,8.039999961853027,8.0600004196167,119192
2026-07-17 17:30:00,8.039999961853027,8.069999694824219,8.039999961853027,8.0600004196167,189213
2026-07-17 17:45:00,8.050000190734863,8.0600004196167,8.039999961853027,8.050000190734863,391452
2026-07-20 09:45:00,8.130000114440918,8.130000114440918,8.130000114440918,8.130000114440918,0
2026-07-20 10:00:00,8.100000381469727,8.149999618530273,8.020000457763672,8.09000015258789,1186375
2026-07-20 10:15:00,8.119999885559082,8.119999885559082,8.100000381469727,8.100000381469727,278762
2026-07-20 10:30:00,8.130000114440918,8.149999618530273,8.109999656677246,8.109999656677246,1039374
2026-07-20 10:45:00,8.180000305175781,8.1899995803833,8.109999656677246,8.130000114440918,875940
2026-07-20 11:00:00,8.170000076293945,8.1899995803833,8.15999984741211,8.180000305175781,644269
2026-07-20 11:15:00,8.170000076293945,8.1899995803833,8.149999618530273,8.180000305175781,564945
2026-07-20 11:30:00,8.170000076293945,8.180000305175781,8.149999618530273,8.15999984741211,472390
2026-07-20 11:45:00,8.140000343322754,8.170000076293945,8.140000343322754,8.170000076293945,398314
2026-07-20 12:00:00,8.119999885559082,8.149999618530273,8.119999885559082,8.130000114440918,184670
2026-07-20 12:15:00,8.140000343322754,8.140000343322754,8.119999885559082,8.130000114440918,69211
2026-07-20 12:30:00,8.140000343322754,8.149999618530273,8.130000114440918,8.140000343322754,197483
2026-07-20 12:45:00,8.140000343322754,8.149999618530273,8.130000114440918,8.140000343322754,125620
2026-07-20 13:00:00,8.130000114440918,8.140000343322754,8.130000114440918,8.140000343322754,55882
2026-07-20 13:15:00,8.140000343322754,8.140000343322754,8.130000114440918,8.130000114440918,153223
2026-07-20 13:30:00,8.149999618530273,8.149999618530273,8.130000114440918,8.140000343322754,405246
2026-07-20 13:45:00,8.180000305175781,8.1899995803833,8.130000114440918,8.149999618530273,843057
2026-07-20 14:00:00,8.1899995803833,8.199999809265137,8.170000076293945,8.1899995803833,720050
2026-07-20 14:15:00,8.180000305175781,8.1899995803833,8.170000076293945,8.1899995803833,305594
2026-07-20 14:30:00,8.180000305175781,8.199999809265137,8.170000076293945,8.170000076293945,216892
2026-07-20 14:45:00,8.180000305175781,8.1899995803833,8.180000305175781,8.180000305175781,226974
2026-07-20 15:00:00,8.220000267028809,8.229999542236328,8.180000305175781,8.1899995803833,1394688
2026-07-20 15:15:00,8.199999809265137,8.220000267028809,8.1899995803833,8.210000038146973,136692
2026-07-20 15:30:00,8.1899995803833,8.210000038146973,8.180000305175781,8.199999809265137,218310
2026-07-20 15:45:00,8.170000076293945,8.1899995803833,8.15999984741211,8.180000305175781,264039
2026-07-20 16:00:00,8.170000076293945,8.170000076293945,8.149999618530273,8.170000076293945,286875
2026-07-20 16:15:00,8.15999984741211,8.170000076293945,8.15999984741211,8.170000076293945,178902
2026-07-20 16:30:00,8.149999618530273,8.170000076293945,8.140000343322754,8.15999984741211,77593
2026-07-20 16:45:00,8.149999618530273,8.149999618530273,8.130000114440918,8.149999618530273,173141
2026-07-20 17:00:00,8.119999885559082,8.140000343322754,8.100000381469727,8.140000343322754,1102412
2026-07-20 17:15:00,8.130000114440918,8.130000114440918,8.100000381469727,8.119999885559082,405865
2026-07-20 17:30:00,8.109999656677246,8.130000114440918,8.109999656677246,8.130000114440918,130851
2026-07-20 17:45:00,8.109999656677246,8.119999885559082,8.100000381469727,8.109999656677246,506985
2026-07-21 09:45:00,8.130000114440918,8.130000114440918,8.130000114440918,8.130000114440918,0
2026-07-21 10:00:00,8.140000343322754,8.15999984741211,8.119999885559082,8.140000343322754,584433
2026-07-21 10:15:00,8.119999885559082,8.149999618530273,8.119999885559082,8.140000343322754,198392
2026-07-21 10:30:00,8.130000114440918,8.15999984741211,8.119999885559082,8.130000114440918,266936
2026-07-21 10:45:00,8.130000114440918,8.140000343322754,8.119999885559082,8.130000114440918,248849
2026-07-21 11:00:00,8.100000381469727,8.140000343322754,8.09000015258789,8.140000343322754,419097
2026-07-21 11:15:00,8.109999656677246,8.109999656677246,8.09000015258789,8.100000381469727,145615
2026-07-21 11:30:00,8.119999885559082,8.119999885559082,8.100000381469727,8.119999885559082,357543
2026-07-21 11:45:00,8.109999656677246,8.119999885559082,8.100000381469727,8.119999885559082,19537
2026-07-21 12:00:00,8.130000114440918,8.130000114440918,8.100000381469727,8.109999656677246,114291
2026-07-21 12:15:00,8.100000381469727,8.130000114440918,8.100000381469727,8.119999885559082,50147
2026-07-21 12:30:00,8.109999656677246,8.109999656677246,8.09000015258789,8.100000381469727,315605
2026-07-21 12:45:00,8.100000381469727,8.109999656677246,8.100000381469727,8.100000381469727,18445
2026-07-21 13:00:00,8.109999656677246,8.109999656677246,8.100000381469727,8.100000381469727,107676
2026-07-21 13:15:00,8.109999656677246,8.119999885559082,8.100000381469727,8.100000381469727,150005
2026-07-21 13:30:00,8.149999618530273,8.15999984741211,8.109999656677246,8.119999885559082,969107
2026-07-21 13:45:00,8.149999618530273,8.15999984741211,8.149999618530273,8.149999618530273,176734
2026-07-21 14:00:00,8.109999656677246,8.15999984741211,8.109999656677246,8.149999618530273,214429
2026-07-21 14:15:00,8.149999618530273,8.15999984741211,8.100000381469727,8.119999885559082,614347
2026-07-21 14:30:00,8.140000343322754,8.149999618530273,8.119999885559082,8.149999618530273,42349
2026-07-21 14:45:00,8.119999885559082,8.140000343322754,8.109999656677246,8.140000343322754,105778
2026-07-21 15:00:00,8.109999656677246,8.119999885559082,8.100000381469727,8.119999885559082,125768
2026-07-21 15:15:00,8.109999656677246,8.109999656677246,8.100000381469727,8.109999656677246,148128
2026-07-21 15:30:00,8.09000015258789,8.119999885559082,8.09000015258789,8.109999656677246,570471
2026-07-21 15:45:00,8.109999656677246,8.119999885559082,8.069999694824219,8.09000015258789,508445
2026-07-21 16:00:00,8.130000114440918,8.140000343322754,8.109999656677246,8.109999656677246,571345
2026-07-21 16:15:00,8.149999618530273,8.180000305175781,8.130000114440918,8.130000114440918,974408
2026-07-21 16:30:00,8.15999984741211,8.220000267028809,8.15999984741211,8.15999984741211,1605270
2026-07-21 16:45:00,8.279999732971191,8.289999961853027,8.149999618530273,8.15999984741211,5147621
2026-07-21 17:00:00,8.220000267028809,8.279999732971191,8.199999809265137,8.270000457763672,2357774
2026-07-21 17:15:00,8.270000457763672,8.279999732971191,8.220000267028809,8.220000267028809,1071701
2026-07-21 17:30:00,8.270000457763672,8.289999961853027,8.260000228881836,8.270000457763672,957103
2026-07-21 17:45:00,8.279999732971191,8.289999961853027,8.25,8.270000457763672,2008173
2026-07-22 09:45:00,8.300000190734863,8.300000190734863,8.300000190734863,8.300000190734863,0
2026-07-22 10:00:00,8.300000190734863,8.300000190734863,8.270000457763672,8.289999961853027,615286
2026-07-22 10:15:00,8.289999961853027,8.3100004196167,8.289999961853027,8.300000190734863,295170
2026-07-22 10:30:00,8.239999771118164,8.289999961853027,8.239999771118164,8.289999961853027,480701
2026-07-22 10:45:00,8.289999961853027,8.300000190734863,8.239999771118164,8.239999771118164,495339
2026-07-22 11:00:00,8.270000457763672,8.319999694824219,8.260000228881836,8.289999961853027,514240
2026-07-22 11:15:00,8.300000190734863,8.319999694824219,8.270000457763672,8.279999732971191,1584223
2026-07-22 11:30:00,8.319999694824219,8.329999923706055,8.279999732971191,8.300000190734863,973365
2026-07-22 11:45:00,8.3100004196167,8.350000381469727,8.300000190734863,8.319999694824219,1029281
2026-07-22 12:00:00,8.319999694824219,8.329999923706055,8.3100004196167,8.3100004196167,198138
2026-07-22 12:15:00,8.319999694824219,8.329999923706055,8.3100004196167,8.319999694824219,91719
2026-07-22 12:30:00,8.300000190734863,8.319999694824219,8.300000190734863,8.319999694824219,214624
2026-07-22 12:45:00,8.300000190734863,8.319999694824219,8.300000190734863,8.319999694824219,102078
2026-07-22 13:00:00,8.319999694824219,8.319999694824219,8.300000190734863,8.3100004196167,313483
2026-07-22 13:15:00,8.34000015258789,8.350000381469727,8.3100004196167,8.319999694824219,441557
2026-07-22 13:30:00,8.3100004196167,8.350000381469727,8.3100004196167,8.350000381469727,194351
2026-07-22 13:45:00,8.3100004196167,8.319999694824219,8.3100004196167,8.3100004196167,86776
2026-07-22 14:00:00,8.300000190734863,8.319999694824219,8.279999732971191,8.3100004196167,708123
2026-07-22 14:15:00,8.279999732971191,8.300000190734863,8.279999732971191,8.300000190734863,452484
2026-07-22 14:30:00,8.239999771118164,8.289999961853027,8.239999771118164,8.289999961853027,753529
2026-07-22 14:45:00,8.25,8.25,8.229999542236328,8.239999771118164,339202
2026-07-22 15:00:00,8.25,8.25,8.229999542236328,8.25,571789
2026-07-22 15:15:00,8.239999771118164,8.260000228881836,8.229999542236328,8.25,245773
2026-07-22 15:30:00,8.270000457763672,8.279999732971191,8.239999771118164,8.239999771118164,551607
2026-07-22 15:45:00,8.25,8.270000457763672,8.239999771118164,8.270000457763672,332660
2026-07-22 16:00:00,8.260000228881836,8.270000457763672,8.239999771118164,8.25,293597
2026-07-22 16:15:00,8.25,8.270000457763672,8.220000267028809,8.260000228881836,934358
2026-07-22 16:30:00,8.270000457763672,8.270000457763672,8.25,8.260000228881836,163534
2026-07-22 16:45:00,8.270000457763672,8.279999732971191,8.260000228881836,8.270000457763672,213890
2026-07-22 17:00:00,8.34000015258789,8.380000114440918,8.270000457763672,8.279999732971191,2719820
2026-07-22 17:15:00,8.3100004196167,8.34000015258789,8.279999732971191,8.34000015258789,790458
2026-07-22 17:30:00,8.3100004196167,8.319999694824219,8.289999961853027,8.319999694824219,430850
2026-07-22 17:45:00,8.289999961853027,8.3100004196167,8.289999961853027,8.3100004196167,740777
2026-07-23 09:45:00,8.300000190734863,8.300000190734863,8.300000190734863,8.300000190734863,0
2026-07-23 10:00:00,8.260000228881836,8.34000015258789,8.25,8.329999923706055,919209
2026-07-23 10:15:00,8.289999961853027,8.289999961853027,8.260000228881836,8.260000228881836,267408
2026-07-23 10:30:00,8.270000457763672,8.289999961853027,8.260000228881836,8.289999961853027,224667
2026-07-23 10:45:00,8.329999923706055,8.329999923706055,8.260000228881836,8.270000457763672,889619
2026-07-23 11:00:00,8.34000015258789,8.359999656677246,8.329999923706055,8.329999923706055,880696
2026-07-23 11:15:00,8.289999961853027,8.34000015258789,8.289999961853027,8.34000015258789,614055
2026-07-23 11:30:00,8.289999961853027,8.300000190734863,8.289999961853027,8.289999961853027,559547
2026-07-23 11:45:00,8.289999961853027,8.300000190734863,8.289999961853027,8.289999961853027,108622
2026-07-23 12:00:00,8.300000190734863,8.3100004196167,8.289999961853027,8.300000190734863,281982
2026-07-23 12:15:00,8.300000190734863,8.3100004196167,8.289999961853027,8.300000190734863,105956
2026-07-23 12:30:00,8.300000190734863,8.3100004196167,8.289999961853027,8.300000190734863,116055
2026-07-23 12:45:00,8.3100004196167,8.3100004196167,8.300000190734863,8.300000190734863,35254
2026-07-23 13:00:00,8.289999961853027,8.3100004196167,8.289999961853027,8.3100004196167,264745
2026-07-23 13:15:00,8.270000457763672,8.289999961853027,8.260000228881836,8.289999961853027,522612
2026-07-23 13:30:00,8.279999732971191,8.279999732971191,8.270000457763672,8.279999732971191,117417
2026-07-23 13:45:00,8.239999771118164,8.279999732971191,8.239999771118164,8.279999732971191,550291
2026-07-23 14:00:00,8.149999618530273,8.260000228881836,8.149999618530273,8.260000228881836,1715532
2026-07-23 14:15:00,8.149999618530273,8.170000076293945,8.140000343322754,8.15999984741211,682507
2026-07-23 14:30:00,8.140000343322754,8.149999618530273,8.130000114440918,8.149999618530273,641843
2026-07-23 14:45:00,8.210000038146973,8.220000267028809,8.130000114440918,8.140000343322754,867516
2026-07-23 15:00:00,8.1899995803833,8.220000267028809,8.180000305175781,8.210000038146973,395086
2026-07-23 15:15:00,8.170000076293945,8.1899995803833,8.170000076293945,8.1899995803833,75234
2026-07-23 15:30:00,8.149999618530273,8.170000076293945,8.140000343322754,8.170000076293945,408959
2026-07-23 15:45:00,8.15999984741211,8.15999984741211,8.140000343322754,8.140000343322754,106322
2026-07-23 16:00:00,8.140000343322754,8.15999984741211,8.130000114440918,8.149999618530273,204724
2026-07-23 16:15:00,8.130000114440918,8.149999618530273,8.119999885559082,8.140000343322754,585940
2026-07-23 16:30:00,8.149999618530273,8.149999618530273,8.119999885559082,8.130000114440918,392340
2026-07-23 16:45:00,8.140000343322754,8.149999618530273,8.140000343322754,8.149999618530273,257900
2026-07-23 17:00:00,8.109999656677246,8.15999984741211,8.109999656677246,8.140000343322754,504909
2026-07-23 17:15:00,8.09000015258789,8.109999656677246,8.069999694824219,8.109999656677246,1050485
2026-07-23 17:30:00,8.069999694824219,8.109999656677246,8.039999961853027,8.09000015258789,1630142
2026-07-23 17:45:00,8.170000076293945,8.170000076293945,8.039999961853027,8.069999694824219,2329801
2026-07-24 09:45:00,8.170000076293945,8.170000076293945,8.170000076293945,8.170000076293945,0
2026-07-24 10:00:00,8.210000038146973,8.210000038146973,8.149999618530273,8.170000076293945,623419
2026-07-24 10:15:00,8.210000038146973,8.229999542236328,8.199999809265137,8.210000038146973,491396
2026-07-24 10:30:00,8.199999809265137,8.220000267028809,8.199999809265137,8.199999809265137,357429
2026-07-24 10:45:00,8.180000305175781,8.199999809265137,8.15999984741211,8.199999809265137,519805
2026-07-24 11:00:00,8.170000076293945,8.170000076293945,8.149999618530273,8.170000076293945,156337
2026-07-24 11:15:00,8.15999984741211,8.170000076293945,8.140000343322754,8.15999984741211,224367
2026-07-24 11:30:00,8.180000305175781,8.180000305175781,8.149999618530273,8.15999984741211,86498
2026-07-24 11:45:00,8.170000076293945,8.199999809265137,8.15999984741211,8.180000305175781,321633
2026-07-24 12:00:00,8.170000076293945,8.170000076293945,8.15999984741211,8.170000076293945,82052
2026-07-24 12:15:00,8.149999618530273,8.170000076293945,8.149999618530273,8.170000076293945,109864
2026-07-24 12:30:00,8.130000114440918,8.140000343322754,8.119999885559082,8.140000343322754,69167
2026-07-24 12:45:00,8.100000381469727,8.130000114440918,8.09000015258789,8.130000114440918,464517
2026-07-24 13:00:00,8.100000381469727,8.109999656677246,8.09000015258789,8.109999656677246,151188
2026-07-24 13:15:00,8.100000381469727,8.109999656677246,8.09000015258789,8.100000381469727,124520
2026-07-24 13:30:00,8.100000381469727,8.109999656677246,8.09000015258789,8.09000015258789,90067
2026-07-24 13:45:00,8.09000015258789,8.109999656677246,8.09000015258789,8.100000381469727,79611
2026-07-24 14:00:00,8.09000015258789,8.100000381469727,8.079999923706055,8.100000381469727,84594
2026-07-24 14:15:00,8.069999694824219,8.09000015258789,8.0600004196167,8.09000015258789,311841
2026-07-24 14:30:00,8.0600004196167,8.079999923706055,8.050000190734863,8.069999694824219,135336
2026-07-24 14:45:00,8.079999923706055,8.079999923706055,8.0600004196167,8.0600004196167,63412
2026-07-24 15:00:00,8.069999694824219,8.079999923706055,8.0600004196167,8.069999694824219,65913
2026-07-24 15:15:00,8.0600004196167,8.079999923706055,8.0600004196167,8.069999694824219,37980
2026-07-24 15:30:00,8.0600004196167,8.069999694824219,8.050000190734863,8.0600004196167,112230
2026-07-24 15:45:00,8.0600004196167,8.079999923706055,8.0600004196167,8.0600004196167,282841
2026-07-24 16:00:00,8.069999694824219,8.069999694824219,8.0600004196167,8.0600004196167,124151
2026-07-24 16:15:00,8.079999923706055,8.079999923706055,8.0600004196167,8.069999694824219,51349
2026-07-24 16:30:00,8.0600004196167,8.079999923706055,8.050000190734863,8.069999694824219,168719
2026-07-24 16:45:00,8.029999732971191,8.0600004196167,8.029999732971191,8.0600004196167,258672
2026-07-24 17:00:00,8.0600004196167,8.069999694824219,8.050000190734863,8.050000190734863,123308
2026-07-24 17:15:00,8.0600004196167,8.079999923706055,8.0600004196167,8.069999694824219,264867
2026-07-24 17:30:00,8.09000015258789,8.09000015258789,8.0600004196167,8.079999923706055,473659
2026-07-24 17:45:00,8.079999923706055,8.09000015258789,8.0600004196167,8.079999923706055,760419
2026-07-27 09:45:00,8.1899995803833,8.1899995803833,8.1899995803833,8.1899995803833,0
2026-07-27 10:00:00,8.170000076293945,8.199999809265137,8.149999618530273,8.1899995803833,1765951
2026-07-27 10:15:00,8.199999809265137,8.210000038146973,8.15999984741211,8.15999984741211,716050
2026-07-27 10:30:00,8.199999809265137,8.210000038146973,8.1899995803833,8.199999809265137,781508
2026-07-27 10:45:00,8.15999984741211,8.199999809265137,8.149999618530273,8.199999809265137,740128
2026-07-27 11:00:00,8.130000114440918,8.15999984741211,8.119999885559082,8.149999618530273,295315
2026-07-27 11:15:00,8.170000076293945,8.180000305175781,8.119999885559082,8.130000114440918,365014
2026-07-27 11:30:00,8.170000076293945,8.170000076293945,8.149999618530273,8.15999984741211,181509
2026-07-27 11:45:00,8.15999984741211,8.170000076293945,8.149999618530273,8.15999984741211,92159
2026-07-27 12:00:00,8.149999618530273,8.170000076293945,8.149999618530273,8.15999984741211,79074
2026-07-27 12:15:00,8.149999618530273,8.15999984741211,8.140000343322754,8.149999618530273,175225
2026-07-27 12:30:00,8.149999618530273,8.149999618530273,8.130000114440918,8.149999618530273,81431
2026-07-27 12:45:00,8.149999618530273,8.15999984741211,8.140000343322754,8.149999618530273,26010
2026-07-27 13:00:00,8.130000114440918,8.149999618530273,8.119999885559082,8.149999618530273,293584
2026-07-27 13:15:00,8.140000343322754,8.140000343322754,8.130000114440918,8.130000114440918,43416
2026-07-27 13:30:00,8.149999618530273,8.149999618530273,8.130000114440918,8.130000114440918,98228
2026-07-27 13:45:00,8.140000343322754,8.149999618530273,8.130000114440918,8.140000343322754,134157
2026-07-27 14:00:00,8.140000343322754,8.140000343322754,8.119999885559082,8.140000343322754,116985
2026-07-27 14:15:00,8.130000114440918,8.140000343322754,8.119999885559082,8.140000343322754,61021
2026-07-27 14:30:00,8.140000343322754,8.140000343322754,8.119999885559082,8.130000114440918,155226
2026-07-27 14:45:00,8.130000114440918,8.140000343322754,8.119999885559082,8.140000343322754,162900
2026-07-27 15:00:00,8.100000381469727,8.140000343322754,8.100000381469727,8.130000114440918,473774
2026-07-27 15:15:00,8.100000381469727,8.100000381469727,8.079999923706055,8.100000381469727,128472
2026-07-27 15:30:00,8.100000381469727,8.109999656677246,8.09000015258789,8.109999656677246,18994
2026-07-27 15:45:00,8.09000015258789,8.100000381469727,8.09000015258789,8.100000381469727,138201
2026-07-27 16:00:00,8.100000381469727,8.100000381469727,8.069999694824219,8.09000015258789,339948
2026-07-27 16:15:00,8.119999885559082,8.149999618530273,8.09000015258789,8.100000381469727,858108
2026-07-27 16:30:00,8.109999656677246,8.130000114440918,8.109999656677246,8.130000114440918,87533
2026-07-27 16:45:00,8.100000381469727,8.119999885559082,8.09000015258789,8.119999885559082,124579
2026-07-27 17:00:00,8.100000381469727,8.100000381469727,8.079999923706055,8.100000381469727,128981
2026-07-27 17:15:00,8.09000015258789,8.140000343322754,8.09000015258789,8.100000381469727,500448
2026-07-27 17:30:00,8.09000015258789,8.100000381469727,8.079999923706055,8.09000015258789,194301
2026-07-27 17:45:00,8.079999923706055,8.09000015258789,8.0600004196167,8.09000015258789,848409
2026-07-28 09:45:00,8.069999694824219,8.069999694824219,8.069999694824219,8.069999694824219,0
2026-07-28 10:00:00,8.069999694824219,8.09000015258789,8.050000190734863,8.069999694824219,262795
2026-07-28 10:15:00,8.100000381469727,8.130000114440918,8.0600004196167,8.069999694824219,605723
2026-07-28 10:30:00,8.09000015258789,8.100000381469727,8.069999694824219,8.100000381469727,872835
2026-07-28 10:45:00,8.079999923706055,8.09000015258789,8.0600004196167,8.079999923706055,251037
2026-07-28 11:00:00,8.069999694824219,8.079999923706055,8.0600004196167,8.069999694824219,147870
2026-07-28 11:15:00,8.069999694824219,8.079999923706055,8.050000190734863,8.069999694824219,394197
2026-07-28 11:30:00,8.079999923706055,8.079999923706055,8.0600004196167,8.069999694824219,585865
2026-07-28 11:45:00,8.069999694824219,8.079999923706055,8.0600004196167,8.069999694824219,160345
2026-07-28 12:00:00,8.069999694824219,8.079999923706055,8.050000190734863,8.069999694824219,181833
2026-07-28 12:15:00,8.069999694824219,8.079999923706055,8.0600004196167,8.069999694824219,514280
2026-07-28 12:30:00,8.069999694824219,8.069999694824219,8.050000190734863,8.069999694824219,181542
2026-07-28 12:45:00,8.0600004196167,8.0600004196167,8.050000190734863,8.0600004196167,244228
2026-07-28 13:00:00,8.039999961853027,8.050000190734863,8.029999732971191,8.050000190734863,56337
2026-07-28 13:15:00,8.050000190734863,8.050000190734863,8.029999732971191,8.029999732971191,53031
2026-07-28 13:30:00,8.050000190734863,8.050000190734863,8.039999961853027,8.039999961853027,34429
2026-07-28 13:45:00,8.0600004196167,8.069999694824219,8.039999961853027,8.050000190734863,122898
2026-07-28 14:00:00,8.069999694824219,8.069999694824219,8.039999961853027,8.0600004196167,375067
2026-07-28 14:15:00,8.069999694824219,8.079999923706055,8.069999694824219,8.069999694824219,100119
2026-07-28 14:30:00,8.069999694824219,8.069999694824219,8.050000190734863,8.069999694824219,84311
2026-07-28 14:45:00,8.0600004196167,8.0600004196167,8.050000190734863,8.0600004196167,33612
2026-07-28 15:00:00,8.039999961853027,8.0600004196167,8.039999961853027,8.0600004196167,215863
2026-07-28 15:15:00,8.029999732971191,8.050000190734863,8.029999732971191,8.029999732971191,136303
2026-07-28 15:30:00,8.039999961853027,8.050000190734863,8.029999732971191,8.029999732971191,186163
2026-07-28 15:45:00,8.050000190734863,8.050000190734863,8.029999732971191,8.050000190734863,41607
2026-07-28 16:00:00,8.050000190734863,8.050000190734863,8.039999961853027,8.039999961853027,351392
2026-07-28 16:15:00,8.039999961853027,8.050000190734863,8.039999961853027,8.050000190734863,214470
2026-07-28 16:30:00,8.029999732971191,8.050000190734863,8.029999732971191,8.050000190734863,146770
2026-07-28 16:45:00,8.029999732971191,8.039999961853027,8.020000457763672,8.029999732971191,368127
2026-07-28 17:00:00,8.020000457763672,8.039999961853027,8.020000457763672,8.020000457763672,459014
2026-07-28 17:15:00,8.029999732971191,8.029999732971191,8.010000228881836,8.020000457763672,226376
2026-07-28 17:30:00,8.010000228881836,8.029999732971191,8.010000228881836,8.020000457763672,255801
2026-07-28 17:45:00,8.010000228881836,8.029999732971191,7.989999771118164,8.020000457763672,357547
2026-07-29 09:45:00,8.100000381469727,8.100000381469727,8.100000381469727,8.100000381469727,0
2026-07-29 10:00:00,8.020000457763672,8.100000381469727,8.010000228881836,8.100000381469727,431674
2026-07-29 10:15:00,7.989999771118164,8.039999961853027,7.989999771118164,8.029999732971191,512353
2026-07-29 10:30:00,8.0,8.010000228881836,7.96999979019165,7.980000019073486,269320
2026-07-29 10:45:00,8.0,8.020000457763672,7.989999771118164,8.0,74784
2026-07-29 11:00:00,8.010000228881836,8.020000457763672,7.989999771118164,7.989999771118164,147652
2026-07-29 11:15:00,7.960000038146973,8.010000228881836,7.949999809265137,7.989999771118164,393654
2026-07-29 11:30:00,7.96999979019165,7.980000019073486,7.960000038146973,7.960000038146973,127449
2026-07-29 11:45:00,7.960000038146973,7.980000019073486,7.960000038146973,7.980000019073486,238573
2026-07-29 12:00:00,7.96999979019165,7.96999979019165,7.960000038146973,7.960000038146973,63259
2026-07-29 12:15:00,7.949999809265137,7.96999979019165,7.949999809265137,7.96999979019165,64439
2026-07-29 12:30:00,7.960000038146973,7.960000038146973,7.940000057220459,7.960000038146973,247238
2026-07-29 12:45:00,7.960000038146973,7.96999979019165,7.949999809265137,7.96999979019165,87573
2026-07-29 13:00:00,7.949999809265137,7.960000038146973,7.940000057220459,7.949999809265137,113277
2026-07-29 13:15:00,7.949999809265137,7.960000038146973,7.940000057220459,7.949999809265137,132309
2026-07-29 13:30:00,7.940000057220459,7.960000038146973,7.929999828338623,7.949999809265137,170094
2026-07-29 13:45:00,7.929999828338623,7.949999809265137,7.920000076293945,7.929999828338623,225353
2026-07-29 14:00:00,7.920000076293945,7.940000057220459,7.909999847412109,7.929999828338623,294343
2026-07-29 14:15:00,7.929999828338623,7.940000057220459,7.920000076293945,7.920000076293945,134305
2026-07-29 14:30:00,7.920000076293945,7.929999828338623,7.909999847412109,7.929999828338623,96774
2026-07-29 14:45:00,7.920000076293945,7.929999828338623,7.920000076293945,7.929999828338623,112600
2026-07-29 15:00:00,7.929999828338623,7.929999828338623,7.909999847412109,7.929999828338623,36063
2026-07-29 15:15:00,7.900000095367432,7.929999828338623,7.880000114440918,7.920000076293945,334009
2026-07-29 15:30:00,7.869999885559082,7.900000095367432,7.869999885559082,7.900000095367432,305832
2026-07-29 15:45:00,7.869999885559082,7.880000114440918,7.860000133514404,7.869999885559082,341103
2026-07-29 16:00:00,7.860000133514404,7.869999885559082,7.829999923706055,7.869999885559082,399347
2026-07-29 16:15:00,7.960000038146973,7.960000038146973,7.840000152587891,7.849999904632568,847441
2026-07-29 16:30:00,7.96999979019165,7.989999771118164,7.949999809265137,7.949999809265137,1221139
2026-07-29 16:45:00,7.880000114440918,7.980000019073486,7.860000133514404,7.96999979019165,737460
2026-07-29 17:00:00,7.829999923706055,7.889999866485596,7.820000171661377,7.889999866485596,359470
2026-07-29 17:15:00,7.869999885559082,7.889999866485596,7.829999923706055,7.829999923706055,188219
2026-07-29 17:30:00,7.880000114440918,7.889999866485596,7.860000133514404,7.869999885559082,254006
2026-07-29 17:45:00,7.860000133514404,7.889999866485596,7.860000133514404,7.880000114440918,845961
2026-07-30 09:45:00,7.880000114440918,7.880000114440918,7.880000114440918,7.880000114440918,0
2026-07-30 10:00:00,7.889999866485596,7.900000095367432,7.800000190734863,7.880000114440918,1287775
2026-07-30 10:15:00,7.840000152587891,7.889999866485596,7.840000152587891,7.889999866485596,282506
2026-07-30 10:30:00,7.820000171661377,7.849999904632568,7.800000190734863,7.840000152587891,261399
2026-07-30 10:45:00,7.820000171661377,7.849999904632568,7.800000190734863,7.809999942779541,482174
2026-07-30 11:00:00,7.849999904632568,7.849999904632568,7.820000171661377,7.829999923706055,299989
2026-07-30 11:15:00,7.869999885559082,7.869999885559082,7.840000152587891,7.840000152587891,230926
2026-07-30 11:30:00,7.880000114440918,7.880000114440918,7.869999885559082,7.869999885559082,142827
2026-07-30 11:45:00,7.880000114440918,7.900000095367432,7.869999885559082,7.880000114440918,301427
2026-07-30 12:00:00,7.889999866485596,7.900000095367432,7.869999885559082,7.880000114440918,126977
2026-07-30 12:15:00,7.900000095367432,7.909999847412109,7.889999866485596,7.900000095367432,80609
2026-07-30 12:30:00,7.889999866485596,7.900000095367432,7.880000114440918,7.889999866485596,123796
2026-07-30 12:45:00,7.880000114440918,7.900000095367432,7.880000114440918,7.900000095367432,45831
2026-07-30 13:00:00,7.889999866485596,7.889999866485596,7.880000114440918,7.889999866485596,39065
2026-07-30 13:15:00,7.880000114440918,7.889999866485596,7.880000114440918,7.889999866485596,23037
2026-07-30 13:30:00,7.889999866485596,7.900000095367432,7.880000114440918,7.880000114440918,30564
2026-07-30 13:45:00,7.880000114440918,7.889999866485596,7.880000114440918,7.889999866485596,103814
2026-07-30 14:00:00,7.860000133514404,7.880000114440918,7.860000133514404,7.880000114440918,252070
2026-07-30 14:15:00,7.860000133514404,7.869999885559082,7.849999904632568,7.860000133514404,246022
2026-07-30 14:30:00,7.860000133514404,7.860000133514404,7.849999904632568,7.860000133514404,114994
2026-07-30 14:45:00,7.849999904632568,7.860000133514404,7.840000152587891,7.860000133514404,140671
2026-07-30 15:00:00,7.829999923706055,7.849999904632568,7.829999923706055,7.849999904632568,99639
2026-07-30 15:15:00,7.889999866485596,7.909999847412109,7.829999923706055,7.840000152587891,594613
2026-07-30 15:30:00,7.860000133514404,7.900000095367432,7.849999904632568,7.900000095367432,104745
2026-07-30 15:45:00,7.829999923706055,7.860000133514404,7.820000171661377,7.860000133514404,251085
2026-07-30 16:00:00,7.829999923706055,7.849999904632568,7.820000171661377,7.829999923706055,185351
2026-07-30 16:15:00,7.829999923706055,7.849999904632568,7.820000171661377,7.829999923706055,235829
2026-07-30 16:30:00,7.840000152587891,7.840000152587891,7.829999923706055,7.829999923706055,123675
2026-07-30 16:45:00,7.820000171661377,7.860000133514404,7.820000171661377,7.840000152587891,191828
2026-07-30 17:00:00,7.849999904632568,7.869999885559082,7.809999942779541,7.820000171661377,412666
2026-07-30 17:15:00,7.949999809265137,7.960000038146973,7.840000152587891,7.840000152587891,887575
2026-07-30 17:30:00,7.96999979019165,7.980000019073486,7.929999828338623,7.949999809265137,1233714
2026-07-30 17:45:00,7.949999809265137,8.0,7.940000057220459,7.960000038146973,1027293
2026-07-31 09:45:00,8.0,8.0,8.0,8.0,0
2026-07-31 10:00:00,8.029999732971191,8.029999732971191,7.989999771118164,8.010000228881836,387770
2026-07-31 10:15:00,7.96999979019165,8.039999961853027,7.949999809265137,8.029999732971191,452937
2026-07-31 10:30:00,7.960000038146973,7.96999979019165,7.960000038146973,7.96999979019165,334347
2026-07-31 10:45:00,7.949999809265137,7.96999979019165,7.940000057220459,7.960000038146973,188150
2026-07-31 11:00:00,7.920000076293945,7.949999809265137,7.909999847412109,7.940000057220459,124613
2026-07-31 11:15:00,7.909999847412109,7.920000076293945,7.900000095367432,7.909999847412109,57549
2026-07-31 11:30:00,7.889999866485596,7.909999847412109,7.889999866485596,7.909999847412109,66734
2026-07-31 11:45:00,7.880000114440918,7.900000095367432,7.869999885559082,7.900000095367432,149588
2026-07-31 12:00:00,7.869999885559082,7.880000114440918,7.869999885559082,7.880000114440918,74706
2026-07-31 12:15:00,7.869999885559082,7.900000095367432,7.869999885559082,7.880000114440918,120761
2026-07-31 12:30:00,7.860000133514404,7.880000114440918,7.849999904632568,7.880000114440918,175270
2026-07-31 12:45:00,7.869999885559082,7.869999885559082,7.849999904632568,7.860000133514404,91594
2026-07-31 13:00:00,7.860000133514404,7.869999885559082,7.849999904632568,7.860000133514404,215077
2026-07-31 13:15:00,7.860000133514404,7.880000114440918,7.860000133514404,7.869999885559082,131219
2026-07-31 13:30:00,7.860000133514404,7.869999885559082,7.860000133514404,7.860000133514404,81521
2026-07-31 13:45:00,7.860000133514404,7.880000114440918,7.860000133514404,7.860000133514404,174322
2026-07-31 14:00:00,7.869999885559082,7.869999885559082,7.860000133514404,7.860000133514404,81145
2026-07-31 14:15:00,7.860000133514404,7.889999866485596,7.849999904632568,7.869999885559082,311681
2026-07-31 14:30:00,7.869999885559082,7.880000114440918,7.860000133514404,7.880000114440918,47428
2026-07-31 14:45:00,7.880000114440918,7.889999866485596,7.860000133514404,7.860000133514404,131548
2026-07-31 15:00:00,7.869999885559082,7.889999866485596,7.860000133514404,7.880000114440918,153414
2026-07-31 15:15:00,7.849999904632568,7.869999885559082,7.840000152587891,7.860000133514404,315192
2026-07-31 15:30:00,7.829999923706055,7.849999904632568,7.820000171661377,7.840000152587891,501319
2026-07-31 15:45:00,7.840000152587891,7.849999904632568,7.820000171661377,7.840000152587891,172185
2026-07-31 16:00:00,7.940000057220459,7.960000038146973,7.829999923706055,7.840000152587891,2044038
2026-07-31 16:15:00,7.940000057220459,7.96999979019165,7.940000057220459,7.940000057220459,833053
2026-07-31 16:30:00,7.929999828338623,7.960000038146973,7.929999828338623,7.940000057220459,607136
2026-07-31 16:45:00,7.940000057220459,7.940000057220459,7.909999847412109,7.929999828338623,394177
2026-07-31 17:00:00,7.929999828338623,7.96999979019165,7.929999828338623,7.940000057220459,211036
2026-07-31 17:15:00,7.929999828338623,7.949999809265137,7.929999828338623,7.949999809265137,83836
2026-07-31 17:45:00,7.929999828338623,7.940000057220459,7.929999828338623,7.929999828338623,19213
2026-08-03 09:45:00,8.039999961853027,8.039999961853027,8.039999961853027,8.039999961853027,0
2026-08-03 10:00:00,8.100000381469727,8.25,8.020000457763672,8.039999961853027,3620706
2026-08-03 10:15:00,8.180000305175781,8.199999809265137,8.09000015258789,8.100000381469727,1826689
2026-08-03 10:30:00,8.170000076293945,8.199999809265137,8.149999618530273,8.1899995803833,944555
2026-08-03 10:45:00,8.15999984741211,8.180000305175781,8.140000343322754,8.170000076293945,863295
2026-08-03 11:00:00,8.170000076293945,8.180000305175781,8.149999618530273,8.15999984741211,349143
2026-08-03 11:15:00,8.180000305175781,8.180000305175781,8.15999984741211,8.170000076293945,467656
2026-08-03 11:30:00,8.180000305175781,8.199999809265137,8.170000076293945,8.180000305175781,210245
2026-08-03 11:45:00,8.180000305175781,8.1899995803833,8.15999984741211,8.170000076293945,542751
2026-08-03 12:00:00,8.180000305175781,8.180000305175781,8.170000076293945,8.180000305175781,230019
2026-08-03 12:15:00,8.170000076293945,8.180000305175781,8.15999984741211,8.180000305175781,99658
2026-08-03 12:30:00,8.180000305175781,8.1899995803833,8.15999984741211,8.15999984741211,175812
2026-08-03 12:45:00,8.170000076293945,8.180000305175781,8.15999984741211,8.180000305175781,110881
2026-08-03 13:00:00,8.15999984741211,8.170000076293945,8.15999984741211,8.170000076293945,69770
2026-08-03 13:15:00,8.15999984741211,8.15999984741211,8.149999618530273,8.15999984741211,371421
2026-08-03 13:30:00,8.149999618530273,8.15999984741211,8.149999618530273,8.149999618530273,112563
2026-08-03 13:45:00,8.15999984741211,8.15999984741211,8.149999618530273,8.149999618530273,76087
2026-08-03 14:00:00,8.170000076293945,8.180000305175781,8.149999618530273,8.149999618530273,183969
2026-08-03 14:15:00,8.170000076293945,8.180000305175781,8.149999618530273,8.180000305175781,279330
2026-08-03 14:30:00,8.170000076293945,8.170000076293945,8.15999984741211,8.170000076293945,105542
2026-08-03 14:45:00,8.15999984741211,8.170000076293945,8.15999984741211,8.170000076293945,35052
2026-08-03 15:00:00,8.140000343322754,8.170000076293945,8.100000381469727,8.15999984741211,1245462
2026-08-03 15:15:00,8.109999656677246,8.140000343322754,8.100000381469727,8.140000343322754,240641
2026-08-03 15:30:00,8.109999656677246,8.119999885559082,8.09000015258789,8.109999656677246,222846
2026-08-03 15:45:00,8.100000381469727,8.109999656677246,8.09000015258789,8.109999656677246,152836
2026-08-03 16:00:00,8.09000015258789,8.109999656677246,8.09000015258789,8.100000381469727,242588
2026-08-03 16:15:00,8.069999694824219,8.09000015258789,8.069999694824219,8.09000015258789,410011
2026-08-03 16:30:00,8.079999923706055,8.09000015258789,8.0600004196167,8.069999694824219,198270
2026-08-03 16:45:00,8.09000015258789,8.09000015258789,8.069999694824219,8.079999923706055,72914
2026-08-03 17:00:00,8.100000381469727,8.100000381469727,8.079999923706055,8.09000015258789,226090
2026-08-03 17:15:00,8.109999656677246,8.119999885559082,8.09000015258789,8.09000015258789,404324
2026-08-03 17:30:00,8.079999923706055,8.100000381469727,8.069999694824219,8.100000381469727,386025
2026-08-03 17:45:00,8.050000190734863,8.079999923706055,8.039999961853027,8.069999694824219,1061805
2026-08-04 09:45:00,8.020000457763672,8.020000457763672,8.020000457763672,8.020000457763672,0
2026-08-04 10:00:00,7.989999771118164,8.039999961853027,7.989999771118164,8.020000457763672,870111
2026-08-04 10:15:00,7.960000038146973,8.0,7.949999809265137,8.0,702981
2026-08-04 10:30:00,7.989999771118164,7.989999771118164,7.949999809265137,7.960000038146973,235063
2026-08-04 10:45:00,8.020000457763672,8.039999961853027,7.980000019073486,7.989999771118164,548907
2026-08-04 11:00:00,8.039999961853027,8.050000190734863,8.020000457763672,8.020000457763672,398818
2026-08-04 11:15:00,8.0600004196167,8.0600004196167,8.029999732971191,8.039999961853027,194623
2026-08-04 11:30:00,8.039999961853027,8.0600004196167,8.029999732971191,8.0600004196167,276574
2026-08-04 11:45:00,8.010000228881836,8.039999961853027,8.0,8.029999732971191,402218
2026-08-04 12:00:00,8.0600004196167,8.079999923706055,8.0,8.010000228881836,947354
2026-08-04 12:15:00,8.069999694824219,8.069999694824219,8.050000190734863,8.050000190734863,289673
2026-08-04 12:30:00,8.0600004196167,8.069999694824219,8.050000190734863,8.069999694824219,62013
2026-08-04 12:45:00,8.050000190734863,8.0600004196167,8.029999732971191,8.050000190734863,425515
2026-08-04 13:00:00,8.050000190734863,8.0600004196167,8.029999732971191,8.039999961853027,288824
2026-08-04 13:15:00,8.069999694824219,8.109999656677246,8.0600004196167,8.069999694824219,1050738
2026-08-04 13:30:00,8.069999694824219,8.09000015258789,8.0600004196167,8.079999923706055,114866
2026-08-04 13:45:00,8.119999885559082,8.119999885559082,8.079999923706055,8.079999923706055,517278
2026-08-04 14:00:00,8.119999885559082,8.140000343322754,8.119999885559082,8.119999885559082,651940
2026-08-04 14:15:00,8.130000114440918,8.130000114440918,8.109999656677246,8.119999885559082,165244
2026-08-04 14:30:00,8.140000343322754,8.140000343322754,8.109999656677246,8.119999885559082,178933
2026-08-04 14:45:00,8.210000038146973,8.229999542236328,8.130000114440918,8.140000343322754,1369723
2026-08-04 15:00:00,8.210000038146973,8.229999542236328,8.1899995803833,8.210000038146973,517699
2026-08-04 15:15:00,8.199999809265137,8.229999542236328,8.1899995803833,8.210000038146973,806053
2026-08-04 15:30:00,8.210000038146973,8.239999771118164,8.199999809265137,8.199999809265137,634699
2026-08-04 15:45:00,8.220000267028809,8.229999542236328,8.1899995803833,8.220000267028809,747675
2026-08-04 16:00:00,8.260000228881836,8.289999961853027,8.199999809265137,8.220000267028809,2505259
2026-08-04 16:15:00,8.350000381469727,8.350000381469727,8.260000228881836,8.260000228881836,2253165
2026-08-04 16:30:00,8.399999618530273,8.40999984741211,8.34000015258789,8.350000381469727,3054790
2026-08-04 16:45:00,8.3100004196167,8.40999984741211,8.289999961853027,8.399999618530273,1158640
2026-08-04 17:00:00,8.34000015258789,8.350000381469727,8.300000190734863,8.3100004196167,795005
2026-08-04 17:15:00,8.350000381469727,8.359999656677246,8.329999923706055,8.34000015258789,777799
2026-08-04 17:30:00,8.380000114440918,8.40999984741211,8.329999923706055,8.34000015258789,1666692
2026-08-04 17:45:00,8.399999618530273,8.40999984741211,8.369999885559082,8.369999885559082,738851
2026-08-05 09:45:00,8.369999885559082,8.369999885559082,8.369999885559082,8.369999885559082,0
2026-08-05 10:00:00,8.380000114440918,8.460000038146973,8.350000381469727,8.359999656677246,1421326
2026-08-05 10:15:00,8.420000076293945,8.449999809265137,8.380000114440918,8.380000114440918,1012371
2026-08-05 10:30:00,8.390000343322754,8.420000076293945,8.369999885559082,8.420000076293945,343739
2026-08-05 10:45:00,8.369999885559082,8.390000343322754,8.369999885559082,8.390000343322754,326849
2026-08-05 11:00:00,8.449999809265137,8.470000267028809,8.369999885559082,8.369999885559082,974772
2026-08-05 11:15:00,8.430000305175781,8.460000038146973,8.430000305175781,8.449999809265137,379065
2026-08-05 11:30:00,8.40999984741211,8.4399995803833,8.399999618530273,8.430000305175781,470926
2026-08-05 11:45:00,8.369999885559082,8.40999984741211,8.369999885559082,8.399999618530273,575139
2026-08-05 12:00:00,8.369999885559082,8.390000343322754,8.369999885559082,8.369999885559082,231899
2026-08-05 12:15:00,8.34000015258789,8.380000114440918,8.329999923706055,8.369999885559082,380768
2026-08-05 12:30:00,8.319999694824219,8.350000381469727,8.3100004196167,8.34000015258789,459823
2026-08-05 12:45:00,8.300000190734863,8.329999923706055,8.300000190734863,8.319999694824219,93932
2026-08-05 13:00:00,8.270000457763672,8.3100004196167,8.270000457763672,8.3100004196167,234290
2026-08-05 13:15:00,8.270000457763672,8.289999961853027,8.270000457763672,8.270000457763672,287334
2026-08-05 13:30:00,8.279999732971191,8.289999961853027,8.270000457763672,8.279999732971191,98224
2026-08-05 13:45:00,8.270000457763672,8.279999732971191,8.260000228881836,8.279999732971191,100322
2026-08-05 14:00:00,8.25,8.270000457763672,8.239999771118164,8.260000228881836,262543
2026-08-05 14:15:00,8.25,8.270000457763672,8.25,8.25,121823
2026-08-05 14:30:00,8.260000228881836,8.260000228881836,8.239999771118164,8.25,65402
2026-08-05 14:45:00,8.260000228881836,8.260000228881836,8.239999771118164,8.260000228881836,13266
2026-08-05 15:00:00,8.270000457763672,8.270000457763672,8.25,8.260000228881836,83835
2026-08-05 15:15:00,8.3100004196167,8.319999694824219,8.270000457763672,8.270000457763672,655160
2026-08-05 15:30:00,8.319999694824219,8.34000015258789,8.300000190734863,8.319999694824219,380220
2026-08-05 15:45:00,8.319999694824219,8.329999923706055,8.300000190734863,8.319999694824219,208342
2026-08-05 16:00:00,8.3100004196167,8.369999885559082,8.300000190734863,8.319999694824219,932552
2026-08-05 16:15:00,8.319999694824219,8.329999923706055,8.300000190734863,8.3100004196167,184924
2026-08-05 16:30:00,8.350000381469727,8.369999885559082,8.3100004196167,8.319999694824219,395924
2026-08-05 16:45:00,8.329999923706055,8.359999656677246,8.319999694824219,8.350000381469727,62835
2026-08-05 17:00:00,8.369999885559082,8.369999885559082,8.319999694824219,8.319999694824219,131877
2026-08-05 17:15:00,8.350000381469727,8.369999885559082,8.350000381469727,8.369999885559082,121410
2026-08-05 17:30:00,8.369999885559082,8.369999885559082,8.350000381469727,8.350000381469727,333935
2026-08-05 17:45:00,8.399999618530273,8.420000076293945,8.329999923706055,8.359999656677246,1332533
2026-08-06 09:45:00,8.510000228881836,8.510000228881836,8.510000228881836,8.510000228881836,0
2026-08-06 10:00:00,8.329999923706055,8.510000228881836,8.319999694824219,8.5,1487529
2026-08-06 10:15:00,8.34000015258789,8.390000343322754,8.319999694824219,8.34000015258789,1188298
2026-08-06 10:30:00,8.359999656677246,8.380000114440918,8.329999923706055,8.34000015258789,872696
2026-08-06 10:45:00,8.350000381469727,8.369999885559082,8.34000015258789,8.359999656677246,506518
2026-08-06 11:00:00,8.34000015258789,8.359999656677246,8.34000015258789,8.350000381469727,353619
2026-08-06 11:15:00,8.369999885559082,8.380000114440918,8.34000015258789,8.350000381469727,198472
2026-08-06 11:30:00,8.420000076293945,8.430000305175781,8.359999656677246,8.369999885559082,490977
2026-08-06 11:45:00,8.420000076293945,8.430000305175781,8.390000343322754,8.430000305175781,125057
2026-08-06 12:00:00,8.390000343322754,8.4399995803833,8.369999885559082,8.420000076293945,280443
2026-08-06 12:15:00,8.369999885559082,8.390000343322754,8.359999656677246,8.380000114440918,257234
2026-08-06 12:30:00,8.350000381469727,8.380000114440918,8.350000381469727,8.369999885559082,138525
2026-08-06 12:45:00,8.369999885559082,8.369999885559082,8.350000381469727,8.350000381469727,64980
2026-08-06 13:00:00,8.369999885559082,8.380000114440918,8.359999656677246,8.369999885559082,43691
2026-08-06 13:15:00,8.369999885559082,8.369999885559082,8.359999656677246,8.369999885559082,115957
2026-08-06 13:30:00,8.359999656677246,8.380000114440918,8.359999656677246,8.369999885559082,173894
2026-08-06 13:45:00,8.350000381469727,8.359999656677246,8.350000381469727,8.359999656677246,39498
2026-08-06 14:00:00,8.34000015258789,8.359999656677246,8.329999923706055,8.359999656677246,284227
2026-08-06 14:15:00,8.329999923706055,8.34000015258789,8.319999694824219,8.329999923706055,97253
2026-08-06 14:30:00,8.319999694824219,8.329999923706055,8.3100004196167,8.319999694824219,289460
2026-08-06 14:45:00,8.34000015258789,8.34000015258789,8.3100004196167,8.319999694824219,229726
2026-08-06 15:00:00,8.319999694824219,8.34000015258789,8.319999694824219,8.329999923706055,56902
2026-08-06 15:15:00,8.319999694824219,8.329999923706055,8.3100004196167,8.319999694824219,90595
2026-08-06 15:30:00,8.300000190734863,8.329999923706055,8.300000190734863,8.319999694824219,80943
2026-08-06 15:45:00,8.289999961853027,8.3100004196167,8.279999732971191,8.300000190734863,503285
2026-08-06 16:00:00,8.279999732971191,8.289999961853027,8.270000457763672,8.289999961853027,143552
2026-08-06 16:15:00,8.239999771118164,8.279999732971191,8.239999771118164,8.270000457763672,701384
2026-08-06 16:30:00,8.25,8.270000457763672,8.229999542236328,8.25,464710
2026-08-06 16:45:00,8.25,8.279999732971191,8.25,8.260000228881836,148591
2026-08-06 17:00:00,8.260000228881836,8.270000457763672,8.25,8.25,135095
2026-08-06 17:15:00,8.25,8.260000228881836,8.239999771118164,8.25,209066
2026-08-06 17:30:00,8.25,8.270000457763672,8.229999542236328,8.25,710271
2026-08-06 17:45:00,8.199999809265137,8.239999771118164,8.1899995803833,8.239999771118164,981885
2026-08-07 09:45:00,8.300000190734863,8.300000190734863,8.300000190734863,8.300000190734863,0
2026-08-07 10:00:00,8.329999923706055,8.390000343322754,8.270000457763672,8.300000190734863,2847838
2026-08-07 10:15:00,8.260000228881836,8.34000015258789,8.260000228881836,8.319999694824219,803938
2026-08-07 10:30:00,8.229999542236328,8.279999732971191,8.229999542236328,8.260000228881836,719138
2026-08-07 10:45:00,8.260000228881836,8.270000457763672,8.229999542236328,8.229999542236328,684699
2026-08-07 11:00:00,8.380000114440918,8.390000343322754,8.239999771118164,8.25,1362404
2026-08-07 11:15:00,8.34000015258789,8.399999618530273,8.34000015258789,8.380000114440918,558061
2026-08-07 11:30:00,8.329999923706055,8.359999656677246,8.319999694824219,8.34000015258789,292749
2026-08-07 11:45:00,8.34000015258789,8.34000015258789,8.329999923706055,8.329999923706055,81350
2026-08-07 12:00:00,8.350000381469727,8.359999656677246,8.329999923706055,8.329999923706055,274004
2026-08-07 12:15:00,8.350000381469727,8.359999656677246,8.350000381469727,8.350000381469727,123511
2026-08-07 12:30:00,8.369999885559082,8.369999885559082,8.350000381469727,8.359999656677246,223593
2026-08-07 12:45:00,8.359999656677246,8.369999885559082,8.350000381469727,8.369999885559082,209577
2026-08-07 13:00:00,8.359999656677246,8.369999885559082,8.329999923706055,8.359999656677246,325818
2026-08-07 13:15:00,8.350000381469727,8.369999885559082,8.34000015258789,8.359999656677246,83194
2026-08-07 13:30:00,8.34000015258789,8.350000381469727,8.329999923706055,8.34000015258789,140469
2026-08-07 13:45:00,8.350000381469727,8.350000381469727,8.34000015258789,8.34000015258789,22110
2026-08-07 14:00:00,8.34000015258789,8.350000381469727,8.329999923706055,8.350000381469727,113225
2026-08-07 14:15:00,8.34000015258789,8.34000015258789,8.319999694824219,8.329999923706055,210170
2026-08-07 14:30:00,8.34000015258789,8.350000381469727,8.329999923706055,8.34000015258789,63488
2026-08-07 14:45:00,8.34000015258789,8.350000381469727,8.329999923706055,8.329999923706055,129301
2026-08-07 15:00:00,8.329999923706055,8.359999656677246,8.319999694824219,8.350000381469727,438749
2026-08-07 15:15:00,8.319999694824219,8.34000015258789,8.319999694824219,8.329999923706055,65570
2026-08-07 15:30:00,8.350000381469727,8.350000381469727,8.319999694824219,8.329999923706055,232351
2026-08-07 15:45:00,8.329999923706055,8.359999656677246,8.319999694824219,8.359999656677246,178225
2026-08-07 16:00:00,8.319999694824219,8.34000015258789,8.3100004196167,8.329999923706055,225220
2026-08-07 16:15:00,8.329999923706055,8.34000015258789,8.3100004196167,8.3100004196167,244810
2026-08-07 16:30:00,8.3100004196167,8.34000015258789,8.279999732971191,8.329999923706055,426018
2026-08-07 16:45:00,8.300000190734863,8.3100004196167,8.289999961853027,8.3100004196167,94588
2026-08-07 17:00:00,8.289999961853027,8.3100004196167,8.270000457763672,8.300000190734863,397342
2026-08-07 17:15:00,8.329999923706055,8.329999923706055,8.270000457763672,8.270000457763672,228463
2026-08-07 17:30:00,8.350000381469727,8.350000381469727,8.319999694824219,8.34000015258789,412741
2026-08-07 17:45:00,8.329999923706055,8.359999656677246,8.329999923706055,8.34000015258789,235751
2026-08-10 09:45:00,8.329999923706055,8.329999923706055,8.329999923706055,8.329999923706055,0
2026-08-10 10:00:00,8.329999923706055,8.350000381469727,8.319999694824219,8.34000015258789,530512
2026-08-10 10:15:00,8.3100004196167,8.34000015258789,8.300000190734863,8.34000015258789,209065
2026-08-10 10:30:00,8.279999732971191,8.319999694824219,8.270000457763672,8.3100004196167,425432
2026-08-10 10:45:00,8.289999961853027,8.3100004196167,8.279999732971191,8.289999961853027,117891
2026-08-10 11:00:00,8.329999923706055,8.329999923706055,8.289999961853027,8.3100004196167,289163
2026-08-10 11:15:00,8.34000015258789,8.34000015258789,8.319999694824219,8.329999923706055,122415
2026-08-10 11:30:00,8.34000015258789,8.350000381469727,8.319999694824219,8.34000015258789,258115
2026-08-10 11:45:00,8.329999923706055,8.359999656677246,8.319999694824219,8.329999923706055,413085
2026-08-10 12:00:00,8.34000015258789,8.34000015258789,8.319999694824219,8.329999923706055,163977
2026-08-10 12:15:00,8.359999656677246,8.380000114440918,8.329999923706055,8.34000015258789,463868
2026-08-10 12:30:00,8.34000015258789,8.359999656677246,8.34000015258789,8.359999656677246,121789
2026-08-10 12:45:00,8.359999656677246,8.369999885559082,8.34000015258789,8.34000015258789,103150
2026-08-10 13:00:00,8.350000381469727,8.359999656677246,8.350000381469727,8.359999656677246,211443
2026-08-10 13:15:00,8.369999885559082,8.369999885559082,8.350000381469727,8.350000381469727,155655
2026-08-10 13:30:00,8.350000381469727,8.369999885559082,8.350000381469727,8.369999885559082,171769
2026-08-10 13:45:00,8.34000015258789,8.359999656677246,8.34000015258789,8.350000381469727,65569
2026-08-10 14:00:00,8.34000015258789,8.350000381469727,8.329999923706055,8.350000381469727,253550
2026-08-10 14:15:00,8.319999694824219,8.34000015258789,8.319999694824219,8.34000015258789,20330
2026-08-10 14:30:00,8.350000381469727,8.350000381469727,8.300000190734863,8.319999694824219,471949
2026-08-10 14:45:00,8.350000381469727,8.350000381469727,8.329999923706055,8.350000381469727,156937
2026-08-10 15:00:00,8.34000015258789,8.380000114440918,8.34000015258789,8.350000381469727,357154
2026-08-10 15:15:00,8.34000015258789,8.350000381469727,8.329999923706055,8.350000381469727,81298
2026-08-10 15:30:00,8.34000015258789,8.34000015258789,8.3100004196167,8.329999923706055,418875
2026-08-10 15:45:00,8.300000190734863,8.329999923706055,8.289999961853027,8.329999923706055,909317
2026-08-10 16:00:00,8.289999961853027,8.3100004196167,8.279999732971191,8.300000190734863,765872
2026-08-10 16:15:00,8.289999961853027,8.300000190734863,8.279999732971191,8.289999961853027,131174
2026-08-10 16:30:00,8.279999732971191,8.289999961853027,8.260000228881836,8.279999732971191,428174
2026-08-10 16:45:00,8.279999732971191,8.300000190734863,8.260000228881836,8.279999732971191,490513
2026-08-10 17:00:00,8.300000190734863,8.3100004196167,8.260000228881836,8.279999732971191,329842
2026-08-10 17:15:00,8.3100004196167,8.329999923706055,8.300000190734863,8.3100004196167,580798
2026-08-10 17:30:00,8.3100004196167,8.329999923706055,8.300000190734863,8.3100004196167,615673
2026-08-10 17:45:00,8.289999961853027,8.3100004196167,8.270000457763672,8.300000190734863,201372
2026-08-11 09:45:00,8.289999961853027,8.289999961853027,8.289999961853027,8.289999961853027,0
2026-08-11 10:00:00,8.25,8.300000190734863,8.220000267028809,8.300000190734863,225370
2026-08-11 10:15:00,8.149999618530273,8.25,8.140000343322754,8.239999771118164,978621
2026-08-11 10:30:00,8.1899995803833,8.220000267028809,8.15999984741211,8.15999984741211,659376
2026-08-11 10:45:00,8.1899995803833,8.239999771118164,8.180000305175781,8.199999809265137,348072
2026-08-11 11:00:00,8.170000076293945,8.1899995803833,8.15999984741211,8.180000305175781,76431
2026-08-11 11:15:00,8.1899995803833,8.1899995803833,8.170000076293945,8.170000076293945,37193
2026-08-11 11:30:00,8.210000038146973,8.220000267028809,8.180000305175781,8.1899995803833,113912
2026-08-11 11:45:00,8.210000038146973,8.229999542236328,8.210000038146973,8.210000038146973,61001
2026-08-11 12:00:00,8.199999809265137,8.210000038146973,8.180000305175781,8.210000038146973,213297
2026-08-11 12:15:00,8.199999809265137,8.199999809265137,8.180000305175781,8.1899995803833,47916
2026-08-11 12:30:00,8.199999809265137,8.210000038146973,8.199999809265137,8.199999809265137,30391
2026-08-11 12:45:00,8.199999809265137,8.210000038146973,8.1899995803833,8.199999809265137,65810
2026-08-11 13:00:00,8.1899995803833,8.199999809265137,8.180000305175781,8.199999809265137,249308
2026-08-11 13:15:00,8.199999809265137,8.210000038146973,8.1899995803833,8.1899995803833,33639
2026-08-11 13:30:00,8.199999809265137,8.210000038146973,8.1899995803833,8.199999809265137,27858
2026-08-11 13:45:00,8.199999809265137,8.210000038146973,8.1899995803833,8.210000038146973,146648
2026-08-11 14:00:00,8.220000267028809,8.220000267028809,8.1899995803833,8.199999809265137,447207
2026-08-11 14:15:00,8.239999771118164,8.25,8.210000038146973,8.229999542236328,382900
2026-08-11 14:30:00,8.229999542236328,8.260000228881836,8.220000267028809,8.229999542236328,162117
2026-08-11 14:45:00,8.220000267028809,8.239999771118164,8.220000267028809,8.239999771118164,30219
2026-08-11 15:00:00,8.220000267028809,8.229999542236328,8.1899995803833,8.220000267028809,1117587
2026-08-11 15:15:00,8.1899995803833,8.220000267028809,8.1899995803833,8.220000267028809,202890
2026-08-11 15:30:00,8.1899995803833,8.210000038146973,8.180000305175781,8.199999809265137,344232
2026-08-11 15:45:00,8.199999809265137,8.220000267028809,8.180000305175781,8.1899995803833,442766
2026-08-11 16:00:00,8.260000228881836,8.289999961853027,8.199999809265137,8.199999809265137,997393
2026-08-11 16:15:00,8.289999961853027,8.289999961853027,8.239999771118164,8.260000228881836,405993
2026-08-11 16:30:00,8.270000457763672,8.289999961853027,8.260000228881836,8.289999961853027,428519
2026-08-11 16:45:00,8.25,8.270000457763672,8.239999771118164,8.260000228881836,346641
2026-08-11 17:00:00,8.229999542236328,8.260000228881836,8.220000267028809,8.25,394166
2026-08-11 17:15:00,8.199999809265137,8.239999771118164,8.199999809265137,8.229999542236328,617594
2026-08-11 17:30:00,8.199999809265137,8.210000038146973,8.180000305175781,8.199999809265137,300460
2026-08-11 17:45:00,8.199999809265137,8.210000038146973,8.1899995803833,8.1899995803833,440406
2026-08-12 09:45:00,8.220000267028809,8.220000267028809,8.220000267028809,8.220000267028809,0
2026-08-12 10:00:00,8.220000267028809,8.270000457763672,8.1899995803833,8.220000267028809,259691
2026-08-12 10:15:00,8.229999542236328,8.239999771118164,8.210000038146973,8.229999542236328,98873
2026-08-12 10:30:00,8.229999542236328,8.25,8.210000038146973,8.239999771118164,258763
2026-08-12 10:45:00,8.239999771118164,8.239999771118164,8.220000267028809,8.229999542236328,77854
2026-08-12 11:00:00,8.229999542236328,8.25,8.210000038146973,8.239999771118164,155125
2026-08-12 11:15:00,8.25,8.25,8.220000267028809,8.229999542236328,118637
2026-08-12 11:30:00,8.239999771118164,8.25,8.229999542236328,8.229999542236328,98685
2026-08-12 11:45:00,8.260000228881836,8.270000457763672,8.229999542236328,8.239999771118164,161457
2026-08-12 12:00:00,8.260000228881836,8.289999961853027,8.260000228881836,8.270000457763672,189720
2026-08-12 12:15:00,8.289999961853027,8.3100004196167,8.25,8.260000228881836,283247
2026-08-12 12:30:00,8.329999923706055,8.350000381469727,8.279999732971191,8.279999732971191,456185
2026-08-12 12:45:00,8.319999694824219,8.350000381469727,8.3100004196167,8.34000015258789,322197
2026-08-12 13:00:00,8.329999923706055,8.329999923706055,8.300000190734863,8.3100004196167,159820
2026-08-12 13:15:00,8.350000381469727,8.359999656677246,8.319999694824219,8.329999923706055,571896
2026-08-12 13:30:00,8.329999923706055,8.350000381469727,8.329999923706055,8.350000381469727,84406
2026-08-12 13:45:00,8.3100004196167,8.329999923706055,8.289999961853027,8.329999923706055,310759
2026-08-12 14:00:00,8.300000190734863,8.3100004196167,8.289999961853027,8.300000190734863,50758
2026-08-12 14:15:00,8.3100004196167,8.350000381469727,8.300000190734863,8.300000190734863,715483
2026-08-12 14:30:00,8.3100004196167,8.319999694824219,8.300000190734863,8.3100004196167,109436
2026-08-12 14:45:00,8.34000015258789,8.34000015258789,8.3100004196167,8.3100004196167,252479
2026-08-12 15:00:00,8.399999618530273,8.40999984741211,8.34000015258789,8.350000381469727,2457072
2026-08-12 15:15:00,8.369999885559082,8.420000076293945,8.369999885559082,8.40999984741211,1453365
2026-08-12 15:30:00,8.350000381469727,8.380000114440918,8.34000015258789,8.369999885559082,1001021
2026-08-12 15:45:00,8.369999885559082,8.390000343322754,8.350000381469727,8.359999656677246,228817
2026-08-12 16:00:00,8.399999618530273,8.40999984741211,8.380000114440918,8.380000114440918,388874
2026-08-12 16:15:00,8.390000343322754,8.399999618530273,8.369999885559082,8.390000343322754,363953
2026-08-12 16:30:00,8.390000343322754,8.40999984741211,8.199999809265137,8.399999618530273,1721771
2026-08-12 16:45:00,8.380000114440918,8.399999618530273,8.359999656677246,8.390000343322754,396086
2026-08-12 17:00:00,8.380000114440918,8.40999984741211,8.380000114440918,8.390000343322754,555554
2026-08-12 17:15:00,8.380000114440918,8.390000343322754,8.34000015258789,8.380000114440918,1057052
2026-08-12 17:30:00,8.390000343322754,8.390000343322754,8.369999885559082,8.369999885559082,255546
2026-08-12 17:45:00,8.34000015258789,8.390000343322754,8.34000015258789,8.390000343322754,588239
2026-08-13 09:45:00,8.34000015258789,8.34000015258789,8.34000015258789,8.34000015258789,0
2026-08-13 10:00:00,8.369999885559082,8.369999885559082,8.319999694824219,8.319999694824219,554958
2026-08-13 10:15:00,8.390000343322754,8.390000343322754,8.350000381469727,8.369999885559082,504418
2026-08-13 10:30:00,8.399999618530273,8.399999618530273,8.380000114440918,8.390000343322754,1055054
2026-08-13 10:45:00,8.319999694824219,8.430000305175781,8.300000190734863,8.399999618530273,1595941
2026-08-13 11:00:00,8.329999923706055,8.350000381469727,8.279999732971191,8.329999923706055,831210
2026-08-13 11:15:00,8.34000015258789,8.350000381469727,8.319999694824219,8.329999923706055,246231
2026-08-13 11:30:00,8.329999923706055,8.350000381469727,8.319999694824219,8.34000015258789,336144
2026-08-13 11:45:00,8.329999923706055,8.34000015258789,8.3100004196167,8.329999923706055,179435
2026-08-13 12:00:00,8.329999923706055,8.34000015258789,8.3100004196167,8.329999923706055,97930
2026-08-13 12:15:00,8.329999923706055,8.329999923706055,8.319999694824219,8.329999923706055,100558
2026-08-13 12:30:00,8.319999694824219,8.329999923706055,8.3100004196167,8.319999694824219,136085
2026-08-13 12:45:00,8.289999961853027,8.319999694824219,8.289999961853027,8.319999694824219,136609
2026-08-13 13:00:00,8.279999732971191,8.300000190734863,8.270000457763672,8.289999961853027,162922
2026-08-13 13:15:00,8.279999732971191,8.289999961853027,8.270000457763672,8.279999732971191,84218
2026-08-13 13:30:00,8.289999961853027,8.3100004196167,8.279999732971191,8.289999961853027,215502
2026-08-13 13:45:00,8.270000457763672,8.289999961853027,8.270000457763672,8.289999961853027,147304
2026-08-13 14:00:00,8.289999961853027,8.289999961853027,8.270000457763672,8.270000457763672,128471
2026-08-13 14:15:00,8.279999732971191,8.300000190734863,8.279999732971191,8.300000190734863,545185
2026-08-13 14:30:00,8.289999961853027,8.289999961853027,8.279999732971191,8.279999732971191,56350
2026-08-13 14:45:00,8.300000190734863,8.300000190734863,8.289999961853027,8.289999961853027,24651
2026-08-13 15:00:00,8.289999961853027,8.3100004196167,8.289999961853027,8.300000190734863,203317
2026-08-13 15:15:00,8.279999732971191,8.300000190734863,8.279999732971191,8.289999961853027,42941
2026-08-13 15:30:00,8.3100004196167,8.3100004196167,8.279999732971191,8.289999961853027,267437
2026-08-13 15:45:00,8.329999923706055,8.34000015258789,8.300000190734863,8.300000190734863,203804
2026-08-13 16:00:00,8.319999694824219,8.34000015258789,8.3100004196167,8.319999694824219,452271
2026-08-13 16:15:00,8.289999961853027,8.319999694824219,8.289999961853027,8.3100004196167,131930
2026-08-13 16:30:00,8.279999732971191,8.300000190734863,8.279999732971191,8.289999961853027,440564
2026-08-13 16:45:00,8.270000457763672,8.289999961853027,8.25,8.289999961853027,282222
2026-08-13 17:00:00,8.260000228881836,8.279999732971191,8.25,8.270000457763672,337336
2026-08-13 17:15:00,8.239999771118164,8.270000457763672,8.210000038146973,8.260000228881836,958451
2026-08-13 17:30:00,8.270000457763672,8.279999732971191,8.239999771118164,8.239999771118164,177244
2026-08-13 17:45:00,8.260000228881836,8.289999961853027,8.25,8.270000457763672,739027
2026-08-14 09:45:00,8.25,8.25,8.25,8.25,0
2026-08-14 10:00:00,8.260000228881836,8.289999961853027,8.239999771118164,8.25,1375515
2026-08-14 10:15:00,8.25,8.270000457763672,8.239999771118164,8.260000228881836,326607
2026-08-14 10:30:00,8.25,8.260000228881836,8.229999542236328,8.25,259929
2026-08-14 10:45:00,8.25,8.260000228881836,8.229999542236328,8.25,182797
2026-08-14 11:00:00,8.25,8.25,8.229999542236328,8.239999771118164,509911
2026-08-14 11:15:00,8.25,8.270000457763672,8.239999771118164,8.25,451559
2026-08-14 11:30:00,8.270000457763672,8.289999961853027,8.25,8.260000228881836,122165
2026-08-14 11:45:00,8.279999732971191,8.319999694824219,8.279999732971191,8.279999732971191,259079
2026-08-14 12:00:00,8.279999732971191,8.289999961853027,8.260000228881836,8.270000457763672,167195
2026-08-14 12:15:00,8.25,8.289999961853027,8.239999771118164,8.270000457763672,210551
2026-08-14 12:30:00,8.260000228881836,8.260000228881836,8.239999771118164,8.260000228881836,145829
2026-08-14 12:45:00,8.260000228881836,8.279999732971191,8.25,8.260000228881836,183877
2026-08-14 13:00:00,8.270000457763672,8.270000457763672,8.260000228881836,8.260000228881836,83350
2026-08-14 13:15:00,8.260000228881836,8.279999732971191,8.260000228881836,8.260000228881836,67067
2026-08-14 13:30:00,8.260000228881836,8.270000457763672,8.260000228881836,8.260000228881836,19366
2026-08-14 13:45:00,8.25,8.270000457763672,8.239999771118164,8.260000228881836,330012
2026-08-14 14:00:00,8.25,8.260000228881836,8.239999771118164,8.25,177788
2026-08-14 14:15:00,8.229999542236328,8.260000228881836,8.229999542236328,8.25,372702
2026-08-14 14:30:00,8.239999771118164,8.25,8.229999542236328,8.229999542236328,212977
2026-08-14 14:45:00,8.210000038146973,8.25,8.199999809265137,8.239999771118164,538939
2026-08-14 15:00:00,8.210000038146973,8.220000267028809,8.210000038146973,8.210000038146973,221900
2026-08-14 15:15:00,8.210000038146973,8.229999542236328,8.1899995803833,8.210000038146973,288438
2026-08-14 15:30:00,8.229999542236328,8.239999771118164,8.210000038146973,8.220000267028809,378220
2026-08-14 15:45:00,8.210000038146973,8.229999542236328,8.210000038146973,8.229999542236328,166393
2026-08-14 16:00:00,8.239999771118164,8.25,8.199999809265137,8.199999809265137,303384
2026-08-14 16:15:00,8.270000457763672,8.289999961853027,8.229999542236328,8.239999771118164,679002
2026-08-14 16:30:00,8.300000190734863,8.3100004196167,8.260000228881836,8.270000457763672,1084967
2026-08-14 16:45:00,8.279999732971191,8.300000190734863,8.260000228881836,8.300000190734863,288021
2026-08-14 17:00:00,8.300000190734863,8.3100004196167,8.279999732971191,8.279999732971191,692761
2026-08-14 17:15:00,8.3100004196167,8.3100004196167,8.279999732971191,8.300000190734863,516297
2026-08-14 17:30:00,8.300000190734863,8.329999923706055,8.289999961853027,8.3100004196167,639127
2026-08-14 17:45:00,8.260000228881836,8.300000190734863,8.260000228881836,8.300000190734863,278044
2026-08-17 09:45:00,8.260000228881836,8.260000228881836,8.260000228881836,8.260000228881836,0
2026-08-17 10:00:00,8.260000228881836,8.289999961853027,8.25,8.260000228881836,528498
2026-08-17 10:15:00,8.289999961853027,8.300000190734863,8.260000228881836,8.260000228881836,221829
2026-08-17 10:30:00,8.350000381469727,8.359999656677246,8.270000457763672,8.289999961853027,1090178
2026-08-17 10:45:00,8.350000381469727,8.359999656677246,8.3100004196167,8.350000381469727,405082
2026-08-17 11:00:00,8.359999656677246,8.359999656677246,8.329999923706055,8.350000381469727,250824
2026-08-17 11:15:00,8.369999885559082,8.369999885559082,8.350000381469727,8.359999656677246,334359
2026-08-17 11:30:00,8.359999656677246,8.380000114440918,8.359999656677246,8.369999885559082,175798
2026-08-17 11:45:00,8.380000114440918,8.380000114440918,8.359999656677246,8.359999656677246,419620
2026-08-17 12:00:00,8.399999618530273,8.40999984741211,8.359999656677246,8.380000114440918,1083824
2026-08-17 12:15:00,8.390000343322754,8.40999984741211,8.390000343322754,8.390000343322754,387585
2026-08-17 12:30:00,8.390000343322754,8.399999618530273,8.380000114440918,8.390000343322754,159732
2026-08-17 12:45:00,8.399999618530273,8.399999618530273,8.369999885559082,8.380000114440918,114988
2026-08-17 13:00:00,8.40999984741211,8.420000076293945,8.390000343322754,8.399999618530273,661751
2026-08-17 13:15:00,8.420000076293945,8.420000076293945,8.399999618530273,8.40999984741211,419092
2026-08-17 13:30:00,8.40999984741211,8.430000305175781,8.40999984741211,8.420000076293945,423469
2026-08-17 13:45:00,8.369999885559082,8.430000305175781,8.359999656677246,8.40999984741211,554422
2026-08-17 14:00:00,8.390000343322754,8.40999984741211,8.359999656677246,8.369999885559082,352671
2026-08-17 14:15:00,8.359999656677246,8.390000343322754,8.359999656677246,8.380000114440918,208361
2026-08-17 14:30:00,8.350000381469727,8.359999656677246,8.34000015258789,8.350000381469727,145265
2026-08-17 14:45:00,8.350000381469727,8.359999656677246,8.350000381469727,8.350000381469727,39552
2026-08-17 15:00:00,8.359999656677246,8.359999656677246,8.329999923706055,8.359999656677246,180962
2026-08-17 15:15:00,8.359999656677246,8.359999656677246,8.34000015258789,8.350000381469727,94021
2026-08-17 15:30:00,8.350000381469727,8.359999656677246,8.34000015258789,8.359999656677246,76499
2026-08-17 15:45:00,8.359999656677246,8.369999885559082,8.350000381469727,8.350000381469727,109812
2026-08-17 16:00:00,8.380000114440918,8.380000114440918,8.350000381469727,8.359999656677246,47820
2026-08-17 16:15:00,8.380000114440918,8.380000114440918,8.369999885559082,8.369999885559082,13341
2026-08-17 16:30:00,8.380000114440918,8.380000114440918,8.369999885559082,8.369999885559082,11949
2026-08-17 16:45:00,8.369999885559082,8.380000114440918,8.369999885559082,8.380000114440918,96667
2026-08-17 17:00:00,8.380000114440918,8.380000114440918,8.369999885559082,8.380000114440918,43960
2026-08-17 17:15:00,8.380000114440918,8.390000343322754,8.369999885559082,8.380000114440918,113123
2026-08-17 17:30:00,8.34000015258789,8.390000343322754,8.319999694824219,8.390000343322754,468718
2026-08-17 17:45:00,8.359999656677246,8.359999656677246,8.319999694824219,8.34000015258789,504980
2026-08-18 09:45:00,8.350000381469727,8.350000381469727,8.350000381469727,8.350000381469727,0
2026-08-18 10:00:00,8.359999656677246,8.369999885559082,8.300000190734863,8.34000015258789,494018
2026-08-18 10:15:00,8.380000114440918,8.390000343322754,8.350000381469727,8.359999656677246,179719
2026-08-18 10:30:00,8.369999885559082,8.399999618530273,8.369999885559082,8.390000343322754,536397
2026-08-18 10:45:00,8.369999885559082,8.380000114440918,8.359999656677246,8.369999885559082,181205
2026-08-18 11:00:00,8.369999885559082,8.380000114440918,8.350000381469727,8.369999885559082,524623
2026-08-18 11:15:00,8.359999656677246,8.369999885559082,8.350000381469727,8.369999885559082,88937
2026-08-18 11:30:00,8.369999885559082,8.369999885559082,8.359999656677246,8.359999656677246,225404
2026-08-18 11:45:00,8.34000015258789,8.369999885559082,8.3100004196167,8.369999885559082,620390
2026-08-18 12:00:00,8.319999694824219,8.34000015258789,8.3100004196167,8.34000015258789,83740
2026-08-18 12:15:00,8.350000381469727,8.350000381469727,8.319999694824219,8.329999923706055,40477
2026-08-18 12:30:00,8.34000015258789,8.359999656677246,8.34000015258789,8.350000381469727,83207
2026-08-18 12:45:00,8.359999656677246,8.359999656677246,8.34000015258789,8.359999656677246,47578
2026-08-18 13:00:00,8.34000015258789,8.359999656677246,8.34000015258789,8.359999656677246,42401
2026-08-18 13:15:00,8.350000381469727,8.350000381469727,8.329999923706055,8.350000381469727,209889
2026-08-18 13:30:00,8.319999694824219,8.359999656677246,8.319999694824219,8.350000381469727,311659
2026-08-18 13:45:00,8.329999923706055,8.329999923706055,8.319999694824219,8.329999923706055,454489
2026-08-18 14:00:00,8.34000015258789,8.34000015258789,8.319999694824219,8.329999923706055,17831
2026-08-18 14:15:00,8.329999923706055,8.329999923706055,8.319999694824219,8.329999923706055,84070
2026-08-18 14:30:00,8.319999694824219,8.34000015258789,8.300000190734863,8.329999923706055,754619
2026-08-18 14:45:00,8.34000015258789,8.350000381469727,8.3100004196167,8.319999694824219,293132
2026-08-18 15:00:00,8.350000381469727,8.369999885559082,8.34000015258789,8.34000015258789,507995
2026-08-18 15:15:00,8.390000343322754,8.390000343322754,8.359999656677246,8.359999656677246,337084
2026-08-18 15:30:00,8.369999885559082,8.399999618530273,8.369999885559082,8.390000343322754,302572
2026-08-18 15:45:00,8.359999656677246,8.390000343322754,8.359999656677246,8.390000343322754,99523
2026-08-18 16:00:00,8.380000114440918,8.380000114440918,8.359999656677246,8.359999656677246,448775
2026-08-18 16:15:00,8.390000343322754,8.390000343322754,8.369999885559082,8.380000114440918,341870
2026-08-18 16:30:00,8.390000343322754,8.399999618530273,8.380000114440918,8.380000114440918,537549
2026-08-18 16:45:00,8.380000114440918,8.390000343322754,8.359999656677246,8.380000114440918,154817
2026-08-18 17:00:00,8.380000114440918,8.390000343322754,8.350000381469727,8.380000114440918,281135
2026-08-18 17:15:00,8.390000343322754,8.399999618530273,8.380000114440918,8.380000114440918,201061
2026-08-18 17:30:00,8.390000343322754,8.40999984741211,8.380000114440918,8.380000114440918,634799
2026-08-18 17:45:00,8.359999656677246,8.399999618530273,8.350000381469727,8.399999618530273,875471
2026-08-19 09:45:00,8.399999618530273,8.399999618530273,8.399999618530273,8.399999618530273,0
2026-08-19 10:00:00,8.4399995803833,8.4399995803833,8.369999885559082,8.399999618530273,573840
2026-08-19 10:15:00,8.420000076293945,8.460000038146973,8.420000076293945,8.4399995803833,680496
2026-08-19 10:30:00,8.4399995803833,8.460000038146973,8.420000076293945,8.420000076293945,993262
2026-08-19 10:45:00,8.449999809265137,8.449999809265137,8.4399995803833,8.4399995803833,19624
