Datetime,Close,High,Low,Open,Volume
2026-06-01 09:45:00,17.110000610351562,17.110000610351562,17.110000610351562,17.110000610351562,0
2026-06-01 10:00:00,17.239999771118164,17.270000457763672,17.100000381469727,17.1200008392334,658348
2026-06-01 10:15:00,17.209999084472656,17.260000228881836,17.149999618530273,17.25,455659
2026-06-01 10:30:00,17.209999084472656,17.239999771118164,17.18000030517578,17.219999313354492,190927
2026-06-01 10:45:00,17.229999542236328,17.299999237060547,17.18000030517578,17.200000762939453,476744
2026-06-01 11:00:00,17.219999313354492,17.239999771118164,17.209999084472656,17.229999542236328,129161
2026-06-01 11:15:00,17.190000534057617,17.209999084472656,17.18000030517578,17.209999084472656,145696
2026-06-01 11:30:00,17.170000076293945,17.190000534057617,17.149999618530273,17.190000534057617,296585
2026-06-01 11:45:00,17.170000076293945,17.18000030517578,17.139999389648438,17.170000076293945,316693
2026-06-01 12:00:00,17.15999984741211,17.200000762939453,17.15999984741211,17.170000076293945,206184
2026-06-01 12:15:00,17.09000015258789,17.260000228881836,17.079999923706055,17.15999984741211,895389
2026-06-01 12:30:00,17.06999969482422,17.1299991607666,17.0,17.079999923706055,799627
2026-06-01 12:45:00,17.100000381469727,17.1200008392334,17.059999465942383,17.079999923706055,642870
2026-06-01 13:00:00,17.1299991607666,17.139999389648438,17.09000015258789,17.110000610351562,789147
2026-06-01 13:15:00,17.1299991607666,17.1299991607666,17.110000610351562,17.1200008392334,214959
2026-06-01 13:30:00,17.100000381469727,17.1299991607666,17.100000381469727,17.1200008392334,76709
2026-06-01 13:45:00,17.110000610351562,17.1200008392334,17.100000381469727,17.110000610351562,97152
2026-06-01 14:00:00,17.1200008392334,17.1299991607666,17.110000610351562,17.110000610351562,86351
2026-06-01 14:15:00,17.1299991607666,17.1299991607666,17.110000610351562,17.1200008392334,70930
2026-06-01 14:30:00,17.1299991607666,17.149999618530273,17.1200008392334,17.1299991607666,141147
2026-06-01 14:45:00,17.110000610351562,17.139999389648438,17.079999923706055,17.1299991607666,157433
2026-06-01 15:00:00,17.100000381469727,17.110000610351562,17.010000228881836,17.100000381469727,345460
2026-06-01 15:15:00,17.110000610351562,17.1200008392334,17.09000015258789,17.09000015258789,70732
2026-06-01 15:30:00,17.190000534057617,17.219999313354492,17.110000610351562,17.110000610351562,274352
2026-06-01 15:45:00,17.15999984741211,17.239999771118164,17.15999984741211,17.190000534057617,426992
2026-06-01 16:00:00,17.110000610351562,17.190000534057617,17.100000381469727,17.170000076293945,343520
2026-06-01 16:15:00,17.079999923706055,17.139999389648438,17.040000915527344,17.1200008392334,384461
2026-06-01 16:30:00,17.100000381469727,17.1299991607666,17.040000915527344,17.059999465942383,536215
2026-06-01 16:45:00,17.06999969482422,17.139999389648438,17.040000915527344,17.09000015258789,251433
2026-06-01 17:00:00,17.110000610351562,17.1200008392334,17.049999237060547,17.049999237060547,182502
2026-06-01 17:15:00,17.09000015258789,17.1200008392334,17.010000228881836,17.100000381469727,334686
2026-06-01 17:30:00,17.06999969482422,17.1200008392334,17.06999969482422,17.09000015258789,157611
2026-06-01 17:45:00,17.09000015258789,17.110000610351562,17.06999969482422,17.079999923706055,342792
2026-06-02 09:45:00,17.18000030517578,17.18000030517578,17.18000030517578,17.18000030517578,0
2026-06-02 10:00:00,17.18000030517578,17.209999084472656,17.139999389648438,17.18000030517578,431420
2026-06-02 10:15:00,17.200000762939453,17.219999313354492,17.18000030517578,17.190000534057617,375762
2026-06-02 10:30:00,17.149999618530273,17.219999313354492,17.100000381469727,17.200000762939453,457268
2026-06-02 10:45:00,17.229999542236328,17.239999771118164,17.1299991607666,17.149999618530273,550951
2026-06-02 11:00:00,17.209999084472656,17.239999771118164,17.18000030517578,17.229999542236328,218689
2026-06-02 11:15:00,17.190000534057617,17.209999084472656,17.15999984741211,17.200000762939453,360468
2026-06-02 11:30:00,17.18000030517578,17.209999084472656,17.18000030517578,17.190000534057617,220063
2026-06-02 11:45:00,17.170000076293945,17.190000534057617,17.149999618530273,17.18000030517578,172267
2026-06-02 12:00:00,17.190000534057617,17.260000228881836,17.149999618530273,17.18000030517578,808725
2026-06-02 12:15:00,17.209999084472656,17.209999084472656,17.190000534057617,17.200000762939453,162594
2026-06-02 12:30:00,17.190000534057617,17.209999084472656,17.170000076293945,17.200000762939453,148020
2026-06-02 12:45:00,17.200000762939453,17.200000762939453,17.170000076293945,17.190000534057617,59929
2026-06-02 13:00:00,17.190000534057617,17.200000762939453,17.18000030517578,17.190000534057617,109322
2026-06-02 13:15:00,17.18000030517578,17.190000534057617,17.15999984741211,17.190000534057617,64506
2026-06-02 13:30:00,17.15999984741211,17.190000534057617,17.15999984741211,17.170000076293945,82018
2026-06-02 13:45:00,17.15999984741211,17.18000030517578,17.1299991607666,17.15999984741211,395698
2026-06-02 14:00:00,17.15999984741211,17.170000076293945,17.139999389648438,17.15999984741211,234372
2026-06-02 14:15:00,17.1299991607666,17.15999984741211,17.1299991607666,17.15999984741211,212404
2026-06-02 14:30:00,17.149999618530273,17.170000076293945,17.1299991607666,17.139999389648438,219988
2026-06-02 14:45:00,17.18000030517578,17.209999084472656,17.139999389648438,17.149999618530273,299096
2026-06-02 15:00:00,17.190000534057617,17.209999084472656,17.18000030517578,17.200000762939453,212439
2026-06-02 15:15:00,17.219999313354492,17.239999771118164,17.190000534057617,17.190000534057617,491208
2026-06-02 15:30:00,17.219999313354492,17.219999313354492,17.190000534057617,17.219999313354492,146853
2026-06-02 15:45:00,17.229999542236328,17.25,17.209999084472656,17.219999313354492,335635
2026-06-02 16:00:00,17.260000228881836,17.270000457763672,17.209999084472656,17.239999771118164,497854
2026-06-02 16:15:00,17.239999771118164,17.260000228881836,17.229999542236328,17.260000228881836,265301
2026-06-02 16:30:00,17.229999542236328,17.25,17.209999084472656,17.229999542236328,288980
2026-06-02 16:45:00,17.200000762939453,17.260000228881836,17.18000030517578,17.229999542236328,286233
2026-06-02 17:00:00,17.190000534057617,17.209999084472656,17.18000030517578,17.200000762939453,169607
2026-06-02 17:15:00,17.15999984741211,17.190000534057617,17.1200008392334,17.190000534057617,718841
2026-06-02 17:30:00,17.139999389648438,17.200000762939453,17.1299991607666,17.15999984741211,633929
2026-06-02 17:45:00,17.170000076293945,17.209999084472656,17.139999389648438,17.139999389648438,833509
2026-06-03 09:45:00,17.15999984741211,17.15999984741211,17.15999984741211,17.15999984741211,0
2026-06-03 10:00:00,17.229999542236328,17.270000457763672,17.1200008392334,17.15999984741211,1133993
2026-06-03 10:15:00,17.219999313354492,17.239999771118164,17.200000762939453,17.229999542236328,335310
2026-06-03 10:30:00,17.25,17.260000228881836,17.170000076293945,17.229999542236328,651035
2026-06-03 10:45:00,17.270000457763672,17.290000915527344,17.209999084472656,17.239999771118164,852109
2026-06-03 11:00:00,17.290000915527344,17.329999923706055,17.229999542236328,17.270000457763672,1083136
2026-06-03 11:15:00,17.299999237060547,17.329999923706055,17.280000686645508,17.290000915527344,554606
2026-06-03 11:30:00,17.280000686645508,17.299999237060547,17.280000686645508,17.290000915527344,232929
2026-06-03 11:45:00,17.239999771118164,17.290000915527344,17.219999313354492,17.290000915527344,517965
2026-06-03 12:00:00,17.25,17.270000457763672,17.229999542236328,17.25,99189
2026-06-03 12:15:00,17.260000228881836,17.270000457763672,17.239999771118164,17.239999771118164,89426
2026-06-03 12:30:00,17.229999542236328,17.260000228881836,17.229999542236328,17.260000228881836,27101
2026-06-03 12:45:00,17.209999084472656,17.25,17.209999084472656,17.229999542236328,130710
2026-06-03 13:00:00,17.229999542236328,17.239999771118164,17.190000534057617,17.209999084472656,168809
2026-06-03 13:15:00,17.200000762939453,17.229999542236328,17.190000534057617,17.229999542236328,72461
2026-06-03 13:30:00,17.219999313354492,17.239999771118164,17.200000762939453,17.200000762939453,66066
2026-06-03 13:45:00,17.229999542236328,17.25,17.209999084472656,17.219999313354492,74034
2026-06-03 14:00:00,17.260000228881836,17.270000457763672,17.219999313354492,17.239999771118164,122021
2026-06-03 14:15:00,17.239999771118164,17.280000686645508,17.229999542236328,17.260000228881836,84468
2026-06-03 14:30:00,17.31999969482422,17.34000015258789,17.219999313354492,17.229999542236328,500968
2026-06-03 14:45:00,17.31999969482422,17.34000015258789,17.299999237060547,17.309999465942383,137972
2026-06-03 15:00:00,17.329999923706055,17.34000015258789,17.280000686645508,17.299999237060547,167774
2026-06-03 15:15:00,17.299999237060547,17.329999923706055,17.290000915527344,17.31999969482422,192105
2026-06-03 15:30:00,17.25,17.309999465942383,17.209999084472656,17.290000915527344,811160
2026-06-03 15:45:00,17.25,17.299999237060547,17.239999771118164,17.260000228881836,952896
2026-06-03 16:00:00,17.239999771118164,17.260000228881836,17.229999542236328,17.25,910108
2026-06-03 16:15:00,17.149999618530273,17.239999771118164,17.1299991607666,17.239999771118164,1241324
2026-06-03 16:30:00,17.1299991607666,17.18000030517578,17.1200008392334,17.149999618530273,952072
2026-06-03 16:45:00,17.06999969482422,17.1299991607666,17.040000915527344,17.1299991607666,422759
2026-06-03 17:00:00,17.079999923706055,17.100000381469727,17.059999465942383,17.079999923706055,198739
2026-06-03 17:15:00,17.0,17.100000381469727,16.979999542236328,17.100000381469727,449378
2026-06-03 17:30:00,16.950000762939453,17.020000457763672,16.940000534057617,16.989999771118164,246213
2026-06-03 17:45:00,16.959999084472656,16.989999771118164,16.899999618530273,16.959999084472656,573155
2026-06-04 09:45:00,17.100000381469727,17.100000381469727,17.100000381469727,17.100000381469727,0
2026-06-04 10:00:00,17.15999984741211,17.18000030517578,17.059999465942383,17.100000381469727,450948
2026-06-04 10:15:00,17.149999618530273,17.18000030517578,17.1299991607666,17.15999984741211,131345
2026-06-04 10:30:00,17.100000381469727,17.15999984741211,17.100000381469727,17.139999389648438,74536
2026-06-04 10:45:00,17.100000381469727,17.200000762939453,17.100000381469727,17.110000610351562,369724
2026-06-04 11:00:00,17.049999237060547,17.1299991607666,17.020000457763672,17.09000015258789,181774
2026-06-04 11:15:00,16.959999084472656,17.040000915527344,16.93000030517578,17.040000915527344,325831
2026-06-04 11:30:00,16.90999984741211,16.969999313354492,16.90999984741211,16.959999084472656,207022
2026-06-04 11:45:00,16.850000381469727,16.950000762939453,16.84000015258789,16.93000030517578,421145
2026-06-04 12:00:00,16.860000610351562,16.8700008392334,16.81999969482422,16.84000015258789,98195
2026-06-04 12:15:00,16.889999389648438,16.889999389648438,16.84000015258789,16.850000381469727,105875
2026-06-04 12:30:00,16.920000076293945,17.079999923706055,16.8799991607666,16.899999618530273,302010
2026-06-04 12:45:00,16.90999984741211,16.940000534057617,16.899999618530273,16.93000030517578,47921
2026-06-04 13:00:00,16.889999389648438,16.90999984741211,16.8799991607666,16.90999984741211,70362
2026-06-04 13:15:00,16.8799991607666,16.90999984741211,16.8700008392334,16.889999389648438,128665
2026-06-04 13:30:00,16.809999465942383,16.889999389648438,16.780000686645508,16.8700008392334,163036
2026-06-04 13:45:00,16.809999465942383,16.84000015258789,16.799999237060547,16.809999465942383,113892
2026-06-04 14:00:00,16.829999923706055,16.850000381469727,16.790000915527344,16.81999969482422,106719
2026-06-04 14:15:00,16.829999923706055,16.850000381469727,16.809999465942383,16.829999923706055,131641
2026-06-04 14:30:00,16.799999237060547,16.860000610351562,16.75,16.829999923706055,205347
2026-06-04 14:45:00,16.899999618530273,16.93000030517578,16.809999465942383,16.809999465942383,153934
2026-06-04 15:00:00,16.93000030517578,16.959999084472656,16.899999618530273,16.90999984741211,224626
2026-06-04 15:15:00,16.920000076293945,16.959999084472656,16.809999465942383,16.93000030517578,178192
2026-06-04 15:30:00,17.040000915527344,17.079999923706055,16.8799991607666,16.920000076293945,432739
2026-06-04 15:45:00,17.0,17.049999237060547,16.969999313354492,17.040000915527344,679329
2026-06-04 16:00:00,16.979999542236328,17.010000228881836,16.979999542236328,17.0,166470
2026-06-04 16:15:00,17.0,17.020000457763672,16.950000762939453,16.979999542236328,174859
2026-06-04 16:30:00,16.940000534057617,17.010000228881836,16.940000534057617,17.0,248900
2026-06-04 16:45:00,16.989999771118164,17.010000228881836,16.940000534057617,16.940000534057617,157299
2026-06-04 17:00:00,16.940000534057617,16.989999771118164,16.93000030517578,16.979999542236328,112311
2026-06-04 17:15:00,16.920000076293945,16.950000762939453,16.90999984741211,16.940000534057617,120573
2026-06-04 17:30:00,16.969999313354492,17.0,16.889999389648438,16.920000076293945,263756
2026-06-04 17:45:00,17.100000381469727,17.100000381469727,16.959999084472656,16.969999313354492,454616
2026-06-05 09:45:00,17.1200008392334,17.1200008392334,17.1200008392334,17.1200008392334,0
2026-06-05 10:00:00,17.020000457763672,17.170000076293945,16.950000762939453,17.1299991607666,666208
2026-06-05 10:15:00,16.979999542236328,17.049999237060547,16.979999542236328,17.040000915527344,252556
2026-06-05 10:30:00,16.989999771118164,17.040000915527344,16.969999313354492,16.979999542236328,317917
2026-06-05 10:45:00,17.010000228881836,17.030000686645508,16.989999771118164,16.989999771118164,82242
2026-06-05 11:00:00,16.979999542236328,17.020000457763672,16.959999084472656,17.010000228881836,161926
2026-06-05 11:15:00,16.979999542236328,17.010000228881836,16.959999084472656,16.979999542236328,85536
2026-06-05 11:30:00,17.0,17.010000228881836,16.969999313354492,16.969999313354492,86540
2026-06-05 11:45:00,17.020000457763672,17.030000686645508,17.0,17.0,95534
2026-06-05 12:00:00,17.079999923706055,17.100000381469727,17.020000457763672,17.020000457763672,115601
2026-06-05 12:15:00,17.030000686645508,17.079999923706055,17.030000686645508,17.06999969482422,106335
2026-06-05 12:30:00,17.079999923706055,17.09000015258789,17.030000686645508,17.030000686645508,121707
2026-06-05 12:45:00,17.06999969482422,17.09000015258789,17.049999237060547,17.079999923706055,113817
2026-06-05 13:00:00,16.979999542236328,17.059999465942383,16.979999542236328,17.059999465942383,267683
2026-06-05 13:15:00,16.989999771118164,17.0,16.979999542236328,16.989999771118164,32946
2026-06-05 13:30:00,17.0,17.020000457763672,16.989999771118164,16.989999771118164,39933
2026-06-05 13:45:00,17.020000457763672,17.020000457763672,16.979999542236328,17.010000228881836,99887
2026-06-05 14:00:00,17.0,17.030000686645508,16.989999771118164,17.030000686645508,39247
2026-06-05 14:15:00,16.969999313354492,17.020000457763672,16.950000762939453,17.0,89161
2026-06-05 14:30:00,16.940000534057617,16.989999771118164,16.920000076293945,16.979999542236328,121856
2026-06-05 14:45:00,16.8700008392334,16.940000534057617,16.850000381469727,16.940000534057617,468869
2026-06-05 15:00:00,16.850000381469727,16.889999389648438,16.799999237060547,16.8799991607666,365751
2026-06-05 15:15:00,16.81999969482422,16.860000610351562,16.81999969482422,16.84000015258789,167092
2026-06-05 15:30:00,16.84000015258789,16.84000015258789,16.799999237060547,16.829999923706055,241888
2026-06-05 15:45:00,16.729999542236328,16.84000015258789,16.729999542236328,16.829999923706055,293435
2026-06-05 16:00:00,16.81999969482422,16.829999923706055,16.729999542236328,16.739999771118164,269914
2026-06-05 16:15:00,16.790000915527344,16.84000015258789,16.790000915527344,16.809999465942383,100141
2026-06-05 16:30:00,16.780000686645508,16.829999923706055,16.770000457763672,16.790000915527344,144676
2026-06-05 16:45:00,16.799999237060547,16.799999237060547,16.75,16.780000686645508,246292
2026-06-05 17:00:00,16.739999771118164,16.950000762939453,16.68000030517578,16.809999465942383,1272364
2026-06-05 17:15:00,16.790000915527344,16.81999969482422,16.719999313354492,16.729999542236328,267660
2026-06-05 17:30:00,16.75,16.850000381469727,16.729999542236328,16.799999237060547,329502
2026-06-05 17:45:00,16.75,16.770000457763672,16.68000030517578,16.770000457763672,718484
2026-06-08 09:45:00,16.75,16.75,16.75,16.75,0
2026-06-08 10:00:00,16.59000015258789,16.760000228881836,16.510000228881836,16.75,512731
2026-06-08 10:15:00,16.59000015258789,16.610000610351562,16.530000686645508,16.59000015258789,643692
2026-06-08 10:30:00,16.6299991607666,16.65999984741211,16.59000015258789,16.600000381469727,410717
2026-06-08 10:45:00,16.549999237060547,16.649999618530273,16.549999237060547,16.639999389648438,569621
2026-06-08 11:00:00,16.489999771118164,16.549999237060547,16.479999542236328,16.549999237060547,660989
2026-06-08 11:15:00,16.489999771118164,16.5,16.469999313354492,16.479999542236328,244057
2026-06-08 11:30:00,16.440000534057617,16.5,16.389999389648438,16.489999771118164,293047
2026-06-08 11:45:00,16.6200008392334,16.670000076293945,16.43000030517578,16.43000030517578,747589
2026-06-08 12:00:00,17.139999389648438,17.350000381469727,16.600000381469727,16.6200008392334,2853543
2026-06-08 12:15:00,16.809999465942383,17.469999313354492,16.799999237060547,17.15999984741211,4957521
2026-06-08 12:30:00,16.899999618530273,16.920000076293945,16.799999237060547,16.81999969482422,431017
2026-06-08 12:45:00,16.829999923706055,16.93000030517578,16.809999465942383,16.920000076293945,483892
2026-06-08 13:00:00,16.8700008392334,16.90999984741211,16.799999237060547,16.829999923706055,177377
2026-06-08 13:15:00,16.850000381469727,16.889999389648438,16.799999237060547,16.8700008392334,315931
2026-06-08 13:30:00,16.829999923706055,16.950000762939453,16.809999465942383,16.84000015258789,177749
2026-06-08 13:45:00,16.860000610351562,16.8799991607666,16.81999969482422,16.829999923706055,93093
2026-06-08 14:00:00,16.899999618530273,16.93000030517578,16.850000381469727,16.8700008392334,83807
2026-06-08 14:15:00,16.979999542236328,17.059999465942383,16.90999984741211,16.90999984741211,273612
2026-06-08 14:30:00,16.829999923706055,17.0,16.799999237060547,17.0,311596
2026-06-08 14:45:00,16.760000228881836,16.920000076293945,16.760000228881836,16.829999923706055,499301
2026-06-08 15:00:00,16.690000534057617,16.790000915527344,16.68000030517578,16.760000228881836,387538
2026-06-08 15:15:00,16.739999771118164,16.81999969482422,16.690000534057617,16.690000534057617,112972
2026-06-08 15:30:00,16.739999771118164,16.75,16.719999313354492,16.729999542236328,49382
2026-06-08 15:45:00,16.739999771118164,16.770000457763672,16.729999542236328,16.739999771118164,129356
2026-06-08 16:00:00,16.780000686645508,16.790000915527344,16.719999313354492,16.760000228881836,235038
2026-06-08 16:15:00,16.780000686645508,16.790000915527344,16.739999771118164,16.770000457763672,264940
2026-06-08 16:30:00,16.739999771118164,16.790000915527344,16.719999313354492,16.780000686645508,438809
2026-06-08 16:45:00,16.700000762939453,16.729999542236328,16.68000030517578,16.729999542236328,181029
2026-06-08 17:00:00,16.739999771118164,16.760000228881836,16.690000534057617,16.700000762939453,235722
2026-06-08 17:15:00,16.739999771118164,16.75,16.709999084472656,16.739999771118164,117898
2026-06-08 17:30:00,16.690000534057617,16.729999542236328,16.649999618530273,16.709999084472656,219880
2026-06-08 17:45:00,16.649999618530273,16.719999313354492,16.600000381469727,16.690000534057617,668793
2026-06-09 09:45:00,16.75,16.75,16.75,16.75,0
2026-06-09 10:00:00,16.670000076293945,16.760000228881836,16.610000610351562,16.739999771118164,625203
2026-06-09 10:15:00,16.6200008392334,16.68000030517578,16.600000381469727,16.670000076293945,577832
2026-06-09 10:30:00,16.579999923706055,16.6299991607666,16.510000228881836,16.610000610351562,256253
2026-06-09 10:45:00,16.549999237060547,16.600000381469727,16.549999237060547,16.579999923706055,86849
2026-06-09 11:00:00,16.610000610351562,16.610000610351562,16.549999237060547,16.549999237060547,44341
2026-06-09 11:15:00,16.639999389648438,16.65999984741211,16.59000015258789,16.600000381469727,110569
2026-06-09 11:30:00,16.65999984741211,16.670000076293945,16.610000610351562,16.6299991607666,242793
2026-06-09 11:45:00,16.6299991607666,16.670000076293945,16.610000610351562,16.65999984741211,443444
2026-06-09 12:00:00,16.639999389648438,16.670000076293945,16.6200008392334,16.639999389648438,168545
2026-06-09 12:15:00,16.65999984741211,16.65999984741211,16.639999389648438,16.649999618530273,133821
2026-06-09 12:30:00,16.649999618530273,16.670000076293945,16.649999618530273,16.670000076293945,46602
2026-06-09 12:45:00,16.649999618530273,16.670000076293945,16.6299991607666,16.65999984741211,156959
2026-06-09 13:00:00,16.6299991607666,16.649999618530273,16.59000015258789,16.639999389648438,251182
2026-06-09 13:15:00,16.59000015258789,16.6299991607666,16.59000015258789,16.6200008392334,108289
2026-06-09 13:30:00,16.56999969482422,16.610000610351562,16.530000686645508,16.600000381469727,258700
2026-06-09 13:45:00,16.579999923706055,16.59000015258789,16.549999237060547,16.559999465942383,106687
2026-06-09 14:00:00,16.6200008392334,16.700000762939453,16.559999465942383,16.56999969482422,416023
2026-06-09 14:15:00,16.6200008392334,16.639999389648438,16.610000610351562,16.6200008392334,122054
2026-06-09 14:30:00,16.600000381469727,16.6299991607666,16.579999923706055,16.6200008392334,274798
2026-06-09 14:45:00,16.610000610351562,16.610000610351562,16.579999923706055,16.600000381469727,102348
2026-06-09 15:00:00,16.600000381469727,16.610000610351562,16.56999969482422,16.59000015258789,181325
2026-06-09 15:15:00,16.559999465942383,16.600000381469727,16.520000457763672,16.600000381469727,158802
2026-06-09 15:30:00,16.540000915527344,16.549999237060547,16.530000686645508,16.549999237060547,88016
2026-06-09 15:45:00,16.549999237060547,16.559999465942383,16.520000457763672,16.540000915527344,89147
2026-06-09 16:00:00,16.530000686645508,16.559999465942383,16.520000457763672,16.549999237060547,190338
2026-06-09 16:15:00,16.579999923706055,16.579999923706055,16.540000915527344,16.540000915527344,174233
2026-06-09 16:30:00,16.559999465942383,16.579999923706055,16.559999465942383,16.579999923706055,107837
2026-06-09 16:45:00,16.540000915527344,16.6299991607666,16.530000686645508,16.559999465942383,370637
2026-06-09 17:00:00,16.540000915527344,16.56999969482422,16.540000915527344,16.540000915527344,69741
2026-06-09 17:15:00,16.520000457763672,16.559999465942383,16.510000228881836,16.540000915527344,217356
2026-06-09 17:30:00,16.510000228881836,16.520000457763672,16.489999771118164,16.520000457763672,175542
2026-06-09 17:45:00,16.469999313354492,16.510000228881836,16.420000076293945,16.5,399775
2026-06-10 09:45:00,16.459999084472656,16.459999084472656,16.459999084472656,16.459999084472656,0
2026-06-10 10:00:00,16.459999084472656,16.5,16.399999618530273,16.459999084472656,439081
2026-06-10 10:15:00,16.459999084472656,16.479999542236328,16.43000030517578,16.459999084472656,339844
2026-06-10 10:30:00,16.469999313354492,16.469999313354492,16.43000030517578,16.450000762939453,175301
2026-06-10 10:45:00,16.440000534057617,16.5,16.440000534057617,16.459999084472656,672075
2026-06-10 11:00:00,16.329999923706055,16.440000534057617,16.329999923706055,16.440000534057617,498773
2026-06-10 11:15:00,16.360000610351562,16.3700008392334,16.34000015258789,16.34000015258789,224479
2026-06-10 11:30:00,16.3700008392334,16.389999389648438,16.360000610351562,16.3700008392334,107131
2026-06-10 11:45:00,16.350000381469727,16.3799991607666,16.350000381469727,16.360000610351562,88367
2026-06-10 12:00:00,16.329999923706055,16.360000610351562,16.309999465942383,16.360000610351562,161317
2026-06-10 12:15:00,16.360000610351562,16.360000610351562,16.309999465942383,16.309999465942383,75254
2026-06-10 12:30:00,16.329999923706055,16.350000381469727,16.31999969482422,16.350000381469727,62303
2026-06-10 12:45:00,16.309999465942383,16.360000610351562,16.309999465942383,16.329999923706055,122659
2026-06-10 13:00:00,16.350000381469727,16.350000381469727,16.31999969482422,16.31999969482422,85100
2026-06-10 13:15:00,16.350000381469727,16.350000381469727,16.31999969482422,16.34000015258789,64770
2026-06-10 13:30:00,16.309999465942383,16.329999923706055,16.299999237060547,16.329999923706055,146953
2026-06-10 13:45:00,16.309999465942383,16.329999923706055,16.290000915527344,16.31999969482422,329384
2026-06-10 14:00:00,16.260000228881836,16.31999969482422,16.260000228881836,16.31999969482422,233101
2026-06-10 14:15:00,16.229999542236328,16.280000686645508,16.229999542236328,16.280000686645508,233242
2026-06-10 14:30:00,16.190000534057617,16.239999771118164,16.139999389648438,16.229999542236328,231822
2026-06-10 14:45:00,16.209999084472656,16.209999084472656,16.170000076293945,16.190000534057617,99492
2026-06-10 15:00:00,16.229999542236328,16.229999542236328,16.190000534057617,16.209999084472656,98591
2026-06-10 15:15:00,16.209999084472656,16.239999771118164,16.190000534057617,16.229999542236328,81790
2026-06-10 15:30:00,16.239999771118164,16.309999465942383,16.200000762939453,16.200000762939453,180823
2026-06-10 15:45:00,16.190000534057617,16.260000228881836,16.18000030517578,16.260000228881836,128808
2026-06-10 16:00:00,16.15999984741211,16.190000534057617,16.139999389648438,16.18000030517578,247764
2026-06-10 16:15:00,16.139999389648438,16.170000076293945,16.1299991607666,16.15999984741211,155979
2026-06-10 16:30:00,16.200000762939453,16.200000762939453,16.139999389648438,16.15999984741211,209547
2026-06-10 16:45:00,16.200000762939453,16.229999542236328,16.190000534057617,16.200000762939453,238822
2026-06-10 17:00:00,16.15999984741211,16.209999084472656,16.15999984741211,16.200000762939453,108167
2026-06-10 17:15:00,16.149999618530273,16.190000534057617,16.149999618530273,16.15999984741211,125739
2026-06-10 17:30:00,17.399999618530273,17.399999618530273,16.1299991607666,16.139999389648438,5537880
2026-06-10 17:45:00,18.049999237060547,18.06999969482422,17.280000686645508,17.329999923706055,18104838
2026-06-11 09:45:00,18.0,18.0,18.0,18.0,0
2026-06-11 10:00:00,17.68000030517578,18.0,17.600000381469727,17.989999771118164,2309741
2026-06-11 10:15:00,17.709999084472656,17.790000915527344,17.6200008392334,17.68000030517578,773983
2026-06-11 10:30:00,17.780000686645508,17.81999969482422,17.709999084472656,17.719999313354492,407037
2026-06-11 10:45:00,17.65999984741211,17.780000686645508,17.649999618530273,17.760000228881836,411126
2026-06-11 11:00:00,17.700000762939453,17.729999542236328,17.6200008392334,17.670000076293945,469493
2026-06-11 11:15:00,17.690000534057617,17.739999771118164,17.68000030517578,17.719999313354492,189766
2026-06-11 11:30:00,17.760000228881836,17.780000686645508,17.68000030517578,17.690000534057617,288919
2026-06-11 11:45:00,17.90999984741211,17.989999771118164,17.709999084472656,17.760000228881836,1064998
2026-06-11 12:00:00,18.1200008392334,18.190000534057617,17.8700008392334,17.90999984741211,2384735
2026-06-11 12:15:00,17.8799991607666,18.1200008392334,17.850000381469727,18.110000610351562,1029264
2026-06-11 12:30:00,17.829999923706055,17.899999618530273,17.799999237060547,17.8700008392334,531347
2026-06-11 12:45:00,17.780000686645508,17.889999389648438,17.719999313354492,17.829999923706055,615918
2026-06-11 13:00:00,17.670000076293945,17.889999389648438,17.6200008392334,17.790000915527344,623761
2026-06-11 13:15:00,17.549999237060547,17.690000534057617,17.469999313354492,17.690000534057617,912685
2026-06-11 13:30:00,17.540000915527344,17.610000610351562,17.5,17.520000457763672,385149
2026-06-11 13:45:00,17.559999465942383,17.600000381469727,17.540000915527344,17.540000915527344,185440
2026-06-11 14:00:00,17.90999984741211,18.170000076293945,17.559999465942383,17.56999969482422,1887858
2026-06-11 14:15:00,18.0,18.200000762939453,17.899999618530273,17.899999618530273,1131860
2026-06-11 14:30:00,17.959999084472656,18.059999465942383,17.93000030517578,17.989999771118164,444772
2026-06-11 14:45:00,17.690000534057617,18.219999313354492,17.639999389648438,17.959999084472656,2071264
2026-06-11 15:00:00,17.670000076293945,17.790000915527344,17.59000015258789,17.719999313354492,1092333
2026-06-11 15:15:00,17.579999923706055,17.670000076293945,17.559999465942383,17.65999984741211,583245
2026-06-11 15:30:00,17.399999618530273,17.889999389648438,17.350000381469727,17.579999923706055,1377201
2026-06-11 15:45:00,17.329999923706055,17.43000030517578,17.309999465942383,17.389999389648438,234867
2026-06-11 16:00:00,17.290000915527344,17.3799991607666,17.260000228881836,17.31999969482422,398212
2026-06-11 16:15:00,17.299999237060547,17.3700008392334,17.200000762939453,17.280000686645508,503873
2026-06-11 16:30:00,17.280000686645508,17.350000381469727,17.270000457763672,17.309999465942383,225612
2026-06-11 16:45:00,17.18000030517578,17.34000015258789,17.18000030517578,17.290000915527344,736615
2026-06-11 17:00:00,17.260000228881836,17.3700008392334,17.18000030517578,17.18000030517578,482401
2026-06-11 17:15:00,17.209999084472656,17.290000915527344,17.170000076293945,17.260000228881836,338925
2026-06-11 17:30:00,17.329999923706055,17.3700008392334,17.1299991607666,17.209999084472656,436705
2026-06-11 17:45:00,17.209999084472656,17.350000381469727,17.170000076293945,17.329999923706055,575832
2026-06-12 09:45:00,17.350000381469727,17.350000381469727,17.350000381469727,17.350000381469727,0
2026-06-12 10:00:00,17.270000457763672,17.420000076293945,17.260000228881836,17.360000610351562,620361
2026-06-12 10:15:00,17.270000457763672,17.31999969482422,17.239999771118164,17.260000228881836,263336
2026-06-12 10:30:00,17.329999923706055,17.3700008392334,17.260000228881836,17.260000228881836,190517
2026-06-12 10:45:00,17.309999465942383,17.389999389648438,17.299999237060547,17.31999969482422,225938
2026-06-12 11:00:00,17.389999389648438,17.389999389648438,17.280000686645508,17.299999237060547,361958
2026-06-12 11:15:00,17.420000076293945,17.43000030517578,17.360000610351562,17.3799991607666,507263
2026-06-12 11:30:00,17.8700008392334,17.8799991607666,17.399999618530273,17.399999618530273,1754987
2026-06-12 11:45:00,17.829999923706055,18.09000015258789,17.780000686645508,17.8700008392334,1753835
2026-06-12 12:00:00,17.799999237060547,17.90999984741211,17.770000457763672,17.850000381469727,311679
2026-06-12 12:15:00,17.719999313354492,17.809999465942383,17.700000762939453,17.790000915527344,258440
2026-06-12 12:30:00,17.770000457763672,17.780000686645508,17.700000762939453,17.719999313354492,216341
2026-06-12 12:45:00,17.709999084472656,17.770000457763672,17.709999084472656,17.770000457763672,125918
2026-06-12 13:00:00,17.739999771118164,17.760000228881836,17.700000762939453,17.709999084472656,80985
2026-06-12 13:15:00,17.75,17.760000228881836,17.709999084472656,17.75,147007
2026-06-12 13:30:00,17.729999542236328,17.770000457763672,17.700000762939453,17.75,165486
2026-06-12 13:45:00,17.719999313354492,17.729999542236328,17.700000762939453,17.729999542236328,67494
2026-06-12 14:00:00,17.729999542236328,17.729999542236328,17.700000762939453,17.719999313354492,34655
2026-06-12 14:15:00,17.780000686645508,17.790000915527344,17.700000762939453,17.719999313354492,185306
2026-06-12 14:30:00,17.770000457763672,17.790000915527344,17.739999771118164,17.780000686645508,316609
2026-06-12 14:45:00,17.75,17.799999237060547,17.719999313354492,17.770000457763672,249759
2026-06-12 15:00:00,17.770000457763672,17.780000686645508,17.709999084472656,17.760000228881836,137805
2026-06-12 15:15:00,17.770000457763672,17.809999465942383,17.75,17.770000457763672,152720
2026-06-12 15:30:00,17.760000228881836,17.809999465942383,17.760000228881836,17.770000457763672,129776
2026-06-12 15:45:00,17.799999237060547,17.81999969482422,17.739999771118164,17.75,140488
2026-06-12 16:00:00,17.790000915527344,17.84000015258789,17.760000228881836,17.799999237060547,330410
2026-06-12 16:15:00,17.799999237060547,17.84000015258789,17.75,17.780000686645508,310568
2026-06-12 16:30:00,17.719999313354492,17.81999969482422,17.719999313354492,17.780000686645508,240922
2026-06-12 16:45:00,17.59000015258789,17.770000457763672,17.59000015258789,17.719999313354492,394031
2026-06-12 17:00:00,17.709999084472656,17.799999237060547,17.549999237060547,17.59000015258789,555233
2026-06-12 17:15:00,17.670000076293945,17.719999313354492,17.600000381469727,17.709999084472656,533400
2026-06-12 17:30:00,17.469999313354492,17.75,17.440000534057617,17.65999984741211,1512066
2026-06-12 17:45:00,17.290000915527344,17.489999771118164,17.290000915527344,17.469999313354492,1366934
2026-06-15 09:45:00,17.899999618530273,17.899999618530273,17.899999618530273,17.899999618530273,0
2026-06-15 10:00:00,18.3700008392334,18.540000915527344,17.90999984741211,17.90999984741211,3413709
2026-06-15 10:15:00,18.110000610351562,18.450000762939453,17.940000534057617,18.3700008392334,1951096
2026-06-15 10:30:00,18.18000030517578,18.290000915527344,18.09000015258789,18.100000381469727,606037
2026-06-15 10:45:00,18.299999237060547,18.31999969482422,18.18000030517578,18.190000534057617,1161586
2026-06-15 11:00:00,18.329999923706055,18.360000610351562,18.229999542236328,18.299999237060547,922662
2026-06-15 11:15:00,18.270000457763672,18.350000381469727,18.260000228881836,18.329999923706055,713487
2026-06-15 11:30:00,18.299999237060547,18.360000610351562,18.209999084472656,18.270000457763672,1082955
2026-06-15 11:45:00,18.389999389648438,18.399999618530273,18.280000686645508,18.290000915527344,1051022
2026-06-15 12:00:00,18.389999389648438,18.389999389648438,18.329999923706055,18.389999389648438,364784
2026-06-15 12:15:00,18.34000015258789,18.399999618530273,18.280000686645508,18.3799991607666,1018099
2026-06-15 12:30:00,18.329999923706055,18.3799991607666,18.329999923706055,18.329999923706055,353451
2026-06-15 12:45:00,18.239999771118164,18.329999923706055,18.209999084472656,18.31999969482422,706689
2026-06-15 13:00:00,18.290000915527344,18.290000915527344,18.219999313354492,18.25,578280
2026-06-15 13:15:00,18.270000457763672,18.309999465942383,18.239999771118164,18.290000915527344,331516
2026-06-15 13:30:00,18.110000610351562,18.270000457763672,18.040000915527344,18.270000457763672,1088386
2026-06-15 13:45:00,18.139999389648438,18.200000762939453,18.100000381469727,18.1200008392334,767565
2026-06-15 14:00:00,18.170000076293945,18.190000534057617,18.110000610351562,18.139999389648438,616059
2026-06-15 14:15:00,18.200000762939453,18.209999084472656,18.1299991607666,18.170000076293945,305946
2026-06-15 14:30:00,18.260000228881836,18.290000915527344,18.190000534057617,18.200000762939453,371411
2026-06-15 14:45:00,18.270000457763672,18.309999465942383,18.260000228881836,18.260000228881836,261230
2026-06-15 15:00:00,18.209999084472656,18.309999465942383,18.200000762939453,18.270000457763672,350806
2026-06-15 15:15:00,18.110000610351562,18.229999542236328,18.079999923706055,18.209999084472656,613660
2026-06-15 15:30:00,18.25,18.260000228881836,18.040000915527344,18.100000381469727,1183726
2026-06-15 15:45:00,18.190000534057617,18.360000610351562,18.15999984741211,18.25,1314062
2026-06-15 16:00:00,18.1200008392334,18.200000762939453,18.110000610351562,18.190000534057617,534232
2026-06-15 16:15:00,18.110000610351562,18.149999618530273,18.09000015258789,18.1200008392334,336823
2026-06-15 16:30:00,18.1299991607666,18.15999984741211,18.030000686645508,18.1200008392334,353808
2026-06-15 16:45:00,18.059999465942383,18.139999389648438,18.059999465942383,18.139999389648438,283733
2026-06-15 17:00:00,18.100000381469727,18.149999618530273,18.049999237060547,18.06999969482422,209589
2026-06-15 17:15:00,18.059999465942383,18.1299991607666,18.059999465942383,18.1200008392334,127670
2026-06-15 17:30:00,18.100000381469727,18.1299991607666,18.049999237060547,18.059999465942383,244928
2026-06-15 17:45:00,18.200000762939453,18.25,18.079999923706055,18.100000381469727,1312103
2026-06-16 09:45:00,18.209999084472656,18.209999084472656,18.209999084472656,18.209999084472656,0
2026-06-16 10:00:00,18.25,18.350000381469727,18.18000030517578,18.209999084472656,1132200
2026-06-16 10:15:00,18.290000915527344,18.350000381469727,18.239999771118164,18.260000228881836,772594
2026-06-16 10:30:00,18.290000915527344,18.329999923706055,18.239999771118164,18.280000686645508,670342
2026-06-16 10:45:00,18.260000228881836,18.299999237060547,18.229999542236328,18.290000915527344,550125
2026-06-16 11:00:00,18.239999771118164,18.280000686645508,18.219999313354492,18.260000228881836,397775
2026-06-16 11:15:00,18.170000076293945,18.25,18.010000228881836,18.239999771118164,628735
2026-06-16 11:30:00,18.18000030517578,18.18000030517578,18.110000610351562,18.170000076293945,321788
2026-06-16 11:45:00,18.170000076293945,18.18000030517578,18.1299991607666,18.18000030517578,109946
2026-06-16 12:00:00,18.239999771118164,18.299999237060547,18.15999984741211,18.15999984741211,391454
2026-06-16 12:15:00,18.219999313354492,18.25,18.190000534057617,18.219999313354492,122388
2026-06-16 12:30:00,18.149999618530273,18.219999313354492,18.09000015258789,18.219999313354492,192210
2026-06-16 12:45:00,18.170000076293945,18.200000762939453,18.149999618530273,18.149999618530273,58632
2026-06-16 13:00:00,18.190000534057617,18.219999313354492,18.149999618530273,18.18000030517578,86516
2026-06-16 13:15:00,18.18000030517578,18.200000762939453,18.15999984741211,18.190000534057617,119509
2026-06-16 13:30:00,18.200000762939453,18.200000762939453,18.170000076293945,18.170000076293945,77227
2026-06-16 13:45:00,18.149999618530273,18.190000534057617,18.139999389648438,18.18000030517578,96316
2026-06-16 14:00:00,18.06999969482422,18.170000076293945,18.06999969482422,18.149999618530273,253614
2026-06-16 14:15:00,18.149999618530273,18.170000076293945,18.020000457763672,18.100000381469727,368306
2026-06-16 14:30:00,18.1200008392334,18.15999984741211,18.079999923706055,18.149999618530273,125049
2026-06-16 14:45:00,18.049999237060547,18.1200008392334,18.040000915527344,18.110000610351562,227918
2026-06-16 15:00:00,18.059999465942383,18.06999969482422,17.989999771118164,18.049999237060547,357690
2026-06-16 15:15:00,18.030000686645508,18.09000015258789,17.989999771118164,18.049999237060547,298457
2026-06-16 15:30:00,18.040000915527344,18.049999237060547,17.989999771118164,18.030000686645508,288502
2026-06-16 15:45:00,18.030000686645508,18.079999923706055,18.0,18.040000915527344,284511
2026-06-16 16:00:00,18.079999923706055,18.09000015258789,18.020000457763672,18.030000686645508,153123
2026-06-16 16:15:00,18.059999465942383,18.079999923706055,18.040000915527344,18.079999923706055,133947
2026-06-16 16:30:00,18.209999084472656,18.229999542236328,18.059999465942383,18.06999969482422,823940
2026-06-16 16:45:00,18.25,18.299999237060547,18.200000762939453,18.209999084472656,385480
2026-06-16 17:00:00,18.239999771118164,18.350000381469727,18.219999313354492,18.270000457763672,929676
2026-06-16 17:15:00,18.25,18.280000686645508,18.219999313354492,18.239999771118164,399242
2026-06-16 17:30:00,18.350000381469727,18.43000030517578,18.239999771118164,18.25,1548236
2026-06-16 17:45:00,18.3799991607666,18.399999618530273,18.25,18.350000381469727,1546258
2026-06-17 09:45:00,18.420000076293945,18.420000076293945,18.420000076293945,18.420000076293945,0
2026-06-17 10:00:00,18.34000015258789,18.489999771118164,18.34000015258789,18.43000030517578,1201707
2026-06-17 10:15:00,18.3799991607666,18.440000534057617,18.34000015258789,18.34000015258789,411417
2026-06-17 10:30:00,18.43000030517578,18.440000534057617,18.360000610351562,18.389999389648438,363231
2026-06-17 10:45:00,18.43000030517578,18.489999771118164,18.389999389648438,18.43000030517578,1128152
2026-06-17 11:00:00,18.43000030517578,18.440000534057617,18.40999984741211,18.43000030517578,217702
2026-06-17 11:15:00,18.389999389648438,18.440000534057617,18.350000381469727,18.420000076293945,697830
2026-06-17 11:30:00,18.34000015258789,18.389999389648438,18.31999969482422,18.389999389648438,312932
2026-06-17 11:45:00,18.360000610351562,18.3700008392334,18.329999923706055,18.34000015258789,110063
2026-06-17 12:00:00,18.200000762939453,18.360000610351562,18.190000534057617,18.350000381469727,542596
2026-06-17 12:15:00,18.200000762939453,18.25,18.15999984741211,18.219999313354492,792516
2026-06-17 12:30:00,18.280000686645508,18.309999465942383,18.209999084472656,18.209999084472656,498570
2026-06-17 12:45:00,18.290000915527344,18.299999237060547,18.260000228881836,18.290000915527344,105886
2026-06-17 13:00:00,18.25,18.290000915527344,18.229999542236328,18.290000915527344,185994
2026-06-17 13:15:00,18.260000228881836,18.270000457763672,18.229999542236328,18.25,91932
2026-06-17 13:30:00,18.25,18.260000228881836,18.229999542236328,18.25,69378
2026-06-17 13:45:00,18.219999313354492,18.260000228881836,18.209999084472656,18.25,94891
2026-06-17 14:00:00,18.190000534057617,18.239999771118164,18.190000534057617,18.229999542236328,173979
2026-06-17 14:15:00,18.1200008392334,18.209999084472656,18.1200008392334,18.190000534057617,360730
2026-06-17 14:30:00,18.15999984741211,18.18000030517578,18.110000610351562,18.1200008392334,345956
2026-06-17 14:45:00,18.1200008392334,18.15999984741211,18.09000015258789,18.15999984741211,320556
2026-06-17 15:00:00,18.100000381469727,18.15999984741211,18.100000381469727,18.1200008392334,163776
2026-06-17 15:15:00,18.079999923706055,18.1200008392334,18.079999923706055,18.100000381469727,191632
2026-06-17 15:30:00,18.049999237060547,18.100000381469727,18.040000915527344,18.079999923706055,338174
2026-06-17 15:45:00,18.079999923706055,18.1200008392334,18.040000915527344,18.049999237060547,316657
2026-06-17 16:00:00,18.079999923706055,18.100000381469727,18.059999465942383,18.09000015258789,230606
2026-06-17 16:15:00,18.100000381469727,18.1200008392334,18.049999237060547,18.079999923706055,194992
2026-06-17 16:30:00,18.06999969482422,18.100000381469727,18.030000686645508,18.100000381469727,186354
2026-06-17 16:45:00,18.040000915527344,18.139999389648438,18.020000457763672,18.079999923706055,323167
2026-06-17 17:00:00,18.09000015258789,18.139999389648438,18.020000457763672,18.030000686645508,565708
2026-06-17 17:15:00,18.110000610351562,18.1200008392334,18.059999465942383,18.1200008392334,176707
2026-06-17 17:30:00,17.989999771118164,18.1200008392334,17.979999542236328,18.110000610351562,1060732
2026-06-17 17:45:00,17.8799991607666,18.0,17.850000381469727,18.0,1329506
2026-06-18 09:45:00,17.850000381469727,17.850000381469727,17.850000381469727,17.850000381469727,0
2026-06-18 10:00:00,17.850000381469727,17.979999542236328,17.829999923706055,17.860000610351562,1063404
2026-06-18 10:15:00,17.90999984741211,17.90999984741211,17.829999923706055,17.860000610351562,313092
2026-06-18 10:30:00,17.93000030517578,17.950000762939453,17.889999389648438,17.90999984741211,342307
2026-06-18 10:45:00,17.989999771118164,18.0,17.889999389648438,17.940000534057617,473470
2026-06-18 11:00:00,18.010000228881836,18.040000915527344,17.950000762939453,17.950000762939453,879540
2026-06-18 11:15:00,17.989999771118164,18.020000457763672,17.93000030517578,18.0,390284
2026-06-18 11:30:00,18.0,18.020000457763672,17.950000762939453,17.989999771118164,158327
2026-06-18 11:45:00,18.040000915527344,18.040000915527344,17.989999771118164,18.0,178235
2026-06-18 12:00:00,18.040000915527344,18.09000015258789,18.0,18.040000915527344,221916
2026-06-18 12:15:00,18.020000457763672,18.100000381469727,18.020000457763672,18.040000915527344,293464
2026-06-18 12:30:00,18.059999465942383,18.059999465942383,18.010000228881836,18.030000686645508,148115
2026-06-18 12:45:00,18.06999969482422,18.1299991607666,18.049999237060547,18.049999237060547,319631
2026-06-18 13:00:00,18.049999237060547,18.06999969482422,18.030000686645508,18.06999969482422,102341
2026-06-18 13:15:00,18.06999969482422,18.06999969482422,18.040000915527344,18.049999237060547,351390
2026-06-18 13:30:00,17.989999771118164,18.06999969482422,17.979999542236328,18.06999969482422,214017
2026-06-18 13:45:00,17.989999771118164,18.020000457763672,17.950000762939453,17.989999771118164,453166
2026-06-18 14:00:00,18.030000686645508,18.040000915527344,17.979999542236328,18.0,265040
2026-06-18 14:15:00,18.06999969482422,18.110000610351562,18.030000686645508,18.040000915527344,155005
2026-06-18 14:30:00,18.059999465942383,18.079999923706055,18.040000915527344,18.06999969482422,54565
2026-06-18 14:45:00,18.040000915527344,18.040000915527344,18.0,18.040000915527344,201800
2026-06-18 15:00:00,18.0,18.040000915527344,17.979999542236328,18.030000686645508,82819
2026-06-18 15:15:00,18.010000228881836,18.010000228881836,17.979999542236328,18.010000228881836,78448
2026-06-18 15:30:00,18.0,18.010000228881836,17.979999542236328,18.0,50701
2026-06-18 15:45:00,18.010000228881836,18.030000686645508,18.0,18.010000228881836,204592
2026-06-18 16:00:00,18.030000686645508,18.100000381469727,18.030000686645508,18.030000686645508,192533
2026-06-18 16:15:00,18.06999969482422,18.09000015258789,18.030000686645508,18.030000686645508,136560
2026-06-18 16:30:00,18.09000015258789,18.1299991607666,18.079999923706055,18.079999923706055,236563
2026-06-18 16:45:00,18.040000915527344,18.100000381469727,18.030000686645508,18.09000015258789,147946
2026-06-18 17:00:00,18.049999237060547,18.09000015258789,18.049999237060547,18.059999465942383,89939
2026-06-18 17:15:00,18.079999923706055,18.100000381469727,18.049999237060547,18.049999237060547,225306
2026-06-18 17:30:00,17.989999771118164,18.06999969482422,17.979999542236328,18.06999969482422,384226
2026-06-18 17:45:00,18.270000457763672,18.389999389648438,17.969999313354492,17.989999771118164,2542317
2026-06-19 09:45:00,18.18000030517578,18.18000030517578,18.18000030517578,18.18000030517578,0
2026-06-19 10:00:00,18.1200008392334,18.209999084472656,18.0,18.170000076293945,1476769
2026-06-19 10:15:00,17.950000762939453,18.1200008392334,17.940000534057617,18.110000610351562,669621
2026-06-19 10:30:00,17.959999084472656,17.959999084472656,17.90999984741211,17.940000534057617,307239
2026-06-19 10:45:00,17.920000076293945,17.959999084472656,17.8799991607666,17.959999084472656,512408
2026-06-19 11:00:00,17.93000030517578,18.040000915527344,17.889999389648438,17.920000076293945,329421
2026-06-19 11:15:00,17.959999084472656,17.979999542236328,17.920000076293945,17.93000030517578,169629
2026-06-19 11:30:00,17.920000076293945,17.969999313354492,17.90999984741211,17.969999313354492,240378
2026-06-19 11:45:00,17.90999984741211,17.940000534057617,17.899999618530273,17.920000076293945,342911
2026-06-19 12:00:00,17.90999984741211,17.940000534057617,17.899999618530273,17.920000076293945,259135
2026-06-19 12:15:00,17.950000762939453,17.959999084472656,17.90999984741211,17.920000076293945,147523
2026-06-19 12:30:00,17.920000076293945,17.959999084472656,17.899999618530273,17.959999084472656,380573
2026-06-19 12:45:00,17.940000534057617,18.049999237060547,17.899999618530273,17.920000076293945,703799
2026-06-19 13:00:00,17.8700008392334,17.950000762939453,17.81999969482422,17.940000534057617,718965
2026-06-19 13:15:00,17.899999618530273,17.920000076293945,17.84000015258789,17.8700008392334,688883
2026-06-19 13:30:00,17.899999618530273,17.90999984741211,17.829999923706055,17.899999618530273,505334
2026-06-19 13:45:00,17.81999969482422,17.920000076293945,17.780000686645508,17.889999389648438,962807
2026-06-19 14:00:00,17.899999618530273,17.920000076293945,17.729999542236328,17.799999237060547,739483
2026-06-19 14:15:00,18.030000686645508,18.110000610351562,17.829999923706055,17.899999618530273,1241957
2026-06-19 14:30:00,17.700000762939453,18.030000686645508,17.6299991607666,18.030000686645508,3225202
2026-06-19 14:45:00,17.729999542236328,17.729999542236328,17.690000534057617,17.709999084472656,270228
2026-06-19 15:00:00,17.600000381469727,17.729999542236328,17.549999237060547,17.719999313354492,2079311
2026-06-19 15:15:00,17.5,17.600000381469727,17.450000762939453,17.600000381469727,2337667
2026-06-19 15:30:00,17.530000686645508,17.56999969482422,17.5,17.5,327356
2026-06-19 15:45:00,17.540000915527344,17.579999923706055,17.489999771118164,17.549999237060547,678217
2026-06-19 16:00:00,17.5,17.579999923706055,17.5,17.540000915527344,396323
2026-06-19 16:15:00,17.399999618530273,17.510000228881836,17.350000381469727,17.5,1452339
2026-06-19 16:30:00,17.420000076293945,17.440000534057617,17.3700008392334,17.399999618530273,1709873
2026-06-19 16:45:00,17.40999984741211,17.450000762939453,17.3700008392334,17.420000076293945,340285
2026-06-19 17:00:00,17.40999984741211,17.450000762939453,17.34000015258789,17.40999984741211,490757
2026-06-19 17:15:00,17.420000076293945,17.459999084472656,17.399999618530273,17.40999984741211,235680
2026-06-19 17:30:00,17.280000686645508,17.450000762939453,17.280000686645508,17.420000076293945,655034
2026-06-19 17:45:00,17.290000915527344,17.3799991607666,17.280000686645508,17.360000610351562,803903
2026-06-22 09:45:00,17.399999618530273,17.399999618530273,17.399999618530273,17.399999618530273,0
2026-06-22 10:00:00,17.350000381469727,17.459999084472656,17.299999237060547,17.399999618530273,946631
2026-06-22 10:15:00,17.420000076293945,17.440000534057617,17.299999237060547,17.34000015258789,615720
2026-06-22 10:30:00,17.3799991607666,17.440000534057617,17.360000610351562,17.420000076293945,466660
2026-06-22 10:45:00,17.389999389648438,17.399999618530273,17.3700008392334,17.3799991607666,110811
2026-06-22 11:00:00,17.40999984741211,17.43000030517578,17.360000610351562,17.389999389648438,269879
2026-06-22 11:15:00,17.450000762939453,17.479999542236328,17.389999389648438,17.399999618530273,306213
2026-06-22 11:30:00,17.56999969482422,17.649999618530273,17.450000762939453,17.459999084472656,710746
2026-06-22 11:45:00,17.540000915527344,17.579999923706055,17.520000457763672,17.579999923706055,386260
2026-06-22 12:00:00,17.600000381469727,17.6200008392334,17.520000457763672,17.540000915527344,236469
2026-06-22 12:15:00,17.639999389648438,17.670000076293945,17.540000915527344,17.610000610351562,294317
2026-06-22 12:30:00,17.59000015258789,17.639999389648438,17.549999237060547,17.639999389648438,596550
2026-06-22 12:45:00,17.59000015258789,17.65999984741211,17.579999923706055,17.59000015258789,343709
2026-06-22 13:00:00,17.729999542236328,17.75,17.59000015258789,17.59000015258789,715615
2026-06-22 13:15:00,17.700000762939453,17.780000686645508,17.6299991607666,17.729999542236328,511746
2026-06-22 13:30:00,17.68000030517578,17.719999313354492,17.670000076293945,17.700000762939453,187629
2026-06-22 13:45:00,17.700000762939453,17.719999313354492,17.649999618530273,17.68000030517578,258702
2026-06-22 14:00:00,17.68000030517578,17.729999542236328,17.68000030517578,17.700000762939453,149759
2026-06-22 14:15:00,17.610000610351562,17.709999084472656,17.510000228881836,17.700000762939453,373330
2026-06-22 14:30:00,17.209999084472656,17.6200008392334,17.079999923706055,17.610000610351562,5375493
2026-06-22 14:45:00,17.190000534057617,17.260000228881836,17.079999923706055,17.200000762939453,1611164
2026-06-22 15:00:00,17.190000534057617,17.229999542236328,17.15999984741211,17.18000030517578,708410
2026-06-22 15:15:00,17.200000762939453,17.219999313354492,17.15999984741211,17.190000534057617,459017
2026-06-22 15:30:00,17.100000381469727,17.200000762939453,17.0,17.200000762939453,1951531
2026-06-22 15:45:00,17.06999969482422,17.110000610351562,17.06999969482422,17.100000381469727,206621
2026-06-22 16:00:00,17.09000015258789,17.1299991607666,17.06999969482422,17.079999923706055,320182
2026-06-22 16:15:00,17.100000381469727,17.1200008392334,17.079999923706055,17.100000381469727,210242
2026-06-22 16:30:00,17.049999237060547,17.100000381469727,17.040000915527344,17.100000381469727,335788
2026-06-22 16:45:00,17.06999969482422,17.06999969482422,17.030000686645508,17.049999237060547,457655
2026-06-22 17:00:00,17.049999237060547,17.06999969482422,17.020000457763672,17.059999465942383,509097
2026-06-22 17:15:00,17.030000686645508,17.049999237060547,17.010000228881836,17.049999237060547,254590
2026-06-22 17:30:00,17.030000686645508,17.049999237060547,17.0,17.030000686645508,520200
2026-06-22 17:45:00,17.040000915527344,17.040000915527344,16.989999771118164,17.020000457763672,646289
2026-06-23 09:45:00,16.760000228881836,16.760000228881836,16.760000228881836,16.760000228881836,0
2026-06-23 10:00:00,16.700000762939453,16.770000457763672,16.6200008392334,16.760000228881836,1558889
2026-06-23 10:15:00,16.719999313354492,16.719999313354492,16.670000076293945,16.700000762939453,632779
2026-06-23 10:30:00,16.690000534057617,16.75,16.68000030517578,16.719999313354492,637002
2026-06-23 10:45:00,16.610000610351562,16.719999313354492,16.610000610351562,16.700000762939453,518065
2026-06-23 11:00:00,16.639999389648438,16.649999618530273,16.579999923706055,16.610000610351562,313990
2026-06-23 11:15:00,16.649999618530273,16.670000076293945,16.6200008392334,16.639999389648438,255401
2026-06-23 11:30:00,16.719999313354492,16.729999542236328,16.639999389648438,16.649999618530273,250719
2026-06-23 11:45:00,16.700000762939453,16.729999542236328,16.700000762939453,16.719999313354492,115139
2026-06-23 12:00:00,16.850000381469727,16.860000610351562,16.709999084472656,16.709999084472656,579989
2026-06-23 12:15:00,16.8700008392334,16.959999084472656,16.690000534057617,16.850000381469727,878691
2026-06-23 12:30:00,16.93000030517578,16.950000762939453,16.8700008392334,16.8700008392334,265357
2026-06-23 12:45:00,16.920000076293945,16.950000762939453,16.889999389648438,16.93000030517578,155939
2026-06-23 13:00:00,16.920000076293945,16.940000534057617,16.899999618530273,16.920000076293945,97628
2026-06-23 13:15:00,16.940000534057617,16.959999084472656,16.920000076293945,16.93000030517578,138850
2026-06-23 13:30:00,16.889999389648438,16.959999084472656,16.860000610351562,16.940000534057617,377429
2026-06-23 13:45:00,16.899999618530273,16.920000076293945,16.8799991607666,16.8799991607666,44046
2026-06-23 14:00:00,16.899999618530273,16.920000076293945,16.8700008392334,16.899999618530273,91444
2026-06-23 14:15:00,16.920000076293945,16.940000534057617,16.889999389648438,16.90999984741211,94452
2026-06-23 14:30:00,16.81999969482422,16.920000076293945,16.799999237060547,16.90999984741211,335136
2026-06-23 14:45:00,16.760000228881836,16.81999969482422,16.709999084472656,16.81999969482422,189074
2026-06-23 15:00:00,16.790000915527344,16.829999923706055,16.760000228881836,16.760000228881836,183075
2026-06-23 15:15:00,16.760000228881836,16.799999237060547,16.760000228881836,16.799999237060547,126159
2026-06-23 15:30:00,16.770000457763672,16.790000915527344,16.700000762939453,16.760000228881836,180427
2026-06-23 15:45:00,16.799999237060547,16.809999465942383,16.760000228881836,16.780000686645508,60329
2026-06-23 16:00:00,16.770000457763672,16.799999237060547,16.760000228881836,16.790000915527344,174354
2026-06-23 16:15:00,16.770000457763672,16.770000457763672,16.75,16.770000457763672,93095
2026-06-23 16:30:00,16.790000915527344,16.829999923706055,16.75,16.75,208172
2026-06-23 16:45:00,16.81999969482422,16.84000015258789,16.790000915527344,16.790000915527344,156631
2026-06-23 17:00:00,16.790000915527344,16.829999923706055,16.780000686645508,16.829999923706055,79344
2026-06-23 17:15:00,16.770000457763672,16.799999237060547,16.770000457763672,16.799999237060547,58107
2026-06-23 17:30:00,16.770000457763672,16.799999237060547,16.75,16.780000686645508,127644
2026-06-23 17:45:00,16.670000076293945,16.770000457763672,16.639999389648438,16.770000457763672,1607312
2026-06-24 09:45:00,16.719999313354492,16.719999313354492,16.719999313354492,16.719999313354492,0
2026-06-24 10:00:00,16.6299991607666,16.799999237060547,16.579999923706055,16.729999542236328,807994
2026-06-24 10:15:00,16.530000686645508,16.65999984741211,16.5,16.639999389648438,828895
2026-06-24 10:30:00,16.59000015258789,16.600000381469727,16.510000228881836,16.530000686645508,235839
2026-06-24 10:45:00,16.600000381469727,16.6299991607666,16.59000015258789,16.600000381469727,220660
2026-06-24 11:00:00,16.579999923706055,16.610000610351562,16.56999969482422,16.610000610351562,82534
2026-06-24 11:15:00,16.56999969482422,16.59000015258789,16.540000915527344,16.579999923706055,141089
2026-06-24 11:30:00,16.56999969482422,16.579999923706055,16.549999237060547,16.56999969482422,66215
2026-06-24 11:45:00,16.600000381469727,16.610000610351562,16.559999465942383,16.56999969482422,140074
2026-06-24 12:00:00,16.59000015258789,16.600000381469727,16.530000686645508,16.600000381469727,299400
2026-06-24 12:15:00,16.579999923706055,16.610000610351562,16.559999465942383,16.59000015258789,141795
2026-06-24 12:30:00,16.549999237060547,16.59000015258789,16.530000686645508,16.579999923706055,156400
2026-06-24 12:45:00,16.549999237060547,16.559999465942383,16.520000457763672,16.549999237060547,151452
2026-06-24 13:00:00,16.559999465942383,16.610000610351562,16.540000915527344,16.549999237060547,109570
2026-06-24 13:15:00,16.56999969482422,16.56999969482422,16.530000686645508,16.559999465942383,150055
2026-06-24 13:30:00,16.530000686645508,16.579999923706055,16.530000686645508,16.56999969482422,132667
2026-06-24 13:45:00,16.469999313354492,16.530000686645508,16.469999313354492,16.530000686645508,540873
2026-06-24 14:00:00,16.489999771118164,16.5,16.469999313354492,16.469999313354492,62736
2026-06-24 14:15:00,16.489999771118164,16.489999771118164,16.469999313354492,16.489999771118164,67038
2026-06-24 14:30:00,16.489999771118164,16.5,16.479999542236328,16.489999771118164,83851
2026-06-24 14:45:00,16.420000076293945,16.510000228881836,16.420000076293945,16.489999771118164,363567
2026-06-24 15:00:00,16.420000076293945,16.440000534057617,16.399999618530273,16.420000076293945,218165
2026-06-24 15:15:00,16.420000076293945,16.43000030517578,16.389999389648438,16.40999984741211,96872
2026-06-24 15:30:00,16.440000534057617,16.459999084472656,16.399999618530273,16.420000076293945,124246
2026-06-24 15:45:00,16.440000534057617,16.450000762939453,16.399999618530273,16.450000762939453,158052
2026-06-24 16:00:00,16.420000076293945,16.440000534057617,16.399999618530273,16.440000534057617,436015
2026-06-24 16:15:00,16.299999237060547,16.440000534057617,16.190000534057617,16.420000076293945,1503181
2026-06-24 16:30:00,16.149999618530273,16.3799991607666,16.1299991607666,16.290000915527344,3307380
2026-06-24 16:45:00,16.229999542236328,16.229999542236328,16.1299991607666,16.139999389648438,572677
2026-06-24 17:00:00,16.170000076293945,16.229999542236328,16.170000076293945,16.219999313354492,276258
2026-06-24 17:15:00,16.190000534057617,16.200000762939453,16.149999618530273,16.18000030517578,445389
2026-06-24 17:30:00,16.18000030517578,16.239999771118164,16.15999984741211,16.190000534057617,570636
2026-06-24 17:45:00,16.200000762939453,16.219999313354492,16.149999618530273,16.170000076293945,757641
2026-06-25 09:45:00,16.649999618530273,16.649999618530273,16.649999618530273,16.649999618530273,0
2026-06-25 10:00:00,16.3700008392334,16.690000534057617,16.3700008392334,16.649999618530273,2054939
2026-06-25 10:15:00,16.389999389648438,16.420000076293945,16.350000381469727,16.3799991607666,526220
2026-06-25 10:30:00,16.3700008392334,16.399999618530273,16.350000381469727,16.3799991607666,175380
2026-06-25 10:45:00,16.350000381469727,16.389999389648438,16.34000015258789,16.3700008392334,171993
2026-06-25 11:00:00,16.360000610351562,16.3799991607666,16.329999923706055,16.360000610351562,116668
2026-06-25 11:15:00,16.34000015258789,16.3799991607666,16.309999465942383,16.3700008392334,193857
2026-06-25 11:30:00,16.31999969482422,16.34000015258789,16.290000915527344,16.31999969482422,300439
2026-06-25 11:45:00,16.31999969482422,16.350000381469727,16.309999465942383,16.31999969482422,111687
2026-06-25 12:00:00,16.34000015258789,16.360000610351562,16.31999969482422,16.329999923706055,97042
2026-06-25 12:15:00,16.280000686645508,16.350000381469727,16.25,16.350000381469727,161441
2026-06-25 12:30:00,16.270000457763672,16.290000915527344,16.239999771118164,16.280000686645508,169903
2026-06-25 12:45:00,16.299999237060547,16.31999969482422,16.25,16.260000228881836,346031
2026-06-25 13:00:00,16.299999237060547,16.31999969482422,16.290000915527344,16.299999237060547,190176
2026-06-25 13:15:00,16.309999465942383,16.329999923706055,16.290000915527344,16.290000915527344,109296
2026-06-25 13:30:00,16.270000457763672,16.31999969482422,16.260000228881836,16.309999465942383,143705
2026-06-25 13:45:00,16.350000381469727,16.5,16.270000457763672,16.270000457763672,1067953
2026-06-25 14:00:00,16.350000381469727,16.360000610351562,16.31999969482422,16.350000381469727,284797
2026-06-25 14:15:00,16.299999237060547,16.34000015258789,16.299999237060547,16.34000015258789,237641
2026-06-25 14:30:00,16.299999237060547,16.329999923706055,16.280000686645508,16.299999237060547,169127
2026-06-25 14:45:00,16.260000228881836,16.299999237060547,16.25,16.299999237060547,170926
2026-06-25 15:00:00,16.25,16.280000686645508,16.219999313354492,16.260000228881836,160722
2026-06-25 15:15:00,16.270000457763672,16.270000457763672,16.229999542236328,16.25,53010
2026-06-25 15:30:00,16.260000228881836,16.290000915527344,16.209999084472656,16.270000457763672,175620
2026-06-25 15:45:00,16.280000686645508,16.280000686645508,16.239999771118164,16.270000457763672,100700
2026-06-25 16:00:00,16.239999771118164,16.280000686645508,16.219999313354492,16.270000457763672,100539
2026-06-25 16:15:00,16.219999313354492,16.25,16.200000762939453,16.239999771118164,137415
2026-06-25 16:30:00,16.18000030517578,16.229999542236328,16.15999984741211,16.219999313354492,364199
2026-06-25 16:45:00,16.190000534057617,16.260000228881836,16.170000076293945,16.18000030517578,750317
2026-06-25 17:00:00,16.239999771118164,16.260000228881836,16.18000030517578,16.200000762939453,525384
2026-06-25 17:15:00,16.239999771118164,16.25,16.229999542236328,16.239999771118164,335052
2026-06-25 17:30:00,16.239999771118164,16.25,16.229999542236328,16.239999771118164,111576
2026-06-25 17:45:00,16.229999542236328,16.25,16.18000030517578,16.239999771118164,962792
2026-06-26 09:45:00,16.239999771118164,16.239999771118164,16.239999771118164,16.239999771118164,0
2026-06-26 10:00:00,16.219999313354492,16.239999771118164,16.190000534057617,16.239999771118164,347220
2026-06-26 10:15:00,16.200000762939453,16.229999542236328,16.149999618530273,16.209999084472656,682812
2026-06-26 10:30:00,16.209999084472656,16.25,16.18000030517578,16.200000762939453,328677
2026-06-26 10:45:00,16.209999084472656,16.229999542236328,16.200000762939453,16.209999084472656,179800
2026-06-26 11:00:00,16.18000030517578,16.209999084472656,16.170000076293945,16.209999084472656,156209
2026-06-26 11:15:00,16.190000534057617,16.190000534057617,16.15999984741211,16.18000030517578,211226
2026-06-26 11:30:00,16.18000030517578,16.200000762939453,16.18000030517578,16.190000534057617,162365
2026-06-26 11:45:00,16.170000076293945,16.190000534057617,16.15999984741211,16.18000030517578,151763
2026-06-26 12:00:00,16.15999984741211,16.170000076293945,16.149999618530273,16.15999984741211,190414
2026-06-26 12:15:00,16.190000534057617,16.190000534057617,16.149999618530273,16.149999618530273,301751
2026-06-26 12:30:00,16.170000076293945,16.190000534057617,16.15999984741211,16.18000030517578,128665
2026-06-26 12:45:00,16.190000534057617,16.200000762939453,16.15999984741211,16.170000076293945,72487
2026-06-26 13:00:00,16.190000534057617,16.200000762939453,16.170000076293945,16.190000534057617,85343
2026-06-26 13:15:00,16.18000030517578,16.200000762939453,16.170000076293945,16.200000762939453,86354
2026-06-26 13:30:00,16.170000076293945,16.18000030517578,16.149999618530273,16.18000030517578,149737
2026-06-26 13:45:00,16.15999984741211,16.18000030517578,16.149999618530273,16.170000076293945,72413
2026-06-26 14:00:00,16.190000534057617,16.200000762939453,16.15999984741211,16.15999984741211,37067
2026-06-26 14:15:00,16.209999084472656,16.219999313354492,16.190000534057617,16.190000534057617,164131
2026-06-26 14:30:00,16.229999542236328,16.229999542236328,16.209999084472656,16.209999084472656,144410
2026-06-26 14:45:00,16.209999084472656,16.229999542236328,16.200000762939453,16.209999084472656,175964
2026-06-26 15:00:00,16.209999084472656,16.239999771118164,16.190000534057617,16.219999313354492,168342
2026-06-26 15:15:00,16.420000076293945,16.520000457763672,16.190000534057617,16.209999084472656,1057708
2026-06-26 15:30:00,16.290000915527344,16.440000534057617,16.280000686645508,16.40999984741211,728588
2026-06-26 15:45:00,16.239999771118164,16.290000915527344,16.209999084472656,16.280000686645508,300794
2026-06-26 16:00:00,16.209999084472656,16.239999771118164,16.18000030517578,16.239999771118164,351272
2026-06-26 16:15:00,16.190000534057617,16.209999084472656,16.149999618530273,16.209999084472656,245283
2026-06-26 16:30:00,16.170000076293945,16.190000534057617,16.149999618530273,16.170000076293945,203018
2026-06-26 16:45:00,16.18000030517578,16.200000762939453,16.15999984741211,16.170000076293945,116482
2026-06-26 17:00:00,16.18000030517578,16.200000762939453,16.15999984741211,16.18000030517578,79670
2026-06-26 17:15:00,16.229999542236328,16.239999771118164,16.190000534057617,16.200000762939453,114893
2026-06-26 17:30:00,16.209999084472656,16.25,16.209999084472656,16.229999542236328,157523
2026-06-26 17:45:00,16.239999771118164,16.260000228881836,16.200000762939453,16.209999084472656,580607
2026-06-29 09:45:00,16.280000686645508,16.280000686645508,16.280000686645508,16.280000686645508,0
2026-06-29 10:00:00,16.31999969482422,16.34000015258789,16.25,16.280000686645508,456770
2026-06-29 10:15:00,16.329999923706055,16.360000610351562,16.299999237060547,16.31999969482422,278321
2026-06-29 10:30:00,16.31999969482422,16.350000381469727,16.270000457763672,16.329999923706055,203942
2026-06-29 10:45:00,16.360000610351562,16.3700008392334,16.299999237060547,16.31999969482422,236703
2026-06-29 11:00:00,16.309999465942383,16.3700008392334,16.309999465942383,16.350000381469727,143524
2026-06-29 11:15:00,16.329999923706055,16.360000610351562,16.309999465942383,16.31999969482422,218461
2026-06-29 11:30:00,16.309999465942383,16.350000381469727,16.290000915527344,16.34000015258789,206028
2026-06-29 11:45:00,16.329999923706055,16.34000015258789,16.299999237060547,16.31999969482422,157156
2026-06-29 12:00:00,16.31999969482422,16.34000015258789,16.309999465942383,16.329999923706055,66603
2026-06-29 12:15:00,16.34000015258789,16.34000015258789,16.309999465942383,16.31999969482422,46429
2026-06-29 12:30:00,16.34000015258789,16.360000610351562,16.34000015258789,16.350000381469727,59092
2026-06-29 12:45:00,16.290000915527344,16.350000381469727,16.280000686645508,16.350000381469727,192802
2026-06-29 13:00:00,16.260000228881836,16.299999237060547,16.260000228881836,16.290000915527344,177796
2026-06-29 13:15:00,16.280000686645508,16.290000915527344,16.260000228881836,16.260000228881836,55930
2026-06-29 13:30:00,16.25,16.299999237060547,16.25,16.290000915527344,161211
2026-06-29 13:45:00,16.239999771118164,16.260000228881836,16.209999084472656,16.260000228881836,302485
2026-06-29 14:00:00,16.25,16.260000228881836,16.219999313354492,16.229999542236328,139284
2026-06-29 14:15:00,16.219999313354492,16.25,16.200000762939453,16.25,304998
2026-06-29 14:30:00,16.209999084472656,16.239999771118164,16.170000076293945,16.209999084472656,214204
2026-06-29 14:45:00,16.190000534057617,16.219999313354492,16.18000030517578,16.209999084472656,85587
2026-06-29 15:00:00,16.18000030517578,16.200000762939453,16.170000076293945,16.200000762939453,80532
2026-06-29 15:15:00,16.190000534057617,16.190000534057617,16.15999984741211,16.18000030517578,108387
2026-06-29 15:30:00,16.190000534057617,16.200000762939453,16.170000076293945,16.170000076293945,20044
2026-06-29 15:45:00,16.18000030517578,16.190000534057617,16.149999618530273,16.18000030517578,88384
2026-06-29 16:00:00,16.149999618530273,16.190000534057617,16.139999389648438,16.18000030517578,243157
2026-06-29 16:15:00,16.139999389648438,16.170000076293945,16.1299991607666,16.149999618530273,247713
2026-06-29 16:30:00,16.149999618530273,16.15999984741211,16.1200008392334,16.139999389648438,244210
2026-06-29 16:45:00,16.149999618530273,16.18000030517578,16.1299991607666,16.15999984741211,242898
2026-06-29 17:00:00,16.139999389648438,16.149999618530273,16.1200008392334,16.149999618530273,125482
2026-06-29 17:15:00,16.139999389648438,16.15999984741211,16.1200008392334,16.139999389648438,135502
2026-06-29 17:30:00,16.09000015258789,16.139999389648438,16.079999923706055,16.139999389648438,255815
2026-06-29 17:45:00,16.110000610351562,16.1200008392334,16.06999969482422,16.09000015258789,428977
2026-06-30 09:45:00,16.149999618530273,16.149999618530273,16.149999618530273,16.149999618530273,0
2026-06-30 10:00:00,16.149999618530273,16.190000534057617,16.1200008392334,16.149999618530273,290345
2026-06-30 10:15:00,16.190000534057617,16.190000534057617,16.139999389648438,16.149999618530273,110766
2026-06-30 10:30:00,16.139999389648438,16.209999084472656,16.1200008392334,16.190000534057617,450565
2026-06-30 10:45:00,16.18000030517578,16.200000762939453,16.139999389648438,16.149999618530273,103604
2026-06-30 11:00:00,16.18000030517578,16.200000762939453,16.170000076293945,16.18000030517578,95599
2026-06-30 11:15:00,16.18000030517578,16.229999542236328,16.170000076293945,16.18000030517578,227603
2026-06-30 11:30:00,16.170000076293945,16.190000534057617,16.15999984741211,16.18000030517578,60493
2026-06-30 11:45:00,16.15999984741211,16.170000076293945,16.149999618530273,16.170000076293945,35601
2026-06-30 12:00:00,16.18000030517578,16.190000534057617,16.149999618530273,16.15999984741211,87866
2026-06-30 12:15:00,16.18000030517578,16.209999084472656,16.170000076293945,16.18000030517578,91780
2026-06-30 12:30:00,16.18000030517578,16.18000030517578,16.149999618530273,16.18000030517578,77700
2026-06-30 12:45:00,16.149999618530273,16.18000030517578,16.149999618530273,16.18000030517578,85416
2026-06-30 13:00:00,16.1200008392334,16.170000076293945,16.110000610351562,16.15999984741211,190139
2026-06-30 13:15:00,16.149999618530273,16.149999618530273,16.110000610351562,16.1200008392334,144478
2026-06-30 13:30:00,16.1299991607666,16.170000076293945,16.1200008392334,16.139999389648438,120052
2026-06-30 13:45:00,16.15999984741211,16.15999984741211,16.1299991607666,16.1299991607666,58658
2026-06-30 14:00:00,16.15999984741211,16.170000076293945,16.139999389648438,16.15999984741211,19616
2026-06-30 14:15:00,16.139999389648438,16.170000076293945,16.139999389648438,16.149999618530273,81254
2026-06-30 14:30:00,16.149999618530273,16.170000076293945,16.139999389648438,16.139999389648438,51892
2026-06-30 14:45:00,16.149999618530273,16.170000076293945,16.139999389648438,16.149999618530273,67905
2026-06-30 15:00:00,16.1299991607666,16.149999618530273,16.110000610351562,16.139999389648438,171923
2026-06-30 15:15:00,16.079999923706055,16.1299991607666,16.049999237060547,16.1299991607666,215076
2026-06-30 15:30:00,16.06999969482422,16.06999969482422,16.040000915527344,16.06999969482422,155606
2026-06-30 15:45:00,16.059999465942383,16.079999923706055,16.040000915527344,16.06999969482422,254845
2026-06-30 16:00:00,16.049999237060547,16.079999923706055,16.0,16.079999923706055,523253
2026-06-30 16:15:00,16.030000686645508,16.059999465942383,16.030000686645508,16.049999237060547,58566
2026-06-30 16:30:00,16.049999237060547,16.079999923706055,16.030000686645508,16.049999237060547,104668
2026-06-30 16:45:00,16.040000915527344,16.059999465942383,16.030000686645508,16.049999237060547,61893
2026-06-30 17:00:00,16.020000457763672,16.049999237060547,16.020000457763672,16.040000915527344,104925
2026-06-30 17:15:00,15.960000038146973,16.030000686645508,15.949999809265137,16.030000686645508,384882
2026-06-30 17:30:00,16.0,16.010000228881836,15.949999809265137,15.960000038146973,330949
2026-06-30 17:45:00,16.0,16.0,15.949999809265137,15.979999542236328,299401
2026-07-01 09:45:00,15.90999984741211,15.90999984741211,15.90999984741211,15.90999984741211,0
2026-07-01 10:00:00,16.0,16.020000457763672,15.890000343322754,15.920000076293945,354603
2026-07-01 10:15:00,16.020000457763672,16.040000915527344,15.989999771118164,16.020000457763672,291941
2026-07-01 10:30:00,16.030000686645508,16.030000686645508,15.960000038146973,16.030000686645508,254549
2026-07-01 10:45:00,16.049999237060547,16.049999237060547,16.020000457763672,16.040000915527344,142505
2026-07-01 11:00:00,16.049999237060547,16.06999969482422,16.030000686645508,16.059999465942383,351172
2026-07-01 11:15:00,16.049999237060547,16.059999465942383,16.030000686645508,16.049999237060547,120516
2026-07-01 11:30:00,16.030000686645508,16.059999465942383,16.020000457763672,16.049999237060547,215693
2026-07-01 11:45:00,16.020000457763672,16.040000915527344,16.010000228881836,16.030000686645508,160394
2026-07-01 12:00:00,15.989999771118164,16.040000915527344,15.979999542236328,16.020000457763672,274080
2026-07-01 12:15:00,15.970000267028809,16.0,15.970000267028809,16.0,86199
2026-07-01 12:30:00,15.979999542236328,15.989999771118164,15.960000038146973,15.979999542236328,76312
2026-07-01 12:45:00,15.979999542236328,15.989999771118164,15.960000038146973,15.970000267028809,52920
2026-07-01 13:00:00,16.020000457763672,16.020000457763672,15.970000267028809,15.979999542236328,355443
2026-07-01 13:15:00,16.020000457763672,16.040000915527344,16.0,16.020000457763672,48500
2026-07-01 13:30:00,16.030000686645508,16.030000686645508,16.010000228881836,16.010000228881836,105239
2026-07-01 13:45:00,16.020000457763672,16.030000686645508,16.0,16.030000686645508,48149
2026-07-01 14:00:00,16.020000457763672,16.030000686645508,16.0,16.0,18375
2026-07-01 14:15:00,16.059999465942383,16.06999969482422,16.010000228881836,16.010000228881836,98314
2026-07-01 14:30:00,16.049999237060547,16.06999969482422,16.010000228881836,16.059999465942383,128699
2026-07-01 14:45:00,16.040000915527344,16.059999465942383,16.030000686645508,16.049999237060547,46422
2026-07-01 15:00:00,16.040000915527344,16.049999237060547,16.010000228881836,16.049999237060547,38593
2026-07-01 15:15:00,16.0,16.030000686645508,16.0,16.030000686645508,113666
2026-07-01 15:30:00,16.010000228881836,16.020000457763672,16.0,16.010000228881836,91716
2026-07-01 15:45:00,16.010000228881836,16.020000457763672,15.979999542236328,16.020000457763672,159239
2026-07-01 16:00:00,15.970000267028809,16.010000228881836,15.960000038146973,16.010000228881836,155609
2026-07-01 16:15:00,16.010000228881836,16.040000915527344,15.960000038146973,15.979999542236328,141802
2026-07-01 16:30:00,16.010000228881836,16.030000686645508,16.0,16.010000228881836,68031
2026-07-01 16:45:00,15.970000267028809,16.040000915527344,15.970000267028809,16.020000457763672,260230
2026-07-01 17:00:00,15.989999771118164,16.010000228881836,15.970000267028809,15.989999771118164,148915
2026-07-01 17:15:00,16.020000457763672,16.030000686645508,15.989999771118164,15.989999771118164,365765
2026-07-01 17:30:00,15.979999542236328,16.020000457763672,15.979999542236328,16.010000228881836,167989
2026-07-01 17:45:00,15.989999771118164,15.989999771118164,15.970000267028809,15.989999771118164,390216
2026-07-02 09:45:00,16.040000915527344,16.040000915527344,16.040000915527344,16.040000915527344,0
2026-07-02 10:00:00,16.079999923706055,16.149999618530273,16.030000686645508,16.040000915527344,534361
2026-07-02 10:15:00,16.09000015258789,16.1200008392334,16.059999465942383,16.059999465942383,155962
2026-07-02 10:30:00,16.09000015258789,16.09000015258789,16.059999465942383,16.09000015258789,59130
2026-07-02 10:45:00,16.059999465942383,16.100000381469727,16.059999465942383,16.100000381469727,111738
2026-07-02 11:00:00,16.15999984741211,16.170000076293945,16.059999465942383,16.06999969482422,344161
2026-07-02 11:15:00,16.1200008392334,16.18000030517578,16.09000015258789,16.15999984741211,292682
2026-07-02 11:30:00,16.110000610351562,16.139999389648438,16.110000610351562,16.1200008392334,99019
2026-07-02 11:45:00,16.09000015258789,16.110000610351562,16.079999923706055,16.110000610351562,131259
2026-07-02 12:00:00,16.100000381469727,16.100000381469727,16.079999923706055,16.09000015258789,69925
2026-07-02 12:15:00,16.1200008392334,16.1200008392334,16.06999969482422,16.079999923706055,123761
2026-07-02 12:30:00,16.100000381469727,16.1299991607666,16.079999923706055,16.110000610351562,113443
2026-07-02 12:45:00,16.1200008392334,16.1200008392334,16.079999923706055,16.100000381469727,280100
2026-07-02 13:00:00,16.110000610351562,16.1200008392334,16.06999969482422,16.110000610351562,74809
2026-07-02 13:15:00,16.06999969482422,16.1200008392334,16.059999465942383,16.100000381469727,86653
2026-07-02 13:30:00,16.079999923706055,16.100000381469727,16.079999923706055,16.09000015258789,28934
2026-07-02 13:45:00,16.059999465942383,16.100000381469727,16.059999465942383,16.100000381469727,85628
2026-07-02 14:00:00,16.059999465942383,16.079999923706055,16.030000686645508,16.049999237060547,113658
2026-07-02 14:15:00,16.049999237060547,16.06999969482422,16.030000686645508,16.059999465942383,99569
2026-07-02 14:30:00,16.030000686645508,16.059999465942383,16.020000457763672,16.049999237060547,103170
2026-07-02 14:45:00,16.010000228881836,16.040000915527344,16.010000228881836,16.040000915527344,102591
2026-07-02 15:00:00,16.040000915527344,16.040000915527344,16.0,16.020000457763672,72366
2026-07-02 15:15:00,16.040000915527344,16.040000915527344,16.020000457763672,16.040000915527344,76627
2026-07-02 15:30:00,16.049999237060547,16.06999969482422,16.030000686645508,16.040000915527344,613092
2026-07-02 15:45:00,16.040000915527344,16.06999969482422,16.030000686645508,16.049999237060547,76402
2026-07-02 16:00:00,16.0,16.049999237060547,15.989999771118164,16.040000915527344,138129
2026-07-02 16:15:00,16.020000457763672,16.020000457763672,15.989999771118164,15.989999771118164,237913
2026-07-02 16:30:00,16.040000915527344,16.049999237060547,16.0,16.010000228881836,146392
2026-07-02 16:45:00,16.149999618530273,16.170000076293945,16.040000915527344,16.040000915527344,367452
2026-07-02 17:00:00,16.1200008392334,16.25,16.110000610351562,16.149999618530273,597180
2026-07-02 17:15:00,16.110000610351562,16.1299991607666,16.079999923706055,16.110000610351562,279070
2026-07-02 17:30:00,16.06999969482422,16.110000610351562,16.06999969482422,16.09000015258789,110020
2026-07-02 17:45:00,16.09000015258789,16.110000610351562,16.06999969482422,16.06999969482422,225523
2026-07-03 09:45:00,16.149999618530273,16.149999618530273,16.149999618530273,16.149999618530273,0
2026-07-03 10:00:00,16.139999389648438,16.170000076293945,16.100000381469727,16.15999984741211,234991
2026-07-03 10:15:00,16.110000610351562,16.149999618530273,16.079999923706055,16.1299991607666,230278
2026-07-03 10:30:00,16.09000015258789,16.1200008392334,16.06999969482422,16.1200008392334,107384
2026-07-03 10:45:00,16.110000610351562,16.110000610351562,16.079999923706055,16.09000015258789,137762
2026-07-03 11:00:00,16.059999465942383,16.110000610351562,16.059999465942383,16.09000015258789,111975
2026-07-03 11:15:00,16.079999923706055,16.09000015258789,16.059999465942383,16.059999465942383,63971
2026-07-03 11:30:00,16.09000015258789,16.09000015258789,16.059999465942383,16.079999923706055,31350
2026-07-03 11:45:00,16.100000381469727,16.110000610351562,16.079999923706055,16.09000015258789,46637
2026-07-03 12:00:00,16.100000381469727,16.110000610351562,16.09000015258789,16.100000381469727,34254
2026-07-03 12:15:00,16.09000015258789,16.100000381469727,16.079999923706055,16.09000015258789,52124
2026-07-03 12:30:00,16.09000015258789,16.09000015258789,16.079999923706055,16.09000015258789,43168
2026-07-03 12:45:00,16.1200008392334,16.1200008392334,16.079999923706055,16.09000015258789,84586
2026-07-03 13:00:00,16.110000610351562,16.1299991607666,16.110000610351562,16.1200008392334,56122
2026-07-03 13:15:00,16.110000610351562,16.1299991607666,16.110000610351562,16.1299991607666,9088
2026-07-03 13:30:00,16.1299991607666,16.1299991607666,16.110000610351562,16.1200008392334,63879
2026-07-03 13:45:00,16.09000015258789,16.1299991607666,16.06999969482422,16.110000610351562,151011
2026-07-03 14:00:00,16.079999923706055,16.09000015258789,16.079999923706055,16.09000015258789,30329
2026-07-03 14:15:00,16.079999923706055,16.09000015258789,16.06999969482422,16.079999923706055,45362
2026-07-03 14:30:00,16.06999969482422,16.09000015258789,16.059999465942383,16.079999923706055,55062
2026-07-03 14:45:00,16.06999969482422,16.079999923706055,16.059999465942383,16.06999969482422,26838
2026-07-03 15:00:00,16.059999465942383,16.079999923706055,16.059999465942383,16.06999969482422,74527
2026-07-03 15:15:00,16.06999969482422,16.079999923706055,16.049999237060547,16.059999465942383,81277
2026-07-03 15:30:00,16.049999237060547,16.09000015258789,16.030000686645508,16.079999923706055,84638
2026-07-03 15:45:00,16.049999237060547,16.059999465942383,16.0,16.040000915527344,95149
2026-07-03 16:00:00,16.09000015258789,16.100000381469727,16.040000915527344,16.049999237060547,143306
2026-07-03 16:15:00,16.09000015258789,16.100000381469727,16.079999923706055,16.09000015258789,61014
2026-07-03 16:30:00,16.079999923706055,16.100000381469727,16.059999465942383,16.09000015258789,124476
2026-07-03 16:45:00,16.079999923706055,16.09000015258789,16.059999465942383,16.079999923706055,55020
2026-07-03 17:00:00,16.06999969482422,16.09000015258789,16.059999465942383,16.079999923706055,153160
2026-07-03 17:15:00,16.079999923706055,16.09000015258789,16.059999465942383,16.06999969482422,185629
2026-07-03 17:30:00,16.059999465942383,16.09000015258789,16.049999237060547,16.06999969482422,286562
2026-07-03 17:45:00,16.049999237060547,16.079999923706055,16.030000686645508,16.06999969482422,295413
2026-07-06 09:45:00,16.149999618530273,16.149999618530273,16.149999618530273,16.149999618530273,0
2026-07-06 10:00:00,16.200000762939453,16.219999313354492,16.1299991607666,16.149999618530273,474351
2026-07-06 10:15:00,16.200000762939453,16.209999084472656,16.170000076293945,16.190000534057617,180453
2026-07-06 10:30:00,16.190000534057617,16.200000762939453,16.15999984741211,16.190000534057617,265226
2026-07-06 10:45:00,16.170000076293945,16.200000762939453,16.15999984741211,16.190000534057617,162927
2026-07-06 11:00:00,16.149999618530273,16.18000030517578,16.149999618530273,16.15999984741211,163142
2026-07-06 11:15:00,16.190000534057617,16.190000534057617,16.139999389648438,16.149999618530273,138063
2026-07-06 11:30:00,16.15999984741211,16.190000534057617,16.149999618530273,16.190000534057617,45487
2026-07-06 11:45:00,16.18000030517578,16.18000030517578,16.149999618530273,16.15999984741211,144748
2026-07-06 12:00:00,16.190000534057617,16.190000534057617,16.15999984741211,16.18000030517578,36371
2026-07-06 12:15:00,16.18000030517578,16.209999084472656,16.18000030517578,16.190000534057617,102629
2026-07-06 12:30:00,16.170000076293945,16.190000534057617,16.139999389648438,16.190000534057617,151584
2026-07-06 12:45:00,16.15999984741211,16.170000076293945,16.15999984741211,16.170000076293945,29746
2026-07-06 13:00:00,16.190000534057617,16.219999313354492,16.149999618530273,16.15999984741211,214070
2026-07-06 13:15:00,16.209999084472656,16.25,16.190000534057617,16.190000534057617,288932
2026-07-06 13:30:00,16.18000030517578,16.229999542236328,16.170000076293945,16.200000762939453,77833
2026-07-06 13:45:00,16.149999618530273,16.190000534057617,16.139999389648438,16.170000076293945,171741
2026-07-06 14:00:00,16.190000534057617,16.209999084472656,16.139999389648438,16.149999618530273,140648
2026-07-06 14:15:00,16.18000030517578,16.18000030517578,16.15999984741211,16.18000030517578,31057
2026-07-06 14:30:00,16.149999618530273,16.18000030517578,16.1299991607666,16.170000076293945,117558
2026-07-06 14:45:00,16.09000015258789,16.149999618530273,16.079999923706055,16.149999618530273,180470
2026-07-06 15:00:00,16.09000015258789,16.100000381469727,16.040000915527344,16.09000015258789,363762
2026-07-06 15:15:00,16.1299991607666,16.149999618530273,16.030000686645508,16.09000015258789,263212
2026-07-06 15:30:00,16.079999923706055,16.149999618530273,16.079999923706055,16.1299991607666,250635
2026-07-06 15:45:00,15.84000015258789,16.100000381469727,15.779999732971191,16.079999923706055,1856462
2026-07-06 16:00:00,15.579999923706055,15.859999656677246,15.399999618530273,15.84000015258789,5275488
2026-07-06 16:15:00,15.430000305175781,15.600000381469727,15.350000381469727,15.579999923706055,2351202
2026-07-06 16:30:00,15.5,15.5,15.430000305175781,15.430000305175781,445131
2026-07-06 16:45:00,15.510000228881836,15.550000190734863,15.489999771118164,15.5,419778
2026-07-06 17:00:00,15.5,15.529999732971191,15.479999542236328,15.510000228881836,256888
2026-07-06 17:15:00,15.479999542236328,15.5,15.470000267028809,15.5,336459
2026-07-06 17:30:00,15.489999771118164,15.5,15.449999809265137,15.479999542236328,492547
2026-07-06 17:45:00,15.460000038146973,15.5,15.430000305175781,15.489999771118164,729499
2026-07-07 09:45:00,15.5,15.5,15.5,15.5,0
2026-07-07 10:00:00,15.489999771118164,15.569999694824219,15.40999984741211,15.5,724977
2026-07-07 10:15:00,15.510000228881836,15.520000457763672,15.470000267028809,15.5,259796
2026-07-07 10:30:00,15.479999542236328,15.520000457763672,15.479999542236328,15.520000457763672,135045
2026-07-07 10:45:00,15.460000038146973,15.489999771118164,15.430000305175781,15.479999542236328,262406
2026-07-07 11:00:00,15.460000038146973,15.470000267028809,15.40999984741211,15.460000038146973,275682
2026-07-07 11:15:00,15.420000076293945,15.460000038146973,15.390000343322754,15.460000038146973,556736
2026-07-07 11:30:00,15.420000076293945,15.430000305175781,15.390000343322754,15.420000076293945,120780
2026-07-07 11:45:00,15.399999618530273,15.420000076293945,15.390000343322754,15.420000076293945,293717
2026-07-07 12:00:00,15.399999618530273,15.40999984741211,15.390000343322754,15.399999618530273,99918
2026-07-07 12:15:00,15.430000305175781,15.430000305175781,15.390000343322754,15.399999618530273,61362
2026-07-07 12:30:00,15.399999618530273,15.420000076293945,15.390000343322754,15.420000076293945,127291
2026-07-07 12:45:00,15.380000114440918,15.399999618530273,15.359999656677246,15.399999618530273,205839
2026-07-07 13:00:00,15.399999618530273,15.399999618530273,15.369999885559082,15.380000114440918,136611
2026-07-07 13:15:00,15.430000305175781,15.430000305175781,15.390000343322754,15.399999618530273,91451
2026-07-07 13:30:00,15.4399995803833,15.449999809265137,15.40999984741211,15.430000305175781,130240
2026-07-07 13:45:00,15.4399995803833,15.470000267028809,15.430000305175781,15.4399995803833,137759
2026-07-07 14:00:00,15.449999809265137,15.460000038146973,15.4399995803833,15.4399995803833,82958
2026-07-07 14:15:00,15.430000305175781,15.470000267028809,15.430000305175781,15.460000038146973,152017
2026-07-07 14:30:00,15.460000038146973,15.65999984741211,15.430000305175781,15.430000305175781,303449
2026-07-07 14:45:00,15.479999542236328,15.5,15.449999809265137,15.449999809265137,379581
2026-07-07 15:00:00,15.479999542236328,15.5,15.470000267028809,15.479999542236328,137560
2026-07-07 15:15:00,15.470000267028809,15.479999542236328,15.449999809265137,15.470000267028809,95264
2026-07-07 15:30:00,15.479999542236328,15.5,15.470000267028809,15.479999542236328,87861
2026-07-07 15:45:00,15.5,15.5,15.479999542236328,15.5,63619
2026-07-07 16:00:00,15.510000228881836,15.529999732971191,15.479999542236328,15.5,232827
2026-07-07 16:15:00,15.470000267028809,15.510000228881836,15.460000038146973,15.510000228881836,92993
2026-07-07 16:30:00,15.489999771118164,15.5,15.470000267028809,15.470000267028809,99906
2026-07-07 16:45:00,15.470000267028809,15.5,15.460000038146973,15.470000267028809,84144
2026-07-07 17:00:00,15.319999694824219,15.470000267028809,15.270000457763672,15.470000267028809,1449603
2026-07-07 17:15:00,15.359999656677246,15.380000114440918,15.319999694824219,15.319999694824219,406887
2026-07-07 17:30:00,15.289999961853027,15.359999656677246,15.270000457763672,15.359999656677246,492543
2026-07-07 17:45:00,15.329999923706055,15.329999923706055,15.270000457763672,15.279999732971191,476398
2026-07-08 09:45:00,15.359999656677246,15.359999656677246,15.359999656677246,15.359999656677246,0
2026-07-08 10:00:00,15.229999542236328,15.359999656677246,15.15999984741211,15.350000381469727,436220
2026-07-08 10:15:00,15.260000228881836,15.270000457763672,15.1899995803833,15.220000267028809,283580
2026-07-08 10:30:00,15.25,15.260000228881836,15.210000038146973,15.260000228881836,242943
2026-07-08 10:45:00,15.25,15.260000228881836,15.210000038146973,15.239999771118164,311270
2026-07-08 11:00:00,15.229999542236328,15.25,15.210000038146973,15.25,220924
2026-07-08 11:15:00,15.079999923706055,15.270000457763672,15.0600004196167,15.229999542236328,530234
2026-07-08 11:30:00,15.0600004196167,15.09000015258789,15.050000190734863,15.069999694824219,221509
2026-07-08 11:45:00,15.039999961853027,15.069999694824219,14.979999542236328,15.069999694824219,576747
2026-07-08 12:00:00,15.020000457763672,15.0600004196167,15.0,15.039999961853027,211260
2026-07-08 12:15:00,15.050000190734863,15.0600004196167,15.020000457763672,15.020000457763672,186438
2026-07-08 12:30:00,15.039999961853027,15.0600004196167,15.039999961853027,15.050000190734863,156637
2026-07-08 12:45:00,15.050000190734863,15.069999694824219,15.029999732971191,15.039999961853027,110369
2026-07-08 13:00:00,15.020000457763672,15.0600004196167,15.010000228881836,15.039999961853027,99244
2026-07-08 13:15:00,15.029999732971191,15.039999961853027,15.010000228881836,15.029999732971191,133839
2026-07-08 13:30:00,15.029999732971191,15.039999961853027,15.010000228881836,15.029999732971191,112613
2026-07-08 13:45:00,15.09000015258789,15.09000015258789,15.020000457763672,15.029999732971191,403447
2026-07-08 14:00:00,15.199999809265137,15.210000038146973,15.09000015258789,15.09000015258789,645461
2026-07-08 14:15:00,15.180000305175781,15.210000038146973,15.140000343322754,15.1899995803833,377451
2026-07-08 14:30:00,15.170000076293945,15.180000305175781,15.109999656677246,15.170000076293945,265539
2026-07-08 14:45:00,15.100000381469727,15.170000076293945,15.0,15.15999984741211,793671
2026-07-08 15:00:00,15.079999923706055,15.109999656677246,15.079999923706055,15.100000381469727,100876
2026-07-08 15:15:00,15.079999923706055,15.100000381469727,15.069999694824219,15.079999923706055,97209
2026-07-08 15:30:00,15.100000381469727,15.109999656677246,15.079999923706055,15.079999923706055,85944
2026-07-08 15:45:00,15.09000015258789,15.109999656677246,15.079999923706055,15.100000381469727,147822
2026-07-08 16:00:00,15.079999923706055,15.09000015258789,15.0600004196167,15.09000015258789,74639
2026-07-08 16:15:00,15.050000190734863,15.119999885559082,15.050000190734863,15.079999923706055,137323
2026-07-08 16:30:00,15.050000190734863,15.069999694824219,15.039999961853027,15.0600004196167,128704
2026-07-08 16:45:00,15.0600004196167,15.069999694824219,15.039999961853027,15.050000190734863,165806
2026-07-08 17:00:00,15.020000457763672,15.069999694824219,15.020000457763672,15.0600004196167,89965
2026-07-08 17:15:00,15.029999732971191,15.039999961853027,15.020000457763672,15.029999732971191,162738
2026-07-08 17:30:00,14.979999542236328,15.020000457763672,14.979999542236328,15.020000457763672,549903
2026-07-08 17:45:00,14.949999809265137,15.0,14.9399995803833,14.979999542236328,546975
2026-07-09 09:45:00,14.989999771118164,14.989999771118164,14.989999771118164,14.989999771118164,0
2026-07-09 10:00:00,14.9399995803833,15.130000114440918,14.930000305175781,15.0,836396
2026-07-09 10:15:00,14.970000267028809,14.989999771118164,14.9399995803833,14.960000038146973,270605
2026-07-09 10:30:00,14.979999542236328,15.039999961853027,14.930000305175781,14.970000267028809,561457
2026-07-09 10:45:00,14.949999809265137,14.979999542236328,14.9399995803833,14.979999542236328,199496
2026-07-09 11:00:00,14.970000267028809,14.970000267028809,14.9399995803833,14.949999809265137,174641
2026-07-09 11:15:00,14.960000038146973,14.970000267028809,14.930000305175781,14.970000267028809,154655
2026-07-09 11:30:00,14.970000267028809,14.979999542236328,14.9399995803833,14.960000038146973,132900
2026-07-09 11:45:00,14.930000305175781,14.970000267028809,14.90999984741211,14.970000267028809,378688
2026-07-09 12:00:00,14.9399995803833,14.949999809265137,14.90999984741211,14.920000076293945,97906
2026-07-09 12:15:00,14.949999809265137,14.949999809265137,14.930000305175781,14.930000305175781,105850
2026-07-09 12:30:00,14.930000305175781,14.949999809265137,14.90999984741211,14.949999809265137,175456
2026-07-09 12:45:00,14.949999809265137,14.949999809265137,14.930000305175781,14.930000305175781,93219
2026-07-09 13:00:00,14.9399995803833,14.949999809265137,14.9399995803833,14.949999809265137,72971
2026-07-09 13:15:00,14.930000305175781,14.9399995803833,14.920000076293945,14.9399995803833,135624
2026-07-09 13:30:00,14.869999885559082,14.930000305175781,14.84000015258789,14.930000305175781,555410
2026-07-09 13:45:00,14.829999923706055,14.869999885559082,14.8100004196167,14.869999885559082,427596
2026-07-09 14:00:00,14.829999923706055,14.84000015258789,14.800000190734863,14.84000015258789,208214
2026-07-09 14:15:00,14.819999694824219,14.829999923706055,14.800000190734863,14.829999923706055,80740
2026-07-09 14:30:00,14.8100004196167,14.819999694824219,14.789999961853027,14.819999694824219,26461
2026-07-09 14:45:00,14.829999923706055,14.829999923706055,14.800000190734863,14.8100004196167,47181
2026-07-09 15:00:00,14.8100004196167,14.829999923706055,14.8100004196167,14.8100004196167,137790
2026-07-09 15:15:00,14.760000228881836,14.8100004196167,14.739999771118164,14.8100004196167,317060
2026-07-09 15:30:00,14.729999542236328,14.770000457763672,14.720000267028809,14.760000228881836,180328
2026-07-09 15:45:00,14.720000267028809,14.729999542236328,14.699999809265137,14.729999542236328,160242
2026-07-09 16:00:00,14.720000267028809,14.739999771118164,14.6899995803833,14.720000267028809,303027
2026-07-09 16:15:00,14.739999771118164,14.75,14.699999809265137,14.729999542236328,117881
2026-07-09 16:30:00,14.729999542236328,14.739999771118164,14.710000038146973,14.729999542236328,106640
2026-07-09 16:45:00,14.739999771118164,14.779999732971191,14.710000038146973,14.739999771118164,297884
2026-07-09 17:00:00,14.75,14.770000457763672,14.739999771118164,14.739999771118164,144601
2026-07-09 17:15:00,14.720000267028809,14.760000228881836,14.710000038146973,14.75,140109
2026-07-09 17:30:00,14.720000267028809,14.739999771118164,14.710000038146973,14.720000267028809,246918
2026-07-09 17:45:00,14.720000267028809,14.75,14.710000038146973,14.729999542236328,400686
2026-07-10 09:45:00,14.779999732971191,14.779999732971191,14.779999732971191,14.779999732971191,0
2026-07-10 10:00:00,14.899999618530273,14.899999618530273,14.729999542236328,14.779999732971191,667700
2026-07-10 10:15:00,14.890000343322754,14.90999984741211,14.869999885559082,14.890000343322754,211180
2026-07-10 10:30:00,14.90999984741211,14.930000305175781,14.890000343322754,14.890000343322754,198248
2026-07-10 10:45:00,14.930000305175781,14.949999809265137,14.899999618530273,14.90999984741211,246384
2026-07-10 11:00:00,14.979999542236328,14.979999542236328,14.920000076293945,14.930000305175781,138655
2026-07-10 11:15:00,14.960000038146973,14.989999771118164,14.949999809265137,14.979999542236328,214414
2026-07-10 11:30:00,14.930000305175781,14.949999809265137,14.930000305175781,14.949999809265137,102697
2026-07-10 11:45:00,14.960000038146973,14.960000038146973,14.90999984741211,14.930000305175781,147938
2026-07-10 12:00:00,14.9399995803833,14.960000038146973,14.920000076293945,14.960000038146973,116483
2026-07-10 12:15:00,14.9399995803833,14.949999809265137,14.920000076293945,14.9399995803833,44791
2026-07-10 12:30:00,14.960000038146973,14.970000267028809,14.930000305175781,14.9399995803833,70167
2026-07-10 12:45:00,14.949999809265137,14.960000038146973,14.930000305175781,14.960000038146973,39438
2026-07-10 13:00:00,14.84000015258789,14.9399995803833,14.84000015258789,14.930000305175781,200685
2026-07-10 13:15:00,14.869999885559082,14.880000114440918,14.84000015258789,14.84000015258789,46693
2026-07-10 13:30:00,14.890000343322754,14.890000343322754,14.869999885559082,14.890000343322754,36715
2026-07-10 13:45:00,14.899999618530273,14.90999984741211,14.880000114440918,14.880000114440918,75808
2026-07-10 14:00:00,14.90999984741211,14.90999984741211,14.890000343322754,14.899999618530273,49798
2026-07-10 14:15:00,14.90999984741211,14.930000305175781,14.880000114440918,14.920000076293945,201869
2026-07-10 14:30:00,14.920000076293945,14.930000305175781,14.899999618530273,14.90999984741211,34466
2026-07-10 14:45:00,14.949999809265137,14.979999542236328,14.920000076293945,14.920000076293945,272454
2026-07-10 15:00:00,15.0,15.020000457763672,14.9399995803833,14.949999809265137,169135
2026-07-10 15:15:00,14.979999542236328,15.0,14.970000267028809,15.0,55292
2026-07-10 15:30:00,14.970000267028809,14.989999771118164,14.960000038146973,14.979999542236328,66999
2026-07-10 15:45:00,14.960000038146973,14.979999542236328,14.949999809265137,14.970000267028809,86603
2026-07-10 16:00:00,14.979999542236328,14.979999542236328,14.9399995803833,14.949999809265137,72332
2026-07-10 16:15:00,15.0600004196167,15.0600004196167,14.989999771118164,14.989999771118164,224410
2026-07-10 16:30:00,15.119999885559082,15.119999885559082,15.039999961853027,15.039999961853027,273947
2026-07-10 16:45:00,15.0600004196167,15.109999656677246,15.0600004196167,15.100000381469727,98626
2026-07-10 17:00:00,15.050000190734863,15.109999656677246,15.039999961853027,15.079999923706055,465418
2026-07-10 17:15:00,15.069999694824219,15.069999694824219,15.020000457763672,15.050000190734863,246842
2026-07-10 17:30:00,15.020000457763672,15.09000015258789,15.010000228881836,15.0600004196167,349654
2026-07-10 17:45:00,15.020000457763672,15.0600004196167,15.0,15.039999961853027,508353
2026-07-13 09:45:00,14.800000190734863,14.800000190734863,14.800000190734863,14.800000190734863,0
2026-07-13 10:00:00,14.930000305175781,14.970000267028809,14.8100004196167,14.8100004196167,391394
2026-07-13 10:15:00,14.869999885559082,14.9399995803833,14.84000015258789,14.920000076293945,368856
2026-07-13 10:30:00,14.899999618530273,14.90999984741211,14.84000015258789,14.859999656677246,310590
2026-07-13 10:45:00,14.880000114440918,14.899999618530273,14.859999656677246,14.899999618530273,188576
2026-07-13 11:00:00,14.90999984741211,14.9399995803833,14.869999885559082,14.880000114440918,125474
2026-07-13 11:15:00,14.859999656677246,14.920000076293945,14.850000381469727,14.920000076293945,112378
2026-07-13 11:30:00,14.84000015258789,14.869999885559082,14.819999694824219,14.859999656677246,170162
2026-07-13 11:45:00,14.819999694824219,14.84000015258789,14.8100004196167,14.84000015258789,104856
2026-07-13 12:00:00,14.829999923706055,14.829999923706055,14.8100004196167,14.819999694824219,43331
2026-07-13 12:15:00,14.819999694824219,14.829999923706055,14.819999694824219,14.829999923706055,24066
2026-07-13 12:30:00,14.829999923706055,14.84000015258789,14.819999694824219,14.819999694824219,32846
2026-07-13 12:45:00,14.84000015258789,14.850000381469727,14.819999694824219,14.84000015258789,32291
2026-07-13 13:00:00,14.84000015258789,14.84000015258789,14.819999694824219,14.84000015258789,20945
2026-07-13 13:15:00,14.84000015258789,14.850000381469727,14.829999923706055,14.84000015258789,50798
2026-07-13 13:30:00,14.850000381469727,14.850000381469727,14.819999694824219,14.84000015258789,19518
2026-07-13 13:45:00,14.819999694824219,14.850000381469727,14.789999961853027,14.850000381469727,145837
2026-07-13 14:00:00,14.829999923706055,14.84000015258789,14.819999694824219,14.819999694824219,91157
2026-07-13 14:15:00,14.819999694824219,14.84000015258789,14.800000190734863,14.829999923706055,84963
2026-07-13 14:30:00,14.8100004196167,14.829999923706055,14.779999732971191,14.829999923706055,191972
2026-07-13 14:45:00,14.800000190734863,14.829999923706055,14.789999961853027,14.819999694824219,23399
2026-07-13 15:00:00,14.789999961853027,14.8100004196167,14.770000457763672,14.789999961853027,91822
2026-07-13 15:15:00,14.75,14.789999961853027,14.75,14.779999732971191,89363
2026-07-13 15:30:00,14.75,14.760000228881836,14.739999771118164,14.75,38882
2026-07-13 15:45:00,14.739999771118164,14.760000228881836,14.739999771118164,14.760000228881836,44618
2026-07-13 16:00:00,14.75,14.760000228881836,14.729999542236328,14.75,80308
2026-07-13 16:15:00,14.760000228881836,14.770000457763672,14.739999771118164,14.75,57704
2026-07-13 16:30:00,14.75,14.789999961853027,14.729999542236328,14.770000457763672,185965
2026-07-13 16:45:00,14.779999732971191,14.779999732971191,14.739999771118164,14.75,117108
2026-07-13 17:00:00,14.770000457763672,14.789999961853027,14.760000228881836,14.779999732971191,77709
2026-07-13 17:15:00,14.770000457763672,14.770000457763672,14.75,14.770000457763672,116708
2026-07-13 17:30:00,14.729999542236328,14.760000228881836,14.699999809265137,14.760000228881836,211525
2026-07-13 17:45:00,14.65999984741211,14.739999771118164,14.649999618530273,14.729999542236328,486450
2026-07-14 09:45:00,14.600000381469727,14.600000381469727,14.600000381469727,14.600000381469727,0
2026-07-14 10:00:00,14.6899995803833,14.720000267028809,14.59000015258789,14.600000381469727,382411
2026-07-14 10:15:00,14.670000076293945,14.720000267028809,14.649999618530273,14.6899995803833,391915
2026-07-14 10:30:00,14.699999809265137,14.710000038146973,14.670000076293945,14.670000076293945,220699
2026-07-14 10:45:00,14.680000305175781,14.699999809265137,14.670000076293945,14.6899995803833,129844
2026-07-14 11:00:00,14.680000305175781,14.680000305175781,14.640000343322754,14.680000305175781,159832
2026-07-14 11:15:00,14.6899995803833,14.699999809265137,14.670000076293945,14.680000305175781,185125
2026-07-14 11:30:00,14.710000038146973,14.720000267028809,14.6899995803833,14.699999809265137,276803
2026-07-14 11:45:00,14.670000076293945,14.720000267028809,14.670000076293945,14.710000038146973,355715
2026-07-14 12:00:00,14.710000038146973,14.720000267028809,14.670000076293945,14.670000076293945,114996
2026-07-14 12:15:00,14.6899995803833,14.720000267028809,14.670000076293945,14.699999809265137,139835
2026-07-14 12:30:00,14.670000076293945,14.6899995803833,14.65999984741211,14.6899995803833,85987
2026-07-14 12:45:00,14.649999618530273,14.680000305175781,14.640000343322754,14.670000076293945,85088
2026-07-14 13:00:00,14.600000381469727,14.640000343322754,14.579999923706055,14.640000343322754,406866
2026-07-14 13:15:00,14.609999656677246,14.630000114440918,14.579999923706055,14.600000381469727,360347
2026-07-14 13:30:00,14.600000381469727,14.699999809265137,14.59000015258789,14.609999656677246,216447
2026-07-14 13:45:00,14.59000015258789,14.619999885559082,14.569999694824219,14.609999656677246,188603
2026-07-14 14:00:00,14.579999923706055,14.600000381469727,14.569999694824219,14.59000015258789,147264
2026-07-14 14:15:00,14.600000381469727,14.609999656677246,14.569999694824219,14.579999923706055,127541
2026-07-14 14:30:00,14.600000381469727,14.609999656677246,14.59000015258789,14.600000381469727,85769
2026-07-14 14:45:00,14.619999885559082,14.630000114440918,14.600000381469727,14.600000381469727,75874
2026-07-14 15:00:00,14.609999656677246,14.619999885559082,14.600000381469727,14.609999656677246,58319
2026-07-14 15:15:00,14.630000114440918,14.640000343322754,14.600000381469727,14.609999656677246,77800
2026-07-14 15:30:00,14.619999885559082,14.680000305175781,14.619999885559082,14.630000114440918,177277
2026-07-14 15:45:00,14.619999885559082,14.640000343322754,14.609999656677246,14.609999656677246,101526
2026-07-14 16:00:00,14.6899995803833,14.710000038146973,14.619999885559082,14.619999885559082,326859
2026-07-14 16:15:00,14.720000267028809,14.720000267028809,14.680000305175781,14.6899995803833,229800
2026-07-14 16:30:00,14.699999809265137,14.720000267028809,14.680000305175781,14.720000267028809,106410
2026-07-14 16:45:00,14.670000076293945,14.699999809265137,14.65999984741211,14.6899995803833,118263
2026-07-14 17:00:00,14.720000267028809,14.720000267028809,14.670000076293945,14.670000076293945,133398
2026-07-14 17:15:00,14.710000038146973,14.729999542236328,14.699999809265137,14.729999542236328,209303
2026-07-14 17:30:00,14.720000267028809,14.739999771118164,14.6899995803833,14.710000038146973,201627
2026-07-14 17:45:00,14.699999809265137,14.729999542236328,14.670000076293945,14.729999542236328,278244
2026-07-16 09:45:00,14.739999771118164,14.739999771118164,14.739999771118164,14.739999771118164,0
2026-07-16 10:00:00,14.850000381469727,14.90999984741211,14.710000038146973,14.739999771118164,514737
2026-07-16 10:15:00,14.90999984741211,14.9399995803833,14.850000381469727,14.850000381469727,363381
2026-07-16 10:30:00,14.9399995803833,14.9399995803833,14.890000343322754,14.90999984741211,148466
2026-07-16 10:45:00,14.9399995803833,15.0,14.930000305175781,14.9399995803833,185054
2026-07-16 11:00:00,14.930000305175781,14.960000038146973,14.899999618530273,14.9399995803833,169162
2026-07-16 11:15:00,14.960000038146973,14.960000038146973,14.9399995803833,14.9399995803833,75706
2026-07-16 11:30:00,14.9399995803833,14.979999542236328,14.9399995803833,14.9399995803833,69064
2026-07-16 11:45:00,14.970000267028809,14.979999542236328,14.9399995803833,14.949999809265137,95952
2026-07-16 12:00:00,14.970000267028809,15.010000228881836,14.970000267028809,14.970000267028809,176893
2026-07-16 12:15:00,14.970000267028809,14.989999771118164,14.960000038146973,14.979999542236328,208804
2026-07-16 12:30:00,14.970000267028809,14.970000267028809,14.949999809265137,14.960000038146973,42007
2026-07-16 12:45:00,14.949999809265137,14.970000267028809,14.9399995803833,14.960000038146973,99925
2026-07-16 13:00:00,14.960000038146973,14.970000267028809,14.949999809265137,14.949999809265137,32918
2026-07-16 13:15:00,14.970000267028809,14.970000267028809,14.949999809265137,14.960000038146973,20300
2026-07-16 13:30:00,14.970000267028809,14.979999542236328,14.960000038146973,14.960000038146973,53991
2026-07-16 13:45:00,14.989999771118164,15.010000228881836,14.970000267028809,14.979999542236328,70484
2026-07-16 14:00:00,15.050000190734863,15.069999694824219,14.979999542236328,15.0,331972
2026-07-16 14:15:00,15.109999656677246,15.15999984741211,15.039999961853027,15.050000190734863,345452
2026-07-16 14:30:00,15.15999984741211,15.180000305175781,15.100000381469727,15.109999656677246,254646
2026-07-16 14:45:00,15.100000381469727,15.180000305175781,15.09000015258789,15.170000076293945,223941
2026-07-16 15:00:00,15.09000015258789,15.119999885559082,15.079999923706055,15.100000381469727,79506
2026-07-16 15:15:00,15.100000381469727,15.109999656677246,15.069999694824219,15.09000015258789,170921
2026-07-16 15:30:00,15.09000015258789,15.109999656677246,15.079999923706055,15.100000381469727,187081
2026-07-16 15:45:00,15.109999656677246,15.109999656677246,15.079999923706055,15.100000381469727,55099
2026-07-16 16:00:00,15.100000381469727,15.119999885559082,15.09000015258789,15.100000381469727,179501
2026-07-16 16:15:00,15.100000381469727,15.109999656677246,15.09000015258789,15.100000381469727,112334
2026-07-16 16:30:00,15.09000015258789,15.109999656677246,15.09000015258789,15.109999656677246,60401
2026-07-16 16:45:00,15.109999656677246,15.119999885559082,15.09000015258789,15.100000381469727,82739
2026-07-16 17:00:00,15.09000015258789,15.109999656677246,15.09000015258789,15.100000381469727,70132
2026-07-16 17:15:00,15.09000015258789,15.119999885559082,15.09000015258789,15.100000381469727,141131
2026-07-16 17:30:00,15.100000381469727,15.109999656677246,15.079999923706055,15.09000015258789,230548
2026-07-16 17:45:00,15.09000015258789,15.100000381469727,15.079999923706055,15.100000381469727,271056
2026-07-17 09:45:00,14.989999771118164,14.989999771118164,14.989999771118164,14.989999771118164,0
2026-07-17 10:00:00,15.079999923706055,15.119999885559082,14.989999771118164,14.989999771118164,351061
2026-07-17 10:15:00,14.949999809265137,15.079999923706055,14.9399995803833,15.079999923706055,306867
2026-07-17 10:30:00,14.90999984741211,14.960000038146973,14.880000114440918,14.949999809265137,420891
2026-07-17 10:45:00,14.90999984741211,14.90999984741211,14.829999923706055,14.90999984741211,247317
2026-07-17 11:00:00,14.90999984741211,14.9399995803833,14.899999618530273,14.899999618530273,139420
2026-07-17 11:15:00,14.899999618530273,14.920000076293945,14.880000114440918,14.90999984741211,76201
2026-07-17 11:30:00,14.880000114440918,14.90999984741211,14.850000381469727,14.899999618530273,114120
2026-07-17 11:45:00,14.899999618530273,14.90999984741211,14.859999656677246,14.880000114440918,68457
2026-07-17 12:00:00,14.890000343322754,14.90999984741211,14.869999885559082,14.90999984741211,233813
2026-07-17 12:15:00,14.90999984741211,14.920000076293945,14.859999656677246,14.899999618530273,349912
2026-07-17 12:30:00,14.869999885559082,14.920000076293945,14.859999656677246,14.90999984741211,90903
2026-07-17 12:45:00,14.859999656677246,14.880000114440918,14.859999656677246,14.869999885559082,42833
2026-07-17 13:00:00,14.850000381469727,14.880000114440918,14.850000381469727,14.859999656677246,51322
2026-07-17 13:15:00,14.859999656677246,14.869999885559082,14.84000015258789,14.850000381469727,21286
2026-07-17 13:30:00,14.859999656677246,14.869999885559082,14.859999656677246,14.859999656677246,20986
2026-07-17 13:45:00,14.850000381469727,14.880000114440918,14.850000381469727,14.880000114440918,20620
2026-07-17 14:00:00,14.84000015258789,14.859999656677246,14.829999923706055,14.850000381469727,84202
2026-07-17 14:15:00,14.8100004196167,14.850000381469727,14.8100004196167,14.84000015258789,235907
2026-07-17 14:30:00,14.789999961853027,14.800000190734863,14.770000457763672,14.800000190734863,218110
2026-07-17 14:45:00,14.789999961853027,14.8100004196167,14.789999961853027,14.789999961853027,90279
2026-07-17 15:00:00,14.8100004196167,14.8100004196167,14.789999961853027,14.789999961853027,43600
2026-07-17 15:15:00,14.8100004196167,14.829999923706055,14.789999961853027,14.8100004196167,75337
2026-07-17 15:30:00,14.819999694824219,14.829999923706055,14.800000190734863,14.8100004196167,54899
2026-07-17 15:45:00,14.850000381469727,14.850000381469727,14.8100004196167,14.819999694824219,249170
2026-07-17 16:00:00,14.850000381469727,14.850000381469727,14.829999923706055,14.850000381469727,152924
2026-07-17 16:15:00,14.880000114440918,14.9399995803833,14.829999923706055,14.850000381469727,150215
2026-07-17 16:30:00,14.869999885559082,14.90999984741211,14.869999885559082,14.880000114440918,31058
2026-07-17 16:45:00,14.890000343322754,14.899999618530273,14.880000114440918,14.880000114440918,76292
2026-07-17 17:00:00,14.890000343322754,14.890000343322754,14.869999885559082,14.890000343322754,62542
2026-07-17 17:15:00,14.880000114440918,14.899999618530273,14.859999656677246,14.890000343322754,153727
2026-07-17 17:30:00,14.869999885559082,14.899999618530273,14.869999885559082,14.880000114440918,125706
2026-07-17 17:45:00,14.859999656677246,14.880000114440918,14.819999694824219,14.869999885559082,280938
2026-07-20 09:45:00,14.859999656677246,14.859999656677246,14.859999656677246,14.859999656677246,0
2026-07-20 10:00:00,14.859999656677246,14.949999809265137,14.84000015258789,14.859999656677246,493535
2026-07-20 10:15:00,14.949999809265137,14.960000038146973,14.8100004196167,14.859999656677246,366083
2026-07-20 10:30:00,14.920000076293945,14.970000267028809,14.920000076293945,14.9399995803833,187291
2026-07-20 10:45:00,14.9399995803833,14.949999809265137,14.920000076293945,14.920000076293945,80069
2026-07-20 11:00:00,14.90999984741211,14.949999809265137,14.899999618530273,14.9399995803833,117216
2026-07-20 11:15:00,14.920000076293945,14.930000305175781,14.880000114440918,14.90999984741211,74045
2026-07-20 11:30:00,14.90999984741211,14.930000305175781,14.899999618530273,14.930000305175781,54053
2026-07-20 11:45:00,14.869999885559082,14.90999984741211,14.869999885559082,14.90999984741211,106419
2026-07-20 12:00:00,14.90999984741211,14.90999984741211,14.869999885559082,14.869999885559082,59203
2026-07-20 12:15:00,14.90999984741211,14.930000305175781,14.899999618530273,14.90999984741211,47837
2026-07-20 12:30:00,14.9399995803833,14.949999809265137,14.90999984741211,14.920000076293945,91674
2026-07-20 12:45:00,14.9399995803833,14.9399995803833,14.90999984741211,14.9399995803833,61521
2026-07-20 13:00:00,14.899999618530273,14.9399995803833,14.899999618530273,14.9399995803833,85651
2026-07-20 13:15:00,14.899999618530273,14.920000076293945,14.890000343322754,14.899999618530273,87840
2026-07-20 13:30:00,14.899999618530273,14.920000076293945,14.899999618530273,14.90999984741211,46872
2026-07-20 13:45:00,14.9399995803833,14.9399995803833,14.899999618530273,14.90999984741211,130697
2026-07-20 14:00:00,14.9399995803833,14.949999809265137,14.930000305175781,14.9399995803833,124817
2026-07-20 14:15:00,14.9399995803833,14.9399995803833,14.90999984741211,14.9399995803833,71028
2026-07-20 14:30:00,14.989999771118164,15.0,14.9399995803833,14.9399995803833,262814
2026-07-20 14:45:00,14.989999771118164,15.0,14.979999542236328,15.0,45314
2026-07-20 15:00:00,15.0,15.010000228881836,14.970000267028809,14.989999771118164,149893
2026-07-20 15:15:00,15.0,15.020000457763672,14.979999542236328,15.0,165496
2026-07-20 15:30:00,14.960000038146973,15.0,14.960000038146973,14.989999771118164,69034
2026-07-20 15:45:00,14.970000267028809,14.989999771118164,14.960000038146973,14.970000267028809,86048
2026-07-20 16:00:00,14.970000267028809,14.989999771118164,14.949999809265137,14.960000038146973,124897
2026-07-20 16:15:00,14.9399995803833,14.970000267028809,14.9399995803833,14.970000267028809,97563
2026-07-20 16:30:00,14.890000343322754,14.960000038146973,14.890000343322754,14.9399995803833,249868
2026-07-20 16:45:00,14.890000343322754,14.899999618530273,14.859999656677246,14.899999618530273,170473
2026-07-20 17:00:00,14.90999984741211,14.90999984741211,14.869999885559082,14.880000114440918,178060
2026-07-20 17:15:00,14.489999771118164,14.90999984741211,14.399999618530273,14.90999984741211,3269831
2026-07-20 17:30:00,14.399999618530273,14.529999732971191,14.350000381469727,14.489999771118164,2050466
2026-07-20 17:45:00,14.119999885559082,14.420000076293945,14.119999885559082,14.399999618530273,2134722
2026-07-21 09:45:00,14.140000343322754,14.140000343322754,14.140000343322754,14.140000343322754,0
2026-07-21 10:00:00,14.170000076293945,14.289999961853027,14.109999656677246,14.130000114440918,1108686
2026-07-21 10:15:00,14.220000267028809,14.239999771118164,14.170000076293945,14.170000076293945,229998
2026-07-21 10:30:00,14.199999809265137,14.270000457763672,14.1899995803833,14.229999542236328,181416
2026-07-21 10:45:00,14.210000038146973,14.229999542236328,14.180000305175781,14.199999809265137,192806
2026-07-21 11:00:00,14.210000038146973,14.229999542236328,14.199999809265137,14.220000267028809,110246
2026-07-21 11:15:00,14.220000267028809,14.220000267028809,14.210000038146973,14.210000038146973,75090
2026-07-21 11:30:00,14.220000267028809,14.220000267028809,14.180000305175781,14.210000038146973,121307
2026-07-21 11:45:00,14.199999809265137,14.210000038146973,14.1899995803833,14.210000038146973,48605
2026-07-21 12:00:00,14.220000267028809,14.260000228881836,14.180000305175781,14.199999809265137,191431
2026-07-21 12:15:00,14.239999771118164,14.260000228881836,14.220000267028809,14.220000267028809,156740
2026-07-21 12:30:00,14.220000267028809,14.25,14.220000267028809,14.239999771118164,93830
2026-07-21 12:45:00,14.220000267028809,14.229999542236328,14.210000038146973,14.220000267028809,34882
2026-07-21 13:00:00,14.229999542236328,14.239999771118164,14.210000038146973,14.210000038146973,119430
2026-07-21 13:15:00,14.260000228881836,14.270000457763672,14.220000267028809,14.229999542236328,161256
2026-07-21 13:30:00,14.25,14.279999732971191,14.25,14.260000228881836,56255
2026-07-21 13:45:00,14.279999732971191,14.279999732971191,14.25,14.25,26941
2026-07-21 14:00:00,14.279999732971191,14.319999694824219,14.239999771118164,14.279999732971191,366551
2026-07-21 14:15:00,14.25,14.279999732971191,14.229999542236328,14.279999732971191,110330
2026-07-21 14:30:00,14.260000228881836,14.270000457763672,14.229999542236328,14.239999771118164,221230
2026-07-21 14:45:00,14.079999923706055,14.279999732971191,14.0,14.260000228881836,1039511
2026-07-21 15:00:00,14.029999732971191,14.069999694824219,13.930000305175781,14.069999694824219,1301302
2026-07-21 15:15:00,14.010000228881836,14.09000015258789,13.989999771118164,14.039999961853027,291000
2026-07-21 15:30:00,13.90999984741211,14.050000190734863,13.890000343322754,14.020000457763672,745052
2026-07-21 15:45:00,13.850000381469727,13.920000076293945,13.680000305175781,13.90999984741211,2635477
2026-07-21 16:00:00,13.850000381469727,13.890000343322754,13.829999923706055,13.84000015258789,375244
2026-07-21 16:15:00,13.859999656677246,13.890000343322754,13.84000015258789,13.850000381469727,229853
2026-07-21 16:30:00,13.850000381469727,13.880000114440918,13.850000381469727,13.859999656677246,202391
2026-07-21 16:45:00,13.869999885559082,13.880000114440918,13.850000381469727,13.850000381469727,225534
2026-07-21 17:00:00,13.65999984741211,13.869999885559082,13.579999923706055,13.869999885559082,2793917
2026-07-21 17:15:00,13.5600004196167,13.65999984741211,13.470000267028809,13.65999984741211,4299030
2026-07-21 17:30:00,13.520000457763672,13.630000114440918,13.479999542236328,13.59000015258789,2160176
2026-07-21 17:45:00,13.520000457763672,13.569999694824219,13.510000228881836,13.520000457763672,1161053
2026-07-22 09:45:00,13.579999923706055,13.579999923706055,13.579999923706055,13.579999923706055,0
2026-07-22 10:00:00,13.5600004196167,13.640000343322754,13.510000228881836,13.59000015258789,813618
2026-07-22 10:15:00,13.569999694824219,13.59000015258789,13.550000190734863,13.5600004196167,348745
2026-07-22 10:30:00,13.529999732971191,13.59000015258789,13.489999771118164,13.579999923706055,798858
2026-07-22 10:45:00,13.550000190734863,13.579999923706055,13.510000228881836,13.529999732971191,345747
2026-07-22 11:00:00,13.5600004196167,13.59000015258789,13.550000190734863,13.550000190734863,187063
2026-07-22 11:15:00,13.579999923706055,13.59000015258789,13.5600004196167,13.5600004196167,112394
2026-07-22 11:30:00,13.569999694824219,13.600000381469727,13.5600004196167,13.59000015258789,256916
2026-07-22 11:45:00,13.59000015258789,13.609999656677246,13.569999694824219,13.569999694824219,151882
2026-07-22 12:00:00,13.579999923706055,13.600000381469727,13.579999923706055,13.600000381469727,85289
2026-07-22 12:15:00,13.550000190734863,13.600000381469727,13.550000190734863,13.59000015258789,137835
2026-07-22 12:30:00,13.539999961853027,13.5600004196167,13.529999732971191,13.5600004196167,234899
2026-07-22 12:45:00,13.529999732971191,13.539999961853027,13.520000457763672,13.539999961853027,145045
2026-07-22 13:00:00,13.520000457763672,13.550000190734863,13.510000228881836,13.529999732971191,293926
2026-07-22 13:15:00,13.569999694824219,13.569999694824219,13.5,13.510000228881836,379701
2026-07-22 13:30:00,13.539999961853027,13.59000015258789,13.539999961853027,13.579999923706055,189283
2026-07-22 13:45:00,13.5600004196167,13.569999694824219,13.539999961853027,13.550000190734863,50167
2026-07-22 14:00:00,13.5600004196167,13.569999694824219,13.539999961853027,13.5600004196167,64388
2026-07-22 14:15:00,13.5600004196167,13.600000381469727,13.550000190734863,13.5600004196167,322205
2026-07-22 14:30:00,13.5600004196167,13.579999923706055,13.5600004196167,13.5600004196167,101625
2026-07-22 14:45:00,13.520000457763672,13.5600004196167,13.5,13.5600004196167,168915
2026-07-22 15:00:00,13.5600004196167,13.5600004196167,13.510000228881836,13.520000457763672,43253
2026-07-22 15:15:00,13.569999694824219,13.579999923706055,13.550000190734863,13.569999694824219,226498
2026-07-22 15:30:00,13.550000190734863,13.600000381469727,13.550000190734863,13.59000015258789,380861
2026-07-22 15:45:00,13.550000190734863,13.569999694824219,13.550000190734863,13.569999694824219,134613
2026-07-22 16:00:00,13.5600004196167,13.569999694824219,13.539999961853027,13.5600004196167,182372
2026-07-22 16:15:00,13.59000015258789,13.59000015258789,13.539999961853027,13.5600004196167,123480
2026-07-22 16:30:00,13.59000015258789,13.619999885559082,13.579999923706055,13.59000015258789,207488
2026-07-22 16:45:00,13.600000381469727,13.619999885559082,13.59000015258789,13.600000381469727,92383
2026-07-22 17:00:00,13.609999656677246,13.640000343322754,13.600000381469727,13.600000381469727,282632
2026-07-22 17:15:00,13.59000015258789,13.609999656677246,13.569999694824219,13.609999656677246,141247
2026-07-22 17:30:00,13.609999656677246,13.619999885559082,13.569999694824219,13.59000015258789,241533
2026-07-22 17:45:00,13.5600004196167,13.630000114440918,13.5600004196167,13.600000381469727,711521
2026-07-23 09:45:00,13.720000267028809,13.720000267028809,13.720000267028809,13.720000267028809,0
2026-07-23 10:00:00,13.680000305175781,13.729999542236328,13.619999885559082,13.729999542236328,647362
2026-07-23 10:15:00,13.739999771118164,13.739999771118164,13.6899995803833,13.6899995803833,310971
2026-07-23 10:30:00,13.6899995803833,13.739999771118164,13.680000305175781,13.729999542236328,130536
2026-07-23 10:45:00,13.699999809265137,13.710000038146973,13.65999984741211,13.6899995803833,205156
2026-07-23 11:00:00,13.729999542236328,13.729999542236328,13.680000305175781,13.680000305175781,303639
2026-07-23 11:15:00,13.699999809265137,13.739999771118164,13.6899995803833,13.739999771118164,126093
2026-07-23 11:30:00,13.729999542236328,13.739999771118164,13.699999809265137,13.710000038146973,251545
2026-07-23 11:45:00,13.829999923706055,13.829999923706055,13.729999542236328,13.729999542236328,499350
2026-07-23 12:00:00,13.84000015258789,13.880000114440918,13.800000190734863,13.829999923706055,568011
2026-07-23 12:15:00,13.90999984741211,13.949999809265137,13.850000381469727,13.850000381469727,446326
2026-07-23 12:30:00,13.84000015258789,13.899999618530273,13.8100004196167,13.899999618530273,326762
2026-07-23 12:45:00,13.869999885559082,13.880000114440918,13.829999923706055,13.84000015258789,105245
2026-07-23 13:00:00,13.890000343322754,13.90999984741211,13.869999885559082,13.869999885559082,206987
2026-07-23 13:15:00,13.869999885559082,13.899999618530273,13.859999656677246,13.890000343322754,112088
2026-07-23 13:30:00,13.880000114440918,13.890000343322754,13.850000381469727,13.869999885559082,51703
2026-07-23 13:45:00,13.899999618530273,13.920000076293945,13.869999885559082,13.890000343322754,193081
2026-07-23 14:00:00,13.850000381469727,13.899999618530273,13.850000381469727,13.899999618530273,157500
2026-07-23 14:15:00,13.819999694824219,13.869999885559082,13.8100004196167,13.850000381469727,157550
2026-07-23 14:30:00,13.8100004196167,13.819999694824219,13.800000190734863,13.819999694824219,134437
2026-07-23 14:45:00,13.8100004196167,13.84000015258789,13.800000190734863,13.800000190734863,92275
2026-07-23 15:00:00,13.789999961853027,13.8100004196167,13.779999732971191,13.800000190734863,119435
2026-07-23 15:15:00,13.760000228881836,13.800000190734863,13.760000228881836,13.789999961853027,71653
2026-07-23 15:30:00,13.729999542236328,13.760000228881836,13.729999542236328,13.75,85189
2026-07-23 15:45:00,13.729999542236328,13.739999771118164,13.720000267028809,13.729999542236328,38677
2026-07-23 16:00:00,13.729999542236328,13.75,13.720000267028809,13.729999542236328,96498
2026-07-23 16:15:00,13.75,13.760000228881836,13.699999809265137,13.739999771118164,170073
2026-07-23 16:30:00,13.760000228881836,13.770000457763672,13.739999771118164,13.739999771118164,51220
2026-07-23 16:45:00,13.770000457763672,13.779999732971191,13.760000228881836,13.770000457763672,76241
2026-07-23 17:00:00,13.770000457763672,13.779999732971191,13.75,13.760000228881836,58380
2026-07-23 17:15:00,13.770000457763672,13.789999961853027,13.760000228881836,13.770000457763672,117156
2026-07-23 17:30:00,13.770000457763672,13.789999961853027,13.760000228881836,13.779999732971191,82056
2026-07-23 17:45:00,13.770000457763672,13.779999732971191,13.75,13.770000457763672,253883
2026-07-24 09:45:00,13.819999694824219,13.819999694824219,13.819999694824219,13.819999694824219,0
2026-07-24 10:00:00,13.850000381469727,13.850000381469727,13.760000228881836,13.829999923706055,389405
2026-07-24 10:15:00,13.859999656677246,13.880000114440918,13.84000015258789,13.850000381469727,248169
2026-07-24 10:30:00,13.869999885559082,13.899999618530273,13.859999656677246,13.859999656677246,102339
2026-07-24 10:45:00,13.84000015258789,13.869999885559082,13.819999694824219,13.869999885559082,74736
2026-07-24 11:00:00,13.84000015258789,13.850000381469727,13.819999694824219,13.829999923706055,95836
2026-07-24 11:15:00,13.829999923706055,13.84000015258789,13.789999961853027,13.84000015258789,162525
2026-07-24 11:30:00,13.829999923706055,13.84000015258789,13.819999694824219,13.829999923706055,61532
2026-07-24 11:45:00,13.800000190734863,13.850000381469727,13.800000190734863,13.829999923706055,88682
2026-07-24 12:00:00,13.819999694824219,13.819999694824219,13.800000190734863,13.800000190734863,49941
2026-07-24 12:15:00,13.789999961853027,13.8100004196167,13.789999961853027,13.800000190734863,101941
2026-07-24 12:30:00,13.760000228881836,13.789999961853027,13.729999542236328,13.789999961853027,67321
2026-07-24 12:45:00,13.75,13.770000457763672,13.729999542236328,13.760000228881836,114917
2026-07-24 13:00:00,13.710000038146973,13.760000228881836,13.710000038146973,13.75,112416
2026-07-24 13:15:00,13.720000267028809,13.729999542236328,13.710000038146973,13.710000038146973,90725
2026-07-24 13:30:00,13.739999771118164,13.739999771118164,13.720000267028809,13.720000267028809,76521
2026-07-24 13:45:00,13.720000267028809,13.760000228881836,13.710000038146973,13.739999771118164,57246
2026-07-24 14:00:00,13.710000038146973,13.720000267028809,13.699999809265137,13.720000267028809,53522
2026-07-24 14:15:00,13.699999809265137,13.720000267028809,13.6899995803833,13.699999809265137,54987
2026-07-24 14:30:00,13.699999809265137,13.710000038146973,13.6899995803833,13.699999809265137,38809
2026-07-24 14:45:00,13.6899995803833,13.699999809265137,13.65999984741211,13.6899995803833,89210
2026-07-24 15:00:00,13.6899995803833,13.6899995803833,13.680000305175781,13.6899995803833,40855
2026-07-24 15:15:00,13.670000076293945,13.6899995803833,13.649999618530273,13.6899995803833,215144
2026-07-24 15:30:00,13.65999984741211,13.680000305175781,13.640000343322754,13.670000076293945,127524
2026-07-24 15:45:00,13.619999885559082,13.65999984741211,13.609999656677246,13.65999984741211,126750
2026-07-24 16:00:00,13.619999885559082,13.640000343322754,13.600000381469727,13.619999885559082,154890
2026-07-24 16:15:00,13.600000381469727,13.720000267028809,13.600000381469727,13.619999885559082,202014
2026-07-24 16:30:00,13.609999656677246,13.619999885559082,13.600000381469727,13.600000381469727,38070
2026-07-24 16:45:00,13.579999923706055,13.630000114440918,13.569999694824219,13.609999656677246,195945
2026-07-24 17:00:00,13.600000381469727,13.619999885559082,13.569999694824219,13.59000015258789,134148
2026-07-24 17:15:00,13.619999885559082,13.630000114440918,13.550000190734863,13.600000381469727,266764
2026-07-24 17:30:00,13.600000381469727,13.619999885559082,13.579999923706055,13.619999885559082,156497
2026-07-24 17:45:00,13.59000015258789,13.619999885559082,13.5600004196167,13.59000015258789,508092
2026-07-27 09:45:00,13.609999656677246,13.609999656677246,13.609999656677246,13.609999656677246,0
2026-07-27 10:00:00,13.680000305175781,13.800000190734863,13.619999885559082,13.619999885559082,602404
2026-07-27 10:15:00,13.6899995803833,13.770000457763672,13.680000305175781,13.680000305175781,555006
2026-07-27 10:30:00,13.680000305175781,13.739999771118164,13.670000076293945,13.680000305175781,305420
2026-07-27 10:45:00,13.609999656677246,13.699999809265137,13.600000381469727,13.670000076293945,406998
2026-07-27 11:00:00,13.600000381469727,13.619999885559082,13.579999923706055,13.609999656677246,122042
2026-07-27 11:15:00,13.59000015258789,13.609999656677246,13.579999923706055,13.600000381469727,117831
2026-07-27 11:30:00,13.600000381469727,13.609999656677246,13.579999923706055,13.59000015258789,182425
2026-07-27 11:45:00,13.520000457763672,13.600000381469727,13.520000457763672,13.600000381469727,243509
2026-07-27 12:00:00,13.520000457763672,13.529999732971191,13.510000228881836,13.529999732971191,121329
2026-07-27 12:15:00,13.529999732971191,13.539999961853027,13.510000228881836,13.520000457763672,88084
2026-07-27 12:30:00,13.510000228881836,13.5600004196167,13.5,13.529999732971191,260048
2026-07-27 12:45:00,13.520000457763672,13.529999732971191,13.510000228881836,13.520000457763672,49129
2026-07-27 13:00:00,13.550000190734863,13.550000190734863,13.520000457763672,13.529999732971191,89918
2026-07-27 13:15:00,13.5600004196167,13.5600004196167,13.529999732971191,13.550000190734863,78341
2026-07-27 13:30:00,13.539999961853027,13.569999694824219,13.539999961853027,13.5600004196167,106100
2026-07-27 13:45:00,13.550000190734863,13.550000190734863,13.529999732971191,13.539999961853027,65727
2026-07-27 14:00:00,13.539999961853027,13.550000190734863,13.520000457763672,13.539999961853027,70268
2026-07-27 14:15:00,13.550000190734863,13.550000190734863,13.520000457763672,13.529999732971191,227185
2026-07-27 14:30:00,13.5600004196167,13.5600004196167,13.529999732971191,13.550000190734863,147047
2026-07-27 14:45:00,13.520000457763672,13.5600004196167,13.520000457763672,13.5600004196167,108764
2026-07-27 15:00:00,13.510000228881836,13.529999732971191,13.489999771118164,13.520000457763672,89121
2026-07-27 15:15:00,13.510000228881836,13.510000228881836,13.489999771118164,13.510000228881836,89860
2026-07-27 15:30:00,13.510000228881836,13.520000457763672,13.5,13.520000457763672,116154
2026-07-27 15:45:00,13.520000457763672,13.529999732971191,13.5,13.510000228881836,181249
2026-07-27 16:00:00,13.449999809265137,13.520000457763672,13.420000076293945,13.520000457763672,319851
2026-07-27 16:15:00,13.40999984741211,13.449999809265137,13.390000343322754,13.449999809265137,265183
2026-07-27 16:30:00,13.399999618530273,13.420000076293945,13.390000343322754,13.399999618530273,146372
2026-07-27 16:45:00,13.380000114440918,13.40999984741211,13.369999885559082,13.399999618530273,158666
2026-07-27 17:00:00,13.369999885559082,13.399999618530273,13.34000015258789,13.380000114440918,190659
2026-07-27 17:15:00,13.359999656677246,13.399999618530273,13.350000381469727,13.369999885559082,133286
2026-07-27 17:30:00,13.359999656677246,13.369999885559082,13.319999694824219,13.359999656677246,236987
2026-07-27 17:45:00,13.34000015258789,13.369999885559082,13.329999923706055,13.359999656677246,654939
2026-07-28 09:45:00,13.399999618530273,13.399999618530273,13.399999618530273,13.399999618530273,0
2026-07-28 10:00:00,13.359999656677246,13.399999618530273,13.270000457763672,13.399999618530273,725173
2026-07-28 10:15:00,13.40999984741211,13.449999809265137,13.34000015258789,13.350000381469727,702754
2026-07-28 10:30:00,13.390000343322754,13.430000305175781,13.369999885559082,13.40999984741211,151604
2026-07-28 10:45:00,13.369999885559082,13.399999618530273,13.369999885559082,13.399999618530273,58857
2026-07-28 11:00:00,13.300000190734863,13.369999885559082,13.289999961853027,13.359999656677246,232485
2026-07-28 11:15:00,13.319999694824219,13.329999923706055,13.279999732971191,13.300000190734863,159114
2026-07-28 11:30:00,13.319999694824219,13.329999923706055,13.25,13.319999694824219,381371
2026-07-28 11:45:00,13.329999923706055,13.34000015258789,13.3100004196167,13.329999923706055,109023
2026-07-28 12:00:00,13.3100004196167,13.319999694824219,13.289999961853027,13.319999694824219,80490
2026-07-28 12:15:00,13.300000190734863,13.319999694824219,13.300000190734863,13.3100004196167,63687
2026-07-28 12:30:00,13.289999961853027,13.3100004196167,13.289999961853027,13.300000190734863,55814
2026-07-28 12:45:00,13.300000190734863,13.3100004196167,13.289999961853027,13.289999961853027,35607
2026-07-28 13:00:00,13.279999732971191,13.3100004196167,13.279999732971191,13.289999961853027,104515
2026-07-28 13:15:00,13.260000228881836,13.300000190734863,13.260000228881836,13.279999732971191,83764
2026-07-28 13:30:00,13.25,13.279999732971191,13.239999771118164,13.260000228881836,172606
2026-07-28 13:45:00,13.270000457763672,13.279999732971191,13.220000267028809,13.25,205884
2026-07-28 14:00:00,13.239999771118164,13.300000190734863,13.229999542236328,13.270000457763672,127539
2026-07-28 14:15:00,13.229999542236328,13.270000457763672,13.210000038146973,13.229999542236328,267727
2026-07-28 14:30:00,13.229999542236328,13.25,13.220000267028809,13.220000267028809,86642
2026-07-28 14:45:00,13.1899995803833,13.239999771118164,13.180000305175781,13.229999542236328,251909
2026-07-28 15:00:00,13.15999984741211,13.220000267028809,13.15999984741211,13.1899995803833,262717
2026-07-28 15:15:00,13.140000343322754,13.170000076293945,13.109999656677246,13.170000076293945,308901
2026-07-28 15:30:00,13.149999618530273,13.149999618530273,13.109999656677246,13.140000343322754,194074
2026-07-28 15:45:00,13.180000305175781,13.180000305175781,13.130000114440918,13.140000343322754,96434
2026-07-28 16:00:00,13.180000305175781,13.1899995803833,13.15999984741211,13.170000076293945,75806
2026-07-28 16:15:00,13.1899995803833,13.199999809265137,13.180000305175781,13.1899995803833,68787
2026-07-28 16:30:00,13.15999984741211,13.199999809265137,13.15999984741211,13.1899995803833,119862
2026-07-28 16:45:00,13.09000015258789,13.170000076293945,13.079999923706055,13.15999984741211,397535
2026-07-28 17:00:00,13.119999885559082,13.149999618530273,13.100000381469727,13.100000381469727,270141
2026-07-28 17:15:00,13.130000114440918,13.130000114440918,13.09000015258789,13.119999885559082,210222
2026-07-28 17:30:00,13.100000381469727,13.130000114440918,13.09000015258789,13.109999656677246,290248
2026-07-28 17:45:00,13.079999923706055,13.109999656677246,13.069999694824219,13.100000381469727,359219
2026-07-29 09:45:00,13.109999656677246,13.109999656677246,13.109999656677246,13.109999656677246,0
2026-07-29 10:00:00,13.109999656677246,13.149999618530273,13.09000015258789,13.109999656677246,401342
2026-07-29 10:15:00,13.09000015258789,13.109999656677246,13.0600004196167,13.109999656677246,313938
2026-07-29 10:30:00,13.130000114440918,13.170000076293945,13.069999694824219,13.079999923706055,210958
2026-07-29 10:45:00,13.109999656677246,13.140000343322754,13.100000381469727,13.130000114440918,172072
2026-07-29 11:00:00,13.029999732971191,13.109999656677246,13.029999732971191,13.100000381469727,201190
2026-07-29 11:15:00,13.010000228881836,13.029999732971191,12.979999542236328,13.029999732971191,317921
2026-07-29 11:30:00,13.010000228881836,13.050000190734863,13.0,13.0,157410
2026-07-29 11:45:00,13.010000228881836,13.020000457763672,13.0,13.0,74894
2026-07-29 12:00:00,13.0,13.010000228881836,12.989999771118164,13.010000228881836,68145
2026-07-29 12:15:00,12.960000038146973,13.0,12.949999809265137,13.0,159520
2026-07-29 12:30:00,13.010000228881836,13.010000228881836,12.949999809265137,12.960000038146973,150115
2026-07-29 12:45:00,12.979999542236328,13.010000228881836,12.979999542236328,13.010000228881836,134770
2026-07-29 13:00:00,12.989999771118164,13.0,12.970000267028809,12.989999771118164,32595
2026-07-29 13:15:00,12.970000267028809,12.989999771118164,12.949999809265137,12.989999771118164,72963
2026-07-29 13:30:00,12.960000038146973,12.970000267028809,12.930000305175781,12.970000267028809,64985
2026-07-29 13:45:00,12.9399995803833,12.960000038146973,12.930000305175781,12.960000038146973,78862
2026-07-29 14:00:00,12.9399995803833,12.9399995803833,12.90999984741211,12.930000305175781,146832
2026-07-29 14:15:00,12.899999618530273,12.949999809265137,12.899999618530273,12.9399995803833,191989
2026-07-29 14:30:00,12.880000114440918,12.90999984741211,12.869999885559082,12.899999618530273,129677
2026-07-29 14:45:00,12.890000343322754,12.90999984741211,12.880000114440918,12.880000114440918,127161
2026-07-29 15:00:00,12.869999885559082,12.899999618530273,12.859999656677246,12.890000343322754,140686
2026-07-29 15:15:00,12.829999923706055,12.869999885559082,12.800000190734863,12.869999885559082,258185
2026-07-29 15:30:00,12.869999885559082,12.880000114440918,12.8100004196167,12.819999694824219,183430
2026-07-29 15:45:00,12.869999885559082,12.899999618530273,12.850000381469727,12.869999885559082,174461
2026-07-29 16:00:00,12.869999885559082,12.880000114440918,12.859999656677246,12.869999885559082,72819
2026-07-29 16:15:00,12.890000343322754,12.899999618530273,12.859999656677246,12.880000114440918,99576
2026-07-29 16:30:00,12.869999885559082,12.890000343322754,12.850000381469727,12.880000114440918,76358
2026-07-29 16:45:00,12.829999923706055,12.880000114440918,12.829999923706055,12.880000114440918,100416
2026-07-29 17:00:00,12.75,12.850000381469727,12.739999771118164,12.829999923706055,267774
2026-07-29 17:15:00,12.779999732971191,12.789999961853027,12.739999771118164,12.760000228881836,268481
2026-07-29 17:30:00,12.760000228881836,12.789999961853027,12.649999618530273,12.779999732971191,278582
2026-07-29 17:45:00,12.819999694824219,12.819999694824219,12.75,12.760000228881836,346255
2026-07-30 09:45:00,12.869999885559082,12.869999885559082,12.869999885559082,12.869999885559082,0
2026-07-30 10:00:00,12.869999885559082,12.890000343322754,12.779999732971191,12.850000381469727,499286
2026-07-30 10:15:00,12.829999923706055,12.869999885559082,12.829999923706055,12.859999656677246,112779
2026-07-30 10:30:00,12.800000190734863,12.84000015258789,12.75,12.829999923706055,358317
2026-07-30 10:45:00,12.8100004196167,12.869999885559082,12.8100004196167,12.8100004196167,171593
2026-07-30 11:00:00,12.859999656677246,12.899999618530273,12.8100004196167,12.8100004196167,246441
2026-07-30 11:15:00,12.859999656677246,12.899999618530273,12.829999923706055,12.850000381469727,139375
2026-07-30 11:30:00,12.84000015258789,12.899999618530273,12.819999694824219,12.850000381469727,219083
2026-07-30 11:45:00,12.84000015258789,12.859999656677246,12.8100004196167,12.850000381469727,156234
2026-07-30 12:00:00,12.859999656677246,12.859999656677246,12.829999923706055,12.850000381469727,42189
2026-07-30 12:15:00,12.829999923706055,12.859999656677246,12.829999923706055,12.850000381469727,87852
2026-07-30 12:30:00,12.84000015258789,12.850000381469727,12.8100004196167,12.84000015258789,122942
2026-07-30 12:45:00,12.800000190734863,12.84000015258789,12.800000190734863,12.84000015258789,97033
2026-07-30 13:00:00,12.770000457763672,12.800000190734863,12.75,12.800000190734863,130151
2026-07-30 13:15:00,12.779999732971191,12.800000190734863,12.75,12.770000457763672,101824
2026-07-30 13:30:00,12.789999961853027,12.800000190734863,12.770000457763672,12.770000457763672,84380
2026-07-30 13:45:00,12.779999732971191,12.789999961853027,12.770000457763672,12.779999732971191,65467
2026-07-30 14:00:00,12.739999771118164,12.779999732971191,12.729999542236328,12.770000457763672,113415
2026-07-30 14:15:00,12.760000228881836,12.760000228881836,12.729999542236328,12.739999771118164,30305
2026-07-30 14:30:00,12.729999542236328,12.760000228881836,12.710000038146973,12.75,96336
2026-07-30 14:45:00,12.699999809265137,12.739999771118164,12.6899995803833,12.729999542236328,59031
2026-07-30 15:00:00,12.710000038146973,12.720000267028809,12.6899995803833,12.6899995803833,199874
2026-07-30 15:15:00,12.710000038146973,12.729999542236328,12.699999809265137,12.710000038146973,44652
2026-07-30 15:30:00,12.680000305175781,12.720000267028809,12.680000305175781,12.710000038146973,87749
2026-07-30 15:45:00,12.649999618530273,12.710000038146973,12.640000343322754,12.6899995803833,282933
2026-07-30 16:00:00,12.649999618530273,12.6899995803833,12.630000114440918,12.65999984741211,292241
2026-07-30 16:15:00,12.65999984741211,12.670000076293945,12.630000114440918,12.640000343322754,104900
2026-07-30 16:30:00,12.680000305175781,12.680000305175781,12.65999984741211,12.670000076293945,104227
2026-07-30 16:45:00,12.640000343322754,12.710000038146973,12.640000343322754,12.6899995803833,251187
2026-07-30 17:00:00,12.680000305175781,12.720000267028809,12.640000343322754,12.649999618530273,71168
2026-07-30 17:15:00,12.710000038146973,12.729999542236328,12.680000305175781,12.680000305175781,170115
2026-07-30 17:30:00,12.6899995803833,12.710000038146973,12.680000305175781,12.710000038146973,110504
2026-07-30 17:45:00,12.670000076293945,12.710000038146973,12.65999984741211,12.699999809265137,425521
2026-07-31 09:45:00,12.6899995803833,12.6899995803833,12.6899995803833,12.6899995803833,0
2026-07-31 10:00:00,12.800000190734863,12.819999694824219,12.699999809265137,12.699999809265137,347965
2026-07-31 10:15:00,12.789999961853027,12.850000381469727,12.760000228881836,12.819999694824219,221797
2026-07-31 10:30:00,12.779999732971191,12.800000190734863,12.770000457763672,12.789999961853027,39597
2026-07-31 10:45:00,12.720000267028809,12.789999961853027,12.710000038146973,12.779999732971191,240785
2026-07-31 11:00:00,12.65999984741211,12.729999542236328,12.65999984741211,12.729999542236328,134183
2026-07-31 11:15:00,12.65999984741211,12.680000305175781,12.649999618530273,12.670000076293945,52598
2026-07-31 11:30:00,12.630000114440918,12.670000076293945,12.600000381469727,12.670000076293945,129682
2026-07-31 11:45:00,12.600000381469727,12.630000114440918,12.600000381469727,12.630000114440918,74732
2026-07-31 12:00:00,12.600000381469727,12.630000114440918,12.579999923706055,12.609999656677246,138694
2026-07-31 12:15:00,12.5600004196167,12.609999656677246,12.5600004196167,12.600000381469727,139356
2026-07-31 12:30:00,12.5600004196167,12.579999923706055,12.520000457763672,12.569999694824219,290873
2026-07-31 12:45:00,12.539999961853027,12.5600004196167,12.539999961853027,12.5600004196167,96664
2026-07-31 13:00:00,12.550000190734863,12.5600004196167,12.529999732971191,12.539999961853027,70952
2026-07-31 13:15:00,12.550000190734863,12.569999694824219,12.550000190734863,12.550000190734863,58521
2026-07-31 13:30:00,12.529999732971191,12.550000190734863,12.529999732971191,12.550000190734863,104384
2026-07-31 13:45:00,12.539999961853027,12.5600004196167,12.520000457763672,12.529999732971191,115695
2026-07-31 14:00:00,12.539999961853027,12.569999694824219,12.529999732971191,12.539999961853027,69990
2026-07-31 14:15:00,12.5600004196167,12.569999694824219,12.529999732971191,12.539999961853027,29901
2026-07-31 14:30:00,12.539999961853027,12.5600004196167,12.529999732971191,12.5600004196167,43669
2026-07-31 14:45:00,12.539999961853027,12.550000190734863,12.520000457763672,12.529999732971191,105830
2026-07-31 15:00:00,12.5,12.539999961853027,12.5,12.539999961853027,156240
2026-07-31 15:15:00,12.489999771118164,12.520000457763672,12.479999542236328,12.510000228881836,155806
2026-07-31 15:30:00,12.489999771118164,12.510000228881836,12.479999542236328,12.489999771118164,103226
2026-07-31 15:45:00,12.529999732971191,12.529999732971191,12.479999542236328,12.489999771118164,145815
2026-07-31 16:00:00,12.640000343322754,12.65999984741211,12.529999732971191,12.529999732971191,470785
2026-07-31 16:15:00,12.6899995803833,12.699999809265137,12.640000343322754,12.649999618530273,303537
2026-07-31 16:30:00,12.670000076293945,12.699999809265137,12.630000114440918,12.6899995803833,342646
2026-07-31 16:45:00,12.6899995803833,12.6899995803833,12.65999984741211,12.65999984741211,71037
2026-07-31 17:00:00,12.699999809265137,12.729999542236328,12.6899995803833,12.6899995803833,135761
2026-07-31 17:15:00,12.699999809265137,12.720000267028809,12.699999809265137,12.710000038146973,34063
2026-07-31 17:45:00,12.699999809265137,12.699999809265137,12.699999809265137,12.699999809265137,1486
2026-08-03 09:45:00,12.899999618530273,12.899999618530273,12.899999618530273,12.899999618530273,0
2026-08-03 10:00:00,12.819999694824219,12.920000076293945,12.8100004196167,12.829999923706055,332131
2026-08-03 10:15:00,12.729999542236328,12.829999923706055,12.699999809265137,12.8100004196167,462096
2026-08-03 10:30:00,12.6899995803833,12.760000228881836,12.680000305175781,12.729999542236328,324079
2026-08-03 10:45:00,12.699999809265137,12.710000038146973,12.65999984741211,12.6899995803833,185415
2026-08-03 11:00:00,12.710000038146973,12.710000038146973,12.680000305175781,12.6899995803833,55811
2026-08-03 11:15:00,12.680000305175781,12.710000038146973,12.65999984741211,12.699999809265137,69319
2026-08-03 11:30:00,12.6899995803833,12.710000038146973,12.680000305175781,12.6899995803833,91315
2026-08-03 11:45:00,12.710000038146973,12.720000267028809,12.680000305175781,12.6899995803833,29493
2026-08-03 12:00:00,12.729999542236328,12.729999542236328,12.699999809265137,12.710000038146973,48284
2026-08-03 12:15:00,12.720000267028809,12.739999771118164,12.699999809265137,12.739999771118164,106534
2026-08-03 12:30:00,12.720000267028809,12.729999542236328,12.710000038146973,12.720000267028809,59721
2026-08-03 12:45:00,12.710000038146973,12.720000267028809,12.699999809265137,12.710000038146973,43538
2026-08-03 13:00:00,12.729999542236328,12.729999542236328,12.710000038146973,12.720000267028809,76373
2026-08-03 13:15:00,12.720000267028809,12.720000267028809,12.699999809265137,12.720000267028809,54982
2026-08-03 13:30:00,12.699999809265137,12.720000267028809,12.6899995803833,12.720000267028809,44984
2026-08-03 13:45:00,12.710000038146973,12.710000038146973,12.699999809265137,12.710000038146973,18375
2026-08-03 14:00:00,12.680000305175781,12.710000038146973,12.670000076293945,12.710000038146973,65685
2026-08-03 14:15:00,12.670000076293945,12.680000305175781,12.65999984741211,12.680000305175781,85136
2026-08-03 14:30:00,12.680000305175781,12.699999809265137,12.670000076293945,12.680000305175781,26997
2026-08-03 14:45:00,12.640000343322754,12.670000076293945,12.640000343322754,12.670000076293945,100334
2026-08-03 15:00:00,12.649999618530273,12.670000076293945,12.640000343322754,12.649999618530273,467455
2026-08-03 15:15:00,12.630000114440918,12.649999618530273,12.619999885559082,12.640000343322754,119879
2026-08-03 15:30:00,12.619999885559082,12.640000343322754,12.619999885559082,12.630000114440918,20169
2026-08-03 15:45:00,12.640000343322754,12.649999618530273,12.619999885559082,12.630000114440918,26225
2026-08-03 16:00:00,12.649999618530273,12.670000076293945,12.630000114440918,12.640000343322754,81799
2026-08-03 16:15:00,12.640000343322754,12.65999984741211,12.640000343322754,12.649999618530273,68720
2026-08-03 16:30:00,12.6899995803833,12.699999809265137,12.640000343322754,12.640000343322754,234526
2026-08-03 16:45:00,12.710000038146973,12.720000267028809,12.680000305175781,12.680000305175781,160823
2026-08-03 17:00:00,12.720000267028809,12.720000267028809,12.699999809265137,12.710000038146973,57796
2026-08-03 17:15:00,12.65999984741211,12.739999771118164,12.65999984741211,12.720000267028809,351959
2026-08-03 17:30:00,12.65999984741211,12.670000076293945,12.649999618530273,12.649999618530273,249528
2026-08-03 17:45:00,12.649999618530273,12.680000305175781,12.630000114440918,12.65999984741211,138472
2026-08-04 09:45:00,12.619999885559082,12.619999885559082,12.619999885559082,12.619999885559082,0
2026-08-04 10:00:00,12.670000076293945,12.720000267028809,12.619999885559082,12.619999885559082,466650
2026-08-04 10:15:00,12.6899995803833,12.710000038146973,12.649999618530273,12.65999984741211,181174
2026-08-04 10:30:00,12.729999542236328,12.729999542236328,12.670000076293945,12.6899995803833,267217
2026-08-04 10:45:00,12.729999542236328,12.739999771118164,12.720000267028809,12.739999771118164,130832
2026-08-04 11:00:00,12.720000267028809,12.739999771118164,12.720000267028809,12.729999542236328,94057
2026-08-04 11:15:00,12.710000038146973,12.729999542236328,12.6899995803833,12.720000267028809,81114
2026-08-04 11:30:00,12.720000267028809,12.739999771118164,12.710000038146973,12.720000267028809,40137
2026-08-04 11:45:00,12.720000267028809,12.75,12.710000038146973,12.720000267028809,115690
2026-08-04 12:00:00,12.710000038146973,12.729999542236328,12.699999809265137,12.720000267028809,88558
2026-08-04 12:15:00,12.699999809265137,12.710000038146973,12.670000076293945,12.710000038146973,100284
2026-08-04 12:30:00,12.699999809265137,12.710000038146973,12.670000076293945,12.710000038146973,127222
2026-08-04 12:45:00,12.670000076293945,12.699999809265137,12.65999984741211,12.699999809265137,84548
2026-08-04 13:00:00,12.65999984741211,12.6899995803833,12.640000343322754,12.670000076293945,223871
2026-08-04 13:15:00,12.649999618530273,12.670000076293945,12.630000114440918,12.65999984741211,120744
2026-08-04 13:30:00,12.670000076293945,12.670000076293945,12.649999618530273,12.649999618530273,70213
2026-08-04 13:45:00,12.710000038146973,12.710000038146973,12.670000076293945,12.670000076293945,90716
2026-08-04 14:00:00,12.699999809265137,12.710000038146973,12.680000305175781,12.710000038146973,101942
2026-08-04 14:15:00,12.680000305175781,12.6899995803833,12.680000305175781,12.6899995803833,22951
2026-08-04 14:30:00,12.710000038146973,12.710000038146973,12.670000076293945,12.699999809265137,63319
2026-08-04 14:45:00,12.75,12.760000228881836,12.699999809265137,12.699999809265137,201829
2026-08-04 15:00:00,12.739999771118164,12.770000457763672,12.720000267028809,12.760000228881836,140617
2026-08-04 15:15:00,12.720000267028809,12.760000228881836,12.670000076293945,12.739999771118164,392937
2026-08-04 15:30:00,12.729999542236328,12.739999771118164,12.710000038146973,12.710000038146973,87207
2026-08-04 15:45:00,12.710000038146973,12.729999542236328,12.710000038146973,12.729999542236328,108554
2026-08-04 16:00:00,12.670000076293945,12.720000267028809,12.65999984741211,12.720000267028809,174259
2026-08-04 16:15:00,12.729999542236328,12.75,12.680000305175781,12.680000305175781,136011
2026-08-04 16:30:00,12.720000267028809,12.75,12.710000038146973,12.739999771118164,139547
2026-08-04 16:45:00,12.710000038146973,12.739999771118164,12.6899995803833,12.720000267028809,134908
2026-08-04 17:00:00,12.729999542236328,12.739999771118164,12.699999809265137,12.710000038146973,96541
2026-08-04 17:15:00,12.729999542236328,12.75,12.720000267028809,12.729999542236328,156829
2026-08-04 17:30:00,12.720000267028809,12.729999542236328,12.710000038146973,12.720000267028809,77388
2026-08-04 17:45:00,12.729999542236328,12.729999542236328,12.710000038146973,12.720000267028809,235017
2026-08-05 09:45:00,12.739999771118164,12.739999771118164,12.739999771118164,12.739999771118164,0
2026-08-05 10:00:00,12.779999732971191,12.84000015258789,12.739999771118164,12.739999771118164,497626
2026-08-05 10:15:00,12.75,12.779999732971191,12.739999771118164,12.770000457763672,233799
2026-08-05 10:30:00,12.770000457763672,12.779999732971191,12.729999542236328,12.739999771118164,146245
2026-08-05 10:45:00,12.770000457763672,12.800000190734863,12.739999771118164,12.770000457763672,169615
2026-08-05 11:00:00,12.770000457763672,12.789999961853027,12.75,12.770000457763672,100406
2026-08-05 11:15:00,12.779999732971191,12.779999732971191,12.75,12.779999732971191,47025
2026-08-05 11:30:00,12.770000457763672,12.789999961853027,12.770000457763672,12.779999732971191,42349
2026-08-05 11:45:00,12.75,12.789999961853027,12.75,12.770000457763672,98335
2026-08-05 12:00:00,12.770000457763672,12.789999961853027,12.75,12.75,126747
2026-08-05 12:15:00,12.75,12.770000457763672,12.75,12.770000457763672,117886
2026-08-05 12:30:00,12.770000457763672,12.789999961853027,12.720000267028809,12.75,233077
2026-08-05 12:45:00,12.75,12.779999732971191,12.75,12.770000457763672,105781
2026-08-05 13:00:00,12.720000267028809,12.760000228881836,12.720000267028809,12.75,91929
2026-08-05 13:15:00,12.729999542236328,12.739999771118164,12.699999809265137,12.710000038146973,140295
2026-08-05 13:30:00,12.720000267028809,12.739999771118164,12.710000038146973,12.739999771118164,81744
2026-08-05 13:45:00,12.710000038146973,12.739999771118164,12.710000038146973,12.729999542236328,60124
2026-08-05 14:00:00,12.710000038146973,12.729999542236328,12.699999809265137,12.710000038146973,45642
2026-08-05 14:15:00,12.699999809265137,12.720000267028809,12.699999809265137,12.710000038146973,95892
2026-08-05 14:30:00,12.710000038146973,12.710000038146973,12.680000305175781,12.699999809265137,86039
2026-08-05 14:45:00,12.699999809265137,12.710000038146973,12.6899995803833,12.710000038146973,62375
2026-08-05 15:00:00,12.729999542236328,12.739999771118164,12.699999809265137,12.699999809265137,110996
2026-08-05 15:15:00,12.75,12.760000228881836,12.720000267028809,12.729999542236328,114811
2026-08-05 15:30:00,12.739999771118164,12.760000228881836,12.729999542236328,12.75,146087
2026-08-05 15:45:00,12.770000457763672,12.770000457763672,12.729999542236328,12.75,153862
2026-08-05 16:00:00,12.760000228881836,12.779999732971191,12.75,12.770000457763672,87807
2026-08-05 16:15:00,12.760000228881836,12.760000228881836,12.739999771118164,12.760000228881836,94342
2026-08-05 16:30:00,12.770000457763672,12.770000457763672,12.739999771118164,12.760000228881836,115728
2026-08-05 16:45:00,12.770000457763672,12.779999732971191,12.75,12.779999732971191,209441
2026-08-05 17:00:00,12.800000190734863,12.8100004196167,12.760000228881836,12.779999732971191,193212
2026-08-05 17:15:00,12.8100004196167,12.8100004196167,12.770000457763672,12.800000190734863,130621
2026-08-05 17:30:00,12.819999694824219,12.819999694824219,12.789999961853027,12.800000190734863,174790
2026-08-05 17:45:00,12.800000190734863,12.819999694824219,12.779999732971191,12.800000190734863,219127
2026-08-06 09:45:00,12.819999694824219,12.819999694824219,12.819999694824219,12.819999694824219,0
2026-08-06 10:00:00,13.460000038146973,13.59000015258789,12.829999923706055,12.829999923706055,3282890
2026-08-06 10:15:00,13.359999656677246,13.470000267028809,13.260000228881836,13.460000038146973,1517162
2026-08-06 10:30:00,13.279999732971191,13.4399995803833,13.260000228881836,13.34000015258789,1076917
2026-08-06 10:45:00,13.220000267028809,13.279999732971191,13.210000038146973,13.270000457763672,285480
2026-08-06 11:00:00,13.210000038146973,13.279999732971191,13.170000076293945,13.220000267028809,381478
2026-08-06 11:15:00,13.180000305175781,13.239999771118164,13.15999984741211,13.210000038146973,424985
2026-08-06 11:30:00,13.170000076293945,13.199999809265137,13.15999984741211,13.1899995803833,275099
2026-08-06 11:45:00,13.15999984741211,13.180000305175781,13.130000114440918,13.15999984741211,191213
2026-08-06 12:00:00,13.1899995803833,13.199999809265137,13.149999618530273,13.15999984741211,157158
2026-08-06 12:15:00,13.210000038146973,13.210000038146973,13.170000076293945,13.180000305175781,191230
2026-08-06 12:30:00,13.170000076293945,13.229999542236328,13.170000076293945,13.210000038146973,126864
2026-08-06 12:45:00,13.1899995803833,13.220000267028809,13.15999984741211,13.180000305175781,146371
2026-08-06 13:00:00,13.180000305175781,13.199999809265137,13.149999618530273,13.199999809265137,134131
2026-08-06 13:15:00,13.170000076293945,13.180000305175781,13.140000343322754,13.180000305175781,63740
2026-08-06 13:30:00,13.130000114440918,13.170000076293945,13.119999885559082,13.170000076293945,166412
2026-08-06 13:45:00,13.149999618530273,13.170000076293945,13.109999656677246,13.130000114440918,207199
2026-08-06 14:00:00,13.1899995803833,13.210000038146973,13.149999618530273,13.149999618530273,176933
2026-08-06 14:15:00,13.180000305175781,13.210000038146973,13.180000305175781,13.1899995803833,71070
2026-08-06 14:30:00,13.149999618530273,13.180000305175781,13.149999618530273,13.170000076293945,86150
2026-08-06 14:45:00,13.119999885559082,13.149999618530273,13.100000381469727,13.149999618530273,363240
2026-08-06 15:00:00,13.109999656677246,13.119999885559082,13.100000381469727,13.119999885559082,73774
2026-08-06 15:15:00,13.079999923706055,13.109999656677246,13.079999923706055,13.109999656677246,81699
2026-08-06 15:30:00,13.079999923706055,13.119999885559082,13.079999923706055,13.09000015258789,62599
2026-08-06 15:45:00,13.050000190734863,13.100000381469727,13.039999961853027,13.079999923706055,165478
2026-08-06 16:00:00,13.069999694824219,13.079999923706055,13.029999732971191,13.0600004196167,219642
2026-08-06 16:15:00,13.079999923706055,13.130000114440918,13.079999923706055,13.079999923706055,390231
2026-08-06 16:30:00,13.079999923706055,13.079999923706055,13.050000190734863,13.079999923706055,146493
2026-08-06 16:45:00,13.0600004196167,13.100000381469727,13.0600004196167,13.069999694824219,111369
2026-08-06 17:00:00,13.079999923706055,13.100000381469727,13.0600004196167,13.0600004196167,103633
2026-08-06 17:15:00,13.100000381469727,13.130000114440918,13.069999694824219,13.079999923706055,129792
2026-08-06 17:30:00,13.100000381469727,13.109999656677246,13.039999961853027,13.100000381469727,299575
2026-08-06 17:45:00,13.100000381469727,13.109999656677246,13.079999923706055,13.109999656677246,206198
2026-08-07 09:45:00,13.109999656677246,13.109999656677246,13.109999656677246,13.109999656677246,0
2026-08-07 10:00:00,13.170000076293945,13.199999809265137,13.109999656677246,13.109999656677246,359486
2026-08-07 10:15:00,13.109999656677246,13.170000076293945,13.100000381469727,13.170000076293945,251618
2026-08-07 10:30:00,13.0600004196167,13.119999885559082,13.029999732971191,13.109999656677246,269723
2026-08-07 10:45:00,13.010000228881836,13.0600004196167,13.0,13.0600004196167,113101
2026-08-07 11:00:00,12.979999542236328,13.010000228881836,12.960000038146973,13.010000228881836,203795
2026-08-07 11:15:00,12.9399995803833,12.979999542236328,12.9399995803833,12.979999542236328,97788
2026-08-07 11:30:00,13.050000190734863,13.100000381469727,12.949999809265137,12.949999809265137,385639
2026-08-07 11:45:00,13.020000457763672,13.0600004196167,13.020000457763672,13.0600004196167,126211
2026-08-07 12:00:00,12.970000267028809,13.020000457763672,12.899999618530273,13.020000457763672,211309
2026-08-07 12:15:00,13.050000190734863,13.050000190734863,12.960000038146973,12.960000038146973,93363
2026-08-07 12:30:00,13.0600004196167,13.109999656677246,13.010000228881836,13.039999961853027,129533
2026-08-07 12:45:00,13.100000381469727,13.109999656677246,13.050000190734863,13.050000190734863,108651
2026-08-07 13:00:00,13.079999923706055,13.100000381469727,13.069999694824219,13.100000381469727,52242
2026-08-07 13:15:00,13.0600004196167,13.09000015258789,13.0600004196167,13.079999923706055,33797
2026-08-07 13:30:00,13.050000190734863,13.069999694824219,13.050000190734863,13.0600004196167,28416
2026-08-07 13:45:00,13.050000190734863,13.079999923706055,13.050000190734863,13.0600004196167,40579
2026-08-07 14:00:00,13.069999694824219,13.079999923706055,13.050000190734863,13.069999694824219,111502
2026-08-07 14:15:00,13.0600004196167,13.069999694824219,13.050000190734863,13.069999694824219,45870
2026-08-07 14:30:00,13.050000190734863,13.069999694824219,13.039999961853027,13.0600004196167,71666
2026-08-07 14:45:00,13.069999694824219,13.079999923706055,13.0600004196167,13.0600004196167,102154
2026-08-07 15:00:00,13.0600004196167,13.069999694824219,13.050000190734863,13.069999694824219,37673
2026-08-07 15:15:00,13.069999694824219,13.079999923706055,13.050000190734863,13.0600004196167,47659
2026-08-07 15:30:00,13.109999656677246,13.109999656677246,13.0600004196167,13.079999923706055,139293
2026-08-07 15:45:00,13.0600004196167,13.119999885559082,13.0600004196167,13.109999656677246,52020
2026-08-07 16:00:00,13.069999694824219,13.079999923706055,13.050000190734863,13.069999694824219,67837
2026-08-07 16:15:00,13.0600004196167,13.079999923706055,13.050000190734863,13.069999694824219,40427
2026-08-07 16:30:00,13.0600004196167,13.069999694824219,13.029999732971191,13.0600004196167,81280
2026-08-07 16:45:00,13.0600004196167,13.079999923706055,13.039999961853027,13.050000190734863,129427
2026-08-07 17:00:00,13.029999732971191,13.069999694824219,13.020000457763672,13.0600004196167,38750
2026-08-07 17:15:00,13.069999694824219,13.069999694824219,13.029999732971191,13.029999732971191,41165
2026-08-07 17:30:00,13.09000015258789,13.100000381469727,13.050000190734863,13.0600004196167,147189
2026-08-07 17:45:00,13.079999923706055,13.109999656677246,13.069999694824219,13.09000015258789,193385
2026-08-10 09:45:00,13.239999771118164,13.239999771118164,13.239999771118164,13.239999771118164,0
2026-08-10 10:00:00,13.199999809265137,13.300000190734863,13.170000076293945,13.239999771118164,691140
2026-08-10 10:15:00,13.220000267028809,13.239999771118164,13.170000076293945,13.210000038146973,487828
2026-08-10 10:30:00,13.170000076293945,13.229999542236328,13.15999984741211,13.220000267028809,163697
2026-08-10 10:45:00,13.15999984741211,13.180000305175781,13.140000343322754,13.15999984741211,103230
2026-08-10 11:00:00,13.180000305175781,13.180000305175781,13.130000114440918,13.15999984741211,143209
2026-08-10 11:15:00,13.260000228881836,13.260000228881836,13.15999984741211,13.170000076293945,228903
2026-08-10 11:30:00,13.399999618530273,13.430000305175781,13.229999542236328,13.25,833487
2026-08-10 11:45:00,13.399999618530273,13.449999809265137,13.359999656677246,13.399999618530273,450049
2026-08-10 12:00:00,13.470000267028809,13.619999885559082,13.390000343322754,13.399999618530273,694409
2026-08-10 12:15:00,13.449999809265137,13.5,13.430000305175781,13.470000267028809,119166
2026-08-10 12:30:00,13.40999984741211,13.460000038146973,13.40999984741211,13.449999809265137,108304
2026-08-10 12:45:00,13.460000038146973,13.479999542236328,13.40999984741211,13.40999984741211,150915
2026-08-10 13:00:00,13.40999984741211,13.470000267028809,13.399999618530273,13.470000267028809,115688
2026-08-10 13:15:00,13.430000305175781,13.460000038146973,13.359999656677246,13.40999984741211,303406
2026-08-10 13:30:00,13.420000076293945,13.460000038146973,13.40999984741211,13.430000305175781,171344
2026-08-10 13:45:00,13.449999809265137,13.460000038146973,13.390000343322754,13.420000076293945,135062
2026-08-10 14:00:00,13.5,13.529999732971191,13.449999809265137,13.449999809265137,266879
2026-08-10 14:15:00,13.5,13.5,13.470000267028809,13.5,92818
2026-08-10 14:30:00,13.460000038146973,13.5,13.4399995803833,13.489999771118164,72946
2026-08-10 14:45:00,13.539999961853027,13.579999923706055,13.460000038146973,13.460000038146973,510785
2026-08-10 15:00:00,13.489999771118164,13.59000015258789,13.460000038146973,13.529999732971191,355046
2026-08-10 15:15:00,13.479999542236328,13.489999771118164,13.470000267028809,13.479999542236328,150717
2026-08-10 15:30:00,13.5,13.529999732971191,13.489999771118164,13.489999771118164,66135
2026-08-10 15:45:00,13.5,13.520000457763672,13.479999542236328,13.510000228881836,68755
2026-08-10 16:00:00,13.479999542236328,13.569999694824219,13.479999542236328,13.489999771118164,171863
2026-08-10 16:15:00,13.449999809265137,13.520000457763672,13.4399995803833,13.489999771118164,186689
2026-08-10 16:30:00,13.399999618530273,13.449999809265137,13.390000343322754,13.449999809265137,136126
2026-08-10 16:45:00,13.369999885559082,13.399999618530273,13.359999656677246,13.390000343322754,173399
2026-08-10 17:00:00,13.399999618530273,13.399999618530273,13.359999656677246,13.380000114440918,88516
2026-08-10 17:15:00,13.359999656677246,13.399999618530273,13.350000381469727,13.399999618530273,223923
2026-08-10 17:30:00,13.399999618530273,13.420000076293945,13.350000381469727,13.359999656677246,461344
2026-08-10 17:45:00,13.319999694824219,13.399999618530273,13.3100004196167,13.399999618530273,349574
2026-08-11 09:45:00,13.34000015258789,13.34000015258789,13.34000015258789,13.34000015258789,0
2026-08-11 10:00:00,13.130000114440918,13.390000343322754,13.119999885559082,13.34000015258789,651374
2026-08-11 10:15:00,13.09000015258789,13.140000343322754,13.050000190734863,13.130000114440918,730854
2026-08-11 10:30:00,13.039999961853027,13.09000015258789,13.0,13.09000015258789,320926
2026-08-11 10:45:00,13.029999732971191,13.069999694824219,12.970000267028809,13.039999961853027,289280
2026-08-11 11:00:00,12.960000038146973,13.029999732971191,12.960000038146973,13.029999732971191,163298
2026-08-11 11:15:00,12.979999542236328,12.979999542236328,12.9399995803833,12.970000267028809,117517
2026-08-11 11:30:00,12.989999771118164,12.989999771118164,12.960000038146973,12.970000267028809,66872
2026-08-11 11:45:00,13.0,13.020000457763672,12.979999542236328,12.989999771118164,46722
2026-08-11 12:00:00,12.9399995803833,13.0,12.930000305175781,13.0,150660
2026-08-11 12:15:00,12.9399995803833,12.960000038146973,12.899999618530273,12.9399995803833,200227
2026-08-11 12:30:00,12.9399995803833,12.970000267028809,12.930000305175781,12.9399995803833,230975
2026-08-11 12:45:00,12.9399995803833,12.960000038146973,12.930000305175781,12.9399995803833,177147
2026-08-11 13:00:00,12.930000305175781,12.9399995803833,12.90999984741211,12.9399995803833,246305
2026-08-11 13:15:00,12.960000038146973,12.960000038146973,12.930000305175781,12.930000305175781,101589
2026-08-11 13:30:00,12.930000305175781,12.960000038146973,12.930000305175781,12.960000038146973,54660
2026-08-11 13:45:00,12.960000038146973,12.960000038146973,12.930000305175781,12.9399995803833,108174
2026-08-11 14:00:00,12.970000267028809,12.979999542236328,12.9399995803833,12.960000038146973,69240
2026-08-11 14:15:00,12.949999809265137,12.979999542236328,12.930000305175781,12.970000267028809,94634
2026-08-11 14:30:00,12.979999542236328,12.989999771118164,12.960000038146973,12.960000038146973,185122
2026-08-11 14:45:00,12.970000267028809,12.979999542236328,12.9399995803833,12.979999542236328,47504
2026-08-11 15:00:00,12.989999771118164,13.0,12.960000038146973,12.960000038146973,58308
2026-08-11 15:15:00,13.010000228881836,13.010000228881836,12.970000267028809,13.0,88546
2026-08-11 15:30:00,13.010000228881836,13.020000457763672,13.010000228881836,13.010000228881836,63195
2026-08-11 15:45:00,13.029999732971191,13.050000190734863,12.989999771118164,13.020000457763672,316970
2026-08-11 16:00:00,13.029999732971191,13.050000190734863,13.029999732971191,13.039999961853027,103654
2026-08-11 16:15:00,13.039999961853027,13.039999961853027,13.0,13.029999732971191,169173
2026-08-11 16:30:00,13.029999732971191,13.0600004196167,13.020000457763672,13.039999961853027,137936
2026-08-11 16:45:00,13.010000228881836,13.039999961853027,13.010000228881836,13.039999961853027,50599
2026-08-11 17:00:00,12.989999771118164,13.010000228881836,12.979999542236328,13.0,90906
2026-08-11 17:15:00,12.989999771118164,13.0,12.970000267028809,12.989999771118164,88024
2026-08-11 17:30:00,12.970000267028809,13.0,12.960000038146973,12.979999542236328,45865
2026-08-11 17:45:00,12.970000267028809,12.989999771118164,12.920000076293945,12.970000267028809,302438
2026-08-12 09:45:00,12.979999542236328,12.979999542236328,12.979999542236328,12.979999542236328,0
2026-08-12 10:00:00,12.960000038146973,13.010000228881836,12.949999809265137,12.979999542236328,342296
2026-08-12 10:15:00,12.949999809265137,12.979999542236328,12.9399995803833,12.970000267028809,333174
2026-08-12 10:30:00,12.930000305175781,12.949999809265137,12.880000114440918,12.9399995803833,378273
2026-08-12 10:45:00,12.920000076293945,12.9399995803833,12.899999618530273,12.9399995803833,146920
2026-08-12 11:00:00,12.899999618530273,12.930000305175781,12.880000114440918,12.920000076293945,205156
2026-08-12 11:15:00,12.890000343322754,12.920000076293945,12.869999885559082,12.90999984741211,245058
2026-08-12 11:30:00,12.850000381469727,12.890000343322754,12.84000015258789,12.890000343322754,269452
2026-08-12 11:45:00,12.859999656677246,12.880000114440918,12.84000015258789,12.859999656677246,189300
2026-08-12 12:00:00,12.869999885559082,12.880000114440918,12.859999656677246,12.859999656677246,115030
2026-08-12 12:15:00,12.90999984741211,12.90999984741211,12.850000381469727,12.869999885559082,144908
2026-08-12 12:30:00,12.899999618530273,12.920000076293945,12.890000343322754,12.90999984741211,82722
2026-08-12 12:45:00,12.899999618530273,12.920000076293945,12.890000343322754,12.899999618530273,96213
2026-08-12 13:00:00,12.920000076293945,12.9399995803833,12.899999618530273,12.899999618530273,206810
2026-08-12 13:15:00,12.930000305175781,12.970000267028809,12.90999984741211,12.90999984741211,365304
2026-08-12 13:30:00,12.930000305175781,12.9399995803833,12.880000114440918,12.930000305175781,199517
2026-08-12 13:45:00,12.90999984741211,12.949999809265137,12.890000343322754,12.920000076293945,133700
2026-08-12 14:00:00,12.899999618530273,12.90999984741211,12.890000343322754,12.90999984741211,130687
2026-08-12 14:15:00,12.899999618530273,12.90999984741211,12.890000343322754,12.90999984741211,50086
2026-08-12 14:30:00,12.890000343322754,12.920000076293945,12.850000381469727,12.899999618530273,445181
2026-08-12 14:45:00,12.920000076293945,12.930000305175781,12.899999618530273,12.899999618530273,304212
2026-08-12 15:00:00,12.989999771118164,12.989999771118164,12.920000076293945,12.920000076293945,265681
2026-08-12 15:15:00,12.989999771118164,13.050000190734863,12.970000267028809,12.989999771118164,416412
2026-08-12 15:30:00,12.989999771118164,13.0,12.930000305175781,12.989999771118164,417685
2026-08-12 15:45:00,12.960000038146973,12.989999771118164,12.949999809265137,12.989999771118164,72675
2026-08-12 16:00:00,12.989999771118164,13.0,12.949999809265137,12.960000038146973,148849
2026-08-12 16:15:00,12.960000038146973,13.0,12.960000038146973,12.989999771118164,63325
2026-08-12 16:30:00,12.960000038146973,12.979999542236328,12.949999809265137,12.970000267028809,245878
2026-08-12 16:45:00,12.989999771118164,13.029999732971191,12.90999984741211,12.960000038146973,964002
2026-08-12 17:00:00,12.989999771118164,13.020000457763672,12.960000038146973,13.0,231957
2026-08-12 17:15:00,12.989999771118164,13.0,12.979999542236328,12.979999542236328,100439
2026-08-12 17:30:00,13.029999732971191,13.039999961853027,12.989999771118164,12.989999771118164,245857
2026-08-12 17:45:00,13.020000457763672,13.039999961853027,12.989999771118164,13.039999961853027,280844
2026-08-13 09:45:00,13.029999732971191,13.029999732971191,13.029999732971191,13.029999732971191,0
2026-08-13 10:00:00,13.0600004196167,13.09000015258789,13.020000457763672,13.039999961853027,576221
2026-08-13 10:15:00,13.109999656677246,13.119999885559082,13.039999961853027,13.069999694824219,264544
2026-08-13 10:30:00,13.09000015258789,13.109999656677246,13.069999694824219,13.109999656677246,185125
2026-08-13 10:45:00,13.039999961853027,13.130000114440918,13.039999961853027,13.09000015258789,412181
2026-08-13 11:00:00,13.079999923706055,13.1899995803833,13.0,13.029999732971191,366406
2026-08-13 11:15:00,13.029999732971191,13.079999923706055,12.989999771118164,13.069999694824219,199487
2026-08-13 11:30:00,13.050000190734863,13.069999694824219,13.010000228881836,13.039999961853027,243628
2026-08-13 11:45:00,13.020000457763672,13.119999885559082,13.010000228881836,13.050000190734863,243519
2026-08-13 12:00:00,13.020000457763672,13.079999923706055,13.0,13.020000457763672,87930
2026-08-13 12:15:00,13.029999732971191,13.039999961853027,13.0,13.020000457763672,87446
2026-08-13 12:30:00,13.0,13.029999732971191,12.989999771118164,13.010000228881836,50429
2026-08-13 12:45:00,12.989999771118164,13.010000228881836,12.989999771118164,13.0,59214
2026-08-13 13:00:00,12.979999542236328,13.010000228881836,12.960000038146973,13.0,97649
2026-08-13 13:15:00,12.979999542236328,12.989999771118164,12.960000038146973,12.970000267028809,34522
2026-08-13 13:30:00,12.970000267028809,13.0,12.960000038146973,12.979999542236328,94924
2026-08-13 13:45:00,12.949999809265137,12.979999542236328,12.949999809265137,12.979999542236328,135115
2026-08-13 14:00:00,12.970000267028809,12.979999542236328,12.9399995803833,12.949999809265137,87897
2026-08-13 14:15:00,12.970000267028809,13.020000457763672,12.960000038146973,12.979999542236328,215416
2026-08-13 14:30:00,12.970000267028809,13.0,12.949999809265137,12.979999542236328,210826
2026-08-13 14:45:00,12.949999809265137,12.970000267028809,12.899999618530273,12.970000267028809,287649
2026-08-13 15:00:00,12.970000267028809,12.979999542236328,12.960000038146973,12.960000038146973,140549
2026-08-13 15:15:00,12.930000305175781,12.970000267028809,12.920000076293945,12.970000267028809,112505
2026-08-13 15:30:00,12.9399995803833,12.949999809265137,12.920000076293945,12.9399995803833,103139
2026-08-13 15:45:00,12.930000305175781,12.949999809265137,12.920000076293945,12.930000305175781,193778
2026-08-13 16:00:00,12.949999809265137,12.960000038146973,12.90999984741211,12.930000305175781,281692
2026-08-13 16:15:00,12.920000076293945,12.960000038146973,12.920000076293945,12.960000038146973,175677
2026-08-13 16:30:00,12.90999984741211,12.930000305175781,12.899999618530273,12.920000076293945,207492
2026-08-13 16:45:00,12.869999885559082,12.90999984741211,12.850000381469727,12.899999618530273,356332
2026-08-13 17:00:00,13.050000190734863,13.149999618530273,12.880000114440918,12.880000114440918,1138261
2026-08-13 17:15:00,13.029999732971191,13.0600004196167,13.010000228881836,13.050000190734863,163343
2026-08-13 17:30:00,13.010000228881836,13.029999732971191,12.989999771118164,13.029999732971191,122680
2026-08-13 17:45:00,13.289999961853027,13.300000190734863,12.989999771118164,13.010000228881836,989056
2026-08-14 09:45:00,13.270000457763672,13.270000457763672,13.270000457763672,13.270000457763672,0
2026-08-14 10:00:00,13.210000038146973,13.300000190734863,13.1899995803833,13.279999732971191,456848
2026-08-14 10:15:00,13.199999809265137,13.260000228881836,13.199999809265137,13.220000267028809,296793
2026-08-14 10:30:00,13.199999809265137,13.210000038146973,13.170000076293945,13.199999809265137,157155
2026-08-14 10:45:00,13.199999809265137,13.210000038146973,13.1899995803833,13.199999809265137,50837
2026-08-14 11:00:00,13.199999809265137,13.210000038146973,13.170000076293945,13.199999809265137,93192
2026-08-14 11:15:00,13.279999732971191,13.420000076293945,13.180000305175781,13.199999809265137,870282
2026-08-14 11:30:00,13.210000038146973,13.270000457763672,13.199999809265137,13.270000457763672,225399
2026-08-14 11:45:00,13.65999984741211,13.65999984741211,13.210000038146973,13.220000267028809,2561402
2026-08-14 12:00:00,13.739999771118164,13.899999618530273,13.5,13.630000114440918,2001926
2026-08-14 12:15:00,13.680000305175781,13.739999771118164,13.640000343322754,13.739999771118164,714940
2026-08-14 12:30:00,13.59000015258789,13.6899995803833,13.460000038146973,13.680000305175781,634194
2026-08-14 12:45:00,13.75,13.829999923706055,13.5600004196167,13.59000015258789,703811
2026-08-14 13:00:00,13.670000076293945,13.75,13.649999618530273,13.75,242728
2026-08-14 13:15:00,13.710000038146973,13.720000267028809,13.640000343322754,13.680000305175781,135424
2026-08-14 13:30:00,13.680000305175781,13.739999771118164,13.640000343322754,13.710000038146973,223084
2026-08-14 13:45:00,13.680000305175781,13.710000038146973,13.670000076293945,13.680000305175781,164176
2026-08-14 14:00:00,13.630000114440918,13.680000305175781,13.609999656677246,13.680000305175781,155244
2026-08-14 14:15:00,13.630000114440918,13.649999618530273,13.619999885559082,13.649999618530273,71681
2026-08-14 14:30:00,13.630000114440918,13.649999618530273,13.619999885559082,13.619999885559082,100132
2026-08-14 14:45:00,13.600000381469727,13.630000114440918,13.569999694824219,13.619999885559082,251621
2026-08-14 15:00:00,13.59000015258789,13.609999656677246,13.579999923706055,13.609999656677246,224441
2026-08-14 15:15:00,13.550000190734863,13.600000381469727,13.550000190734863,13.59000015258789,202023
2026-08-14 15:30:00,13.550000190734863,13.619999885559082,13.520000457763672,13.550000190734863,231483
2026-08-14 15:45:00,13.539999961853027,13.5600004196167,13.520000457763672,13.5600004196167,113021
2026-08-14 16:00:00,13.550000190734863,13.550000190734863,13.510000228881836,13.529999732971191,99732
2026-08-14 16:15:00,13.5600004196167,13.5600004196167,13.520000457763672,13.550000190734863,156488
2026-08-14 16:30:00,13.539999961853027,13.5600004196167,13.539999961853027,13.550000190734863,121157
2026-08-14 16:45:00,13.539999961853027,13.550000190734863,13.529999732971191,13.539999961853027,41289
2026-08-14 17:00:00,13.520000457763672,13.550000190734863,13.479999542236328,13.550000190734863,258889
2026-08-14 17:15:00,13.510000228881836,13.550000190734863,13.5,13.529999732971191,183567
2026-08-14 17:30:00,13.5,13.510000228881836,13.460000038146973,13.5,224856
2026-08-14 17:45:00,13.479999542236328,13.550000190734863,13.470000267028809,13.510000228881836,376677
2026-08-17 09:45:00,13.600000381469727,13.600000381469727,13.600000381469727,13.600000381469727,0
2026-08-17 10:00:00,13.470000267028809,13.609999656677246,13.420000076293945,13.600000381469727,526409
2026-08-17 10:15:00,13.470000267028809,13.529999732971191,13.470000267028809,13.470000267028809,321498
2026-08-17 10:30:00,13.449999809265137,13.479999542236328,13.399999618530273,13.479999542236328,432897
2026-08-17 10:45:00,13.40999984741211,13.449999809265137,13.359999656677246,13.449999809265137,338447
2026-08-17 11:00:00,13.399999618530273,13.40999984741211,13.350000381469727,13.40999984741211,161615
2026-08-17 11:15:00,13.369999885559082,13.40999984741211,13.34000015258789,13.399999618530273,172036
2026-08-17 11:30:00,13.329999923706055,13.40999984741211,13.3100004196167,13.369999885559082,411331
2026-08-17 11:45:00,13.289999961853027,13.319999694824219,13.279999732971191,13.319999694824219,191916
2026-08-17 12:00:00,13.300000190734863,13.3100004196167,13.279999732971191,13.300000190734863,147040
2026-08-17 12:15:00,13.289999961853027,13.300000190734863,13.279999732971191,13.289999961853027,85020
2026-08-17 12:30:00,13.199999809265137,13.289999961853027,13.180000305175781,13.289999961853027,515299
2026-08-17 12:45:00,13.199999809265137,13.210000038146973,13.170000076293945,13.210000038146973,269573
2026-08-17 13:00:00,13.210000038146973,13.220000267028809,13.1899995803833,13.199999809265137,204673
2026-08-17 13:15:00,13.239999771118164,13.239999771118164,13.210000038146973,13.220000267028809,74195
2026-08-17 13:30:00,13.199999809265137,13.239999771118164,13.199999809265137,13.239999771118164,169513
2026-08-17 13:45:00,13.220000267028809,13.239999771118164,13.199999809265137,13.210000038146973,117678
2026-08-17 14:00:00,13.210000038146973,13.229999542236328,13.199999809265137,13.210000038146973,68298
2026-08-17 14:15:00,13.1899995803833,13.220000267028809,13.1899995803833,13.220000267028809,182985
2026-08-17 14:30:00,13.1899995803833,13.210000038146973,13.180000305175781,13.199999809265137,125376
2026-08-17 14:45:00,13.199999809265137,13.199999809265137,13.180000305175781,13.1899995803833,106926
2026-08-17 15:00:00,13.15999984741211,13.1899995803833,13.149999618530273,13.1899995803833,215686
2026-08-17 15:15:00,13.170000076293945,13.180000305175781,13.149999618530273,13.170000076293945,160847
2026-08-17 15:30:00,13.180000305175781,13.180000305175781,13.149999618530273,13.170000076293945,56655
2026-08-17 15:45:00,13.170000076293945,13.180000305175781,13.15999984741211,13.180000305175781,60766
2026-08-17 16:00:00,13.15999984741211,13.15999984741211,13.140000343322754,13.15999984741211,60328
2026-08-17 16:15:00,13.170000076293945,13.180000305175781,13.140000343322754,13.170000076293945,70032
2026-08-17 16:30:00,13.170000076293945,13.180000305175781,13.15999984741211,13.170000076293945,45738
2026-08-17 16:45:00,13.180000305175781,13.180000305175781,13.15999984741211,13.170000076293945,68804
2026-08-17 17:00:00,13.170000076293945,13.180000305175781,13.15999984741211,13.180000305175781,123081
2026-08-17 17:15:00,13.270000457763672,13.279999732971191,13.140000343322754,13.180000305175781,537592
2026-08-17 17:30:00,13.229999542236328,13.489999771118164,13.229999542236328,13.279999732971191,969100
2026-08-17 17:45:00,13.359999656677246,13.550000190734863,13.220000267028809,13.229999542236328,1091074
2026-08-18 09:45:00,13.34000015258789,13.34000015258789,13.34000015258789,13.34000015258789,0
2026-08-18 10:00:00,13.270000457763672,13.40999984741211,13.229999542236328,13.34000015258789,311847
2026-08-18 10:15:00,13.270000457763672,13.289999961853027,13.220000267028809,13.260000228881836,184356
2026-08-18 10:30:00,13.369999885559082,13.5600004196167,13.260000228881836,13.279999732971191,874085
2026-08-18 10:45:00,13.350000381469727,13.380000114440918,13.300000190734863,13.359999656677246,285287
2026-08-18 11:00:00,13.3100004196167,13.369999885559082,13.300000190734863,13.350000381469727,146874
2026-08-18 11:15:00,13.279999732971191,13.319999694824219,13.270000457763672,13.3100004196167,127610
2026-08-18 11:30:00,13.260000228881836,13.3100004196167,13.260000228881836,13.279999732971191,92330
2026-08-18 11:45:00,13.25,13.289999961853027,13.239999771118164,13.260000228881836,136935
2026-08-18 12:00:00,13.300000190734863,13.34000015258789,13.25,13.260000228881836,125999
2026-08-18 12:15:00,13.3100004196167,13.359999656677246,13.279999732971191,13.300000190734863,83081
2026-08-18 12:30:00,13.350000381469727,13.359999656677246,13.300000190734863,13.319999694824219,44465
2026-08-18 12:45:00,13.350000381469727,13.369999885559082,13.319999694824219,13.350000381469727,196343
2026-08-18 13:00:00,13.380000114440918,13.479999542236328,13.350000381469727,13.350000381469727,276445
2026-08-18 13:15:00,13.420000076293945,13.460000038146973,13.390000343322754,13.390000343322754,244425
2026-08-18 13:30:00,13.390000343322754,13.430000305175781,13.390000343322754,13.430000305175781,82749
2026-08-18 13:45:00,13.390000343322754,13.420000076293945,13.380000114440918,13.390000343322754,67167
2026-08-18 14:00:00,13.430000305175781,13.430000305175781,13.369999885559082,13.390000343322754,75147
2026-08-18 14:15:00,13.420000076293945,13.449999809265137,13.40999984741211,13.430000305175781,78046
2026-08-18 14:30:00,13.40999984741211,13.40999984741211,13.369999885559082,13.40999984741211,152446
2026-08-18 14:45:00,13.380000114440918,13.40999984741211,13.380000114440918,13.40999984741211,79218
2026-08-18 15:00:00,13.34000015258789,13.380000114440918,13.300000190734863,13.380000114440918,95073
2026-08-18 15:15:00,13.329999923706055,13.350000381469727,13.319999694824219,13.34000015258789,61625
2026-08-18 15:30:00,13.359999656677246,13.359999656677246,13.329999923706055,13.329999923706055,39024
2026-08-18 15:45:00,13.319999694824219,13.34000015258789,13.319999694824219,13.34000015258789,23974
2026-08-18 16:00:00,13.279999732971191,13.319999694824219,13.279999732971191,13.319999694824219,74137
2026-08-18 16:15:00,13.289999961853027,13.289999961853027,13.270000457763672,13.279999732971191,42867
2026-08-18 16:30:00,13.279999732971191,13.300000190734863,13.270000457763672,13.289999961853027,69021
2026-08-18 16:45:00,13.289999961853027,13.289999961853027,13.270000457763672,13.279999732971191,55851
2026-08-18 17:00:00,13.3100004196167,13.3100004196167,13.289999961853027,13.289999961853027,24185
2026-08-18 17:15:00,13.300000190734863,13.3100004196167,13.289999961853027,13.300000190734863,61664
2026-08-18 17:30:00,13.270000457763672,13.3100004196167,13.270000457763672,13.300000190734863,133512
2026-08-18 17:45:00,13.239999771118164,13.279999732971191,13.229999542236328,13.270000457763672,160775
2026-08-19 09:45:00,13.289999961853027,13.289999961853027,13.289999961853027,13.289999961853027,0
2026-08-19 10:00:00,13.25,13.289999961853027,13.239999771118164,13.289999961853027,280428
2026-08-19 10:15:00,13.279999732971191,13.319999694824219,13.260000228881836,13.260000228881836,168584
2026-08-19 10:30:00,13.329999923706055,13.399999618530273,13.279999732971191,13.279999732971191,232275
2026-08-19 10:45:00,13.3100004196167,13.359999656677246,13.3100004196167,13.319999694824219,82336
