Datetime,Close,High,Low,Open,Volume
2026-06-01 09:45:00,23.520000457763672,23.520000457763672,23.520000457763672,23.520000457763672,0
2026-06-01 10:00:00,23.18000030517578,23.520000457763672,22.979999542236328,23.520000457763672,741323
2026-06-01 10:15:00,23.100000381469727,23.239999771118164,23.059999465942383,23.18000030517578,398817
2026-06-01 10:30:00,23.040000915527344,23.100000381469727,22.979999542236328,23.100000381469727,293440
2026-06-01 10:45:00,23.079999923706055,23.079999923706055,22.979999542236328,23.020000457763672,475277
2026-06-01 11:00:00,23.040000915527344,23.1200008392334,23.040000915527344,23.059999465942383,175728
2026-06-01 11:15:00,23.059999465942383,23.059999465942383,23.020000457763672,23.059999465942383,127322
2026-06-01 11:30:00,23.059999465942383,23.079999923706055,23.020000457763672,23.059999465942383,59379
2026-06-01 11:45:00,22.979999542236328,23.059999465942383,22.959999084472656,23.040000915527344,221793
2026-06-01 12:00:00,23.020000457763672,23.040000915527344,22.959999084472656,22.959999084472656,94265
2026-06-01 12:15:00,22.979999542236328,23.020000457763672,22.959999084472656,23.0,115979
2026-06-01 12:30:00,23.020000457763672,23.040000915527344,22.979999542236328,22.979999542236328,73147
2026-06-01 12:45:00,23.219999313354492,23.260000228881836,23.0,23.020000457763672,352726
2026-06-01 13:00:00,23.100000381469727,23.360000610351562,23.079999923706055,23.219999313354492,365490
2026-06-01 13:15:00,23.079999923706055,23.100000381469727,23.040000915527344,23.100000381469727,99343
2026-06-01 13:30:00,23.079999923706055,23.139999389648438,23.059999465942383,23.059999465942383,61654
2026-06-01 13:45:00,23.079999923706055,23.1200008392334,23.059999465942383,23.100000381469727,52369
2026-06-01 14:00:00,23.079999923706055,23.200000762939453,23.059999465942383,23.079999923706055,156132
2026-06-01 14:15:00,23.079999923706055,23.079999923706055,23.059999465942383,23.079999923706055,47681
2026-06-01 14:30:00,23.059999465942383,23.1200008392334,23.059999465942383,23.079999923706055,76901
2026-06-01 14:45:00,23.020000457763672,23.079999923706055,23.0,23.079999923706055,140690
2026-06-01 15:00:00,23.020000457763672,23.040000915527344,23.0,23.020000457763672,101806
2026-06-01 15:15:00,23.0,23.020000457763672,22.979999542236328,23.020000457763672,111715
2026-06-01 15:30:00,23.100000381469727,23.100000381469727,22.979999542236328,23.020000457763672,149713
2026-06-01 15:45:00,23.059999465942383,23.100000381469727,23.040000915527344,23.100000381469727,113000
2026-06-01 16:00:00,22.8799991607666,23.100000381469727,22.81999969482422,23.040000915527344,459976
2026-06-01 16:15:00,22.68000030517578,22.959999084472656,22.68000030517578,22.8799991607666,477631
2026-06-01 16:30:00,22.639999389648438,22.700000762939453,22.6200008392334,22.700000762939453,360792
2026-06-01 16:45:00,22.459999084472656,22.719999313354492,22.440000534057617,22.639999389648438,480144
2026-06-01 17:00:00,22.639999389648438,22.639999389648438,22.420000076293945,22.459999084472656,461370
2026-06-01 17:15:00,22.65999984741211,22.68000030517578,22.579999923706055,22.639999389648438,301836
2026-06-01 17:30:00,22.600000381469727,22.68000030517578,22.600000381469727,22.65999984741211,293335
2026-06-01 17:45:00,22.5,22.6200008392334,22.5,22.600000381469727,374007
2026-06-02 09:45:00,22.559999465942383,22.559999465942383,22.559999465942383,22.559999465942383,0
2026-06-02 10:00:00,22.760000228881836,22.799999237060547,22.559999465942383,22.559999465942383,507122
2026-06-02 10:15:00,22.799999237060547,22.860000610351562,22.760000228881836,22.780000686645508,381189
2026-06-02 10:30:00,22.84000015258789,22.860000610351562,22.780000686645508,22.81999969482422,128956
2026-06-02 10:45:00,22.959999084472656,22.979999542236328,22.81999969482422,22.84000015258789,374818
2026-06-02 11:00:00,22.959999084472656,23.020000457763672,22.940000534057617,22.959999084472656,204894
2026-06-02 11:15:00,22.860000610351562,22.959999084472656,22.84000015258789,22.959999084472656,104309
2026-06-02 11:30:00,22.8799991607666,22.920000076293945,22.84000015258789,22.860000610351562,71195
2026-06-02 11:45:00,22.860000610351562,22.899999618530273,22.860000610351562,22.8799991607666,52213
2026-06-02 12:00:00,22.84000015258789,22.8799991607666,22.81999969482422,22.860000610351562,114431
2026-06-02 12:15:00,22.84000015258789,22.8799991607666,22.84000015258789,22.8799991607666,33941
2026-06-02 12:30:00,22.84000015258789,22.860000610351562,22.81999969482422,22.860000610351562,23598
2026-06-02 12:45:00,22.8799991607666,22.899999618530273,22.81999969482422,22.860000610351562,23137
2026-06-02 13:00:00,22.899999618530273,22.940000534057617,22.860000610351562,22.8799991607666,42210
2026-06-02 13:15:00,22.8799991607666,22.959999084472656,22.8799991607666,22.899999618530273,77183
2026-06-02 13:30:00,22.940000534057617,22.959999084472656,22.84000015258789,22.899999618530273,135626
2026-06-02 13:45:00,22.959999084472656,22.959999084472656,22.920000076293945,22.959999084472656,29679
2026-06-02 14:00:00,23.0,23.0,22.920000076293945,22.959999084472656,162100
2026-06-02 14:15:00,22.940000534057617,22.979999542236328,22.940000534057617,22.979999542236328,34242
2026-06-02 14:30:00,23.219999313354492,23.239999771118164,22.940000534057617,22.940000534057617,741730
2026-06-02 14:45:00,23.260000228881836,23.280000686645508,23.200000762939453,23.239999771118164,251758
2026-06-02 15:00:00,23.260000228881836,23.299999237060547,23.219999313354492,23.260000228881836,285389
2026-06-02 15:15:00,23.31999969482422,23.34000015258789,23.260000228881836,23.280000686645508,157886
2026-06-02 15:30:00,23.360000610351562,23.3799991607666,23.31999969482422,23.31999969482422,176556
2026-06-02 15:45:00,23.360000610351562,23.399999618530273,23.280000686645508,23.3799991607666,205672
2026-06-02 16:00:00,23.360000610351562,23.440000534057617,23.34000015258789,23.360000610351562,364407
2026-06-02 16:15:00,23.34000015258789,23.3799991607666,23.31999969482422,23.360000610351562,127758
2026-06-02 16:30:00,23.399999618530273,23.440000534057617,23.31999969482422,23.31999969482422,168577
2026-06-02 16:45:00,23.399999618530273,23.440000534057617,23.3799991607666,23.399999618530273,100302
2026-06-02 17:00:00,23.479999542236328,23.520000457763672,23.399999618530273,23.399999618530273,414647
2026-06-02 17:15:00,23.459999084472656,23.559999465942383,23.459999084472656,23.5,163954
2026-06-02 17:30:00,23.440000534057617,23.600000381469727,23.440000534057617,23.459999084472656,398701
2026-06-02 17:45:00,23.540000915527344,23.579999923706055,23.420000076293945,23.459999084472656,392545
2026-06-03 09:45:00,23.540000915527344,23.540000915527344,23.540000915527344,23.540000915527344,0
2026-06-03 10:00:00,23.3799991607666,23.559999465942383,23.31999969482422,23.540000915527344,552692
2026-06-03 10:15:00,23.440000534057617,23.520000457763672,23.31999969482422,23.399999618530273,319164
2026-06-03 10:30:00,23.18000030517578,23.440000534057617,23.18000030517578,23.440000534057617,267300
2026-06-03 10:45:00,23.200000762939453,23.239999771118164,23.15999984741211,23.15999984741211,108827
2026-06-03 11:00:00,23.18000030517578,23.200000762939453,23.15999984741211,23.200000762939453,94533
2026-06-03 11:15:00,23.15999984741211,23.219999313354492,23.100000381469727,23.18000030517578,178199
2026-06-03 11:30:00,23.15999984741211,23.18000030517578,23.139999389648438,23.15999984741211,63805
2026-06-03 11:45:00,23.020000457763672,23.139999389648438,22.940000534057617,23.139999389648438,467301
2026-06-03 12:00:00,22.940000534057617,23.020000457763672,22.920000076293945,23.020000457763672,226791
2026-06-03 12:15:00,22.979999542236328,22.979999542236328,22.920000076293945,22.940000534057617,65873
2026-06-03 12:30:00,23.0,23.020000457763672,22.920000076293945,22.979999542236328,126169
2026-06-03 12:45:00,22.940000534057617,23.020000457763672,22.920000076293945,23.0,101331
2026-06-03 13:00:00,23.0,23.059999465942383,22.899999618530273,22.920000076293945,177318
2026-06-03 13:15:00,23.18000030517578,23.239999771118164,22.959999084472656,23.0,548686
2026-06-03 13:30:00,23.1200008392334,23.420000076293945,23.100000381469727,23.18000030517578,572058
2026-06-03 13:45:00,23.100000381469727,23.139999389648438,23.100000381469727,23.100000381469727,21544
2026-06-03 14:00:00,23.059999465942383,23.1200008392334,23.040000915527344,23.100000381469727,35506
2026-06-03 14:15:00,23.040000915527344,23.079999923706055,23.020000457763672,23.059999465942383,101726
2026-06-03 14:30:00,23.040000915527344,23.059999465942383,23.020000457763672,23.059999465942383,58676
2026-06-03 14:45:00,23.139999389648438,23.15999984741211,23.059999465942383,23.059999465942383,136343
2026-06-03 15:00:00,23.020000457763672,23.139999389648438,22.979999542236328,23.139999389648438,178429
2026-06-03 15:15:00,22.959999084472656,23.040000915527344,22.959999084472656,23.040000915527344,115768
2026-06-03 15:30:00,23.020000457763672,23.040000915527344,22.920000076293945,22.959999084472656,159510
2026-06-03 15:45:00,22.940000534057617,23.020000457763672,22.920000076293945,23.0,81236
2026-06-03 16:00:00,22.920000076293945,22.940000534057617,22.899999618530273,22.920000076293945,172811
2026-06-03 16:15:00,22.860000610351562,22.940000534057617,22.760000228881836,22.940000534057617,488556
2026-06-03 16:30:00,22.639999389648438,22.860000610351562,22.639999389648438,22.860000610351562,944211
2026-06-03 16:45:00,22.639999389648438,22.68000030517578,22.579999923706055,22.639999389648438,228578
2026-06-03 17:00:00,22.639999389648438,22.65999984741211,22.6200008392334,22.639999389648438,141220
2026-06-03 17:15:00,22.700000762939453,22.81999969482422,22.520000457763672,22.6200008392334,715448
2026-06-03 17:30:00,22.760000228881836,22.81999969482422,22.639999389648438,22.700000762939453,301479
2026-06-03 17:45:00,22.81999969482422,22.81999969482422,22.68000030517578,22.760000228881836,325454
2026-06-04 09:45:00,22.84000015258789,22.84000015258789,22.84000015258789,22.84000015258789,0
2026-06-04 10:00:00,23.059999465942383,23.079999923706055,22.81999969482422,22.81999969482422,690577
2026-06-04 10:15:00,23.020000457763672,23.15999984741211,23.020000457763672,23.040000915527344,370625
2026-06-04 10:30:00,22.920000076293945,23.100000381469727,22.8799991607666,23.020000457763672,629793
2026-06-04 10:45:00,22.860000610351562,22.940000534057617,22.81999969482422,22.899999618530273,171174
2026-06-04 11:00:00,22.719999313354492,22.84000015258789,22.700000762939453,22.84000015258789,247380
2026-06-04 11:15:00,22.600000381469727,22.739999771118164,22.559999465942383,22.719999313354492,597172
2026-06-04 11:30:00,22.6200008392334,22.65999984741211,22.540000915527344,22.579999923706055,302849
2026-06-04 11:45:00,22.579999923706055,22.639999389648438,22.579999923706055,22.639999389648438,123359
2026-06-04 12:00:00,22.6200008392334,22.639999389648438,22.559999465942383,22.579999923706055,90723
2026-06-04 12:15:00,22.860000610351562,22.920000076293945,22.6200008392334,22.6200008392334,449140
2026-06-04 12:30:00,23.0,23.020000457763672,22.860000610351562,22.8799991607666,250992
2026-06-04 12:45:00,23.040000915527344,23.079999923706055,22.920000076293945,23.0,275243
2026-06-04 13:00:00,22.940000534057617,23.059999465942383,22.940000534057617,23.040000915527344,354769
2026-06-04 13:15:00,22.739999771118164,22.940000534057617,22.719999313354492,22.940000534057617,177009
2026-06-04 13:30:00,22.68000030517578,22.760000228881836,22.6200008392334,22.739999771118164,205141
2026-06-04 13:45:00,22.399999618530273,22.700000762939453,22.34000015258789,22.65999984741211,706097
2026-06-04 14:00:00,22.399999618530273,22.420000076293945,22.299999237060547,22.399999618530273,274134
2026-06-04 14:15:00,22.559999465942383,22.6200008392334,22.399999618530273,22.420000076293945,322359
2026-06-04 14:30:00,22.520000457763672,22.639999389648438,22.420000076293945,22.559999465942383,383139
2026-06-04 14:45:00,22.68000030517578,22.700000762939453,22.520000457763672,22.520000457763672,170207
2026-06-04 15:00:00,22.68000030517578,22.739999771118164,22.6200008392334,22.68000030517578,178379
2026-06-04 15:15:00,22.780000686645508,22.84000015258789,22.6200008392334,22.68000030517578,347888
2026-06-04 15:30:00,22.760000228881836,22.81999969482422,22.739999771118164,22.780000686645508,166295
2026-06-04 15:45:00,22.760000228881836,22.780000686645508,22.700000762939453,22.739999771118164,114915
2026-06-04 16:00:00,22.780000686645508,22.860000610351562,22.760000228881836,22.780000686645508,135636
2026-06-04 16:15:00,22.799999237060547,22.799999237060547,22.739999771118164,22.780000686645508,117006
2026-06-04 16:30:00,22.639999389648438,22.780000686645508,22.6200008392334,22.780000686645508,151577
2026-06-04 16:45:00,22.739999771118164,22.760000228881836,22.600000381469727,22.639999389648438,244582
2026-06-04 17:00:00,22.739999771118164,22.799999237060547,22.700000762939453,22.719999313354492,127327
2026-06-04 17:15:00,22.739999771118164,22.780000686645508,22.719999313354492,22.739999771118164,91712
2026-06-04 17:30:00,22.799999237060547,22.860000610351562,22.719999313354492,22.739999771118164,226537
2026-06-04 17:45:00,22.84000015258789,22.860000610351562,22.760000228881836,22.799999237060547,231375
2026-06-05 09:45:00,22.719999313354492,22.719999313354492,22.719999313354492,22.719999313354492,0
2026-06-05 10:00:00,22.760000228881836,22.8799991607666,22.600000381469727,22.719999313354492,407847
2026-06-05 10:15:00,22.5,22.760000228881836,22.479999542236328,22.760000228881836,409126
2026-06-05 10:30:00,22.479999542236328,22.600000381469727,22.459999084472656,22.5,245773
2026-06-05 10:45:00,22.559999465942383,22.600000381469727,22.459999084472656,22.459999084472656,204431
2026-06-05 11:00:00,22.440000534057617,22.600000381469727,22.399999618530273,22.559999465942383,299537
2026-06-05 11:15:00,22.5,22.520000457763672,22.420000076293945,22.440000534057617,125194
2026-06-05 11:30:00,22.5,22.520000457763672,22.5,22.520000457763672,55023
2026-06-05 11:45:00,22.459999084472656,22.520000457763672,22.459999084472656,22.5,53039
2026-06-05 12:00:00,22.479999542236328,22.479999542236328,22.399999618530273,22.459999084472656,107223
2026-06-05 12:15:00,22.479999542236328,22.479999542236328,22.440000534057617,22.459999084472656,132778
2026-06-05 12:30:00,22.479999542236328,22.5,22.459999084472656,22.479999542236328,92646
2026-06-05 12:45:00,22.479999542236328,22.5,22.459999084472656,22.479999542236328,159773
2026-06-05 13:00:00,22.399999618530273,22.479999542236328,22.399999618530273,22.479999542236328,144639
2026-06-05 13:15:00,22.440000534057617,22.440000534057617,22.399999618530273,22.399999618530273,98372
2026-06-05 13:30:00,22.459999084472656,22.459999084472656,22.420000076293945,22.440000534057617,36002
2026-06-05 13:45:00,22.440000534057617,22.5,22.420000076293945,22.459999084472656,219403
2026-06-05 14:00:00,22.399999618530273,22.459999084472656,22.399999618530273,22.459999084472656,210447
2026-06-05 14:15:00,22.34000015258789,22.440000534057617,22.280000686645508,22.420000076293945,455783
2026-06-05 14:30:00,22.280000686645508,22.34000015258789,22.219999313354492,22.299999237060547,299471
2026-06-05 14:45:00,22.139999389648438,22.280000686645508,22.139999389648438,22.280000686645508,412830
2026-06-05 15:00:00,21.8799991607666,22.18000030517578,21.84000015258789,22.15999984741211,1476133
2026-06-05 15:15:00,21.780000686645508,21.920000076293945,21.760000228881836,21.860000610351562,670313
2026-06-05 15:30:00,21.760000228881836,21.8799991607666,21.739999771118164,21.81999969482422,492527
2026-06-05 15:45:00,21.600000381469727,21.780000686645508,21.600000381469727,21.760000228881836,620773
2026-06-05 16:00:00,21.6200008392334,21.68000030517578,21.540000915527344,21.600000381469727,813550
2026-06-05 16:15:00,21.600000381469727,21.600000381469727,21.520000457763672,21.600000381469727,545634
2026-06-05 16:30:00,21.600000381469727,21.6200008392334,21.579999923706055,21.600000381469727,384393
2026-06-05 16:45:00,21.600000381469727,21.6200008392334,21.520000457763672,21.600000381469727,482056
2026-06-05 17:00:00,21.579999923706055,21.600000381469727,21.540000915527344,21.559999465942383,274259
2026-06-05 17:15:00,21.559999465942383,21.600000381469727,21.520000457763672,21.579999923706055,397667
2026-06-05 17:30:00,21.579999923706055,21.6200008392334,21.540000915527344,21.559999465942383,557006
2026-06-05 17:45:00,21.559999465942383,21.600000381469727,21.479999542236328,21.579999923706055,1091574
2026-06-08 09:45:00,21.219999313354492,21.219999313354492,21.219999313354492,21.219999313354492,0
2026-06-08 10:00:00,21.31999969482422,21.459999084472656,21.239999771118164,21.239999771118164,547976
2026-06-08 10:15:00,21.6200008392334,21.639999389648438,21.260000228881836,21.31999969482422,361699
2026-06-08 10:30:00,21.559999465942383,21.639999389648438,21.420000076293945,21.6200008392334,291819
2026-06-08 10:45:00,21.5,21.600000381469727,21.459999084472656,21.559999465942383,213101
2026-06-08 11:00:00,21.31999969482422,21.5,21.299999237060547,21.5,168070
2026-06-08 11:15:00,21.34000015258789,21.399999618530273,21.280000686645508,21.299999237060547,173754
2026-06-08 11:30:00,21.15999984741211,21.3799991607666,21.15999984741211,21.34000015258789,276487
2026-06-08 11:45:00,21.200000762939453,21.200000762939453,21.1200008392334,21.18000030517578,128972
2026-06-08 12:00:00,21.15999984741211,21.219999313354492,21.079999923706055,21.18000030517578,349776
2026-06-08 12:15:00,21.280000686645508,21.299999237060547,21.18000030517578,21.18000030517578,182774
2026-06-08 12:30:00,21.34000015258789,21.399999618530273,21.260000228881836,21.280000686645508,205928
2026-06-08 12:45:00,21.420000076293945,21.440000534057617,21.31999969482422,21.34000015258789,104521
2026-06-08 13:00:00,21.34000015258789,21.420000076293945,21.34000015258789,21.399999618530273,109540
2026-06-08 13:15:00,21.3799991607666,21.3799991607666,21.239999771118164,21.34000015258789,223775
2026-06-08 13:30:00,21.31999969482422,21.459999084472656,21.299999237060547,21.3799991607666,76247
2026-06-08 13:45:00,21.299999237060547,21.3799991607666,21.219999313354492,21.34000015258789,437921
2026-06-08 14:00:00,21.420000076293945,21.440000534057617,21.280000686645508,21.299999237060547,166849
2026-06-08 14:15:00,21.559999465942383,21.600000381469727,21.399999618530273,21.440000534057617,320913
2026-06-08 14:30:00,21.540000915527344,21.65999984741211,21.5,21.600000381469727,601492
2026-06-08 14:45:00,21.540000915527344,21.540000915527344,21.5,21.520000457763672,74182
2026-06-08 15:00:00,21.479999542236328,21.579999923706055,21.459999084472656,21.540000915527344,248058
2026-06-08 15:15:00,21.459999084472656,21.540000915527344,21.3799991607666,21.5,626416
2026-06-08 15:30:00,21.459999084472656,21.5,21.360000610351562,21.479999542236328,428166
2026-06-08 15:45:00,21.540000915527344,21.540000915527344,21.399999618530273,21.440000534057617,185504
2026-06-08 16:00:00,21.6200008392334,21.6200008392334,21.520000457763672,21.520000457763672,337317
2026-06-08 16:15:00,21.84000015258789,21.860000610351562,21.559999465942383,21.6200008392334,903291
2026-06-08 16:30:00,21.959999084472656,22.100000381469727,21.84000015258789,21.84000015258789,911838
2026-06-08 16:45:00,22.020000457763672,22.079999923706055,21.940000534057617,21.959999084472656,214833
2026-06-08 17:00:00,22.059999465942383,22.1200008392334,21.959999084472656,22.040000915527344,598115
2026-06-08 17:15:00,22.059999465942383,22.1200008392334,22.0,22.040000915527344,688466
2026-06-08 17:30:00,22.139999389648438,22.15999984741211,22.059999465942383,22.059999465942383,711961
2026-06-08 17:45:00,22.1200008392334,22.15999984741211,22.059999465942383,22.1200008392334,584829
2026-06-09 09:45:00,22.0,22.0,22.0,22.0,0
2026-06-09 10:00:00,21.860000610351562,22.079999923706055,21.860000610351562,22.020000457763672,426427
2026-06-09 10:15:00,21.760000228881836,21.8799991607666,21.739999771118164,21.860000610351562,503600
2026-06-09 10:30:00,21.799999237060547,21.81999969482422,21.719999313354492,21.760000228881836,157838
2026-06-09 10:45:00,21.760000228881836,21.899999618530273,21.760000228881836,21.81999969482422,144355
2026-06-09 11:00:00,21.84000015258789,21.8799991607666,21.700000762939453,21.739999771118164,119908
2026-06-09 11:15:00,21.979999542236328,21.979999542236328,21.760000228881836,21.860000610351562,347635
2026-06-09 11:30:00,21.979999542236328,22.059999465942383,21.899999618530273,22.0,215837
2026-06-09 11:45:00,22.040000915527344,22.100000381469727,21.959999084472656,21.959999084472656,253478
2026-06-09 12:00:00,21.959999084472656,22.100000381469727,21.959999084472656,22.040000915527344,104809
2026-06-09 12:15:00,22.100000381469727,22.15999984741211,21.979999542236328,21.979999542236328,330786
2026-06-09 12:30:00,22.079999923706055,22.139999389648438,22.040000915527344,22.1200008392334,387232
2026-06-09 12:45:00,22.1200008392334,22.139999389648438,22.059999465942383,22.079999923706055,216221
2026-06-09 13:00:00,22.200000762939453,22.200000762939453,22.079999923706055,22.100000381469727,424176
2026-06-09 13:15:00,22.139999389648438,22.280000686645508,22.100000381469727,22.200000762939453,573594
2026-06-09 13:30:00,22.100000381469727,22.15999984741211,22.079999923706055,22.139999389648438,193191
2026-06-09 13:45:00,22.059999465942383,22.139999389648438,22.040000915527344,22.100000381469727,156894
2026-06-09 14:00:00,22.020000457763672,22.040000915527344,21.979999542236328,22.040000915527344,97951
2026-06-09 14:15:00,21.899999618530273,22.020000457763672,21.8799991607666,22.0,160046
2026-06-09 14:30:00,21.799999237060547,21.899999618530273,21.780000686645508,21.899999618530273,218660
2026-06-09 14:45:00,21.719999313354492,21.799999237060547,21.719999313354492,21.799999237060547,164112
2026-06-09 15:00:00,21.760000228881836,21.799999237060547,21.68000030517578,21.719999313354492,297150
2026-06-09 15:15:00,21.700000762939453,21.81999969482422,21.700000762939453,21.780000686645508,157061
2026-06-09 15:30:00,21.68000030517578,21.739999771118164,21.65999984741211,21.700000762939453,193288
2026-06-09 15:45:00,21.579999923706055,21.719999313354492,21.559999465942383,21.700000762939453,294012
2026-06-09 16:00:00,21.600000381469727,21.639999389648438,21.559999465942383,21.579999923706055,391464
2026-06-09 16:15:00,21.65999984741211,21.700000762939453,21.600000381469727,21.600000381469727,142306
2026-06-09 16:30:00,21.34000015258789,21.700000762939453,21.31999969482422,21.65999984741211,1717767
2026-06-09 16:45:00,21.65999984741211,21.719999313354492,21.34000015258789,21.34000015258789,1968586
2026-06-09 17:00:00,21.559999465942383,21.719999313354492,21.540000915527344,21.68000030517578,373035
2026-06-09 17:15:00,21.639999389648438,21.68000030517578,21.479999542236328,21.559999465942383,315073
2026-06-09 17:30:00,21.68000030517578,21.81999969482422,21.639999389648438,21.639999389648438,771450
2026-06-09 17:45:00,21.68000030517578,21.700000762939453,21.639999389648438,21.68000030517578,392199
2026-06-10 09:45:00,21.559999465942383,21.559999465942383,21.559999465942383,21.559999465942383,0
2026-06-10 10:00:00,21.5,21.559999465942383,21.34000015258789,21.540000915527344,283858
2026-06-10 10:15:00,21.579999923706055,21.600000381469727,21.5,21.5,201298
2026-06-10 10:30:00,21.520000457763672,21.600000381469727,21.440000534057617,21.579999923706055,160012
2026-06-10 10:45:00,21.520000457763672,21.579999923706055,21.5,21.520000457763672,85960
2026-06-10 11:00:00,21.3799991607666,21.540000915527344,21.3799991607666,21.540000915527344,151205
2026-06-10 11:15:00,21.360000610351562,21.399999618530273,21.31999969482422,21.399999618530273,92519
2026-06-10 11:30:00,21.31999969482422,21.399999618530273,21.299999237060547,21.360000610351562,135693
2026-06-10 11:45:00,21.299999237060547,21.360000610351562,21.280000686645508,21.31999969482422,88136
2026-06-10 12:00:00,21.3799991607666,21.399999618530273,21.280000686645508,21.299999237060547,192528
2026-06-10 12:15:00,21.579999923706055,21.579999923706055,21.360000610351562,21.360000610351562,273788
2026-06-10 12:30:00,21.520000457763672,21.600000381469727,21.520000457763672,21.579999923706055,116094
2026-06-10 12:45:00,21.520000457763672,21.559999465942383,21.5,21.520000457763672,39681
2026-06-10 13:00:00,21.540000915527344,21.579999923706055,21.459999084472656,21.5,86296
2026-06-10 13:15:00,21.559999465942383,21.579999923706055,21.5,21.540000915527344,81582
2026-06-10 13:30:00,21.65999984741211,21.739999771118164,21.559999465942383,21.559999465942383,456687
2026-06-10 13:45:00,21.6200008392334,21.700000762939453,21.579999923706055,21.65999984741211,171926
2026-06-10 14:00:00,21.520000457763672,21.639999389648438,21.479999542236328,21.600000381469727,76051
2026-06-10 14:15:00,21.5,21.579999923706055,21.5,21.540000915527344,89772
2026-06-10 14:30:00,21.5,21.520000457763672,21.280000686645508,21.520000457763672,238665
2026-06-10 14:45:00,21.520000457763672,21.559999465942383,21.5,21.5,40782
2026-06-10 15:00:00,21.559999465942383,21.600000381469727,21.5,21.520000457763672,54004
2026-06-10 15:15:00,21.600000381469727,21.639999389648438,21.559999465942383,21.579999923706055,53618
2026-06-10 15:30:00,21.65999984741211,21.739999771118164,21.6200008392334,21.6200008392334,489321
2026-06-10 15:45:00,21.600000381469727,21.700000762939453,21.600000381469727,21.65999984741211,103662
2026-06-10 16:00:00,21.600000381469727,21.6200008392334,21.559999465942383,21.600000381469727,94278
2026-06-10 16:15:00,21.68000030517578,21.68000030517578,21.579999923706055,21.579999923706055,77059
2026-06-10 16:30:00,21.799999237060547,21.799999237060547,21.639999389648438,21.68000030517578,206208
2026-06-10 16:45:00,21.84000015258789,21.940000534057617,21.780000686645508,21.799999237060547,1027887
2026-06-10 17:00:00,21.760000228881836,21.8799991607666,21.760000228881836,21.860000610351562,194543
2026-06-10 17:15:00,21.719999313354492,21.84000015258789,21.700000762939453,21.760000228881836,337944
2026-06-10 17:30:00,21.84000015258789,21.860000610351562,21.719999313354492,21.719999313354492,145264
2026-06-10 17:45:00,21.760000228881836,21.84000015258789,21.760000228881836,21.84000015258789,170237
2026-06-11 09:45:00,21.760000228881836,21.760000228881836,21.760000228881836,21.760000228881836,0
2026-06-11 10:00:00,21.920000076293945,22.0,21.780000686645508,21.780000686645508,530926
2026-06-11 10:15:00,21.979999542236328,22.020000457763672,21.899999618530273,21.940000534057617,277199
2026-06-11 10:30:00,21.959999084472656,22.040000915527344,21.959999084472656,21.979999542236328,254616
2026-06-11 10:45:00,21.979999542236328,21.979999542236328,21.940000534057617,21.959999084472656,59212
2026-06-11 11:00:00,21.959999084472656,21.979999542236328,21.899999618530273,21.979999542236328,73743
2026-06-11 11:15:00,21.940000534057617,21.979999542236328,21.940000534057617,21.959999084472656,74408
2026-06-11 11:30:00,21.940000534057617,21.979999542236328,21.940000534057617,21.959999084472656,55186
2026-06-11 11:45:00,21.8799991607666,21.979999542236328,21.8799991607666,21.940000534057617,128853
2026-06-11 12:00:00,21.920000076293945,21.940000534057617,21.860000610351562,21.8799991607666,136136
2026-06-11 12:15:00,21.799999237060547,21.920000076293945,21.799999237060547,21.899999618530273,206775
2026-06-11 12:30:00,21.780000686645508,21.799999237060547,21.760000228881836,21.780000686645508,51575
2026-06-11 12:45:00,21.799999237060547,21.81999969482422,21.760000228881836,21.780000686645508,53930
2026-06-11 13:00:00,21.739999771118164,21.81999969482422,21.739999771118164,21.780000686645508,48393
2026-06-11 13:15:00,21.780000686645508,21.81999969482422,21.739999771118164,21.739999771118164,58994
2026-06-11 13:30:00,21.799999237060547,21.81999969482422,21.760000228881836,21.760000228881836,17774
2026-06-11 13:45:00,21.600000381469727,21.81999969482422,21.559999465942383,21.799999237060547,441363
2026-06-11 14:00:00,21.6200008392334,21.68000030517578,21.559999465942383,21.579999923706055,282311
2026-06-11 14:15:00,21.780000686645508,21.780000686645508,21.600000381469727,21.6200008392334,232268
2026-06-11 14:30:00,21.6200008392334,21.81999969482422,21.600000381469727,21.760000228881836,255089
2026-06-11 14:45:00,21.579999923706055,21.6200008392334,21.559999465942383,21.600000381469727,220860
2026-06-11 15:00:00,21.600000381469727,21.65999984741211,21.559999465942383,21.579999923706055,220399
2026-06-11 15:15:00,21.600000381469727,21.65999984741211,21.5,21.600000381469727,392088
2026-06-11 15:30:00,21.360000610351562,21.6200008392334,21.34000015258789,21.600000381469727,976781
2026-06-11 15:45:00,21.399999618530273,21.5,21.34000015258789,21.34000015258789,324340
2026-06-11 16:00:00,21.600000381469727,21.6200008392334,21.360000610351562,21.399999618530273,492356
2026-06-11 16:15:00,21.520000457763672,21.6200008392334,21.479999542236328,21.600000381469727,279601
2026-06-11 16:30:00,21.639999389648438,21.700000762939453,21.5,21.5,344162
2026-06-11 16:45:00,21.760000228881836,21.8799991607666,21.6200008392334,21.6200008392334,673321
2026-06-11 17:00:00,21.739999771118164,21.84000015258789,21.739999771118164,21.760000228881836,372673
2026-06-11 17:15:00,21.739999771118164,21.799999237060547,21.700000762939453,21.719999313354492,228455
2026-06-11 17:30:00,21.920000076293945,21.959999084472656,21.700000762939453,21.739999771118164,600730
2026-06-11 17:45:00,21.979999542236328,22.020000457763672,21.8799991607666,21.920000076293945,1032404
2026-06-12 09:45:00,22.139999389648438,22.139999389648438,22.139999389648438,22.139999389648438,0
2026-06-12 10:00:00,22.040000915527344,22.260000228881836,22.040000915527344,22.139999389648438,483942
2026-06-12 10:15:00,21.940000534057617,22.079999923706055,21.940000534057617,22.059999465942383,371031
2026-06-12 10:30:00,21.959999084472656,22.0,21.940000534057617,21.959999084472656,176173
2026-06-12 10:45:00,21.940000534057617,21.979999542236328,21.920000076293945,21.940000534057617,78646
2026-06-12 11:00:00,22.299999237060547,22.299999237060547,21.940000534057617,21.959999084472656,1021633
2026-06-12 11:15:00,22.200000762939453,22.31999969482422,22.1200008392334,22.299999237060547,771387
2026-06-12 11:30:00,22.1200008392334,22.200000762939453,22.0,22.200000762939453,741083
2026-06-12 11:45:00,22.100000381469727,22.139999389648438,22.059999465942383,22.139999389648438,504916
2026-06-12 12:00:00,22.420000076293945,22.479999542236328,22.100000381469727,22.1200008392334,1571832
2026-06-12 12:15:00,22.360000610351562,22.440000534057617,22.299999237060547,22.399999618530273,414227
2026-06-12 12:30:00,22.299999237060547,22.360000610351562,22.280000686645508,22.34000015258789,121435
2026-06-12 12:45:00,22.18000030517578,22.31999969482422,22.1200008392334,22.299999237060547,375376
2026-06-12 13:00:00,22.219999313354492,22.280000686645508,22.18000030517578,22.200000762939453,131035
2026-06-12 13:15:00,22.059999465942383,22.260000228881836,22.059999465942383,22.219999313354492,288362
2026-06-12 13:30:00,22.18000030517578,22.31999969482422,22.059999465942383,22.059999465942383,248396
2026-06-12 13:45:00,22.18000030517578,22.239999771118164,22.139999389648438,22.15999984741211,111498
2026-06-12 14:00:00,22.260000228881836,22.34000015258789,22.15999984741211,22.18000030517578,136714
2026-06-12 14:15:00,22.219999313354492,22.260000228881836,22.200000762939453,22.260000228881836,132196
2026-06-12 14:30:00,22.18000030517578,22.219999313354492,22.0,22.219999313354492,492258
2026-06-12 14:45:00,22.1200008392334,22.18000030517578,22.079999923706055,22.15999984741211,388818
2026-06-12 15:00:00,22.059999465942383,22.18000030517578,22.040000915527344,22.139999389648438,851991
2026-06-12 15:15:00,22.040000915527344,22.15999984741211,22.040000915527344,22.040000915527344,458825
2026-06-12 15:30:00,22.079999923706055,22.15999984741211,22.040000915527344,22.040000915527344,413024
2026-06-12 15:45:00,22.020000457763672,22.1200008392334,22.0,22.079999923706055,412158
2026-06-12 16:00:00,22.040000915527344,22.200000762939453,22.0,22.020000457763672,420306
2026-06-12 16:15:00,22.079999923706055,22.1200008392334,22.040000915527344,22.040000915527344,296996
2026-06-12 16:30:00,21.940000534057617,22.1200008392334,21.920000076293945,22.079999923706055,833841
2026-06-12 16:45:00,21.84000015258789,21.940000534057617,21.799999237060547,21.940000534057617,966252
2026-06-12 17:00:00,21.84000015258789,21.940000534057617,21.799999237060547,21.81999969482422,599816
2026-06-12 17:15:00,21.899999618530273,21.940000534057617,21.799999237060547,21.81999969482422,383514
2026-06-12 17:30:00,21.940000534057617,22.020000457763672,21.899999618530273,21.899999618530273,461694
2026-06-12 17:45:00,22.0,22.020000457763672,21.940000534057617,21.940000534057617,654275
2026-06-15 09:45:00,22.5,22.5,22.5,22.5,0
2026-06-15 10:00:00,22.440000534057617,22.639999389648438,22.219999313354492,22.5,1434061
2026-06-15 10:15:00,22.440000534057617,22.520000457763672,22.399999618530273,22.459999084472656,411830
2026-06-15 10:30:00,22.420000076293945,22.559999465942383,22.3799991607666,22.440000534057617,515863
2026-06-15 10:45:00,22.34000015258789,22.440000534057617,22.31999969482422,22.420000076293945,119211
2026-06-15 11:00:00,22.360000610351562,22.399999618530273,22.260000228881836,22.34000015258789,210828
2026-06-15 11:15:00,22.520000457763672,22.559999465942383,22.360000610351562,22.360000610351562,409441
2026-06-15 11:30:00,22.559999465942383,22.600000381469727,22.520000457763672,22.520000457763672,751514
2026-06-15 11:45:00,22.559999465942383,22.6200008392334,22.520000457763672,22.559999465942383,499687
2026-06-15 12:00:00,22.639999389648438,22.719999313354492,22.559999465942383,22.559999465942383,823600
2026-06-15 12:15:00,22.6200008392334,22.639999389648438,22.559999465942383,22.639999389648438,294675
2026-06-15 12:30:00,22.760000228881836,22.860000610351562,22.579999923706055,22.600000381469727,1536991
2026-06-15 12:45:00,22.719999313354492,22.780000686645508,22.700000762939453,22.760000228881836,101595
2026-06-15 13:00:00,22.760000228881836,22.780000686645508,22.719999313354492,22.739999771118164,106635
2026-06-15 13:15:00,22.739999771118164,22.84000015258789,22.739999771118164,22.760000228881836,165115
2026-06-15 13:30:00,22.81999969482422,22.860000610351562,22.739999771118164,22.760000228881836,121688
2026-06-15 13:45:00,22.84000015258789,22.84000015258789,22.799999237060547,22.81999969482422,196086
2026-06-15 14:00:00,22.84000015258789,22.860000610351562,22.799999237060547,22.81999969482422,85402
2026-06-15 14:15:00,22.860000610351562,22.8799991607666,22.780000686645508,22.84000015258789,237547
2026-06-15 14:30:00,23.079999923706055,23.139999389648438,22.860000610351562,22.8799991607666,759906
2026-06-15 14:45:00,23.059999465942383,23.100000381469727,23.0,23.059999465942383,283063
2026-06-15 15:00:00,23.0,23.059999465942383,22.959999084472656,23.040000915527344,99785
2026-06-15 15:15:00,23.020000457763672,23.020000457763672,22.959999084472656,23.0,80344
2026-06-15 15:30:00,23.139999389648438,23.15999984741211,23.0,23.020000457763672,537370
2026-06-15 15:45:00,23.100000381469727,23.139999389648438,23.079999923706055,23.139999389648438,90648
2026-06-15 16:00:00,23.100000381469727,23.1200008392334,22.979999542236328,23.079999923706055,506293
2026-06-15 16:15:00,23.31999969482422,23.360000610351562,23.040000915527344,23.100000381469727,10465584
2026-06-15 16:30:00,23.219999313354492,23.31999969482422,23.219999313354492,23.31999969482422,341507
2026-06-15 16:45:00,23.239999771118164,23.280000686645508,23.15999984741211,23.219999313354492,218915
2026-06-15 17:00:00,23.260000228881836,23.299999237060547,23.219999313354492,23.219999313354492,188170
2026-06-15 17:15:00,23.260000228881836,23.280000686645508,23.239999771118164,23.239999771118164,104391
2026-06-15 17:30:00,23.299999237060547,23.31999969482422,23.239999771118164,23.260000228881836,344165
2026-06-15 17:45:00,23.31999969482422,23.360000610351562,23.280000686645508,23.299999237060547,794963
2026-06-16 09:45:00,23.1200008392334,23.1200008392334,23.1200008392334,23.1200008392334,0
2026-06-16 10:00:00,23.219999313354492,23.280000686645508,23.079999923706055,23.1200008392334,622508
2026-06-16 10:15:00,23.100000381469727,23.299999237060547,23.079999923706055,23.219999313354492,389384
2026-06-16 10:30:00,23.020000457763672,23.139999389648438,23.0,23.139999389648438,188904
2026-06-16 10:45:00,23.040000915527344,23.079999923706055,23.0,23.020000457763672,89741
2026-06-16 11:00:00,23.020000457763672,23.079999923706055,23.0,23.020000457763672,135182
2026-06-16 11:15:00,22.920000076293945,23.020000457763672,22.899999618530273,23.020000457763672,618229
2026-06-16 11:30:00,22.959999084472656,22.979999542236328,22.8799991607666,22.920000076293945,195985
2026-06-16 11:45:00,22.979999542236328,22.979999542236328,22.940000534057617,22.940000534057617,17835
2026-06-16 12:00:00,23.059999465942383,23.079999923706055,22.920000076293945,22.959999084472656,318593
2026-06-16 12:15:00,23.040000915527344,23.079999923706055,23.020000457763672,23.059999465942383,80376
2026-06-16 12:30:00,23.040000915527344,23.059999465942383,23.020000457763672,23.040000915527344,64448
2026-06-16 12:45:00,22.979999542236328,23.059999465942383,22.920000076293945,23.059999465942383,441100
2026-06-16 13:00:00,22.959999084472656,22.979999542236328,22.899999618530273,22.979999542236328,96832
2026-06-16 13:15:00,22.940000534057617,22.979999542236328,22.899999618530273,22.940000534057617,156157
2026-06-16 13:30:00,22.8799991607666,22.959999084472656,22.81999969482422,22.940000534057617,215157
2026-06-16 13:45:00,22.860000610351562,22.899999618530273,22.84000015258789,22.8799991607666,74104
2026-06-16 14:00:00,22.799999237060547,22.8799991607666,22.780000686645508,22.8799991607666,266976
2026-06-16 14:15:00,22.719999313354492,22.84000015258789,22.68000030517578,22.799999237060547,248005
2026-06-16 14:30:00,22.719999313354492,22.760000228881836,22.639999389648438,22.700000762939453,357287
2026-06-16 14:45:00,22.639999389648438,22.739999771118164,22.6200008392334,22.719999313354492,288696
2026-06-16 15:00:00,22.68000030517578,22.68000030517578,22.6200008392334,22.639999389648438,144645
2026-06-16 15:15:00,22.6200008392334,22.65999984741211,22.600000381469727,22.65999984741211,182561
2026-06-16 15:30:00,22.700000762939453,22.739999771118164,22.6200008392334,22.6200008392334,229188
2026-06-16 15:45:00,22.68000030517578,22.760000228881836,22.639999389648438,22.68000030517578,216044
2026-06-16 16:00:00,22.739999771118164,22.799999237060547,22.68000030517578,22.68000030517578,206162
2026-06-16 16:15:00,22.739999771118164,22.760000228881836,22.65999984741211,22.739999771118164,168627
2026-06-16 16:30:00,22.68000030517578,22.780000686645508,22.68000030517578,22.739999771118164,192614
2026-06-16 16:45:00,22.700000762939453,22.700000762939453,22.65999984741211,22.68000030517578,109569
2026-06-16 17:00:00,22.559999465942383,22.719999313354492,22.559999465942383,22.719999313354492,319475
2026-06-16 17:15:00,22.6200008392334,22.68000030517578,22.459999084472656,22.559999465942383,715401
2026-06-16 17:30:00,22.639999389648438,22.68000030517578,22.600000381469727,22.639999389648438,399689
2026-06-16 17:45:00,22.780000686645508,22.81999969482422,22.600000381469727,22.639999389648438,720220
2026-06-17 09:45:00,22.860000610351562,22.860000610351562,22.860000610351562,22.860000610351562,0
2026-06-17 10:00:00,22.399999618530273,22.8799991607666,22.360000610351562,22.860000610351562,1647292
2026-06-17 10:15:00,22.420000076293945,22.5,22.34000015258789,22.399999618530273,544667
2026-06-17 10:30:00,22.420000076293945,22.440000534057617,22.3799991607666,22.399999618530273,183293
2026-06-17 10:45:00,22.360000610351562,22.459999084472656,22.360000610351562,22.440000534057617,220476
2026-06-17 11:00:00,22.34000015258789,22.420000076293945,22.31999969482422,22.3799991607666,330863
2026-06-17 11:15:00,22.280000686645508,22.3799991607666,22.280000686645508,22.34000015258789,268581
2026-06-17 11:30:00,22.260000228881836,22.31999969482422,22.219999313354492,22.280000686645508,364164
2026-06-17 11:45:00,22.219999313354492,22.280000686645508,22.200000762939453,22.260000228881836,199621
2026-06-17 12:00:00,22.219999313354492,22.260000228881836,22.200000762939453,22.219999313354492,188763
2026-06-17 12:15:00,22.200000762939453,22.260000228881836,22.18000030517578,22.219999313354492,151497
2026-06-17 12:30:00,22.15999984741211,22.219999313354492,22.15999984741211,22.200000762939453,142830
2026-06-17 12:45:00,22.200000762939453,22.219999313354492,22.18000030517578,22.18000030517578,59971
2026-06-17 13:00:00,22.219999313354492,22.219999313354492,22.18000030517578,22.200000762939453,69273
2026-06-17 13:15:00,22.219999313354492,22.219999313354492,22.139999389648438,22.219999313354492,107999
2026-06-17 13:30:00,22.299999237060547,22.299999237060547,22.18000030517578,22.219999313354492,320879
2026-06-17 13:45:00,22.219999313354492,22.34000015258789,22.200000762939453,22.299999237060547,271431
2026-06-17 14:00:00,22.139999389648438,22.219999313354492,22.139999389648438,22.200000762939453,238626
2026-06-17 14:15:00,22.079999923706055,22.15999984741211,22.079999923706055,22.139999389648438,268651
2026-06-17 14:30:00,22.1200008392334,22.139999389648438,22.079999923706055,22.100000381469727,112744
2026-06-17 14:45:00,22.040000915527344,22.1200008392334,22.020000457763672,22.1200008392334,214020
2026-06-17 15:00:00,22.079999923706055,22.1200008392334,22.040000915527344,22.040000915527344,179636
2026-06-17 15:15:00,22.079999923706055,22.100000381469727,22.0,22.079999923706055,280193
2026-06-17 15:30:00,22.040000915527344,22.100000381469727,22.0,22.079999923706055,263824
2026-06-17 15:45:00,22.0,22.059999465942383,21.959999084472656,22.020000457763672,423126
2026-06-17 16:00:00,21.940000534057617,22.020000457763672,21.8799991607666,21.979999542236328,413183
2026-06-17 16:15:00,21.920000076293945,21.979999542236328,21.84000015258789,21.920000076293945,422375
2026-06-17 16:30:00,21.959999084472656,22.0,21.719999313354492,21.940000534057617,1192991
2026-06-17 16:45:00,21.860000610351562,22.020000457763672,21.860000610351562,21.979999542236328,477540
2026-06-17 17:00:00,21.8799991607666,21.899999618530273,21.81999969482422,21.84000015258789,517914
2026-06-17 17:15:00,21.8799991607666,21.959999084472656,21.81999969482422,21.8799991607666,673168
2026-06-17 17:30:00,21.940000534057617,21.979999542236328,21.84000015258789,21.899999618530273,595870
2026-06-17 17:45:00,22.100000381469727,22.15999984741211,21.940000534057617,21.940000534057617,1676297
2026-06-18 09:45:00,22.15999984741211,22.15999984741211,22.15999984741211,22.15999984741211,0
2026-06-18 10:00:00,22.219999313354492,22.260000228881836,22.100000381469727,22.15999984741211,394791
2026-06-18 10:15:00,22.280000686645508,22.280000686645508,22.15999984741211,22.219999313354492,440168
2026-06-18 10:30:00,22.3799991607666,22.3799991607666,22.219999313354492,22.280000686645508,184104
2026-06-18 10:45:00,22.34000015258789,22.399999618530273,22.280000686645508,22.3799991607666,450919
2026-06-18 11:00:00,22.479999542236328,22.520000457763672,22.34000015258789,22.360000610351562,663032
2026-06-18 11:15:00,22.540000915527344,22.68000030517578,22.459999084472656,22.479999542236328,497917
2026-06-18 11:30:00,22.459999084472656,22.559999465942383,22.459999084472656,22.540000915527344,227880
2026-06-18 11:45:00,22.440000534057617,22.520000457763672,22.440000534057617,22.459999084472656,239033
2026-06-18 12:00:00,22.440000534057617,22.5,22.440000534057617,22.440000534057617,183653
2026-06-18 12:15:00,22.420000076293945,22.459999084472656,22.420000076293945,22.459999084472656,213965
2026-06-18 12:30:00,22.360000610351562,22.420000076293945,22.34000015258789,22.399999618530273,216551
2026-06-18 12:45:00,22.3799991607666,22.3799991607666,22.34000015258789,22.360000610351562,87043
2026-06-18 13:00:00,22.420000076293945,22.420000076293945,22.360000610351562,22.3799991607666,166414
2026-06-18 13:15:00,22.360000610351562,22.420000076293945,22.34000015258789,22.420000076293945,73133
2026-06-18 13:30:00,22.239999771118164,22.360000610351562,22.239999771118164,22.360000610351562,142154
2026-06-18 13:45:00,22.280000686645508,22.31999969482422,22.18000030517578,22.219999313354492,158491
2026-06-18 14:00:00,22.280000686645508,22.299999237060547,22.239999771118164,22.280000686645508,179199
2026-06-18 14:15:00,22.280000686645508,22.31999969482422,22.239999771118164,22.299999237060547,55146
2026-06-18 14:30:00,22.260000228881836,22.31999969482422,22.239999771118164,22.299999237060547,86605
2026-06-18 14:45:00,22.239999771118164,22.280000686645508,22.219999313354492,22.260000228881836,79282
2026-06-18 15:00:00,22.239999771118164,22.280000686645508,22.18000030517578,22.260000228881836,229246
2026-06-18 15:15:00,22.239999771118164,22.280000686645508,22.219999313354492,22.239999771118164,80992
2026-06-18 15:30:00,22.260000228881836,22.280000686645508,22.219999313354492,22.219999313354492,57513
2026-06-18 15:45:00,22.31999969482422,22.31999969482422,22.260000228881836,22.280000686645508,40390
2026-06-18 16:00:00,22.34000015258789,22.360000610351562,22.299999237060547,22.31999969482422,166560
2026-06-18 16:15:00,22.3799991607666,22.399999618530273,22.34000015258789,22.34000015258789,179913
2026-06-18 16:30:00,22.420000076293945,22.440000534057617,22.34000015258789,22.3799991607666,595036
2026-06-18 16:45:00,22.420000076293945,22.540000915527344,22.3799991607666,22.440000534057617,1000310
2026-06-18 17:00:00,22.420000076293945,22.5,22.360000610351562,22.399999618530273,709316
2026-06-18 17:15:00,22.459999084472656,22.520000457763672,22.420000076293945,22.420000076293945,168104
2026-06-18 17:30:00,22.440000534057617,22.479999542236328,22.420000076293945,22.440000534057617,330325
2026-06-18 17:45:00,22.459999084472656,22.5,22.420000076293945,22.459999084472656,316505
2026-06-19 09:45:00,22.100000381469727,22.100000381469727,22.100000381469727,22.100000381469727,0
2026-06-19 10:00:00,22.1200008392334,22.18000030517578,22.0,22.1200008392334,801241
2026-06-19 10:15:00,21.899999618530273,22.139999389648438,21.8799991607666,22.1200008392334,766488
2026-06-19 10:30:00,21.979999542236328,21.979999542236328,21.8799991607666,21.899999618530273,506138
2026-06-19 10:45:00,21.959999084472656,21.979999542236328,21.899999618530273,21.979999542236328,96873
2026-06-19 11:00:00,22.0,22.020000457763672,21.920000076293945,21.940000534057617,302335
2026-06-19 11:15:00,22.059999465942383,22.059999465942383,22.0,22.020000457763672,168448
2026-06-19 11:30:00,22.059999465942383,22.100000381469727,22.020000457763672,22.059999465942383,359014
2026-06-19 11:45:00,22.1200008392334,22.18000030517578,22.020000457763672,22.040000915527344,403376
2026-06-19 12:00:00,21.860000610351562,22.139999389648438,21.860000610351562,22.1200008392334,824966
2026-06-19 12:15:00,21.920000076293945,21.920000076293945,21.860000610351562,21.860000610351562,126495
2026-06-19 12:30:00,21.920000076293945,21.940000534057617,21.8799991607666,21.920000076293945,187722
2026-06-19 12:45:00,21.940000534057617,21.940000534057617,21.899999618530273,21.920000076293945,156529
2026-06-19 13:00:00,21.899999618530273,21.920000076293945,21.899999618530273,21.920000076293945,202452
2026-06-19 13:15:00,21.899999618530273,21.920000076293945,21.8799991607666,21.8799991607666,170085
2026-06-19 13:30:00,21.8799991607666,21.899999618530273,21.860000610351562,21.899999618530273,107105
2026-06-19 13:45:00,21.8799991607666,21.899999618530273,21.860000610351562,21.899999618530273,71196
2026-06-19 14:00:00,21.899999618530273,21.899999618530273,21.8799991607666,21.899999618530273,51957
2026-06-19 14:15:00,21.8799991607666,21.899999618530273,21.860000610351562,21.899999618530273,148143
2026-06-19 14:30:00,21.940000534057617,21.959999084472656,21.860000610351562,21.8799991607666,481537
2026-06-19 14:45:00,21.959999084472656,21.979999542236328,21.920000076293945,21.940000534057617,142693
2026-06-19 15:00:00,21.940000534057617,21.979999542236328,21.940000534057617,21.979999542236328,163623
2026-06-19 15:15:00,21.940000534057617,22.0,21.940000534057617,21.940000534057617,168685
2026-06-19 15:30:00,21.920000076293945,21.979999542236328,21.920000076293945,21.940000534057617,53915
2026-06-19 15:45:00,21.959999084472656,22.079999923706055,21.920000076293945,21.920000076293945,1849061
2026-06-19 16:00:00,21.860000610351562,22.040000915527344,21.84000015258789,21.959999084472656,620266
2026-06-19 16:15:00,21.8799991607666,21.899999618530273,21.84000015258789,21.8799991607666,350426
2026-06-19 16:30:00,21.8799991607666,21.8799991607666,21.860000610351562,21.8799991607666,95279
2026-06-19 16:45:00,21.84000015258789,21.8799991607666,21.84000015258789,21.860000610351562,306104
2026-06-19 17:00:00,21.739999771118164,21.8799991607666,21.700000762939453,21.81999969482422,1240597
2026-06-19 17:15:00,21.65999984741211,21.760000228881836,21.639999389648438,21.739999771118164,2596060
2026-06-19 17:30:00,21.600000381469727,21.739999771118164,21.540000915527344,21.65999984741211,2190060
2026-06-19 17:45:00,21.579999923706055,21.780000686645508,21.479999542236328,21.600000381469727,2510521
2026-06-22 09:45:00,21.540000915527344,21.540000915527344,21.540000915527344,21.540000915527344,0
2026-06-22 10:00:00,21.15999984741211,21.579999923706055,21.100000381469727,21.520000457763672,1623814
2026-06-22 10:15:00,21.15999984741211,21.200000762939453,21.139999389648438,21.15999984741211,660124
2026-06-22 10:30:00,21.18000030517578,21.200000762939453,21.020000457763672,21.139999389648438,1166624
2026-06-22 10:45:00,21.139999389648438,21.399999618530273,21.1200008392334,21.18000030517578,1369314
2026-06-22 11:00:00,21.0,21.139999389648438,20.959999084472656,21.139999389648438,2315464
2026-06-22 11:15:00,21.040000915527344,21.059999465942383,20.959999084472656,21.0,500602
2026-06-22 11:30:00,21.239999771118164,21.260000228881836,21.040000915527344,21.040000915527344,658476
2026-06-22 11:45:00,21.34000015258789,21.3799991607666,21.239999771118164,21.260000228881836,541468
2026-06-22 12:00:00,21.479999542236328,21.5,21.299999237060547,21.360000610351562,839280
2026-06-22 12:15:00,21.399999618530273,21.520000457763672,21.3799991607666,21.479999542236328,474348
2026-06-22 12:30:00,21.3799991607666,21.420000076293945,21.31999969482422,21.399999618530273,468300
2026-06-22 12:45:00,21.399999618530273,21.440000534057617,21.34000015258789,21.360000610351562,375646
2026-06-22 13:00:00,21.399999618530273,21.459999084472656,21.360000610351562,21.360000610351562,255996
2026-06-22 13:15:00,21.440000534057617,21.459999084472656,21.360000610351562,21.399999618530273,323207
2026-06-22 13:30:00,21.440000534057617,21.440000534057617,21.360000610351562,21.420000076293945,234149
2026-06-22 13:45:00,21.420000076293945,21.440000534057617,21.360000610351562,21.420000076293945,233324
2026-06-22 14:00:00,21.520000457763672,21.559999465942383,21.399999618530273,21.399999618530273,817006
2026-06-22 14:15:00,21.540000915527344,21.68000030517578,21.5,21.520000457763672,1456119
2026-06-22 14:30:00,21.520000457763672,21.559999465942383,21.459999084472656,21.540000915527344,443734
2026-06-22 14:45:00,21.459999084472656,21.540000915527344,21.440000534057617,21.5,313612
2026-06-22 15:00:00,21.5,21.5,21.440000534057617,21.459999084472656,176194
2026-06-22 15:15:00,21.540000915527344,21.579999923706055,21.459999084472656,21.479999542236328,468325
2026-06-22 15:30:00,21.5,21.579999923706055,21.5,21.520000457763672,515759
2026-06-22 15:45:00,21.479999542236328,21.5,21.440000534057617,21.479999542236328,231998
2026-06-22 16:00:00,21.479999542236328,21.5,21.420000076293945,21.459999084472656,324229
2026-06-22 16:15:00,21.420000076293945,21.479999542236328,21.360000610351562,21.459999084472656,302553
2026-06-22 16:30:00,21.360000610351562,21.440000534057617,21.360000610351562,21.399999618530273,320845
2026-06-22 16:45:00,21.420000076293945,21.479999542236328,21.299999237060547,21.360000610351562,339895
2026-06-22 17:00:00,21.3799991607666,21.440000534057617,21.360000610351562,21.399999618530273,196084
2026-06-22 17:15:00,21.360000610351562,21.399999618530273,21.34000015258789,21.3799991607666,129215
2026-06-22 17:30:00,21.31999969482422,21.3799991607666,21.299999237060547,21.34000015258789,235321
2026-06-22 17:45:00,21.31999969482422,21.360000610351562,21.299999237060547,21.299999237060547,274659
2026-06-23 09:45:00,21.200000762939453,21.200000762939453,21.200000762939453,21.200000762939453,0
2026-06-23 10:00:00,21.200000762939453,21.239999771118164,21.040000915527344,21.18000030517578,770418
2026-06-23 10:15:00,21.100000381469727,21.239999771118164,21.059999465942383,21.200000762939453,510075
2026-06-23 10:30:00,20.8799991607666,21.100000381469727,20.860000610351562,21.079999923706055,815144
2026-06-23 10:45:00,20.739999771118164,20.8799991607666,20.739999771118164,20.8799991607666,851983
2026-06-23 11:00:00,20.719999313354492,20.760000228881836,20.65999984741211,20.739999771118164,757261
2026-06-23 11:15:00,20.739999771118164,20.760000228881836,20.68000030517578,20.700000762939453,209315
2026-06-23 11:30:00,20.780000686645508,20.81999969482422,20.719999313354492,20.719999313354492,362773
2026-06-23 11:45:00,20.780000686645508,20.81999969482422,20.760000228881836,20.780000686645508,227200
2026-06-23 12:00:00,20.799999237060547,20.84000015258789,20.760000228881836,20.760000228881836,226763
2026-06-23 12:15:00,20.84000015258789,20.8799991607666,20.780000686645508,20.780000686645508,307222
2026-06-23 12:30:00,20.8799991607666,20.8799991607666,20.81999969482422,20.84000015258789,234352
2026-06-23 12:45:00,20.959999084472656,21.020000457763672,20.81999969482422,20.860000610351562,539249
2026-06-23 13:00:00,20.959999084472656,21.0,20.959999084472656,20.959999084472656,235175
2026-06-23 13:15:00,20.959999084472656,20.979999542236328,20.920000076293945,20.959999084472656,88024
2026-06-23 13:30:00,20.940000534057617,20.959999084472656,20.8799991607666,20.940000534057617,172379
2026-06-23 13:45:00,20.979999542236328,20.979999542236328,20.920000076293945,20.940000534057617,105981
2026-06-23 14:00:00,20.940000534057617,21.0,20.920000076293945,20.959999084472656,148431
2026-06-23 14:15:00,20.959999084472656,20.979999542236328,20.920000076293945,20.940000534057617,189329
2026-06-23 14:30:00,20.940000534057617,20.959999084472656,20.920000076293945,20.940000534057617,188804
2026-06-23 14:45:00,20.979999542236328,21.020000457763672,20.899999618530273,20.920000076293945,211124
2026-06-23 15:00:00,20.959999084472656,21.0,20.940000534057617,20.979999542236328,174140
2026-06-23 15:15:00,20.920000076293945,20.979999542236328,20.899999618530273,20.940000534057617,253977
2026-06-23 15:30:00,20.959999084472656,21.0,20.899999618530273,20.920000076293945,423550
2026-06-23 15:45:00,20.979999542236328,21.0,20.940000534057617,20.959999084472656,139022
2026-06-23 16:00:00,20.959999084472656,21.0,20.920000076293945,20.979999542236328,311239
2026-06-23 16:15:00,20.959999084472656,20.979999542236328,20.920000076293945,20.959999084472656,82049
2026-06-23 16:30:00,20.959999084472656,21.0,20.959999084472656,20.979999542236328,259440
2026-06-23 16:45:00,21.0,21.020000457763672,20.959999084472656,20.979999542236328,103905
2026-06-23 17:00:00,20.979999542236328,21.0,20.940000534057617,21.0,108902
2026-06-23 17:15:00,20.959999084472656,20.979999542236328,20.940000534057617,20.979999542236328,90134
2026-06-23 17:30:00,20.940000534057617,20.979999542236328,20.940000534057617,20.959999084472656,153092
2026-06-23 17:45:00,20.920000076293945,20.979999542236328,20.920000076293945,20.959999084472656,403333
2026-06-24 09:45:00,20.860000610351562,20.860000610351562,20.860000610351562,20.860000610351562,0
2026-06-24 10:00:00,20.979999542236328,20.979999542236328,20.84000015258789,20.860000610351562,294826
2026-06-24 10:15:00,20.959999084472656,21.1200008392334,20.959999084472656,21.0,265386
2026-06-24 10:30:00,20.979999542236328,20.979999542236328,20.899999618530273,20.979999542236328,101323
2026-06-24 10:45:00,20.81999969482422,20.979999542236328,20.780000686645508,20.979999542236328,460120
2026-06-24 11:00:00,20.700000762939453,20.81999969482422,20.68000030517578,20.799999237060547,764617
2026-06-24 11:15:00,20.68000030517578,20.700000762939453,20.6200008392334,20.68000030517578,599056
2026-06-24 11:30:00,20.739999771118164,20.760000228881836,20.68000030517578,20.68000030517578,590148
2026-06-24 11:45:00,20.780000686645508,20.84000015258789,20.700000762939453,20.719999313354492,340467
2026-06-24 12:00:00,20.760000228881836,20.780000686645508,20.739999771118164,20.780000686645508,121639
2026-06-24 12:15:00,20.760000228881836,20.760000228881836,20.719999313354492,20.739999771118164,135284
2026-06-24 12:30:00,20.739999771118164,20.760000228881836,20.700000762939453,20.739999771118164,183809
2026-06-24 12:45:00,20.719999313354492,20.739999771118164,20.700000762939453,20.719999313354492,119031
2026-06-24 13:00:00,20.799999237060547,20.81999969482422,20.719999313354492,20.719999313354492,146889
2026-06-24 13:15:00,20.81999969482422,20.81999969482422,20.760000228881836,20.799999237060547,52183
2026-06-24 13:30:00,20.81999969482422,20.84000015258789,20.799999237060547,20.81999969482422,87959
2026-06-24 13:45:00,20.719999313354492,20.81999969482422,20.719999313354492,20.81999969482422,141750
2026-06-24 14:00:00,20.719999313354492,20.760000228881836,20.719999313354492,20.719999313354492,78037
2026-06-24 14:15:00,20.700000762939453,20.739999771118164,20.68000030517578,20.719999313354492,94474
2026-06-24 14:30:00,20.68000030517578,20.739999771118164,20.65999984741211,20.700000762939453,327135
2026-06-24 14:45:00,20.700000762939453,20.739999771118164,20.65999984741211,20.68000030517578,127936
2026-06-24 15:00:00,20.760000228881836,20.799999237060547,20.600000381469727,20.68000030517578,966785
2026-06-24 15:15:00,20.739999771118164,20.760000228881836,20.719999313354492,20.739999771118164,20707
2026-06-24 15:30:00,20.700000762939453,20.760000228881836,20.700000762939453,20.739999771118164,153768
2026-06-24 15:45:00,20.639999389648438,20.739999771118164,20.639999389648438,20.700000762939453,320247
2026-06-24 16:00:00,20.639999389648438,20.68000030517578,20.639999389648438,20.639999389648438,791536
2026-06-24 16:15:00,20.68000030517578,20.719999313354492,20.6200008392334,20.639999389648438,451508
2026-06-24 16:30:00,20.65999984741211,20.780000686645508,20.639999389648438,20.68000030517578,415685
2026-06-24 16:45:00,20.920000076293945,20.920000076293945,20.65999984741211,20.65999984741211,743270
2026-06-24 17:00:00,20.920000076293945,20.979999542236328,20.84000015258789,20.920000076293945,632773
2026-06-24 17:15:00,21.0,21.020000457763672,20.8799991607666,20.899999618530273,658009
2026-06-24 17:30:00,20.959999084472656,21.040000915527344,20.920000076293945,21.0,484321
2026-06-24 17:45:00,20.940000534057617,20.979999542236328,20.899999618530273,20.959999084472656,318072
2026-06-25 09:45:00,20.979999542236328,20.979999542236328,20.979999542236328,20.979999542236328,0
2026-06-25 10:00:00,21.1200008392334,21.18000030517578,20.979999542236328,21.0,580652
2026-06-25 10:15:00,21.100000381469727,21.15999984741211,21.059999465942383,21.1200008392334,363580
2026-06-25 10:30:00,21.100000381469727,21.15999984741211,21.079999923706055,21.100000381469727,360543
2026-06-25 10:45:00,21.100000381469727,21.15999984741211,21.040000915527344,21.079999923706055,319768
2026-06-25 11:00:00,21.15999984741211,21.18000030517578,21.100000381469727,21.100000381469727,221088
2026-06-25 11:15:00,21.040000915527344,21.18000030517578,21.020000457763672,21.18000030517578,227336
2026-06-25 11:30:00,21.079999923706055,21.100000381469727,20.979999542236328,21.040000915527344,440103
2026-06-25 11:45:00,21.0,21.059999465942383,20.979999542236328,21.059999465942383,224992
2026-06-25 12:00:00,21.079999923706055,21.100000381469727,21.0,21.0,137826
2026-06-25 12:15:00,20.8799991607666,21.079999923706055,20.860000610351562,21.059999465942383,770710
2026-06-25 12:30:00,20.81999969482422,20.920000076293945,20.799999237060547,20.899999618530273,650968
2026-06-25 12:45:00,20.860000610351562,20.8799991607666,20.81999969482422,20.84000015258789,163275
2026-06-25 13:00:00,20.84000015258789,20.8799991607666,20.780000686645508,20.860000610351562,474237
2026-06-25 13:15:00,20.81999969482422,20.84000015258789,20.81999969482422,20.84000015258789,145961
2026-06-25 13:30:00,20.799999237060547,20.84000015258789,20.799999237060547,20.84000015258789,103870
2026-06-25 13:45:00,20.860000610351562,20.8799991607666,20.780000686645508,20.799999237060547,153756
2026-06-25 14:00:00,20.799999237060547,20.860000610351562,20.780000686645508,20.860000610351562,199512
2026-06-25 14:15:00,20.799999237060547,20.81999969482422,20.760000228881836,20.799999237060547,140123
2026-06-25 14:30:00,20.780000686645508,20.799999237060547,20.760000228881836,20.799999237060547,89077
2026-06-25 14:45:00,20.719999313354492,20.780000686645508,20.700000762939453,20.780000686645508,121798
2026-06-25 15:00:00,20.760000228881836,20.799999237060547,20.700000762939453,20.719999313354492,133391
2026-06-25 15:15:00,20.760000228881836,20.780000686645508,20.739999771118164,20.760000228881836,164283
2026-06-25 15:30:00,20.81999969482422,20.860000610351562,20.700000762939453,20.780000686645508,232119
2026-06-25 15:45:00,20.920000076293945,20.940000534057617,20.799999237060547,20.81999969482422,242441
2026-06-25 16:00:00,20.8799991607666,20.920000076293945,20.84000015258789,20.899999618530273,180962
2026-06-25 16:15:00,20.8799991607666,20.920000076293945,20.84000015258789,20.899999618530273,186287
2026-06-25 16:30:00,20.84000015258789,20.920000076293945,20.84000015258789,20.8799991607666,159879
2026-06-25 16:45:00,21.0,21.040000915527344,20.84000015258789,20.860000610351562,673832
2026-06-25 17:00:00,20.860000610351562,20.959999084472656,20.860000610351562,20.959999084472656,241942
2026-06-25 17:15:00,20.940000534057617,21.0,20.860000610351562,20.860000610351562,391771
2026-06-25 17:30:00,20.8799991607666,20.979999542236328,20.8799991607666,20.940000534057617,182507
2026-06-25 17:45:00,20.899999618530273,20.920000076293945,20.860000610351562,20.8799991607666,233847
2026-06-26 09:45:00,20.84000015258789,20.84000015258789,20.84000015258789,20.84000015258789,0
2026-06-26 10:00:00,20.979999542236328,20.979999542236328,20.84000015258789,20.84000015258789,221240
2026-06-26 10:15:00,20.899999618530273,21.0,20.899999618530273,21.0,122710
2026-06-26 10:30:00,21.020000457763672,21.040000915527344,20.899999618530273,20.899999618530273,318146
2026-06-26 10:45:00,20.979999542236328,21.020000457763672,20.979999542236328,21.020000457763672,122435
2026-06-26 11:00:00,21.079999923706055,21.1200008392334,20.940000534057617,20.959999084472656,428020
2026-06-26 11:15:00,21.18000030517578,21.200000762939453,21.0,21.100000381469727,611324
2026-06-26 11:30:00,21.059999465942383,21.200000762939453,21.020000457763672,21.15999984741211,250843
2026-06-26 11:45:00,20.979999542236328,21.059999465942383,20.959999084472656,21.059999465942383,116296
2026-06-26 12:00:00,21.0,21.020000457763672,20.940000534057617,20.979999542236328,159458
2026-06-26 12:15:00,21.040000915527344,21.079999923706055,20.959999084472656,21.0,149681
2026-06-26 12:30:00,21.059999465942383,21.079999923706055,21.020000457763672,21.040000915527344,75048
2026-06-26 12:45:00,21.020000457763672,21.059999465942383,21.020000457763672,21.059999465942383,63525
2026-06-26 13:00:00,21.040000915527344,21.059999465942383,20.959999084472656,21.020000457763672,89960
2026-06-26 13:15:00,21.100000381469727,21.1200008392334,21.040000915527344,21.059999465942383,105897
2026-06-26 13:30:00,21.139999389648438,21.139999389648438,21.059999465942383,21.1200008392334,136463
2026-06-26 13:45:00,21.1200008392334,21.18000030517578,21.079999923706055,21.139999389648438,196648
2026-06-26 14:00:00,21.139999389648438,21.15999984741211,21.100000381469727,21.139999389648438,135310
2026-06-26 14:15:00,21.1200008392334,21.139999389648438,21.059999465942383,21.139999389648438,72561
2026-06-26 14:30:00,21.1200008392334,21.139999389648438,21.079999923706055,21.1200008392334,180583
2026-06-26 14:45:00,21.059999465942383,21.1200008392334,21.059999465942383,21.1200008392334,182317
2026-06-26 15:00:00,21.059999465942383,21.1200008392334,21.020000457763672,21.059999465942383,169323
2026-06-26 15:15:00,21.059999465942383,21.079999923706055,21.020000457763672,21.059999465942383,97624
2026-06-26 15:30:00,21.020000457763672,21.100000381469727,21.020000457763672,21.059999465942383,101475
2026-06-26 15:45:00,21.0,21.020000457763672,20.959999084472656,21.020000457763672,166602
2026-06-26 16:00:00,21.020000457763672,21.059999465942383,20.979999542236328,21.0,203232
2026-06-26 16:15:00,21.020000457763672,21.040000915527344,20.979999542236328,21.020000457763672,54935
2026-06-26 16:30:00,21.0,21.040000915527344,20.940000534057617,21.020000457763672,420731
2026-06-26 16:45:00,21.1200008392334,21.139999389648438,20.979999542236328,21.0,138716
2026-06-26 17:00:00,20.979999542236328,21.200000762939453,20.940000534057617,21.1200008392334,734519
2026-06-26 17:15:00,21.020000457763672,21.040000915527344,20.979999542236328,21.0,418725
2026-06-26 17:30:00,21.100000381469727,21.1200008392334,21.040000915527344,21.040000915527344,181966
2026-06-26 17:45:00,21.18000030517578,21.219999313354492,21.100000381469727,21.1200008392334,693756
2026-06-29 09:45:00,21.299999237060547,21.299999237060547,21.299999237060547,21.299999237060547,0
2026-06-29 10:00:00,21.399999618530273,21.420000076293945,21.260000228881836,21.299999237060547,1016297
2026-06-29 10:15:00,21.5,21.559999465942383,21.360000610351562,21.420000076293945,1230851
2026-06-29 10:30:00,21.459999084472656,21.520000457763672,21.420000076293945,21.5,343555
2026-06-29 10:45:00,21.219999313354492,21.440000534057617,21.200000762939453,21.440000534057617,417529
2026-06-29 11:00:00,21.15999984741211,21.239999771118164,21.139999389648438,21.219999313354492,1175191
2026-06-29 11:15:00,21.079999923706055,21.18000030517578,21.0,21.139999389648438,737853
2026-06-29 11:30:00,21.219999313354492,21.260000228881836,21.079999923706055,21.079999923706055,437572
2026-06-29 11:45:00,21.18000030517578,21.260000228881836,21.139999389648438,21.219999313354492,128401
2026-06-29 12:00:00,21.1200008392334,21.200000762939453,21.079999923706055,21.18000030517578,228098
2026-06-29 12:15:00,21.059999465942383,21.1200008392334,21.020000457763672,21.1200008392334,184477
2026-06-29 12:30:00,21.15999984741211,21.15999984741211,21.040000915527344,21.040000915527344,123597
2026-06-29 12:45:00,21.139999389648438,21.219999313354492,21.100000381469727,21.15999984741211,184996
2026-06-29 13:00:00,21.100000381469727,21.15999984741211,21.079999923706055,21.139999389648438,132978
2026-06-29 13:15:00,21.200000762939453,21.200000762939453,21.100000381469727,21.100000381469727,116975
2026-06-29 13:30:00,21.18000030517578,21.200000762939453,21.15999984741211,21.200000762939453,96012
2026-06-29 13:45:00,21.219999313354492,21.219999313354492,21.15999984741211,21.18000030517578,137795
2026-06-29 14:00:00,21.18000030517578,21.239999771118164,21.15999984741211,21.219999313354492,282625
2026-06-29 14:15:00,21.100000381469727,21.18000030517578,21.059999465942383,21.18000030517578,294433
2026-06-29 14:30:00,21.079999923706055,21.139999389648438,21.020000457763672,21.100000381469727,352845
2026-06-29 14:45:00,21.020000457763672,21.079999923706055,21.020000457763672,21.079999923706055,130235
2026-06-29 15:00:00,20.979999542236328,21.1200008392334,20.899999618530273,21.040000915527344,1259198
2026-06-29 15:15:00,20.959999084472656,20.979999542236328,20.940000534057617,20.979999542236328,113567
2026-06-29 15:30:00,21.020000457763672,21.059999465942383,20.940000534057617,20.959999084472656,281782
2026-06-29 15:45:00,21.0,21.040000915527344,20.979999542236328,21.020000457763672,207827
2026-06-29 16:00:00,20.959999084472656,21.040000915527344,20.959999084472656,21.0,98261
2026-06-29 16:15:00,21.020000457763672,21.020000457763672,20.959999084472656,20.959999084472656,81414
2026-06-29 16:30:00,21.0,21.040000915527344,20.979999542236328,21.020000457763672,119916
2026-06-29 16:45:00,20.979999542236328,21.020000457763672,20.959999084472656,21.0,159178
2026-06-29 17:00:00,21.020000457763672,21.040000915527344,20.940000534057617,20.979999542236328,260043
2026-06-29 17:15:00,21.059999465942383,21.079999923706055,21.020000457763672,21.020000457763672,143410
2026-06-29 17:30:00,21.040000915527344,21.079999923706055,21.020000457763672,21.079999923706055,91872
2026-06-29 17:45:00,21.059999465942383,21.079999923706055,21.020000457763672,21.040000915527344,284538
2026-06-30 09:45:00,21.040000915527344,21.040000915527344,21.040000915527344,21.040000915527344,0
2026-06-30 10:00:00,21.059999465942383,21.139999389648438,21.040000915527344,21.059999465942383,295960
2026-06-30 10:15:00,21.020000457763672,21.139999389648438,21.0,21.079999923706055,439790
2026-06-30 10:30:00,21.15999984741211,21.219999313354492,21.040000915527344,21.040000915527344,330741
2026-06-30 10:45:00,21.100000381469727,21.15999984741211,21.079999923706055,21.15999984741211,125781
2026-06-30 11:00:00,20.780000686645508,21.1200008392334,20.719999313354492,21.1200008392334,1011036
2026-06-30 11:15:00,20.760000228881836,20.799999237060547,20.760000228881836,20.780000686645508,674118
2026-06-30 11:30:00,20.559999465942383,20.760000228881836,20.540000915527344,20.760000228881836,1044775
2026-06-30 11:45:00,20.600000381469727,20.600000381469727,20.5,20.559999465942383,258505
2026-06-30 12:00:00,20.579999923706055,20.639999389648438,20.559999465942383,20.600000381469727,486020
2026-06-30 12:15:00,20.579999923706055,20.600000381469727,20.540000915527344,20.579999923706055,188945
2026-06-30 12:30:00,20.540000915527344,20.579999923706055,20.520000457763672,20.579999923706055,98525
2026-06-30 12:45:00,20.540000915527344,20.600000381469727,20.420000076293945,20.540000915527344,1317946
2026-06-30 13:00:00,20.559999465942383,20.6200008392334,20.5,20.559999465942383,554036
2026-06-30 13:15:00,20.559999465942383,20.579999923706055,20.540000915527344,20.559999465942383,77075
2026-06-30 13:30:00,20.3799991607666,20.559999465942383,20.360000610351562,20.559999465942383,381248
2026-06-30 13:45:00,20.399999618530273,20.399999618530273,20.360000610351562,20.399999618530273,195354
2026-06-30 14:00:00,20.360000610351562,20.420000076293945,20.360000610351562,20.399999618530273,134511
2026-06-30 14:15:00,20.399999618530273,20.5,20.360000610351562,20.3799991607666,356534
2026-06-30 14:30:00,20.459999084472656,20.459999084472656,20.3799991607666,20.3799991607666,470999
2026-06-30 14:45:00,20.360000610351562,20.459999084472656,20.360000610351562,20.440000534057617,397848
2026-06-30 15:00:00,20.31999969482422,20.3799991607666,20.280000686645508,20.360000610351562,579896
2026-06-30 15:15:00,20.31999969482422,20.360000610351562,20.280000686645508,20.299999237060547,299366
2026-06-30 15:30:00,20.31999969482422,20.34000015258789,20.299999237060547,20.31999969482422,92929
2026-06-30 15:45:00,20.360000610351562,20.360000610351562,20.280000686645508,20.31999969482422,184312
2026-06-30 16:00:00,20.34000015258789,20.420000076293945,20.31999969482422,20.360000610351562,243683
2026-06-30 16:15:00,20.260000228881836,20.31999969482422,20.260000228881836,20.31999969482422,343878
2026-06-30 16:30:00,20.200000762939453,20.280000686645508,20.15999984741211,20.280000686645508,631340
2026-06-30 16:45:00,20.31999969482422,20.3799991607666,20.1200008392334,20.200000762939453,1361575
2026-06-30 17:00:00,20.18000030517578,20.299999237060547,20.15999984741211,20.299999237060547,598451
2026-06-30 17:15:00,20.15999984741211,20.219999313354492,20.139999389648438,20.200000762939453,205061
2026-06-30 17:30:00,20.139999389648438,20.239999771118164,20.139999389648438,20.18000030517578,993923
2026-06-30 17:45:00,20.360000610351562,20.5,20.059999465942383,20.1200008392334,6958297
2026-07-01 09:45:00,20.399999618530273,20.399999618530273,20.399999618530273,20.399999618530273,0
2026-07-01 10:00:00,20.280000686645508,20.479999542236328,20.18000030517578,20.420000076293945,437161
2026-07-01 10:15:00,20.399999618530273,20.420000076293945,20.260000228881836,20.280000686645508,223609
2026-07-01 10:30:00,20.399999618530273,20.399999618530273,20.31999969482422,20.399999618530273,63895
2026-07-01 10:45:00,20.420000076293945,20.459999084472656,20.360000610351562,20.399999618530273,310610
2026-07-01 11:00:00,20.399999618530273,20.440000534057617,20.3799991607666,20.440000534057617,110929
2026-07-01 11:15:00,20.420000076293945,20.440000534057617,20.399999618530273,20.399999618530273,106608
2026-07-01 11:30:00,20.420000076293945,20.440000534057617,20.3799991607666,20.420000076293945,82322
2026-07-01 11:45:00,20.360000610351562,20.420000076293945,20.34000015258789,20.420000076293945,82121
2026-07-01 12:00:00,20.3799991607666,20.399999618530273,20.34000015258789,20.3799991607666,64260
2026-07-01 12:15:00,20.3799991607666,20.3799991607666,20.360000610351562,20.3799991607666,31129
2026-07-01 12:30:00,20.399999618530273,20.420000076293945,20.3799991607666,20.3799991607666,68774
2026-07-01 12:45:00,20.420000076293945,20.440000534057617,20.3799991607666,20.399999618530273,59639
2026-07-01 13:00:00,20.440000534057617,20.459999084472656,20.399999618530273,20.399999618530273,479878
2026-07-01 13:15:00,20.399999618530273,20.479999542236328,20.399999618530273,20.440000534057617,259729
2026-07-01 13:30:00,20.459999084472656,20.479999542236328,20.3799991607666,20.399999618530273,107644
2026-07-01 13:45:00,20.5,20.520000457763672,20.440000534057617,20.459999084472656,189261
2026-07-01 14:00:00,20.5,20.540000915527344,20.5,20.5,164725
2026-07-01 14:15:00,20.600000381469727,20.68000030517578,20.479999542236328,20.5,895895
2026-07-01 14:30:00,20.540000915527344,20.65999984741211,20.540000915527344,20.600000381469727,237894
2026-07-01 14:45:00,20.540000915527344,20.579999923706055,20.5,20.540000915527344,163953
2026-07-01 15:00:00,20.540000915527344,20.579999923706055,20.520000457763672,20.540000915527344,270563
2026-07-01 15:15:00,20.520000457763672,20.540000915527344,20.479999542236328,20.520000457763672,207101
2026-07-01 15:30:00,20.559999465942383,20.559999465942383,20.479999542236328,20.520000457763672,152260
2026-07-01 15:45:00,20.5,20.559999465942383,20.5,20.520000457763672,146312
2026-07-01 16:00:00,20.399999618530273,20.520000457763672,20.34000015258789,20.5,394090
2026-07-01 16:15:00,20.459999084472656,20.459999084472656,20.3799991607666,20.399999618530273,445445
2026-07-01 16:30:00,20.520000457763672,20.540000915527344,20.459999084472656,20.459999084472656,285335
2026-07-01 16:45:00,20.540000915527344,20.540000915527344,20.440000534057617,20.520000457763672,396900
2026-07-01 17:00:00,20.5,20.559999465942383,20.5,20.540000915527344,450005
2026-07-01 17:15:00,20.520000457763672,20.520000457763672,20.459999084472656,20.520000457763672,434053
2026-07-01 17:30:00,20.440000534057617,20.520000457763672,20.440000534057617,20.520000457763672,443676
2026-07-01 17:45:00,20.399999618530273,20.5,20.399999618530273,20.459999084472656,433032
2026-07-02 09:45:00,20.399999618530273,20.399999618530273,20.399999618530273,20.399999618530273,0
2026-07-02 10:00:00,20.559999465942383,20.579999923706055,20.399999618530273,20.399999618530273,351118
2026-07-02 10:15:00,20.799999237060547,20.799999237060547,20.559999465942383,20.559999465942383,880099
2026-07-02 10:30:00,20.760000228881836,20.799999237060547,20.65999984741211,20.799999237060547,372742
2026-07-02 10:45:00,20.6200008392334,20.799999237060547,20.6200008392334,20.760000228881836,542487
2026-07-02 11:00:00,20.760000228881836,20.799999237060547,20.600000381469727,20.6200008392334,290176
2026-07-02 11:15:00,20.760000228881836,20.81999969482422,20.739999771118164,20.739999771118164,208102
2026-07-02 11:30:00,20.760000228881836,20.780000686645508,20.739999771118164,20.760000228881836,121282
2026-07-02 11:45:00,20.719999313354492,20.760000228881836,20.700000762939453,20.760000228881836,120855
2026-07-02 12:00:00,20.68000030517578,20.739999771118164,20.68000030517578,20.719999313354492,58001
2026-07-02 12:15:00,20.719999313354492,20.780000686645508,20.68000030517578,20.68000030517578,130404
2026-07-02 12:30:00,20.700000762939453,20.719999313354492,20.68000030517578,20.719999313354492,79727
2026-07-02 12:45:00,20.65999984741211,20.719999313354492,20.6200008392334,20.700000762939453,148720
2026-07-02 13:00:00,20.6200008392334,20.65999984741211,20.600000381469727,20.639999389648438,86860
2026-07-02 13:15:00,20.600000381469727,20.6200008392334,20.579999923706055,20.600000381469727,102034
2026-07-02 13:30:00,20.559999465942383,20.639999389648438,20.559999465942383,20.600000381469727,146821
2026-07-02 13:45:00,20.479999542236328,20.579999923706055,20.459999084472656,20.559999465942383,230467
2026-07-02 14:00:00,20.579999923706055,20.600000381469727,20.459999084472656,20.479999542236328,209692
2026-07-02 14:15:00,20.559999465942383,20.600000381469727,20.540000915527344,20.579999923706055,183878
2026-07-02 14:30:00,20.559999465942383,20.579999923706055,20.540000915527344,20.559999465942383,162559
2026-07-02 14:45:00,20.520000457763672,20.579999923706055,20.5,20.559999465942383,33734
2026-07-02 15:00:00,20.540000915527344,20.559999465942383,20.5,20.520000457763672,116922
2026-07-02 15:15:00,20.559999465942383,20.559999465942383,20.540000915527344,20.540000915527344,35663
2026-07-02 15:30:00,20.579999923706055,20.65999984741211,20.579999923706055,20.579999923706055,210170
2026-07-02 15:45:00,20.6200008392334,20.65999984741211,20.559999465942383,20.559999465942383,152980
2026-07-02 16:00:00,20.600000381469727,20.65999984741211,20.579999923706055,20.639999389648438,144813
2026-07-02 16:15:00,20.559999465942383,20.6200008392334,20.459999084472656,20.600000381469727,217372
2026-07-02 16:30:00,20.579999923706055,20.6200008392334,20.559999465942383,20.559999465942383,218560
2026-07-02 16:45:00,20.579999923706055,20.6200008392334,20.559999465942383,20.600000381469727,127402
2026-07-02 17:00:00,20.540000915527344,20.600000381469727,20.540000915527344,20.600000381469727,88122
2026-07-02 17:15:00,20.5,20.540000915527344,20.479999542236328,20.520000457763672,141525
2026-07-02 17:30:00,20.5,20.540000915527344,20.479999542236328,20.5,168615
2026-07-02 17:45:00,20.5,20.540000915527344,20.479999542236328,20.5,718376
2026-07-03 09:45:00,20.579999923706055,20.579999923706055,20.579999923706055,20.579999923706055,0
2026-07-03 10:00:00,20.600000381469727,20.700000762939453,20.540000915527344,20.579999923706055,418449
2026-07-03 10:15:00,20.479999542236328,20.600000381469727,20.3799991607666,20.600000381469727,535472
2026-07-03 10:30:00,20.440000534057617,20.479999542236328,20.399999618530273,20.479999542236328,268618
2026-07-03 10:45:00,20.479999542236328,20.520000457763672,20.440000534057617,20.440000534057617,131800
2026-07-03 11:00:00,20.399999618530273,20.479999542236328,20.3799991607666,20.479999542236328,114116
2026-07-03 11:15:00,20.399999618530273,20.399999618530273,20.34000015258789,20.399999618530273,99228
2026-07-03 11:30:00,20.440000534057617,20.440000534057617,20.399999618530273,20.399999618530273,33759
2026-07-03 11:45:00,20.440000534057617,20.459999084472656,20.440000534057617,20.440000534057617,28141
2026-07-03 12:00:00,20.540000915527344,20.540000915527344,20.399999618530273,20.440000534057617,128999
2026-07-03 12:15:00,20.479999542236328,20.559999465942383,20.459999084472656,20.540000915527344,108085
2026-07-03 12:30:00,20.579999923706055,20.639999389648438,20.459999084472656,20.459999084472656,208345
2026-07-03 12:45:00,20.600000381469727,20.600000381469727,20.559999465942383,20.579999923706055,120811
2026-07-03 13:00:00,20.639999389648438,20.68000030517578,20.579999923706055,20.600000381469727,477112
2026-07-03 13:15:00,20.700000762939453,20.760000228881836,20.639999389648438,20.639999389648438,545582
2026-07-03 13:30:00,20.68000030517578,20.719999313354492,20.68000030517578,20.700000762939453,182360
2026-07-03 13:45:00,20.639999389648438,20.700000762939453,20.639999389648438,20.68000030517578,63002
2026-07-03 14:00:00,20.6200008392334,20.68000030517578,20.6200008392334,20.639999389648438,421296
2026-07-03 14:15:00,20.65999984741211,20.65999984741211,20.6200008392334,20.6200008392334,88232
2026-07-03 14:30:00,20.639999389648438,20.68000030517578,20.639999389648438,20.65999984741211,85295
2026-07-03 14:45:00,20.639999389648438,20.65999984741211,20.6200008392334,20.639999389648438,33995
2026-07-03 15:00:00,20.639999389648438,20.65999984741211,20.6200008392334,20.639999389648438,54198
2026-07-03 15:15:00,20.700000762939453,20.719999313354492,20.6200008392334,20.6200008392334,99059
2026-07-03 15:30:00,20.600000381469727,20.719999313354492,20.579999923706055,20.719999313354492,100903
2026-07-03 15:45:00,20.540000915527344,20.600000381469727,20.520000457763672,20.579999923706055,213161
2026-07-03 16:00:00,20.5,20.540000915527344,20.420000076293945,20.540000915527344,328024
2026-07-03 16:15:00,20.559999465942383,20.579999923706055,20.479999542236328,20.5,108684
2026-07-03 16:30:00,20.520000457763672,20.760000228881836,20.5,20.559999465942383,384922
2026-07-03 16:45:00,20.520000457763672,20.540000915527344,20.479999542236328,20.520000457763672,75282
2026-07-03 17:00:00,20.520000457763672,20.520000457763672,20.479999542236328,20.5,85026
2026-07-03 17:15:00,20.479999542236328,20.540000915527344,20.420000076293945,20.520000457763672,248893
2026-07-03 17:30:00,20.479999542236328,20.5,20.440000534057617,20.479999542236328,201259
2026-07-03 17:45:00,20.540000915527344,20.540000915527344,20.459999084472656,20.479999542236328,315274
2026-07-06 09:45:00,20.6200008392334,20.6200008392334,20.6200008392334,20.6200008392334,0
2026-07-06 10:00:00,20.739999771118164,20.81999969482422,20.600000381469727,20.6200008392334,745991
2026-07-06 10:15:00,20.799999237060547,20.8799991607666,20.719999313354492,20.739999771118164,351832
2026-07-06 10:30:00,20.81999969482422,20.899999618530273,20.760000228881836,20.799999237060547,450841
2026-07-06 10:45:00,20.81999969482422,20.959999084472656,20.799999237060547,20.81999969482422,354102
2026-07-06 11:00:00,20.780000686645508,20.81999969482422,20.700000762939453,20.81999969482422,474041
2026-07-06 11:15:00,20.780000686645508,20.780000686645508,20.739999771118164,20.780000686645508,94163
2026-07-06 11:30:00,20.719999313354492,20.780000686645508,20.65999984741211,20.760000228881836,203043
2026-07-06 11:45:00,20.719999313354492,20.739999771118164,20.68000030517578,20.719999313354492,166911
2026-07-06 12:00:00,20.760000228881836,20.780000686645508,20.719999313354492,20.739999771118164,47491
2026-07-06 12:15:00,20.719999313354492,20.760000228881836,20.719999313354492,20.760000228881836,105384
2026-07-06 12:30:00,20.700000762939453,20.719999313354492,20.6200008392334,20.719999313354492,173367
2026-07-06 12:45:00,20.639999389648438,20.719999313354492,20.639999389648438,20.700000762939453,84646
2026-07-06 13:00:00,20.68000030517578,20.700000762939453,20.639999389648438,20.65999984741211,120319
2026-07-06 13:15:00,20.68000030517578,20.68000030517578,20.639999389648438,20.68000030517578,44671
2026-07-06 13:30:00,20.639999389648438,20.700000762939453,20.579999923706055,20.68000030517578,126889
2026-07-06 13:45:00,20.65999984741211,20.68000030517578,20.6200008392334,20.639999389648438,46318
2026-07-06 14:00:00,20.6200008392334,20.65999984741211,20.600000381469727,20.65999984741211,46163
2026-07-06 14:15:00,20.600000381469727,20.639999389648438,20.600000381469727,20.600000381469727,89502
2026-07-06 14:30:00,20.6200008392334,20.65999984741211,20.579999923706055,20.579999923706055,76601
2026-07-06 14:45:00,20.639999389648438,20.65999984741211,20.6200008392334,20.6200008392334,35659
2026-07-06 15:00:00,20.6200008392334,20.700000762939453,20.600000381469727,20.6200008392334,228038
2026-07-06 15:15:00,20.600000381469727,20.6200008392334,20.540000915527344,20.6200008392334,658376
2026-07-06 15:30:00,20.579999923706055,20.639999389648438,20.579999923706055,20.6200008392334,115740
2026-07-06 15:45:00,20.579999923706055,20.600000381469727,20.520000457763672,20.559999465942383,107330
2026-07-06 16:00:00,20.600000381469727,20.6200008392334,20.559999465942383,20.600000381469727,74479
2026-07-06 16:15:00,20.559999465942383,20.600000381469727,20.559999465942383,20.600000381469727,39057
2026-07-06 16:30:00,20.579999923706055,20.600000381469727,20.559999465942383,20.559999465942383,35701
2026-07-06 16:45:00,20.579999923706055,20.600000381469727,20.559999465942383,20.579999923706055,60895
2026-07-06 17:00:00,20.600000381469727,20.6200008392334,20.559999465942383,20.579999923706055,66167
2026-07-06 17:15:00,20.600000381469727,20.6200008392334,20.579999923706055,20.600000381469727,208737
2026-07-06 17:30:00,20.579999923706055,20.600000381469727,20.559999465942383,20.600000381469727,136313
2026-07-06 17:45:00,20.65999984741211,20.65999984741211,20.559999465942383,20.559999465942383,513045
2026-07-07 09:45:00,20.639999389648438,20.639999389648438,20.639999389648438,20.639999389648438,0
2026-07-07 10:00:00,20.760000228881836,20.799999237060547,20.540000915527344,20.6200008392334,278784
2026-07-07 10:15:00,20.780000686645508,20.799999237060547,20.719999313354492,20.760000228881836,136662
2026-07-07 10:30:00,20.780000686645508,20.81999969482422,20.719999313354492,20.780000686645508,273386
2026-07-07 10:45:00,20.68000030517578,20.760000228881836,20.399999618530273,20.760000228881836,1902320
2026-07-07 11:00:00,20.639999389648438,20.68000030517578,20.6200008392334,20.68000030517578,138820
2026-07-07 11:15:00,20.639999389648438,20.700000762939453,20.6200008392334,20.639999389648438,99619
2026-07-07 11:30:00,20.600000381469727,20.65999984741211,20.600000381469727,20.639999389648438,56610
2026-07-07 11:45:00,20.559999465942383,20.6200008392334,20.540000915527344,20.600000381469727,150390
2026-07-07 12:00:00,20.520000457763672,20.579999923706055,20.520000457763672,20.559999465942383,269065
2026-07-07 12:15:00,20.440000534057617,20.540000915527344,20.420000076293945,20.520000457763672,217335
2026-07-07 12:30:00,20.440000534057617,20.479999542236328,20.399999618530273,20.440000534057617,369958
2026-07-07 12:45:00,20.399999618530273,20.479999542236328,20.399999618530273,20.440000534057617,197920
2026-07-07 13:00:00,20.440000534057617,20.459999084472656,20.3799991607666,20.399999618530273,141095
2026-07-07 13:15:00,20.459999084472656,20.459999084472656,20.440000534057617,20.440000534057617,16705
2026-07-07 13:30:00,20.5,20.5,20.440000534057617,20.459999084472656,44664
2026-07-07 13:45:00,20.639999389648438,20.700000762939453,20.479999542236328,20.479999542236328,792485
2026-07-07 14:00:00,20.639999389648438,20.65999984741211,20.600000381469727,20.639999389648438,89726
2026-07-07 14:15:00,20.6200008392334,20.739999771118164,20.600000381469727,20.65999984741211,287617
2026-07-07 14:30:00,20.600000381469727,20.68000030517578,20.520000457763672,20.639999389648438,473440
2026-07-07 14:45:00,20.639999389648438,20.65999984741211,20.600000381469727,20.6200008392334,81627
2026-07-07 15:00:00,20.719999313354492,20.739999771118164,20.639999389648438,20.639999389648438,104067
2026-07-07 15:15:00,20.719999313354492,20.739999771118164,20.68000030517578,20.719999313354492,65044
2026-07-07 15:30:00,20.719999313354492,20.739999771118164,20.700000762939453,20.719999313354492,141572
2026-07-07 15:45:00,20.719999313354492,20.760000228881836,20.700000762939453,20.739999771118164,119446
2026-07-07 16:00:00,20.65999984741211,20.739999771118164,20.6200008392334,20.719999313354492,364898
2026-07-07 16:15:00,20.559999465942383,20.639999389648438,20.540000915527344,20.639999389648438,139553
2026-07-07 16:30:00,20.600000381469727,20.6200008392334,20.559999465942383,20.559999465942383,105832
2026-07-07 16:45:00,20.559999465942383,20.600000381469727,20.520000457763672,20.600000381469727,95074
2026-07-07 17:00:00,20.68000030517578,20.700000762939453,20.579999923706055,20.579999923706055,267289
2026-07-07 17:15:00,20.65999984741211,20.68000030517578,20.6200008392334,20.68000030517578,374784
2026-07-07 17:30:00,20.559999465942383,20.65999984741211,20.559999465942383,20.65999984741211,449906
2026-07-07 17:45:00,20.520000457763672,20.559999465942383,20.479999542236328,20.559999465942383,398903
2026-07-08 09:45:00,20.440000534057617,20.440000534057617,20.440000534057617,20.440000534057617,0
2026-07-08 10:00:00,20.31999969482422,20.459999084472656,20.260000228881836,20.440000534057617,598823
2026-07-08 10:15:00,20.31999969482422,20.31999969482422,20.239999771118164,20.299999237060547,215949
2026-07-08 10:30:00,20.5,20.540000915527344,20.31999969482422,20.31999969482422,710408
2026-07-08 10:45:00,20.600000381469727,20.6200008392334,20.5,20.5,398079
2026-07-08 11:00:00,20.65999984741211,20.700000762939453,20.520000457763672,20.600000381469727,329727
2026-07-08 11:15:00,20.260000228881836,20.65999984741211,20.219999313354492,20.65999984741211,1019930
2026-07-08 11:30:00,20.239999771118164,20.459999084472656,20.200000762939453,20.280000686645508,1363423
2026-07-08 11:45:00,20.239999771118164,20.299999237060547,20.200000762939453,20.219999313354492,198999
2026-07-08 12:00:00,20.1200008392334,20.260000228881836,20.1200008392334,20.239999771118164,335004
2026-07-08 12:15:00,20.200000762939453,20.219999313354492,20.100000381469727,20.1200008392334,358499
2026-07-08 12:30:00,20.15999984741211,20.219999313354492,20.139999389648438,20.219999313354492,227742
2026-07-08 12:45:00,20.18000030517578,20.200000762939453,20.15999984741211,20.15999984741211,114437
2026-07-08 13:00:00,20.139999389648438,20.200000762939453,20.139999389648438,20.200000762939453,71445
2026-07-08 13:15:00,20.18000030517578,20.200000762939453,20.1200008392334,20.15999984741211,72355
2026-07-08 13:30:00,20.15999984741211,20.200000762939453,20.139999389648438,20.18000030517578,83246
2026-07-08 13:45:00,20.100000381469727,20.200000762939453,20.079999923706055,20.139999389648438,192055
2026-07-08 14:00:00,20.360000610351562,20.3799991607666,20.079999923706055,20.100000381469727,621434
2026-07-08 14:15:00,20.34000015258789,20.440000534057617,20.34000015258789,20.360000610351562,427313
2026-07-08 14:30:00,20.420000076293945,20.420000076293945,20.360000610351562,20.360000610351562,366026
2026-07-08 14:45:00,20.31999969482422,20.440000534057617,20.299999237060547,20.420000076293945,210250
2026-07-08 15:00:00,20.299999237060547,20.31999969482422,20.299999237060547,20.31999969482422,77804
2026-07-08 15:15:00,20.31999969482422,20.399999618530273,20.31999969482422,20.31999969482422,135040
2026-07-08 15:30:00,20.360000610351562,20.3799991607666,20.31999969482422,20.31999969482422,106551
2026-07-08 15:45:00,20.34000015258789,20.420000076293945,20.34000015258789,20.360000610351562,121969
2026-07-08 16:00:00,20.299999237060547,20.360000610351562,20.280000686645508,20.34000015258789,152994
2026-07-08 16:15:00,20.3799991607666,20.420000076293945,20.280000686645508,20.299999237060547,301845
2026-07-08 16:30:00,20.360000610351562,20.440000534057617,20.34000015258789,20.3799991607666,354527
2026-07-08 16:45:00,20.360000610351562,20.3799991607666,20.34000015258789,20.3799991607666,61673
2026-07-08 17:00:00,20.360000610351562,20.479999542236328,20.360000610351562,20.360000610351562,641562
2026-07-08 17:15:00,20.31999969482422,20.3799991607666,20.31999969482422,20.360000610351562,396324
2026-07-08 17:30:00,20.280000686645508,20.420000076293945,20.239999771118164,20.299999237060547,953891
2026-07-08 17:45:00,20.299999237060547,20.420000076293945,20.239999771118164,20.280000686645508,937300
2026-07-09 09:45:00,20.399999618530273,20.399999618530273,20.399999618530273,20.399999618530273,0
2026-07-09 10:00:00,20.299999237060547,20.440000534057617,20.239999771118164,20.399999618530273,307108
2026-07-09 10:15:00,20.299999237060547,20.3799991607666,20.280000686645508,20.280000686645508,165917
2026-07-09 10:30:00,20.34000015258789,20.34000015258789,20.260000228881836,20.31999969482422,122848
2026-07-09 10:45:00,20.299999237060547,20.440000534057617,20.280000686645508,20.360000610351562,187321
2026-07-09 11:00:00,20.280000686645508,20.299999237060547,20.260000228881836,20.280000686645508,41904
2026-07-09 11:15:00,20.299999237060547,20.31999969482422,20.260000228881836,20.280000686645508,98124
2026-07-09 11:30:00,20.219999313354492,20.299999237060547,20.18000030517578,20.299999237060547,186879
2026-07-09 11:45:00,20.260000228881836,20.280000686645508,20.18000030517578,20.219999313354492,109465
2026-07-09 12:00:00,20.18000030517578,20.280000686645508,20.18000030517578,20.260000228881836,187795
2026-07-09 12:15:00,20.139999389648438,20.200000762939453,20.139999389648438,20.18000030517578,103053
2026-07-09 12:30:00,20.1200008392334,20.18000030517578,20.1200008392334,20.15999984741211,178558
2026-07-09 12:45:00,20.200000762939453,20.200000762939453,20.1200008392334,20.1200008392334,39213
2026-07-09 13:00:00,20.15999984741211,20.200000762939453,20.15999984741211,20.200000762939453,23535
2026-07-09 13:15:00,20.1200008392334,20.15999984741211,20.100000381469727,20.139999389648438,96541
2026-07-09 13:30:00,20.100000381469727,20.15999984741211,20.079999923706055,20.1200008392334,333028
2026-07-09 13:45:00,20.079999923706055,20.100000381469727,20.059999465942383,20.100000381469727,107366
2026-07-09 14:00:00,20.219999313354492,20.299999237060547,20.100000381469727,20.100000381469727,571226
2026-07-09 14:15:00,20.219999313354492,20.31999969482422,20.219999313354492,20.239999771118164,520403
2026-07-09 14:30:00,20.280000686645508,20.280000686645508,20.239999771118164,20.239999771118164,163387
2026-07-09 14:45:00,20.280000686645508,20.280000686645508,20.260000228881836,20.260000228881836,53873
2026-07-09 15:00:00,20.239999771118164,20.280000686645508,20.239999771118164,20.260000228881836,80600
2026-07-09 15:15:00,20.260000228881836,20.260000228881836,20.239999771118164,20.239999771118164,61905
2026-07-09 15:30:00,20.219999313354492,20.280000686645508,20.219999313354492,20.260000228881836,370623
2026-07-09 15:45:00,20.239999771118164,20.280000686645508,20.219999313354492,20.239999771118164,281502
2026-07-09 16:00:00,20.239999771118164,20.260000228881836,20.219999313354492,20.239999771118164,99898
2026-07-09 16:15:00,20.239999771118164,20.239999771118164,20.219999313354492,20.219999313354492,58360
2026-07-09 16:30:00,20.219999313354492,20.239999771118164,20.18000030517578,20.219999313354492,91241
2026-07-09 16:45:00,20.31999969482422,20.31999969482422,20.18000030517578,20.219999313354492,161693
2026-07-09 17:00:00,20.31999969482422,20.360000610351562,20.239999771118164,20.31999969482422,309872
2026-07-09 17:15:00,20.260000228881836,20.31999969482422,20.239999771118164,20.31999969482422,527596
2026-07-09 17:30:00,20.34000015258789,20.34000015258789,20.260000228881836,20.260000228881836,513248
2026-07-09 17:45:00,20.31999969482422,20.360000610351562,20.299999237060547,20.31999969482422,315850
2026-07-10 09:45:00,20.299999237060547,20.299999237060547,20.299999237060547,20.299999237060547,0
2026-07-10 10:00:00,20.639999389648438,20.700000762939453,20.34000015258789,20.34000015258789,398249
2026-07-10 10:15:00,20.65999984741211,20.68000030517578,20.600000381469727,20.639999389648438,337452
2026-07-10 10:30:00,20.719999313354492,20.760000228881836,20.639999389648438,20.65999984741211,462173
2026-07-10 10:45:00,20.700000762939453,20.739999771118164,20.68000030517578,20.719999313354492,121561
2026-07-10 11:00:00,20.760000228881836,20.760000228881836,20.68000030517578,20.68000030517578,131984
2026-07-10 11:15:00,20.899999618530273,20.940000534057617,20.739999771118164,20.760000228881836,890616
2026-07-10 11:30:00,20.84000015258789,20.920000076293945,20.799999237060547,20.899999618530273,240306
2026-07-10 11:45:00,20.81999969482422,20.84000015258789,20.799999237060547,20.84000015258789,57577
2026-07-10 12:00:00,20.8799991607666,20.940000534057617,20.760000228881836,20.84000015258789,544020
2026-07-10 12:15:00,20.8799991607666,20.899999618530273,20.8799991607666,20.8799991607666,32840
2026-07-10 12:30:00,20.940000534057617,20.959999084472656,20.860000610351562,20.8799991607666,344210
2026-07-10 12:45:00,20.860000610351562,21.0,20.860000610351562,20.940000534057617,392517
2026-07-10 13:00:00,20.760000228881836,20.8799991607666,20.760000228881836,20.8799991607666,124074
2026-07-10 13:15:00,20.760000228881836,20.799999237060547,20.700000762939453,20.739999771118164,137200
2026-07-10 13:30:00,20.700000762939453,20.780000686645508,20.700000762939453,20.760000228881836,217245
2026-07-10 13:45:00,20.65999984741211,20.719999313354492,20.65999984741211,20.700000762939453,77503
2026-07-10 14:00:00,20.739999771118164,20.780000686645508,20.65999984741211,20.68000030517578,191061
2026-07-10 14:15:00,20.84000015258789,20.860000610351562,20.719999313354492,20.760000228881836,321956
2026-07-10 14:30:00,20.84000015258789,20.860000610351562,20.81999969482422,20.860000610351562,164611
2026-07-10 14:45:00,20.860000610351562,20.920000076293945,20.81999969482422,20.84000015258789,439905
2026-07-10 15:00:00,20.940000534057617,20.959999084472656,20.81999969482422,20.860000610351562,386414
2026-07-10 15:15:00,20.959999084472656,21.0,20.899999618530273,20.920000076293945,582138
2026-07-10 15:30:00,20.959999084472656,21.0,20.920000076293945,20.959999084472656,361926
2026-07-10 15:45:00,20.860000610351562,21.0,20.84000015258789,20.959999084472656,262850
2026-07-10 16:00:00,20.940000534057617,20.979999542236328,20.84000015258789,20.860000610351562,322213
2026-07-10 16:15:00,21.0,21.059999465942383,20.899999618530273,20.940000534057617,972192
2026-07-10 16:30:00,21.15999984741211,21.18000030517578,21.0,21.0,1463249
2026-07-10 16:45:00,21.200000762939453,21.219999313354492,21.100000381469727,21.15999984741211,1120050
2026-07-10 17:00:00,21.200000762939453,21.219999313354492,21.18000030517578,21.219999313354492,200814
2026-07-10 17:15:00,21.239999771118164,21.260000228881836,21.200000762939453,21.200000762939453,232524
2026-07-10 17:30:00,21.260000228881836,21.299999237060547,21.100000381469727,21.239999771118164,1203309
2026-07-10 17:45:00,21.200000762939453,21.260000228881836,21.15999984741211,21.260000228881836,525466
2026-07-13 09:45:00,20.959999084472656,20.959999084472656,20.959999084472656,20.959999084472656,0
2026-07-13 10:00:00,21.040000915527344,21.059999465942383,20.959999084472656,20.979999542236328,377390
2026-07-13 10:15:00,20.920000076293945,21.040000915527344,20.899999618530273,21.020000457763672,303535
2026-07-13 10:30:00,20.920000076293945,20.959999084472656,20.8799991607666,20.899999618530273,299499
2026-07-13 10:45:00,20.739999771118164,20.940000534057617,20.719999313354492,20.920000076293945,474902
2026-07-13 11:00:00,21.100000381469727,21.1200008392334,20.719999313354492,20.739999771118164,667461
2026-07-13 11:15:00,21.079999923706055,21.18000030517578,21.059999465942383,21.100000381469727,256611
2026-07-13 11:30:00,21.079999923706055,21.1200008392334,21.0,21.079999923706055,160423
2026-07-13 11:45:00,21.020000457763672,21.100000381469727,21.020000457763672,21.100000381469727,62067
2026-07-13 12:00:00,21.079999923706055,21.5,20.959999084472656,21.040000915527344,1018125
2026-07-13 12:15:00,21.079999923706055,21.100000381469727,21.020000457763672,21.059999465942383,191298
2026-07-13 12:30:00,20.920000076293945,21.079999923706055,20.899999618530273,21.059999465942383,241872
2026-07-13 12:45:00,20.940000534057617,20.959999084472656,20.899999618530273,20.920000076293945,47134
2026-07-13 13:00:00,20.959999084472656,20.979999542236328,20.920000076293945,20.920000076293945,112920
2026-07-13 13:15:00,20.920000076293945,20.979999542236328,20.920000076293945,20.959999084472656,98712
2026-07-13 13:30:00,21.0,21.059999465942383,20.920000076293945,20.920000076293945,77405
2026-07-13 13:45:00,21.040000915527344,21.040000915527344,20.979999542236328,21.0,156735
2026-07-13 14:00:00,21.040000915527344,21.079999923706055,21.040000915527344,21.040000915527344,85949
2026-07-13 14:15:00,21.059999465942383,21.079999923706055,21.020000457763672,21.020000457763672,73572
2026-07-13 14:30:00,21.100000381469727,21.139999389648438,21.059999465942383,21.059999465942383,92467
2026-07-13 14:45:00,21.040000915527344,21.100000381469727,21.020000457763672,21.100000381469727,92321
2026-07-13 15:00:00,21.059999465942383,21.059999465942383,21.020000457763672,21.059999465942383,65509
2026-07-13 15:15:00,21.020000457763672,21.079999923706055,20.979999542236328,21.059999465942383,179742
2026-07-13 15:30:00,21.020000457763672,21.059999465942383,21.020000457763672,21.020000457763672,90859
2026-07-13 15:45:00,21.079999923706055,21.079999923706055,21.0,21.020000457763672,187442
2026-07-13 16:00:00,21.059999465942383,21.100000381469727,21.040000915527344,21.079999923706055,94252
2026-07-13 16:15:00,21.18000030517578,21.200000762939453,21.040000915527344,21.040000915527344,318193
2026-07-13 16:30:00,21.200000762939453,21.219999313354492,21.15999984741211,21.200000762939453,442283
2026-07-13 16:45:00,21.18000030517578,21.299999237060547,21.139999389648438,21.200000762939453,584549
2026-07-13 17:00:00,21.219999313354492,21.280000686645508,21.18000030517578,21.200000762939453,361333
2026-07-13 17:15:00,21.219999313354492,21.239999771118164,21.18000030517578,21.200000762939453,213115
2026-07-13 17:30:00,21.219999313354492,21.260000228881836,21.18000030517578,21.219999313354492,265402
2026-07-13 17:45:00,21.219999313354492,21.239999771118164,21.079999923706055,21.239999771118164,484413
2026-07-14 09:45:00,21.059999465942383,21.059999465942383,21.059999465942383,21.059999465942383,0
2026-07-14 10:00:00,21.18000030517578,21.200000762939453,21.059999465942383,21.059999465942383,175638
2026-07-14 10:15:00,21.18000030517578,21.200000762939453,21.079999923706055,21.18000030517578,147435
2026-07-14 10:30:00,21.1200008392334,21.18000030517578,21.100000381469727,21.15999984741211,99559
2026-07-14 10:45:00,21.15999984741211,21.18000030517578,21.100000381469727,21.1200008392334,45084
2026-07-14 11:00:00,21.1200008392334,21.15999984741211,21.100000381469727,21.15999984741211,48819
2026-07-14 11:15:00,21.420000076293945,21.479999542236328,21.100000381469727,21.1200008392334,685836
2026-07-14 11:30:00,21.600000381469727,21.6200008392334,21.420000076293945,21.440000534057617,884233
2026-07-14 11:45:00,21.399999618530273,21.639999389648438,21.3799991607666,21.6200008392334,987810
2026-07-14 12:00:00,21.399999618530273,21.459999084472656,21.399999618530273,21.440000534057617,57122
2026-07-14 12:15:00,21.31999969482422,21.440000534057617,21.31999969482422,21.399999618530273,185536
2026-07-14 12:30:00,21.280000686645508,21.299999237060547,21.219999313354492,21.299999237060547,116994
2026-07-14 12:45:00,21.420000076293945,21.459999084472656,21.239999771118164,21.260000228881836,262331
2026-07-14 13:00:00,21.399999618530273,21.420000076293945,21.360000610351562,21.420000076293945,240335
2026-07-14 13:15:00,21.420000076293945,21.440000534057617,21.399999618530273,21.399999618530273,26198
2026-07-14 13:30:00,21.399999618530273,21.440000534057617,21.34000015258789,21.399999618530273,139743
2026-07-14 13:45:00,21.3799991607666,21.399999618530273,21.360000610351562,21.399999618530273,225334
2026-07-14 14:00:00,21.219999313354492,21.399999618530273,21.219999313354492,21.399999618530273,356274
2026-07-14 14:15:00,21.280000686645508,21.299999237060547,21.15999984741211,21.219999313354492,372793
2026-07-14 14:30:00,21.260000228881836,21.440000534057617,21.260000228881836,21.280000686645508,734376
2026-07-14 14:45:00,21.360000610351562,21.360000610351562,21.239999771118164,21.260000228881836,191935
2026-07-14 15:00:00,21.34000015258789,21.34000015258789,21.299999237060547,21.34000015258789,68948
2026-07-14 15:15:00,21.399999618530273,21.420000076293945,21.34000015258789,21.34000015258789,63310
2026-07-14 15:30:00,21.360000610351562,21.479999542236328,21.360000610351562,21.399999618530273,177137
2026-07-14 15:45:00,21.280000686645508,21.360000610351562,21.280000686645508,21.360000610351562,100565
2026-07-14 16:00:00,21.31999969482422,21.34000015258789,21.239999771118164,21.280000686645508,307026
2026-07-14 16:15:00,21.260000228881836,21.3799991607666,21.239999771118164,21.31999969482422,386493
2026-07-14 16:30:00,21.260000228881836,21.280000686645508,21.200000762939453,21.260000228881836,268597
2026-07-14 16:45:00,21.299999237060547,21.31999969482422,21.239999771118164,21.239999771118164,387532
2026-07-14 17:00:00,21.34000015258789,21.34000015258789,21.299999237060547,21.31999969482422,64046
2026-07-14 17:15:00,21.299999237060547,21.34000015258789,21.299999237060547,21.34000015258789,37966
2026-07-14 17:30:00,21.280000686645508,21.31999969482422,21.280000686645508,21.299999237060547,297255
2026-07-14 17:45:00,21.299999237060547,21.31999969482422,21.200000762939453,21.280000686645508,939284
2026-07-16 09:45:00,21.299999237060547,21.299999237060547,21.299999237060547,21.299999237060547,0
2026-07-16 10:00:00,21.600000381469727,21.600000381469727,21.299999237060547,21.360000610351562,465931
2026-07-16 10:15:00,21.639999389648438,21.65999984741211,21.600000381469727,21.600000381469727,223114
2026-07-16 10:30:00,21.6200008392334,21.65999984741211,21.559999465942383,21.639999389648438,111852
2026-07-16 10:45:00,21.700000762939453,21.700000762939453,21.600000381469727,21.6200008392334,126107
2026-07-16 11:00:00,21.65999984741211,21.700000762939453,21.600000381469727,21.700000762939453,189781
2026-07-16 11:15:00,21.600000381469727,21.68000030517578,21.600000381469727,21.65999984741211,232733
2026-07-16 11:30:00,21.559999465942383,21.639999389648438,21.559999465942383,21.6200008392334,75234
2026-07-16 11:45:00,21.579999923706055,21.6200008392334,21.520000457763672,21.559999465942383,163189
2026-07-16 12:00:00,21.579999923706055,21.6200008392334,21.579999923706055,21.600000381469727,113582
2026-07-16 12:15:00,21.639999389648438,21.639999389648438,21.579999923706055,21.579999923706055,79836
2026-07-16 12:30:00,21.639999389648438,21.65999984741211,21.6200008392334,21.639999389648438,52329
2026-07-16 12:45:00,21.559999465942383,21.6200008392334,21.540000915527344,21.6200008392334,77025
2026-07-16 13:00:00,21.559999465942383,21.559999465942383,21.520000457763672,21.540000915527344,88774
2026-07-16 13:15:00,21.540000915527344,21.579999923706055,21.520000457763672,21.559999465942383,81009
2026-07-16 13:30:00,21.520000457763672,21.540000915527344,21.520000457763672,21.540000915527344,41724
2026-07-16 13:45:00,21.579999923706055,21.600000381469727,21.520000457763672,21.540000915527344,54218
2026-07-16 14:00:00,21.540000915527344,21.579999923706055,21.520000457763672,21.579999923706055,107605
2026-07-16 14:15:00,21.520000457763672,21.540000915527344,21.520000457763672,21.540000915527344,54143
2026-07-16 14:30:00,21.639999389648438,21.639999389648438,21.479999542236328,21.520000457763672,423245
2026-07-16 14:45:00,21.6200008392334,21.639999389648438,21.540000915527344,21.6200008392334,201033
2026-07-16 15:00:00,21.559999465942383,21.6200008392334,21.559999465942383,21.6200008392334,158108
2026-07-16 15:15:00,21.600000381469727,21.600000381469727,21.540000915527344,21.559999465942383,55675
2026-07-16 15:30:00,21.479999542236328,21.600000381469727,21.459999084472656,21.600000381469727,144578
2026-07-16 15:45:00,21.520000457763672,21.540000915527344,21.479999542236328,21.479999542236328,67441
2026-07-16 16:00:00,21.6200008392334,21.639999389648438,21.5,21.520000457763672,114586
2026-07-16 16:15:00,21.600000381469727,21.68000030517578,21.600000381469727,21.6200008392334,189956
2026-07-16 16:30:00,21.6200008392334,21.639999389648438,21.600000381469727,21.6200008392334,98129
2026-07-16 16:45:00,21.6200008392334,21.6200008392334,21.579999923706055,21.6200008392334,66206
2026-07-16 17:00:00,21.579999923706055,21.6200008392334,21.579999923706055,21.6200008392334,12732
2026-07-16 17:15:00,21.6200008392334,21.6200008392334,21.559999465942383,21.579999923706055,121639
2026-07-16 17:30:00,21.559999465942383,21.6200008392334,21.520000457763672,21.6200008392334,141093
2026-07-16 17:45:00,21.5,21.559999465942383,21.459999084472656,21.540000915527344,296940
2026-07-17 09:45:00,21.520000457763672,21.520000457763672,21.520000457763672,21.520000457763672,0
2026-07-17 10:00:00,21.559999465942383,21.6200008392334,21.459999084472656,21.520000457763672,271506
2026-07-17 10:15:00,21.6200008392334,21.700000762939453,21.559999465942383,21.559999465942383,357393
2026-07-17 10:30:00,21.479999542236328,21.6200008392334,21.440000534057617,21.6200008392334,341107
2026-07-17 10:45:00,21.479999542236328,21.5,21.440000534057617,21.479999542236328,118636
2026-07-17 11:00:00,21.440000534057617,21.5,21.420000076293945,21.459999084472656,72572
2026-07-17 11:15:00,21.440000534057617,21.459999084472656,21.420000076293945,21.440000534057617,34286
2026-07-17 11:30:00,21.440000534057617,21.459999084472656,21.399999618530273,21.420000076293945,124975
2026-07-17 11:45:00,21.459999084472656,21.5,21.420000076293945,21.440000534057617,86458
2026-07-17 12:00:00,21.479999542236328,21.479999542236328,21.459999084472656,21.479999542236328,25814
2026-07-17 12:15:00,21.5,21.540000915527344,21.479999542236328,21.479999542236328,67655
2026-07-17 12:30:00,21.34000015258789,21.5,21.219999313354492,21.5,1550130
2026-07-17 12:45:00,21.18000030517578,21.34000015258789,21.18000030517578,21.34000015258789,1606471
2026-07-17 13:00:00,21.239999771118164,21.260000228881836,21.15999984741211,21.18000030517578,175833
2026-07-17 13:15:00,21.31999969482422,21.34000015258789,21.239999771118164,21.239999771118164,154830
2026-07-17 13:30:00,21.360000610351562,21.360000610351562,21.299999237060547,21.31999969482422,51057
2026-07-17 13:45:00,21.360000610351562,21.3799991607666,21.34000015258789,21.34000015258789,41876
2026-07-17 14:00:00,21.34000015258789,21.360000610351562,21.34000015258789,21.360000610351562,48591
2026-07-17 14:15:00,21.34000015258789,21.360000610351562,21.31999969482422,21.34000015258789,54750
2026-07-17 14:30:00,21.34000015258789,21.360000610351562,21.34000015258789,21.34000015258789,103737
2026-07-17 14:45:00,21.3799991607666,21.399999618530273,21.34000015258789,21.34000015258789,114810
2026-07-17 15:00:00,21.399999618530273,21.399999618530273,21.360000610351562,21.3799991607666,96990
2026-07-17 15:15:00,21.360000610351562,21.399999618530273,21.34000015258789,21.3799991607666,96215
2026-07-17 15:30:00,21.399999618530273,21.420000076293945,21.360000610351562,21.360000610351562,73696
2026-07-17 15:45:00,21.420000076293945,21.440000534057617,21.399999618530273,21.399999618530273,97870
2026-07-17 16:00:00,21.399999618530273,21.440000534057617,21.3799991607666,21.420000076293945,54555
2026-07-17 16:15:00,21.3799991607666,21.420000076293945,21.360000610351562,21.399999618530273,70415
2026-07-17 16:30:00,21.420000076293945,21.479999542236328,21.3799991607666,21.3799991607666,133986
2026-07-17 16:45:00,21.459999084472656,21.5,21.440000534057617,21.440000534057617,99922
2026-07-17 17:00:00,21.420000076293945,21.479999542236328,21.420000076293945,21.459999084472656,50433
2026-07-17 17:15:00,21.399999618530273,21.440000534057617,21.3799991607666,21.440000534057617,162378
2026-07-17 17:30:00,21.34000015258789,21.399999618530273,21.31999969482422,21.399999618530273,444570
2026-07-17 17:45:00,21.219999313354492,21.34000015258789,21.200000762939453,21.34000015258789,603587
2026-07-20 09:45:00,21.299999237060547,21.299999237060547,21.299999237060547,21.299999237060547,0
2026-07-20 10:00:00,21.200000762939453,21.299999237060547,21.079999923706055,21.299999237060547,177760
2026-07-20 10:15:00,21.31999969482422,21.34000015258789,21.18000030517578,21.18000030517578,82884
2026-07-20 10:30:00,21.200000762939453,21.31999969482422,21.18000030517578,21.31999969482422,108981
2026-07-20 10:45:00,21.219999313354492,21.260000228881836,21.15999984741211,21.200000762939453,124330
2026-07-20 11:00:00,21.239999771118164,21.239999771118164,21.18000030517578,21.219999313354492,66410
2026-07-20 11:15:00,21.219999313354492,21.280000686645508,21.219999313354492,21.239999771118164,52457
2026-07-20 11:30:00,21.200000762939453,21.219999313354492,21.18000030517578,21.200000762939453,23267
2026-07-20 11:45:00,21.18000030517578,21.200000762939453,21.15999984741211,21.18000030517578,39122
2026-07-20 12:00:00,21.139999389648438,21.18000030517578,21.139999389648438,21.15999984741211,127856
2026-07-20 12:15:00,21.139999389648438,21.139999389648438,21.1200008392334,21.139999389648438,161979
2026-07-20 12:30:00,21.15999984741211,21.18000030517578,21.139999389648438,21.139999389648438,83878
2026-07-20 12:45:00,21.18000030517578,21.200000762939453,21.15999984741211,21.15999984741211,9747
2026-07-20 13:00:00,21.200000762939453,21.219999313354492,21.15999984741211,21.15999984741211,21384
2026-07-20 13:15:00,21.18000030517578,21.200000762939453,21.139999389648438,21.200000762939453,72649
2026-07-20 13:30:00,21.219999313354492,21.219999313354492,21.15999984741211,21.18000030517578,21003
2026-07-20 13:45:00,21.260000228881836,21.280000686645508,21.18000030517578,21.219999313354492,37462
2026-07-20 14:00:00,21.260000228881836,21.299999237060547,21.219999313354492,21.260000228881836,74145
2026-07-20 14:15:00,21.260000228881836,21.31999969482422,21.239999771118164,21.260000228881836,103892
2026-07-20 14:30:00,21.3799991607666,21.420000076293945,21.280000686645508,21.280000686645508,260544
2026-07-20 14:45:00,21.459999084472656,21.459999084472656,21.3799991607666,21.399999618530273,168328
2026-07-20 15:00:00,21.639999389648438,21.65999984741211,21.440000534057617,21.459999084472656,800369
2026-07-20 15:15:00,21.6200008392334,21.65999984741211,21.579999923706055,21.639999389648438,625110
2026-07-20 15:30:00,21.6200008392334,21.65999984741211,21.579999923706055,21.6200008392334,421653
2026-07-20 15:45:00,21.600000381469727,21.65999984741211,21.600000381469727,21.6200008392334,127156
2026-07-20 16:00:00,21.639999389648438,21.639999389648438,21.579999923706055,21.6200008392334,105053
2026-07-20 16:15:00,21.639999389648438,21.65999984741211,21.6200008392334,21.639999389648438,210600
2026-07-20 16:30:00,21.600000381469727,21.700000762939453,21.600000381469727,21.639999389648438,268594
2026-07-20 16:45:00,21.639999389648438,21.639999389648438,21.579999923706055,21.600000381469727,227901
2026-07-20 17:00:00,21.68000030517578,21.700000762939453,21.600000381469727,21.6200008392334,349953
2026-07-20 17:15:00,21.639999389648438,21.68000030517578,21.6200008392334,21.68000030517578,142234
2026-07-20 17:30:00,21.6200008392334,21.639999389648438,21.600000381469727,21.6200008392334,230271
2026-07-20 17:45:00,21.600000381469727,21.6200008392334,21.559999465942383,21.6200008392334,347578
2026-07-21 09:45:00,21.739999771118164,21.739999771118164,21.739999771118164,21.739999771118164,0
2026-07-21 10:00:00,21.540000915527344,21.739999771118164,21.540000915527344,21.739999771118164,436278
2026-07-21 10:15:00,21.600000381469727,21.600000381469727,21.540000915527344,21.559999465942383,148637
2026-07-21 10:30:00,21.799999237060547,21.81999969482422,21.579999923706055,21.579999923706055,402763
2026-07-21 10:45:00,21.799999237060547,21.8799991607666,21.799999237060547,21.799999237060547,331044
2026-07-21 11:00:00,21.799999237060547,21.8799991607666,21.799999237060547,21.81999969482422,281687
2026-07-21 11:15:00,21.860000610351562,21.8799991607666,21.799999237060547,21.799999237060547,101732
2026-07-21 11:30:00,21.8799991607666,21.899999618530273,21.84000015258789,21.84000015258789,428903
2026-07-21 11:45:00,21.860000610351562,21.8799991607666,21.84000015258789,21.8799991607666,60011
2026-07-21 12:00:00,21.84000015258789,21.860000610351562,21.84000015258789,21.860000610351562,25182
2026-07-21 12:15:00,21.8799991607666,21.8799991607666,21.860000610351562,21.860000610351562,77482
2026-07-21 12:30:00,21.81999969482422,21.8799991607666,21.799999237060547,21.8799991607666,88383
2026-07-21 12:45:00,21.81999969482422,21.860000610351562,21.6200008392334,21.81999969482422,1055265
2026-07-21 13:00:00,21.600000381469727,21.860000610351562,21.559999465942383,21.81999969482422,1220236
2026-07-21 13:15:00,21.34000015258789,21.600000381469727,21.299999237060547,21.600000381469727,1730754
2026-07-21 13:30:00,21.280000686645508,21.440000534057617,21.139999389648438,21.34000015258789,1889777
2026-07-21 13:45:00,21.260000228881836,21.299999237060547,21.260000228881836,21.280000686645508,213999
2026-07-21 14:00:00,21.520000457763672,21.540000915527344,21.239999771118164,21.299999237060547,838327
2026-07-21 14:15:00,21.34000015258789,21.579999923706055,21.219999313354492,21.5,1340521
2026-07-21 14:30:00,21.420000076293945,21.420000076293945,21.15999984741211,21.34000015258789,1236160
2026-07-21 14:45:00,21.239999771118164,21.420000076293945,21.200000762939453,21.420000076293945,952073
2026-07-21 15:00:00,21.15999984741211,21.299999237060547,21.1200008392334,21.239999771118164,543102
2026-07-21 15:15:00,21.1200008392334,21.219999313354492,21.100000381469727,21.18000030517578,372532
2026-07-21 15:30:00,20.84000015258789,21.15999984741211,20.81999969482422,21.1200008392334,877182
2026-07-21 15:45:00,20.84000015258789,20.8799991607666,20.799999237060547,20.81999969482422,228857
2026-07-21 16:00:00,20.84000015258789,20.860000610351562,20.799999237060547,20.84000015258789,181624
2026-07-21 16:15:00,20.799999237060547,20.84000015258789,20.780000686645508,20.84000015258789,403762
2026-07-21 16:30:00,20.65999984741211,20.799999237060547,20.65999984741211,20.799999237060547,499905
2026-07-21 16:45:00,20.739999771118164,20.739999771118164,20.65999984741211,20.65999984741211,281842
2026-07-21 17:00:00,20.68000030517578,20.739999771118164,20.65999984741211,20.739999771118164,155401
2026-07-21 17:15:00,20.700000762939453,20.760000228881836,20.65999984741211,20.700000762939453,294153
2026-07-21 17:30:00,20.639999389648438,20.739999771118164,20.6200008392334,20.719999313354492,383480
2026-07-21 17:45:00,20.600000381469727,20.65999984741211,20.520000457763672,20.639999389648438,573882
2026-07-22 09:45:00,20.65999984741211,20.65999984741211,20.65999984741211,20.65999984741211,0
2026-07-22 10:00:00,20.68000030517578,20.68000030517578,20.479999542236328,20.639999389648438,442758
2026-07-22 10:15:00,20.799999237060547,20.979999542236328,20.65999984741211,20.68000030517578,1157805
2026-07-22 10:30:00,20.739999771118164,20.81999969482422,20.68000030517578,20.799999237060547,298622
2026-07-22 10:45:00,20.84000015258789,20.899999618530273,20.760000228881836,20.760000228881836,158485
2026-07-22 11:00:00,20.65999984741211,20.860000610351562,20.639999389648438,20.860000610351562,259578
2026-07-22 11:15:00,20.700000762939453,20.700000762939453,20.600000381469727,20.639999389648438,157135
2026-07-22 11:30:00,20.979999542236328,21.040000915527344,20.68000030517578,20.700000762939453,457118
2026-07-22 11:45:00,20.940000534057617,21.0,20.860000610351562,20.959999084472656,463271
2026-07-22 12:00:00,20.979999542236328,21.020000457763672,20.899999618530273,20.940000534057617,216716
2026-07-22 12:15:00,21.0,21.059999465942383,20.979999542236328,20.979999542236328,252226
2026-07-22 12:30:00,20.959999084472656,21.020000457763672,20.959999084472656,21.0,196234
2026-07-22 12:45:00,21.020000457763672,21.040000915527344,20.959999084472656,20.959999084472656,186111
2026-07-22 13:00:00,21.0,21.040000915527344,20.979999542236328,21.040000915527344,177879
2026-07-22 13:15:00,21.34000015258789,21.34000015258789,20.979999542236328,21.0,626519
2026-07-22 13:30:00,21.34000015258789,21.360000610351562,21.239999771118164,21.34000015258789,401200
2026-07-22 13:45:00,21.239999771118164,21.360000610351562,21.239999771118164,21.34000015258789,263583
2026-07-22 14:00:00,21.239999771118164,21.280000686645508,21.219999313354492,21.239999771118164,147014
2026-07-22 14:15:00,21.239999771118164,21.280000686645508,21.239999771118164,21.260000228881836,99416
2026-07-22 14:30:00,21.239999771118164,21.360000610351562,21.219999313354492,21.239999771118164,606118
2026-07-22 14:45:00,21.200000762939453,21.280000686645508,21.139999389648438,21.239999771118164,673519
2026-07-22 15:00:00,21.31999969482422,21.31999969482422,21.200000762939453,21.200000762939453,235393
2026-07-22 15:15:00,21.31999969482422,21.31999969482422,21.299999237060547,21.31999969482422,188569
2026-07-22 15:30:00,21.31999969482422,21.360000610351562,21.299999237060547,21.31999969482422,148657
2026-07-22 15:45:00,21.299999237060547,21.34000015258789,21.280000686645508,21.31999969482422,210041
2026-07-22 16:00:00,21.360000610351562,21.360000610351562,21.299999237060547,21.299999237060547,173628
2026-07-22 16:15:00,21.3799991607666,21.3799991607666,21.34000015258789,21.360000610351562,271225
2026-07-22 16:30:00,21.420000076293945,21.420000076293945,21.31999969482422,21.360000610351562,330795
2026-07-22 16:45:00,21.399999618530273,21.440000534057617,21.3799991607666,21.440000534057617,292249
2026-07-22 17:00:00,21.420000076293945,21.459999084472656,21.360000610351562,21.3799991607666,419456
2026-07-22 17:15:00,21.420000076293945,21.420000076293945,21.3799991607666,21.399999618530273,300326
2026-07-22 17:30:00,21.3799991607666,21.420000076293945,21.360000610351562,21.399999618530273,245309
2026-07-22 17:45:00,21.360000610351562,21.399999618530273,21.31999969482422,21.360000610351562,377931
2026-07-23 09:45:00,21.34000015258789,21.34000015258789,21.34000015258789,21.34000015258789,0
2026-07-23 10:00:00,21.34000015258789,21.399999618530273,21.280000686645508,21.34000015258789,197959
2026-07-23 10:15:00,21.31999969482422,21.360000610351562,21.299999237060547,21.360000610351562,256507
2026-07-23 10:30:00,21.260000228881836,21.31999969482422,21.219999313354492,21.299999237060547,93382
2026-07-23 10:45:00,21.200000762939453,21.239999771118164,21.18000030517578,21.239999771118164,103730
2026-07-23 11:00:00,21.3799991607666,21.440000534057617,21.200000762939453,21.200000762939453,189239
2026-07-23 11:15:00,21.31999969482422,21.3799991607666,21.299999237060547,21.360000610351562,63727
2026-07-23 11:30:00,21.31999969482422,21.34000015258789,21.299999237060547,21.31999969482422,105490
2026-07-23 11:45:00,21.399999618530273,21.399999618530273,21.31999969482422,21.34000015258789,34138
2026-07-23 12:00:00,21.360000610351562,21.440000534057617,21.360000610351562,21.399999618530273,145108
2026-07-23 12:15:00,21.34000015258789,21.399999618530273,21.299999237060547,21.360000610351562,61206
2026-07-23 12:30:00,21.31999969482422,21.360000610351562,21.299999237060547,21.34000015258789,47406
2026-07-23 12:45:00,21.31999969482422,21.34000015258789,21.31999969482422,21.34000015258789,37594
2026-07-23 13:00:00,21.31999969482422,21.34000015258789,21.299999237060547,21.31999969482422,41206
2026-07-23 13:15:00,21.200000762939453,21.31999969482422,21.18000030517578,21.299999237060547,152048
2026-07-23 13:30:00,21.139999389648438,21.18000030517578,21.100000381469727,21.18000030517578,269247
2026-07-23 13:45:00,21.18000030517578,21.200000762939453,21.15999984741211,21.15999984741211,57787
2026-07-23 14:00:00,21.139999389648438,21.18000030517578,21.100000381469727,21.18000030517578,212253
2026-07-23 14:15:00,21.079999923706055,21.139999389648438,21.040000915527344,21.1200008392334,228409
2026-07-23 14:30:00,21.040000915527344,21.079999923706055,21.040000915527344,21.059999465942383,92555
2026-07-23 14:45:00,21.1200008392334,21.139999389648438,21.040000915527344,21.040000915527344,86753
2026-07-23 15:00:00,21.059999465942383,21.1200008392334,21.040000915527344,21.100000381469727,51413
2026-07-23 15:15:00,21.059999465942383,21.079999923706055,21.020000457763672,21.059999465942383,55415
2026-07-23 15:30:00,20.959999084472656,21.1200008392334,20.959999084472656,21.059999465942383,110670
2026-07-23 15:45:00,20.8799991607666,21.0,20.860000610351562,20.979999542236328,188853
2026-07-23 16:00:00,20.81999969482422,20.899999618530273,20.81999969482422,20.8799991607666,140057
2026-07-23 16:15:00,20.84000015258789,20.860000610351562,20.799999237060547,20.84000015258789,112350
2026-07-23 16:30:00,20.81999969482422,20.8799991607666,20.799999237060547,20.84000015258789,158812
2026-07-23 16:45:00,20.860000610351562,20.8799991607666,20.760000228881836,20.81999969482422,179127
2026-07-23 17:00:00,20.84000015258789,20.920000076293945,20.799999237060547,20.8799991607666,164413
2026-07-23 17:15:00,20.899999618530273,20.899999618530273,20.81999969482422,20.84000015258789,199705
2026-07-23 17:30:00,21.059999465942383,21.100000381469727,20.799999237060547,20.899999618530273,499644
2026-07-23 17:45:00,21.440000534057617,21.440000534057617,21.0,21.059999465942383,2372534
2026-07-24 09:45:00,21.34000015258789,21.34000015258789,21.34000015258789,21.34000015258789,0
2026-07-24 10:00:00,21.260000228881836,21.34000015258789,21.219999313354492,21.34000015258789,230944
2026-07-24 10:15:00,21.520000457763672,21.520000457763672,21.260000228881836,21.260000228881836,304867
2026-07-24 10:30:00,21.719999313354492,21.780000686645508,21.479999542236328,21.5,897687
2026-07-24 10:45:00,21.600000381469727,21.780000686645508,21.600000381469727,21.719999313354492,498947
2026-07-24 11:00:00,21.520000457763672,21.6200008392334,21.5,21.600000381469727,275556
2026-07-24 11:15:00,21.520000457763672,21.540000915527344,21.459999084472656,21.520000457763672,271836
2026-07-24 11:30:00,21.440000534057617,21.520000457763672,21.299999237060547,21.520000457763672,478152
2026-07-24 11:45:00,21.440000534057617,21.479999542236328,21.399999618530273,21.420000076293945,277449
2026-07-24 12:00:00,21.420000076293945,21.479999542236328,21.420000076293945,21.440000534057617,199683
2026-07-24 12:15:00,21.31999969482422,21.459999084472656,21.31999969482422,21.420000076293945,266124
2026-07-24 12:30:00,21.31999969482422,21.3799991607666,21.299999237060547,21.31999969482422,332509
2026-07-24 12:45:00,21.34000015258789,21.360000610351562,21.299999237060547,21.31999969482422,225054
2026-07-24 13:00:00,21.260000228881836,21.34000015258789,21.260000228881836,21.31999969482422,216773
2026-07-24 13:15:00,21.079999923706055,21.280000686645508,21.079999923706055,21.280000686645508,635740
2026-07-24 13:30:00,21.139999389648438,21.18000030517578,21.059999465942383,21.079999923706055,251285
2026-07-24 13:45:00,21.200000762939453,21.219999313354492,21.100000381469727,21.139999389648438,330438
2026-07-24 14:00:00,21.219999313354492,21.260000228881836,21.139999389648438,21.200000762939453,499390
2026-07-24 14:15:00,21.219999313354492,21.219999313354492,21.200000762939453,21.219999313354492,159122
2026-07-24 14:30:00,21.280000686645508,21.299999237060547,21.200000762939453,21.219999313354492,254863
2026-07-24 14:45:00,21.34000015258789,21.360000610351562,21.260000228881836,21.280000686645508,313523
2026-07-24 15:00:00,21.34000015258789,21.360000610351562,21.31999969482422,21.34000015258789,229098
2026-07-24 15:15:00,21.34000015258789,21.360000610351562,21.299999237060547,21.34000015258789,249959
2026-07-24 15:30:00,21.260000228881836,21.34000015258789,21.219999313354492,21.34000015258789,421041
2026-07-24 15:45:00,20.84000015258789,21.280000686645508,20.760000228881836,21.260000228881836,1302649
2026-07-24 16:00:00,20.760000228881836,20.860000610351562,20.719999313354492,20.860000610351562,648721
2026-07-24 16:15:00,20.81999969482422,20.860000610351562,20.700000762939453,20.739999771118164,468004
2026-07-24 16:30:00,20.84000015258789,20.84000015258789,20.799999237060547,20.84000015258789,160440
2026-07-24 16:45:00,20.799999237060547,20.8799991607666,20.780000686645508,20.81999969482422,223890
2026-07-24 17:00:00,20.84000015258789,20.860000610351562,20.799999237060547,20.799999237060547,135675
2026-07-24 17:15:00,21.059999465942383,21.139999389648438,20.84000015258789,20.84000015258789,1061494
2026-07-24 17:30:00,21.079999923706055,21.15999984741211,21.040000915527344,21.059999465942383,548210
2026-07-24 17:45:00,21.079999923706055,21.139999389648438,21.059999465942383,21.079999923706055,627601
2026-07-27 09:45:00,21.31999969482422,21.31999969482422,21.31999969482422,21.31999969482422,0
2026-07-27 10:00:00,21.18000030517578,21.360000610351562,21.100000381469727,21.31999969482422,523457
2026-07-27 10:15:00,21.079999923706055,21.200000762939453,21.059999465942383,21.18000030517578,384845
2026-07-27 10:30:00,21.059999465942383,21.100000381469727,21.040000915527344,21.100000381469727,181123
2026-07-27 10:45:00,20.899999618530273,21.1200008392334,20.899999618530273,21.059999465942383,205819
2026-07-27 11:00:00,20.959999084472656,21.0,20.899999618530273,20.899999618530273,117177
2026-07-27 11:15:00,20.979999542236328,20.979999542236328,20.940000534057617,20.959999084472656,38462
2026-07-27 11:30:00,20.979999542236328,20.979999542236328,20.940000534057617,20.979999542236328,52906
2026-07-27 11:45:00,20.899999618530273,20.979999542236328,20.899999618530273,20.979999542236328,105219
2026-07-27 12:00:00,20.8799991607666,20.920000076293945,20.8799991607666,20.920000076293945,76624
2026-07-27 12:15:00,20.81999969482422,20.8799991607666,20.799999237060547,20.8799991607666,130217
2026-07-27 12:30:00,20.81999969482422,20.84000015258789,20.799999237060547,20.81999969482422,46106
2026-07-27 12:45:00,20.899999618530273,20.899999618530273,20.81999969482422,20.84000015258789,79890
2026-07-27 13:00:00,20.8799991607666,20.899999618530273,20.860000610351562,20.899999618530273,51698
2026-07-27 13:15:00,20.860000610351562,20.899999618530273,20.860000610351562,20.8799991607666,40704
2026-07-27 13:30:00,20.860000610351562,20.899999618530273,20.860000610351562,20.860000610351562,30330
2026-07-27 13:45:00,20.8799991607666,20.8799991607666,20.84000015258789,20.8799991607666,47054
2026-07-27 14:00:00,20.81999969482422,20.8799991607666,20.81999969482422,20.8799991607666,85262
2026-07-27 14:15:00,20.799999237060547,20.81999969482422,20.719999313354492,20.81999969482422,221733
2026-07-27 14:30:00,21.100000381469727,21.200000762939453,20.799999237060547,20.799999237060547,418914
2026-07-27 14:45:00,21.18000030517578,21.260000228881836,21.079999923706055,21.1200008392334,257430
2026-07-27 15:00:00,21.1200008392334,21.219999313354492,21.1200008392334,21.18000030517578,212908
2026-07-27 15:15:00,21.1200008392334,21.18000030517578,21.079999923706055,21.1200008392334,168257
2026-07-27 15:30:00,21.18000030517578,21.200000762939453,21.059999465942383,21.1200008392334,329602
2026-07-27 15:45:00,21.139999389648438,21.219999313354492,21.1200008392334,21.200000762939453,521798
2026-07-27 16:00:00,21.079999923706055,21.139999389648438,21.059999465942383,21.1200008392334,134643
2026-07-27 16:15:00,21.040000915527344,21.079999923706055,21.020000457763672,21.079999923706055,102440
2026-07-27 16:30:00,20.940000534057617,21.040000915527344,20.940000534057617,21.040000915527344,90388
2026-07-27 16:45:00,21.0,21.020000457763672,20.940000534057617,20.940000534057617,81110
2026-07-27 17:00:00,21.059999465942383,21.1200008392334,21.0,21.0,250442
2026-07-27 17:15:00,21.1200008392334,21.15999984741211,21.059999465942383,21.059999465942383,205545
2026-07-27 17:30:00,21.059999465942383,21.219999313354492,21.059999465942383,21.1200008392334,663584
2026-07-27 17:45:00,21.139999389648438,21.18000030517578,21.020000457763672,21.059999465942383,750170
2026-07-28 09:45:00,20.979999542236328,20.979999542236328,20.979999542236328,20.979999542236328,0
2026-07-28 10:00:00,21.059999465942383,21.059999465942383,20.959999084472656,20.979999542236328,137695
2026-07-28 10:15:00,21.219999313354492,21.219999313354492,21.040000915527344,21.059999465942383,188728
2026-07-28 10:30:00,21.239999771118164,21.260000228881836,21.18000030517578,21.219999313354492,204599
2026-07-28 10:45:00,21.299999237060547,21.31999969482422,21.18000030517578,21.239999771118164,176874
2026-07-28 11:00:00,21.15999984741211,21.299999237060547,21.15999984741211,21.299999237060547,156005
2026-07-28 11:15:00,21.200000762939453,21.200000762939453,21.020000457763672,21.15999984741211,340800
2026-07-28 11:30:00,21.219999313354492,21.239999771118164,21.18000030517578,21.18000030517578,51021
2026-07-28 11:45:00,21.200000762939453,21.219999313354492,21.18000030517578,21.200000762939453,32653
2026-07-28 12:00:00,21.15999984741211,21.219999313354492,21.1200008392334,21.219999313354492,131777
2026-07-28 12:15:00,21.200000762939453,21.200000762939453,21.139999389648438,21.15999984741211,51784
2026-07-28 12:30:00,21.100000381469727,21.200000762939453,21.059999465942383,21.200000762939453,96781
2026-07-28 12:45:00,21.079999923706055,21.1200008392334,21.079999923706055,21.079999923706055,33320
2026-07-28 13:00:00,21.059999465942383,21.079999923706055,21.0,21.079999923706055,127549
2026-07-28 13:15:00,21.059999465942383,21.079999923706055,21.020000457763672,21.079999923706055,28877
2026-07-28 13:30:00,21.079999923706055,21.079999923706055,21.020000457763672,21.059999465942383,66722
2026-07-28 13:45:00,21.100000381469727,21.1200008392334,21.059999465942383,21.079999923706055,54083
2026-07-28 14:00:00,21.040000915527344,21.1200008392334,21.0,21.100000381469727,140459
2026-07-28 14:15:00,21.059999465942383,21.079999923706055,21.059999465942383,21.059999465942383,35629
2026-07-28 14:30:00,21.059999465942383,21.079999923706055,21.040000915527344,21.059999465942383,17423
2026-07-28 14:45:00,21.260000228881836,21.299999237060547,21.059999465942383,21.059999465942383,230570
2026-07-28 15:00:00,21.239999771118164,21.360000610351562,21.239999771118164,21.260000228881836,293994
2026-07-28 15:15:00,21.18000030517578,21.260000228881836,21.18000030517578,21.239999771118164,155317
2026-07-28 15:30:00,21.219999313354492,21.219999313354492,21.139999389648438,21.18000030517578,128413
2026-07-28 15:45:00,21.239999771118164,21.280000686645508,21.219999313354492,21.239999771118164,146981
2026-07-28 16:00:00,21.260000228881836,21.280000686645508,21.219999313354492,21.239999771118164,71292
2026-07-28 16:15:00,21.239999771118164,21.299999237060547,21.239999771118164,21.260000228881836,99492
2026-07-28 16:30:00,21.200000762939453,21.280000686645508,21.200000762939453,21.239999771118164,128451
2026-07-28 16:45:00,21.219999313354492,21.260000228881836,21.139999389648438,21.200000762939453,258033
2026-07-28 17:00:00,21.15999984741211,21.260000228881836,21.139999389648438,21.219999313354492,319506
2026-07-28 17:15:00,21.1200008392334,21.139999389648438,21.059999465942383,21.139999389648438,128445
2026-07-28 17:30:00,21.18000030517578,21.18000030517578,21.1200008392334,21.1200008392334,174339
2026-07-28 17:45:00,21.200000762939453,21.219999313354492,21.15999984741211,21.18000030517578,444563
2026-07-29 09:45:00,21.139999389648438,21.139999389648438,21.139999389648438,21.139999389648438,0
2026-07-29 10:00:00,21.399999618530273,21.6200008392334,21.139999389648438,21.15999984741211,946672
2026-07-29 10:15:00,21.31999969482422,21.459999084472656,21.200000762939453,21.420000076293945,1890937
2026-07-29 10:30:00,21.360000610351562,21.440000534057617,21.239999771118164,21.299999237060547,241253
2026-07-29 10:45:00,21.299999237060547,21.399999618530273,21.280000686645508,21.360000610351562,169978
2026-07-29 11:00:00,21.280000686645508,21.34000015258789,21.260000228881836,21.31999969482422,103216
2026-07-29 11:15:00,21.219999313354492,21.260000228881836,21.18000030517578,21.260000228881836,160666
2026-07-29 11:30:00,21.219999313354492,21.3799991607666,21.18000030517578,21.219999313354492,1603206
2026-07-29 11:45:00,21.219999313354492,21.260000228881836,21.079999923706055,21.239999771118164,467469
2026-07-29 12:00:00,21.079999923706055,21.239999771118164,21.059999465942383,21.239999771118164,284687
2026-07-29 12:15:00,21.139999389648438,21.139999389648438,21.040000915527344,21.079999923706055,63941
2026-07-29 12:30:00,21.15999984741211,21.15999984741211,21.040000915527344,21.139999389648438,116924
2026-07-29 12:45:00,21.200000762939453,21.219999313354492,21.139999389648438,21.15999984741211,126706
2026-07-29 13:00:00,21.200000762939453,21.219999313354492,21.18000030517578,21.219999313354492,94829
2026-07-29 13:15:00,21.200000762939453,21.219999313354492,21.18000030517578,21.200000762939453,65780
2026-07-29 13:30:00,21.260000228881836,21.299999237060547,21.18000030517578,21.200000762939453,141951
2026-07-29 13:45:00,21.280000686645508,21.34000015258789,21.260000228881836,21.260000228881836,69272
2026-07-29 14:00:00,21.260000228881836,21.260000228881836,21.219999313354492,21.260000228881836,66905
2026-07-29 14:15:00,21.219999313354492,21.31999969482422,21.200000762939453,21.260000228881836,196163
2026-07-29 14:30:00,21.100000381469727,21.200000762939453,21.100000381469727,21.200000762939453,374015
2026-07-29 14:45:00,21.15999984741211,21.219999313354492,21.100000381469727,21.1200008392334,121512
2026-07-29 15:00:00,21.219999313354492,21.219999313354492,21.079999923706055,21.139999389648438,115806
2026-07-29 15:15:00,21.15999984741211,21.219999313354492,21.040000915527344,21.219999313354492,239651
2026-07-29 15:30:00,21.239999771118164,21.260000228881836,21.15999984741211,21.15999984741211,123359
2026-07-29 15:45:00,21.31999969482422,21.440000534057617,21.239999771118164,21.239999771118164,443260
2026-07-29 16:00:00,21.3799991607666,21.399999618530273,21.31999969482422,21.31999969482422,163177
2026-07-29 16:15:00,21.34000015258789,21.399999618530273,21.299999237060547,21.399999618530273,193621
2026-07-29 16:30:00,21.31999969482422,21.3799991607666,21.299999237060547,21.360000610351562,451575
2026-07-29 16:45:00,21.299999237060547,21.34000015258789,21.239999771118164,21.31999969482422,283000
2026-07-29 17:00:00,21.139999389648438,21.31999969482422,21.139999389648438,21.299999237060547,405106
2026-07-29 17:15:00,21.31999969482422,21.3799991607666,21.139999389648438,21.139999389648438,560123
2026-07-29 17:30:00,21.31999969482422,21.420000076293945,21.31999969482422,21.31999969482422,380377
2026-07-29 17:45:00,21.280000686645508,21.3799991607666,21.280000686645508,21.34000015258789,529276
2026-07-30 09:45:00,21.520000457763672,21.520000457763672,21.520000457763672,21.520000457763672,0
2026-07-30 10:00:00,21.739999771118164,21.760000228881836,21.1200008392334,21.520000457763672,1239731
2026-07-30 10:15:00,21.940000534057617,22.040000915527344,21.719999313354492,21.739999771118164,1280610
2026-07-30 10:30:00,21.780000686645508,22.0,21.780000686645508,21.940000534057617,1453993
2026-07-30 10:45:00,21.520000457763672,21.8799991607666,21.5,21.799999237060547,1108812
2026-07-30 11:00:00,21.860000610351562,21.8799991607666,21.520000457763672,21.520000457763672,346542
2026-07-30 11:15:00,21.860000610351562,22.020000457763672,21.84000015258789,21.860000610351562,684564
2026-07-30 11:30:00,22.0,22.100000381469727,21.860000610351562,21.8799991607666,883724
2026-07-30 11:45:00,22.0,22.020000457763672,21.979999542236328,22.020000457763672,208877
2026-07-30 12:00:00,22.100000381469727,22.1200008392334,21.959999084472656,22.0,290045
2026-07-30 12:15:00,22.020000457763672,22.1200008392334,22.0,22.079999923706055,338028
2026-07-30 12:30:00,22.1200008392334,22.139999389648438,22.020000457763672,22.040000915527344,329601
2026-07-30 12:45:00,22.18000030517578,22.18000030517578,22.079999923706055,22.1200008392334,291298
2026-07-30 13:00:00,22.100000381469727,22.18000030517578,22.040000915527344,22.18000030517578,249524
2026-07-30 13:15:00,22.040000915527344,22.1200008392334,21.920000076293945,22.100000381469727,557952
2026-07-30 13:30:00,22.020000457763672,22.139999389648438,21.959999084472656,22.040000915527344,305752
2026-07-30 13:45:00,21.920000076293945,22.020000457763672,21.899999618530273,22.0,420300
2026-07-30 14:00:00,21.700000762939453,21.920000076293945,21.68000030517578,21.920000076293945,610433
2026-07-30 14:15:00,21.65999984741211,21.760000228881836,21.6200008392334,21.700000762939453,324764
2026-07-30 14:30:00,21.639999389648438,21.65999984741211,21.540000915527344,21.65999984741211,334052
2026-07-30 14:45:00,21.579999923706055,21.639999389648438,21.479999542236328,21.639999389648438,479777
2026-07-30 15:00:00,21.780000686645508,21.780000686645508,21.559999465942383,21.559999465942383,560453
2026-07-30 15:15:00,21.780000686645508,21.8799991607666,21.760000228881836,21.780000686645508,441403
2026-07-30 15:30:00,21.81999969482422,21.81999969482422,21.719999313354492,21.780000686645508,260964
2026-07-30 15:45:00,21.780000686645508,21.860000610351562,21.739999771118164,21.81999969482422,473732
2026-07-30 16:00:00,21.739999771118164,21.799999237060547,21.700000762939453,21.780000686645508,354213
2026-07-30 16:15:00,21.739999771118164,21.760000228881836,21.719999313354492,21.719999313354492,83966
2026-07-30 16:30:00,21.719999313354492,21.780000686645508,21.719999313354492,21.739999771118164,146933
2026-07-30 16:45:00,21.739999771118164,21.799999237060547,21.68000030517578,21.760000228881836,194751
2026-07-30 17:00:00,21.639999389648438,21.760000228881836,21.639999389648438,21.719999313354492,349719
2026-07-30 17:15:00,21.600000381469727,21.65999984741211,21.540000915527344,21.639999389648438,328715
2026-07-30 17:30:00,21.520000457763672,21.600000381469727,21.459999084472656,21.600000381469727,320517
2026-07-30 17:45:00,21.260000228881836,21.540000915527344,21.200000762939453,21.5,541958
2026-07-31 09:45:00,21.260000228881836,21.260000228881836,21.260000228881836,21.260000228881836,0
2026-07-31 10:00:00,21.459999084472656,21.739999771118164,21.260000228881836,21.260000228881836,1393646
2026-07-31 10:15:00,21.280000686645508,21.5,21.260000228881836,21.459999084472656,692823
2026-07-31 10:30:00,21.139999389648438,21.280000686645508,21.139999389648438,21.260000228881836,624918
2026-07-31 10:45:00,21.299999237060547,21.34000015258789,21.15999984741211,21.15999984741211,224823
2026-07-31 11:00:00,21.200000762939453,21.299999237060547,21.139999389648438,21.299999237060547,174033
2026-07-31 11:15:00,21.239999771118164,21.239999771118164,21.1200008392334,21.200000762939453,265814
2026-07-31 11:30:00,21.239999771118164,21.260000228881836,21.15999984741211,21.219999313354492,158223
2026-07-31 11:45:00,21.239999771118164,21.260000228881836,21.200000762939453,21.239999771118164,147166
2026-07-31 12:00:00,21.15999984741211,21.260000228881836,21.100000381469727,21.239999771118164,659241
2026-07-31 12:15:00,21.15999984741211,21.219999313354492,21.1200008392334,21.15999984741211,165525
2026-07-31 12:30:00,21.15999984741211,21.200000762939453,21.079999923706055,21.15999984741211,226152
2026-07-31 12:45:00,21.18000030517578,21.200000762939453,21.139999389648438,21.15999984741211,144439
2026-07-31 13:00:00,21.18000030517578,21.200000762939453,21.139999389648438,21.18000030517578,74341
2026-07-31 13:15:00,21.18000030517578,21.239999771118164,21.15999984741211,21.18000030517578,99076
2026-07-31 13:30:00,21.219999313354492,21.219999313354492,21.1200008392334,21.18000030517578,104374
2026-07-31 13:45:00,21.18000030517578,21.260000228881836,21.18000030517578,21.219999313354492,99294
2026-07-31 14:00:00,21.139999389648438,21.219999313354492,21.139999389648438,21.15999984741211,175294
2026-07-31 14:15:00,21.100000381469727,21.139999389648438,21.079999923706055,21.139999389648438,312401
2026-07-31 14:30:00,21.15999984741211,21.18000030517578,21.079999923706055,21.100000381469727,84309
2026-07-31 14:45:00,21.059999465942383,21.18000030517578,21.020000457763672,21.139999389648438,196473
2026-07-31 15:00:00,20.979999542236328,21.079999923706055,20.959999084472656,21.059999465942383,288964
2026-07-31 15:15:00,20.920000076293945,20.979999542236328,20.920000076293945,20.959999084472656,97183
2026-07-31 15:30:00,20.899999618530273,20.940000534057617,20.8799991607666,20.920000076293945,149676
2026-07-31 15:45:00,21.020000457763672,21.020000457763672,20.899999618530273,20.920000076293945,126478
2026-07-31 16:00:00,21.100000381469727,21.1200008392334,21.0,21.020000457763672,702880
2026-07-31 16:15:00,21.260000228881836,21.260000228881836,21.100000381469727,21.100000381469727,580756
2026-07-31 16:30:00,21.059999465942383,21.260000228881836,20.940000534057617,21.260000228881836,844960
2026-07-31 16:45:00,20.899999618530273,21.059999465942383,20.8799991607666,21.059999465942383,331989
2026-07-31 17:00:00,20.760000228881836,20.940000534057617,20.760000228881836,20.899999618530273,969021
2026-07-31 17:15:00,20.739999771118164,20.84000015258789,20.739999771118164,20.84000015258789,458646
2026-07-31 17:45:00,20.780000686645508,20.81999969482422,20.719999313354492,20.760000228881836,180615
2026-08-03 09:45:00,20.959999084472656,20.959999084472656,20.959999084472656,20.959999084472656,0
2026-08-03 10:00:00,20.899999618530273,21.15999984741211,20.81999969482422,20.979999542236328,391665
2026-08-03 10:15:00,20.68000030517578,20.899999618530273,20.6200008392334,20.899999618530273,447803
2026-08-03 10:30:00,20.700000762939453,20.84000015258789,20.65999984741211,20.68000030517578,143817
2026-08-03 10:45:00,20.65999984741211,20.739999771118164,20.639999389648438,20.719999313354492,111217
2026-08-03 11:00:00,20.700000762939453,20.719999313354492,20.65999984741211,20.68000030517578,69599
2026-08-03 11:15:00,20.700000762939453,20.700000762939453,20.65999984741211,20.700000762939453,55190
2026-08-03 11:30:00,20.700000762939453,20.739999771118164,20.68000030517578,20.700000762939453,57029
2026-08-03 11:45:00,20.739999771118164,20.739999771118164,20.68000030517578,20.700000762939453,25622
2026-08-03 12:00:00,20.739999771118164,20.760000228881836,20.700000762939453,20.739999771118164,42112
2026-08-03 12:15:00,20.719999313354492,20.739999771118164,20.68000030517578,20.719999313354492,59782
2026-08-03 12:30:00,20.739999771118164,20.760000228881836,20.68000030517578,20.700000762939453,121402
2026-08-03 12:45:00,20.739999771118164,20.760000228881836,20.719999313354492,20.760000228881836,38648
2026-08-03 13:00:00,20.719999313354492,20.760000228881836,20.719999313354492,20.739999771118164,13032
2026-08-03 13:15:00,20.739999771118164,20.739999771118164,20.700000762939453,20.719999313354492,38419
2026-08-03 13:30:00,20.81999969482422,20.860000610351562,20.760000228881836,20.760000228881836,138058
2026-08-03 13:45:00,20.780000686645508,20.860000610351562,20.760000228881836,20.81999969482422,100927
2026-08-03 14:00:00,20.760000228881836,20.780000686645508,20.719999313354492,20.780000686645508,46104
2026-08-03 14:15:00,20.860000610351562,20.860000610351562,20.760000228881836,20.760000228881836,104168
2026-08-03 14:30:00,20.860000610351562,20.920000076293945,20.81999969482422,20.84000015258789,147060
2026-08-03 14:45:00,20.84000015258789,20.8799991607666,20.81999969482422,20.860000610351562,50685
2026-08-03 15:00:00,20.81999969482422,20.860000610351562,20.81999969482422,20.84000015258789,36650
2026-08-03 15:15:00,20.81999969482422,20.8799991607666,20.799999237060547,20.81999969482422,173772
2026-08-03 15:30:00,20.860000610351562,20.8799991607666,20.81999969482422,20.81999969482422,66309
2026-08-03 15:45:00,20.920000076293945,20.920000076293945,20.81999969482422,20.84000015258789,152195
2026-08-03 16:00:00,20.81999969482422,20.979999542236328,20.81999969482422,20.899999618530273,971527
2026-08-03 16:15:00,20.799999237060547,20.84000015258789,20.799999237060547,20.84000015258789,110399
2026-08-03 16:30:00,20.780000686645508,20.81999969482422,20.780000686645508,20.799999237060547,118292
2026-08-03 16:45:00,20.799999237060547,20.81999969482422,20.760000228881836,20.780000686645508,49756
2026-08-03 17:00:00,20.799999237060547,20.81999969482422,20.799999237060547,20.81999969482422,58670
2026-08-03 17:15:00,20.81999969482422,20.8799991607666,20.780000686645508,20.799999237060547,181604
2026-08-03 17:30:00,20.799999237060547,20.860000610351562,20.799999237060547,20.81999969482422,124540
2026-08-03 17:45:00,20.739999771118164,20.84000015258789,20.719999313354492,20.81999969482422,431272
2026-08-04 09:45:00,20.700000762939453,20.700000762939453,20.700000762939453,20.700000762939453,0
2026-08-04 10:00:00,20.65999984741211,20.739999771118164,20.6200008392334,20.700000762939453,185804
2026-08-04 10:15:00,20.700000762939453,20.739999771118164,20.639999389648438,20.68000030517578,83554
2026-08-04 10:30:00,20.739999771118164,20.760000228881836,20.639999389648438,20.68000030517578,64368
2026-08-04 10:45:00,20.739999771118164,20.760000228881836,20.68000030517578,20.719999313354492,41894
2026-08-04 11:00:00,20.700000762939453,20.739999771118164,20.68000030517578,20.739999771118164,93979
2026-08-04 11:15:00,20.68000030517578,20.719999313354492,20.639999389648438,20.719999313354492,106464
2026-08-04 11:30:00,20.65999984741211,20.68000030517578,20.520000457763672,20.68000030517578,478752
2026-08-04 11:45:00,20.559999465942383,20.65999984741211,20.559999465942383,20.65999984741211,110413
2026-08-04 12:00:00,20.579999923706055,20.600000381469727,20.540000915527344,20.579999923706055,151752
2026-08-04 12:15:00,20.579999923706055,20.600000381469727,20.559999465942383,20.579999923706055,36287
2026-08-04 12:30:00,20.579999923706055,20.600000381469727,20.579999923706055,20.579999923706055,32550
2026-08-04 12:45:00,20.520000457763672,20.600000381469727,20.479999542236328,20.600000381469727,162684
2026-08-04 13:00:00,20.5,20.520000457763672,20.479999542236328,20.520000457763672,46903
2026-08-04 13:15:00,20.479999542236328,20.5,20.479999542236328,20.5,29775
2026-08-04 13:30:00,20.5,20.520000457763672,20.479999542236328,20.5,25225
2026-08-04 13:45:00,20.520000457763672,20.540000915527344,20.5,20.5,32061
2026-08-04 14:00:00,20.5,20.520000457763672,20.479999542236328,20.520000457763672,34582
2026-08-04 14:15:00,20.459999084472656,20.5,20.440000534057617,20.5,141326
2026-08-04 14:30:00,20.479999542236328,20.479999542236328,20.399999618530273,20.459999084472656,210983
2026-08-04 14:45:00,20.559999465942383,20.600000381469727,20.459999084472656,20.5,396932
2026-08-04 15:00:00,20.579999923706055,20.600000381469727,20.520000457763672,20.559999465942383,196195
2026-08-04 15:15:00,20.559999465942383,20.600000381469727,20.540000915527344,20.559999465942383,113850
2026-08-04 15:30:00,20.540000915527344,20.6200008392334,20.540000915527344,20.559999465942383,171625
2026-08-04 15:45:00,20.5,20.559999465942383,20.459999084472656,20.540000915527344,382560
2026-08-04 16:00:00,20.459999084472656,20.479999542236328,20.399999618530273,20.479999542236328,331349
2026-08-04 16:15:00,20.559999465942383,20.579999923706055,20.420000076293945,20.440000534057617,183255
2026-08-04 16:30:00,20.520000457763672,20.600000381469727,20.520000457763672,20.579999923706055,171904
2026-08-04 16:45:00,20.5,20.520000457763672,20.479999542236328,20.5,140289
2026-08-04 17:00:00,20.65999984741211,20.719999313354492,20.5,20.5,717087
2026-08-04 17:15:00,20.65999984741211,20.65999984741211,20.600000381469727,20.639999389648438,163357
2026-08-04 17:30:00,20.639999389648438,20.65999984741211,20.600000381469727,20.65999984741211,130958
2026-08-04 17:45:00,20.68000030517578,20.68000030517578,20.600000381469727,20.639999389648438,296325
2026-08-05 09:45:00,20.6200008392334,20.6200008392334,20.6200008392334,20.6200008392334,0
2026-08-05 10:00:00,20.6200008392334,20.700000762939453,20.559999465942383,20.65999984741211,340757
2026-08-05 10:15:00,20.600000381469727,20.68000030517578,20.579999923706055,20.600000381469727,154408
2026-08-05 10:30:00,20.68000030517578,20.700000762939453,20.6200008392334,20.6200008392334,76273
2026-08-05 10:45:00,20.68000030517578,20.68000030517578,20.639999389648438,20.68000030517578,36689
2026-08-05 11:00:00,20.84000015258789,20.920000076293945,20.68000030517578,20.68000030517578,620905
2026-08-05 11:15:00,20.84000015258789,20.8799991607666,20.81999969482422,20.84000015258789,69884
2026-08-05 11:30:00,20.760000228881836,20.84000015258789,20.760000228881836,20.84000015258789,76385
2026-08-05 11:45:00,20.739999771118164,20.780000686645508,20.739999771118164,20.760000228881836,33984
2026-08-05 12:00:00,20.799999237060547,20.799999237060547,20.739999771118164,20.760000228881836,81891
2026-08-05 12:15:00,20.68000030517578,20.799999237060547,20.68000030517578,20.799999237060547,139084
2026-08-05 12:30:00,20.719999313354492,20.719999313354492,20.65999984741211,20.68000030517578,21751
2026-08-05 12:45:00,20.68000030517578,20.719999313354492,20.65999984741211,20.700000762939453,21859
2026-08-05 13:00:00,20.559999465942383,20.68000030517578,20.540000915527344,20.65999984741211,293514
2026-08-05 13:15:00,20.520000457763672,20.559999465942383,20.5,20.540000915527344,159675
2026-08-05 13:30:00,20.600000381469727,20.6200008392334,20.5,20.520000457763672,178798
2026-08-05 13:45:00,20.6200008392334,20.65999984741211,20.520000457763672,20.600000381469727,122395
2026-08-05 14:00:00,20.799999237060547,20.81999969482422,20.6200008392334,20.6200008392334,301328
2026-08-05 14:15:00,20.8799991607666,20.959999084472656,20.799999237060547,20.799999237060547,455474
2026-08-05 14:30:00,20.719999313354492,20.899999618530273,20.719999313354492,20.8799991607666,271095
2026-08-05 14:45:00,20.760000228881836,20.760000228881836,20.719999313354492,20.739999771118164,38626
2026-08-05 15:00:00,20.780000686645508,20.780000686645508,20.719999313354492,20.760000228881836,27101
2026-08-05 15:15:00,20.6200008392334,20.760000228881836,20.6200008392334,20.760000228881836,299397
2026-08-05 15:30:00,20.639999389648438,20.639999389648438,20.600000381469727,20.6200008392334,51426
2026-08-05 15:45:00,20.68000030517578,20.700000762939453,20.6200008392334,20.639999389648438,126077
2026-08-05 16:00:00,20.739999771118164,20.780000686645508,20.68000030517578,20.68000030517578,81897
2026-08-05 16:15:00,20.860000610351562,20.8799991607666,20.739999771118164,20.739999771118164,161889
2026-08-05 16:30:00,20.780000686645508,20.860000610351562,20.719999313354492,20.84000015258789,125291
2026-08-05 16:45:00,20.700000762939453,20.780000686645508,20.700000762939453,20.760000228881836,49793
2026-08-05 17:00:00,21.059999465942383,21.100000381469727,20.68000030517578,20.700000762939453,1166354
2026-08-05 17:15:00,21.059999465942383,21.399999618530273,21.0,21.079999923706055,1082128
2026-08-05 17:30:00,21.260000228881836,21.299999237060547,21.0,21.059999465942383,809540
2026-08-05 17:45:00,21.15999984741211,21.3799991607666,21.1200008392334,21.260000228881836,986655
2026-08-06 09:45:00,21.15999984741211,21.15999984741211,21.15999984741211,21.15999984741211,0
2026-08-06 10:00:00,21.079999923706055,21.239999771118164,21.079999923706055,21.200000762939453,96579
2026-08-06 10:15:00,21.100000381469727,21.18000030517578,21.079999923706055,21.079999923706055,65612
2026-08-06 10:30:00,21.059999465942383,21.1200008392334,21.020000457763672,21.079999923706055,103206
2026-08-06 10:45:00,21.059999465942383,21.059999465942383,21.020000457763672,21.059999465942383,85488
2026-08-06 11:00:00,20.959999084472656,21.040000915527344,20.959999084472656,21.040000915527344,66253
2026-08-06 11:15:00,21.040000915527344,21.040000915527344,20.940000534057617,20.940000534057617,43837
2026-08-06 11:30:00,21.040000915527344,21.079999923706055,21.0,21.020000457763672,82665
2026-08-06 11:45:00,21.079999923706055,21.079999923706055,21.040000915527344,21.059999465942383,51721
2026-08-06 12:00:00,21.040000915527344,21.1200008392334,21.020000457763672,21.079999923706055,67530
2026-08-06 12:15:00,21.059999465942383,21.079999923706055,21.020000457763672,21.020000457763672,42850
2026-08-06 12:30:00,21.020000457763672,21.079999923706055,21.020000457763672,21.059999465942383,18701
2026-08-06 12:45:00,21.040000915527344,21.059999465942383,21.020000457763672,21.040000915527344,14173
2026-08-06 13:00:00,21.040000915527344,21.059999465942383,21.020000457763672,21.040000915527344,32152
2026-08-06 13:15:00,21.079999923706055,21.079999923706055,21.040000915527344,21.040000915527344,40136
2026-08-06 13:30:00,21.040000915527344,21.1200008392334,21.040000915527344,21.059999465942383,64262
2026-08-06 13:45:00,21.040000915527344,21.059999465942383,21.020000457763672,21.059999465942383,38449
2026-08-06 14:00:00,21.0,21.040000915527344,20.940000534057617,21.040000915527344,203314
2026-08-06 14:15:00,21.18000030517578,21.299999237060547,21.020000457763672,21.040000915527344,303217
2026-08-06 14:30:00,21.15999984741211,21.280000686645508,21.15999984741211,21.15999984741211,277504
2026-08-06 14:45:00,21.020000457763672,21.139999389648438,21.020000457763672,21.139999389648438,50018
2026-08-06 15:00:00,21.040000915527344,21.079999923706055,21.020000457763672,21.020000457763672,55057
2026-08-06 15:15:00,21.020000457763672,21.020000457763672,20.979999542236328,21.020000457763672,51414
2026-08-06 15:30:00,21.040000915527344,21.059999465942383,21.020000457763672,21.020000457763672,59556
2026-08-06 15:45:00,20.979999542236328,21.020000457763672,20.940000534057617,21.0,113357
2026-08-06 16:00:00,20.940000534057617,20.959999084472656,20.899999618530273,20.959999084472656,54081
2026-08-06 16:15:00,20.920000076293945,20.920000076293945,20.860000610351562,20.920000076293945,110856
2026-08-06 16:30:00,20.940000534057617,21.020000457763672,20.920000076293945,20.940000534057617,103431
2026-08-06 16:45:00,20.959999084472656,20.979999542236328,20.920000076293945,20.940000534057617,25715
2026-08-06 17:00:00,20.959999084472656,20.979999542236328,20.899999618530273,20.959999084472656,78651
2026-08-06 17:15:00,20.959999084472656,20.959999084472656,20.899999618530273,20.940000534057617,40555
2026-08-06 17:30:00,20.920000076293945,21.0,20.920000076293945,20.959999084472656,60924
2026-08-06 17:45:00,20.920000076293945,20.940000534057617,20.899999618530273,20.920000076293945,115183
2026-08-07 09:45:00,20.799999237060547,20.799999237060547,20.799999237060547,20.799999237060547,0
2026-08-07 10:00:00,20.959999084472656,20.979999542236328,20.81999969482422,20.899999618530273,127607
2026-08-07 10:15:00,20.760000228881836,21.020000457763672,20.739999771118164,20.940000534057617,582755
2026-08-07 10:30:00,20.68000030517578,20.780000686645508,20.68000030517578,20.760000228881836,352274
2026-08-07 10:45:00,20.719999313354492,20.719999313354492,20.68000030517578,20.700000762939453,63076
2026-08-07 11:00:00,20.719999313354492,20.739999771118164,20.68000030517578,20.739999771118164,113278
2026-08-07 11:15:00,20.65999984741211,20.719999313354492,20.65999984741211,20.719999313354492,169502
2026-08-07 11:30:00,20.559999465942383,20.65999984741211,20.559999465942383,20.65999984741211,186237
2026-08-07 11:45:00,20.440000534057617,20.579999923706055,20.399999618530273,20.579999923706055,624366
2026-08-07 12:00:00,20.459999084472656,20.5,20.399999618530273,20.459999084472656,287799
2026-08-07 12:15:00,20.479999542236328,20.520000457763672,20.479999542236328,20.479999542236328,110482
2026-08-07 12:30:00,20.5,20.5,20.459999084472656,20.479999542236328,63986
2026-08-07 12:45:00,20.479999542236328,20.520000457763672,20.440000534057617,20.5,72944
2026-08-07 13:00:00,20.540000915527344,20.579999923706055,20.479999542236328,20.5,250406
2026-08-07 13:15:00,20.579999923706055,20.6200008392334,20.540000915527344,20.540000915527344,224857
2026-08-07 13:30:00,20.540000915527344,20.600000381469727,20.540000915527344,20.579999923706055,62307
2026-08-07 13:45:00,20.520000457763672,20.559999465942383,20.520000457763672,20.559999465942383,26879
2026-08-07 14:00:00,20.540000915527344,20.559999465942383,20.520000457763672,20.520000457763672,25273
2026-08-07 14:15:00,20.5,20.540000915527344,20.5,20.520000457763672,153799
2026-08-07 14:30:00,20.479999542236328,20.520000457763672,20.459999084472656,20.5,45351
2026-08-07 14:45:00,20.540000915527344,20.540000915527344,20.5,20.520000457763672,36788
2026-08-07 15:00:00,20.520000457763672,20.559999465942383,20.479999542236328,20.540000915527344,30121
2026-08-07 15:15:00,20.520000457763672,20.559999465942383,20.5,20.520000457763672,63572
2026-08-07 15:30:00,20.68000030517578,20.68000030517578,20.520000457763672,20.520000457763672,411922
2026-08-07 15:45:00,20.579999923706055,20.700000762939453,20.579999923706055,20.68000030517578,146226
2026-08-07 16:00:00,20.579999923706055,20.579999923706055,20.559999465942383,20.579999923706055,13183
2026-08-07 16:15:00,20.559999465942383,20.600000381469727,20.559999465942383,20.579999923706055,46074
2026-08-07 16:30:00,20.6200008392334,20.739999771118164,20.559999465942383,20.579999923706055,451119
2026-08-07 16:45:00,20.559999465942383,20.6200008392334,20.540000915527344,20.6200008392334,23302
2026-08-07 17:00:00,20.5,20.600000381469727,20.5,20.579999923706055,183353
2026-08-07 17:15:00,20.559999465942383,20.559999465942383,20.479999542236328,20.479999542236328,83626
2026-08-07 17:30:00,20.520000457763672,20.579999923706055,20.3799991607666,20.579999923706055,588021
2026-08-07 17:45:00,20.559999465942383,20.639999389648438,20.520000457763672,20.520000457763672,372958
2026-08-10 09:45:00,20.6200008392334,20.6200008392334,20.6200008392334,20.6200008392334,0
2026-08-10 10:00:00,20.860000610351562,21.15999984741211,20.639999389648438,20.639999389648438,1416495
2026-08-10 10:15:00,20.8799991607666,20.899999618530273,20.760000228881836,20.8799991607666,349569
2026-08-10 10:30:00,20.799999237060547,20.920000076293945,20.799999237060547,20.8799991607666,138471
2026-08-10 10:45:00,20.81999969482422,20.860000610351562,20.780000686645508,20.799999237060547,119197
2026-08-10 11:00:00,20.81999969482422,20.860000610351562,20.760000228881836,20.81999969482422,119851
2026-08-10 11:15:00,20.799999237060547,20.84000015258789,20.780000686645508,20.81999969482422,53663
2026-08-10 11:30:00,20.8799991607666,20.8799991607666,20.780000686645508,20.799999237060547,245259
2026-08-10 11:45:00,20.899999618530273,20.920000076293945,20.860000610351562,20.899999618530273,184379
2026-08-10 12:00:00,20.8799991607666,20.959999084472656,20.8799991607666,20.920000076293945,303745
2026-08-10 12:15:00,20.979999542236328,21.020000457763672,20.899999618530273,20.899999618530273,511166
2026-08-10 12:30:00,20.979999542236328,21.0,20.959999084472656,20.979999542236328,130678
2026-08-10 12:45:00,21.15999984741211,21.200000762939453,20.979999542236328,20.979999542236328,976221
2026-08-10 13:00:00,21.1200008392334,21.15999984741211,21.100000381469727,21.15999984741211,169057
2026-08-10 13:15:00,21.15999984741211,21.15999984741211,21.100000381469727,21.1200008392334,106187
2026-08-10 13:30:00,21.1200008392334,21.18000030517578,21.079999923706055,21.18000030517578,89536
2026-08-10 13:45:00,21.1200008392334,21.18000030517578,21.100000381469727,21.1200008392334,115290
2026-08-10 14:00:00,21.15999984741211,21.15999984741211,21.100000381469727,21.100000381469727,111564
2026-08-10 14:15:00,21.1200008392334,21.139999389648438,21.1200008392334,21.139999389648438,35717
2026-08-10 14:30:00,21.059999465942383,21.1200008392334,21.059999465942383,21.1200008392334,125830
2026-08-10 14:45:00,21.040000915527344,21.059999465942383,21.0,21.059999465942383,58128
2026-08-10 15:00:00,21.059999465942383,21.1200008392334,21.020000457763672,21.040000915527344,59778
2026-08-10 15:15:00,21.139999389648438,21.15999984741211,21.059999465942383,21.059999465942383,39157
2026-08-10 15:30:00,21.18000030517578,21.219999313354492,21.139999389648438,21.139999389648438,129669
2026-08-10 15:45:00,21.18000030517578,21.200000762939453,21.15999984741211,21.200000762939453,62930
2026-08-10 16:00:00,21.15999984741211,21.219999313354492,21.15999984741211,21.200000762939453,424769
2026-08-10 16:15:00,21.219999313354492,21.219999313354492,21.18000030517578,21.18000030517578,143768
2026-08-10 16:30:00,21.200000762939453,21.239999771118164,21.139999389648438,21.239999771118164,221898
2026-08-10 16:45:00,21.139999389648438,21.200000762939453,21.1200008392334,21.200000762939453,70490
2026-08-10 17:00:00,21.15999984741211,21.15999984741211,21.100000381469727,21.139999389648438,118777
2026-08-10 17:15:00,21.18000030517578,21.31999969482422,21.1200008392334,21.15999984741211,686993
2026-08-10 17:30:00,21.1200008392334,21.200000762939453,21.100000381469727,21.18000030517578,271028
2026-08-10 17:45:00,21.139999389648438,21.239999771118164,21.100000381469727,21.1200008392334,230378
2026-08-11 09:45:00,21.100000381469727,21.100000381469727,21.100000381469727,21.100000381469727,0
2026-08-11 10:00:00,21.020000457763672,21.1200008392334,20.959999084472656,21.100000381469727,298981
2026-08-11 10:15:00,20.739999771118164,21.020000457763672,20.700000762939453,21.020000457763672,626379
2026-08-11 10:30:00,20.68000030517578,20.780000686645508,20.600000381469727,20.739999771118164,454902
2026-08-11 10:45:00,20.65999984741211,20.68000030517578,20.579999923706055,20.68000030517578,206501
2026-08-11 11:00:00,20.6200008392334,20.68000030517578,20.600000381469727,20.639999389648438,123110
2026-08-11 11:15:00,20.65999984741211,20.719999313354492,20.600000381469727,20.600000381469727,170236
2026-08-11 11:30:00,20.780000686645508,20.84000015258789,20.6200008392334,20.639999389648438,324226
2026-08-11 11:45:00,20.860000610351562,20.940000534057617,20.780000686645508,20.799999237060547,280501
2026-08-11 12:00:00,20.739999771118164,20.860000610351562,20.739999771118164,20.860000610351562,104899
2026-08-11 12:15:00,20.68000030517578,20.760000228881836,20.6200008392334,20.739999771118164,201275
2026-08-11 12:30:00,20.719999313354492,20.739999771118164,20.600000381469727,20.68000030517578,338555
2026-08-11 12:45:00,20.700000762939453,20.719999313354492,20.65999984741211,20.700000762939453,146850
2026-08-11 13:00:00,20.739999771118164,20.739999771118164,20.65999984741211,20.700000762939453,102457
2026-08-11 13:15:00,20.739999771118164,20.739999771118164,20.68000030517578,20.739999771118164,154422
2026-08-11 13:30:00,20.739999771118164,20.760000228881836,20.719999313354492,20.739999771118164,145204
2026-08-11 13:45:00,20.68000030517578,20.760000228881836,20.68000030517578,20.739999771118164,131700
2026-08-11 14:00:00,20.799999237060547,20.799999237060547,20.700000762939453,20.700000762939453,212172
2026-08-11 14:15:00,20.700000762939453,20.81999969482422,20.68000030517578,20.81999969482422,176582
2026-08-11 14:30:00,20.780000686645508,20.799999237060547,20.719999313354492,20.719999313354492,148320
2026-08-11 14:45:00,20.760000228881836,20.780000686645508,20.739999771118164,20.780000686645508,158871
2026-08-11 15:00:00,20.8799991607666,20.899999618530273,20.739999771118164,20.760000228881836,155533
2026-08-11 15:15:00,20.8799991607666,20.940000534057617,20.84000015258789,20.8799991607666,293000
2026-08-11 15:30:00,20.81999969482422,20.899999618530273,20.780000686645508,20.8799991607666,283749
2026-08-11 15:45:00,20.860000610351562,20.899999618530273,20.799999237060547,20.799999237060547,144855
2026-08-11 16:00:00,20.84000015258789,20.979999542236328,20.84000015258789,20.8799991607666,282977
2026-08-11 16:15:00,20.940000534057617,20.940000534057617,20.799999237060547,20.84000015258789,196250
2026-08-11 16:30:00,20.860000610351562,20.959999084472656,20.860000610351562,20.920000076293945,296996
2026-08-11 16:45:00,20.780000686645508,20.899999618530273,20.760000228881836,20.8799991607666,153506
2026-08-11 17:00:00,20.799999237060547,20.81999969482422,20.719999313354492,20.760000228881836,281153
2026-08-11 17:15:00,20.760000228881836,20.81999969482422,20.760000228881836,20.799999237060547,131429
2026-08-11 17:30:00,20.780000686645508,20.799999237060547,20.760000228881836,20.760000228881836,184219
2026-08-11 17:45:00,20.81999969482422,20.81999969482422,20.739999771118164,20.780000686645508,352531
2026-08-12 09:45:00,21.34000015258789,21.34000015258789,21.34000015258789,21.34000015258789,0
2026-08-12 10:00:00,21.200000762939453,21.5,20.739999771118164,21.360000610351562,7743514
2026-08-12 10:15:00,21.479999542236328,21.520000457763672,21.100000381469727,21.200000762939453,1947683
2026-08-12 10:30:00,21.399999618530273,21.65999984741211,21.34000015258789,21.459999084472656,1602131
2026-08-12 10:45:00,21.239999771118164,21.399999618530273,21.139999389648438,21.3799991607666,1010008
2026-08-12 11:00:00,21.260000228881836,21.3799991607666,21.15999984741211,21.260000228881836,1492137
2026-08-12 11:15:00,21.420000076293945,21.459999084472656,21.239999771118164,21.260000228881836,535847
2026-08-12 11:30:00,21.420000076293945,21.559999465942383,21.399999618530273,21.420000076293945,552076
2026-08-12 11:45:00,21.5,21.559999465942383,21.399999618530273,21.440000534057617,600394
2026-08-12 12:00:00,21.31999969482422,21.5,21.299999237060547,21.5,316151
2026-08-12 12:15:00,21.459999084472656,21.459999084472656,21.299999237060547,21.31999969482422,407003
2026-08-12 12:30:00,21.459999084472656,21.540000915527344,21.440000534057617,21.459999084472656,312829
2026-08-12 12:45:00,21.3799991607666,21.540000915527344,21.360000610351562,21.479999542236328,311452
2026-08-12 13:00:00,21.459999084472656,21.559999465942383,21.360000610351562,21.3799991607666,629306
2026-08-12 13:15:00,21.420000076293945,21.5,21.399999618530273,21.5,392834
2026-08-12 13:30:00,21.5,21.5,21.420000076293945,21.440000534057617,140172
2026-08-12 13:45:00,21.579999923706055,21.579999923706055,21.459999084472656,21.5,681679
2026-08-12 14:00:00,21.520000457763672,21.6200008392334,21.479999542236328,21.579999923706055,502500
2026-08-12 14:15:00,21.399999618530273,21.520000457763672,21.360000610351562,21.520000457763672,294449
2026-08-12 14:30:00,21.459999084472656,21.459999084472656,21.3799991607666,21.399999618530273,531661
2026-08-12 14:45:00,21.479999542236328,21.5,21.459999084472656,21.479999542236328,198981
2026-08-12 15:00:00,21.540000915527344,21.540000915527344,21.459999084472656,21.5,193892
2026-08-12 15:15:00,21.5,21.559999465942383,21.5,21.540000915527344,302384
2026-08-12 15:30:00,21.459999084472656,21.520000457763672,21.399999618530273,21.5,182576
2026-08-12 15:45:00,21.579999923706055,21.639999389648438,21.420000076293945,21.479999542236328,394653
2026-08-12 16:00:00,21.600000381469727,21.639999389648438,21.579999923706055,21.600000381469727,281689
2026-08-12 16:15:00,21.579999923706055,21.6200008392334,21.5,21.6200008392334,421473
2026-08-12 16:30:00,21.600000381469727,21.700000762939453,21.579999923706055,21.579999923706055,819778
2026-08-12 16:45:00,21.540000915527344,21.6200008392334,21.459999084472656,21.6200008392334,509683
2026-08-12 17:00:00,21.520000457763672,21.559999465942383,21.479999542236328,21.540000915527344,269848
2026-08-12 17:15:00,21.399999618530273,21.540000915527344,21.31999969482422,21.520000457763672,831418
2026-08-12 17:30:00,21.34000015258789,21.420000076293945,21.31999969482422,21.399999618530273,1132997
2026-08-12 17:45:00,21.639999389648438,21.639999389648438,21.299999237060547,21.34000015258789,1276335
2026-08-13 09:45:00,21.559999465942383,21.559999465942383,21.559999465942383,21.559999465942383,0
2026-08-13 10:00:00,21.520000457763672,21.639999389648438,21.479999542236328,21.579999923706055,577387
2026-08-13 10:15:00,21.420000076293945,21.520000457763672,21.3799991607666,21.520000457763672,401073
2026-08-13 10:30:00,21.65999984741211,21.700000762939453,21.420000076293945,21.440000534057617,766795
2026-08-13 10:45:00,21.600000381469727,21.760000228881836,21.600000381469727,21.65999984741211,668336
2026-08-13 11:00:00,21.559999465942383,21.65999984741211,21.5,21.6200008392334,718747
2026-08-13 11:15:00,21.540000915527344,21.639999389648438,21.540000915527344,21.559999465942383,208701
2026-08-13 11:30:00,21.579999923706055,21.65999984741211,21.520000457763672,21.540000915527344,231575
2026-08-13 11:45:00,21.579999923706055,21.600000381469727,21.540000915527344,21.579999923706055,85437
2026-08-13 12:00:00,21.479999542236328,21.579999923706055,21.459999084472656,21.559999465942383,148789
2026-08-13 12:15:00,21.3799991607666,21.5,21.3799991607666,21.479999542236328,249314
2026-08-13 12:30:00,21.399999618530273,21.420000076293945,21.360000610351562,21.3799991607666,189102
2026-08-13 12:45:00,21.420000076293945,21.459999084472656,21.399999618530273,21.420000076293945,122702
2026-08-13 13:00:00,21.3799991607666,21.420000076293945,21.299999237060547,21.399999618530273,724852
2026-08-13 13:15:00,21.31999969482422,21.360000610351562,21.260000228881836,21.360000610351562,203946
2026-08-13 13:30:00,21.260000228881836,21.34000015258789,21.260000228881836,21.299999237060547,202662
2026-08-13 13:45:00,21.260000228881836,21.299999237060547,21.260000228881836,21.260000228881836,86619
2026-08-13 14:00:00,21.260000228881836,21.299999237060547,21.239999771118164,21.260000228881836,92422
2026-08-13 14:15:00,21.200000762939453,21.31999969482422,21.200000762939453,21.280000686645508,244123
2026-08-13 14:30:00,21.059999465942383,21.219999313354492,21.0,21.200000762939453,575118
2026-08-13 14:45:00,21.200000762939453,21.219999313354492,21.040000915527344,21.079999923706055,486353
2026-08-13 15:00:00,21.079999923706055,21.200000762939453,21.079999923706055,21.200000762939453,426015
2026-08-13 15:15:00,21.079999923706055,21.1200008392334,21.040000915527344,21.079999923706055,322309
2026-08-13 15:30:00,21.079999923706055,21.079999923706055,21.020000457763672,21.079999923706055,330113
2026-08-13 15:45:00,21.059999465942383,21.100000381469727,21.040000915527344,21.079999923706055,252854
2026-08-13 16:00:00,21.1200008392334,21.200000762939453,21.040000915527344,21.059999465942383,1041663
2026-08-13 16:15:00,21.059999465942383,21.139999389648438,21.059999465942383,21.139999389648438,356985
2026-08-13 16:30:00,21.040000915527344,21.059999465942383,21.020000457763672,21.059999465942383,215241
2026-08-13 16:45:00,21.040000915527344,21.079999923706055,21.020000457763672,21.040000915527344,343277
2026-08-13 17:00:00,21.040000915527344,21.059999465942383,21.0,21.040000915527344,290776
2026-08-13 17:15:00,21.1200008392334,21.1200008392334,21.040000915527344,21.059999465942383,213100
2026-08-13 17:30:00,21.079999923706055,21.100000381469727,21.040000915527344,21.100000381469727,163656
2026-08-13 17:45:00,21.100000381469727,21.1200008392334,21.059999465942383,21.079999923706055,644923
2026-08-14 09:45:00,21.100000381469727,21.100000381469727,21.100000381469727,21.100000381469727,0
2026-08-14 10:00:00,21.299999237060547,21.34000015258789,21.040000915527344,21.100000381469727,1098614
2026-08-14 10:15:00,21.3799991607666,21.459999084472656,21.239999771118164,21.299999237060547,973060
2026-08-14 10:30:00,21.440000534057617,21.479999542236328,21.3799991607666,21.3799991607666,511861
2026-08-14 10:45:00,21.3799991607666,21.440000534057617,21.3799991607666,21.440000534057617,136285
2026-08-14 11:00:00,21.15999984741211,21.479999542236328,21.1200008392334,21.399999618530273,593701
2026-08-14 11:15:00,21.200000762939453,21.200000762939453,21.139999389648438,21.15999984741211,258900
2026-08-14 11:30:00,21.239999771118164,21.299999237060547,21.18000030517578,21.200000762939453,431938
2026-08-14 11:45:00,21.219999313354492,21.239999771118164,21.18000030517578,21.239999771118164,69960
2026-08-14 12:00:00,21.260000228881836,21.31999969482422,21.200000762939453,21.219999313354492,86201
2026-08-14 12:15:00,21.18000030517578,21.239999771118164,21.15999984741211,21.239999771118164,241051
2026-08-14 12:30:00,21.18000030517578,21.219999313354492,21.15999984741211,21.18000030517578,116657
2026-08-14 12:45:00,21.15999984741211,21.18000030517578,21.1200008392334,21.18000030517578,118480
2026-08-14 13:00:00,21.139999389648438,21.18000030517578,21.139999389648438,21.139999389648438,100350
2026-08-14 13:15:00,21.200000762939453,21.200000762939453,21.139999389648438,21.139999389648438,56838
2026-08-14 13:30:00,21.420000076293945,21.520000457763672,21.18000030517578,21.18000030517578,809187
2026-08-14 13:45:00,21.31999969482422,21.559999465942383,21.299999237060547,21.440000534057617,941503
2026-08-14 14:00:00,21.139999389648438,21.34000015258789,21.1200008392334,21.34000015258789,262658
2026-08-14 14:15:00,21.079999923706055,21.139999389648438,21.059999465942383,21.139999389648438,369615
2026-08-14 14:30:00,21.0,21.100000381469727,20.959999084472656,21.079999923706055,519188
2026-08-14 14:45:00,20.979999542236328,21.0,20.8799991607666,21.0,401954
2026-08-14 15:00:00,20.940000534057617,21.0,20.8799991607666,20.979999542236328,465337
2026-08-14 15:15:00,20.940000534057617,20.959999084472656,20.920000076293945,20.940000534057617,89125
2026-08-14 15:30:00,20.940000534057617,20.959999084472656,20.920000076293945,20.940000534057617,152722
2026-08-14 15:45:00,20.899999618530273,20.959999084472656,20.899999618530273,20.959999084472656,170509
2026-08-14 16:00:00,20.940000534057617,20.940000534057617,20.8799991607666,20.940000534057617,228414
2026-08-14 16:15:00,20.899999618530273,20.940000534057617,20.8799991607666,20.920000076293945,165287
2026-08-14 16:30:00,20.940000534057617,20.959999084472656,20.860000610351562,20.899999618530273,109235
2026-08-14 16:45:00,20.899999618530273,20.959999084472656,20.8799991607666,20.940000534057617,98398
2026-08-14 17:00:00,21.020000457763672,21.020000457763672,20.84000015258789,20.899999618530273,792303
2026-08-14 17:15:00,20.920000076293945,21.0,20.920000076293945,21.0,202205
2026-08-14 17:30:00,20.860000610351562,20.940000534057617,20.81999969482422,20.940000534057617,691152
2026-08-14 17:45:00,20.860000610351562,20.899999618530273,20.84000015258789,20.860000610351562,495302
2026-08-17 09:45:00,20.8799991607666,20.8799991607666,20.8799991607666,20.8799991607666,0
2026-08-17 10:00:00,20.84000015258789,20.940000534057617,20.799999237060547,20.899999618530273,458520
2026-08-17 10:15:00,20.8799991607666,20.920000076293945,20.81999969482422,20.84000015258789,119614
2026-08-17 10:30:00,20.860000610351562,20.8799991607666,20.799999237060547,20.8799991607666,200455
2026-08-17 10:45:00,20.799999237060547,20.8799991607666,20.760000228881836,20.860000610351562,235941
2026-08-17 11:00:00,20.84000015258789,20.84000015258789,20.739999771118164,20.799999237060547,234471
2026-08-17 11:15:00,20.899999618530273,21.0,20.799999237060547,20.84000015258789,787199
2026-08-17 11:30:00,20.8799991607666,20.959999084472656,20.8799991607666,20.899999618530273,210145
2026-08-17 11:45:00,20.860000610351562,20.8799991607666,20.84000015258789,20.8799991607666,29263
2026-08-17 12:00:00,20.799999237060547,20.860000610351562,20.799999237060547,20.860000610351562,47283
2026-08-17 12:15:00,20.81999969482422,20.81999969482422,20.780000686645508,20.81999969482422,52364
2026-08-17 12:30:00,20.799999237060547,20.81999969482422,20.780000686645508,20.799999237060547,166878
2026-08-17 12:45:00,20.799999237060547,20.81999969482422,20.780000686645508,20.799999237060547,36888
2026-08-17 13:00:00,20.8799991607666,20.899999618530273,20.799999237060547,20.81999969482422,96931
2026-08-17 13:15:00,20.899999618530273,20.899999618530273,20.860000610351562,20.8799991607666,41223
2026-08-17 13:30:00,20.84000015258789,20.899999618530273,20.84000015258789,20.899999618530273,54905
2026-08-17 13:45:00,20.799999237060547,20.920000076293945,20.760000228881836,20.81999969482422,499753
2026-08-17 14:00:00,20.81999969482422,20.84000015258789,20.780000686645508,20.799999237060547,100999
2026-08-17 14:15:00,20.780000686645508,20.81999969482422,20.780000686645508,20.81999969482422,138213
2026-08-17 14:30:00,20.780000686645508,20.81999969482422,20.719999313354492,20.799999237060547,490528
2026-08-17 14:45:00,20.739999771118164,20.799999237060547,20.719999313354492,20.760000228881836,228230
2026-08-17 15:00:00,20.860000610351562,20.899999618530273,20.739999771118164,20.760000228881836,396831
2026-08-17 15:15:00,20.81999969482422,20.860000610351562,20.81999969482422,20.860000610351562,104403
2026-08-17 15:30:00,20.81999969482422,20.84000015258789,20.799999237060547,20.84000015258789,61732
2026-08-17 15:45:00,20.799999237060547,20.84000015258789,20.799999237060547,20.81999969482422,52396
2026-08-17 16:00:00,20.780000686645508,20.84000015258789,20.739999771118164,20.81999969482422,151865
2026-08-17 16:15:00,20.780000686645508,20.780000686645508,20.739999771118164,20.780000686645508,99422
2026-08-17 16:30:00,20.81999969482422,20.81999969482422,20.760000228881836,20.780000686645508,72787
2026-08-17 16:45:00,20.84000015258789,20.84000015258789,20.780000686645508,20.81999969482422,70891
2026-08-17 17:00:00,20.8799991607666,20.899999618530273,20.799999237060547,20.84000015258789,210083
2026-08-17 17:15:00,20.8799991607666,20.920000076293945,20.860000610351562,20.8799991607666,115502
2026-08-17 17:30:00,20.799999237060547,20.8799991607666,20.780000686645508,20.8799991607666,233654
2026-08-17 17:45:00,20.799999237060547,20.84000015258789,20.780000686645508,20.81999969482422,152074
2026-08-18 09:45:00,20.739999771118164,20.739999771118164,20.739999771118164,20.739999771118164,0
2026-08-18 10:00:00,20.639999389648438,20.719999313354492,20.479999542236328,20.719999313354492,802901
2026-08-18 10:15:00,20.65999984741211,20.700000762939453,20.600000381469727,20.65999984741211,310142
2026-08-18 10:30:00,20.719999313354492,20.719999313354492,20.639999389648438,20.65999984741211,445408
2026-08-18 10:45:00,20.739999771118164,20.760000228881836,20.700000762939453,20.719999313354492,416824
2026-08-18 11:00:00,20.81999969482422,20.81999969482422,20.719999313354492,20.739999771118164,416400
2026-08-18 11:15:00,20.8799991607666,20.920000076293945,20.780000686645508,20.799999237060547,488213
2026-08-18 11:30:00,20.8799991607666,20.940000534057617,20.84000015258789,20.8799991607666,252817
2026-08-18 11:45:00,20.84000015258789,20.899999618530273,20.81999969482422,20.860000610351562,190569
2026-08-18 12:00:00,20.760000228881836,20.920000076293945,20.700000762939453,20.860000610351562,529920
2026-08-18 12:15:00,20.84000015258789,20.860000610351562,20.760000228881836,20.760000228881836,173978
2026-08-18 12:30:00,20.799999237060547,20.84000015258789,20.799999237060547,20.81999969482422,122306
2026-08-18 12:45:00,20.860000610351562,20.860000610351562,20.780000686645508,20.799999237060547,148488
2026-08-18 13:00:00,20.799999237060547,20.860000610351562,20.719999313354492,20.84000015258789,132046
2026-08-18 13:15:00,20.8799991607666,20.899999618530273,20.799999237060547,20.799999237060547,91133
2026-08-18 13:30:00,20.84000015258789,20.899999618530273,20.81999969482422,20.899999618530273,97996
2026-08-18 13:45:00,20.799999237060547,20.860000610351562,20.780000686645508,20.84000015258789,167373
2026-08-18 14:00:00,20.81999969482422,20.81999969482422,20.780000686645508,20.799999237060547,17866
2026-08-18 14:15:00,20.760000228881836,20.81999969482422,20.739999771118164,20.799999237060547,93506
2026-08-18 14:30:00,20.719999313354492,20.760000228881836,20.700000762939453,20.760000228881836,338814
2026-08-18 14:45:00,20.760000228881836,20.780000686645508,20.719999313354492,20.719999313354492,129588
2026-08-18 15:00:00,20.719999313354492,20.739999771118164,20.65999984741211,20.739999771118164,359283
2026-08-18 15:15:00,20.700000762939453,20.739999771118164,20.700000762939453,20.719999313354492,174231
2026-08-18 15:30:00,20.639999389648438,20.719999313354492,20.6200008392334,20.700000762939453,293796
2026-08-18 15:45:00,20.65999984741211,20.700000762939453,20.65999984741211,20.65999984741211,414999
2026-08-18 16:00:00,20.65999984741211,20.65999984741211,20.639999389648438,20.65999984741211,103086
2026-08-18 16:15:00,20.719999313354492,20.739999771118164,20.6200008392334,20.65999984741211,513288
2026-08-18 16:30:00,20.700000762939453,20.739999771118164,20.65999984741211,20.719999313354492,354096
2026-08-18 16:45:00,20.700000762939453,20.719999313354492,20.68000030517578,20.700000762939453,132028
2026-08-18 17:00:00,20.65999984741211,20.719999313354492,20.600000381469727,20.700000762939453,396597
2026-08-18 17:15:00,20.639999389648438,20.65999984741211,20.6200008392334,20.639999389648438,94226
2026-08-18 17:30:00,20.65999984741211,20.68000030517578,20.639999389648438,20.639999389648438,143768
2026-08-18 17:45:00,20.6200008392334,20.65999984741211,20.579999923706055,20.65999984741211,367895
2026-08-19 09:45:00,20.780000686645508,20.780000686645508,20.780000686645508,20.780000686645508,0
2026-08-19 10:00:00,20.860000610351562,20.8799991607666,20.65999984741211,20.760000228881836,434474
2026-08-19 10:15:00,20.959999084472656,21.079999923706055,20.860000610351562,20.860000610351562,964124
2026-08-19 10:30:00,20.920000076293945,21.0,20.8799991607666,20.940000534057617,358602
2026-08-19 10:45:00,20.8799991607666,20.920000076293945,20.860000610351562,20.920000076293945,52494
