Datetime,Close,High,Low,Open,Volume
2026-06-01 09:45:00,8.819999694824219,8.819999694824219,8.819999694824219,8.819999694824219,0
2026-06-01 10:00:00,8.869999885559082,8.90999984741211,8.75,8.829999923706055,2330277
2026-06-01 10:15:00,8.880000114440918,8.90999984741211,8.850000381469727,8.869999885559082,4020486
2026-06-01 10:30:00,8.890000343322754,8.90999984741211,8.880000114440918,8.890000343322754,2898592
2026-06-01 10:45:00,8.899999618530273,8.930000305175781,8.890000343322754,8.899999618530273,2608065
2026-06-01 11:00:00,8.890000343322754,8.90999984741211,8.84000015258789,8.899999618530273,2570622
2026-06-01 11:15:00,8.90999984741211,8.920000076293945,8.869999885559082,8.890000343322754,2651443
2026-06-01 11:30:00,8.920000076293945,8.920000076293945,8.899999618530273,8.90999984741211,294563
2026-06-01 11:45:00,8.920000076293945,8.930000305175781,8.90999984741211,8.90999984741211,2404799
2026-06-01 12:00:00,8.970000267028809,8.979999542236328,8.920000076293945,8.920000076293945,5879938
2026-06-01 12:15:00,8.960000038146973,9.0,8.899999618530273,8.970000267028809,7250624
2026-06-01 12:30:00,8.960000038146973,8.979999542236328,8.9399995803833,8.960000038146973,4462205
2026-06-01 12:45:00,8.890000343322754,8.970000267028809,8.869999885559082,8.960000038146973,7338435
2026-06-01 13:00:00,8.920000076293945,8.930000305175781,8.880000114440918,8.890000343322754,3368822
2026-06-01 13:15:00,8.9399995803833,8.949999809265137,8.90999984741211,8.930000305175781,2561722
2026-06-01 13:30:00,8.90999984741211,8.960000038146973,8.90999984741211,8.930000305175781,2324487
2026-06-01 13:45:00,8.869999885559082,8.930000305175781,8.869999885559082,8.90999984741211,3857848
2026-06-01 14:00:00,8.890000343322754,8.920000076293945,8.869999885559082,8.869999885559082,4911717
2026-06-01 14:15:00,8.890000343322754,8.90999984741211,8.880000114440918,8.890000343322754,1421884
2026-06-01 14:30:00,8.869999885559082,8.899999618530273,8.850000381469727,8.890000343322754,762794
2026-06-01 14:45:00,8.859999656677246,8.869999885559082,8.850000381469727,8.869999885559082,961261
2026-06-01 15:00:00,8.859999656677246,8.869999885559082,8.859999656677246,8.859999656677246,172485
2026-06-01 15:15:00,8.869999885559082,8.869999885559082,8.850000381469727,8.859999656677246,3038504
2026-06-01 15:30:00,8.859999656677246,8.880000114440918,8.829999923706055,8.869999885559082,2940270
2026-06-01 15:45:00,8.869999885559082,8.899999618530273,8.84000015258789,8.859999656677246,4098529
2026-06-01 16:00:00,8.800000190734863,8.880000114440918,8.789999961853027,8.869999885559082,3634842
2026-06-01 16:15:00,8.789999961853027,8.829999923706055,8.789999961853027,8.8100004196167,1824134
2026-06-01 16:30:00,8.770000457763672,8.789999961853027,8.729999542236328,8.789999961853027,2532156
2026-06-01 16:45:00,8.760000228881836,8.789999961853027,8.739999771118164,8.770000457763672,1897786
2026-06-01 17:00:00,8.789999961853027,8.789999961853027,8.770000457763672,8.770000457763672,1478138
2026-06-01 17:15:00,8.739999771118164,8.789999961853027,8.720000267028809,8.779999732971191,2119327
2026-06-01 17:30:00,8.770000457763672,8.770000457763672,8.720000267028809,8.729999542236328,1557524
2026-06-01 17:45:00,8.770000457763672,8.779999732971191,8.75,8.770000457763672,2245728
2026-06-02 09:45:00,8.800000190734863,8.800000190734863,8.800000190734863,8.800000190734863,0
2026-06-02 10:00:00,8.829999923706055,8.829999923706055,8.789999961853027,8.8100004196167,1901096
2026-06-02 10:15:00,8.819999694824219,8.829999923706055,8.789999961853027,8.829999923706055,1273683
2026-06-02 10:30:00,8.84000015258789,8.850000381469727,8.819999694824219,8.819999694824219,1372195
2026-06-02 10:45:00,8.829999923706055,8.850000381469727,8.75,8.84000015258789,1948716
2026-06-02 11:00:00,8.829999923706055,8.84000015258789,8.8100004196167,8.829999923706055,697287
2026-06-02 11:15:00,8.819999694824219,8.84000015258789,8.819999694824219,8.84000015258789,702359
2026-06-02 11:30:00,8.789999961853027,8.829999923706055,8.789999961853027,8.819999694824219,523239
2026-06-02 11:45:00,8.8100004196167,8.829999923706055,8.789999961853027,8.789999961853027,670115
2026-06-02 12:00:00,8.819999694824219,8.819999694824219,8.8100004196167,8.8100004196167,171988
2026-06-02 12:15:00,8.819999694824219,8.819999694824219,8.8100004196167,8.819999694824219,109211
2026-06-02 12:30:00,8.8100004196167,8.819999694824219,8.800000190734863,8.8100004196167,217533
2026-06-02 12:45:00,8.8100004196167,8.8100004196167,8.800000190734863,8.8100004196167,113148
2026-06-02 13:00:00,8.779999732971191,8.8100004196167,8.779999732971191,8.800000190734863,128880
2026-06-02 13:15:00,8.779999732971191,8.789999961853027,8.770000457763672,8.779999732971191,242383
2026-06-02 13:30:00,8.770000457763672,8.789999961853027,8.75,8.779999732971191,903896
2026-06-02 13:45:00,8.770000457763672,8.770000457763672,8.760000228881836,8.770000457763672,224583
2026-06-02 14:00:00,8.789999961853027,8.800000190734863,8.760000228881836,8.760000228881836,2689978
2026-06-02 14:15:00,8.800000190734863,8.800000190734863,8.779999732971191,8.800000190734863,512304
2026-06-02 14:30:00,8.789999961853027,8.800000190734863,8.789999961853027,8.789999961853027,100423
2026-06-02 14:45:00,8.800000190734863,8.800000190734863,8.789999961853027,8.789999961853027,122232
2026-06-02 15:00:00,8.800000190734863,8.800000190734863,8.789999961853027,8.789999961853027,223002
2026-06-02 15:15:00,8.800000190734863,8.819999694824219,8.789999961853027,8.800000190734863,2236285
2026-06-02 15:30:00,8.829999923706055,8.829999923706055,8.800000190734863,8.800000190734863,2725702
2026-06-02 15:45:00,8.829999923706055,8.829999923706055,8.819999694824219,8.829999923706055,359966
2026-06-02 16:00:00,8.829999923706055,8.829999923706055,8.819999694824219,8.829999923706055,230579
2026-06-02 16:15:00,8.8100004196167,8.829999923706055,8.800000190734863,8.829999923706055,862733
2026-06-02 16:30:00,8.850000381469727,8.859999656677246,8.800000190734863,8.8100004196167,3985564
2026-06-02 16:45:00,8.850000381469727,8.859999656677246,8.829999923706055,8.850000381469727,4327457
2026-06-02 17:00:00,8.859999656677246,8.859999656677246,8.850000381469727,8.850000381469727,325181
2026-06-02 17:15:00,8.9399995803833,9.0,8.850000381469727,8.859999656677246,10312800
2026-06-02 17:30:00,8.960000038146973,8.989999771118164,8.90999984741211,8.930000305175781,1765516
2026-06-02 17:45:00,8.970000267028809,8.979999542236328,8.949999809265137,8.970000267028809,1276474
2026-06-03 09:45:00,8.989999771118164,8.989999771118164,8.989999771118164,8.989999771118164,0
2026-06-03 10:00:00,8.930000305175781,9.0,8.869999885559082,8.989999771118164,2206282
2026-06-03 10:15:00,8.920000076293945,8.930000305175781,8.890000343322754,8.930000305175781,744595
2026-06-03 10:30:00,8.890000343322754,8.920000076293945,8.880000114440918,8.920000076293945,642991
2026-06-03 10:45:00,8.970000267028809,8.989999771118164,8.880000114440918,8.899999618530273,3527255
2026-06-03 11:00:00,8.979999542236328,8.979999542236328,8.949999809265137,8.970000267028809,849181
2026-06-03 11:15:00,9.010000228881836,9.039999961853027,8.960000038146973,8.979999542236328,6427506
2026-06-03 11:30:00,9.010000228881836,9.029999732971191,9.0,9.010000228881836,487575
2026-06-03 11:45:00,8.989999771118164,9.010000228881836,8.979999542236328,9.0,561613
2026-06-03 12:00:00,8.989999771118164,9.029999732971191,8.989999771118164,9.0,686992
2026-06-03 12:15:00,9.0,9.010000228881836,8.989999771118164,8.989999771118164,160947
2026-06-03 12:30:00,8.989999771118164,9.0,8.979999542236328,9.0,182999
2026-06-03 12:45:00,8.979999542236328,9.0,8.979999542236328,8.989999771118164,183219
2026-06-03 13:00:00,9.0,9.010000228881836,8.970000267028809,8.979999542236328,383728
2026-06-03 13:15:00,8.989999771118164,9.010000228881836,8.979999542236328,8.989999771118164,352961
2026-06-03 13:30:00,8.970000267028809,9.0,8.970000267028809,8.979999542236328,268581
2026-06-03 13:45:00,8.960000038146973,8.979999542236328,8.960000038146973,8.979999542236328,127263
2026-06-03 14:00:00,8.960000038146973,8.979999542236328,8.949999809265137,8.960000038146973,184403
2026-06-03 14:15:00,8.930000305175781,8.970000267028809,8.930000305175781,8.960000038146973,530178
2026-06-03 14:30:00,8.920000076293945,8.949999809265137,8.920000076293945,8.930000305175781,627880
2026-06-03 14:45:00,8.930000305175781,8.949999809265137,8.930000305175781,8.9399995803833,500272
2026-06-03 15:00:00,8.920000076293945,8.9399995803833,8.920000076293945,8.930000305175781,369570
2026-06-03 15:15:00,8.920000076293945,8.9399995803833,8.920000076293945,8.920000076293945,206572
2026-06-03 15:30:00,8.9399995803833,8.949999809265137,8.920000076293945,8.920000076293945,476110
2026-06-03 15:45:00,8.930000305175781,8.9399995803833,8.920000076293945,8.9399995803833,95583
2026-06-03 16:00:00,8.930000305175781,8.9399995803833,8.920000076293945,8.9399995803833,194318
2026-06-03 16:15:00,8.920000076293945,8.9399995803833,8.880000114440918,8.930000305175781,1239654
2026-06-03 16:30:00,8.890000343322754,8.920000076293945,8.890000343322754,8.920000076293945,189958
2026-06-03 16:45:00,8.880000114440918,8.890000343322754,8.850000381469727,8.890000343322754,468556
2026-06-03 17:00:00,8.859999656677246,8.890000343322754,8.859999656677246,8.880000114440918,293997
2026-06-03 17:15:00,8.819999694824219,8.859999656677246,8.8100004196167,8.859999656677246,701312
2026-06-03 17:30:00,8.829999923706055,8.84000015258789,8.819999694824219,8.829999923706055,1011544
2026-06-03 17:45:00,8.829999923706055,8.859999656677246,8.8100004196167,8.829999923706055,1484711
2026-06-04 09:45:00,8.8100004196167,8.8100004196167,8.8100004196167,8.8100004196167,0
2026-06-04 10:00:00,8.859999656677246,8.920000076293945,8.829999923706055,8.829999923706055,1035435
2026-06-04 10:15:00,8.890000343322754,8.90999984741211,8.859999656677246,8.869999885559082,567514
2026-06-04 10:30:00,8.850000381469727,8.890000343322754,8.84000015258789,8.880000114440918,370758
2026-06-04 10:45:00,8.779999732971191,8.850000381469727,8.770000457763672,8.84000015258789,1053757
2026-06-04 11:00:00,8.75,8.789999961853027,8.739999771118164,8.770000457763672,448409
2026-06-04 11:15:00,8.75,8.770000457763672,8.720000267028809,8.739999771118164,615300
2026-06-04 11:30:00,8.699999809265137,8.770000457763672,8.65999984741211,8.739999771118164,1390351
2026-06-04 11:45:00,8.680000305175781,8.710000038146973,8.680000305175781,8.710000038146973,179149
2026-06-04 12:00:00,8.6899995803833,8.699999809265137,8.680000305175781,8.680000305175781,250171
2026-06-04 12:15:00,8.699999809265137,8.720000267028809,8.680000305175781,8.699999809265137,314609
2026-06-04 12:30:00,8.699999809265137,8.710000038146973,8.6899995803833,8.710000038146973,290661
2026-06-04 12:45:00,8.720000267028809,8.729999542236328,8.699999809265137,8.699999809265137,281166
2026-06-04 13:00:00,8.710000038146973,8.720000267028809,8.6899995803833,8.720000267028809,207785
2026-06-04 13:15:00,8.6899995803833,8.710000038146973,8.680000305175781,8.710000038146973,58972
2026-06-04 13:30:00,8.65999984741211,8.699999809265137,8.649999618530273,8.6899995803833,353677
2026-06-04 13:45:00,8.65999984741211,8.6899995803833,8.630000114440918,8.65999984741211,686915
2026-06-04 14:00:00,8.670000076293945,8.670000076293945,8.640000343322754,8.65999984741211,198880
2026-06-04 14:15:00,8.670000076293945,8.680000305175781,8.649999618530273,8.670000076293945,180854
2026-06-04 14:30:00,8.649999618530273,8.6899995803833,8.609999656677246,8.680000305175781,850172
2026-06-04 14:45:00,8.710000038146973,8.720000267028809,8.65999984741211,8.65999984741211,882702
2026-06-04 15:00:00,8.729999542236328,8.729999542236328,8.6899995803833,8.710000038146973,695068
2026-06-04 15:15:00,8.710000038146973,8.729999542236328,8.6899995803833,8.729999542236328,419566
2026-06-04 15:30:00,8.710000038146973,8.720000267028809,8.699999809265137,8.720000267028809,139405
2026-06-04 15:45:00,8.710000038146973,8.720000267028809,8.699999809265137,8.710000038146973,67954
2026-06-04 16:00:00,8.779999732971191,8.789999961853027,8.699999809265137,8.720000267028809,1131333
2026-06-04 16:15:00,8.850000381469727,8.850000381469727,8.779999732971191,8.779999732971191,4202841
2026-06-04 16:30:00,8.819999694824219,8.869999885559082,8.770000457763672,8.850000381469727,5795364
2026-06-04 16:45:00,8.829999923706055,8.850000381469727,8.819999694824219,8.819999694824219,1301058
2026-06-04 17:00:00,8.850000381469727,8.850000381469727,8.829999923706055,8.84000015258789,737091
2026-06-04 17:15:00,8.869999885559082,8.869999885559082,8.84000015258789,8.84000015258789,1155186
2026-06-04 17:30:00,8.890000343322754,8.90999984741211,8.859999656677246,8.869999885559082,4259886
2026-06-04 17:45:00,8.899999618530273,8.899999618530273,8.880000114440918,8.890000343322754,1297739
2026-06-05 09:45:00,8.90999984741211,8.90999984741211,8.90999984741211,8.90999984741211,0
2026-06-05 10:00:00,8.920000076293945,8.930000305175781,8.859999656677246,8.90999984741211,3855679
2026-06-05 10:15:00,8.930000305175781,8.930000305175781,8.899999618530273,8.920000076293945,1024430
2026-06-05 10:30:00,8.84000015258789,8.930000305175781,8.819999694824219,8.930000305175781,2603052
2026-06-05 10:45:00,8.850000381469727,8.859999656677246,8.800000190734863,8.829999923706055,1045095
2026-06-05 11:00:00,8.829999923706055,8.859999656677246,8.819999694824219,8.850000381469727,676948
2026-06-05 11:15:00,8.869999885559082,8.920000076293945,8.819999694824219,8.829999923706055,806696
2026-06-05 11:30:00,8.800000190734863,8.880000114440918,8.770000457763672,8.869999885559082,1704102
2026-06-05 11:45:00,8.789999961853027,8.8100004196167,8.779999732971191,8.800000190734863,458718
2026-06-05 12:00:00,8.800000190734863,8.819999694824219,8.779999732971191,8.789999961853027,767653
2026-06-05 12:15:00,8.760000228881836,8.800000190734863,8.760000228881836,8.800000190734863,355576
2026-06-05 12:30:00,8.760000228881836,8.779999732971191,8.760000228881836,8.770000457763672,415051
2026-06-05 12:45:00,8.779999732971191,8.779999732971191,8.770000457763672,8.779999732971191,62654
2026-06-05 13:00:00,8.760000228881836,8.779999732971191,8.75,8.779999732971191,255828
2026-06-05 13:15:00,8.779999732971191,8.800000190734863,8.75,8.760000228881836,594620
2026-06-05 13:30:00,8.789999961853027,8.800000190734863,8.779999732971191,8.789999961853027,139395
2026-06-05 13:45:00,8.789999961853027,8.800000190734863,8.779999732971191,8.779999732971191,189034
2026-06-05 14:00:00,8.789999961853027,8.800000190734863,8.779999732971191,8.789999961853027,179091
2026-06-05 14:15:00,8.779999732971191,8.789999961853027,8.770000457763672,8.779999732971191,131233
2026-06-05 14:30:00,8.779999732971191,8.800000190734863,8.770000457763672,8.789999961853027,133664
2026-06-05 14:45:00,8.789999961853027,8.789999961853027,8.760000228881836,8.770000457763672,402729
2026-06-05 15:00:00,8.770000457763672,8.789999961853027,8.770000457763672,8.779999732971191,45710
2026-06-05 15:15:00,8.800000190734863,8.800000190734863,8.770000457763672,8.770000457763672,177549
2026-06-05 15:30:00,8.779999732971191,8.819999694824219,8.779999732971191,8.800000190734863,458369
2026-06-05 15:45:00,8.760000228881836,8.789999961853027,8.75,8.779999732971191,291041
2026-06-05 16:00:00,8.760000228881836,8.770000457763672,8.739999771118164,8.75,289101
2026-06-05 16:15:00,8.75,8.770000457763672,8.739999771118164,8.760000228881836,135486
2026-06-05 16:30:00,8.760000228881836,8.760000228881836,8.729999542236328,8.739999771118164,253845
2026-06-05 16:45:00,8.729999542236328,8.760000228881836,8.729999542236328,8.760000228881836,331183
2026-06-05 17:00:00,8.739999771118164,8.75,8.729999542236328,8.729999542236328,227289
2026-06-05 17:15:00,8.739999771118164,8.75,8.729999542236328,8.739999771118164,340964
2026-06-05 17:30:00,8.739999771118164,8.75,8.729999542236328,8.729999542236328,251059
2026-06-05 17:45:00,8.720000267028809,8.739999771118164,8.710000038146973,8.729999542236328,1397450
2026-06-08 09:45:00,8.670000076293945,8.670000076293945,8.670000076293945,8.670000076293945,0
2026-06-08 10:00:00,8.649999618530273,8.670000076293945,8.59000015258789,8.670000076293945,753546
2026-06-08 10:15:00,8.789999961853027,8.789999961853027,8.640000343322754,8.65999984741211,1387130
2026-06-08 10:30:00,8.779999732971191,8.84000015258789,8.779999732971191,8.789999961853027,1109041
2026-06-08 10:45:00,8.760000228881836,8.8100004196167,8.760000228881836,8.789999961853027,591727
2026-06-08 11:00:00,8.770000457763672,8.779999732971191,8.760000228881836,8.770000457763672,915553
2026-06-08 11:15:00,8.789999961853027,8.789999961853027,8.739999771118164,8.760000228881836,381959
2026-06-08 11:30:00,8.779999732971191,8.789999961853027,8.760000228881836,8.779999732971191,128761
2026-06-08 11:45:00,8.770000457763672,8.779999732971191,8.760000228881836,8.770000457763672,124438
2026-06-08 12:00:00,8.779999732971191,8.779999732971191,8.760000228881836,8.779999732971191,243546
2026-06-08 12:15:00,8.84000015258789,8.869999885559082,8.779999732971191,8.779999732971191,2495361
2026-06-08 12:30:00,8.850000381469727,8.859999656677246,8.829999923706055,8.829999923706055,276410
2026-06-08 12:45:00,8.859999656677246,8.880000114440918,8.829999923706055,8.850000381469727,746517
2026-06-08 13:00:00,8.859999656677246,8.880000114440918,8.859999656677246,8.859999656677246,493399
2026-06-08 13:15:00,8.869999885559082,8.869999885559082,8.850000381469727,8.859999656677246,168602
2026-06-08 13:30:00,8.800000190734863,8.869999885559082,8.779999732971191,8.869999885559082,1402976
2026-06-08 13:45:00,8.800000190734863,8.800000190734863,8.789999961853027,8.800000190734863,103254
2026-06-08 14:00:00,8.789999961853027,8.819999694824219,8.779999732971191,8.789999961853027,424237
2026-06-08 14:15:00,8.819999694824219,8.819999694824219,8.789999961853027,8.789999961853027,666865
2026-06-08 14:30:00,8.800000190734863,8.829999923706055,8.789999961853027,8.829999923706055,977037
2026-06-08 14:45:00,8.800000190734863,8.800000190734863,8.779999732971191,8.800000190734863,373739
2026-06-08 15:00:00,8.779999732971191,8.800000190734863,8.779999732971191,8.789999961853027,157098
2026-06-08 15:15:00,8.800000190734863,8.800000190734863,8.779999732971191,8.779999732971191,240988
2026-06-08 15:30:00,8.800000190734863,8.800000190734863,8.779999732971191,8.789999961853027,193257
2026-06-08 15:45:00,8.789999961853027,8.800000190734863,8.789999961853027,8.800000190734863,136593
2026-06-08 16:00:00,8.800000190734863,8.800000190734863,8.789999961853027,8.789999961853027,125952
2026-06-08 16:15:00,8.779999732971191,8.800000190734863,8.779999732971191,8.800000190734863,130232
2026-06-08 16:30:00,8.779999732971191,8.789999961853027,8.770000457763672,8.789999961853027,330645
2026-06-08 16:45:00,8.779999732971191,8.779999732971191,8.760000228881836,8.770000457763672,327484
2026-06-08 17:00:00,8.8100004196167,8.84000015258789,8.770000457763672,8.779999732971191,697762
2026-06-08 17:15:00,8.829999923706055,8.859999656677246,8.800000190734863,8.8100004196167,420214
2026-06-08 17:30:00,8.8100004196167,8.829999923706055,8.8100004196167,8.829999923706055,236993
2026-06-08 17:45:00,8.829999923706055,8.829999923706055,8.8100004196167,8.8100004196167,849212
2026-06-09 09:45:00,8.850000381469727,8.850000381469727,8.850000381469727,8.850000381469727,0
2026-06-09 10:00:00,8.850000381469727,8.90999984741211,8.819999694824219,8.859999656677246,1961059
2026-06-09 10:15:00,8.829999923706055,8.859999656677246,8.819999694824219,8.850000381469727,446413
2026-06-09 10:30:00,8.770000457763672,8.829999923706055,8.770000457763672,8.829999923706055,561977
2026-06-09 10:45:00,8.770000457763672,8.789999961853027,8.760000228881836,8.779999732971191,337495
2026-06-09 11:00:00,8.760000228881836,8.770000457763672,8.75,8.760000228881836,182631
2026-06-09 11:15:00,8.779999732971191,8.789999961853027,8.760000228881836,8.760000228881836,192972
2026-06-09 11:30:00,8.770000457763672,8.789999961853027,8.760000228881836,8.779999732971191,145826
2026-06-09 11:45:00,8.760000228881836,8.779999732971191,8.75,8.770000457763672,186957
2026-06-09 12:00:00,8.800000190734863,8.800000190734863,8.760000228881836,8.770000457763672,142775
2026-06-09 12:15:00,8.800000190734863,8.800000190734863,8.779999732971191,8.800000190734863,110506
2026-06-09 12:30:00,8.760000228881836,8.800000190734863,8.729999542236328,8.789999961853027,728446
2026-06-09 12:45:00,8.770000457763672,8.770000457763672,8.739999771118164,8.760000228881836,296051
2026-06-09 13:00:00,8.770000457763672,8.770000457763672,8.739999771118164,8.770000457763672,102343
2026-06-09 13:15:00,8.760000228881836,8.789999961853027,8.760000228881836,8.760000228881836,28801
2026-06-09 13:30:00,8.75,8.779999732971191,8.75,8.770000457763672,154884
2026-06-09 13:45:00,8.75,8.770000457763672,8.739999771118164,8.760000228881836,138736
2026-06-09 14:00:00,8.739999771118164,8.75,8.729999542236328,8.739999771118164,161058
2026-06-09 14:15:00,8.75,8.75,8.739999771118164,8.75,62819
2026-06-09 14:30:00,8.720000267028809,8.75,8.720000267028809,8.75,457034
2026-06-09 14:45:00,8.729999542236328,8.729999542236328,8.720000267028809,8.720000267028809,42927
2026-06-09 15:00:00,8.699999809265137,8.729999542236328,8.699999809265137,8.729999542236328,411844
2026-06-09 15:15:00,8.6899995803833,8.720000267028809,8.6899995803833,8.710000038146973,563522
2026-06-09 15:30:00,8.670000076293945,8.6899995803833,8.65999984741211,8.6899995803833,400088
2026-06-09 15:45:00,8.649999618530273,8.670000076293945,8.630000114440918,8.65999984741211,728817
2026-06-09 16:00:00,8.640000343322754,8.649999618530273,8.630000114440918,8.649999618530273,190824
2026-06-09 16:15:00,8.649999618530273,8.65999984741211,8.630000114440918,8.640000343322754,332467
2026-06-09 16:30:00,8.640000343322754,8.65999984741211,8.630000114440918,8.649999618530273,262702
2026-06-09 16:45:00,8.619999885559082,8.670000076293945,8.609999656677246,8.640000343322754,503783
2026-06-09 17:00:00,8.609999656677246,8.630000114440918,8.600000381469727,8.630000114440918,573640
2026-06-09 17:15:00,8.600000381469727,8.630000114440918,8.59000015258789,8.609999656677246,459114
2026-06-09 17:30:00,8.5600004196167,8.600000381469727,8.550000190734863,8.600000381469727,791340
2026-06-09 17:45:00,8.510000228881836,8.569999694824219,8.430000305175781,8.5600004196167,5108531
2026-06-10 09:45:00,8.520000457763672,8.520000457763672,8.520000457763672,8.520000457763672,0
2026-06-10 10:00:00,8.489999771118164,8.520000457763672,8.4399995803833,8.520000457763672,1047079
2026-06-10 10:15:00,8.520000457763672,8.520000457763672,8.479999542236328,8.489999771118164,495631
2026-06-10 10:30:00,8.510000228881836,8.529999732971191,8.5,8.520000457763672,323001
2026-06-10 10:45:00,8.550000190734863,8.5600004196167,8.510000228881836,8.510000228881836,455596
2026-06-10 11:00:00,8.489999771118164,8.550000190734863,8.479999542236328,8.550000190734863,493925
2026-06-10 11:15:00,8.489999771118164,8.5,8.479999542236328,8.489999771118164,98676
2026-06-10 11:30:00,8.479999542236328,8.510000228881836,8.470000267028809,8.489999771118164,191863
2026-06-10 11:45:00,8.470000267028809,8.489999771118164,8.460000038146973,8.479999542236328,174247
2026-06-10 12:00:00,8.479999542236328,8.479999542236328,8.449999809265137,8.470000267028809,496861
2026-06-10 12:15:00,8.489999771118164,8.489999771118164,8.470000267028809,8.479999542236328,294714
2026-06-10 12:30:00,8.470000267028809,8.5,8.460000038146973,8.5,231001
2026-06-10 12:45:00,8.510000228881836,8.520000457763672,8.470000267028809,8.479999542236328,350644
2026-06-10 13:00:00,8.5,8.520000457763672,8.5,8.520000457763672,32205
2026-06-10 13:15:00,8.520000457763672,8.529999732971191,8.489999771118164,8.489999771118164,135866
2026-06-10 13:30:00,8.510000228881836,8.539999961853027,8.510000228881836,8.510000228881836,142745
2026-06-10 13:45:00,8.520000457763672,8.520000457763672,8.5,8.520000457763672,106379
2026-06-10 14:00:00,8.5,8.520000457763672,8.479999542236328,8.520000457763672,178560
2026-06-10 14:15:00,8.479999542236328,8.5,8.470000267028809,8.5,212335
2026-06-10 14:30:00,8.390000343322754,8.489999771118164,8.380000114440918,8.479999542236328,1426063
2026-06-10 14:45:00,8.40999984741211,8.40999984741211,8.380000114440918,8.399999618530273,264177
2026-06-10 15:00:00,8.430000305175781,8.430000305175781,8.399999618530273,8.399999618530273,261139
2026-06-10 15:15:00,8.430000305175781,8.4399995803833,8.430000305175781,8.430000305175781,38659
2026-06-10 15:30:00,8.449999809265137,8.489999771118164,8.4399995803833,8.4399995803833,261098
2026-06-10 15:45:00,8.460000038146973,8.470000267028809,8.4399995803833,8.449999809265137,223452
2026-06-10 16:00:00,8.460000038146973,8.479999542236328,8.449999809265137,8.460000038146973,278072
2026-06-10 16:15:00,8.520000457763672,8.59000015258789,8.449999809265137,8.470000267028809,1221345
2026-06-10 16:30:00,8.550000190734863,8.5600004196167,8.5,8.520000457763672,371822
2026-06-10 16:45:00,8.520000457763672,8.5600004196167,8.510000228881836,8.550000190734863,291767
2026-06-10 17:00:00,8.5,8.539999961853027,8.5,8.529999732971191,174794
2026-06-10 17:15:00,8.5,8.510000228881836,8.479999542236328,8.5,341945
2026-06-10 17:30:00,8.520000457763672,8.539999961853027,8.479999542236328,8.489999771118164,457873
2026-06-10 17:45:00,8.539999961853027,8.5600004196167,8.520000457763672,8.520000457763672,746055
2026-06-11 09:45:00,8.520000457763672,8.520000457763672,8.520000457763672,8.520000457763672,0
2026-06-11 10:00:00,8.529999732971191,8.569999694824219,8.479999542236328,8.520000457763672,445098
2026-06-11 10:15:00,8.550000190734863,8.5600004196167,8.520000457763672,8.529999732971191,579514
2026-06-11 10:30:00,8.579999923706055,8.59000015258789,8.550000190734863,8.5600004196167,410252
2026-06-11 10:45:00,8.640000343322754,8.65999984741211,8.569999694824219,8.579999923706055,897152
2026-06-11 11:00:00,8.670000076293945,8.670000076293945,8.600000381469727,8.640000343322754,474797
2026-06-11 11:15:00,8.65999984741211,8.6899995803833,8.649999618530273,8.670000076293945,347966
2026-06-11 11:30:00,8.649999618530273,8.670000076293945,8.649999618530273,8.670000076293945,179181
2026-06-11 11:45:00,8.630000114440918,8.65999984741211,8.630000114440918,8.65999984741211,202536
2026-06-11 12:00:00,8.609999656677246,8.630000114440918,8.600000381469727,8.630000114440918,415725
2026-06-11 12:15:00,8.59000015258789,8.619999885559082,8.579999923706055,8.619999885559082,207183
2026-06-11 12:30:00,8.579999923706055,8.600000381469727,8.569999694824219,8.579999923706055,486366
2026-06-11 12:45:00,8.59000015258789,8.600000381469727,8.579999923706055,8.579999923706055,118330
2026-06-11 13:00:00,8.569999694824219,8.600000381469727,8.569999694824219,8.600000381469727,73549
2026-06-11 13:15:00,8.569999694824219,8.579999923706055,8.5600004196167,8.569999694824219,240246
2026-06-11 13:30:00,8.5600004196167,8.579999923706055,8.5600004196167,8.569999694824219,394492
2026-06-11 13:45:00,8.59000015258789,8.600000381469727,8.5600004196167,8.5600004196167,186154
2026-06-11 14:00:00,8.600000381469727,8.609999656677246,8.569999694824219,8.59000015258789,383929
2026-06-11 14:15:00,8.619999885559082,8.619999885559082,8.59000015258789,8.600000381469727,531663
2026-06-11 14:30:00,8.609999656677246,8.640000343322754,8.59000015258789,8.619999885559082,232247
2026-06-11 14:45:00,8.579999923706055,8.609999656677246,8.569999694824219,8.600000381469727,239521
2026-06-11 15:00:00,8.569999694824219,8.600000381469727,8.550000190734863,8.569999694824219,738442
2026-06-11 15:15:00,8.539999961853027,8.569999694824219,8.529999732971191,8.569999694824219,404539
2026-06-11 15:30:00,8.489999771118164,8.539999961853027,8.479999542236328,8.529999732971191,500105
2026-06-11 15:45:00,8.489999771118164,8.510000228881836,8.470000267028809,8.489999771118164,297036
2026-06-11 16:00:00,8.479999542236328,8.510000228881836,8.470000267028809,8.479999542236328,382618
2026-06-11 16:15:00,8.489999771118164,8.5,8.449999809265137,8.489999771118164,393842
2026-06-11 16:30:00,8.510000228881836,8.510000228881836,8.479999542236328,8.5,139920
2026-06-11 16:45:00,8.489999771118164,8.520000457763672,8.489999771118164,8.510000228881836,179036
2026-06-11 17:00:00,8.489999771118164,8.5,8.479999542236328,8.489999771118164,223480
2026-06-11 17:15:00,8.5,8.510000228881836,8.479999542236328,8.489999771118164,200839
2026-06-11 17:30:00,8.539999961853027,8.539999961853027,8.489999771118164,8.510000228881836,247860
2026-06-11 17:45:00,8.5600004196167,8.619999885559082,8.520000457763672,8.539999961853027,777414
2026-06-12 09:45:00,8.710000038146973,8.710000038146973,8.710000038146973,8.710000038146973,0
2026-06-12 10:00:00,8.630000114440918,8.720000267028809,8.630000114440918,8.699999809265137,1443167
2026-06-12 10:15:00,8.59000015258789,8.65999984741211,8.550000190734863,8.65999984741211,760847
2026-06-12 10:30:00,8.609999656677246,8.619999885559082,8.579999923706055,8.59000015258789,495695
2026-06-12 10:45:00,8.579999923706055,8.630000114440918,8.579999923706055,8.609999656677246,684889
2026-06-12 11:00:00,8.619999885559082,8.630000114440918,8.5600004196167,8.569999694824219,866968
2026-06-12 11:15:00,8.65999984741211,8.670000076293945,8.600000381469727,8.609999656677246,978848
2026-06-12 11:30:00,8.65999984741211,8.680000305175781,8.640000343322754,8.670000076293945,521840
2026-06-12 11:45:00,8.649999618530273,8.670000076293945,8.640000343322754,8.65999984741211,147182
2026-06-12 12:00:00,8.649999618530273,8.670000076293945,8.649999618530273,8.65999984741211,294347
2026-06-12 12:15:00,8.640000343322754,8.65999984741211,8.630000114440918,8.649999618530273,408581
2026-06-12 12:30:00,8.649999618530273,8.670000076293945,8.649999618530273,8.65999984741211,75353
2026-06-12 12:45:00,8.649999618530273,8.670000076293945,8.649999618530273,8.670000076293945,108368
2026-06-12 13:00:00,8.65999984741211,8.65999984741211,8.640000343322754,8.649999618530273,192897
2026-06-12 13:15:00,8.630000114440918,8.65999984741211,8.609999656677246,8.65999984741211,273027
2026-06-12 13:30:00,8.630000114440918,8.640000343322754,8.609999656677246,8.640000343322754,120184
2026-06-12 13:45:00,8.630000114440918,8.640000343322754,8.630000114440918,8.630000114440918,72776
2026-06-12 14:00:00,8.630000114440918,8.640000343322754,8.619999885559082,8.640000343322754,182911
2026-06-12 14:15:00,8.619999885559082,8.640000343322754,8.619999885559082,8.640000343322754,153540
2026-06-12 14:30:00,8.609999656677246,8.619999885559082,8.600000381469727,8.619999885559082,174579
2026-06-12 14:45:00,8.619999885559082,8.630000114440918,8.609999656677246,8.619999885559082,116823
2026-06-12 15:00:00,8.619999885559082,8.630000114440918,8.609999656677246,8.619999885559082,113567
2026-06-12 15:15:00,8.630000114440918,8.649999618530273,8.609999656677246,8.619999885559082,273403
2026-06-12 15:30:00,8.65999984741211,8.710000038146973,8.640000343322754,8.640000343322754,1115054
2026-06-12 15:45:00,8.920000076293945,8.949999809265137,8.65999984741211,8.65999984741211,5467397
2026-06-12 16:00:00,9.40999984741211,9.449999809265137,8.90999984741211,8.920000076293945,18521025
2026-06-12 16:15:00,9.390000343322754,9.449999809265137,9.279999732971191,9.40999984741211,9560265
2026-06-12 16:30:00,9.4399995803833,9.449999809265137,9.300000190734863,9.399999618530273,9704742
2026-06-12 16:45:00,9.420000076293945,9.460000038146973,9.34000015258789,9.449999809265137,22026281
2026-06-12 17:00:00,9.300000190734863,9.449999809265137,9.300000190734863,9.40999984741211,6165647
2026-06-12 17:15:00,9.460000038146973,9.460000038146973,9.260000228881836,9.3100004196167,10653791
2026-06-12 17:30:00,9.4399995803833,9.460000038146973,9.40999984741211,9.460000038146973,19060806
2026-06-12 17:45:00,9.460000038146973,9.460000038146973,9.420000076293945,9.449999809265137,8312735
2026-06-15 09:45:00,9.880000114440918,9.880000114440918,9.880000114440918,9.880000114440918,0
2026-06-15 10:00:00,10.09000015258789,10.119999885559082,9.6899995803833,9.880000114440918,19373066
2026-06-15 10:15:00,10.149999618530273,10.180000305175781,9.949999809265137,10.100000381469727,11271783
2026-06-15 10:30:00,10.180000305175781,10.260000228881836,10.109999656677246,10.149999618530273,8758031
2026-06-15 10:45:00,10.25,10.260000228881836,10.170000076293945,10.1899995803833,2966461
2026-06-15 11:00:00,10.239999771118164,10.260000228881836,10.170000076293945,10.25,2722219
2026-06-15 11:15:00,10.239999771118164,10.270000457763672,10.170000076293945,10.239999771118164,4255907
2026-06-15 11:30:00,10.279999732971191,10.300000190734863,10.229999542236328,10.229999542236328,7692474
2026-06-15 11:45:00,10.130000114440918,10.289999961853027,10.109999656677246,10.279999732971191,7318040
2026-06-15 12:00:00,10.15999984741211,10.180000305175781,10.119999885559082,10.140000343322754,9811567
2026-06-15 12:15:00,10.170000076293945,10.210000038146973,10.140000343322754,10.149999618530273,1241752
2026-06-15 12:30:00,10.119999885559082,10.170000076293945,10.100000381469727,10.170000076293945,1690486
2026-06-15 12:45:00,10.1899995803833,10.239999771118164,10.09000015258789,10.119999885559082,1821719
2026-06-15 13:00:00,10.1899995803833,10.220000267028809,10.180000305175781,10.1899995803833,677276
2026-06-15 13:15:00,10.15999984741211,10.210000038146973,10.140000343322754,10.1899995803833,906653
2026-06-15 13:30:00,10.229999542236328,10.229999542236328,10.149999618530273,10.149999618530273,3115098
2026-06-15 13:45:00,10.239999771118164,10.279999732971191,10.210000038146973,10.220000267028809,6076711
2026-06-15 14:00:00,10.25,10.279999732971191,10.229999542236328,10.239999771118164,8117698
2026-06-15 14:15:00,10.279999732971191,10.279999732971191,10.239999771118164,10.25,5830280
2026-06-15 14:30:00,10.149999618530273,10.300000190734863,10.130000114440918,10.279999732971191,9521349
2026-06-15 14:45:00,10.1899995803833,10.1899995803833,10.0600004196167,10.15999984741211,4865719
2026-06-15 15:00:00,10.140000343322754,10.1899995803833,10.109999656677246,10.1899995803833,2716052
2026-06-15 15:15:00,10.010000228881836,10.149999618530273,9.9399995803833,10.149999618530273,8395711
2026-06-15 15:30:00,9.880000114440918,10.020000457763672,9.829999923706055,10.010000228881836,8943225
2026-06-15 15:45:00,9.9399995803833,10.020000457763672,9.880000114440918,9.880000114440918,3869543
2026-06-15 16:00:00,9.880000114440918,9.949999809265137,9.869999885559082,9.9399995803833,5472898
2026-06-15 16:15:00,9.760000228881836,9.9399995803833,9.710000038146973,9.880000114440918,8786425
2026-06-15 16:30:00,9.59000015258789,9.770000457763672,9.529999732971191,9.75,14759409
2026-06-15 16:45:00,9.539999961853027,9.630000114440918,9.510000228881836,9.579999923706055,8184675
2026-06-15 17:00:00,9.399999618530273,9.569999694824219,9.390000343322754,9.539999961853027,9773726
2026-06-15 17:15:00,9.430000305175781,9.449999809265137,9.289999961853027,9.430000305175781,5233604
2026-06-15 17:30:00,9.5,9.520000457763672,9.369999885559082,9.430000305175781,7999556
2026-06-15 17:45:00,9.329999923706055,9.520000457763672,9.279999732971191,9.5,9382834
2026-06-16 09:45:00,9.369999885559082,9.369999885559082,9.369999885559082,9.369999885559082,0
2026-06-16 10:00:00,9.369999885559082,9.479999542236328,9.3100004196167,9.369999885559082,7155641
2026-06-16 10:15:00,9.460000038146973,9.510000228881836,9.350000381469727,9.380000114440918,3376198
2026-06-16 10:30:00,9.470000267028809,9.5,9.449999809265137,9.460000038146973,2219934
2026-06-16 10:45:00,9.449999809265137,9.600000381469727,9.4399995803833,9.470000267028809,4197965
2026-06-16 11:00:00,9.4399995803833,9.470000267028809,9.380000114440918,9.460000038146973,2143530
2026-06-16 11:15:00,9.510000228881836,9.529999732971191,9.420000076293945,9.4399995803833,1880264
2026-06-16 11:30:00,9.619999885559082,9.640000343322754,9.479999542236328,9.510000228881836,3942682
2026-06-16 11:45:00,9.600000381469727,9.670000076293945,9.569999694824219,9.619999885559082,3321417
2026-06-16 12:00:00,9.569999694824219,9.619999885559082,9.539999961853027,9.600000381469727,1358472
2026-06-16 12:15:00,9.489999771118164,9.5600004196167,9.479999542236328,9.5600004196167,1312302
2026-06-16 12:30:00,9.4399995803833,9.510000228881836,9.420000076293945,9.5,1329137
2026-06-16 12:45:00,9.470000267028809,9.479999542236328,9.430000305175781,9.4399995803833,415061
2026-06-16 13:00:00,9.460000038146973,9.479999542236328,9.4399995803833,9.460000038146973,808684
2026-06-16 13:15:00,9.449999809265137,9.479999542236328,9.4399995803833,9.449999809265137,490071
2026-06-16 13:30:00,9.479999542236328,9.5,9.449999809265137,9.470000267028809,500425
2026-06-16 13:45:00,9.470000267028809,9.569999694824219,9.449999809265137,9.479999542236328,2424866
2026-06-16 14:00:00,9.390000343322754,9.539999961853027,9.369999885559082,9.470000267028809,3853400
2026-06-16 14:15:00,9.4399995803833,9.4399995803833,9.390000343322754,9.390000343322754,4053525
2026-06-16 14:30:00,9.489999771118164,9.489999771118164,9.430000305175781,9.430000305175781,3543806
2026-06-16 14:45:00,9.449999809265137,9.579999923706055,9.420000076293945,9.489999771118164,7980346
2026-06-16 15:00:00,9.510000228881836,9.520000457763672,9.430000305175781,9.430000305175781,3589216
2026-06-16 15:15:00,9.4399995803833,9.529999732971191,9.390000343322754,9.510000228881836,3697208
2026-06-16 15:30:00,9.430000305175781,9.489999771118164,9.420000076293945,9.4399995803833,3010929
2026-06-16 15:45:00,9.380000114440918,9.479999542236328,9.369999885559082,9.430000305175781,5736978
2026-06-16 16:00:00,9.5,9.529999732971191,9.380000114440918,9.380000114440918,6152411
2026-06-16 16:15:00,9.529999732971191,9.5600004196167,9.489999771118164,9.5,1817933
2026-06-16 16:30:00,9.510000228881836,9.539999961853027,9.489999771118164,9.539999961853027,772632
2026-06-16 16:45:00,9.5,9.520000457763672,9.479999542236328,9.510000228881836,947497
2026-06-16 17:00:00,9.5,9.550000190734863,9.489999771118164,9.5,1024385
2026-06-16 17:15:00,9.460000038146973,9.510000228881836,9.430000305175781,9.5,643649
2026-06-16 17:30:00,9.4399995803833,9.460000038146973,9.420000076293945,9.460000038146973,784754
2026-06-16 17:45:00,9.430000305175781,9.460000038146973,9.40999984741211,9.4399995803833,1412695
2026-06-17 09:45:00,9.5,9.5,9.5,9.5,0
2026-06-17 10:00:00,9.460000038146973,9.630000114440918,9.399999618530273,9.520000457763672,3349973
2026-06-17 10:15:00,9.539999961853027,9.59000015258789,9.449999809265137,9.460000038146973,5200126
2026-06-17 10:30:00,9.729999542236328,9.729999542236328,9.539999961853027,9.539999961853027,7277910
2026-06-17 10:45:00,9.880000114440918,10.029999732971191,9.65999984741211,9.720000267028809,13514493
2026-06-17 11:00:00,9.9399995803833,9.9399995803833,9.8100004196167,9.880000114440918,3560656
2026-06-17 11:15:00,9.890000343322754,9.9399995803833,9.8100004196167,9.9399995803833,2966701
2026-06-17 11:30:00,9.880000114440918,9.949999809265137,9.850000381469727,9.890000343322754,3492600
2026-06-17 11:45:00,9.890000343322754,9.899999618530273,9.859999656677246,9.869999885559082,953404
2026-06-17 12:00:00,9.90999984741211,9.920000076293945,9.850000381469727,9.880000114440918,1081012
2026-06-17 12:15:00,9.90999984741211,9.970000267028809,9.880000114440918,9.90999984741211,1722104
2026-06-17 12:30:00,9.970000267028809,10.020000457763672,9.899999618530273,9.90999984741211,3635037
2026-06-17 12:45:00,9.930000305175781,9.979999542236328,9.920000076293945,9.970000267028809,1110376
2026-06-17 13:00:00,9.970000267028809,10.029999732971191,9.899999618530273,9.930000305175781,8687403
2026-06-17 13:15:00,9.979999542236328,9.979999542236328,9.949999809265137,9.970000267028809,3199456
2026-06-17 13:30:00,9.899999618530273,9.989999771118164,9.890000343322754,9.989999771118164,6067773
2026-06-17 13:45:00,9.90999984741211,9.930000305175781,9.800000190734863,9.899999618530273,9156212
2026-06-17 14:00:00,9.920000076293945,9.979999542236328,9.890000343322754,9.920000076293945,7554701
2026-06-17 14:15:00,9.90999984741211,9.9399995803833,9.869999885559082,9.930000305175781,4932387
2026-06-17 14:30:00,9.890000343322754,9.920000076293945,9.880000114440918,9.90999984741211,5323853
2026-06-17 14:45:00,9.869999885559082,9.90999984741211,9.859999656677246,9.899999618530273,5170917
2026-06-17 15:00:00,9.84000015258789,9.930000305175781,9.829999923706055,9.859999656677246,8131079
2026-06-17 15:15:00,9.8100004196167,9.850000381469727,9.760000228881836,9.850000381469727,5503482
2026-06-17 15:30:00,9.760000228881836,9.819999694824219,9.739999771118164,9.8100004196167,3870570
2026-06-17 15:45:00,9.800000190734863,9.800000190734863,9.760000228881836,9.770000457763672,1383902
2026-06-17 16:00:00,9.800000190734863,9.829999923706055,9.789999961853027,9.800000190734863,2113802
2026-06-17 16:15:00,9.850000381469727,9.880000114440918,9.800000190734863,9.8100004196167,2312207
2026-06-17 16:30:00,9.789999961853027,9.850000381469727,9.789999961853027,9.850000381469727,1695455
2026-06-17 16:45:00,9.779999732971191,9.819999694824219,9.75,9.789999961853027,1228192
2026-06-17 17:00:00,9.8100004196167,9.8100004196167,9.770000457763672,9.779999732971191,2639414
2026-06-17 17:15:00,9.8100004196167,9.819999694824219,9.760000228881836,9.8100004196167,7062724
2026-06-17 17:30:00,9.819999694824219,9.859999656677246,9.8100004196167,9.819999694824219,3245100
2026-06-17 17:45:00,9.789999961853027,9.84000015258789,9.739999771118164,9.819999694824219,3880529
2026-06-18 09:45:00,9.84000015258789,9.84000015258789,9.84000015258789,9.84000015258789,0
2026-06-18 10:00:00,9.6899995803833,9.880000114440918,9.680000305175781,9.829999923706055,7239951
2026-06-18 10:15:00,9.770000457763672,9.779999732971191,9.680000305175781,9.699999809265137,3594360
2026-06-18 10:30:00,9.739999771118164,9.779999732971191,9.739999771118164,9.770000457763672,1338871
2026-06-18 10:45:00,9.6899995803833,9.760000228881836,9.670000076293945,9.75,1977778
2026-06-18 11:00:00,9.630000114440918,9.680000305175781,9.59000015258789,9.680000305175781,3585688
2026-06-18 11:15:00,9.630000114440918,9.640000343322754,9.579999923706055,9.630000114440918,2669579
2026-06-18 11:30:00,9.600000381469727,9.640000343322754,9.600000381469727,9.630000114440918,900525
2026-06-18 11:45:00,9.609999656677246,9.630000114440918,9.600000381469727,9.609999656677246,938924
2026-06-18 12:00:00,9.600000381469727,9.619999885559082,9.579999923706055,9.609999656677246,783535
2026-06-18 12:15:00,9.569999694824219,9.600000381469727,9.5600004196167,9.600000381469727,760104
2026-06-18 12:30:00,9.5,9.579999923706055,9.489999771118164,9.569999694824219,5881538
2026-06-18 12:45:00,9.5,9.520000457763672,9.4399995803833,9.5,3272923
2026-06-18 13:00:00,9.470000267028809,9.510000228881836,9.460000038146973,9.510000228881836,750205
2026-06-18 13:15:00,9.479999542236328,9.5,9.470000267028809,9.470000267028809,776657
2026-06-18 13:30:00,9.470000267028809,9.489999771118164,9.460000038146973,9.479999542236328,681463
2026-06-18 13:45:00,9.460000038146973,9.479999542236328,9.430000305175781,9.470000267028809,1237421
2026-06-18 14:00:00,9.390000343322754,9.460000038146973,9.359999656677246,9.460000038146973,3560610
2026-06-18 14:15:00,9.390000343322754,9.399999618530273,9.369999885559082,9.390000343322754,1392288
2026-06-18 14:30:00,9.4399995803833,9.4399995803833,9.380000114440918,9.399999618530273,1062679
2026-06-18 14:45:00,9.449999809265137,9.470000267028809,9.430000305175781,9.4399995803833,1220352
2026-06-18 15:00:00,9.510000228881836,9.550000190734863,9.449999809265137,9.449999809265137,1736723
2026-06-18 15:15:00,9.470000267028809,9.520000457763672,9.449999809265137,9.510000228881836,940194
2026-06-18 15:30:00,9.479999542236328,9.510000228881836,9.4399995803833,9.470000267028809,613492
2026-06-18 15:45:00,9.460000038146973,9.479999542236328,9.449999809265137,9.479999542236328,215243
2026-06-18 16:00:00,9.470000267028809,9.470000267028809,9.4399995803833,9.460000038146973,401335
2026-06-18 16:15:00,9.489999771118164,9.489999771118164,9.449999809265137,9.470000267028809,234710
2026-06-18 16:30:00,9.5,9.5,9.479999542236328,9.489999771118164,357415
2026-06-18 16:45:00,9.520000457763672,9.550000190734863,9.489999771118164,9.489999771118164,792997
2026-06-18 17:00:00,9.539999961853027,9.550000190734863,9.520000457763672,9.529999732971191,975452
2026-06-18 17:15:00,9.550000190734863,9.579999923706055,9.5,9.539999961853027,1499553
2026-06-18 17:30:00,9.520000457763672,9.550000190734863,9.5,9.550000190734863,1143014
2026-06-18 17:45:00,9.479999542236328,9.520000457763672,9.470000267028809,9.520000457763672,2030798
2026-06-19 09:45:00,9.510000228881836,9.510000228881836,9.510000228881836,9.510000228881836,0
2026-06-19 10:00:00,9.5600004196167,9.59000015258789,9.350000381469727,9.5,6399622
2026-06-19 10:15:00,9.630000114440918,9.640000343322754,9.550000190734863,9.5600004196167,2226686
2026-06-19 10:30:00,9.579999923706055,9.75,9.539999961853027,9.640000343322754,5400291
2026-06-19 10:45:00,9.550000190734863,9.600000381469727,9.550000190734863,9.579999923706055,952658
2026-06-19 11:00:00,9.529999732971191,9.569999694824219,9.520000457763672,9.569999694824219,992421
2026-06-19 11:15:00,9.5,9.529999732971191,9.479999542236328,9.529999732971191,1205827
2026-06-19 11:30:00,9.4399995803833,9.5,9.399999618530273,9.489999771118164,2516244
2026-06-19 11:45:00,9.460000038146973,9.479999542236328,9.4399995803833,9.4399995803833,446253
2026-06-19 12:00:00,9.449999809265137,9.470000267028809,9.420000076293945,9.460000038146973,654262
2026-06-19 12:15:00,9.5,9.520000457763672,9.449999809265137,9.449999809265137,850124
2026-06-19 12:30:00,9.510000228881836,9.529999732971191,9.5,9.5,353402
2026-06-19 12:45:00,9.5,9.529999732971191,9.489999771118164,9.510000228881836,400521
2026-06-19 13:00:00,9.479999542236328,9.510000228881836,9.460000038146973,9.510000228881836,314008
2026-06-19 13:15:00,9.420000076293945,9.479999542236328,9.420000076293945,9.479999542236328,981668
2026-06-19 13:30:00,9.40999984741211,9.4399995803833,9.390000343322754,9.430000305175781,1277850
2026-06-19 13:45:00,9.460000038146973,9.470000267028809,9.399999618530273,9.40999984741211,704586
2026-06-19 14:00:00,9.460000038146973,9.470000267028809,9.4399995803833,9.449999809265137,411699
2026-06-19 14:15:00,9.489999771118164,9.5,9.449999809265137,9.460000038146973,454823
2026-06-19 14:30:00,9.479999542236328,9.489999771118164,9.470000267028809,9.479999542236328,193975
2026-06-19 14:45:00,9.520000457763672,9.520000457763672,9.470000267028809,9.479999542236328,624805
2026-06-19 15:00:00,9.489999771118164,9.520000457763672,9.479999542236328,9.520000457763672,417478
2026-06-19 15:15:00,9.510000228881836,9.510000228881836,9.479999542236328,9.489999771118164,321445
2026-06-19 15:30:00,9.489999771118164,9.510000228881836,9.489999771118164,9.489999771118164,172269
2026-06-19 15:45:00,9.5,9.529999732971191,9.489999771118164,9.5,1345730
2026-06-19 16:00:00,9.460000038146973,9.510000228881836,9.460000038146973,9.5,299159
2026-06-19 16:15:00,9.449999809265137,9.470000267028809,9.4399995803833,9.460000038146973,319334
2026-06-19 16:30:00,9.430000305175781,9.460000038146973,9.430000305175781,9.449999809265137,79381
2026-06-19 16:45:00,9.4399995803833,9.460000038146973,9.420000076293945,9.430000305175781,518891
2026-06-19 17:00:00,9.489999771118164,9.520000457763672,9.430000305175781,9.4399995803833,1056779
2026-06-19 17:15:00,9.510000228881836,9.510000228881836,9.449999809265137,9.5,904480
2026-06-19 17:30:00,9.569999694824219,9.6899995803833,9.489999771118164,9.510000228881836,4136049
2026-06-19 17:45:00,9.6899995803833,9.720000267028809,9.5600004196167,9.5600004196167,6445866
2026-06-22 09:45:00,9.600000381469727,9.600000381469727,9.600000381469727,9.600000381469727,0
2026-06-22 10:00:00,9.779999732971191,9.869999885559082,9.5600004196167,9.609999656677246,11402136
2026-06-22 10:15:00,9.710000038146973,9.779999732971191,9.680000305175781,9.779999732971191,1567501
2026-06-22 10:30:00,9.760000228881836,9.770000457763672,9.6899995803833,9.710000038146973,1192630
2026-06-22 10:45:00,9.789999961853027,9.8100004196167,9.739999771118164,9.760000228881836,3576598
2026-06-22 11:00:00,9.819999694824219,9.859999656677246,9.739999771118164,9.789999961853027,6464619
2026-06-22 11:15:00,9.829999923706055,9.859999656677246,9.819999694824219,9.829999923706055,1627085
2026-06-22 11:30:00,9.829999923706055,9.859999656677246,9.800000190734863,9.829999923706055,1262037
2026-06-22 11:45:00,9.829999923706055,9.869999885559082,9.819999694824219,9.829999923706055,1667248
2026-06-22 12:00:00,9.880000114440918,9.880000114440918,9.8100004196167,9.829999923706055,1159615
2026-06-22 12:15:00,10.069999694824219,10.109999656677246,9.850000381469727,9.869999885559082,21482362
2026-06-22 12:30:00,9.970000267028809,10.119999885559082,9.9399995803833,10.0600004196167,10451757
2026-06-22 12:45:00,9.970000267028809,9.979999542236328,9.949999809265137,9.970000267028809,683868
2026-06-22 13:00:00,9.960000038146973,9.979999542236328,9.949999809265137,9.960000038146973,1100163
2026-06-22 13:15:00,9.989999771118164,9.989999771118164,9.9399995803833,9.960000038146973,670035
2026-06-22 13:30:00,9.979999542236328,10.0,9.979999542236328,9.989999771118164,967065
2026-06-22 13:45:00,10.020000457763672,10.020000457763672,9.970000267028809,9.979999542236328,3006972
2026-06-22 14:00:00,10.010000228881836,10.020000457763672,10.0,10.020000457763672,1050697
2026-06-22 14:15:00,9.989999771118164,10.029999732971191,9.989999771118164,10.010000228881836,1570163
2026-06-22 14:30:00,10.039999961853027,10.050000190734863,9.989999771118164,10.010000228881836,3365599
2026-06-22 14:45:00,10.039999961853027,10.079999923706055,10.0,10.039999961853027,8188854
2026-06-22 15:00:00,10.020000457763672,10.069999694824219,9.930000305175781,10.039999961853027,15757559
2026-06-22 15:15:00,9.949999809265137,10.020000457763672,9.920000076293945,10.020000457763672,11294967
2026-06-22 15:30:00,9.949999809265137,9.949999809265137,9.899999618530273,9.949999809265137,7083799
2026-06-22 15:45:00,10.020000457763672,10.020000457763672,9.9399995803833,9.9399995803833,8021129
2026-06-22 16:00:00,10.0,10.020000457763672,9.960000038146973,10.010000228881836,9157316
2026-06-22 16:15:00,9.960000038146973,10.010000228881836,9.949999809265137,9.989999771118164,1989673
2026-06-22 16:30:00,9.949999809265137,9.960000038146973,9.920000076293945,9.960000038146973,2281416
2026-06-22 16:45:00,9.970000267028809,9.979999542236328,9.9399995803833,9.949999809265137,5304335
2026-06-22 17:00:00,9.880000114440918,9.979999542236328,9.869999885559082,9.970000267028809,7247900
2026-06-22 17:15:00,9.930000305175781,9.930000305175781,9.819999694824219,9.880000114440918,6776215
2026-06-22 17:30:00,9.930000305175781,9.9399995803833,9.800000190734863,9.920000076293945,5477172
2026-06-22 17:45:00,9.859999656677246,9.9399995803833,9.829999923706055,9.930000305175781,5671772
2026-06-23 09:45:00,9.850000381469727,9.850000381469727,9.850000381469727,9.850000381469727,0
2026-06-23 10:00:00,9.789999961853027,9.859999656677246,9.739999771118164,9.84000015258789,3080128
2026-06-23 10:15:00,9.819999694824219,9.819999694824219,9.75,9.789999961853027,1700946
2026-06-23 10:30:00,9.8100004196167,9.829999923706055,9.800000190734863,9.819999694824219,1059920
2026-06-23 10:45:00,9.800000190734863,9.84000015258789,9.789999961853027,9.8100004196167,1462371
2026-06-23 11:00:00,9.819999694824219,9.829999923706055,9.770000457763672,9.8100004196167,995452
2026-06-23 11:15:00,9.850000381469727,9.899999618530273,9.819999694824219,9.819999694824219,3616546
2026-06-23 11:30:00,9.800000190734863,9.850000381469727,9.800000190734863,9.850000381469727,885824
2026-06-23 11:45:00,9.819999694824219,9.829999923706055,9.800000190734863,9.800000190734863,686271
2026-06-23 12:00:00,9.84000015258789,9.859999656677246,9.8100004196167,9.829999923706055,1995565
2026-06-23 12:15:00,9.869999885559082,9.869999885559082,9.800000190734863,9.850000381469727,1029813
2026-06-23 12:30:00,9.869999885559082,9.869999885559082,9.850000381469727,9.859999656677246,478478
2026-06-23 12:45:00,9.850000381469727,9.880000114440918,9.850000381469727,9.869999885559082,420113
2026-06-23 13:00:00,9.869999885559082,9.899999618530273,9.850000381469727,9.850000381469727,806177
2026-06-23 13:15:00,9.850000381469727,9.880000114440918,9.84000015258789,9.880000114440918,1312381
2026-06-23 13:30:00,9.859999656677246,9.869999885559082,9.829999923706055,9.84000015258789,1134962
2026-06-23 13:45:00,9.779999732971191,9.880000114440918,9.75,9.869999885559082,3225679
2026-06-23 14:00:00,9.779999732971191,9.800000190734863,9.75,9.789999961853027,3413806
2026-06-23 14:15:00,9.760000228881836,9.779999732971191,9.760000228881836,9.779999732971191,532814
2026-06-23 14:30:00,9.770000457763672,9.779999732971191,9.760000228881836,9.770000457763672,621623
2026-06-23 14:45:00,9.710000038146973,9.770000457763672,9.699999809265137,9.770000457763672,2523917
2026-06-23 15:00:00,9.710000038146973,9.729999542236328,9.710000038146973,9.710000038146973,1424248
2026-06-23 15:15:00,9.699999809265137,9.720000267028809,9.699999809265137,9.720000267028809,466126
2026-06-23 15:30:00,9.6899995803833,9.720000267028809,9.649999618530273,9.699999809265137,3516416
2026-06-23 15:45:00,9.710000038146973,9.720000267028809,9.6899995803833,9.6899995803833,1022713
2026-06-23 16:00:00,9.710000038146973,9.729999542236328,9.699999809265137,9.710000038146973,411672
2026-06-23 16:15:00,9.710000038146973,9.710000038146973,9.6899995803833,9.710000038146973,555086
2026-06-23 16:30:00,9.670000076293945,9.729999542236328,9.670000076293945,9.710000038146973,416409
2026-06-23 16:45:00,9.670000076293945,9.710000038146973,9.670000076293945,9.680000305175781,769882
2026-06-23 17:00:00,9.6899995803833,9.739999771118164,9.65999984741211,9.670000076293945,1744852
2026-06-23 17:15:00,9.710000038146973,9.720000267028809,9.6899995803833,9.699999809265137,1214681
2026-06-23 17:30:00,9.699999809265137,9.75,9.680000305175781,9.720000267028809,3084791
2026-06-23 17:45:00,9.729999542236328,9.75,9.680000305175781,9.6899995803833,1941875
2026-06-24 09:45:00,9.75,9.75,9.75,9.75,0
2026-06-24 10:00:00,9.720000267028809,9.770000457763672,9.6899995803833,9.75,2333724
2026-06-24 10:15:00,9.720000267028809,9.75,9.710000038146973,9.720000267028809,1021205
2026-06-24 10:30:00,9.710000038146973,9.720000267028809,9.680000305175781,9.710000038146973,1072677
2026-06-24 10:45:00,9.739999771118164,9.75,9.6899995803833,9.710000038146973,792641
2026-06-24 11:00:00,9.739999771118164,9.779999732971191,9.729999542236328,9.75,1243908
2026-06-24 11:15:00,9.770000457763672,9.8100004196167,9.739999771118164,9.739999771118164,2191928
2026-06-24 11:30:00,9.729999542236328,9.770000457763672,9.720000267028809,9.770000457763672,740605
2026-06-24 11:45:00,9.75,9.760000228881836,9.720000267028809,9.720000267028809,374192
2026-06-24 12:00:00,9.720000267028809,9.75,9.6899995803833,9.75,879109
2026-06-24 12:15:00,9.75,9.800000190734863,9.720000267028809,9.720000267028809,1730765
2026-06-24 12:30:00,9.710000038146973,9.760000228881836,9.699999809265137,9.75,409940
2026-06-24 12:45:00,9.699999809265137,9.720000267028809,9.670000076293945,9.710000038146973,1143557
2026-06-24 13:00:00,9.760000228881836,9.760000228881836,9.6899995803833,9.710000038146973,532366
2026-06-24 13:15:00,9.789999961853027,9.800000190734863,9.729999542236328,9.760000228881836,2725443
2026-06-24 13:30:00,9.779999732971191,9.789999961853027,9.760000228881836,9.779999732971191,1774305
2026-06-24 13:45:00,9.829999923706055,9.869999885559082,9.779999732971191,9.789999961853027,5741642
2026-06-24 14:00:00,9.880000114440918,9.989999771118164,9.829999923706055,9.829999923706055,9958162
2026-06-24 14:15:00,9.850000381469727,9.880000114440918,9.850000381469727,9.880000114440918,941194
2026-06-24 14:30:00,9.8100004196167,9.869999885559082,9.8100004196167,9.850000381469727,1521934
2026-06-24 14:45:00,9.800000190734863,9.819999694824219,9.789999961853027,9.819999694824219,1139350
2026-06-24 15:00:00,9.800000190734863,9.8100004196167,9.779999732971191,9.789999961853027,450835
2026-06-24 15:15:00,9.800000190734863,9.829999923706055,9.770000457763672,9.8100004196167,1288093
2026-06-24 15:30:00,9.800000190734863,9.850000381469727,9.800000190734863,9.800000190734863,1072512
2026-06-24 15:45:00,9.779999732971191,9.800000190734863,9.770000457763672,9.800000190734863,650084
2026-06-24 16:00:00,9.75,9.779999732971191,9.739999771118164,9.770000457763672,854282
2026-06-24 16:15:00,9.760000228881836,9.760000228881836,9.739999771118164,9.75,206526
2026-06-24 16:30:00,9.739999771118164,9.779999732971191,9.729999542236328,9.760000228881836,756742
2026-06-24 16:45:00,9.779999732971191,9.800000190734863,9.720000267028809,9.739999771118164,1555070
2026-06-24 17:00:00,9.789999961853027,9.789999961853027,9.75,9.779999732971191,682296
2026-06-24 17:15:00,9.819999694824219,9.819999694824219,9.770000457763672,9.789999961853027,1619798
2026-06-24 17:30:00,9.8100004196167,9.829999923706055,9.800000190734863,9.819999694824219,1253890
2026-06-24 17:45:00,9.8100004196167,9.819999694824219,9.779999732971191,9.8100004196167,1430445
2026-06-25 09:45:00,9.829999923706055,9.829999923706055,9.829999923706055,9.829999923706055,0
2026-06-25 10:00:00,9.90999984741211,9.970000267028809,9.829999923706055,9.829999923706055,2841390
2026-06-25 10:15:00,9.949999809265137,9.989999771118164,9.890000343322754,9.899999618530273,2553126
2026-06-25 10:30:00,10.0,10.020000457763672,9.9399995803833,9.949999809265137,3780495
2026-06-25 10:45:00,9.960000038146973,10.0,9.9399995803833,9.989999771118164,1888210
2026-06-25 11:00:00,9.989999771118164,9.989999771118164,9.930000305175781,9.949999809265137,4429937
2026-06-25 11:15:00,9.970000267028809,9.989999771118164,9.949999809265137,9.989999771118164,1735974
2026-06-25 11:30:00,9.960000038146973,9.979999542236328,9.949999809265137,9.970000267028809,421450
2026-06-25 11:45:00,10.010000228881836,10.010000228881836,9.960000038146973,9.960000038146973,1218180
2026-06-25 12:00:00,9.989999771118164,10.020000457763672,9.979999542236328,10.010000228881836,1037459
2026-06-25 12:15:00,9.949999809265137,9.989999771118164,9.930000305175781,9.979999542236328,1450087
2026-06-25 12:30:00,9.890000343322754,9.960000038146973,9.890000343322754,9.9399995803833,904425
2026-06-25 12:45:00,9.890000343322754,9.899999618530273,9.84000015258789,9.890000343322754,977239
2026-06-25 13:00:00,9.869999885559082,9.890000343322754,9.859999656677246,9.890000343322754,682001
2026-06-25 13:15:00,9.90999984741211,9.920000076293945,9.869999885559082,9.880000114440918,735604
2026-06-25 13:30:00,9.920000076293945,9.930000305175781,9.899999618530273,9.90999984741211,1405082
2026-06-25 13:45:00,9.869999885559082,9.920000076293945,9.859999656677246,9.920000076293945,1106859
2026-06-25 14:00:00,9.869999885559082,9.899999618530273,9.84000015258789,9.869999885559082,1906493
2026-06-25 14:15:00,9.890000343322754,9.890000343322754,9.859999656677246,9.880000114440918,1656487
2026-06-25 14:30:00,9.850000381469727,9.890000343322754,9.850000381469727,9.890000343322754,1551719
2026-06-25 14:45:00,9.859999656677246,9.869999885559082,9.84000015258789,9.850000381469727,929396
2026-06-25 15:00:00,9.880000114440918,9.899999618530273,9.859999656677246,9.869999885559082,416753
2026-06-25 15:15:00,10.039999961853027,10.050000190734863,9.880000114440918,9.880000114440918,4154608
2026-06-25 15:30:00,10.09000015258789,10.09000015258789,10.0,10.029999732971191,10075107
2026-06-25 15:45:00,10.09000015258789,10.140000343322754,10.020000457763672,10.079999923706055,4281362
2026-06-25 16:00:00,10.020000457763672,10.100000381469727,10.010000228881836,10.09000015258789,1420206
2026-06-25 16:15:00,10.039999961853027,10.050000190734863,10.0,10.010000228881836,1959351
2026-06-25 16:30:00,10.0,10.050000190734863,10.0,10.029999732971191,1168383
2026-06-25 16:45:00,9.989999771118164,10.029999732971191,9.979999542236328,10.0,2616953
2026-06-25 17:00:00,9.949999809265137,10.0,9.9399995803833,9.989999771118164,1233153
2026-06-25 17:15:00,9.890000343322754,9.960000038146973,9.880000114440918,9.949999809265137,2072051
2026-06-25 17:30:00,9.859999656677246,9.970000267028809,9.850000381469727,9.899999618530273,3866211
2026-06-25 17:45:00,9.880000114440918,9.899999618530273,9.850000381469727,9.869999885559082,2601298
2026-06-26 09:45:00,9.920000076293945,9.920000076293945,9.920000076293945,9.920000076293945,0
2026-06-26 10:00:00,10.0,10.0,9.90999984741211,9.920000076293945,2484955
2026-06-26 10:15:00,10.020000457763672,10.0600004196167,9.989999771118164,10.0,6237711
2026-06-26 10:30:00,9.899999618530273,10.039999961853027,9.890000343322754,10.010000228881836,2703616
2026-06-26 10:45:00,9.84000015258789,9.899999618530273,9.829999923706055,9.899999618530273,2805585
2026-06-26 11:00:00,9.829999923706055,9.869999885559082,9.770000457763672,9.84000015258789,2159090
2026-06-26 11:15:00,9.829999923706055,9.869999885559082,9.8100004196167,9.819999694824219,857077
2026-06-26 11:30:00,9.729999542236328,9.829999923706055,9.720000267028809,9.829999923706055,2385737
2026-06-26 11:45:00,9.640000343322754,9.760000228881836,9.630000114440918,9.729999542236328,4944432
2026-06-26 12:00:00,9.699999809265137,9.699999809265137,9.630000114440918,9.649999618530273,2014001
2026-06-26 12:15:00,9.630000114440918,9.720000267028809,9.630000114440918,9.699999809265137,2040414
2026-06-26 12:30:00,9.670000076293945,9.680000305175781,9.609999656677246,9.630000114440918,1121233
2026-06-26 12:45:00,9.6899995803833,9.720000267028809,9.649999618530273,9.670000076293945,768437
2026-06-26 13:00:00,9.670000076293945,9.680000305175781,9.649999618530273,9.680000305175781,479875
2026-06-26 13:15:00,9.710000038146973,9.710000038146973,9.680000305175781,9.680000305175781,283483
2026-06-26 13:30:00,9.6899995803833,9.739999771118164,9.6899995803833,9.710000038146973,469672
2026-06-26 13:45:00,9.680000305175781,9.699999809265137,9.680000305175781,9.6899995803833,193948
2026-06-26 14:00:00,9.680000305175781,9.699999809265137,9.670000076293945,9.6899995803833,281214
2026-06-26 14:15:00,9.65999984741211,9.680000305175781,9.640000343322754,9.680000305175781,678711
2026-06-26 14:30:00,9.649999618530273,9.670000076293945,9.640000343322754,9.65999984741211,228849
2026-06-26 14:45:00,9.649999618530273,9.670000076293945,9.609999656677246,9.649999618530273,672501
2026-06-26 15:00:00,9.640000343322754,9.649999618530273,9.619999885559082,9.640000343322754,671061
2026-06-26 15:15:00,9.65999984741211,9.670000076293945,9.640000343322754,9.649999618530273,328247
2026-06-26 15:30:00,9.680000305175781,9.6899995803833,9.630000114440918,9.65999984741211,1056093
2026-06-26 15:45:00,9.739999771118164,9.75,9.670000076293945,9.680000305175781,2166154
2026-06-26 16:00:00,9.670000076293945,9.739999771118164,9.649999618530273,9.729999542236328,1511131
2026-06-26 16:15:00,9.649999618530273,9.680000305175781,9.640000343322754,9.670000076293945,433616
2026-06-26 16:30:00,9.640000343322754,9.670000076293945,9.640000343322754,9.65999984741211,594843
2026-06-26 16:45:00,9.699999809265137,9.710000038146973,9.630000114440918,9.640000343322754,1393064
2026-06-26 17:00:00,9.6899995803833,9.699999809265137,9.670000076293945,9.699999809265137,510338
2026-06-26 17:15:00,9.6899995803833,9.6899995803833,9.680000305175781,9.6899995803833,449259
2026-06-26 17:30:00,9.6899995803833,9.710000038146973,9.670000076293945,9.6899995803833,1010708
2026-06-26 17:45:00,9.6899995803833,9.710000038146973,9.680000305175781,9.6899995803833,2144193
2026-06-29 09:45:00,9.729999542236328,9.729999542236328,9.729999542236328,9.729999542236328,0
2026-06-29 10:00:00,9.789999961853027,9.800000190734863,9.720000267028809,9.739999771118164,1840415
2026-06-29 10:15:00,9.800000190734863,9.829999923706055,9.75,9.800000190734863,2318573
2026-06-29 10:30:00,9.739999771118164,9.819999694824219,9.710000038146973,9.789999961853027,1205407
2026-06-29 10:45:00,9.760000228881836,9.770000457763672,9.710000038146973,9.729999542236328,567118
2026-06-29 11:00:00,9.779999732971191,9.789999961853027,9.739999771118164,9.75,441974
2026-06-29 11:15:00,9.710000038146973,9.770000457763672,9.6899995803833,9.770000457763672,1043504
2026-06-29 11:30:00,9.729999542236328,9.75,9.6899995803833,9.710000038146973,824586
2026-06-29 11:45:00,9.720000267028809,9.760000228881836,9.710000038146973,9.729999542236328,582857
2026-06-29 12:00:00,9.75,9.75,9.699999809265137,9.720000267028809,446994
2026-06-29 12:15:00,9.729999542236328,9.760000228881836,9.710000038146973,9.75,1463546
2026-06-29 12:30:00,9.710000038146973,9.729999542236328,9.710000038146973,9.729999542236328,337280
2026-06-29 12:45:00,9.739999771118164,9.75,9.710000038146973,9.720000267028809,404608
2026-06-29 13:00:00,9.729999542236328,9.75,9.729999542236328,9.739999771118164,428629
2026-06-29 13:15:00,9.739999771118164,9.75,9.720000267028809,9.729999542236328,322437
2026-06-29 13:30:00,9.739999771118164,9.75,9.729999542236328,9.739999771118164,160290
2026-06-29 13:45:00,9.739999771118164,9.760000228881836,9.729999542236328,9.75,441545
2026-06-29 14:00:00,9.720000267028809,9.739999771118164,9.720000267028809,9.739999771118164,302947
2026-06-29 14:15:00,9.699999809265137,9.720000267028809,9.699999809265137,9.720000267028809,441556
2026-06-29 14:30:00,9.680000305175781,9.729999542236328,9.670000076293945,9.710000038146973,1017881
2026-06-29 14:45:00,9.680000305175781,9.699999809265137,9.670000076293945,9.6899995803833,545505
2026-06-29 15:00:00,9.6899995803833,9.6899995803833,9.670000076293945,9.680000305175781,501781
2026-06-29 15:15:00,9.6899995803833,9.699999809265137,9.670000076293945,9.680000305175781,1137220
2026-06-29 15:30:00,9.670000076293945,9.680000305175781,9.65999984741211,9.680000305175781,460545
2026-06-29 15:45:00,9.6899995803833,9.710000038146973,9.670000076293945,9.670000076293945,459319
2026-06-29 16:00:00,9.65999984741211,9.699999809265137,9.630000114440918,9.699999809265137,820953
2026-06-29 16:15:00,9.65999984741211,9.65999984741211,9.640000343322754,9.649999618530273,332929
2026-06-29 16:30:00,9.649999618530273,9.65999984741211,9.640000343322754,9.65999984741211,196778
2026-06-29 16:45:00,9.630000114440918,9.649999618530273,9.630000114440918,9.640000343322754,217288
2026-06-29 17:00:00,9.640000343322754,9.710000038146973,9.619999885559082,9.630000114440918,1024617
2026-06-29 17:15:00,9.680000305175781,9.680000305175781,9.630000114440918,9.640000343322754,414206
2026-06-29 17:30:00,9.699999809265137,9.710000038146973,9.670000076293945,9.680000305175781,549959
2026-06-29 17:45:00,9.75,9.770000457763672,9.680000305175781,9.6899995803833,2643851
2026-06-30 09:45:00,9.8100004196167,9.8100004196167,9.8100004196167,9.8100004196167,0
2026-06-30 10:00:00,9.819999694824219,9.859999656677246,9.770000457763672,9.8100004196167,3015616
2026-06-30 10:15:00,9.869999885559082,9.890000343322754,9.819999694824219,9.819999694824219,2153732
2026-06-30 10:30:00,9.9399995803833,9.989999771118164,9.859999656677246,9.869999885559082,2924032
2026-06-30 10:45:00,9.970000267028809,9.979999542236328,9.890000343322754,9.930000305175781,2219489
2026-06-30 11:00:00,10.0,10.039999961853027,9.949999809265137,9.970000267028809,2238034
2026-06-30 11:15:00,9.979999542236328,10.050000190734863,9.970000267028809,9.989999771118164,4968749
2026-06-30 11:30:00,9.930000305175781,10.0,9.899999618530273,9.979999542236328,4755766
2026-06-30 11:45:00,9.989999771118164,10.050000190734863,9.930000305175781,9.930000305175781,2965972
2026-06-30 12:00:00,9.989999771118164,10.029999732971191,9.970000267028809,9.989999771118164,1804803
2026-06-30 12:15:00,10.0,10.029999732971191,9.989999771118164,9.989999771118164,532640
2026-06-30 12:30:00,10.020000457763672,10.029999732971191,10.0,10.0,431909
2026-06-30 12:45:00,10.3100004196167,10.350000381469727,10.010000228881836,10.029999732971191,11815963
2026-06-30 13:00:00,10.539999961853027,10.649999618530273,10.260000228881836,10.3100004196167,21556658
2026-06-30 13:15:00,10.5600004196167,10.579999923706055,10.460000038146973,10.529999732971191,6902494
2026-06-30 13:30:00,10.550000190734863,10.59000015258789,10.529999732971191,10.550000190734863,2343185
2026-06-30 13:45:00,10.59000015258789,10.619999885559082,10.520000457763672,10.569999694824219,4208438
2026-06-30 14:00:00,10.720000267028809,10.75,10.579999923706055,10.579999923706055,16032760
2026-06-30 14:15:00,10.739999771118164,10.75,10.6899995803833,10.729999542236328,2783208
2026-06-30 14:30:00,10.739999771118164,10.75,10.720000267028809,10.729999542236328,1957661
2026-06-30 14:45:00,10.739999771118164,10.75,10.729999542236328,10.739999771118164,1323659
2026-06-30 15:00:00,10.75,10.75,10.720000267028809,10.739999771118164,13926501
2026-06-30 15:15:00,10.75,10.75,10.6899995803833,10.75,17857019
2026-06-30 15:30:00,10.75,10.75,10.75,10.75,301171
2026-06-30 15:45:00,10.75,10.75,10.75,10.75,114853
2026-06-30 16:00:00,10.75,10.75,10.75,10.75,72958
2026-06-30 16:15:00,10.75,10.75,10.75,10.75,192283
2026-06-30 16:30:00,10.75,10.75,10.75,10.75,399968
2026-06-30 16:45:00,10.75,10.75,10.75,10.75,105283
2026-06-30 17:00:00,10.75,10.75,10.75,10.75,190437
2026-06-30 17:15:00,10.75,10.75,10.75,10.75,47162
2026-06-30 17:30:00,10.75,10.75,10.75,10.75,107301
2026-06-30 17:45:00,10.75,10.75,10.75,10.75,812318
2026-07-01 09:45:00,10.800000190734863,10.800000190734863,10.800000190734863,10.800000190734863,0
2026-07-01 10:00:00,11.199999809265137,11.529999732971191,10.800000190734863,10.800000190734863,47222228
2026-07-01 10:15:00,11.300000190734863,11.510000228881836,11.180000305175781,11.180000305175781,18063215
2026-07-01 10:30:00,11.369999885559082,11.390000343322754,11.229999542236328,11.300000190734863,5307627
2026-07-01 10:45:00,11.359999656677246,11.399999618530273,11.270000457763672,11.359999656677246,4753438
2026-07-01 11:00:00,11.479999542236328,11.5600004196167,11.329999923706055,11.369999885559082,8161823
2026-07-01 11:15:00,11.510000228881836,11.520000457763672,11.399999618530273,11.489999771118164,3450507
2026-07-01 11:30:00,11.529999732971191,11.569999694824219,11.5,11.5,3876307
2026-07-01 11:45:00,11.579999923706055,11.680000305175781,11.5,11.520000457763672,5315959
2026-07-01 12:00:00,11.670000076293945,11.789999961853027,11.539999961853027,11.569999694824219,7500040
2026-07-01 12:15:00,11.680000305175781,11.760000228881836,11.640000343322754,11.670000076293945,4941825
2026-07-01 12:30:00,11.649999618530273,11.6899995803833,11.579999923706055,11.6899995803833,3151204
2026-07-01 12:45:00,11.600000381469727,11.6899995803833,11.5600004196167,11.649999618530273,4166046
2026-07-01 13:00:00,11.520000457763672,11.630000114440918,11.5,11.600000381469727,2848910
2026-07-01 13:15:00,11.479999542236328,11.59000015258789,11.460000038146973,11.520000457763672,5685135
2026-07-01 13:30:00,11.510000228881836,11.550000190734863,11.470000267028809,11.479999542236328,2304990
2026-07-01 13:45:00,11.489999771118164,11.510000228881836,11.460000038146973,11.5,1148090
2026-07-01 14:00:00,11.550000190734863,11.619999885559082,11.449999809265137,11.489999771118164,3604060
2026-07-01 14:15:00,11.449999809265137,11.5600004196167,11.430000305175781,11.550000190734863,2191343
2026-07-01 14:30:00,11.460000038146973,11.460000038146973,11.420000076293945,11.460000038146973,1569764
2026-07-01 14:45:00,11.449999809265137,11.489999771118164,11.40999984741211,11.449999809265137,2120633
2026-07-01 15:00:00,11.300000190734863,11.460000038146973,11.25,11.460000038146973,6053520
2026-07-01 15:15:00,11.319999694824219,11.350000381469727,11.140000343322754,11.300000190734863,6709202
2026-07-01 15:30:00,11.3100004196167,11.34000015258789,11.199999809265137,11.3100004196167,3230474
2026-07-01 15:45:00,11.279999732971191,11.329999923706055,11.270000457763672,11.3100004196167,1149334
2026-07-01 16:00:00,11.489999771118164,11.520000457763672,11.260000228881836,11.279999732971191,6282903
2026-07-01 16:15:00,11.5,11.579999923706055,11.40999984741211,11.479999542236328,3396779
2026-07-01 16:30:00,11.460000038146973,11.529999732971191,11.430000305175781,11.5,3946238
2026-07-01 16:45:00,11.430000305175781,11.489999771118164,11.420000076293945,11.460000038146973,2006730
2026-07-01 17:00:00,11.420000076293945,11.449999809265137,11.390000343322754,11.430000305175781,2016899
2026-07-01 17:15:00,11.350000381469727,11.420000076293945,11.319999694824219,11.40999984741211,3915548
2026-07-01 17:30:00,11.350000381469727,11.390000343322754,11.319999694824219,11.34000015258789,2289281
2026-07-01 17:45:00,11.319999694824219,11.380000114440918,11.229999542236328,11.350000381469727,6283751
2026-07-02 09:45:00,11.359999656677246,11.359999656677246,11.359999656677246,11.359999656677246,0
2026-07-02 10:00:00,11.399999618530273,11.65999984741211,11.319999694824219,11.369999885559082,15694751
2026-07-02 10:15:00,11.220000267028809,11.40999984741211,11.119999885559082,11.399999618530273,6535657
2026-07-02 10:30:00,11.289999961853027,11.289999961853027,11.210000038146973,11.239999771118164,2412889
2026-07-02 10:45:00,11.319999694824219,11.380000114440918,11.260000228881836,11.289999961853027,2796126
2026-07-02 11:00:00,11.380000114440918,11.420000076293945,11.3100004196167,11.319999694824219,1986430
2026-07-02 11:15:00,11.369999885559082,11.40999984741211,11.34000015258789,11.380000114440918,2420205
2026-07-02 11:30:00,11.25,11.390000343322754,11.239999771118164,11.369999885559082,2327959
2026-07-02 11:45:00,11.140000343322754,11.270000457763672,11.130000114440918,11.270000457763672,2246038
2026-07-02 12:00:00,10.869999885559082,11.149999618530273,10.800000190734863,11.140000343322754,10293900
2026-07-02 12:15:00,10.710000038146973,10.899999618530273,10.699999809265137,10.869999885559082,6861799
2026-07-02 12:30:00,10.489999771118164,10.890000343322754,10.390000343322754,10.720000267028809,24865375
2026-07-02 12:45:00,10.789999961853027,10.819999694824219,10.369999885559082,10.510000228881836,21177894
2026-07-02 13:00:00,10.720000267028809,10.979999542236328,10.6899995803833,10.779999732971191,13946919
2026-07-02 13:15:00,10.460000038146973,10.760000228881836,10.430000305175781,10.729999542236328,11503780
2026-07-02 13:30:00,10.5,10.550000190734863,10.449999809265137,10.460000038146973,3833415
2026-07-02 13:45:00,10.529999732971191,10.550000190734863,10.479999542236328,10.5,1371816
2026-07-02 14:00:00,10.430000305175781,10.529999732971191,10.399999618530273,10.529999732971191,3903796
2026-07-02 14:15:00,10.4399995803833,10.5,10.380000114440918,10.430000305175781,4046984
2026-07-02 14:30:00,10.430000305175781,10.470000267028809,10.420000076293945,10.4399995803833,1716307
2026-07-02 14:45:00,10.380000114440918,10.449999809265137,10.329999923706055,10.4399995803833,4914990
2026-07-02 15:00:00,10.3100004196167,10.390000343322754,10.300000190734863,10.390000343322754,4413102
2026-07-02 15:15:00,10.319999694824219,10.350000381469727,10.289999961853027,10.319999694824219,3132680
2026-07-02 15:30:00,10.260000228881836,10.329999923706055,10.260000228881836,10.319999694824219,2734047
2026-07-02 15:45:00,10.220000267028809,10.260000228881836,10.170000076293945,10.239999771118164,19408174
2026-07-02 16:00:00,10.199999809265137,10.229999542236328,10.1899995803833,10.220000267028809,2755468
2026-07-02 16:15:00,10.170000076293945,10.199999809265137,10.170000076293945,10.1899995803833,7613360
2026-07-02 16:30:00,10.170000076293945,10.170000076293945,10.170000076293945,10.170000076293945,264677
2026-07-02 16:45:00,10.170000076293945,10.170000076293945,10.170000076293945,10.170000076293945,176889
2026-07-02 17:00:00,10.170000076293945,10.170000076293945,10.170000076293945,10.170000076293945,311068
2026-07-02 17:15:00,10.170000076293945,10.170000076293945,10.170000076293945,10.170000076293945,109602
2026-07-02 17:30:00,10.170000076293945,10.170000076293945,10.170000076293945,10.170000076293945,240691
2026-07-02 17:45:00,10.170000076293945,10.170000076293945,10.170000076293945,10.170000076293945,421984
2026-07-03 09:45:00,10.0,10.0,10.0,10.0,0
2026-07-03 10:00:00,9.449999809265137,10.0,9.449999809265137,9.989999771118164,14968325
2026-07-03 10:15:00,9.619999885559082,9.649999618530273,9.380000114440918,9.470000267028809,16524513
2026-07-03 10:30:00,9.619999885559082,9.670000076293945,9.550000190734863,9.630000114440918,5448832
2026-07-03 10:45:00,9.510000228881836,9.630000114440918,9.460000038146973,9.619999885559082,5059508
2026-07-03 11:00:00,9.510000228881836,9.5600004196167,9.420000076293945,9.520000457763672,6327536
2026-07-03 11:15:00,9.5,9.5600004196167,9.479999542236328,9.520000457763672,1920019
2026-07-03 11:30:00,9.489999771118164,9.510000228881836,9.449999809265137,9.489999771118164,1897643
2026-07-03 11:45:00,9.479999542236328,9.520000457763672,9.460000038146973,9.489999771118164,1207613
2026-07-03 12:00:00,9.380000114440918,9.479999542236328,9.350000381469727,9.470000267028809,6271929
2026-07-03 12:15:00,9.300000190734863,9.40999984741211,9.279999732971191,9.369999885559082,6390831
2026-07-03 12:30:00,9.359999656677246,9.359999656677246,9.289999961853027,9.300000190734863,3188933
2026-07-03 12:45:00,9.350000381469727,9.390000343322754,9.3100004196167,9.359999656677246,2445136
2026-07-03 13:00:00,9.420000076293945,9.4399995803833,9.3100004196167,9.34000015258789,2574752
2026-07-03 13:15:00,9.390000343322754,9.430000305175781,9.380000114440918,9.420000076293945,2050635
2026-07-03 13:30:00,9.350000381469727,9.40999984741211,9.319999694824219,9.380000114440918,2446445
2026-07-03 13:45:00,9.369999885559082,9.390000343322754,9.34000015258789,9.350000381469727,1581175
2026-07-03 14:00:00,9.34000015258789,9.380000114440918,9.329999923706055,9.369999885559082,944012
2026-07-03 14:15:00,9.369999885559082,9.380000114440918,9.34000015258789,9.34000015258789,1451886
2026-07-03 14:30:00,9.359999656677246,9.40999984741211,9.319999694824219,9.369999885559082,5298972
2026-07-03 14:45:00,9.359999656677246,9.399999618530273,9.350000381469727,9.359999656677246,2516968
2026-07-03 15:00:00,9.359999656677246,9.369999885559082,9.329999923706055,9.359999656677246,2045839
2026-07-03 15:15:00,9.479999542236328,9.489999771118164,9.350000381469727,9.359999656677246,3935161
2026-07-03 15:30:00,9.640000343322754,9.649999618530273,9.470000267028809,9.479999542236328,8890177
2026-07-03 15:45:00,9.789999961853027,9.789999961853027,9.640000343322754,9.640000343322754,11465743
2026-07-03 16:00:00,9.680000305175781,9.8100004196167,9.649999618530273,9.789999961853027,7828711
2026-07-03 16:15:00,9.680000305175781,9.760000228881836,9.670000076293945,9.680000305175781,4552743
2026-07-03 16:30:00,9.680000305175781,9.720000267028809,9.670000076293945,9.680000305175781,1751171
2026-07-03 16:45:00,9.680000305175781,9.720000267028809,9.649999618530273,9.670000076293945,2079344
2026-07-03 17:00:00,9.680000305175781,9.729999542236328,9.600000381469727,9.680000305175781,4079850
2026-07-03 17:15:00,9.649999618530273,9.680000305175781,9.609999656677246,9.680000305175781,1459289
2026-07-03 17:30:00,9.630000114440918,9.65999984741211,9.600000381469727,9.649999618530273,1534074
2026-07-03 17:45:00,9.619999885559082,9.640000343322754,9.59000015258789,9.619999885559082,3772784
2026-07-06 09:45:00,9.649999618530273,9.649999618530273,9.649999618530273,9.649999618530273,0
2026-07-06 10:00:00,9.539999961853027,9.670000076293945,9.539999961853027,9.649999618530273,6025426
2026-07-06 10:15:00,9.489999771118164,9.569999694824219,9.449999809265137,9.550000190734863,4244864
2026-07-06 10:30:00,9.4399995803833,9.5,9.369999885559082,9.489999771118164,4397638
2026-07-06 10:45:00,9.449999809265137,9.479999542236328,9.399999618530273,9.4399995803833,3296148
2026-07-06 11:00:00,9.479999542236328,9.510000228881836,9.4399995803833,9.449999809265137,1773124
2026-07-06 11:15:00,9.489999771118164,9.5,9.420000076293945,9.470000267028809,3026841
2026-07-06 11:30:00,9.4399995803833,9.5,9.420000076293945,9.489999771118164,1745706
2026-07-06 11:45:00,9.390000343322754,9.449999809265137,9.390000343322754,9.4399995803833,1744941
2026-07-06 12:00:00,9.460000038146973,9.460000038146973,9.380000114440918,9.399999618530273,2238377
2026-07-06 12:15:00,9.5,9.510000228881836,9.4399995803833,9.460000038146973,2420792
2026-07-06 12:30:00,9.449999809265137,9.5,9.430000305175781,9.489999771118164,758499
2026-07-06 12:45:00,9.470000267028809,9.470000267028809,9.449999809265137,9.449999809265137,525734
2026-07-06 13:00:00,9.470000267028809,9.470000267028809,9.449999809265137,9.460000038146973,361572
2026-07-06 13:15:00,9.4399995803833,9.470000267028809,9.420000076293945,9.460000038146973,1054555
2026-07-06 13:30:00,9.4399995803833,9.460000038146973,9.430000305175781,9.430000305175781,1067960
2026-07-06 13:45:00,9.449999809265137,9.460000038146973,9.430000305175781,9.449999809265137,1118118
2026-07-06 14:00:00,9.420000076293945,9.449999809265137,9.399999618530273,9.449999809265137,1003527
2026-07-06 14:15:00,9.40999984741211,9.430000305175781,9.40999984741211,9.420000076293945,322069
2026-07-06 14:30:00,9.420000076293945,9.430000305175781,9.399999618530273,9.40999984741211,623510
2026-07-06 14:45:00,9.420000076293945,9.460000038146973,9.40999984741211,9.420000076293945,935467
2026-07-06 15:00:00,9.430000305175781,9.430000305175781,9.399999618530273,9.420000076293945,522520
2026-07-06 15:15:00,9.430000305175781,9.430000305175781,9.390000343322754,9.430000305175781,851246
2026-07-06 15:30:00,9.390000343322754,9.430000305175781,9.390000343322754,9.420000076293945,477825
2026-07-06 15:45:00,9.420000076293945,9.430000305175781,9.380000114440918,9.399999618530273,1210793
2026-07-06 16:00:00,9.460000038146973,9.5,9.399999618530273,9.40999984741211,3096757
2026-07-06 16:15:00,9.460000038146973,9.489999771118164,9.460000038146973,9.460000038146973,2277644
2026-07-06 16:30:00,9.739999771118164,9.979999542236328,9.460000038146973,9.460000038146973,32690968
2026-07-06 16:45:00,9.640000343322754,9.75,9.569999694824219,9.739999771118164,7787410
2026-07-06 17:00:00,9.6899995803833,9.779999732971191,9.619999885559082,9.630000114440918,5929255
2026-07-06 17:15:00,9.640000343322754,9.710000038146973,9.619999885559082,9.6899995803833,2537804
2026-07-06 17:30:00,9.680000305175781,9.6899995803833,9.630000114440918,9.640000343322754,1900607
2026-07-06 17:45:00,9.65999984741211,9.6899995803833,9.600000381469727,9.680000305175781,4098532
2026-07-07 09:45:00,9.630000114440918,9.630000114440918,9.630000114440918,9.630000114440918,0
2026-07-07 10:00:00,9.579999923706055,9.75,9.5600004196167,9.619999885559082,5329398
2026-07-07 10:15:00,9.539999961853027,9.600000381469727,9.5,9.569999694824219,2822428
2026-07-07 10:30:00,9.579999923706055,9.579999923706055,9.529999732971191,9.539999961853027,943518
2026-07-07 10:45:00,9.609999656677246,9.619999885559082,9.550000190734863,9.579999923706055,1324811
2026-07-07 11:00:00,9.600000381469727,9.649999618530273,9.59000015258789,9.609999656677246,2551348
2026-07-07 11:15:00,9.600000381469727,9.65999984741211,9.59000015258789,9.600000381469727,1291626
2026-07-07 11:30:00,9.5600004196167,9.619999885559082,9.550000190734863,9.600000381469727,2246197
2026-07-07 11:45:00,9.449999809265137,9.569999694824219,9.4399995803833,9.569999694824219,3536828
2026-07-07 12:00:00,9.449999809265137,9.460000038146973,9.40999984741211,9.449999809265137,2624073
2026-07-07 12:15:00,9.390000343322754,9.449999809265137,9.359999656677246,9.449999809265137,3483165
2026-07-07 12:30:00,9.390000343322754,9.40999984741211,9.350000381469727,9.390000343322754,1949444
2026-07-07 12:45:00,9.369999885559082,9.420000076293945,9.350000381469727,9.390000343322754,1544042
2026-07-07 13:00:00,9.380000114440918,9.380000114440918,9.359999656677246,9.369999885559082,2146855
2026-07-07 13:15:00,9.380000114440918,9.380000114440918,9.359999656677246,9.380000114440918,1029550
2026-07-07 13:30:00,9.359999656677246,9.369999885559082,9.319999694824219,9.369999885559082,3182476
2026-07-07 13:45:00,9.300000190734863,9.359999656677246,9.25,9.359999656677246,4676857
2026-07-07 14:00:00,9.25,9.300000190734863,9.170000076293945,9.300000190734863,5308476
2026-07-07 14:15:00,9.3100004196167,9.329999923706055,9.239999771118164,9.25,3878317
2026-07-07 14:30:00,9.229999542236328,9.329999923706055,9.220000267028809,9.3100004196167,4268268
2026-07-07 14:45:00,9.229999542236328,9.279999732971191,9.199999809265137,9.229999542236328,5119671
2026-07-07 15:00:00,9.239999771118164,9.279999732971191,9.220000267028809,9.229999542236328,2265878
2026-07-07 15:15:00,9.260000228881836,9.260000228881836,9.220000267028809,9.239999771118164,1435495
2026-07-07 15:30:00,9.260000228881836,9.270000457763672,9.229999542236328,9.260000228881836,552463
2026-07-07 15:45:00,9.279999732971191,9.279999732971191,9.260000228881836,9.270000457763672,1007785
2026-07-07 16:00:00,9.260000228881836,9.289999961853027,9.239999771118164,9.279999732971191,1598698
2026-07-07 16:15:00,9.25,9.260000228881836,9.229999542236328,9.260000228881836,441542
2026-07-07 16:30:00,9.279999732971191,9.279999732971191,9.239999771118164,9.25,689270
2026-07-07 16:45:00,9.229999542236328,9.279999732971191,9.220000267028809,9.270000457763672,846302
2026-07-07 17:00:00,9.220000267028809,9.270000457763672,9.220000267028809,9.239999771118164,884600
2026-07-07 17:15:00,9.220000267028809,9.25,9.210000038146973,9.220000267028809,1312414
2026-07-07 17:30:00,9.220000267028809,9.229999542236328,9.1899995803833,9.220000267028809,1816368
2026-07-07 17:45:00,9.199999809265137,9.239999771118164,9.1899995803833,9.220000267028809,2266288
2026-07-08 09:45:00,9.239999771118164,9.239999771118164,9.239999771118164,9.239999771118164,0
2026-07-08 10:00:00,9.170000076293945,9.25,9.09000015258789,9.229999542236328,3674628
2026-07-08 10:15:00,9.260000228881836,9.289999961853027,9.149999618530273,9.170000076293945,3044046
2026-07-08 10:30:00,9.34000015258789,9.399999618530273,9.239999771118164,9.260000228881836,5857875
2026-07-08 10:45:00,9.270000457763672,9.359999656677246,9.239999771118164,9.34000015258789,1828890
2026-07-08 11:00:00,9.229999542236328,9.270000457763672,9.180000305175781,9.270000457763672,1224547
2026-07-08 11:15:00,9.149999618530273,9.25,9.149999618530273,9.229999542236328,1580072
2026-07-08 11:30:00,9.220000267028809,9.229999542236328,9.140000343322754,9.149999618530273,1355943
2026-07-08 11:45:00,9.210000038146973,9.25,9.199999809265137,9.210000038146973,1136299
2026-07-08 12:00:00,9.210000038146973,9.229999542236328,9.1899995803833,9.199999809265137,522448
2026-07-08 12:15:00,9.220000267028809,9.239999771118164,9.1899995803833,9.220000267028809,780565
2026-07-08 12:30:00,9.270000457763672,9.3100004196167,9.220000267028809,9.229999542236328,1885838
2026-07-08 12:45:00,9.25,9.279999732971191,9.25,9.270000457763672,640908
2026-07-08 13:00:00,9.239999771118164,9.289999961853027,9.229999542236328,9.25,544569
2026-07-08 13:15:00,9.220000267028809,9.25,9.1899995803833,9.25,718383
2026-07-08 13:30:00,9.220000267028809,9.229999542236328,9.210000038146973,9.220000267028809,255975
2026-07-08 13:45:00,9.220000267028809,9.229999542236328,9.199999809265137,9.220000267028809,478878
2026-07-08 14:00:00,9.210000038146973,9.229999542236328,9.199999809265137,9.220000267028809,402512
2026-07-08 14:15:00,9.210000038146973,9.220000267028809,9.1899995803833,9.210000038146973,634324
2026-07-08 14:30:00,9.220000267028809,9.229999542236328,9.199999809265137,9.199999809265137,686416
2026-07-08 14:45:00,9.210000038146973,9.220000267028809,9.199999809265137,9.210000038146973,164626
2026-07-08 15:00:00,9.210000038146973,9.220000267028809,9.199999809265137,9.220000267028809,184950
2026-07-08 15:15:00,9.220000267028809,9.229999542236328,9.210000038146973,9.220000267028809,191674
2026-07-08 15:30:00,9.210000038146973,9.220000267028809,9.199999809265137,9.220000267028809,471244
2026-07-08 15:45:00,9.220000267028809,9.229999542236328,9.210000038146973,9.220000267028809,285274
2026-07-08 16:00:00,9.229999542236328,9.229999542236328,9.210000038146973,9.220000267028809,157643
2026-07-08 16:15:00,9.210000038146973,9.229999542236328,9.199999809265137,9.229999542236328,314172
2026-07-08 16:30:00,9.220000267028809,9.220000267028809,9.199999809265137,9.210000038146973,165103
2026-07-08 16:45:00,9.220000267028809,9.220000267028809,9.1899995803833,9.220000267028809,583913
2026-07-08 17:00:00,9.229999542236328,9.260000228881836,9.210000038146973,9.229999542236328,1253561
2026-07-08 17:15:00,9.270000457763672,9.279999732971191,9.220000267028809,9.220000267028809,2732915
2026-07-08 17:30:00,9.239999771118164,9.270000457763672,9.210000038146973,9.270000457763672,4188957
2026-07-08 17:45:00,9.260000228881836,9.289999961853027,9.1899995803833,9.239999771118164,4877034
2026-07-09 09:45:00,9.289999961853027,9.289999961853027,9.289999961853027,9.289999961853027,0
2026-07-09 10:00:00,9.350000381469727,9.40999984741211,9.289999961853027,9.289999961853027,5208381
2026-07-09 10:15:00,9.399999618530273,9.430000305175781,9.3100004196167,9.350000381469727,2723920
2026-07-09 10:30:00,9.420000076293945,9.430000305175781,9.359999656677246,9.399999618530273,3115082
2026-07-09 10:45:00,9.380000114440918,9.4399995803833,9.350000381469727,9.420000076293945,1480608
2026-07-09 11:00:00,9.359999656677246,9.399999618530273,9.359999656677246,9.390000343322754,1049482
2026-07-09 11:15:00,9.369999885559082,9.369999885559082,9.350000381469727,9.359999656677246,748627
2026-07-09 11:30:00,9.380000114440918,9.380000114440918,9.350000381469727,9.359999656677246,393381
2026-07-09 11:45:00,9.380000114440918,9.420000076293945,9.369999885559082,9.380000114440918,2131136
2026-07-09 12:00:00,9.380000114440918,9.390000343322754,9.359999656677246,9.369999885559082,270508
2026-07-09 12:15:00,9.34000015258789,9.380000114440918,9.34000015258789,9.369999885559082,473879
2026-07-09 12:30:00,9.329999923706055,9.350000381469727,9.319999694824219,9.350000381469727,348581
2026-07-09 12:45:00,9.420000076293945,9.420000076293945,9.300000190734863,9.329999923706055,1595446
2026-07-09 13:00:00,9.40999984741211,9.470000267028809,9.40999984741211,9.420000076293945,1966101
2026-07-09 13:15:00,9.470000267028809,9.489999771118164,9.399999618530273,9.420000076293945,1456212
2026-07-09 13:30:00,9.470000267028809,9.5,9.4399995803833,9.460000038146973,1855488
2026-07-09 13:45:00,9.479999542236328,9.489999771118164,9.4399995803833,9.470000267028809,955907
2026-07-09 14:00:00,9.489999771118164,9.539999961853027,9.460000038146973,9.470000267028809,4770338
2026-07-09 14:15:00,9.529999732971191,9.5600004196167,9.489999771118164,9.5,3542545
2026-07-09 14:30:00,9.520000457763672,9.539999961853027,9.5,9.529999732971191,1576036
2026-07-09 14:45:00,9.5,9.520000457763672,9.479999542236328,9.520000457763672,609941
2026-07-09 15:00:00,9.529999732971191,9.5600004196167,9.470000267028809,9.5,1876534
2026-07-09 15:15:00,9.520000457763672,9.550000190734863,9.510000228881836,9.510000228881836,986244
2026-07-09 15:30:00,9.5600004196167,9.569999694824219,9.520000457763672,9.520000457763672,1986080
2026-07-09 15:45:00,9.529999732971191,9.569999694824219,9.529999732971191,9.5600004196167,889612
2026-07-09 16:00:00,9.539999961853027,9.5600004196167,9.529999732971191,9.539999961853027,1996631
2026-07-09 16:15:00,9.5,9.539999961853027,9.489999771118164,9.539999961853027,835798
2026-07-09 16:30:00,9.510000228881836,9.520000457763672,9.479999542236328,9.5,418964
2026-07-09 16:45:00,9.539999961853027,9.550000190734863,9.510000228881836,9.510000228881836,998068
2026-07-09 17:00:00,9.529999732971191,9.5600004196167,9.520000457763672,9.539999961853027,611909
2026-07-09 17:15:00,9.479999542236328,9.550000190734863,9.460000038146973,9.529999732971191,2204768
2026-07-09 17:30:00,9.460000038146973,9.489999771118164,9.460000038146973,9.479999542236328,913416
2026-07-09 17:45:00,9.489999771118164,9.510000228881836,9.460000038146973,9.460000038146973,1923726
2026-07-10 09:45:00,9.510000228881836,9.510000228881836,9.510000228881836,9.510000228881836,0
2026-07-10 10:00:00,9.59000015258789,9.600000381469727,9.430000305175781,9.510000228881836,2955666
2026-07-10 10:15:00,9.880000114440918,9.890000343322754,9.550000190734863,9.579999923706055,9659675
2026-07-10 10:30:00,9.720000267028809,10.039999961853027,9.720000267028809,9.880000114440918,11354520
2026-07-10 10:45:00,9.770000457763672,9.800000190734863,9.710000038146973,9.729999542236328,2301165
2026-07-10 11:00:00,9.760000228881836,9.800000190734863,9.739999771118164,9.779999732971191,1379037
2026-07-10 11:15:00,9.710000038146973,9.760000228881836,9.6899995803833,9.760000228881836,1235170
2026-07-10 11:30:00,9.710000038146973,9.720000267028809,9.680000305175781,9.699999809265137,824827
2026-07-10 11:45:00,9.710000038146973,9.729999542236328,9.680000305175781,9.710000038146973,778054
2026-07-10 12:00:00,9.6899995803833,9.729999542236328,9.6899995803833,9.720000267028809,1306297
2026-07-10 12:15:00,9.680000305175781,9.699999809265137,9.670000076293945,9.6899995803833,626033
2026-07-10 12:30:00,9.670000076293945,9.6899995803833,9.65999984741211,9.680000305175781,1311351
2026-07-10 12:45:00,9.670000076293945,9.6899995803833,9.65999984741211,9.670000076293945,1209134
2026-07-10 13:00:00,9.649999618530273,9.670000076293945,9.619999885559082,9.65999984741211,1908694
2026-07-10 13:15:00,9.680000305175781,9.6899995803833,9.640000343322754,9.640000343322754,898233
2026-07-10 13:30:00,9.699999809265137,9.729999542236328,9.6899995803833,9.6899995803833,498432
2026-07-10 13:45:00,9.6899995803833,9.720000267028809,9.680000305175781,9.710000038146973,1082860
2026-07-10 14:00:00,9.720000267028809,9.729999542236328,9.670000076293945,9.680000305175781,1603427
2026-07-10 14:15:00,9.710000038146973,9.720000267028809,9.6899995803833,9.720000267028809,581641
2026-07-10 14:30:00,9.760000228881836,9.770000457763672,9.710000038146973,9.710000038146973,1657636
2026-07-10 14:45:00,9.75,9.770000457763672,9.739999771118164,9.760000228881836,410639
2026-07-10 15:00:00,9.800000190734863,9.819999694824219,9.739999771118164,9.75,2390463
2026-07-10 15:15:00,9.789999961853027,9.84000015258789,9.789999961853027,9.8100004196167,1548320
2026-07-10 15:30:00,9.760000228881836,9.800000190734863,9.75,9.800000190734863,1090348
2026-07-10 15:45:00,9.729999542236328,9.760000228881836,9.720000267028809,9.760000228881836,662982
2026-07-10 16:00:00,9.739999771118164,9.770000457763672,9.720000267028809,9.729999542236328,676017
2026-07-10 16:15:00,9.6899995803833,9.760000228881836,9.680000305175781,9.739999771118164,1502663
2026-07-10 16:30:00,9.729999542236328,9.739999771118164,9.670000076293945,9.6899995803833,2188131
2026-07-10 16:45:00,9.699999809265137,9.729999542236328,9.699999809265137,9.720000267028809,559714
2026-07-10 17:00:00,9.729999542236328,9.729999542236328,9.680000305175781,9.699999809265137,520949
2026-07-10 17:15:00,9.729999542236328,9.760000228881836,9.699999809265137,9.710000038146973,1048100
2026-07-10 17:30:00,9.680000305175781,9.729999542236328,9.680000305175781,9.729999542236328,1485380
2026-07-10 17:45:00,9.699999809265137,9.699999809265137,9.670000076293945,9.680000305175781,1195736
2026-07-13 09:45:00,9.710000038146973,9.710000038146973,9.710000038146973,9.710000038146973,0
2026-07-13 10:00:00,9.770000457763672,9.920000076293945,9.720000267028809,9.720000267028809,4682664
2026-07-13 10:15:00,9.8100004196167,9.850000381469727,9.760000228881836,9.770000457763672,2718138
2026-07-13 10:30:00,9.890000343322754,9.90999984741211,9.800000190734863,9.8100004196167,3702042
2026-07-13 10:45:00,9.869999885559082,9.90999984741211,9.850000381469727,9.890000343322754,1533385
2026-07-13 11:00:00,9.90999984741211,9.989999771118164,9.819999694824219,9.869999885559082,5399540
2026-07-13 11:15:00,10.039999961853027,10.050000190734863,9.850000381469727,9.90999984741211,9221617
2026-07-13 11:30:00,10.050000190734863,10.09000015258789,9.84000015258789,10.050000190734863,11363013
2026-07-13 11:45:00,10.220000267028809,10.300000190734863,10.039999961853027,10.050000190734863,13195316
2026-07-13 12:00:00,10.239999771118164,10.289999961853027,10.149999618530273,10.220000267028809,7651401
2026-07-13 12:15:00,10.119999885559082,10.270000457763672,10.100000381469727,10.239999771118164,6099601
2026-07-13 12:30:00,10.199999809265137,10.229999542236328,10.119999885559082,10.130000114440918,2370675
2026-07-13 12:45:00,10.140000343322754,10.210000038146973,10.119999885559082,10.180000305175781,1452265
2026-07-13 13:00:00,10.15999984741211,10.15999984741211,10.109999656677246,10.140000343322754,1033251
2026-07-13 13:15:00,10.15999984741211,10.180000305175781,10.130000114440918,10.15999984741211,1151875
2026-07-13 13:30:00,10.09000015258789,10.180000305175781,10.079999923706055,10.15999984741211,1305365
2026-07-13 13:45:00,10.039999961853027,10.100000381469727,9.989999771118164,10.09000015258789,3813262
2026-07-13 14:00:00,10.069999694824219,10.09000015258789,10.029999732971191,10.050000190734863,1019821
2026-07-13 14:15:00,10.0600004196167,10.079999923706055,10.039999961853027,10.079999923706055,650929
2026-07-13 14:30:00,10.109999656677246,10.140000343322754,10.0600004196167,10.0600004196167,2416507
2026-07-13 14:45:00,10.109999656677246,10.149999618530273,10.010000228881836,10.119999885559082,3863871
2026-07-13 15:00:00,10.079999923706055,10.119999885559082,10.069999694824219,10.109999656677246,1265270
2026-07-13 15:15:00,10.069999694824219,10.100000381469727,10.0600004196167,10.09000015258789,1143729
2026-07-13 15:30:00,10.050000190734863,10.079999923706055,10.020000457763672,10.0600004196167,2201477
2026-07-13 15:45:00,10.0600004196167,10.069999694824219,10.039999961853027,10.039999961853027,857205
2026-07-13 16:00:00,9.899999618530273,10.0600004196167,9.880000114440918,10.0600004196167,9743257
2026-07-13 16:15:00,9.899999618530273,9.930000305175781,9.880000114440918,9.899999618530273,1907293
2026-07-13 16:30:00,9.920000076293945,9.9399995803833,9.890000343322754,9.899999618530273,3947574
2026-07-13 16:45:00,9.930000305175781,9.949999809265137,9.899999618530273,9.920000076293945,1512951
2026-07-13 17:00:00,9.970000267028809,9.970000267028809,9.90999984741211,9.920000076293945,1457277
2026-07-13 17:15:00,9.930000305175781,9.970000267028809,9.90999984741211,9.970000267028809,2359597
2026-07-13 17:30:00,9.859999656677246,9.9399995803833,9.859999656677246,9.920000076293945,4239619
2026-07-13 17:45:00,9.960000038146973,9.970000267028809,9.859999656677246,9.869999885559082,2287425
2026-07-14 09:45:00,10.020000457763672,10.020000457763672,10.020000457763672,10.020000457763672,0
2026-07-14 10:00:00,9.989999771118164,10.069999694824219,9.890000343322754,10.029999732971191,5734826
2026-07-14 10:15:00,9.899999618530273,9.989999771118164,9.890000343322754,9.989999771118164,2822789
2026-07-14 10:30:00,9.899999618530273,9.920000076293945,9.869999885559082,9.899999618530273,3101831
2026-07-14 10:45:00,9.960000038146973,9.960000038146973,9.899999618530273,9.90999984741211,1695216
2026-07-14 11:00:00,9.930000305175781,9.960000038146973,9.920000076293945,9.949999809265137,788012
2026-07-14 11:15:00,9.979999542236328,9.979999542236328,9.920000076293945,9.9399995803833,1316161
2026-07-14 11:30:00,9.979999542236328,10.0,9.949999809265137,9.979999542236328,1193872
2026-07-14 11:45:00,9.90999984741211,9.979999542236328,9.90999984741211,9.979999542236328,830017
2026-07-14 12:00:00,9.890000343322754,9.930000305175781,9.869999885559082,9.920000076293945,1636201
2026-07-14 12:15:00,9.850000381469727,9.890000343322754,9.84000015258789,9.880000114440918,1667218
2026-07-14 12:30:00,9.850000381469727,9.869999885559082,9.84000015258789,9.859999656677246,576788
2026-07-14 12:45:00,9.850000381469727,9.880000114440918,9.84000015258789,9.850000381469727,520510
2026-07-14 13:00:00,9.850000381469727,9.859999656677246,9.829999923706055,9.850000381469727,762141
2026-07-14 13:15:00,9.859999656677246,9.869999885559082,9.84000015258789,9.859999656677246,346098
2026-07-14 13:30:00,9.859999656677246,9.880000114440918,9.850000381469727,9.859999656677246,620007
2026-07-14 13:45:00,9.890000343322754,9.890000343322754,9.84000015258789,9.859999656677246,1522171
2026-07-14 14:00:00,9.890000343322754,9.899999618530273,9.869999885559082,9.880000114440918,1864229
2026-07-14 14:15:00,9.899999618530273,9.930000305175781,9.880000114440918,9.890000343322754,1737473
2026-07-14 14:30:00,9.899999618530273,9.90999984741211,9.890000343322754,9.899999618530273,975162
2026-07-14 14:45:00,9.829999923706055,9.899999618530273,9.8100004196167,9.899999618530273,3810689
2026-07-14 15:00:00,9.850000381469727,9.850000381469727,9.779999732971191,9.829999923706055,2905526
2026-07-14 15:15:00,9.920000076293945,9.949999809265137,9.850000381469727,9.850000381469727,1669323
2026-07-14 15:30:00,9.9399995803833,9.9399995803833,9.90999984741211,9.920000076293945,1308676
2026-07-14 15:45:00,9.960000038146973,9.960000038146973,9.90999984741211,9.9399995803833,775499
2026-07-14 16:00:00,9.989999771118164,10.010000228881836,9.960000038146973,9.960000038146973,1895513
2026-07-14 16:15:00,9.979999542236328,10.0,9.960000038146973,10.0,819832
2026-07-14 16:30:00,9.960000038146973,10.0,9.960000038146973,9.979999542236328,1042550
2026-07-14 16:45:00,9.960000038146973,9.979999542236328,9.949999809265137,9.960000038146973,559452
2026-07-14 17:00:00,9.960000038146973,9.979999542236328,9.949999809265137,9.960000038146973,602380
2026-07-14 17:15:00,9.989999771118164,10.020000457763672,9.9399995803833,9.960000038146973,1710752
2026-07-14 17:30:00,10.029999732971191,10.0600004196167,9.970000267028809,9.989999771118164,3682607
2026-07-14 17:45:00,10.010000228881836,10.039999961853027,10.0,10.029999732971191,2667336
2026-07-16 09:45:00,9.949999809265137,9.949999809265137,9.949999809265137,9.949999809265137,0
2026-07-16 10:00:00,9.90999984741211,9.960000038146973,9.8100004196167,9.949999809265137,4286988
2026-07-16 10:15:00,9.90999984741211,9.960000038146973,9.899999618530273,9.90999984741211,1807520
2026-07-16 10:30:00,9.829999923706055,9.930000305175781,9.829999923706055,9.90999984741211,2637842
2026-07-16 10:45:00,9.850000381469727,9.869999885559082,9.8100004196167,9.829999923706055,3457686
2026-07-16 11:00:00,9.869999885559082,9.899999618530273,9.850000381469727,9.850000381469727,1485313
2026-07-16 11:15:00,9.899999618530273,9.930000305175781,9.859999656677246,9.869999885559082,1211552
2026-07-16 11:30:00,9.90999984741211,9.949999809265137,9.899999618530273,9.899999618530273,1400831
2026-07-16 11:45:00,9.90999984741211,9.930000305175781,9.899999618530273,9.920000076293945,543785
2026-07-16 12:00:00,9.90999984741211,9.920000076293945,9.899999618530273,9.899999618530273,904587
2026-07-16 12:15:00,9.819999694824219,9.90999984741211,9.800000190734863,9.899999618530273,3528636
2026-07-16 12:30:00,9.829999923706055,9.84000015258789,9.8100004196167,9.819999694824219,2224794
2026-07-16 12:45:00,9.789999961853027,9.859999656677246,9.779999732971191,9.84000015258789,2464741
2026-07-16 13:00:00,9.779999732971191,9.800000190734863,9.739999771118164,9.800000190734863,2303400
2026-07-16 13:15:00,9.770000457763672,9.789999961853027,9.770000457763672,9.779999732971191,1066078
2026-07-16 13:30:00,9.789999961853027,9.800000190734863,9.770000457763672,9.779999732971191,553622
2026-07-16 13:45:00,9.819999694824219,9.84000015258789,9.789999961853027,9.800000190734863,2250063
2026-07-16 14:00:00,9.800000190734863,9.859999656677246,9.800000190734863,9.829999923706055,2001176
2026-07-16 14:15:00,9.760000228881836,9.8100004196167,9.75,9.8100004196167,2427568
2026-07-16 14:30:00,9.789999961853027,9.789999961853027,9.760000228881836,9.760000228881836,1485991
2026-07-16 14:45:00,9.789999961853027,9.800000190734863,9.770000457763672,9.789999961853027,738746
2026-07-16 15:00:00,9.779999732971191,9.800000190734863,9.75,9.789999961853027,1036354
2026-07-16 15:15:00,9.770000457763672,9.779999732971191,9.760000228881836,9.779999732971191,249984
2026-07-16 15:30:00,9.739999771118164,9.779999732971191,9.729999542236328,9.779999732971191,2073383
2026-07-16 15:45:00,9.760000228881836,9.779999732971191,9.729999542236328,9.739999771118164,1112778
2026-07-16 16:00:00,9.779999732971191,9.800000190734863,9.739999771118164,9.770000457763672,2259748
2026-07-16 16:15:00,9.770000457763672,9.789999961853027,9.770000457763672,9.779999732971191,318611
2026-07-16 16:30:00,9.760000228881836,9.779999732971191,9.739999771118164,9.770000457763672,780205
2026-07-16 16:45:00,9.720000267028809,9.760000228881836,9.710000038146973,9.75,1112213
2026-07-16 17:00:00,9.720000267028809,9.739999771118164,9.720000267028809,9.720000267028809,628637
2026-07-16 17:15:00,9.75,9.760000228881836,9.710000038146973,9.720000267028809,845394
2026-07-16 17:30:00,9.760000228881836,9.760000228881836,9.729999542236328,9.75,917998
2026-07-16 17:45:00,9.680000305175781,9.760000228881836,9.680000305175781,9.760000228881836,4441834
2026-07-17 09:45:00,9.760000228881836,9.760000228881836,9.760000228881836,9.760000228881836,0
2026-07-17 10:00:00,9.6899995803833,9.75,9.609999656677246,9.75,2445989
2026-07-17 10:15:00,9.649999618530273,9.720000267028809,9.619999885559082,9.680000305175781,1929374
2026-07-17 10:30:00,9.630000114440918,9.649999618530273,9.600000381469727,9.649999618530273,891649
2026-07-17 10:45:00,9.649999618530273,9.710000038146973,9.619999885559082,9.630000114440918,1033137
2026-07-17 11:00:00,9.699999809265137,9.720000267028809,9.640000343322754,9.649999618530273,1181784
2026-07-17 11:15:00,9.6899995803833,9.710000038146973,9.670000076293945,9.710000038146973,1449576
2026-07-17 11:30:00,9.600000381469727,9.710000038146973,9.600000381469727,9.699999809265137,1348780
2026-07-17 11:45:00,9.630000114440918,9.640000343322754,9.600000381469727,9.609999656677246,1610181
2026-07-17 12:00:00,9.609999656677246,9.640000343322754,9.59000015258789,9.619999885559082,1651362
2026-07-17 12:15:00,9.600000381469727,9.600000381469727,9.539999961853027,9.600000381469727,4306996
2026-07-17 12:30:00,9.619999885559082,9.630000114440918,9.550000190734863,9.600000381469727,3824003
2026-07-17 12:45:00,9.630000114440918,9.65999984741211,9.609999656677246,9.619999885559082,2033045
2026-07-17 13:00:00,9.710000038146973,9.760000228881836,9.619999885559082,9.619999885559082,1754702
2026-07-17 13:15:00,9.670000076293945,9.720000267028809,9.670000076293945,9.710000038146973,647159
2026-07-17 13:30:00,9.699999809265137,9.699999809265137,9.670000076293945,9.680000305175781,862633
2026-07-17 13:45:00,9.670000076293945,9.720000267028809,9.670000076293945,9.699999809265137,902625
2026-07-17 14:00:00,9.649999618530273,9.680000305175781,9.649999618530273,9.680000305175781,447772
2026-07-17 14:15:00,9.630000114440918,9.65999984741211,9.619999885559082,9.649999618530273,361231
2026-07-17 14:30:00,9.619999885559082,9.630000114440918,9.600000381469727,9.630000114440918,659354
2026-07-17 14:45:00,9.609999656677246,9.630000114440918,9.600000381469727,9.619999885559082,830418
2026-07-17 15:00:00,9.609999656677246,9.630000114440918,9.550000190734863,9.609999656677246,6754656
2026-07-17 15:15:00,9.550000190734863,9.630000114440918,9.550000190734863,9.609999656677246,7059576
2026-07-17 15:30:00,9.529999732971191,9.5600004196167,9.510000228881836,9.5600004196167,1495319
2026-07-17 15:45:00,9.5,9.539999961853027,9.5,9.539999961853027,724105
2026-07-17 16:00:00,9.5,9.510000228881836,9.479999542236328,9.510000228881836,707446
2026-07-17 16:15:00,9.510000228881836,9.510000228881836,9.489999771118164,9.5,443671
2026-07-17 16:30:00,9.510000228881836,9.529999732971191,9.5,9.510000228881836,548960
2026-07-17 16:45:00,9.520000457763672,9.520000457763672,9.5,9.510000228881836,571897
2026-07-17 17:00:00,9.489999771118164,9.510000228881836,9.470000267028809,9.510000228881836,1939229
2026-07-17 17:15:00,9.510000228881836,9.510000228881836,9.479999542236328,9.489999771118164,363268
2026-07-17 17:30:00,9.470000267028809,9.5600004196167,9.470000267028809,9.510000228881836,3199330
2026-07-17 17:45:00,9.470000267028809,9.489999771118164,9.430000305175781,9.489999771118164,4034332
2026-07-20 09:45:00,9.449999809265137,9.449999809265137,9.449999809265137,9.449999809265137,0
2026-07-20 10:00:00,9.520000457763672,9.520000457763672,9.390000343322754,9.449999809265137,2820268
2026-07-20 10:15:00,9.520000457763672,9.529999732971191,9.489999771118164,9.520000457763672,801815
2026-07-20 10:30:00,9.520000457763672,9.59000015258789,9.520000457763672,9.520000457763672,1074048
2026-07-20 10:45:00,9.510000228881836,9.539999961853027,9.5,9.520000457763672,547210
2026-07-20 11:00:00,9.489999771118164,9.510000228881836,9.460000038146973,9.510000228881836,1042633
2026-07-20 11:15:00,9.520000457763672,9.520000457763672,9.479999542236328,9.489999771118164,372283
2026-07-20 11:30:00,9.550000190734863,9.569999694824219,9.520000457763672,9.520000457763672,854050
2026-07-20 11:45:00,9.5600004196167,9.59000015258789,9.529999732971191,9.550000190734863,793010
2026-07-20 12:00:00,9.5600004196167,9.569999694824219,9.529999732971191,9.5600004196167,414467
2026-07-20 12:15:00,9.539999961853027,9.5600004196167,9.539999961853027,9.5600004196167,319506
2026-07-20 12:30:00,9.579999923706055,9.59000015258789,9.539999961853027,9.539999961853027,727053
2026-07-20 12:45:00,9.5600004196167,9.600000381469727,9.5600004196167,9.579999923706055,1310484
2026-07-20 13:00:00,9.5600004196167,9.569999694824219,9.539999961853027,9.5600004196167,904057
2026-07-20 13:15:00,9.520000457763672,9.5600004196167,9.5,9.550000190734863,845863
2026-07-20 13:30:00,9.489999771118164,9.520000457763672,9.479999542236328,9.510000228881836,753180
2026-07-20 13:45:00,9.489999771118164,9.5,9.470000267028809,9.489999771118164,856498
2026-07-20 14:00:00,9.489999771118164,9.510000228881836,9.489999771118164,9.489999771118164,258115
2026-07-20 14:15:00,9.5,9.520000457763672,9.479999542236328,9.489999771118164,717678
2026-07-20 14:30:00,9.520000457763672,9.529999732971191,9.5,9.5,297496
2026-07-20 14:45:00,9.510000228881836,9.529999732971191,9.5,9.529999732971191,609300
2026-07-20 15:00:00,9.539999961853027,9.539999961853027,9.5,9.510000228881836,428110
2026-07-20 15:15:00,9.520000457763672,9.539999961853027,9.520000457763672,9.529999732971191,218331
2026-07-20 15:30:00,9.529999732971191,9.539999961853027,9.520000457763672,9.529999732971191,368437
2026-07-20 15:45:00,9.529999732971191,9.539999961853027,9.520000457763672,9.529999732971191,271715
2026-07-20 16:00:00,9.520000457763672,9.529999732971191,9.489999771118164,9.520000457763672,883421
2026-07-20 16:15:00,9.5,9.520000457763672,9.489999771118164,9.520000457763672,464442
2026-07-20 16:30:00,9.449999809265137,9.510000228881836,9.449999809265137,9.5,714476
2026-07-20 16:45:00,9.470000267028809,9.470000267028809,9.4399995803833,9.449999809265137,579293
2026-07-20 17:00:00,9.5,9.520000457763672,9.4399995803833,9.470000267028809,1762820
2026-07-20 17:15:00,9.470000267028809,9.5,9.460000038146973,9.5,385867
2026-07-20 17:30:00,9.470000267028809,9.489999771118164,9.449999809265137,9.470000267028809,717373
2026-07-20 17:45:00,9.460000038146973,9.479999542236328,9.449999809265137,9.460000038146973,1603217
2026-07-21 09:45:00,9.5,9.5,9.5,9.5,0
2026-07-21 10:00:00,9.510000228881836,9.539999961853027,9.449999809265137,9.5,1738686
2026-07-21 10:15:00,9.520000457763672,9.539999961853027,9.489999771118164,9.510000228881836,918273
2026-07-21 10:30:00,9.510000228881836,9.529999732971191,9.489999771118164,9.520000457763672,981664
2026-07-21 10:45:00,9.5600004196167,9.569999694824219,9.489999771118164,9.5,1147351
2026-07-21 11:00:00,9.539999961853027,9.579999923706055,9.520000457763672,9.5600004196167,975314
2026-07-21 11:15:00,9.5,9.539999961853027,9.5,9.529999732971191,298885
2026-07-21 11:30:00,9.510000228881836,9.529999732971191,9.5,9.510000228881836,385977
2026-07-21 11:45:00,9.479999542236328,9.520000457763672,9.479999542236328,9.510000228881836,558403
2026-07-21 12:00:00,9.510000228881836,9.510000228881836,9.479999542236328,9.479999542236328,245142
2026-07-21 12:15:00,9.479999542236328,9.520000457763672,9.470000267028809,9.510000228881836,891730
2026-07-21 12:30:00,9.470000267028809,9.479999542236328,9.460000038146973,9.479999542236328,342918
2026-07-21 12:45:00,9.479999542236328,9.489999771118164,9.470000267028809,9.479999542236328,311930
2026-07-21 13:00:00,9.470000267028809,9.489999771118164,9.4399995803833,9.479999542236328,750008
2026-07-21 13:15:00,9.460000038146973,9.479999542236328,9.449999809265137,9.470000267028809,563553
2026-07-21 13:30:00,9.460000038146973,9.470000267028809,9.460000038146973,9.460000038146973,153543
2026-07-21 13:45:00,9.470000267028809,9.489999771118164,9.460000038146973,9.460000038146973,441774
2026-07-21 14:00:00,9.369999885559082,9.470000267028809,9.369999885559082,9.460000038146973,2178163
2026-07-21 14:15:00,9.390000343322754,9.399999618530273,9.359999656677246,9.390000343322754,603826
2026-07-21 14:30:00,9.40999984741211,9.40999984741211,9.390000343322754,9.390000343322754,456834
2026-07-21 14:45:00,9.40999984741211,9.420000076293945,9.399999618530273,9.40999984741211,422718
2026-07-21 15:00:00,9.399999618530273,9.40999984741211,9.380000114440918,9.40999984741211,353427
2026-07-21 15:15:00,9.420000076293945,9.420000076293945,9.380000114440918,9.399999618530273,767751
2026-07-21 15:30:00,9.40999984741211,9.430000305175781,9.399999618530273,9.420000076293945,445332
2026-07-21 15:45:00,9.430000305175781,9.460000038146973,9.380000114440918,9.399999618530273,850052
2026-07-21 16:00:00,9.4399995803833,9.449999809265137,9.430000305175781,9.430000305175781,744970
2026-07-21 16:15:00,9.449999809265137,9.479999542236328,9.4399995803833,9.4399995803833,835520
2026-07-21 16:30:00,9.399999618530273,9.449999809265137,9.399999618530273,9.449999809265137,776343
2026-07-21 16:45:00,9.430000305175781,9.430000305175781,9.390000343322754,9.399999618530273,233402
2026-07-21 17:00:00,9.420000076293945,9.430000305175781,9.40999984741211,9.430000305175781,189582
2026-07-21 17:15:00,9.460000038146973,9.479999542236328,9.40999984741211,9.430000305175781,1613437
2026-07-21 17:30:00,9.460000038146973,9.479999542236328,9.4399995803833,9.449999809265137,509223
2026-07-21 17:45:00,9.449999809265137,9.470000267028809,9.430000305175781,9.460000038146973,1322655
2026-07-22 09:45:00,9.489999771118164,9.489999771118164,9.489999771118164,9.489999771118164,0
2026-07-22 10:00:00,9.460000038146973,9.550000190734863,9.430000305175781,9.5,1430880
2026-07-22 10:15:00,9.430000305175781,9.449999809265137,9.390000343322754,9.449999809265137,1795624
2026-07-22 10:30:00,9.40999984741211,9.430000305175781,9.399999618530273,9.430000305175781,731893
2026-07-22 10:45:00,9.399999618530273,9.420000076293945,9.390000343322754,9.399999618530273,386793
2026-07-22 11:00:00,9.4399995803833,9.4399995803833,9.390000343322754,9.399999618530273,583358
2026-07-22 11:15:00,9.4399995803833,9.449999809265137,9.420000076293945,9.430000305175781,464390
2026-07-22 11:30:00,9.470000267028809,9.479999542236328,9.4399995803833,9.449999809265137,480646
2026-07-22 11:45:00,9.470000267028809,9.470000267028809,9.4399995803833,9.470000267028809,302408
2026-07-22 12:00:00,9.460000038146973,9.470000267028809,9.4399995803833,9.470000267028809,249812
2026-07-22 12:15:00,9.449999809265137,9.460000038146973,9.430000305175781,9.460000038146973,352247
2026-07-22 12:30:00,9.4399995803833,9.449999809265137,9.420000076293945,9.4399995803833,416481
2026-07-22 12:45:00,9.430000305175781,9.4399995803833,9.420000076293945,9.430000305175781,211257
2026-07-22 13:00:00,9.4399995803833,9.520000457763672,9.430000305175781,9.430000305175781,3098415
2026-07-22 13:15:00,9.460000038146973,9.470000267028809,9.430000305175781,9.4399995803833,2068677
2026-07-22 13:30:00,9.420000076293945,9.470000267028809,9.390000343322754,9.460000038146973,2077988
2026-07-22 13:45:00,9.430000305175781,9.430000305175781,9.40999984741211,9.420000076293945,666053
2026-07-22 14:00:00,9.420000076293945,9.430000305175781,9.40999984741211,9.430000305175781,142389
2026-07-22 14:15:00,9.430000305175781,9.430000305175781,9.420000076293945,9.420000076293945,100027
2026-07-22 14:30:00,9.399999618530273,9.430000305175781,9.390000343322754,9.430000305175781,553020
2026-07-22 14:45:00,9.430000305175781,9.449999809265137,9.380000114440918,9.399999618530273,1128404
2026-07-22 15:00:00,9.40999984741211,9.430000305175781,9.399999618530273,9.430000305175781,443980
2026-07-22 15:15:00,9.40999984741211,9.420000076293945,9.380000114440918,9.399999618530273,1239230
2026-07-22 15:30:00,9.369999885559082,9.420000076293945,9.350000381469727,9.40999984741211,2128845
2026-07-22 15:45:00,9.369999885559082,9.390000343322754,9.350000381469727,9.369999885559082,863563
2026-07-22 16:00:00,9.359999656677246,9.369999885559082,9.350000381469727,9.359999656677246,286119
2026-07-22 16:15:00,9.369999885559082,9.369999885559082,9.350000381469727,9.359999656677246,271700
2026-07-22 16:30:00,9.369999885559082,9.380000114440918,9.350000381469727,9.369999885559082,188223
2026-07-22 16:45:00,9.420000076293945,9.420000076293945,9.359999656677246,9.369999885559082,706247
2026-07-22 17:00:00,9.449999809265137,9.460000038146973,9.399999618530273,9.420000076293945,1237841
2026-07-22 17:15:00,9.430000305175781,9.449999809265137,9.420000076293945,9.4399995803833,632932
2026-07-22 17:30:00,9.399999618530273,9.430000305175781,9.380000114440918,9.430000305175781,809913
2026-07-22 17:45:00,9.40999984741211,9.420000076293945,9.380000114440918,9.399999618530273,2226087
2026-07-23 09:45:00,9.449999809265137,9.449999809265137,9.449999809265137,9.449999809265137,0
2026-07-23 10:00:00,9.520000457763672,9.550000190734863,9.449999809265137,9.449999809265137,3717336
2026-07-23 10:15:00,9.550000190734863,9.569999694824219,9.5,9.510000228881836,1903293
2026-07-23 10:30:00,9.539999961853027,9.579999923706055,9.529999732971191,9.550000190734863,1433010
2026-07-23 10:45:00,9.550000190734863,9.550000190734863,9.5,9.539999961853027,924646
2026-07-23 11:00:00,9.5600004196167,9.5600004196167,9.520000457763672,9.550000190734863,1432531
2026-07-23 11:15:00,9.609999656677246,9.630000114440918,9.550000190734863,9.550000190734863,2979980
2026-07-23 11:30:00,9.630000114440918,9.640000343322754,9.600000381469727,9.609999656677246,1296815
2026-07-23 11:45:00,9.630000114440918,9.640000343322754,9.609999656677246,9.619999885559082,728787
2026-07-23 12:00:00,9.619999885559082,9.649999618530273,9.619999885559082,9.630000114440918,2631125
2026-07-23 12:15:00,9.579999923706055,9.630000114440918,9.5600004196167,9.619999885559082,1715100
2026-07-23 12:30:00,9.609999656677246,9.619999885559082,9.569999694824219,9.579999923706055,1139667
2026-07-23 12:45:00,9.619999885559082,9.649999618530273,9.600000381469727,9.619999885559082,3919832
2026-07-23 13:00:00,9.59000015258789,9.619999885559082,9.59000015258789,9.619999885559082,796667
2026-07-23 13:15:00,9.579999923706055,9.59000015258789,9.579999923706055,9.59000015258789,476070
2026-07-23 13:30:00,9.600000381469727,9.600000381469727,9.569999694824219,9.579999923706055,657485
2026-07-23 13:45:00,9.609999656677246,9.619999885559082,9.59000015258789,9.600000381469727,1036374
2026-07-23 14:00:00,9.619999885559082,9.65999984741211,9.600000381469727,9.609999656677246,2631745
2026-07-23 14:15:00,9.609999656677246,9.649999618530273,9.609999656677246,9.619999885559082,2080070
2026-07-23 14:30:00,9.59000015258789,9.619999885559082,9.59000015258789,9.619999885559082,1259257
2026-07-23 14:45:00,9.600000381469727,9.619999885559082,9.59000015258789,9.600000381469727,507778
2026-07-23 15:00:00,9.600000381469727,9.609999656677246,9.59000015258789,9.600000381469727,320703
2026-07-23 15:15:00,9.569999694824219,9.649999618530273,9.5600004196167,9.600000381469727,2446953
2026-07-23 15:30:00,9.579999923706055,9.579999923706055,9.5600004196167,9.569999694824219,641083
2026-07-23 15:45:00,9.539999961853027,9.579999923706055,9.539999961853027,9.579999923706055,611842
2026-07-23 16:00:00,9.539999961853027,9.550000190734863,9.539999961853027,9.539999961853027,165020
2026-07-23 16:15:00,9.550000190734863,9.5600004196167,9.520000457763672,9.539999961853027,733754
2026-07-23 16:30:00,9.5600004196167,9.5600004196167,9.520000457763672,9.550000190734863,412360
2026-07-23 16:45:00,9.539999961853027,9.5600004196167,9.510000228881836,9.5600004196167,759699
2026-07-23 17:00:00,9.529999732971191,9.550000190734863,9.520000457763672,9.539999961853027,351579
2026-07-23 17:15:00,9.539999961853027,9.569999694824219,9.489999771118164,9.520000457763672,1566408
2026-07-23 17:30:00,9.579999923706055,9.59000015258789,9.529999732971191,9.539999961853027,1470811
2026-07-23 17:45:00,9.529999732971191,9.579999923706055,9.520000457763672,9.569999694824219,2329774
2026-07-24 09:45:00,9.539999961853027,9.539999961853027,9.539999961853027,9.539999961853027,0
2026-07-24 10:00:00,9.539999961853027,9.59000015258789,9.510000228881836,9.550000190734863,1281349
2026-07-24 10:15:00,9.539999961853027,9.550000190734863,9.5,9.539999961853027,599575
2026-07-24 10:30:00,9.619999885559082,9.619999885559082,9.539999961853027,9.539999961853027,1763174
2026-07-24 10:45:00,9.640000343322754,9.640000343322754,9.609999656677246,9.609999656677246,1202791
2026-07-24 11:00:00,9.569999694824219,9.630000114440918,9.569999694824219,9.630000114440918,1012613
2026-07-24 11:15:00,9.609999656677246,9.609999656677246,9.5600004196167,9.569999694824219,1053647
2026-07-24 11:30:00,9.609999656677246,9.619999885559082,9.59000015258789,9.600000381469727,693705
2026-07-24 11:45:00,9.600000381469727,9.609999656677246,9.569999694824219,9.609999656677246,459238
2026-07-24 12:00:00,9.59000015258789,9.609999656677246,9.59000015258789,9.600000381469727,340279
2026-07-24 12:15:00,9.579999923706055,9.600000381469727,9.579999923706055,9.59000015258789,591799
2026-07-24 12:30:00,9.569999694824219,9.59000015258789,9.5600004196167,9.569999694824219,344101
2026-07-24 12:45:00,9.520000457763672,9.569999694824219,9.520000457763672,9.569999694824219,751019
2026-07-24 13:00:00,9.5,9.529999732971191,9.479999542236328,9.529999732971191,1277393
2026-07-24 13:15:00,9.510000228881836,9.520000457763672,9.489999771118164,9.5,110503
2026-07-24 13:30:00,9.510000228881836,9.520000457763672,9.479999542236328,9.510000228881836,414563
2026-07-24 13:45:00,9.489999771118164,9.510000228881836,9.479999542236328,9.510000228881836,402012
2026-07-24 14:00:00,9.489999771118164,9.489999771118164,9.479999542236328,9.489999771118164,182250
2026-07-24 14:15:00,9.470000267028809,9.489999771118164,9.449999809265137,9.489999771118164,435333
2026-07-24 14:30:00,9.420000076293945,9.470000267028809,9.390000343322754,9.470000267028809,2613622
2026-07-24 14:45:00,9.449999809265137,9.460000038146973,9.40999984741211,9.430000305175781,1270864
2026-07-24 15:00:00,9.529999732971191,9.539999961853027,9.449999809265137,9.449999809265137,1742290
2026-07-24 15:15:00,9.529999732971191,9.529999732971191,9.510000228881836,9.520000457763672,641090
2026-07-24 15:30:00,9.510000228881836,9.539999961853027,9.5,9.529999732971191,546367
2026-07-24 15:45:00,9.489999771118164,9.520000457763672,9.489999771118164,9.520000457763672,655825
2026-07-24 16:00:00,9.550000190734863,9.5600004196167,9.489999771118164,9.489999771118164,1620812
2026-07-24 16:15:00,9.579999923706055,9.59000015258789,9.520000457763672,9.550000190734863,2299393
2026-07-24 16:30:00,9.539999961853027,9.619999885559082,9.529999732971191,9.569999694824219,3079859
2026-07-24 16:45:00,9.539999961853027,9.550000190734863,9.520000457763672,9.539999961853027,413327
2026-07-24 17:00:00,9.539999961853027,9.5600004196167,9.529999732971191,9.539999961853027,4352532
2026-07-24 17:15:00,9.529999732971191,9.5600004196167,9.529999732971191,9.539999961853027,2667762
2026-07-24 17:30:00,9.539999961853027,9.550000190734863,9.510000228881836,9.529999732971191,1371132
2026-07-24 17:45:00,9.5600004196167,9.569999694824219,9.529999732971191,9.539999961853027,5761816
2026-07-27 09:45:00,9.680000305175781,9.680000305175781,9.680000305175781,9.680000305175781,0
2026-07-27 10:00:00,9.579999923706055,9.6899995803833,9.5600004196167,9.680000305175781,1444010
2026-07-27 10:15:00,9.630000114440918,9.670000076293945,9.5600004196167,9.59000015258789,2169395
2026-07-27 10:30:00,9.699999809265137,9.729999542236328,9.59000015258789,9.630000114440918,2654614
2026-07-27 10:45:00,9.609999656677246,9.699999809265137,9.600000381469727,9.699999809265137,1017186
2026-07-27 11:00:00,9.59000015258789,9.619999885559082,9.569999694824219,9.609999656677246,978325
2026-07-27 11:15:00,9.619999885559082,9.630000114440918,9.600000381469727,9.600000381469727,1024044
2026-07-27 11:30:00,9.680000305175781,9.680000305175781,9.59000015258789,9.619999885559082,1122435
2026-07-27 11:45:00,9.649999618530273,9.6899995803833,9.649999618530273,9.670000076293945,1803843
2026-07-27 12:00:00,9.649999618530273,9.65999984741211,9.640000343322754,9.649999618530273,1233222
2026-07-27 12:15:00,9.649999618530273,9.65999984741211,9.609999656677246,9.649999618530273,1044477
2026-07-27 12:30:00,9.640000343322754,9.670000076293945,9.630000114440918,9.65999984741211,2499661
2026-07-27 12:45:00,9.640000343322754,9.649999618530273,9.630000114440918,9.640000343322754,1131945
2026-07-27 13:00:00,9.619999885559082,9.640000343322754,9.600000381469727,9.640000343322754,1177054
2026-07-27 13:15:00,9.609999656677246,9.619999885559082,9.600000381469727,9.619999885559082,401986
2026-07-27 13:30:00,9.609999656677246,9.619999885559082,9.609999656677246,9.609999656677246,654882
2026-07-27 13:45:00,9.649999618530273,9.649999618530273,9.600000381469727,9.609999656677246,1303311
2026-07-27 14:00:00,9.630000114440918,9.649999618530273,9.630000114440918,9.649999618530273,1183184
2026-07-27 14:15:00,9.630000114440918,9.640000343322754,9.619999885559082,9.630000114440918,915404
2026-07-27 14:30:00,9.640000343322754,9.649999618530273,9.630000114440918,9.630000114440918,349974
2026-07-27 14:45:00,9.640000343322754,9.65999984741211,9.640000343322754,9.640000343322754,490755
2026-07-27 15:00:00,9.619999885559082,9.649999618530273,9.600000381469727,9.630000114440918,1163457
2026-07-27 15:15:00,9.609999656677246,9.630000114440918,9.600000381469727,9.619999885559082,1162768
2026-07-27 15:30:00,9.59000015258789,9.609999656677246,9.569999694824219,9.609999656677246,1600862
2026-07-27 15:45:00,9.569999694824219,9.59000015258789,9.5600004196167,9.579999923706055,692123
2026-07-27 16:00:00,9.539999961853027,9.569999694824219,9.529999732971191,9.569999694824219,849049
2026-07-27 16:15:00,9.520000457763672,9.550000190734863,9.510000228881836,9.539999961853027,420957
2026-07-27 16:30:00,9.470000267028809,9.529999732971191,9.470000267028809,9.529999732971191,1273983
2026-07-27 16:45:00,9.479999542236328,9.539999961853027,9.470000267028809,9.479999542236328,1322394
2026-07-27 17:00:00,9.489999771118164,9.5,9.479999542236328,9.479999542236328,449310
2026-07-27 17:15:00,9.470000267028809,9.479999542236328,9.430000305175781,9.479999542236328,1569909
2026-07-27 17:30:00,9.5,9.529999732971191,9.449999809265137,9.470000267028809,2425117
2026-07-27 17:45:00,9.539999961853027,9.539999961853027,9.479999542236328,9.5,1974765
2026-07-28 09:45:00,9.520000457763672,9.520000457763672,9.520000457763672,9.520000457763672,0
2026-07-28 10:00:00,9.460000038146973,9.529999732971191,9.4399995803833,9.520000457763672,2048801
2026-07-28 10:15:00,9.449999809265137,9.470000267028809,9.4399995803833,9.460000038146973,822077
2026-07-28 10:30:00,9.470000267028809,9.470000267028809,9.449999809265137,9.460000038146973,307842
2026-07-28 10:45:00,9.449999809265137,9.470000267028809,9.449999809265137,9.470000267028809,334430
2026-07-28 11:00:00,9.449999809265137,9.460000038146973,9.4399995803833,9.4399995803833,495629
2026-07-28 11:15:00,9.4399995803833,9.460000038146973,9.430000305175781,9.449999809265137,322455
2026-07-28 11:30:00,9.4399995803833,9.460000038146973,9.4399995803833,9.449999809265137,394525
2026-07-28 11:45:00,9.4399995803833,9.449999809265137,9.430000305175781,9.449999809265137,255873
2026-07-28 12:00:00,9.449999809265137,9.460000038146973,9.430000305175781,9.430000305175781,254184
2026-07-28 12:15:00,9.449999809265137,9.449999809265137,9.4399995803833,9.449999809265137,41786
2026-07-28 12:30:00,9.430000305175781,9.449999809265137,9.430000305175781,9.4399995803833,85675
2026-07-28 12:45:00,9.430000305175781,9.4399995803833,9.420000076293945,9.430000305175781,367247
2026-07-28 13:00:00,9.4399995803833,9.4399995803833,9.40999984741211,9.420000076293945,576936
2026-07-28 13:15:00,9.4399995803833,9.4399995803833,9.420000076293945,9.430000305175781,151407
2026-07-28 13:30:00,9.449999809265137,9.449999809265137,9.430000305175781,9.4399995803833,356099
2026-07-28 13:45:00,9.479999542236328,9.479999542236328,9.460000038146973,9.460000038146973,331820
2026-07-28 14:00:00,9.5,9.510000228881836,9.460000038146973,9.479999542236328,922556
2026-07-28 14:15:00,9.460000038146973,9.5,9.460000038146973,9.5,682472
2026-07-28 14:30:00,9.489999771118164,9.5,9.460000038146973,9.460000038146973,483936
2026-07-28 14:45:00,9.479999542236328,9.5,9.479999542236328,9.5,61094
2026-07-28 15:00:00,9.460000038146973,9.489999771118164,9.460000038146973,9.479999542236328,398207
2026-07-28 15:15:00,9.470000267028809,9.520000457763672,9.460000038146973,9.460000038146973,569379
2026-07-28 15:30:00,9.460000038146973,9.470000267028809,9.460000038146973,9.470000267028809,197091
2026-07-28 15:45:00,9.460000038146973,9.470000267028809,9.449999809265137,9.460000038146973,100338
2026-07-28 16:00:00,9.460000038146973,9.470000267028809,9.449999809265137,9.449999809265137,215778
2026-07-28 16:15:00,9.449999809265137,9.470000267028809,9.449999809265137,9.460000038146973,44500
2026-07-28 16:30:00,9.4399995803833,9.479999542236328,9.430000305175781,9.449999809265137,1483682
2026-07-28 16:45:00,9.380000114440918,9.430000305175781,9.359999656677246,9.430000305175781,2973975
2026-07-28 17:00:00,9.380000114440918,9.420000076293945,9.350000381469727,9.380000114440918,1818725
2026-07-28 17:15:00,9.390000343322754,9.420000076293945,9.359999656677246,9.390000343322754,2172067
2026-07-28 17:30:00,9.399999618530273,9.399999618530273,9.390000343322754,9.399999618530273,157887
2026-07-28 17:45:00,9.399999618530273,9.420000076293945,9.390000343322754,9.390000343322754,7284363
2026-07-29 09:45:00,9.420000076293945,9.420000076293945,9.420000076293945,9.420000076293945,0
2026-07-29 10:00:00,9.319999694824219,9.449999809265137,9.3100004196167,9.420000076293945,1502842
2026-07-29 10:15:00,9.289999961853027,9.34000015258789,9.289999961853027,9.319999694824219,734343
2026-07-29 10:30:00,9.300000190734863,9.329999923706055,9.25,9.300000190734863,1319329
2026-07-29 10:45:00,9.329999923706055,9.350000381469727,9.260000228881836,9.289999961853027,1117398
2026-07-29 11:00:00,9.260000228881836,9.329999923706055,9.260000228881836,9.329999923706055,873161
2026-07-29 11:15:00,9.300000190734863,9.300000190734863,9.239999771118164,9.270000457763672,760398
2026-07-29 11:30:00,9.3100004196167,9.34000015258789,9.289999961853027,9.300000190734863,807575
2026-07-29 11:45:00,9.300000190734863,9.350000381469727,9.279999732971191,9.3100004196167,1460683
2026-07-29 12:00:00,9.300000190734863,9.34000015258789,9.279999732971191,9.300000190734863,1051714
2026-07-29 12:15:00,9.270000457763672,9.3100004196167,9.270000457763672,9.300000190734863,891387
2026-07-29 12:30:00,9.359999656677246,9.359999656677246,9.270000457763672,9.270000457763672,454145
2026-07-29 12:45:00,9.369999885559082,9.380000114440918,9.350000381469727,9.369999885559082,394595
2026-07-29 13:00:00,9.390000343322754,9.399999618530273,9.369999885559082,9.369999885559082,1072855
2026-07-29 13:15:00,9.369999885559082,9.390000343322754,9.350000381469727,9.390000343322754,941902
2026-07-29 13:30:00,9.369999885559082,9.369999885559082,9.359999656677246,9.369999885559082,182261
2026-07-29 13:45:00,9.380000114440918,9.380000114440918,9.34000015258789,9.359999656677246,502359
2026-07-29 14:00:00,9.34000015258789,9.369999885559082,9.329999923706055,9.369999885559082,576460
2026-07-29 14:15:00,9.329999923706055,9.34000015258789,9.319999694824219,9.329999923706055,379082
2026-07-29 14:30:00,9.319999694824219,9.34000015258789,9.3100004196167,9.34000015258789,579357
2026-07-29 14:45:00,9.34000015258789,9.34000015258789,9.3100004196167,9.319999694824219,324842
2026-07-29 15:00:00,9.329999923706055,9.34000015258789,9.329999923706055,9.34000015258789,57007
2026-07-29 15:15:00,9.329999923706055,9.34000015258789,9.3100004196167,9.34000015258789,585006
2026-07-29 15:30:00,9.329999923706055,9.34000015258789,9.3100004196167,9.329999923706055,654016
2026-07-29 15:45:00,9.329999923706055,9.350000381469727,9.329999923706055,9.329999923706055,1054310
2026-07-29 16:00:00,9.3100004196167,9.329999923706055,9.3100004196167,9.329999923706055,335189
2026-07-29 16:15:00,9.329999923706055,9.329999923706055,9.300000190734863,9.319999694824219,242917
2026-07-29 16:30:00,9.300000190734863,9.329999923706055,9.300000190734863,9.329999923706055,345040
2026-07-29 16:45:00,9.279999732971191,9.3100004196167,9.279999732971191,9.300000190734863,399447
2026-07-29 17:00:00,9.239999771118164,9.289999961853027,9.239999771118164,9.279999732971191,823370
2026-07-29 17:15:00,9.279999732971191,9.279999732971191,9.239999771118164,9.239999771118164,1011609
2026-07-29 17:30:00,9.270000457763672,9.289999961853027,9.260000228881836,9.279999732971191,1077024
2026-07-29 17:45:00,9.239999771118164,9.270000457763672,9.229999542236328,9.270000457763672,2690836
2026-07-30 09:45:00,9.239999771118164,9.239999771118164,9.239999771118164,9.239999771118164,0
2026-07-30 10:00:00,9.229999542236328,9.270000457763672,9.210000038146973,9.239999771118164,1029657
2026-07-30 10:15:00,9.210000038146973,9.239999771118164,9.199999809265137,9.229999542236328,942526
2026-07-30 10:30:00,9.229999542236328,9.239999771118164,9.170000076293945,9.210000038146973,1474761
2026-07-30 10:45:00,9.210000038146973,9.25,9.199999809265137,9.229999542236328,904884
2026-07-30 11:00:00,9.239999771118164,9.25,9.199999809265137,9.210000038146973,184120
2026-07-30 11:15:00,9.220000267028809,9.25,9.210000038146973,9.239999771118164,552887
2026-07-30 11:30:00,9.220000267028809,9.229999542236328,9.199999809265137,9.220000267028809,177727
2026-07-30 11:45:00,9.210000038146973,9.229999542236328,9.199999809265137,9.210000038146973,331239
2026-07-30 12:00:00,9.220000267028809,9.229999542236328,9.210000038146973,9.220000267028809,70269
2026-07-30 12:15:00,9.239999771118164,9.25,9.210000038146973,9.210000038146973,415753
2026-07-30 12:30:00,9.260000228881836,9.260000228881836,9.229999542236328,9.239999771118164,198923
2026-07-30 12:45:00,9.270000457763672,9.279999732971191,9.25,9.260000228881836,701154
2026-07-30 13:00:00,9.260000228881836,9.289999961853027,9.25,9.270000457763672,454880
2026-07-30 13:15:00,9.260000228881836,9.270000457763672,9.25,9.260000228881836,60088
2026-07-30 13:30:00,9.289999961853027,9.289999961853027,9.260000228881836,9.260000228881836,170780
2026-07-30 13:45:00,9.270000457763672,9.279999732971191,9.270000457763672,9.279999732971191,424249
2026-07-30 14:00:00,9.239999771118164,9.270000457763672,9.239999771118164,9.270000457763672,444118
2026-07-30 14:15:00,9.229999542236328,9.25,9.229999542236328,9.239999771118164,365365
2026-07-30 14:30:00,9.239999771118164,9.239999771118164,9.210000038146973,9.220000267028809,1205286
2026-07-30 14:45:00,9.210000038146973,9.239999771118164,9.210000038146973,9.239999771118164,309442
2026-07-30 15:00:00,9.1899995803833,9.220000267028809,9.180000305175781,9.210000038146973,466121
2026-07-30 15:15:00,9.1899995803833,9.199999809265137,9.180000305175781,9.1899995803833,369568
2026-07-30 15:30:00,9.180000305175781,9.199999809265137,9.180000305175781,9.1899995803833,364791
2026-07-30 15:45:00,9.130000114440918,9.180000305175781,9.130000114440918,9.180000305175781,676136
2026-07-30 16:00:00,9.109999656677246,9.149999618530273,9.100000381469727,9.130000114440918,1316716
2026-07-30 16:15:00,9.100000381469727,9.119999885559082,9.09000015258789,9.109999656677246,1006928
2026-07-30 16:30:00,9.09000015258789,9.109999656677246,9.09000015258789,9.100000381469727,378418
2026-07-30 16:45:00,9.09000015258789,9.130000114440918,9.09000015258789,9.100000381469727,861598
2026-07-30 17:00:00,9.09000015258789,9.109999656677246,9.069999694824219,9.09000015258789,634891
2026-07-30 17:15:00,9.079999923706055,9.100000381469727,9.050000190734863,9.09000015258789,651876
2026-07-30 17:30:00,9.100000381469727,9.119999885559082,9.069999694824219,9.069999694824219,1053115
2026-07-30 17:45:00,9.109999656677246,9.130000114440918,9.100000381469727,9.100000381469727,2234186
2026-07-31 09:45:00,9.140000343322754,9.140000343322754,9.140000343322754,9.140000343322754,0
2026-07-31 10:00:00,9.210000038146973,9.220000267028809,9.140000343322754,9.15999984741211,961596
2026-07-31 10:15:00,9.149999618530273,9.210000038146973,9.130000114440918,9.210000038146973,728462
2026-07-31 10:30:00,9.149999618530273,9.170000076293945,9.140000343322754,9.140000343322754,194946
2026-07-31 10:45:00,9.15999984741211,9.180000305175781,9.149999618530273,9.149999618530273,194462
2026-07-31 11:00:00,9.140000343322754,9.1899995803833,9.140000343322754,9.170000076293945,295850
2026-07-31 11:15:00,9.170000076293945,9.180000305175781,9.130000114440918,9.130000114440918,304817
2026-07-31 11:30:00,9.140000343322754,9.170000076293945,9.140000343322754,9.170000076293945,285612
2026-07-31 11:45:00,9.140000343322754,9.15999984741211,9.119999885559082,9.149999618530273,390459
2026-07-31 12:00:00,9.180000305175781,9.199999809265137,9.140000343322754,9.140000343322754,455655
2026-07-31 12:15:00,9.1899995803833,9.199999809265137,9.15999984741211,9.180000305175781,440583
2026-07-31 12:30:00,9.1899995803833,9.1899995803833,9.170000076293945,9.180000305175781,175238
2026-07-31 12:45:00,9.180000305175781,9.1899995803833,9.170000076293945,9.1899995803833,102648
2026-07-31 13:00:00,9.1899995803833,9.1899995803833,9.15999984741211,9.180000305175781,159789
2026-07-31 13:15:00,9.1899995803833,9.199999809265137,9.180000305175781,9.1899995803833,104942
2026-07-31 13:30:00,9.199999809265137,9.199999809265137,9.180000305175781,9.1899995803833,233301
2026-07-31 13:45:00,9.199999809265137,9.199999809265137,9.180000305175781,9.199999809265137,77881
2026-07-31 14:00:00,9.1899995803833,9.199999809265137,9.180000305175781,9.1899995803833,120376
2026-07-31 14:15:00,9.210000038146973,9.220000267028809,9.180000305175781,9.1899995803833,357556
2026-07-31 14:30:00,9.1899995803833,9.210000038146973,9.180000305175781,9.210000038146973,210278
2026-07-31 14:45:00,9.199999809265137,9.199999809265137,9.180000305175781,9.1899995803833,63419
2026-07-31 15:00:00,9.15999984741211,9.199999809265137,9.15999984741211,9.1899995803833,170672
2026-07-31 15:15:00,9.140000343322754,9.170000076293945,9.130000114440918,9.170000076293945,351054
2026-07-31 15:30:00,9.130000114440918,9.149999618530273,9.130000114440918,9.140000343322754,150785
2026-07-31 15:45:00,9.130000114440918,9.149999618530273,9.119999885559082,9.130000114440918,461777
2026-07-31 16:00:00,9.180000305175781,9.1899995803833,9.130000114440918,9.130000114440918,338222
2026-07-31 16:15:00,9.180000305175781,9.1899995803833,9.15999984741211,9.1899995803833,239373
2026-07-31 16:30:00,9.170000076293945,9.180000305175781,9.15999984741211,9.180000305175781,222887
2026-07-31 16:45:00,9.180000305175781,9.1899995803833,9.15999984741211,9.180000305175781,246983
2026-07-31 17:00:00,9.180000305175781,9.199999809265137,9.170000076293945,9.180000305175781,450337
2026-07-31 17:15:00,9.180000305175781,9.199999809265137,9.180000305175781,9.199999809265137,163488
2026-07-31 17:45:00,9.180000305175781,9.180000305175781,9.170000076293945,9.180000305175781,33577
2026-08-03 09:45:00,9.300000190734863,9.300000190734863,9.300000190734863,9.300000190734863,0
2026-08-03 10:00:00,9.239999771118164,9.34000015258789,9.239999771118164,9.300000190734863,1390370
2026-08-03 10:15:00,9.199999809265137,9.270000457763672,9.199999809265137,9.25,1324030
2026-08-03 10:30:00,9.199999809265137,9.239999771118164,9.1899995803833,9.199999809265137,455250
2026-08-03 10:45:00,9.1899995803833,9.199999809265137,9.15999984741211,9.199999809265137,598715
2026-08-03 11:00:00,9.199999809265137,9.210000038146973,9.1899995803833,9.1899995803833,303845
2026-08-03 11:15:00,9.180000305175781,9.210000038146973,9.170000076293945,9.199999809265137,146870
2026-08-03 11:30:00,9.170000076293945,9.199999809265137,9.15999984741211,9.180000305175781,254217
2026-08-03 11:45:00,9.15999984741211,9.180000305175781,9.140000343322754,9.170000076293945,552468
2026-08-03 12:00:00,9.119999885559082,9.170000076293945,9.119999885559082,9.15999984741211,483404
2026-08-03 12:15:00,9.109999656677246,9.130000114440918,9.100000381469727,9.119999885559082,655379
2026-08-03 12:30:00,9.109999656677246,9.119999885559082,9.09000015258789,9.119999885559082,556214
2026-08-03 12:45:00,9.119999885559082,9.119999885559082,9.100000381469727,9.100000381469727,121663
2026-08-03 13:00:00,9.109999656677246,9.119999885559082,9.100000381469727,9.119999885559082,156228
2026-08-03 13:15:00,9.09000015258789,9.109999656677246,9.079999923706055,9.109999656677246,413902
2026-08-03 13:30:00,9.100000381469727,9.100000381469727,9.09000015258789,9.09000015258789,139310
2026-08-03 13:45:00,9.100000381469727,9.100000381469727,9.09000015258789,9.09000015258789,129774
2026-08-03 14:00:00,9.0,9.100000381469727,8.989999771118164,9.100000381469727,2835967
2026-08-03 14:15:00,8.970000267028809,9.020000457763672,8.960000038146973,9.0,1259932
2026-08-03 14:30:00,8.920000076293945,8.970000267028809,8.90999984741211,8.970000267028809,1273041
2026-08-03 14:45:00,8.890000343322754,8.920000076293945,8.869999885559082,8.920000076293945,1522440
2026-08-03 15:00:00,8.960000038146973,8.970000267028809,8.869999885559082,8.880000114440918,2193863
2026-08-03 15:15:00,8.960000038146973,8.970000267028809,8.949999809265137,8.970000267028809,256672
2026-08-03 15:30:00,8.949999809265137,8.970000267028809,8.9399995803833,8.949999809265137,408461
2026-08-03 15:45:00,8.9399995803833,8.949999809265137,8.930000305175781,8.949999809265137,290592
2026-08-03 16:00:00,8.9399995803833,8.9399995803833,8.930000305175781,8.9399995803833,258924
2026-08-03 16:15:00,8.890000343322754,8.9399995803833,8.869999885559082,8.9399995803833,1492041
2026-08-03 16:30:00,8.90999984741211,8.920000076293945,8.890000343322754,8.890000343322754,488952
2026-08-03 16:45:00,8.90999984741211,8.920000076293945,8.899999618530273,8.90999984741211,170464
2026-08-03 17:00:00,8.90999984741211,8.920000076293945,8.899999618530273,8.90999984741211,389826
2026-08-03 17:15:00,8.920000076293945,8.930000305175781,8.899999618530273,8.90999984741211,426591
2026-08-03 17:30:00,8.890000343322754,8.920000076293945,8.890000343322754,8.90999984741211,497034
2026-08-03 17:45:00,8.869999885559082,8.890000343322754,8.859999656677246,8.880000114440918,1299628
2026-08-04 09:45:00,8.829999923706055,8.829999923706055,8.829999923706055,8.829999923706055,0
2026-08-04 10:00:00,8.84000015258789,8.880000114440918,8.789999961853027,8.829999923706055,1454350
2026-08-04 10:15:00,8.819999694824219,8.859999656677246,8.819999694824219,8.84000015258789,1058415
2026-08-04 10:30:00,8.869999885559082,8.869999885559082,8.789999961853027,8.819999694824219,1397883
2026-08-04 10:45:00,8.84000015258789,8.869999885559082,8.829999923706055,8.869999885559082,546442
2026-08-04 11:00:00,8.84000015258789,8.859999656677246,8.829999923706055,8.84000015258789,352952
2026-08-04 11:15:00,8.819999694824219,8.850000381469727,8.8100004196167,8.84000015258789,458095
2026-08-04 11:30:00,8.829999923706055,8.850000381469727,8.8100004196167,8.819999694824219,660488
2026-08-04 11:45:00,8.819999694824219,8.84000015258789,8.8100004196167,8.829999923706055,386073
2026-08-04 12:00:00,8.8100004196167,8.819999694824219,8.800000190734863,8.819999694824219,572228
2026-08-04 12:15:00,8.8100004196167,8.819999694824219,8.800000190734863,8.8100004196167,318038
2026-08-04 12:30:00,8.8100004196167,8.819999694824219,8.800000190734863,8.8100004196167,195010
2026-08-04 12:45:00,8.8100004196167,8.829999923706055,8.800000190734863,8.800000190734863,323330
2026-08-04 13:00:00,8.819999694824219,8.819999694824219,8.8100004196167,8.8100004196167,63688
2026-08-04 13:15:00,8.84000015258789,8.850000381469727,8.8100004196167,8.819999694824219,373925
2026-08-04 13:30:00,8.84000015258789,8.850000381469727,8.829999923706055,8.84000015258789,289237
2026-08-04 13:45:00,8.819999694824219,8.84000015258789,8.8100004196167,8.84000015258789,249383
2026-08-04 14:00:00,8.819999694824219,8.819999694824219,8.8100004196167,8.819999694824219,81897
2026-08-04 14:15:00,8.84000015258789,8.84000015258789,8.8100004196167,8.819999694824219,567099
2026-08-04 14:30:00,8.84000015258789,8.84000015258789,8.819999694824219,8.84000015258789,175067
2026-08-04 14:45:00,8.859999656677246,8.869999885559082,8.84000015258789,8.850000381469727,627026
2026-08-04 15:00:00,8.829999923706055,8.859999656677246,8.829999923706055,8.859999656677246,461788
2026-08-04 15:15:00,8.84000015258789,8.84000015258789,8.819999694824219,8.829999923706055,214991
2026-08-04 15:30:00,8.84000015258789,8.84000015258789,8.829999923706055,8.84000015258789,317327
2026-08-04 15:45:00,8.819999694824219,8.84000015258789,8.8100004196167,8.84000015258789,333644
2026-08-04 16:00:00,8.789999961853027,8.819999694824219,8.770000457763672,8.8100004196167,1507960
2026-08-04 16:15:00,8.789999961853027,8.789999961853027,8.770000457763672,8.789999961853027,603847
2026-08-04 16:30:00,8.8100004196167,8.819999694824219,8.779999732971191,8.789999961853027,1782705
2026-08-04 16:45:00,8.829999923706055,8.84000015258789,8.779999732971191,8.800000190734863,6346593
2026-08-04 17:00:00,8.829999923706055,8.829999923706055,8.789999961853027,8.829999923706055,5810520
2026-08-04 17:15:00,8.819999694824219,8.829999923706055,8.779999732971191,8.829999923706055,3610162
2026-08-04 17:30:00,8.770000457763672,8.850000381469727,8.760000228881836,8.8100004196167,5545691
2026-08-04 17:45:00,8.75,8.760000228881836,8.640000343322754,8.760000228881836,5575552
2026-08-05 09:45:00,8.75,8.75,8.75,8.75,0
2026-08-05 10:00:00,8.829999923706055,8.859999656677246,8.75,8.760000228881836,2369139
2026-08-05 10:15:00,8.819999694824219,8.869999885559082,8.8100004196167,8.829999923706055,1275296
2026-08-05 10:30:00,8.779999732971191,8.819999694824219,8.760000228881836,8.819999694824219,1018404
2026-08-05 10:45:00,8.770000457763672,8.779999732971191,8.770000457763672,8.770000457763672,181353
2026-08-05 11:00:00,8.760000228881836,8.779999732971191,8.760000228881836,8.779999732971191,748425
2026-08-05 11:15:00,8.75,8.760000228881836,8.739999771118164,8.760000228881836,508811
2026-08-05 11:30:00,8.75,8.770000457763672,8.739999771118164,8.760000228881836,675158
2026-08-05 11:45:00,8.75,8.760000228881836,8.739999771118164,8.75,209814
2026-08-05 12:00:00,8.75,8.770000457763672,8.739999771118164,8.760000228881836,314739
2026-08-05 12:15:00,8.720000267028809,8.75,8.710000038146973,8.739999771118164,630975
2026-08-05 12:30:00,8.680000305175781,8.720000267028809,8.680000305175781,8.720000267028809,682214
2026-08-05 12:45:00,8.65999984741211,8.6899995803833,8.65999984741211,8.680000305175781,810892
2026-08-05 13:00:00,8.569999694824219,8.65999984741211,8.529999732971191,8.65999984741211,2087054
2026-08-05 13:15:00,8.569999694824219,8.579999923706055,8.550000190734863,8.5600004196167,452372
2026-08-05 13:30:00,8.569999694824219,8.579999923706055,8.5600004196167,8.579999923706055,581989
2026-08-05 13:45:00,8.520000457763672,8.569999694824219,8.5,8.569999694824219,1474024
2026-08-05 14:00:00,8.479999542236328,8.529999732971191,8.470000267028809,8.529999732971191,1808116
2026-08-05 14:15:00,8.5,8.5,8.479999542236328,8.489999771118164,621727
2026-08-05 14:30:00,8.5,8.5,8.479999542236328,8.5,392448
2026-08-05 14:45:00,8.5,8.510000228881836,8.479999542236328,8.5,555422
2026-08-05 15:00:00,8.5,8.5,8.479999542236328,8.5,358787
2026-08-05 15:15:00,8.489999771118164,8.5,8.470000267028809,8.5,857398
2026-08-05 15:30:00,8.489999771118164,8.5,8.479999542236328,8.479999542236328,313114
2026-08-05 15:45:00,8.449999809265137,8.5,8.449999809265137,8.5,1348314
2026-08-05 16:00:00,8.470000267028809,8.470000267028809,8.4399995803833,8.449999809265137,434523
2026-08-05 16:15:00,8.479999542236328,8.479999542236328,8.460000038146973,8.479999542236328,257783
2026-08-05 16:30:00,8.460000038146973,8.479999542236328,8.430000305175781,8.479999542236328,1210440
2026-08-05 16:45:00,8.449999809265137,8.449999809265137,8.40999984741211,8.449999809265137,849038
2026-08-05 17:00:00,8.5,8.520000457763672,8.430000305175781,8.449999809265137,1388150
2026-08-05 17:15:00,8.489999771118164,8.5,8.470000267028809,8.5,617926
2026-08-05 17:30:00,8.489999771118164,8.5,8.470000267028809,8.489999771118164,872766
2026-08-05 17:45:00,8.470000267028809,8.489999771118164,8.449999809265137,8.489999771118164,2867398
2026-08-06 09:45:00,8.5,8.5,8.5,8.5,0
2026-08-06 10:00:00,8.4399995803833,8.510000228881836,8.399999618530273,8.5,1970046
2026-08-06 10:15:00,8.430000305175781,8.460000038146973,8.399999618530273,8.449999809265137,1315953
2026-08-06 10:30:00,8.359999656677246,8.430000305175781,8.300000190734863,8.430000305175781,3023280
2026-08-06 10:45:00,8.329999923706055,8.359999656677246,8.3100004196167,8.359999656677246,1248185
2026-08-06 11:00:00,8.3100004196167,8.34000015258789,8.279999732971191,8.329999923706055,1633380
2026-08-06 11:15:00,8.399999618530273,8.40999984741211,8.3100004196167,8.319999694824219,1486428
2026-08-06 11:30:00,8.449999809265137,8.470000267028809,8.380000114440918,8.40999984741211,1100449
2026-08-06 11:45:00,8.449999809265137,8.470000267028809,8.40999984741211,8.460000038146973,805166
2026-08-06 12:00:00,8.430000305175781,8.460000038146973,8.430000305175781,8.449999809265137,409575
2026-08-06 12:15:00,8.430000305175781,8.449999809265137,8.420000076293945,8.4399995803833,398924
2026-08-06 12:30:00,8.40999984741211,8.430000305175781,8.399999618530273,8.430000305175781,268464
2026-08-06 12:45:00,8.399999618530273,8.420000076293945,8.399999618530273,8.40999984741211,197927
2026-08-06 13:00:00,8.399999618530273,8.40999984741211,8.390000343322754,8.399999618530273,309878
2026-08-06 13:15:00,8.40999984741211,8.40999984741211,8.390000343322754,8.399999618530273,854215
2026-08-06 13:30:00,8.380000114440918,8.420000076293945,8.380000114440918,8.40999984741211,178435
2026-08-06 13:45:00,8.390000343322754,8.399999618530273,8.369999885559082,8.390000343322754,561083
2026-08-06 14:00:00,8.369999885559082,8.399999618530273,8.359999656677246,8.399999618530273,710829
2026-08-06 14:15:00,8.380000114440918,8.380000114440918,8.359999656677246,8.369999885559082,182379
2026-08-06 14:30:00,8.380000114440918,8.399999618530273,8.369999885559082,8.380000114440918,206371
2026-08-06 14:45:00,8.399999618530273,8.40999984741211,8.380000114440918,8.390000343322754,781846
2026-08-06 15:00:00,8.479999542236328,8.489999771118164,8.399999618530273,8.40999984741211,1229424
2026-08-06 15:15:00,8.449999809265137,8.479999542236328,8.430000305175781,8.470000267028809,529019
2026-08-06 15:30:00,8.470000267028809,8.470000267028809,8.4399995803833,8.449999809265137,190223
2026-08-06 15:45:00,8.489999771118164,8.510000228881836,8.460000038146973,8.470000267028809,1507866
2026-08-06 16:00:00,8.430000305175781,8.5,8.420000076293945,8.489999771118164,1418859
2026-08-06 16:15:00,8.430000305175781,8.4399995803833,8.399999618530273,8.430000305175781,308493
2026-08-06 16:30:00,8.4399995803833,8.4399995803833,8.420000076293945,8.430000305175781,421270
2026-08-06 16:45:00,8.4399995803833,8.460000038146973,8.430000305175781,8.4399995803833,696983
2026-08-06 17:00:00,8.40999984741211,8.4399995803833,8.40999984741211,8.4399995803833,625843
2026-08-06 17:15:00,8.4399995803833,8.4399995803833,8.420000076293945,8.420000076293945,187557
2026-08-06 17:30:00,8.359999656677246,8.449999809265137,8.319999694824219,8.4399995803833,3074268
2026-08-06 17:45:00,8.380000114440918,8.390000343322754,8.350000381469727,8.350000381469727,1225762
2026-08-07 09:45:00,8.40999984741211,8.40999984741211,8.40999984741211,8.40999984741211,0
2026-08-07 10:00:00,8.40999984741211,8.430000305175781,8.380000114440918,8.40999984741211,679701
2026-08-07 10:15:00,8.430000305175781,8.4399995803833,8.380000114440918,8.399999618530273,633992
2026-08-07 10:30:00,8.449999809265137,8.460000038146973,8.40999984741211,8.430000305175781,996773
2026-08-07 10:45:00,8.470000267028809,8.470000267028809,8.4399995803833,8.449999809265137,546757
2026-08-07 11:00:00,8.449999809265137,8.470000267028809,8.430000305175781,8.470000267028809,518324
2026-08-07 11:15:00,8.420000076293945,8.470000267028809,8.420000076293945,8.4399995803833,803424
2026-08-07 11:30:00,8.380000114440918,8.430000305175781,8.380000114440918,8.430000305175781,514602
2026-08-07 11:45:00,8.369999885559082,8.390000343322754,8.359999656677246,8.380000114440918,402852
2026-08-07 12:00:00,8.369999885559082,8.40999984741211,8.359999656677246,8.359999656677246,735640
2026-08-07 12:15:00,8.399999618530273,8.399999618530273,8.369999885559082,8.380000114440918,231928
2026-08-07 12:30:00,8.390000343322754,8.399999618530273,8.380000114440918,8.399999618530273,153019
2026-08-07 12:45:00,8.390000343322754,8.399999618530273,8.369999885559082,8.399999618530273,651176
2026-08-07 13:00:00,8.399999618530273,8.399999618530273,8.380000114440918,8.390000343322754,202326
2026-08-07 13:15:00,8.380000114440918,8.40999984741211,8.380000114440918,8.399999618530273,310140
2026-08-07 13:30:00,8.390000343322754,8.390000343322754,8.369999885559082,8.380000114440918,198748
2026-08-07 13:45:00,8.380000114440918,8.390000343322754,8.380000114440918,8.390000343322754,142756
2026-08-07 14:00:00,8.390000343322754,8.390000343322754,8.380000114440918,8.380000114440918,202904
2026-08-07 14:15:00,8.350000381469727,8.390000343322754,8.329999923706055,8.390000343322754,1553301
2026-08-07 14:30:00,8.359999656677246,8.369999885559082,8.34000015258789,8.350000381469727,320908
2026-08-07 14:45:00,8.380000114440918,8.380000114440918,8.359999656677246,8.369999885559082,263654
2026-08-07 15:00:00,8.369999885559082,8.390000343322754,8.359999656677246,8.390000343322754,526964
2026-08-07 15:15:00,8.4399995803833,8.4399995803833,8.369999885559082,8.380000114440918,1095110
2026-08-07 15:30:00,8.4399995803833,8.460000038146973,8.420000076293945,8.4399995803833,634041
2026-08-07 15:45:00,8.399999618530273,8.449999809265137,8.399999618530273,8.4399995803833,610355
2026-08-07 16:00:00,8.399999618530273,8.40999984741211,8.369999885559082,8.399999618530273,654180
2026-08-07 16:15:00,8.399999618530273,8.40999984741211,8.390000343322754,8.399999618530273,343349
2026-08-07 16:30:00,8.390000343322754,8.399999618530273,8.380000114440918,8.399999618530273,388067
2026-08-07 16:45:00,8.399999618530273,8.399999618530273,8.380000114440918,8.399999618530273,374337
2026-08-07 17:00:00,8.380000114440918,8.399999618530273,8.380000114440918,8.390000343322754,301987
2026-08-07 17:15:00,8.399999618530273,8.40999984741211,8.369999885559082,8.380000114440918,485535
2026-08-07 17:30:00,8.369999885559082,8.430000305175781,8.369999885559082,8.390000343322754,3265727
2026-08-07 17:45:00,8.359999656677246,8.369999885559082,8.350000381469727,8.369999885559082,1026829
2026-08-10 09:45:00,8.369999885559082,8.369999885559082,8.369999885559082,8.369999885559082,0
2026-08-10 10:00:00,8.579999923706055,8.59000015258789,8.380000114440918,8.380000114440918,6229646
2026-08-10 10:15:00,8.649999618530273,8.649999618530273,8.569999694824219,8.579999923706055,4011392
2026-08-10 10:30:00,8.890000343322754,8.9399995803833,8.640000343322754,8.649999618530273,9911436
2026-08-10 10:45:00,8.970000267028809,9.010000228881836,8.8100004196167,8.890000343322754,4883458
2026-08-10 11:00:00,8.930000305175781,8.989999771118164,8.899999618530273,8.979999542236328,4054853
2026-08-10 11:15:00,8.899999618530273,8.930000305175781,8.869999885559082,8.930000305175781,2853792
2026-08-10 11:30:00,8.9399995803833,8.960000038146973,8.890000343322754,8.899999618530273,1574261
2026-08-10 11:45:00,8.90999984741211,8.9399995803833,8.90999984741211,8.930000305175781,639679
2026-08-10 12:00:00,8.920000076293945,8.970000267028809,8.869999885559082,8.90999984741211,1756709
2026-08-10 12:15:00,8.949999809265137,8.949999809265137,8.90999984741211,8.920000076293945,1050198
2026-08-10 12:30:00,8.890000343322754,8.989999771118164,8.880000114440918,8.949999809265137,1916368
2026-08-10 12:45:00,8.859999656677246,8.890000343322754,8.84000015258789,8.890000343322754,1567057
2026-08-10 13:00:00,8.850000381469727,8.859999656677246,8.829999923706055,8.859999656677246,867918
2026-08-10 13:15:00,8.869999885559082,8.899999618530273,8.859999656677246,8.859999656677246,952889
2026-08-10 13:30:00,8.869999885559082,8.890000343322754,8.850000381469727,8.869999885559082,379078
2026-08-10 13:45:00,8.90999984741211,8.90999984741211,8.859999656677246,8.869999885559082,552946
2026-08-10 14:00:00,8.890000343322754,8.920000076293945,8.869999885559082,8.90999984741211,1064628
2026-08-10 14:15:00,8.8100004196167,8.890000343322754,8.8100004196167,8.890000343322754,1546209
2026-08-10 14:30:00,8.829999923706055,8.84000015258789,8.789999961853027,8.819999694824219,1169869
2026-08-10 14:45:00,8.850000381469727,8.859999656677246,8.829999923706055,8.84000015258789,612991
2026-08-10 15:00:00,8.829999923706055,8.869999885559082,8.829999923706055,8.850000381469727,368938
2026-08-10 15:15:00,8.829999923706055,8.859999656677246,8.819999694824219,8.829999923706055,467389
2026-08-10 15:30:00,8.829999923706055,8.84000015258789,8.819999694824219,8.84000015258789,199133
2026-08-10 15:45:00,8.8100004196167,8.829999923706055,8.8100004196167,8.829999923706055,315744
2026-08-10 16:00:00,8.819999694824219,8.819999694824219,8.779999732971191,8.819999694824219,631377
2026-08-10 16:15:00,8.819999694824219,8.84000015258789,8.800000190734863,8.819999694824219,313297
2026-08-10 16:30:00,8.819999694824219,8.829999923706055,8.800000190734863,8.819999694824219,415770
2026-08-10 16:45:00,8.720000267028809,8.829999923706055,8.710000038146973,8.819999694824219,891252
2026-08-10 17:00:00,8.739999771118164,8.739999771118164,8.699999809265137,8.729999542236328,1248263
2026-08-10 17:15:00,8.75,8.760000228881836,8.720000267028809,8.739999771118164,495046
2026-08-10 17:30:00,8.649999618530273,8.75,8.600000381469727,8.75,4774287
2026-08-10 17:45:00,8.65999984741211,8.680000305175781,8.609999656677246,8.649999618530273,2211364
2026-08-11 09:45:00,8.640000343322754,8.640000343322754,8.640000343322754,8.640000343322754,0
2026-08-11 10:00:00,8.449999809265137,8.699999809265137,8.430000305175781,8.649999618530273,3063556
2026-08-11 10:15:00,8.4399995803833,8.520000457763672,8.40999984741211,8.449999809265137,1751635
2026-08-11 10:30:00,8.449999809265137,8.460000038146973,8.40999984741211,8.430000305175781,626748
2026-08-11 10:45:00,8.420000076293945,8.4399995803833,8.399999618530273,8.4399995803833,783582
2026-08-11 11:00:00,8.399999618530273,8.420000076293945,8.369999885559082,8.420000076293945,978580
2026-08-11 11:15:00,8.40999984741211,8.460000038146973,8.390000343322754,8.399999618530273,609793
2026-08-11 11:30:00,8.430000305175781,8.430000305175781,8.399999618530273,8.40999984741211,532876
2026-08-11 11:45:00,8.4399995803833,8.449999809265137,8.420000076293945,8.430000305175781,981564
2026-08-11 12:00:00,8.430000305175781,8.479999542236328,8.420000076293945,8.449999809265137,1138858
2026-08-11 12:15:00,8.430000305175781,8.430000305175781,8.420000076293945,8.430000305175781,169012
2026-08-11 12:30:00,8.430000305175781,8.430000305175781,8.420000076293945,8.430000305175781,75598
2026-08-11 12:45:00,8.40999984741211,8.4399995803833,8.399999618530273,8.420000076293945,572361
2026-08-11 13:00:00,8.380000114440918,8.420000076293945,8.380000114440918,8.40999984741211,430741
2026-08-11 13:15:00,8.369999885559082,8.399999618530273,8.369999885559082,8.390000343322754,1633061
2026-08-11 13:30:00,8.390000343322754,8.390000343322754,8.369999885559082,8.369999885559082,638673
2026-08-11 13:45:00,8.369999885559082,8.399999618530273,8.369999885559082,8.390000343322754,496246
2026-08-11 14:00:00,8.390000343322754,8.390000343322754,8.359999656677246,8.369999885559082,376603
2026-08-11 14:15:00,8.359999656677246,8.399999618530273,8.34000015258789,8.390000343322754,1160025
2026-08-11 14:30:00,8.380000114440918,8.380000114440918,8.359999656677246,8.359999656677246,476992
2026-08-11 14:45:00,8.369999885559082,8.380000114440918,8.359999656677246,8.380000114440918,476795
2026-08-11 15:00:00,8.369999885559082,8.369999885559082,8.359999656677246,8.369999885559082,145746
2026-08-11 15:15:00,8.380000114440918,8.380000114440918,8.329999923706055,8.369999885559082,1186259
2026-08-11 15:30:00,8.380000114440918,8.380000114440918,8.359999656677246,8.369999885559082,428618
2026-08-11 15:45:00,8.390000343322754,8.399999618530273,8.359999656677246,8.380000114440918,584940
2026-08-11 16:00:00,8.390000343322754,8.420000076293945,8.369999885559082,8.390000343322754,725039
2026-08-11 16:15:00,8.40999984741211,8.40999984741211,8.390000343322754,8.390000343322754,403241
2026-08-11 16:30:00,8.390000343322754,8.40999984741211,8.380000114440918,8.399999618530273,247258
2026-08-11 16:45:00,8.390000343322754,8.399999618530273,8.380000114440918,8.390000343322754,862140
2026-08-11 17:00:00,8.399999618530273,8.399999618530273,8.380000114440918,8.390000343322754,326940
2026-08-11 17:15:00,8.420000076293945,8.449999809265137,8.390000343322754,8.399999618530273,2137504
2026-08-11 17:30:00,8.390000343322754,8.420000076293945,8.390000343322754,8.40999984741211,552380
2026-08-11 17:45:00,8.390000343322754,8.40999984741211,8.380000114440918,8.390000343322754,799215
2026-08-12 09:45:00,8.380000114440918,8.380000114440918,8.380000114440918,8.380000114440918,0
2026-08-12 10:00:00,8.369999885559082,8.390000343322754,8.319999694824219,8.380000114440918,1182823
2026-08-12 10:15:00,8.569999694824219,8.640000343322754,8.359999656677246,8.369999885559082,6542942
2026-08-12 10:30:00,8.579999923706055,8.609999656677246,8.529999732971191,8.5600004196167,2068966
2026-08-12 10:45:00,8.5600004196167,8.600000381469727,8.550000190734863,8.579999923706055,767468
2026-08-12 11:00:00,8.569999694824219,8.619999885559082,8.5600004196167,8.5600004196167,1908063
2026-08-12 11:15:00,8.529999732971191,8.569999694824219,8.529999732971191,8.569999694824219,693214
2026-08-12 11:30:00,8.529999732971191,8.539999961853027,8.520000457763672,8.539999961853027,341386
2026-08-12 11:45:00,8.550000190734863,8.550000190734863,8.529999732971191,8.529999732971191,229302
2026-08-12 12:00:00,8.5,8.550000190734863,8.479999542236328,8.539999961853027,1155176
2026-08-12 12:15:00,8.510000228881836,8.539999961853027,8.5,8.510000228881836,512464
2026-08-12 12:30:00,8.520000457763672,8.520000457763672,8.489999771118164,8.510000228881836,616671
2026-08-12 12:45:00,8.510000228881836,8.520000457763672,8.510000228881836,8.520000457763672,311327
2026-08-12 13:00:00,8.529999732971191,8.550000190734863,8.510000228881836,8.510000228881836,345795
2026-08-12 13:15:00,8.529999732971191,8.539999961853027,8.5,8.529999732971191,825153
2026-08-12 13:30:00,8.489999771118164,8.529999732971191,8.479999542236328,8.520000457763672,490647
2026-08-12 13:45:00,8.470000267028809,8.5,8.470000267028809,8.489999771118164,462332
2026-08-12 14:00:00,8.489999771118164,8.489999771118164,8.460000038146973,8.479999542236328,413957
2026-08-12 14:15:00,8.529999732971191,8.529999732971191,8.479999542236328,8.489999771118164,572813
2026-08-12 14:30:00,8.539999961853027,8.539999961853027,8.510000228881836,8.520000457763672,288792
2026-08-12 14:45:00,8.529999732971191,8.5600004196167,8.520000457763672,8.550000190734863,474243
2026-08-12 15:00:00,8.539999961853027,8.539999961853027,8.510000228881836,8.529999732971191,397163
2026-08-12 15:15:00,8.550000190734863,8.5600004196167,8.529999732971191,8.539999961853027,492119
2026-08-12 15:30:00,8.529999732971191,8.550000190734863,8.520000457763672,8.550000190734863,572690
2026-08-12 15:45:00,8.520000457763672,8.529999732971191,8.510000228881836,8.529999732971191,173524
2026-08-12 16:00:00,8.539999961853027,8.539999961853027,8.510000228881836,8.520000457763672,313702
2026-08-12 16:15:00,8.550000190734863,8.550000190734863,8.529999732971191,8.539999961853027,367001
2026-08-12 16:30:00,8.550000190734863,8.5600004196167,8.539999961853027,8.550000190734863,485376
2026-08-12 16:45:00,8.539999961853027,8.550000190734863,8.529999732971191,8.539999961853027,790915
2026-08-12 17:00:00,8.539999961853027,8.550000190734863,8.539999961853027,8.550000190734863,241248
2026-08-12 17:15:00,8.529999732971191,8.550000190734863,8.529999732971191,8.539999961853027,277428
2026-08-12 17:30:00,8.520000457763672,8.539999961853027,8.489999771118164,8.529999732971191,836007
2026-08-12 17:45:00,8.550000190734863,8.59000015258789,8.510000228881836,8.520000457763672,2629510
2026-08-13 09:45:00,8.619999885559082,8.619999885559082,8.619999885559082,8.619999885559082,0
2026-08-13 10:00:00,8.8100004196167,8.880000114440918,8.609999656677246,8.619999885559082,6409492
2026-08-13 10:15:00,8.970000267028809,8.979999542236328,8.800000190734863,8.819999694824219,7984553
2026-08-13 10:30:00,9.050000190734863,9.069999694824219,8.9399995803833,8.979999542236328,8396948
2026-08-13 10:45:00,8.949999809265137,9.09000015258789,8.930000305175781,9.050000190734863,4849935
2026-08-13 11:00:00,8.920000076293945,8.970000267028809,8.890000343322754,8.949999809265137,2367811
2026-08-13 11:15:00,8.930000305175781,8.979999542236328,8.899999618530273,8.920000076293945,928160
2026-08-13 11:30:00,8.979999542236328,8.989999771118164,8.930000305175781,8.930000305175781,914668
2026-08-13 11:45:00,8.9399995803833,9.020000457763672,8.930000305175781,8.979999542236328,1678272
2026-08-13 12:00:00,8.899999618530273,8.9399995803833,8.899999618530273,8.9399995803833,884485
2026-08-13 12:15:00,8.920000076293945,8.930000305175781,8.890000343322754,8.899999618530273,684390
2026-08-13 12:30:00,8.90999984741211,8.920000076293945,8.899999618530273,8.920000076293945,358171
2026-08-13 12:45:00,8.9399995803833,8.949999809265137,8.899999618530273,8.90999984741211,522735
2026-08-13 13:00:00,8.9399995803833,8.949999809265137,8.90999984741211,8.930000305175781,523055
2026-08-13 13:15:00,8.979999542236328,8.979999542236328,8.9399995803833,8.949999809265137,686286
2026-08-13 13:30:00,8.930000305175781,8.979999542236328,8.920000076293945,8.979999542236328,859553
2026-08-13 13:45:00,8.920000076293945,8.9399995803833,8.920000076293945,8.920000076293945,421052
2026-08-13 14:00:00,8.90999984741211,8.930000305175781,8.899999618530273,8.930000305175781,533836
2026-08-13 14:15:00,8.989999771118164,9.0,8.899999618530273,8.90999984741211,1132774
2026-08-13 14:30:00,8.9399995803833,9.0,8.920000076293945,8.989999771118164,1214746
2026-08-13 14:45:00,8.979999542236328,8.989999771118164,8.930000305175781,8.949999809265137,804328
2026-08-13 15:00:00,9.029999732971191,9.0600004196167,8.949999809265137,8.979999542236328,2205307
2026-08-13 15:15:00,8.960000038146973,9.029999732971191,8.949999809265137,9.029999732971191,1830930
2026-08-13 15:30:00,8.920000076293945,8.970000267028809,8.859999656677246,8.970000267028809,2312357
2026-08-13 15:45:00,8.899999618530273,8.930000305175781,8.890000343322754,8.90999984741211,661968
2026-08-13 16:00:00,8.949999809265137,8.960000038146973,8.880000114440918,8.90999984741211,1054933
2026-08-13 16:15:00,8.979999542236328,8.989999771118164,8.930000305175781,8.9399995803833,1218775
2026-08-13 16:30:00,8.949999809265137,8.989999771118164,8.9399995803833,8.989999771118164,738898
2026-08-13 16:45:00,8.930000305175781,8.960000038146973,8.930000305175781,8.949999809265137,307296
2026-08-13 17:00:00,8.949999809265137,8.949999809265137,8.90999984741211,8.9399995803833,588186
2026-08-13 17:15:00,8.930000305175781,8.949999809265137,8.90999984741211,8.949999809265137,405954
2026-08-13 17:30:00,8.989999771118164,9.010000228881836,8.920000076293945,8.920000076293945,1599946
2026-08-13 17:45:00,9.0,9.029999732971191,8.979999542236328,9.0,2905091
2026-08-14 09:45:00,9.020000457763672,9.020000457763672,9.020000457763672,9.020000457763672,0
2026-08-14 10:00:00,8.989999771118164,9.020000457763672,8.949999809265137,9.010000228881836,2842815
2026-08-14 10:15:00,8.930000305175781,9.029999732971191,8.920000076293945,9.0,3358594
2026-08-14 10:30:00,8.930000305175781,8.949999809265137,8.890000343322754,8.9399995803833,1018813
2026-08-14 10:45:00,8.960000038146973,8.989999771118164,8.930000305175781,8.930000305175781,841918
2026-08-14 11:00:00,8.960000038146973,8.970000267028809,8.9399995803833,8.960000038146973,427205
2026-08-14 11:15:00,8.949999809265137,8.989999771118164,8.949999809265137,8.960000038146973,524140
2026-08-14 11:30:00,8.920000076293945,8.949999809265137,8.90999984741211,8.949999809265137,934997
2026-08-14 11:45:00,8.899999618530273,8.920000076293945,8.890000343322754,8.920000076293945,688666
2026-08-14 12:00:00,8.880000114440918,8.920000076293945,8.880000114440918,8.899999618530273,1171896
2026-08-14 12:15:00,8.819999694824219,8.890000343322754,8.710000038146973,8.880000114440918,6726074
2026-08-14 12:30:00,8.880000114440918,8.949999809265137,8.819999694824219,8.819999694824219,2723039
2026-08-14 12:45:00,8.880000114440918,8.890000343322754,8.859999656677246,8.880000114440918,310675
2026-08-14 13:00:00,8.899999618530273,8.90999984741211,8.869999885559082,8.869999885559082,340480
2026-08-14 13:15:00,8.899999618530273,8.90999984741211,8.880000114440918,8.90999984741211,369729
2026-08-14 13:30:00,8.899999618530273,8.899999618530273,8.890000343322754,8.899999618530273,249530
2026-08-14 13:45:00,8.899999618530273,8.930000305175781,8.899999618530273,8.90999984741211,996469
2026-08-14 14:00:00,8.90999984741211,8.90999984741211,8.880000114440918,8.90999984741211,764993
2026-08-14 14:15:00,8.899999618530273,8.920000076293945,8.890000343322754,8.90999984741211,749589
2026-08-14 14:30:00,8.90999984741211,8.90999984741211,8.899999618530273,8.899999618530273,163117
2026-08-14 14:45:00,8.899999618530273,8.90999984741211,8.880000114440918,8.90999984741211,286111
2026-08-14 15:00:00,8.899999618530273,8.90999984741211,8.890000343322754,8.899999618530273,171268
2026-08-14 15:15:00,8.9399995803833,8.949999809265137,8.880000114440918,8.890000343322754,541827
2026-08-14 15:30:00,8.960000038146973,9.039999961853027,8.9399995803833,8.9399995803833,3989151
2026-08-14 15:45:00,8.960000038146973,9.0,8.960000038146973,8.960000038146973,754956
2026-08-14 16:00:00,8.970000267028809,8.989999771118164,8.960000038146973,8.960000038146973,314163
2026-08-14 16:15:00,9.119999885559082,9.149999618530273,8.970000267028809,8.970000267028809,5657858
2026-08-14 16:30:00,9.079999923706055,9.119999885559082,9.039999961853027,9.119999885559082,3064787
2026-08-14 16:45:00,9.039999961853027,9.079999923706055,9.039999961853027,9.069999694824219,1063955
2026-08-14 17:00:00,9.050000190734863,9.0600004196167,9.029999732971191,9.039999961853027,819544
2026-08-14 17:15:00,9.039999961853027,9.0600004196167,9.029999732971191,9.050000190734863,1319788
2026-08-14 17:30:00,9.050000190734863,9.069999694824219,9.0,9.029999732971191,1775020
2026-08-14 17:45:00,8.970000267028809,9.050000190734863,8.949999809265137,9.050000190734863,3329668
2026-08-17 09:45:00,9.050000190734863,9.050000190734863,9.050000190734863,9.050000190734863,0
2026-08-17 10:00:00,9.130000114440918,9.149999618530273,8.979999542236328,9.050000190734863,3556986
2026-08-17 10:15:00,9.079999923706055,9.149999618530273,9.0600004196167,9.140000343322754,1300542
2026-08-17 10:30:00,9.079999923706055,9.100000381469727,9.039999961853027,9.069999694824219,580585
2026-08-17 10:45:00,9.069999694824219,9.09000015258789,9.0600004196167,9.069999694824219,389539
2026-08-17 11:00:00,9.029999732971191,9.0600004196167,9.010000228881836,9.0600004196167,976387
2026-08-17 11:15:00,9.0,9.029999732971191,8.989999771118164,9.029999732971191,1031991
2026-08-17 11:30:00,9.039999961853027,9.039999961853027,9.0,9.0,285680
2026-08-17 11:45:00,9.029999732971191,9.050000190734863,9.020000457763672,9.029999732971191,282786
2026-08-17 12:00:00,9.050000190734863,9.069999694824219,9.029999732971191,9.029999732971191,575746
2026-08-17 12:15:00,9.069999694824219,9.069999694824219,9.029999732971191,9.050000190734863,203729
2026-08-17 12:30:00,8.979999542236328,9.069999694824219,8.970000267028809,9.069999694824219,1494471
2026-08-17 12:45:00,9.010000228881836,9.020000457763672,8.979999542236328,8.979999542236328,622924
2026-08-17 13:00:00,9.010000228881836,9.029999732971191,9.010000228881836,9.020000457763672,124311
2026-08-17 13:15:00,9.010000228881836,9.029999732971191,8.989999771118164,9.020000457763672,474751
2026-08-17 13:30:00,8.930000305175781,9.010000228881836,8.890000343322754,9.010000228881836,1549539
2026-08-17 13:45:00,8.960000038146973,8.979999542236328,8.90999984741211,8.920000076293945,463469
2026-08-17 14:00:00,8.949999809265137,9.010000228881836,8.9399995803833,8.960000038146973,1457847
2026-08-17 14:15:00,8.890000343322754,8.949999809265137,8.850000381469727,8.9399995803833,1944869
2026-08-17 14:30:00,8.850000381469727,8.890000343322754,8.819999694824219,8.880000114440918,656935
2026-08-17 14:45:00,8.880000114440918,8.899999618530273,8.829999923706055,8.84000015258789,974689
2026-08-17 15:00:00,8.869999885559082,8.880000114440918,8.850000381469727,8.880000114440918,432288
2026-08-17 15:15:00,8.859999656677246,8.890000343322754,8.850000381469727,8.869999885559082,434330
2026-08-17 15:30:00,8.850000381469727,8.859999656677246,8.829999923706055,8.850000381469727,167711
2026-08-17 15:45:00,8.829999923706055,8.850000381469727,8.8100004196167,8.850000381469727,260544
2026-08-17 16:00:00,8.829999923706055,8.829999923706055,8.800000190734863,8.819999694824219,509196
2026-08-17 16:15:00,8.899999618530273,8.920000076293945,8.8100004196167,8.829999923706055,765708
2026-08-17 16:30:00,8.890000343322754,8.899999618530273,8.869999885559082,8.899999618530273,399216
2026-08-17 16:45:00,8.899999618530273,8.899999618530273,8.880000114440918,8.880000114440918,255687
2026-08-17 17:00:00,8.890000343322754,8.899999618530273,8.880000114440918,8.899999618530273,163958
2026-08-17 17:15:00,8.90999984741211,8.920000076293945,8.890000343322754,8.890000343322754,720826
2026-08-17 17:30:00,8.829999923706055,8.920000076293945,8.8100004196167,8.90999984741211,1314242
2026-08-17 17:45:00,8.789999961853027,8.84000015258789,8.779999732971191,8.829999923706055,1208920
2026-08-18 09:45:00,8.789999961853027,8.789999961853027,8.789999961853027,8.789999961853027,0
2026-08-18 10:00:00,8.739999771118164,8.800000190734863,8.710000038146973,8.789999961853027,1225468
2026-08-18 10:15:00,8.75,8.770000457763672,8.710000038146973,8.739999771118164,843266
2026-08-18 10:30:00,8.819999694824219,8.829999923706055,8.75,8.75,1135637
2026-08-18 10:45:00,8.789999961853027,8.829999923706055,8.770000457763672,8.819999694824219,644295
2026-08-18 11:00:00,8.779999732971191,8.800000190734863,8.760000228881836,8.789999961853027,176581
2026-08-18 11:15:00,8.760000228881836,8.789999961853027,8.760000228881836,8.770000457763672,224903
2026-08-18 11:30:00,8.760000228881836,8.789999961853027,8.75,8.760000228881836,142047
2026-08-18 11:45:00,8.859999656677246,8.869999885559082,8.75,8.760000228881836,677958
2026-08-18 12:00:00,8.829999923706055,8.859999656677246,8.829999923706055,8.850000381469727,316056
2026-08-18 12:15:00,8.819999694824219,8.84000015258789,8.819999694824219,8.84000015258789,281080
2026-08-18 12:30:00,8.84000015258789,8.859999656677246,8.8100004196167,8.819999694824219,428023
2026-08-18 12:45:00,8.819999694824219,8.829999923706055,8.8100004196167,8.829999923706055,80451
2026-08-18 13:00:00,8.8100004196167,8.829999923706055,8.800000190734863,8.8100004196167,195970
2026-08-18 13:15:00,8.770000457763672,8.8100004196167,8.770000457763672,8.8100004196167,170485
2026-08-18 13:30:00,8.760000228881836,8.779999732971191,8.760000228881836,8.770000457763672,108044
2026-08-18 13:45:00,8.760000228881836,8.779999732971191,8.760000228881836,8.760000228881836,327100
2026-08-18 14:00:00,8.760000228881836,8.779999732971191,8.760000228881836,8.760000228881836,106885
2026-08-18 14:15:00,8.729999542236328,8.770000457763672,8.729999542236328,8.760000228881836,292102
2026-08-18 14:30:00,8.739999771118164,8.739999771118164,8.729999542236328,8.739999771118164,289195
2026-08-18 14:45:00,8.75,8.75,8.729999542236328,8.75,568054
2026-08-18 15:00:00,8.710000038146973,8.75,8.699999809265137,8.75,624032
2026-08-18 15:15:00,8.720000267028809,8.720000267028809,8.699999809265137,8.710000038146973,275226
2026-08-18 15:30:00,8.710000038146973,8.729999542236328,8.710000038146973,8.710000038146973,74965
2026-08-18 15:45:00,8.65999984741211,8.720000267028809,8.649999618530273,8.720000267028809,1148912
2026-08-18 16:00:00,8.670000076293945,8.680000305175781,8.640000343322754,8.65999984741211,936698
2026-08-18 16:15:00,8.649999618530273,8.670000076293945,8.640000343322754,8.670000076293945,209893
2026-08-18 16:30:00,8.640000343322754,8.649999618530273,8.630000114440918,8.649999618530273,334671
2026-08-18 16:45:00,8.640000343322754,8.649999618530273,8.640000343322754,8.649999618530273,144175
2026-08-18 17:00:00,8.649999618530273,8.65999984741211,8.640000343322754,8.640000343322754,183466
2026-08-18 17:15:00,8.630000114440918,8.649999618530273,8.630000114440918,8.640000343322754,320453
2026-08-18 17:30:00,8.619999885559082,8.640000343322754,8.609999656677246,8.630000114440918,790585
2026-08-18 17:45:00,8.579999923706055,8.640000343322754,8.550000190734863,8.619999885559082,1641542
2026-08-19 09:45:00,8.59000015258789,8.59000015258789,8.59000015258789,8.59000015258789,0
2026-08-19 10:00:00,8.649999618530273,8.670000076293945,8.5600004196167,8.59000015258789,1258595
2026-08-19 10:15:00,8.630000114440918,8.640000343322754,8.609999656677246,8.640000343322754,690565
2026-08-19 10:30:00,8.600000381469727,8.670000076293945,8.59000015258789,8.630000114440918,742974
2026-08-19 10:45:00,8.600000381469727,8.600000381469727,8.569999694824219,8.600000381469727,1131055
