Datetime,Close,High,Low,Open,Volume
2026-06-01 09:45:00,84.1500015258789,84.1500015258789,84.1500015258789,84.1500015258789,0
2026-06-01 10:00:00,84.25,84.8499984741211,82.4000015258789,84.1500015258789,16554018
2026-06-01 10:15:00,84.05000305175781,84.30000305175781,83.69999694824219,84.30000305175781,3179435
2026-06-01 10:30:00,83.94999694824219,84.4000015258789,83.80000305175781,84.05000305175781,3093593
2026-06-01 10:45:00,85.5,85.5,83.9000015258789,83.9000015258789,3775144
2026-06-01 11:00:00,86.0999984741211,86.1500015258789,85.30000305175781,85.44999694824219,4947126
2026-06-01 11:15:00,85.94999694824219,86.30000305175781,85.8499984741211,86.0999984741211,2997832
2026-06-01 11:30:00,85.9000015258789,86.19999694824219,85.80000305175781,85.9000015258789,1549428
2026-06-01 11:45:00,86.1500015258789,86.4000015258789,85.8499984741211,85.9000015258789,1401883
2026-06-01 12:00:00,85.9000015258789,86.44999694824219,85.75,86.1500015258789,1264177
2026-06-01 12:15:00,85.8499984741211,86.0,85.69999694824219,85.9000015258789,955418
2026-06-01 12:30:00,86.0,86.05000305175781,85.80000305175781,85.8499984741211,654513
2026-06-01 12:45:00,86.1500015258789,86.19999694824219,85.9000015258789,86.0,683167
2026-06-01 13:00:00,86.05000305175781,86.25,86.0,86.19999694824219,723038
2026-06-01 13:15:00,86.05000305175781,86.05000305175781,85.8499984741211,86.0,599035
2026-06-01 13:30:00,86.3499984741211,86.4000015258789,85.8499984741211,86.05000305175781,1083703
2026-06-01 13:45:00,86.30000305175781,86.4000015258789,86.0,86.3499984741211,1176873
2026-06-01 14:00:00,86.30000305175781,86.44999694824219,86.1500015258789,86.30000305175781,619282
2026-06-01 14:15:00,86.30000305175781,86.5,86.25,86.30000305175781,615467
2026-06-01 14:30:00,86.4000015258789,86.5,86.25,86.30000305175781,757081
2026-06-01 14:45:00,86.4000015258789,86.44999694824219,86.19999694824219,86.4000015258789,593078
2026-06-01 15:00:00,86.25,86.4000015258789,86.19999694824219,86.4000015258789,560087
2026-06-01 15:15:00,86.4000015258789,86.44999694824219,86.1500015258789,86.25,711706
2026-06-01 15:30:00,86.4000015258789,86.55000305175781,86.1500015258789,86.4000015258789,1072199
2026-06-01 15:45:00,86.30000305175781,86.44999694824219,86.19999694824219,86.4000015258789,693931
2026-06-01 16:00:00,86.19999694824219,86.8499984741211,86.0,86.30000305175781,2453773
2026-06-01 16:15:00,85.30000305175781,86.3499984741211,85.19999694824219,86.19999694824219,2342482
2026-06-01 16:30:00,85.1500015258789,85.5,84.9000015258789,85.30000305175781,1986485
2026-06-01 16:45:00,84.69999694824219,85.3499984741211,84.6500015258789,85.0999984741211,1656220
2026-06-01 17:00:00,85.4000015258789,85.5,84.6500015258789,84.69999694824219,1939105
2026-06-01 17:15:00,85.4000015258789,85.6500015258789,85.19999694824219,85.44999694824219,1228822
2026-06-01 17:30:00,85.44999694824219,85.6500015258789,85.3499984741211,85.4000015258789,1442463
2026-06-01 17:45:00,85.25,85.6500015258789,85.0999984741211,85.44999694824219,1559119
2026-06-02 09:45:00,87.0,87.0,87.0,87.0,0
2026-06-02 10:00:00,87.5999984741211,87.9000015258789,86.80000305175781,87.05000305175781,6029474
2026-06-02 10:15:00,87.4000015258789,87.75,87.25,87.5999984741211,2129184
2026-06-02 10:30:00,87.44999694824219,87.75,87.30000305175781,87.5,1454678
2026-06-02 10:45:00,88.0999984741211,88.19999694824219,87.4000015258789,87.5,2459640
2026-06-02 11:00:00,88.05000305175781,88.1500015258789,87.80000305175781,88.0999984741211,1896738
2026-06-02 11:15:00,87.4000015258789,88.0999984741211,87.3499984741211,88.0999984741211,1566601
2026-06-02 11:30:00,87.44999694824219,87.5999984741211,87.3499984741211,87.4000015258789,598702
2026-06-02 11:45:00,87.4000015258789,87.5,87.25,87.4000015258789,768063
2026-06-02 12:00:00,87.6500015258789,87.69999694824219,87.19999694824219,87.4000015258789,739232
2026-06-02 12:15:00,87.55000305175781,87.6500015258789,87.3499984741211,87.6500015258789,426485
2026-06-02 12:30:00,87.55000305175781,87.75,87.44999694824219,87.55000305175781,755381
2026-06-02 12:45:00,87.5,87.5999984741211,87.4000015258789,87.55000305175781,622847
2026-06-02 13:00:00,87.55000305175781,87.6500015258789,87.44999694824219,87.5,408490
2026-06-02 13:15:00,87.5,87.5999984741211,87.3499984741211,87.55000305175781,472272
2026-06-02 13:30:00,87.55000305175781,87.5999984741211,87.44999694824219,87.5,382048
2026-06-02 13:45:00,87.4000015258789,87.55000305175781,87.3499984741211,87.55000305175781,334665
2026-06-02 14:00:00,87.55000305175781,87.5999984741211,87.4000015258789,87.4000015258789,765508
2026-06-02 14:15:00,87.44999694824219,87.5999984741211,87.4000015258789,87.55000305175781,629526
2026-06-02 14:30:00,87.75,87.75,87.4000015258789,87.44999694824219,568462
2026-06-02 14:45:00,87.55000305175781,87.75,87.5,87.75,631663
2026-06-02 15:00:00,87.69999694824219,87.8499984741211,87.5,87.5999984741211,720814
2026-06-02 15:15:00,88.0,88.05000305175781,87.6500015258789,87.69999694824219,973835
2026-06-02 15:30:00,87.80000305175781,88.05000305175781,87.69999694824219,88.05000305175781,863567
2026-06-02 15:45:00,87.8499984741211,87.9000015258789,87.6500015258789,87.80000305175781,795523
2026-06-02 16:00:00,87.75,87.9000015258789,87.55000305175781,87.8499984741211,820769
2026-06-02 16:15:00,87.69999694824219,87.94999694824219,87.69999694824219,87.75,696402
2026-06-02 16:30:00,87.75,87.94999694824219,87.69999694824219,87.75,875717
2026-06-02 16:45:00,87.55000305175781,87.75,87.4000015258789,87.75,1154423
2026-06-02 17:00:00,87.9000015258789,87.94999694824219,87.55000305175781,87.5999984741211,1225056
2026-06-02 17:15:00,87.8499984741211,87.94999694824219,87.69999694824219,87.9000015258789,766040
2026-06-02 17:30:00,88.1500015258789,88.1500015258789,87.8499984741211,87.9000015258789,1310099
2026-06-02 17:45:00,88.5,88.75,88.0999984741211,88.0999984741211,2645854
2026-06-03 09:45:00,88.75,88.75,88.75,88.75,0
2026-06-03 10:00:00,89.1500015258789,89.19999694824219,87.69999694824219,88.69999694824219,4466465
2026-06-03 10:15:00,89.80000305175781,89.80000305175781,89.05000305175781,89.19999694824219,3421617
2026-06-03 10:30:00,89.1500015258789,89.80000305175781,89.0,89.75,1783006
2026-06-03 10:45:00,89.94999694824219,90.25,89.0,89.0999984741211,4153208
2026-06-03 11:00:00,90.0999984741211,90.30000305175781,89.75,90.0,2324093
2026-06-03 11:15:00,90.05000305175781,90.25,89.80000305175781,90.0999984741211,1325100
2026-06-03 11:30:00,89.94999694824219,90.05000305175781,89.8499984741211,90.05000305175781,565174
2026-06-03 11:45:00,89.55000305175781,90.0,89.5,89.94999694824219,1226244
2026-06-03 12:00:00,89.6500015258789,89.8499984741211,89.44999694824219,89.55000305175781,604600
2026-06-03 12:15:00,89.69999694824219,89.75,89.55000305175781,89.5999984741211,249791
2026-06-03 12:30:00,89.55000305175781,89.69999694824219,89.5,89.69999694824219,222573
2026-06-03 12:45:00,89.1500015258789,89.5999984741211,89.1500015258789,89.5999984741211,486241
2026-06-03 13:00:00,89.5,89.6500015258789,89.05000305175781,89.1500015258789,754519
2026-06-03 13:15:00,89.19999694824219,89.5,89.05000305175781,89.44999694824219,632620
2026-06-03 13:30:00,89.19999694824219,89.25,89.0999984741211,89.19999694824219,349986
2026-06-03 13:45:00,89.19999694824219,89.30000305175781,89.0999984741211,89.19999694824219,235505
2026-06-03 14:00:00,89.19999694824219,89.30000305175781,89.0999984741211,89.19999694824219,371198
2026-06-03 14:15:00,89.3499984741211,89.5,89.1500015258789,89.19999694824219,861041
2026-06-03 14:30:00,89.44999694824219,89.5,89.30000305175781,89.30000305175781,359914
2026-06-03 14:45:00,89.5999984741211,89.75,89.3499984741211,89.4000015258789,826047
2026-06-03 15:00:00,89.4000015258789,89.6500015258789,89.25,89.55000305175781,505850
2026-06-03 15:15:00,89.44999694824219,89.55000305175781,89.25,89.4000015258789,388182
2026-06-03 15:30:00,89.3499984741211,89.44999694824219,89.25,89.44999694824219,353044
2026-06-03 15:45:00,89.25,89.4000015258789,89.19999694824219,89.3499984741211,341296
2026-06-03 16:00:00,89.3499984741211,89.5,89.25,89.30000305175781,366396
2026-06-03 16:15:00,89.19999694824219,89.4000015258789,88.3499984741211,89.4000015258789,2418093
2026-06-03 16:30:00,88.80000305175781,89.19999694824219,88.5999984741211,89.19999694824219,1586279
2026-06-03 16:45:00,89.0999984741211,89.1500015258789,88.80000305175781,88.80000305175781,1289955
2026-06-03 17:00:00,89.1500015258789,89.30000305175781,89.0,89.05000305175781,628912
2026-06-03 17:15:00,89.0999984741211,89.4000015258789,88.80000305175781,89.1500015258789,1713155
2026-06-03 17:30:00,89.0999984741211,89.30000305175781,89.0,89.0999984741211,725837
2026-06-03 17:45:00,88.94999694824219,89.1500015258789,88.9000015258789,89.05000305175781,1382692
2026-06-04 09:45:00,89.5999984741211,89.5999984741211,89.5999984741211,89.5999984741211,0
2026-06-04 10:00:00,90.5,90.5,89.19999694824219,89.5999984741211,3791844
2026-06-04 10:15:00,89.94999694824219,90.6500015258789,89.8499984741211,90.44999694824219,2342382
2026-06-04 10:30:00,89.5,90.05000305175781,89.44999694824219,89.9000015258789,1480849
2026-06-04 10:45:00,89.3499984741211,89.75,89.05000305175781,89.5,1207401
2026-06-04 11:00:00,88.8499984741211,89.4000015258789,88.8499984741211,89.30000305175781,1016654
2026-06-04 11:15:00,88.5999984741211,88.94999694824219,88.0999984741211,88.9000015258789,1365236
2026-06-04 11:30:00,88.5999984741211,89.30000305175781,88.44999694824219,88.55000305175781,907625
2026-06-04 11:45:00,88.0999984741211,88.5999984741211,88.05000305175781,88.5999984741211,756528
2026-06-04 12:00:00,88.1500015258789,88.19999694824219,87.8499984741211,88.0999984741211,796230
2026-06-04 12:15:00,88.19999694824219,88.3499984741211,88.05000305175781,88.1500015258789,350627
2026-06-04 12:30:00,88.5999984741211,88.75,88.0999984741211,88.19999694824219,658198
2026-06-04 12:45:00,88.30000305175781,88.69999694824219,88.30000305175781,88.6500015258789,499016
2026-06-04 13:00:00,88.19999694824219,88.4000015258789,88.1500015258789,88.30000305175781,280434
2026-06-04 13:15:00,87.94999694824219,88.19999694824219,87.9000015258789,88.19999694824219,521344
2026-06-04 13:30:00,87.5999984741211,88.0,87.55000305175781,87.94999694824219,574252
2026-06-04 13:45:00,87.5,87.9000015258789,87.4000015258789,87.6500015258789,513155
2026-06-04 14:00:00,87.5999984741211,87.69999694824219,87.30000305175781,87.5,612591
2026-06-04 14:15:00,88.0,88.05000305175781,87.5,87.5999984741211,628366
2026-06-04 14:30:00,87.80000305175781,88.1500015258789,87.25,88.0,809794
2026-06-04 14:45:00,88.5,88.55000305175781,87.75,87.75,1022754
2026-06-04 15:00:00,88.25,88.55000305175781,88.1500015258789,88.5,1080727
2026-06-04 15:15:00,88.44999694824219,88.55000305175781,88.0999984741211,88.30000305175781,963475
2026-06-04 15:30:00,88.19999694824219,88.5,88.1500015258789,88.44999694824219,614566
2026-06-04 15:45:00,88.30000305175781,88.30000305175781,88.0999984741211,88.25,460538
2026-06-04 16:00:00,88.4000015258789,88.5,88.19999694824219,88.25,547630
2026-06-04 16:15:00,88.55000305175781,88.5999984741211,88.30000305175781,88.3499984741211,532206
2026-06-04 16:30:00,87.75,88.55000305175781,87.6500015258789,88.55000305175781,1355012
2026-06-04 16:45:00,88.30000305175781,88.4000015258789,87.69999694824219,87.75,1260438
2026-06-04 17:00:00,88.19999694824219,88.44999694824219,88.0999984741211,88.30000305175781,447784
2026-06-04 17:15:00,88.25,88.3499984741211,88.05000305175781,88.19999694824219,586208
2026-06-04 17:30:00,88.4000015258789,88.6500015258789,88.19999694824219,88.30000305175781,888622
2026-06-04 17:45:00,88.3499984741211,88.44999694824219,88.19999694824219,88.4000015258789,883642
2026-06-05 09:45:00,88.75,88.75,88.75,88.75,0
2026-06-05 10:00:00,88.5999984741211,88.9000015258789,87.80000305175781,88.75,1556778
2026-06-05 10:15:00,88.8499984741211,89.19999694824219,88.4000015258789,88.5999984741211,1345982
2026-06-05 10:30:00,89.05000305175781,89.19999694824219,88.75,88.80000305175781,689782
2026-06-05 10:45:00,88.1500015258789,89.19999694824219,88.0999984741211,89.05000305175781,1792779
2026-06-05 11:00:00,87.69999694824219,88.19999694824219,87.5,88.1500015258789,1896942
2026-06-05 11:15:00,87.5999984741211,87.69999694824219,87.4000015258789,87.69999694824219,929487
2026-06-05 11:30:00,87.55000305175781,87.75,87.5,87.55000305175781,466024
2026-06-05 11:45:00,87.75,87.8499984741211,87.5,87.5,603148
2026-06-05 12:00:00,87.30000305175781,87.75,87.0999984741211,87.69999694824219,1108938
2026-06-05 12:15:00,87.05000305175781,87.3499984741211,87.05000305175781,87.30000305175781,622198
2026-06-05 12:30:00,87.05000305175781,87.1500015258789,87.0,87.0999984741211,457108
2026-06-05 12:45:00,86.8499984741211,87.1500015258789,86.75,87.05000305175781,911700
2026-06-05 13:00:00,86.6500015258789,86.9000015258789,86.55000305175781,86.9000015258789,800239
2026-06-05 13:15:00,86.75,86.80000305175781,86.5999984741211,86.5999984741211,435469
2026-06-05 13:30:00,86.8499984741211,86.94999694824219,86.69999694824219,86.75,461972
2026-06-05 13:45:00,86.75,86.9000015258789,86.69999694824219,86.8499984741211,414732
2026-06-05 14:00:00,86.75,86.8499984741211,86.6500015258789,86.75,355534
2026-06-05 14:15:00,86.75,86.80000305175781,86.5,86.80000305175781,717869
2026-06-05 14:30:00,86.5999984741211,86.80000305175781,86.5999984741211,86.75,339756
2026-06-05 14:45:00,86.55000305175781,86.6500015258789,86.3499984741211,86.6500015258789,628876
2026-06-05 15:00:00,86.44999694824219,86.5999984741211,86.30000305175781,86.55000305175781,390097
2026-06-05 15:15:00,86.55000305175781,86.55000305175781,86.4000015258789,86.44999694824219,281977
2026-06-05 15:30:00,87.05000305175781,87.0999984741211,86.44999694824219,86.55000305175781,1043973
2026-06-05 15:45:00,86.80000305175781,87.0999984741211,86.69999694824219,87.05000305175781,887720
2026-06-05 16:00:00,87.0999984741211,87.1500015258789,86.75,86.80000305175781,686014
2026-06-05 16:15:00,86.80000305175781,87.25,86.75,87.0999984741211,1258527
2026-06-05 16:30:00,86.69999694824219,86.8499984741211,86.5999984741211,86.75,463723
2026-06-05 16:45:00,86.5999984741211,86.75,86.55000305175781,86.69999694824219,678298
2026-06-05 17:00:00,86.5999984741211,86.75,86.5,86.5999984741211,682950
2026-06-05 17:15:00,86.5,86.80000305175781,86.44999694824219,86.5999984741211,755540
2026-06-05 17:30:00,86.30000305175781,86.6500015258789,86.30000305175781,86.5,781202
2026-06-05 17:45:00,86.30000305175781,86.4000015258789,85.8499984741211,86.30000305175781,2272803
2026-06-08 09:45:00,85.05000305175781,85.05000305175781,85.05000305175781,85.05000305175781,0
2026-06-08 10:00:00,84.9000015258789,85.1500015258789,84.4000015258789,85.05000305175781,1956885
2026-06-08 10:15:00,84.9000015258789,84.9000015258789,84.5999984741211,84.9000015258789,1165367
2026-06-08 10:30:00,84.75,85.19999694824219,84.75,84.9000015258789,1917612
2026-06-08 10:45:00,84.9000015258789,85.30000305175781,84.69999694824219,84.80000305175781,1836876
2026-06-08 11:00:00,84.80000305175781,85.0999984741211,84.75,84.9000015258789,776748
2026-06-08 11:15:00,84.80000305175781,84.94999694824219,84.75,84.80000305175781,407989
2026-06-08 11:30:00,84.6500015258789,84.8499984741211,84.5,84.80000305175781,663054
2026-06-08 11:45:00,84.6500015258789,84.80000305175781,84.5999984741211,84.6500015258789,415978
2026-06-08 12:00:00,84.6500015258789,84.75,84.5,84.6500015258789,468149
2026-06-08 12:15:00,84.5,84.69999694824219,84.44999694824219,84.6500015258789,403308
2026-06-08 12:30:00,84.8499984741211,85.05000305175781,84.5,84.55000305175781,1014081
2026-06-08 12:45:00,85.0,85.6500015258789,84.75,84.8499984741211,1639841
2026-06-08 13:00:00,85.0,85.05000305175781,84.9000015258789,85.0,372945
2026-06-08 13:15:00,85.0,85.0,84.80000305175781,84.94999694824219,274160
2026-06-08 13:30:00,85.0,85.1500015258789,84.9000015258789,85.0,485277
2026-06-08 13:45:00,85.05000305175781,85.0999984741211,84.9000015258789,85.0,347254
2026-06-08 14:00:00,85.3499984741211,85.5,84.94999694824219,85.05000305175781,1353563
2026-06-08 14:15:00,85.6500015258789,85.6500015258789,85.19999694824219,85.4000015258789,1246957
2026-06-08 14:30:00,85.55000305175781,85.80000305175781,85.4000015258789,85.6500015258789,1508369
2026-06-08 14:45:00,85.44999694824219,85.5999984741211,85.3499984741211,85.55000305175781,630138
2026-06-08 15:00:00,85.3499984741211,85.55000305175781,85.30000305175781,85.5,463564
2026-06-08 15:15:00,85.44999694824219,85.44999694824219,85.25,85.30000305175781,336080
2026-06-08 15:30:00,85.6500015258789,85.6500015258789,85.3499984741211,85.44999694824219,760315
2026-06-08 15:45:00,85.75,85.8499984741211,85.5999984741211,85.6500015258789,937280
2026-06-08 16:00:00,85.69999694824219,85.75,85.5999984741211,85.75,488976
2026-06-08 16:15:00,85.75,85.8499984741211,85.6500015258789,85.75,418477
2026-06-08 16:30:00,86.0999984741211,86.25,85.75,85.75,2019838
2026-06-08 16:45:00,86.0999984741211,86.44999694824219,85.94999694824219,86.05000305175781,1536771
2026-06-08 17:00:00,86.5999984741211,86.6500015258789,86.0999984741211,86.0999984741211,1017599
2026-06-08 17:15:00,86.5999984741211,86.80000305175781,86.44999694824219,86.5999984741211,910731
2026-06-08 17:30:00,86.75,86.8499984741211,86.5999984741211,86.6500015258789,786583
2026-06-08 17:45:00,87.0,87.19999694824219,86.75,86.75,1492832
2026-06-09 09:45:00,87.0,87.0,87.0,87.0,0
2026-06-09 10:00:00,87.4000015258789,87.75,86.69999694824219,87.0,2502434
2026-06-09 10:15:00,87.44999694824219,87.6500015258789,87.25,87.4000015258789,1022842
2026-06-09 10:30:00,87.25,87.55000305175781,87.19999694824219,87.5,555364
2026-06-09 10:45:00,87.05000305175781,87.5,87.05000305175781,87.30000305175781,506002
2026-06-09 11:00:00,87.25,87.4000015258789,86.80000305175781,87.0999984741211,1019299
2026-06-09 11:15:00,87.80000305175781,87.9000015258789,87.1500015258789,87.19999694824219,1089914
2026-06-09 11:30:00,87.69999694824219,87.9000015258789,87.3499984741211,87.80000305175781,1149696
2026-06-09 11:45:00,87.5999984741211,87.80000305175781,87.44999694824219,87.69999694824219,687004
2026-06-09 12:00:00,87.75,88.05000305175781,87.5,87.5999984741211,795468
2026-06-09 12:15:00,87.8499984741211,88.0,87.75,87.75,273959
2026-06-09 12:30:00,87.69999694824219,88.0,87.6500015258789,87.8499984741211,661447
2026-06-09 12:45:00,87.5999984741211,87.80000305175781,87.5,87.75,319691
2026-06-09 13:00:00,87.55000305175781,87.6500015258789,87.4000015258789,87.6500015258789,326604
2026-06-09 13:15:00,87.4000015258789,87.55000305175781,87.4000015258789,87.55000305175781,216383
2026-06-09 13:30:00,87.30000305175781,87.5,87.1500015258789,87.4000015258789,412872
2026-06-09 13:45:00,87.19999694824219,87.44999694824219,87.1500015258789,87.3499984741211,345412
2026-06-09 14:00:00,87.05000305175781,87.3499984741211,87.05000305175781,87.19999694824219,385622
2026-06-09 14:15:00,86.94999694824219,87.25,86.9000015258789,87.05000305175781,513876
2026-06-09 14:30:00,86.80000305175781,86.94999694824219,86.6500015258789,86.94999694824219,738395
2026-06-09 14:45:00,86.6500015258789,86.8499984741211,86.6500015258789,86.8499984741211,376827
2026-06-09 15:00:00,86.6500015258789,87.05000305175781,86.55000305175781,86.69999694824219,973999
2026-06-09 15:15:00,86.5,86.80000305175781,86.4000015258789,86.69999694824219,532420
2026-06-09 15:30:00,86.4000015258789,86.6500015258789,86.4000015258789,86.5,474322
2026-06-09 15:45:00,86.4000015258789,86.5,86.19999694824219,86.44999694824219,682259
2026-06-09 16:00:00,86.30000305175781,86.6500015258789,86.19999694824219,86.3499984741211,539036
2026-06-09 16:15:00,86.75,86.80000305175781,86.25,86.30000305175781,718776
2026-06-09 16:30:00,86.6500015258789,86.80000305175781,86.5,86.75,652629
2026-06-09 16:45:00,86.5999984741211,87.5,86.55000305175781,86.6500015258789,1096286
2026-06-09 17:00:00,86.5,86.8499984741211,86.44999694824219,86.5999984741211,613371
2026-06-09 17:15:00,86.55000305175781,86.69999694824219,86.3499984741211,86.44999694824219,703214
2026-06-09 17:30:00,86.5999984741211,86.6500015258789,86.44999694824219,86.55000305175781,475713
2026-06-09 17:45:00,86.5,86.6500015258789,86.3499984741211,86.55000305175781,1345643
2026-06-10 09:45:00,86.19999694824219,86.19999694824219,86.19999694824219,86.19999694824219,0
2026-06-10 10:00:00,86.4000015258789,86.5,85.8499984741211,86.1500015258789,1482922
2026-06-10 10:15:00,86.4000015258789,86.5999984741211,86.19999694824219,86.4000015258789,524219
2026-06-10 10:30:00,86.25,86.44999694824219,86.05000305175781,86.4000015258789,415582
2026-06-10 10:45:00,86.3499984741211,86.4000015258789,86.0999984741211,86.25,386113
2026-06-10 11:00:00,86.19999694824219,86.75,86.1500015258789,86.4000015258789,898477
2026-06-10 11:15:00,86.3499984741211,86.6500015258789,86.0999984741211,86.19999694824219,919313
2026-06-10 11:30:00,86.1500015258789,86.5999984741211,86.0999984741211,86.4000015258789,540772
2026-06-10 11:45:00,86.1500015258789,86.30000305175781,85.94999694824219,86.1500015258789,399283
2026-06-10 12:00:00,86.1500015258789,86.30000305175781,86.05000305175781,86.0999984741211,228010
2026-06-10 12:15:00,86.80000305175781,86.80000305175781,86.05000305175781,86.1500015258789,702613
2026-06-10 12:30:00,86.5999984741211,86.8499984741211,86.55000305175781,86.75,373508
2026-06-10 12:45:00,86.5999984741211,86.69999694824219,86.55000305175781,86.5999984741211,230573
2026-06-10 13:00:00,86.44999694824219,86.5999984741211,86.4000015258789,86.55000305175781,191224
2026-06-10 13:15:00,86.55000305175781,86.5999984741211,86.3499984741211,86.44999694824219,422469
2026-06-10 13:30:00,86.5999984741211,86.75,86.5,86.55000305175781,271412
2026-06-10 13:45:00,86.55000305175781,86.69999694824219,86.44999694824219,86.5999984741211,133931
2026-06-10 14:00:00,86.25,86.5999984741211,86.19999694824219,86.55000305175781,566018
2026-06-10 14:15:00,86.25,86.5,86.1500015258789,86.30000305175781,606787
2026-06-10 14:30:00,86.0,86.30000305175781,85.80000305175781,86.19999694824219,1018362
2026-06-10 14:45:00,86.25,86.30000305175781,85.8499984741211,86.0,1344957
2026-06-10 15:00:00,86.3499984741211,86.4000015258789,86.1500015258789,86.25,317364
2026-06-10 15:15:00,86.44999694824219,86.44999694824219,86.25,86.30000305175781,372702
2026-06-10 15:30:00,86.5,86.75,86.4000015258789,86.4000015258789,637493
2026-06-10 15:45:00,86.44999694824219,86.69999694824219,86.4000015258789,86.5,447718
2026-06-10 16:00:00,86.6500015258789,86.75,86.4000015258789,86.44999694824219,438123
2026-06-10 16:15:00,86.69999694824219,86.80000305175781,86.55000305175781,86.69999694824219,357599
2026-06-10 16:30:00,87.69999694824219,87.75,86.6500015258789,86.69999694824219,2525075
2026-06-10 16:45:00,87.44999694824219,87.80000305175781,87.30000305175781,87.6500015258789,1112213
2026-06-10 17:00:00,87.44999694824219,87.5999984741211,87.3499984741211,87.55000305175781,657873
2026-06-10 17:15:00,87.3499984741211,87.6500015258789,87.30000305175781,87.44999694824219,651395
2026-06-10 17:30:00,87.69999694824219,87.9000015258789,87.4000015258789,87.4000015258789,1329843
2026-06-10 17:45:00,87.6500015258789,87.94999694824219,87.55000305175781,87.69999694824219,1109737
2026-06-11 09:45:00,87.19999694824219,87.19999694824219,87.19999694824219,87.19999694824219,0
2026-06-11 10:00:00,86.8499984741211,87.44999694824219,86.75,87.25,1253979
2026-06-11 10:15:00,87.30000305175781,87.30000305175781,86.69999694824219,86.8499984741211,906287
2026-06-11 10:30:00,87.0999984741211,87.4000015258789,87.0999984741211,87.30000305175781,603251
2026-06-11 10:45:00,87.19999694824219,87.3499984741211,86.80000305175781,87.1500015258789,1057044
2026-06-11 11:00:00,87.19999694824219,87.19999694824219,87.0999984741211,87.1500015258789,279643
2026-06-11 11:15:00,87.25,87.4000015258789,86.9000015258789,87.1500015258789,823094
2026-06-11 11:30:00,87.30000305175781,87.4000015258789,87.19999694824219,87.25,335539
2026-06-11 11:45:00,87.25,87.3499984741211,87.19999694824219,87.30000305175781,490088
2026-06-11 12:00:00,87.05000305175781,87.25,87.0,87.19999694824219,973401
2026-06-11 12:15:00,87.05000305175781,87.19999694824219,87.0,87.05000305175781,341280
2026-06-11 12:30:00,87.05000305175781,87.1500015258789,86.94999694824219,87.0,348948
2026-06-11 12:45:00,87.0,87.0999984741211,86.94999694824219,87.05000305175781,431037
2026-06-11 13:00:00,87.0,87.19999694824219,86.94999694824219,87.0,298431
2026-06-11 13:15:00,87.0999984741211,87.1500015258789,87.0,87.0,128597
2026-06-11 13:30:00,87.19999694824219,87.30000305175781,87.0,87.0999984741211,249723
2026-06-11 13:45:00,87.0999984741211,87.30000305175781,87.05000305175781,87.25,255059
2026-06-11 14:00:00,87.30000305175781,87.5,87.0999984741211,87.0999984741211,559977
2026-06-11 14:15:00,87.6500015258789,87.6500015258789,87.19999694824219,87.25,358057
2026-06-11 14:30:00,87.3499984741211,87.9000015258789,87.25,87.5999984741211,681068
2026-06-11 14:45:00,87.1500015258789,87.3499984741211,86.94999694824219,87.3499984741211,1226115
2026-06-11 15:00:00,87.05000305175781,87.25,87.05000305175781,87.0999984741211,589733
2026-06-11 15:15:00,86.3499984741211,87.0999984741211,86.3499984741211,87.0999984741211,1546418
2026-06-11 15:30:00,85.6500015258789,86.3499984741211,85.55000305175781,86.3499984741211,1210910
2026-06-11 15:45:00,85.5999984741211,85.8499984741211,85.55000305175781,85.5999984741211,607293
2026-06-11 16:00:00,85.69999694824219,85.80000305175781,85.5,85.55000305175781,308679
2026-06-11 16:15:00,85.44999694824219,85.80000305175781,85.25,85.69999694824219,630708
2026-06-11 16:30:00,86.4000015258789,86.4000015258789,85.4000015258789,85.4000015258789,1812362
2026-06-11 16:45:00,86.44999694824219,86.69999694824219,86.3499984741211,86.4000015258789,732792
2026-06-11 17:00:00,86.0999984741211,86.5,86.05000305175781,86.44999694824219,464328
2026-06-11 17:15:00,86.05000305175781,86.3499984741211,86.05000305175781,86.05000305175781,417352
2026-06-11 17:30:00,86.44999694824219,86.5999984741211,86.0,86.0999984741211,1027504
2026-06-11 17:45:00,86.4000015258789,86.5999984741211,86.3499984741211,86.44999694824219,736550
2026-06-12 09:45:00,87.6500015258789,87.6500015258789,87.6500015258789,87.6500015258789,0
2026-06-12 10:00:00,87.5999984741211,88.0999984741211,87.4000015258789,87.69999694824219,1550348
2026-06-12 10:15:00,87.30000305175781,87.69999694824219,87.1500015258789,87.6500015258789,678538
2026-06-12 10:30:00,87.30000305175781,87.44999694824219,87.0999984741211,87.25,572583
2026-06-12 10:45:00,86.94999694824219,87.44999694824219,86.80000305175781,87.30000305175781,867978
2026-06-12 11:00:00,88.9000015258789,88.94999694824219,86.8499984741211,86.9000015258789,5169874
2026-06-12 11:15:00,88.5999984741211,88.9000015258789,88.30000305175781,88.9000015258789,2408783
2026-06-12 11:30:00,88.8499984741211,88.8499984741211,88.4000015258789,88.5999984741211,1297883
2026-06-12 11:45:00,88.8499984741211,89.30000305175781,88.69999694824219,88.8499984741211,1828910
2026-06-12 12:00:00,88.6500015258789,89.0,88.5999984741211,88.8499984741211,898326
2026-06-12 12:15:00,88.69999694824219,88.8499984741211,88.55000305175781,88.6500015258789,572217
2026-06-12 12:30:00,88.8499984741211,88.9000015258789,88.5999984741211,88.69999694824219,398502
2026-06-12 12:45:00,88.44999694824219,88.9000015258789,88.4000015258789,88.9000015258789,577936
2026-06-12 13:00:00,88.69999694824219,88.75,88.4000015258789,88.4000015258789,475863
2026-06-12 13:15:00,88.0999984741211,88.75,88.0999984741211,88.69999694824219,483776
2026-06-12 13:30:00,88.4000015258789,88.44999694824219,88.1500015258789,88.1500015258789,203175
2026-06-12 13:45:00,88.5999984741211,88.69999694824219,88.3499984741211,88.3499984741211,304508
2026-06-12 14:00:00,88.5999984741211,88.6500015258789,88.44999694824219,88.5999984741211,199970
2026-06-12 14:15:00,88.3499984741211,88.6500015258789,88.3499984741211,88.6500015258789,224646
2026-06-12 14:30:00,88.19999694824219,88.4000015258789,88.0999984741211,88.3499984741211,474179
2026-06-12 14:45:00,88.0999984741211,88.19999694824219,88.05000305175781,88.19999694824219,362889
2026-06-12 15:00:00,88.05000305175781,88.19999694824219,88.0,88.1500015258789,629844
2026-06-12 15:15:00,88.25,88.30000305175781,88.0,88.0999984741211,329723
2026-06-12 15:30:00,88.19999694824219,88.44999694824219,88.1500015258789,88.19999694824219,349916
2026-06-12 15:45:00,87.9000015258789,88.25,87.80000305175781,88.25,657457
2026-06-12 16:00:00,87.80000305175781,88.0,87.69999694824219,87.9000015258789,530206
2026-06-12 16:15:00,87.9000015258789,87.94999694824219,87.69999694824219,87.75,255222
2026-06-12 16:30:00,87.19999694824219,87.94999694824219,87.1500015258789,87.9000015258789,960864
2026-06-12 16:45:00,86.30000305175781,87.25,86.30000305175781,87.1500015258789,2966666
2026-06-12 17:00:00,85.94999694824219,86.75,85.9000015258789,86.3499984741211,1386855
2026-06-12 17:15:00,86.19999694824219,86.4000015258789,85.9000015258789,85.94999694824219,1014073
2026-06-12 17:30:00,86.0999984741211,86.44999694824219,86.05000305175781,86.19999694824219,976120
2026-06-12 17:45:00,86.94999694824219,87.05000305175781,86.0999984741211,86.1500015258789,1836438
2026-06-15 09:45:00,89.30000305175781,89.30000305175781,89.30000305175781,89.30000305175781,0
2026-06-15 10:00:00,89.55000305175781,89.5999984741211,88.44999694824219,89.30000305175781,4352888
2026-06-15 10:15:00,88.8499984741211,89.5999984741211,88.6500015258789,89.55000305175781,2181286
2026-06-15 10:30:00,89.25,89.25,88.75,88.8499984741211,1321465
2026-06-15 10:45:00,89.55000305175781,89.6500015258789,89.1500015258789,89.19999694824219,1874546
2026-06-15 11:00:00,89.05000305175781,89.69999694824219,88.94999694824219,89.55000305175781,1522296
2026-06-15 11:15:00,89.5,89.55000305175781,88.9000015258789,89.0,730376
2026-06-15 11:30:00,89.9000015258789,90.0,89.4000015258789,89.44999694824219,1215933
2026-06-15 11:45:00,89.44999694824219,89.9000015258789,89.25,89.9000015258789,1105769
2026-06-15 12:00:00,89.5,89.55000305175781,89.4000015258789,89.44999694824219,413528
2026-06-15 12:15:00,89.44999694824219,89.55000305175781,89.25,89.5,429935
2026-06-15 12:30:00,89.4000015258789,89.5999984741211,89.4000015258789,89.44999694824219,335429
2026-06-15 12:45:00,89.3499984741211,89.5,89.30000305175781,89.4000015258789,563003
2026-06-15 13:00:00,89.44999694824219,89.44999694824219,89.25,89.4000015258789,462103
2026-06-15 13:15:00,89.5,89.6500015258789,89.3499984741211,89.44999694824219,763772
2026-06-15 13:30:00,89.5,89.6500015258789,89.4000015258789,89.44999694824219,578534
2026-06-15 13:45:00,89.75,89.80000305175781,89.44999694824219,89.5,643842
2026-06-15 14:00:00,89.5999984741211,89.8499984741211,89.55000305175781,89.69999694824219,361354
2026-06-15 14:15:00,89.80000305175781,89.80000305175781,89.5,89.55000305175781,390573
2026-06-15 14:30:00,89.94999694824219,90.25,89.75,89.80000305175781,1778073
2026-06-15 14:45:00,90.0999984741211,90.1500015258789,89.94999694824219,90.0,828426
2026-06-15 15:00:00,89.4000015258789,90.0999984741211,89.3499984741211,90.0999984741211,1007574
2026-06-15 15:15:00,89.6500015258789,89.69999694824219,89.30000305175781,89.44999694824219,433327
2026-06-15 15:30:00,89.94999694824219,90.05000305175781,89.55000305175781,89.6500015258789,662591
2026-06-15 15:45:00,89.94999694824219,90.0999984741211,89.8499984741211,89.9000015258789,809398
2026-06-15 16:00:00,90.19999694824219,90.30000305175781,89.8499984741211,89.94999694824219,1218998
2026-06-15 16:15:00,90.19999694824219,90.4000015258789,90.0,90.19999694824219,765199
2026-06-15 16:30:00,90.0999984741211,90.4000015258789,90.0999984741211,90.1500015258789,542468
2026-06-15 16:45:00,90.19999694824219,90.3499984741211,90.0999984741211,90.0999984741211,605960
2026-06-15 17:00:00,90.0999984741211,90.3499984741211,90.0,90.19999694824219,635565
2026-06-15 17:15:00,90.30000305175781,90.30000305175781,90.05000305175781,90.0999984741211,412428
2026-06-15 17:30:00,90.30000305175781,90.44999694824219,90.19999694824219,90.30000305175781,866599
2026-06-15 17:45:00,90.30000305175781,90.55000305175781,90.1500015258789,90.25,1247479
2026-06-16 09:45:00,90.0999984741211,90.0999984741211,90.0999984741211,90.0999984741211,0
2026-06-16 10:00:00,91.19999694824219,91.30000305175781,89.75,90.1500015258789,3467212
2026-06-16 10:15:00,90.9000015258789,91.3499984741211,90.80000305175781,91.19999694824219,1493423
2026-06-16 10:30:00,90.94999694824219,91.55000305175781,90.80000305175781,90.94999694824219,1629541
2026-06-16 10:45:00,90.9000015258789,91.1500015258789,90.75,90.94999694824219,922893
2026-06-16 11:00:00,91.0999984741211,91.1500015258789,90.8499984741211,90.9000015258789,610159
2026-06-16 11:15:00,91.0,91.0999984741211,90.80000305175781,91.0999984741211,360056
2026-06-16 11:30:00,90.8499984741211,91.05000305175781,90.80000305175781,91.05000305175781,640850
2026-06-16 11:45:00,91.1500015258789,91.25,90.9000015258789,90.9000015258789,390485
2026-06-16 12:00:00,91.44999694824219,91.55000305175781,91.1500015258789,91.1500015258789,742133
2026-06-16 12:15:00,91.5999984741211,91.5999984741211,91.30000305175781,91.44999694824219,559422
2026-06-16 12:30:00,91.6500015258789,91.80000305175781,91.5,91.5999984741211,692496
2026-06-16 12:45:00,91.75,91.94999694824219,91.5999984741211,91.6500015258789,821388
2026-06-16 13:00:00,91.80000305175781,91.9000015258789,91.55000305175781,91.75,453572
2026-06-16 13:15:00,92.0999984741211,92.0999984741211,91.75,91.80000305175781,1164877
2026-06-16 13:30:00,92.0999984741211,92.30000305175781,91.9000015258789,92.05000305175781,1377503
2026-06-16 13:45:00,91.94999694824219,92.1500015258789,91.80000305175781,92.0999984741211,695699
2026-06-16 14:00:00,91.94999694824219,92.0999984741211,91.8499984741211,92.0,612893
2026-06-16 14:15:00,91.80000305175781,91.94999694824219,91.6500015258789,91.94999694824219,666479
2026-06-16 14:30:00,91.5999984741211,92.0,91.55000305175781,91.75,732103
2026-06-16 14:45:00,91.19999694824219,91.5999984741211,91.05000305175781,91.55000305175781,1377855
2026-06-16 15:00:00,91.3499984741211,91.5,91.19999694824219,91.25,416997
2026-06-16 15:15:00,91.19999694824219,91.3499984741211,91.05000305175781,91.3499984741211,561673
2026-06-16 15:30:00,91.55000305175781,91.6500015258789,91.1500015258789,91.19999694824219,506709
2026-06-16 15:45:00,91.44999694824219,91.75,91.4000015258789,91.55000305175781,447418
2026-06-16 16:00:00,91.5,91.75,91.44999694824219,91.44999694824219,569240
2026-06-16 16:15:00,91.44999694824219,91.5999984741211,91.3499984741211,91.55000305175781,556346
2026-06-16 16:30:00,91.44999694824219,91.75,91.4000015258789,91.44999694824219,555881
2026-06-16 16:45:00,91.0999984741211,91.5,91.05000305175781,91.44999694824219,938304
2026-06-16 17:00:00,90.9000015258789,91.25,90.8499984741211,91.0999984741211,983602
2026-06-16 17:15:00,90.6500015258789,90.9000015258789,90.5999984741211,90.8499984741211,750979
2026-06-16 17:30:00,91.0999984741211,91.25,90.5999984741211,90.6500015258789,832072
2026-06-16 17:45:00,91.0999984741211,91.25,91.05000305175781,91.1500015258789,680018
2026-06-17 09:45:00,91.75,91.75,91.75,91.75,0
2026-06-17 10:00:00,90.5,92.05000305175781,90.44999694824219,91.80000305175781,1820880
2026-06-17 10:15:00,90.3499984741211,90.75,90.19999694824219,90.44999694824219,840905
2026-06-17 10:30:00,90.9000015258789,90.94999694824219,90.0999984741211,90.30000305175781,574560
2026-06-17 10:45:00,90.75,91.25,90.69999694824219,90.9000015258789,652991
2026-06-17 11:00:00,90.69999694824219,90.94999694824219,90.6500015258789,90.80000305175781,334938
2026-06-17 11:15:00,90.5999984741211,90.75,90.5,90.75,339181
2026-06-17 11:30:00,90.3499984741211,90.69999694824219,90.3499984741211,90.5999984741211,336384
2026-06-17 11:45:00,90.25,90.44999694824219,90.19999694824219,90.4000015258789,336550
2026-06-17 12:00:00,90.30000305175781,90.4000015258789,90.19999694824219,90.30000305175781,240518
2026-06-17 12:15:00,90.44999694824219,90.44999694824219,90.30000305175781,90.30000305175781,166768
2026-06-17 12:30:00,90.44999694824219,90.5,90.3499984741211,90.44999694824219,141986
2026-06-17 12:45:00,90.30000305175781,90.44999694824219,90.25,90.44999694824219,221323
2026-06-17 13:00:00,90.4000015258789,90.5,90.1500015258789,90.30000305175781,487491
2026-06-17 13:15:00,90.4000015258789,90.5,90.30000305175781,90.3499984741211,258534
2026-06-17 13:30:00,90.5,90.55000305175781,90.3499984741211,90.3499984741211,116662
2026-06-17 13:45:00,90.44999694824219,90.5999984741211,90.44999694824219,90.55000305175781,160037
2026-06-17 14:00:00,90.25,90.5,90.19999694824219,90.5,259362
2026-06-17 14:15:00,89.9000015258789,90.4000015258789,89.8499984741211,90.19999694824219,785647
2026-06-17 14:30:00,89.8499984741211,90.05000305175781,89.80000305175781,89.9000015258789,703238
2026-06-17 14:45:00,89.69999694824219,90.0,89.5999984741211,89.80000305175781,777636
2026-06-17 15:00:00,89.6500015258789,89.8499984741211,89.5,89.75,456430
2026-06-17 15:15:00,89.75,89.80000305175781,89.44999694824219,89.6500015258789,374038
2026-06-17 15:30:00,89.3499984741211,89.8499984741211,89.30000305175781,89.80000305175781,709008
2026-06-17 15:45:00,89.30000305175781,89.44999694824219,89.30000305175781,89.4000015258789,473538
2026-06-17 16:00:00,89.5,89.55000305175781,89.25,89.3499984741211,518991
2026-06-17 16:15:00,89.55000305175781,89.8499984741211,89.44999694824219,89.5,435568
2026-06-17 16:30:00,89.55000305175781,89.6500015258789,89.05000305175781,89.55000305175781,1012635
2026-06-17 16:45:00,89.5999984741211,89.80000305175781,89.44999694824219,89.5,809274
2026-06-17 17:00:00,89.55000305175781,89.6500015258789,89.3499984741211,89.5999984741211,730909
2026-06-17 17:15:00,89.25,89.5999984741211,89.05000305175781,89.55000305175781,662864
2026-06-17 17:30:00,89.3499984741211,89.5,89.05000305175781,89.30000305175781,836316
2026-06-17 17:45:00,89.30000305175781,89.55000305175781,89.19999694824219,89.3499984741211,1373676
2026-06-18 09:45:00,89.9000015258789,89.9000015258789,89.9000015258789,89.9000015258789,0
2026-06-18 10:00:00,89.80000305175781,90.05000305175781,89.5999984741211,89.9000015258789,1279299
2026-06-18 10:15:00,89.55000305175781,89.80000305175781,89.19999694824219,89.75,996937
2026-06-18 10:30:00,90.0999984741211,90.0999984741211,89.44999694824219,89.55000305175781,783140
2026-06-18 10:45:00,90.5999984741211,90.8499984741211,90.0999984741211,90.0999984741211,2043538
2026-06-18 11:00:00,90.9000015258789,91.05000305175781,90.55000305175781,90.5999984741211,955579
2026-06-18 11:15:00,90.9000015258789,91.05000305175781,90.5,90.9000015258789,1086820
2026-06-18 11:30:00,90.94999694824219,91.0,90.69999694824219,90.8499984741211,373659
2026-06-18 11:45:00,91.05000305175781,91.3499984741211,90.9000015258789,90.94999694824219,928829
2026-06-18 12:00:00,91.0,91.19999694824219,90.94999694824219,91.05000305175781,616348
2026-06-18 12:15:00,90.94999694824219,91.05000305175781,90.9000015258789,90.94999694824219,269094
2026-06-18 12:30:00,90.94999694824219,91.0,90.80000305175781,90.9000015258789,245751
2026-06-18 12:45:00,91.0,91.0999984741211,90.9000015258789,91.0,174923
2026-06-18 13:00:00,91.1500015258789,91.1500015258789,90.94999694824219,91.0,261379
2026-06-18 13:15:00,91.25,91.5999984741211,91.0999984741211,91.1500015258789,1108557
2026-06-18 13:30:00,90.9000015258789,91.3499984741211,90.9000015258789,91.25,686566
2026-06-18 13:45:00,91.19999694824219,91.19999694824219,90.9000015258789,90.94999694824219,425463
2026-06-18 14:00:00,90.8499984741211,91.19999694824219,90.75,91.19999694824219,407896
2026-06-18 14:15:00,90.8499984741211,90.94999694824219,90.75,90.8499984741211,193738
2026-06-18 14:30:00,90.9000015258789,91.05000305175781,90.80000305175781,90.8499984741211,361253
2026-06-18 14:45:00,90.75,90.9000015258789,90.55000305175781,90.8499984741211,359418
2026-06-18 15:00:00,90.6500015258789,90.75,90.44999694824219,90.69999694824219,422003
2026-06-18 15:15:00,90.5,90.69999694824219,90.44999694824219,90.6500015258789,392583
2026-06-18 15:30:00,90.5999984741211,90.69999694824219,90.5,90.5,248393
2026-06-18 15:45:00,90.8499984741211,90.9000015258789,90.6500015258789,90.6500015258789,300145
2026-06-18 16:00:00,91.19999694824219,91.3499984741211,90.80000305175781,90.80000305175781,728419
2026-06-18 16:15:00,91.44999694824219,91.5,91.1500015258789,91.1500015258789,616205
2026-06-18 16:30:00,91.4000015258789,91.5,91.3499984741211,91.44999694824219,337886
2026-06-18 16:45:00,91.3499984741211,91.69999694824219,91.30000305175781,91.4000015258789,1218743
2026-06-18 17:00:00,91.6500015258789,91.69999694824219,91.30000305175781,91.4000015258789,691756
2026-06-18 17:15:00,91.69999694824219,91.80000305175781,91.5999984741211,91.6500015258789,1053748
2026-06-18 17:30:00,91.69999694824219,91.75,91.6500015258789,91.69999694824219,652963
2026-06-18 17:45:00,91.8499984741211,91.9000015258789,91.5999984741211,91.69999694824219,1295281
2026-06-19 09:45:00,90.9000015258789,90.9000015258789,90.9000015258789,90.9000015258789,0
2026-06-19 10:00:00,90.5,90.9000015258789,90.0,90.8499984741211,2416517
2026-06-19 10:15:00,90.6500015258789,90.75,90.19999694824219,90.44999694824219,1088910
2026-06-19 10:30:00,90.80000305175781,90.8499984741211,90.5,90.6500015258789,570445
2026-06-19 10:45:00,90.55000305175781,90.80000305175781,90.5,90.80000305175781,389049
2026-06-19 11:00:00,90.5,90.8499984741211,90.44999694824219,90.55000305175781,311550
2026-06-19 11:15:00,90.5999984741211,90.6500015258789,90.5,90.5,239136
2026-06-19 11:30:00,90.6500015258789,90.75,90.5,90.5999984741211,222655
2026-06-19 11:45:00,90.69999694824219,90.8499984741211,90.5999984741211,90.6500015258789,748750
2026-06-19 12:00:00,90.5,90.69999694824219,90.5,90.69999694824219,260068
2026-06-19 12:15:00,90.5,90.5999984741211,90.44999694824219,90.55000305175781,152566
2026-06-19 12:30:00,90.5,90.55000305175781,90.44999694824219,90.5,134186
2026-06-19 12:45:00,90.5,90.5999984741211,90.4000015258789,90.5,173516
2026-06-19 13:00:00,90.44999694824219,90.55000305175781,90.4000015258789,90.5,287337
2026-06-19 13:15:00,90.4000015258789,90.5999984741211,90.3499984741211,90.44999694824219,301884
2026-06-19 13:30:00,90.1500015258789,90.5,90.05000305175781,90.44999694824219,583248
2026-06-19 13:45:00,90.1500015258789,90.30000305175781,90.0999984741211,90.1500015258789,353407
2026-06-19 14:00:00,90.25,90.25,90.0999984741211,90.0999984741211,180771
2026-06-19 14:15:00,90.19999694824219,90.30000305175781,90.0999984741211,90.19999694824219,496095
2026-06-19 14:30:00,90.25,90.30000305175781,90.1500015258789,90.19999694824219,233482
2026-06-19 14:45:00,90.25,90.4000015258789,90.1500015258789,90.25,316185
2026-06-19 15:00:00,90.1500015258789,90.3499984741211,90.05000305175781,90.25,865536
2026-06-19 15:15:00,90.3499984741211,90.4000015258789,90.0999984741211,90.1500015258789,200978
2026-06-19 15:30:00,90.30000305175781,90.5,90.25,90.30000305175781,334660
2026-06-19 15:45:00,90.94999694824219,91.5999984741211,90.25,90.30000305175781,2894202
2026-06-19 16:00:00,90.55000305175781,91.19999694824219,90.55000305175781,90.9000015258789,961327
2026-06-19 16:15:00,90.5,90.5999984741211,90.4000015258789,90.55000305175781,315108
2026-06-19 16:30:00,90.3499984741211,90.5,90.30000305175781,90.44999694824219,261675
2026-06-19 16:45:00,90.3499984741211,90.44999694824219,90.30000305175781,90.3499984741211,224397
2026-06-19 17:00:00,90.69999694824219,90.75,90.25,90.3499984741211,826899
2026-06-19 17:15:00,90.75,90.80000305175781,90.6500015258789,90.75,401599
2026-06-19 17:30:00,90.5999984741211,90.80000305175781,90.3499984741211,90.75,766518
2026-06-19 17:45:00,90.6500015258789,90.6500015258789,90.44999694824219,90.55000305175781,682801
2026-06-22 09:45:00,91.1500015258789,91.1500015258789,91.1500015258789,91.1500015258789,0
2026-06-22 10:00:00,90.75,91.5,90.5999984741211,91.19999694824219,1570425
2026-06-22 10:15:00,90.6500015258789,90.9000015258789,90.5999984741211,90.69999694824219,608967
2026-06-22 10:30:00,90.55000305175781,90.69999694824219,90.5,90.69999694824219,546533
2026-06-22 10:45:00,90.44999694824219,90.5999984741211,90.30000305175781,90.5999984741211,553175
2026-06-22 11:00:00,90.4000015258789,90.5999984741211,90.25,90.4000015258789,750317
2026-06-22 11:15:00,90.3499984741211,90.44999694824219,90.25,90.4000015258789,285651
2026-06-22 11:30:00,90.5,90.55000305175781,90.30000305175781,90.3499984741211,385017
2026-06-22 11:45:00,90.9000015258789,90.9000015258789,90.3499984741211,90.5,820497
2026-06-22 12:00:00,90.75,90.9000015258789,90.6500015258789,90.9000015258789,762364
2026-06-22 12:15:00,90.5999984741211,90.75,90.5,90.69999694824219,416361
2026-06-22 12:30:00,90.55000305175781,90.6500015258789,90.5,90.5999984741211,288161
2026-06-22 12:45:00,90.5,90.69999694824219,90.5,90.5,305938
2026-06-22 13:00:00,90.6500015258789,90.75,90.5,90.5,199238
2026-06-22 13:15:00,90.55000305175781,90.6500015258789,90.5,90.6500015258789,178749
2026-06-22 13:30:00,90.6500015258789,90.6500015258789,90.5,90.55000305175781,197279
2026-06-22 13:45:00,90.55000305175781,90.6500015258789,90.5,90.5999984741211,152166
2026-06-22 14:00:00,90.6500015258789,90.75,90.5,90.5,279034
2026-06-22 14:15:00,90.5,90.69999694824219,90.5,90.6500015258789,246545
2026-06-22 14:30:00,90.44999694824219,90.55000305175781,90.4000015258789,90.55000305175781,385455
2026-06-22 14:45:00,90.44999694824219,90.5,90.4000015258789,90.5,235684
2026-06-22 15:00:00,90.44999694824219,90.44999694824219,90.30000305175781,90.44999694824219,337369
2026-06-22 15:15:00,90.3499984741211,90.5,90.30000305175781,90.44999694824219,169192
2026-06-22 15:30:00,90.3499984741211,90.4000015258789,90.19999694824219,90.3499984741211,354872
2026-06-22 15:45:00,90.25,90.4000015258789,90.25,90.4000015258789,183432
2026-06-22 16:00:00,90.19999694824219,90.4000015258789,90.05000305175781,90.25,457806
2026-06-22 16:15:00,90.25,90.30000305175781,90.1500015258789,90.25,190628
2026-06-22 16:30:00,90.0999984741211,90.3499984741211,90.0999984741211,90.25,306744
2026-06-22 16:45:00,90.0999984741211,90.25,90.05000305175781,90.1500015258789,534337
2026-06-22 17:00:00,90.0,90.1500015258789,89.94999694824219,90.0999984741211,621781
2026-06-22 17:15:00,89.9000015258789,90.0,89.80000305175781,90.0,550741
2026-06-22 17:30:00,89.8499984741211,89.9000015258789,89.80000305175781,89.8499984741211,387952
2026-06-22 17:45:00,89.9000015258789,90.05000305175781,89.80000305175781,89.80000305175781,915192
2026-06-23 09:45:00,89.80000305175781,89.80000305175781,89.80000305175781,89.80000305175781,0
2026-06-23 10:00:00,89.0999984741211,89.80000305175781,88.69999694824219,89.75,1761436
2026-06-23 10:15:00,88.8499984741211,89.0999984741211,88.6500015258789,89.05000305175781,741189
2026-06-23 10:30:00,88.5,88.8499984741211,88.44999694824219,88.8499984741211,715447
2026-06-23 10:45:00,88.44999694824219,88.69999694824219,88.30000305175781,88.5,570414
2026-06-23 11:00:00,88.4000015258789,88.5,88.19999694824219,88.4000015258789,697105
2026-06-23 11:15:00,88.3499984741211,88.5,88.19999694824219,88.4000015258789,440062
2026-06-23 11:30:00,88.5,88.55000305175781,88.19999694824219,88.3499984741211,427821
2026-06-23 11:45:00,88.55000305175781,88.6500015258789,88.44999694824219,88.5,333638
2026-06-23 12:00:00,88.30000305175781,88.6500015258789,88.25,88.55000305175781,395545
2026-06-23 12:15:00,88.4000015258789,88.5,88.25,88.30000305175781,178906
2026-06-23 12:30:00,88.5,88.55000305175781,88.4000015258789,88.44999694824219,153620
2026-06-23 12:45:00,88.55000305175781,88.5999984741211,88.44999694824219,88.55000305175781,192378
2026-06-23 13:00:00,88.5999984741211,88.6500015258789,88.44999694824219,88.55000305175781,175268
2026-06-23 13:15:00,88.4000015258789,88.6500015258789,88.3499984741211,88.5999984741211,270454
2026-06-23 13:30:00,88.1500015258789,88.4000015258789,88.0999984741211,88.3499984741211,446965
2026-06-23 13:45:00,88.30000305175781,88.30000305175781,88.05000305175781,88.1500015258789,346057
2026-06-23 14:00:00,88.55000305175781,88.55000305175781,88.25,88.30000305175781,322834
2026-06-23 14:15:00,88.55000305175781,88.69999694824219,88.3499984741211,88.5,289477
2026-06-23 14:30:00,88.4000015258789,88.55000305175781,88.3499984741211,88.55000305175781,247022
2026-06-23 14:45:00,88.25,88.4000015258789,88.19999694824219,88.3499984741211,359644
2026-06-23 15:00:00,88.30000305175781,88.4000015258789,88.19999694824219,88.25,295807
2026-06-23 15:15:00,87.55000305175781,88.3499984741211,87.5,88.25,1441595
2026-06-23 15:30:00,87.75,87.80000305175781,87.5,87.55000305175781,602693
2026-06-23 15:45:00,87.6500015258789,87.80000305175781,87.55000305175781,87.75,487545
2026-06-23 16:00:00,87.80000305175781,87.9000015258789,87.5999984741211,87.6500015258789,456016
2026-06-23 16:15:00,87.9000015258789,87.9000015258789,87.6500015258789,87.80000305175781,346080
2026-06-23 16:30:00,87.8499984741211,88.0,87.75,87.9000015258789,295805
2026-06-23 16:45:00,88.05000305175781,88.0999984741211,87.75,87.8499984741211,226490
2026-06-23 17:00:00,88.25,88.30000305175781,88.05000305175781,88.05000305175781,629796
2026-06-23 17:15:00,88.0,88.25,87.9000015258789,88.25,518845
2026-06-23 17:30:00,88.0,88.0999984741211,87.8499984741211,88.0,348281
2026-06-23 17:45:00,88.0999984741211,88.1500015258789,87.94999694824219,87.94999694824219,544418
2026-06-24 09:45:00,88.0,88.0,88.0,88.0,0
2026-06-24 10:00:00,88.0,88.19999694824219,87.5999984741211,88.05000305175781,878938
2026-06-24 10:15:00,87.55000305175781,88.1500015258789,87.55000305175781,88.0,522372
2026-06-24 10:30:00,87.75,87.80000305175781,87.55000305175781,87.55000305175781,339949
2026-06-24 10:45:00,87.80000305175781,87.94999694824219,87.6500015258789,87.75,310461
2026-06-24 11:00:00,87.8499984741211,87.9000015258789,87.6500015258789,87.80000305175781,275873
2026-06-24 11:15:00,88.0,88.0,87.69999694824219,87.80000305175781,383548
2026-06-24 11:30:00,87.80000305175781,88.1500015258789,87.75,88.0,421803
2026-06-24 11:45:00,87.55000305175781,87.80000305175781,87.3499984741211,87.75,707733
2026-06-24 12:00:00,87.5999984741211,87.6500015258789,87.44999694824219,87.5999984741211,181213
2026-06-24 12:15:00,87.55000305175781,87.69999694824219,87.5,87.5999984741211,196443
2026-06-24 12:30:00,87.3499984741211,87.5999984741211,87.3499984741211,87.5999984741211,278691
2026-06-24 12:45:00,87.44999694824219,87.55000305175781,87.30000305175781,87.3499984741211,209996
2026-06-24 13:00:00,87.5999984741211,87.6500015258789,87.4000015258789,87.44999694824219,173357
2026-06-24 13:15:00,87.5999984741211,87.6500015258789,87.44999694824219,87.5999984741211,121212
2026-06-24 13:30:00,87.44999694824219,87.6500015258789,87.4000015258789,87.6500015258789,159728
2026-06-24 13:45:00,87.0999984741211,87.55000305175781,87.05000305175781,87.5,389522
2026-06-24 14:00:00,86.69999694824219,87.0999984741211,86.5999984741211,87.0999984741211,531912
2026-06-24 14:15:00,86.6500015258789,86.75,86.55000305175781,86.75,394129
2026-06-24 14:30:00,86.75,86.75,86.5999984741211,86.6500015258789,251181
2026-06-24 14:45:00,86.80000305175781,86.94999694824219,86.69999694824219,86.75,249779
2026-06-24 15:00:00,86.75,86.80000305175781,86.6500015258789,86.75,184704
2026-06-24 15:15:00,86.6500015258789,86.75,86.55000305175781,86.69999694824219,455780
2026-06-24 15:30:00,86.5999984741211,86.69999694824219,86.55000305175781,86.6500015258789,142663
2026-06-24 15:45:00,86.6500015258789,86.69999694824219,86.5,86.5999984741211,371117
2026-06-24 16:00:00,86.5999984741211,86.75,86.55000305175781,86.6500015258789,252225
2026-06-24 16:15:00,86.75,86.80000305175781,86.55000305175781,86.6500015258789,334966
2026-06-24 16:30:00,86.6500015258789,87.0999984741211,86.5999984741211,86.75,572028
2026-06-24 16:45:00,87.0999984741211,87.1500015258789,86.69999694824219,86.69999694824219,543316
2026-06-24 17:00:00,86.80000305175781,87.1500015258789,86.6500015258789,87.1500015258789,376112
2026-06-24 17:15:00,87.0,87.0,86.69999694824219,86.80000305175781,340588
2026-06-24 17:30:00,86.75,87.0999984741211,86.5999984741211,87.0,737462
2026-06-24 17:45:00,86.5999984741211,86.80000305175781,86.55000305175781,86.75,1187763
2026-06-25 09:45:00,87.05000305175781,87.05000305175781,87.05000305175781,87.05000305175781,0
2026-06-25 10:00:00,87.30000305175781,87.55000305175781,87.05000305175781,87.0999984741211,1481226
2026-06-25 10:15:00,87.6500015258789,87.69999694824219,87.25,87.30000305175781,1060004
2026-06-25 10:30:00,87.69999694824219,87.80000305175781,87.55000305175781,87.6500015258789,760379
2026-06-25 10:45:00,87.55000305175781,87.69999694824219,87.3499984741211,87.69999694824219,602727
2026-06-25 11:00:00,87.6500015258789,87.6500015258789,87.44999694824219,87.5999984741211,391159
2026-06-25 11:15:00,87.5,87.6500015258789,87.44999694824219,87.5999984741211,198414
2026-06-25 11:30:00,87.5999984741211,87.6500015258789,87.30000305175781,87.5,350730
2026-06-25 11:45:00,87.69999694824219,87.75,87.55000305175781,87.5999984741211,370118
2026-06-25 12:00:00,87.55000305175781,87.75,87.55000305175781,87.69999694824219,428085
2026-06-25 12:15:00,87.44999694824219,87.75,87.3499984741211,87.55000305175781,474636
2026-06-25 12:30:00,87.25,87.55000305175781,87.19999694824219,87.5,370508
2026-06-25 12:45:00,87.1500015258789,87.30000305175781,87.0999984741211,87.25,428144
2026-06-25 13:00:00,86.9000015258789,87.25,86.8499984741211,87.1500015258789,428851
2026-06-25 13:15:00,86.94999694824219,87.0,86.75,86.8499984741211,250201
2026-06-25 13:30:00,86.94999694824219,87.0,86.80000305175781,86.94999694824219,336475
2026-06-25 13:45:00,87.05000305175781,87.0999984741211,86.8499984741211,86.9000015258789,257691
2026-06-25 14:00:00,86.75,87.0999984741211,86.75,87.05000305175781,492173
2026-06-25 14:15:00,87.0999984741211,87.5,86.5,86.69999694824219,2249990
2026-06-25 14:30:00,86.9000015258789,87.1500015258789,86.80000305175781,87.0999984741211,708078
2026-06-25 14:45:00,86.6500015258789,86.9000015258789,86.6500015258789,86.8499984741211,358276
2026-06-25 15:00:00,86.75,86.80000305175781,86.5999984741211,86.69999694824219,199288
2026-06-25 15:15:00,86.9000015258789,86.94999694824219,86.5999984741211,86.75,244845
2026-06-25 15:30:00,86.9000015258789,87.19999694824219,86.6500015258789,86.9000015258789,323402
2026-06-25 15:45:00,86.80000305175781,87.0,86.80000305175781,86.9000015258789,208961
2026-06-25 16:00:00,86.80000305175781,86.94999694824219,86.5999984741211,86.80000305175781,233738
2026-06-25 16:15:00,86.80000305175781,87.05000305175781,86.75,86.8499984741211,242907
2026-06-25 16:30:00,86.6500015258789,87.0,86.5999984741211,86.8499984741211,250953
2026-06-25 16:45:00,86.80000305175781,86.9000015258789,86.5,86.5999984741211,518883
2026-06-25 17:00:00,86.5999984741211,87.0,86.55000305175781,86.75,431863
2026-06-25 17:15:00,86.5999984741211,86.75,86.5,86.5999984741211,333340
2026-06-25 17:30:00,86.55000305175781,86.69999694824219,86.5,86.5999984741211,351881
2026-06-25 17:45:00,86.5,86.6500015258789,86.3499984741211,86.55000305175781,1027330
2026-06-26 09:45:00,86.4000015258789,86.4000015258789,86.4000015258789,86.4000015258789,0
2026-06-26 10:00:00,86.75,86.80000305175781,86.25,86.44999694824219,1000388
2026-06-26 10:15:00,86.3499984741211,86.8499984741211,86.30000305175781,86.80000305175781,543765
2026-06-26 10:30:00,86.44999694824219,86.5999984741211,86.25,86.3499984741211,501846
2026-06-26 10:45:00,86.55000305175781,86.5999984741211,86.4000015258789,86.44999694824219,287972
2026-06-26 11:00:00,86.44999694824219,86.6500015258789,86.30000305175781,86.55000305175781,551589
2026-06-26 11:15:00,86.69999694824219,86.69999694824219,86.3499984741211,86.5,499336
2026-06-26 11:30:00,86.3499984741211,86.69999694824219,86.30000305175781,86.69999694824219,442157
2026-06-26 11:45:00,86.19999694824219,86.3499984741211,86.19999694824219,86.3499984741211,451461
2026-06-26 12:00:00,86.19999694824219,86.30000305175781,86.0999984741211,86.19999694824219,343864
2026-06-26 12:15:00,86.25,86.4000015258789,86.1500015258789,86.19999694824219,424706
2026-06-26 12:30:00,86.25,86.30000305175781,86.1500015258789,86.30000305175781,303378
2026-06-26 12:45:00,86.0999984741211,86.30000305175781,86.0,86.25,199925
2026-06-26 13:00:00,86.0,86.0999984741211,85.9000015258789,86.05000305175781,439724
2026-06-26 13:15:00,86.1500015258789,86.19999694824219,85.94999694824219,86.0,142859
2026-06-26 13:30:00,86.1500015258789,86.25,86.0,86.1500015258789,239444
2026-06-26 13:45:00,86.19999694824219,86.25,86.1500015258789,86.1500015258789,113220
2026-06-26 14:00:00,86.19999694824219,86.3499984741211,86.1500015258789,86.19999694824219,222928
2026-06-26 14:15:00,86.05000305175781,86.25,86.05000305175781,86.25,171923
2026-06-26 14:30:00,86.0999984741211,86.25,86.0,86.05000305175781,260206
2026-06-26 14:45:00,85.9000015258789,86.19999694824219,85.8499984741211,86.0999984741211,524654
2026-06-26 15:00:00,85.9000015258789,86.0999984741211,85.80000305175781,85.8499984741211,257148
2026-06-26 15:15:00,85.9000015258789,85.94999694824219,85.8499984741211,85.94999694824219,131810
2026-06-26 15:30:00,85.9000015258789,86.0,85.80000305175781,85.94999694824219,301717
2026-06-26 15:45:00,86.0,86.0999984741211,85.80000305175781,85.9000015258789,283216
2026-06-26 16:00:00,86.05000305175781,86.0999984741211,85.8499984741211,86.05000305175781,257090
2026-06-26 16:15:00,86.0,86.05000305175781,85.75,86.05000305175781,414669
2026-06-26 16:30:00,85.80000305175781,86.1500015258789,85.69999694824219,86.0,528085
2026-06-26 16:45:00,86.0999984741211,86.1500015258789,85.69999694824219,85.80000305175781,448164
2026-06-26 17:00:00,86.0999984741211,86.1500015258789,85.9000015258789,86.0999984741211,387146
2026-06-26 17:15:00,85.94999694824219,86.1500015258789,85.9000015258789,86.05000305175781,189994
2026-06-26 17:30:00,86.0,86.25,85.9000015258789,85.94999694824219,421259
2026-06-26 17:45:00,86.30000305175781,86.30000305175781,86.05000305175781,86.05000305175781,841222
2026-06-29 09:45:00,86.3499984741211,86.3499984741211,86.3499984741211,86.3499984741211,0
2026-06-29 10:00:00,85.9000015258789,86.5999984741211,85.75,86.4000015258789,1661705
2026-06-29 10:15:00,86.25,86.25,85.80000305175781,85.9000015258789,1154138
2026-06-29 10:30:00,86.3499984741211,86.5,86.05000305175781,86.25,1236008
2026-06-29 10:45:00,86.44999694824219,86.5999984741211,86.19999694824219,86.3499984741211,544048
2026-06-29 11:00:00,86.05000305175781,86.44999694824219,86.05000305175781,86.4000015258789,512998
2026-06-29 11:15:00,85.5999984741211,86.0999984741211,85.55000305175781,86.0999984741211,960237
2026-06-29 11:30:00,85.6500015258789,85.75,85.5,85.5999984741211,495415
2026-06-29 11:45:00,85.6500015258789,85.80000305175781,85.55000305175781,85.6500015258789,395502
2026-06-29 12:00:00,85.69999694824219,85.80000305175781,85.55000305175781,85.6500015258789,355592
2026-06-29 12:15:00,85.6500015258789,85.75,85.5999984741211,85.69999694824219,405911
2026-06-29 12:30:00,85.55000305175781,85.69999694824219,85.5,85.6500015258789,363007
2026-06-29 12:45:00,85.5999984741211,85.6500015258789,85.55000305175781,85.55000305175781,261347
2026-06-29 13:00:00,85.5,86.1500015258789,85.4000015258789,85.55000305175781,1669904
2026-06-29 13:15:00,85.5999984741211,85.6500015258789,85.44999694824219,85.5,515410
2026-06-29 13:30:00,85.5999984741211,85.6500015258789,85.55000305175781,85.5999984741211,297965
2026-06-29 13:45:00,85.69999694824219,85.75,85.5,85.55000305175781,728822
2026-06-29 14:00:00,85.75,85.9000015258789,85.6500015258789,85.6500015258789,424467
2026-06-29 14:15:00,85.75,85.8499984741211,85.69999694824219,85.75,229043
2026-06-29 14:30:00,85.75,85.9000015258789,85.5,85.75,447908
2026-06-29 14:45:00,85.6500015258789,85.75,85.55000305175781,85.75,259607
2026-06-29 15:00:00,85.44999694824219,85.69999694824219,85.44999694824219,85.5999984741211,352802
2026-06-29 15:15:00,85.3499984741211,85.5,85.30000305175781,85.5,517729
2026-06-29 15:30:00,85.4000015258789,85.4000015258789,85.25,85.3499984741211,244852
2026-06-29 15:45:00,85.4000015258789,85.44999694824219,85.30000305175781,85.4000015258789,187116
2026-06-29 16:00:00,85.25,85.5,85.19999694824219,85.4000015258789,536902
2026-06-29 16:15:00,85.4000015258789,85.5,85.19999694824219,85.19999694824219,356527
2026-06-29 16:30:00,85.55000305175781,85.5999984741211,85.3499984741211,85.44999694824219,546702
2026-06-29 16:45:00,85.5,85.6500015258789,85.4000015258789,85.55000305175781,265033
2026-06-29 17:00:00,85.44999694824219,85.5999984741211,85.4000015258789,85.5,335799
2026-06-29 17:15:00,85.6500015258789,85.6500015258789,85.4000015258789,85.44999694824219,557389
2026-06-29 17:30:00,85.55000305175781,85.69999694824219,85.5,85.5999984741211,542536
2026-06-29 17:45:00,85.5,85.5999984741211,85.3499984741211,85.55000305175781,752358
2026-06-30 09:45:00,85.5999984741211,85.5999984741211,85.5999984741211,85.5999984741211,0
2026-06-30 10:00:00,85.69999694824219,85.80000305175781,85.4000015258789,85.5999984741211,812571
2026-06-30 10:15:00,85.9000015258789,86.1500015258789,85.6500015258789,85.69999694824219,1090749
2026-06-30 10:30:00,85.44999694824219,86.0,85.4000015258789,85.8499984741211,980650
2026-06-30 10:45:00,85.5999984741211,85.5999984741211,85.19999694824219,85.5,1167610
2026-06-30 11:00:00,85.44999694824219,85.6500015258789,85.4000015258789,85.5999984741211,235710
2026-06-30 11:15:00,85.4000015258789,85.44999694824219,85.30000305175781,85.44999694824219,298055
2026-06-30 11:30:00,85.05000305175781,85.4000015258789,84.9000015258789,85.4000015258789,1059313
2026-06-30 11:45:00,85.05000305175781,85.1500015258789,84.9000015258789,85.05000305175781,679116
2026-06-30 12:00:00,85.19999694824219,85.44999694824219,85.05000305175781,85.0999984741211,701832
2026-06-30 12:15:00,84.94999694824219,85.19999694824219,84.8499984741211,85.1500015258789,1123735
2026-06-30 12:30:00,84.94999694824219,85.05000305175781,84.80000305175781,84.94999694824219,623191
2026-06-30 12:45:00,85.05000305175781,85.0999984741211,84.9000015258789,84.94999694824219,471143
2026-06-30 13:00:00,84.94999694824219,85.05000305175781,84.9000015258789,85.05000305175781,154585
2026-06-30 13:15:00,84.94999694824219,85.0,84.8499984741211,84.94999694824219,306712
2026-06-30 13:30:00,84.9000015258789,84.94999694824219,84.8499984741211,84.94999694824219,137628
2026-06-30 13:45:00,84.94999694824219,85.0,84.8499984741211,84.9000015258789,247792
2026-06-30 14:00:00,85.0,85.05000305175781,84.8499984741211,84.94999694824219,224490
2026-06-30 14:15:00,84.94999694824219,85.0,84.8499984741211,84.94999694824219,195688
2026-06-30 14:30:00,84.80000305175781,84.94999694824219,84.75,84.9000015258789,358582
2026-06-30 14:45:00,84.75,84.80000305175781,84.6500015258789,84.80000305175781,478996
2026-06-30 15:00:00,84.6500015258789,84.75,84.44999694824219,84.75,531197
2026-06-30 15:15:00,84.6500015258789,84.6500015258789,84.5,84.6500015258789,225865
2026-06-30 15:30:00,84.9000015258789,85.0,84.5999984741211,84.6500015258789,478040
2026-06-30 15:45:00,84.94999694824219,84.94999694824219,84.75,84.9000015258789,1025367
2026-06-30 16:00:00,84.8499984741211,85.0,84.75,84.9000015258789,839351
2026-06-30 16:15:00,84.80000305175781,84.8499984741211,84.75,84.80000305175781,235619
2026-06-30 16:30:00,84.8499984741211,84.9000015258789,84.75,84.80000305175781,179403
2026-06-30 16:45:00,84.80000305175781,84.8499984741211,84.69999694824219,84.8499984741211,310830
2026-06-30 17:00:00,84.69999694824219,84.80000305175781,84.55000305175781,84.75,842230
2026-06-30 17:15:00,84.3499984741211,84.80000305175781,84.30000305175781,84.75,1389297
2026-06-30 17:30:00,84.4000015258789,84.69999694824219,84.30000305175781,84.30000305175781,3361331
2026-06-30 17:45:00,84.4000015258789,84.44999694824219,84.25,84.4000015258789,2819993
2026-07-01 09:45:00,84.55000305175781,84.55000305175781,84.55000305175781,84.55000305175781,0
2026-07-01 10:00:00,84.30000305175781,84.55000305175781,83.6500015258789,84.55000305175781,2303567
2026-07-01 10:15:00,84.69999694824219,84.8499984741211,84.25,84.30000305175781,1014573
2026-07-01 10:30:00,84.69999694824219,84.75,84.30000305175781,84.6500015258789,565111
2026-07-01 10:45:00,84.94999694824219,85.05000305175781,84.69999694824219,84.75,1305468
2026-07-01 11:00:00,85.25,85.44999694824219,84.8499984741211,85.0,1772078
2026-07-01 11:15:00,85.3499984741211,85.55000305175781,85.25,85.30000305175781,895902
2026-07-01 11:30:00,85.4000015258789,85.44999694824219,85.25,85.4000015258789,464923
2026-07-01 11:45:00,85.30000305175781,85.4000015258789,85.25,85.4000015258789,269867
2026-07-01 12:00:00,85.5,85.55000305175781,85.19999694824219,85.3499984741211,756732
2026-07-01 12:15:00,85.55000305175781,85.5999984741211,85.4000015258789,85.55000305175781,415101
2026-07-01 12:30:00,85.55000305175781,85.6500015258789,85.44999694824219,85.5999984741211,299150
2026-07-01 12:45:00,85.6500015258789,85.75,85.5,85.5999984741211,420616
2026-07-01 13:00:00,85.80000305175781,85.9000015258789,85.55000305175781,85.69999694824219,648092
2026-07-01 13:15:00,85.55000305175781,85.94999694824219,85.55000305175781,85.8499984741211,583879
2026-07-01 13:30:00,85.55000305175781,85.6500015258789,85.4000015258789,85.5999984741211,529281
2026-07-01 13:45:00,85.55000305175781,85.6500015258789,85.4000015258789,85.5,306090
2026-07-01 14:00:00,85.30000305175781,85.6500015258789,85.19999694824219,85.5,730371
2026-07-01 14:15:00,85.6500015258789,85.69999694824219,85.05000305175781,85.25,859217
2026-07-01 14:30:00,85.5999984741211,85.9000015258789,85.55000305175781,85.69999694824219,914908
2026-07-01 14:45:00,85.5999984741211,85.80000305175781,85.5,85.6500015258789,395267
2026-07-01 15:00:00,85.6500015258789,85.75,85.44999694824219,85.5999984741211,290791
2026-07-01 15:15:00,85.5,85.69999694824219,85.5,85.6500015258789,249074
2026-07-01 15:30:00,85.5,85.5999984741211,85.44999694824219,85.5,280944
2026-07-01 15:45:00,85.5,85.6500015258789,85.44999694824219,85.5,305784
2026-07-01 16:00:00,85.30000305175781,85.5,85.1500015258789,85.44999694824219,699085
2026-07-01 16:15:00,85.3499984741211,85.4000015258789,85.1500015258789,85.30000305175781,518350
2026-07-01 16:30:00,85.5,85.5,85.19999694824219,85.3499984741211,467985
2026-07-01 16:45:00,85.6500015258789,85.8499984741211,85.44999694824219,85.5,823032
2026-07-01 17:00:00,85.6500015258789,85.8499984741211,85.6500015258789,85.69999694824219,507120
2026-07-01 17:15:00,85.4000015258789,85.69999694824219,85.4000015258789,85.6500015258789,925147
2026-07-01 17:30:00,85.30000305175781,85.44999694824219,85.25,85.4000015258789,587800
2026-07-01 17:45:00,85.19999694824219,85.4000015258789,85.1500015258789,85.25,710954
2026-07-02 09:45:00,85.25,85.25,85.25,85.25,0
2026-07-02 10:00:00,85.1500015258789,85.4000015258789,84.80000305175781,85.30000305175781,1811000
2026-07-02 10:15:00,85.19999694824219,85.4000015258789,85.1500015258789,85.1500015258789,863743
2026-07-02 10:30:00,85.25,85.3499984741211,85.05000305175781,85.19999694824219,808291
2026-07-02 10:45:00,85.30000305175781,85.3499984741211,85.0999984741211,85.25,493106
2026-07-02 11:00:00,85.30000305175781,85.55000305175781,85.1500015258789,85.25,882622
2026-07-02 11:15:00,85.1500015258789,85.4000015258789,85.0999984741211,85.30000305175781,656126
2026-07-02 11:30:00,85.05000305175781,85.1500015258789,84.94999694824219,85.1500015258789,780461
2026-07-02 11:45:00,85.0,85.0999984741211,84.94999694824219,85.0,423944
2026-07-02 12:00:00,84.80000305175781,85.05000305175781,84.69999694824219,85.0,860354
2026-07-02 12:15:00,84.80000305175781,84.80000305175781,84.6500015258789,84.80000305175781,524365
2026-07-02 12:30:00,84.75,84.9000015258789,84.69999694824219,84.80000305175781,286180
2026-07-02 12:45:00,84.69999694824219,84.75,84.6500015258789,84.75,332871
2026-07-02 13:00:00,84.55000305175781,84.69999694824219,84.55000305175781,84.69999694824219,514983
2026-07-02 13:15:00,84.69999694824219,84.69999694824219,84.5,84.5999984741211,395141
2026-07-02 13:30:00,84.6500015258789,84.69999694824219,84.5999984741211,84.69999694824219,190884
2026-07-02 13:45:00,84.44999694824219,84.69999694824219,84.44999694824219,84.6500015258789,436803
2026-07-02 14:00:00,84.25,84.5,84.1500015258789,84.5,975199
2026-07-02 14:15:00,84.1500015258789,84.25,84.0999984741211,84.25,440583
2026-07-02 14:30:00,84.1500015258789,84.19999694824219,83.9000015258789,84.1500015258789,806193
2026-07-02 14:45:00,84.0,84.1500015258789,83.94999694824219,84.1500015258789,546342
2026-07-02 15:00:00,84.05000305175781,84.0999984741211,83.9000015258789,84.0,450385
2026-07-02 15:15:00,83.94999694824219,84.05000305175781,83.9000015258789,84.05000305175781,554780
2026-07-02 15:30:00,84.19999694824219,84.25,83.94999694824219,83.94999694824219,632070
2026-07-02 15:45:00,84.19999694824219,84.3499984741211,84.0999984741211,84.1500015258789,768636
2026-07-02 16:00:00,84.0,84.25,83.94999694824219,84.1500015258789,681525
2026-07-02 16:15:00,83.80000305175781,84.0,83.69999694824219,84.0,1113557
2026-07-02 16:30:00,83.80000305175781,83.9000015258789,83.6500015258789,83.80000305175781,925960
2026-07-02 16:45:00,83.6500015258789,83.9000015258789,83.55000305175781,83.80000305175781,1155104
2026-07-02 17:00:00,83.55000305175781,83.6500015258789,83.44999694824219,83.6500015258789,984545
2026-07-02 17:15:00,83.55000305175781,83.5999984741211,83.4000015258789,83.5999984741211,918878
2026-07-02 17:30:00,83.5,83.6500015258789,83.4000015258789,83.55000305175781,1108804
2026-07-02 17:45:00,83.6500015258789,83.6500015258789,83.44999694824219,83.44999694824219,1060624
2026-07-03 09:45:00,83.9000015258789,83.9000015258789,83.9000015258789,83.9000015258789,0
2026-07-03 10:00:00,84.0,84.30000305175781,83.6500015258789,83.9000015258789,1870184
2026-07-03 10:15:00,83.94999694824219,84.0,83.4000015258789,84.0,1300489
2026-07-03 10:30:00,84.0,84.0,83.75,83.9000015258789,506830
2026-07-03 10:45:00,84.0,84.19999694824219,83.94999694824219,84.0,443697
2026-07-03 11:00:00,83.69999694824219,84.05000305175781,83.55000305175781,84.05000305175781,578020
2026-07-03 11:15:00,83.69999694824219,83.75,83.55000305175781,83.69999694824219,326442
2026-07-03 11:30:00,83.8499984741211,83.8499984741211,83.5999984741211,83.69999694824219,236551
2026-07-03 11:45:00,83.94999694824219,84.0,83.75,83.8499984741211,267119
2026-07-03 12:00:00,84.0999984741211,84.0999984741211,83.80000305175781,83.9000015258789,450026
2026-07-03 12:15:00,83.9000015258789,84.19999694824219,83.8499984741211,84.05000305175781,572702
2026-07-03 12:30:00,83.94999694824219,84.05000305175781,83.8499984741211,83.9000015258789,357345
2026-07-03 12:45:00,83.94999694824219,83.94999694824219,83.8499984741211,83.94999694824219,242698
2026-07-03 13:00:00,84.05000305175781,84.0999984741211,83.9000015258789,83.9000015258789,163717
2026-07-03 13:15:00,84.05000305175781,84.05000305175781,83.94999694824219,84.05000305175781,178935
2026-07-03 13:30:00,84.19999694824219,84.25,83.94999694824219,84.05000305175781,420900
2026-07-03 13:45:00,84.05000305175781,84.25,84.05000305175781,84.19999694824219,157308
2026-07-03 14:00:00,83.94999694824219,84.1500015258789,83.9000015258789,84.05000305175781,349286
2026-07-03 14:15:00,84.0,84.1500015258789,83.9000015258789,83.94999694824219,307265
2026-07-03 14:30:00,83.94999694824219,84.05000305175781,83.9000015258789,83.94999694824219,320969
2026-07-03 14:45:00,84.1500015258789,84.19999694824219,83.94999694824219,84.0,321252
2026-07-03 15:00:00,84.0999984741211,84.19999694824219,84.0,84.0999984741211,326936
2026-07-03 15:15:00,84.3499984741211,84.4000015258789,84.0,84.0999984741211,535691
2026-07-03 15:30:00,83.8499984741211,84.3499984741211,83.5999984741211,84.3499984741211,1214909
2026-07-03 15:45:00,84.19999694824219,84.25,83.80000305175781,83.8499984741211,460236
2026-07-03 16:00:00,84.1500015258789,84.25,84.05000305175781,84.19999694824219,205555
2026-07-03 16:15:00,84.1500015258789,84.30000305175781,84.0999984741211,84.1500015258789,229511
2026-07-03 16:30:00,84.05000305175781,84.1500015258789,83.94999694824219,84.1500015258789,261881
2026-07-03 16:45:00,83.8499984741211,84.05000305175781,83.69999694824219,84.05000305175781,610216
2026-07-03 17:00:00,83.8499984741211,83.94999694824219,83.69999694824219,83.80000305175781,385752
2026-07-03 17:15:00,83.8499984741211,83.9000015258789,83.69999694824219,83.80000305175781,364499
2026-07-03 17:30:00,83.69999694824219,83.8499984741211,83.69999694824219,83.80000305175781,342424
2026-07-03 17:45:00,83.75,83.8499984741211,83.6500015258789,83.69999694824219,864162
2026-07-06 09:45:00,83.94999694824219,83.94999694824219,83.94999694824219,83.94999694824219,0
2026-07-06 10:00:00,83.69999694824219,84.3499984741211,83.5999984741211,83.94999694824219,2238851
2026-07-06 10:15:00,84.1500015258789,84.25,83.5,83.6500015258789,1576421
2026-07-06 10:30:00,84.1500015258789,84.19999694824219,83.8499984741211,84.1500015258789,715757
2026-07-06 10:45:00,84.1500015258789,84.4000015258789,84.0999984741211,84.1500015258789,792647
2026-07-06 11:00:00,84.05000305175781,84.19999694824219,84.0,84.19999694824219,413314
2026-07-06 11:15:00,84.05000305175781,84.0999984741211,83.9000015258789,84.05000305175781,476749
2026-07-06 11:30:00,84.0,84.1500015258789,83.80000305175781,84.0,476539
2026-07-06 11:45:00,83.94999694824219,84.05000305175781,83.8499984741211,84.0,243634
2026-07-06 12:00:00,83.9000015258789,84.0,83.80000305175781,84.0,455994
2026-07-06 12:15:00,83.69999694824219,83.94999694824219,83.5999984741211,83.94999694824219,367428
2026-07-06 12:30:00,83.55000305175781,83.69999694824219,83.3499984741211,83.69999694824219,960474
2026-07-06 12:45:00,83.4000015258789,83.5999984741211,83.3499984741211,83.55000305175781,413260
2026-07-06 13:00:00,83.5,83.55000305175781,83.4000015258789,83.4000015258789,198706
2026-07-06 13:15:00,83.44999694824219,83.55000305175781,83.4000015258789,83.5,210450
2026-07-06 13:30:00,83.4000015258789,83.55000305175781,83.30000305175781,83.5,375829
2026-07-06 13:45:00,83.30000305175781,83.4000015258789,83.19999694824219,83.4000015258789,303422
2026-07-06 14:00:00,83.30000305175781,83.3499984741211,83.19999694824219,83.30000305175781,230405
2026-07-06 14:15:00,83.25,83.3499984741211,83.19999694824219,83.30000305175781,200430
2026-07-06 14:30:00,82.9000015258789,83.25,82.80000305175781,83.25,802433
2026-07-06 14:45:00,82.9000015258789,83.0999984741211,82.8499984741211,82.9000015258789,452306
2026-07-06 15:00:00,82.8499984741211,82.9000015258789,82.75,82.8499984741211,493171
2026-07-06 15:15:00,82.80000305175781,82.8499984741211,82.6500015258789,82.8499984741211,767000
2026-07-06 15:30:00,82.5999984741211,82.8499984741211,82.55000305175781,82.80000305175781,439764
2026-07-06 15:45:00,82.5,82.6500015258789,82.4000015258789,82.5999984741211,909768
2026-07-06 16:00:00,82.3499984741211,82.55000305175781,82.30000305175781,82.5,723518
2026-07-06 16:15:00,82.4000015258789,82.5,82.25,82.3499984741211,399446
2026-07-06 16:30:00,82.4000015258789,82.44999694824219,82.25,82.4000015258789,426055
2026-07-06 16:45:00,82.55000305175781,82.5999984741211,82.3499984741211,82.3499984741211,487005
2026-07-06 17:00:00,82.55000305175781,82.5999984741211,82.44999694824219,82.55000305175781,277704
2026-07-06 17:15:00,82.5,82.5999984741211,82.4000015258789,82.5,580760
2026-07-06 17:30:00,82.0,82.5,81.9000015258789,82.5,3349072
2026-07-06 17:45:00,81.8499984741211,82.0,81.75,82.0,1887020
2026-07-07 09:45:00,82.0,82.0,82.0,82.0,0
2026-07-07 10:00:00,83.0999984741211,83.19999694824219,81.75,82.0,2783796
2026-07-07 10:15:00,83.44999694824219,83.5999984741211,82.75,83.1500015258789,2061107
2026-07-07 10:30:00,83.44999694824219,83.55000305175781,83.3499984741211,83.4000015258789,823473
2026-07-07 10:45:00,83.55000305175781,83.5999984741211,83.3499984741211,83.44999694824219,970235
2026-07-07 11:00:00,83.55000305175781,83.5999984741211,83.30000305175781,83.5999984741211,623944
2026-07-07 11:15:00,83.5,83.75,83.44999694824219,83.55000305175781,769415
2026-07-07 11:30:00,83.5999984741211,83.6500015258789,83.44999694824219,83.5,352266
2026-07-07 11:45:00,83.55000305175781,83.5999984741211,83.3499984741211,83.5999984741211,450516
2026-07-07 12:00:00,83.4000015258789,83.55000305175781,83.3499984741211,83.5,354313
2026-07-07 12:15:00,83.55000305175781,83.5999984741211,83.3499984741211,83.3499984741211,251218
2026-07-07 12:30:00,83.44999694824219,83.55000305175781,83.4000015258789,83.55000305175781,218857
2026-07-07 12:45:00,83.44999694824219,83.44999694824219,83.30000305175781,83.44999694824219,311143
2026-07-07 13:00:00,83.30000305175781,83.55000305175781,83.25,83.44999694824219,450950
2026-07-07 13:15:00,83.0999984741211,83.30000305175781,83.0999984741211,83.30000305175781,399613
2026-07-07 13:30:00,83.30000305175781,83.30000305175781,83.0999984741211,83.1500015258789,185226
2026-07-07 13:45:00,83.5,83.5999984741211,83.19999694824219,83.30000305175781,395060
2026-07-07 14:00:00,83.55000305175781,83.55000305175781,83.30000305175781,83.5,288985
2026-07-07 14:15:00,83.3499984741211,83.8499984741211,83.3499984741211,83.55000305175781,643731
2026-07-07 14:30:00,83.30000305175781,83.55000305175781,83.25,83.3499984741211,479477
2026-07-07 14:45:00,83.44999694824219,83.44999694824219,83.19999694824219,83.25,250488
2026-07-07 15:00:00,83.4000015258789,83.4000015258789,83.25,83.4000015258789,280175
2026-07-07 15:15:00,83.5999984741211,83.5999984741211,83.25,83.4000015258789,571520
2026-07-07 15:30:00,83.80000305175781,83.8499984741211,83.55000305175781,83.5999984741211,657086
2026-07-07 15:45:00,83.6500015258789,83.80000305175781,83.44999694824219,83.80000305175781,332665
2026-07-07 16:00:00,83.6500015258789,83.94999694824219,83.44999694824219,83.6500015258789,630768
2026-07-07 16:15:00,83.55000305175781,83.8499984741211,83.44999694824219,83.6500015258789,570417
2026-07-07 16:30:00,83.55000305175781,83.69999694824219,83.5,83.55000305175781,620233
2026-07-07 16:45:00,83.3499984741211,83.5999984741211,83.30000305175781,83.55000305175781,534469
2026-07-07 17:00:00,83.1500015258789,83.5999984741211,83.0999984741211,83.3499984741211,923476
2026-07-07 17:15:00,83.05000305175781,83.25,82.9000015258789,83.0999984741211,917571
2026-07-07 17:30:00,82.9000015258789,83.05000305175781,82.8499984741211,83.05000305175781,567563
2026-07-07 17:45:00,83.0,83.05000305175781,82.8499984741211,82.9000015258789,693970
2026-07-08 09:45:00,82.5,82.5,82.5,82.5,0
2026-07-08 10:00:00,81.9000015258789,82.55000305175781,81.80000305175781,82.5,1944893
2026-07-08 10:15:00,82.1500015258789,82.19999694824219,81.8499984741211,81.8499984741211,794373
2026-07-08 10:30:00,82.25,82.25,82.05000305175781,82.1500015258789,653337
2026-07-08 10:45:00,82.30000305175781,82.5,82.19999694824219,82.25,557152
2026-07-08 11:00:00,82.1500015258789,82.3499984741211,81.9000015258789,82.30000305175781,917462
2026-07-08 11:15:00,81.0,82.19999694824219,80.94999694824219,82.1500015258789,2798443
2026-07-08 11:30:00,81.25,81.4000015258789,81.05000305175781,81.05000305175781,1010709
2026-07-08 11:45:00,81.5,81.5,81.1500015258789,81.25,922389
2026-07-08 12:00:00,81.30000305175781,81.44999694824219,81.25,81.44999694824219,385108
2026-07-08 12:15:00,81.5,81.55000305175781,81.25,81.30000305175781,679947
2026-07-08 12:30:00,81.30000305175781,81.6500015258789,81.25,81.55000305175781,597920
2026-07-08 12:45:00,81.19999694824219,81.4000015258789,81.0999984741211,81.3499984741211,613356
2026-07-08 13:00:00,81.05000305175781,81.25,80.75,81.19999694824219,1391946
2026-07-08 13:15:00,81.1500015258789,81.1500015258789,80.94999694824219,81.05000305175781,375696
2026-07-08 13:30:00,81.0999984741211,81.25,81.0,81.1500015258789,330252
2026-07-08 13:45:00,81.0999984741211,81.19999694824219,81.05000305175781,81.0999984741211,265683
2026-07-08 14:00:00,81.1500015258789,81.25,81.05000305175781,81.1500015258789,339858
2026-07-08 14:15:00,81.1500015258789,81.19999694824219,81.0999984741211,81.1500015258789,213351
2026-07-08 14:30:00,81.4000015258789,81.4000015258789,81.0999984741211,81.1500015258789,289777
2026-07-08 14:45:00,81.5,81.55000305175781,81.30000305175781,81.4000015258789,363414
2026-07-08 15:00:00,81.4000015258789,81.55000305175781,81.4000015258789,81.5,393566
2026-07-08 15:15:00,81.44999694824219,81.5999984741211,81.4000015258789,81.44999694824219,281167
2026-07-08 15:30:00,81.5,81.55000305175781,81.4000015258789,81.44999694824219,189091
2026-07-08 15:45:00,81.30000305175781,81.55000305175781,81.25,81.5,276187
2026-07-08 16:00:00,81.0999984741211,81.30000305175781,81.05000305175781,81.25,427313
2026-07-08 16:15:00,81.0999984741211,81.1500015258789,81.05000305175781,81.05000305175781,365367
2026-07-08 16:30:00,81.1500015258789,81.19999694824219,81.05000305175781,81.0999984741211,421304
2026-07-08 16:45:00,81.0999984741211,81.19999694824219,81.05000305175781,81.19999694824219,437057
2026-07-08 17:00:00,80.9000015258789,81.25,80.9000015258789,81.0999984741211,698991
2026-07-08 17:15:00,80.94999694824219,81.05000305175781,80.9000015258789,80.9000015258789,464584
2026-07-08 17:30:00,80.8499984741211,80.94999694824219,80.80000305175781,80.9000015258789,818928
2026-07-08 17:45:00,80.8499984741211,80.9000015258789,80.69999694824219,80.8499984741211,897568
2026-07-09 09:45:00,81.25,81.25,81.25,81.25,0
2026-07-09 10:00:00,80.80000305175781,81.55000305175781,80.5999984741211,81.25,1789881
2026-07-09 10:15:00,81.05000305175781,81.19999694824219,80.4000015258789,80.80000305175781,1203371
2026-07-09 10:30:00,81.4000015258789,81.5,81.0,81.05000305175781,812428
2026-07-09 10:45:00,81.19999694824219,81.5,81.1500015258789,81.44999694824219,347966
2026-07-09 11:00:00,81.4000015258789,81.4000015258789,81.1500015258789,81.19999694824219,321798
2026-07-09 11:15:00,81.30000305175781,81.4000015258789,81.1500015258789,81.4000015258789,370218
2026-07-09 11:30:00,81.25,81.4000015258789,81.19999694824219,81.30000305175781,215681
2026-07-09 11:45:00,81.19999694824219,81.3499984741211,81.05000305175781,81.25,411260
2026-07-09 12:00:00,81.05000305175781,81.19999694824219,81.05000305175781,81.19999694824219,170156
2026-07-09 12:15:00,81.0999984741211,81.19999694824219,81.0,81.0999984741211,219529
2026-07-09 12:30:00,81.05000305175781,81.19999694824219,81.05000305175781,81.0999984741211,119302
2026-07-09 12:45:00,81.19999694824219,81.19999694824219,81.0,81.0999984741211,210058
2026-07-09 13:00:00,80.94999694824219,81.25,80.9000015258789,81.19999694824219,322812
2026-07-09 13:15:00,80.9000015258789,81.05000305175781,80.8499984741211,80.9000015258789,223254
2026-07-09 13:30:00,80.69999694824219,80.9000015258789,80.55000305175781,80.9000015258789,539913
2026-07-09 13:45:00,80.6500015258789,80.6500015258789,80.4000015258789,80.6500015258789,498366
2026-07-09 14:00:00,80.5999984741211,80.69999694824219,80.44999694824219,80.6500015258789,392691
2026-07-09 14:15:00,80.55000305175781,80.6500015258789,80.44999694824219,80.5999984741211,260163
2026-07-09 14:30:00,80.5,80.55000305175781,80.4000015258789,80.5,322538
2026-07-09 14:45:00,80.55000305175781,80.55000305175781,80.4000015258789,80.5,248867
2026-07-09 15:00:00,80.5,80.5999984741211,80.44999694824219,80.55000305175781,220995
2026-07-09 15:15:00,80.5999984741211,80.5999984741211,80.4000015258789,80.5,438555
2026-07-09 15:30:00,80.5,80.6500015258789,80.44999694824219,80.5999984741211,267965
2026-07-09 15:45:00,80.55000305175781,80.6500015258789,80.5,80.55000305175781,229739
2026-07-09 16:00:00,80.69999694824219,80.75,80.55000305175781,80.5999984741211,167331
2026-07-09 16:15:00,80.69999694824219,80.75,80.5999984741211,80.69999694824219,219363
2026-07-09 16:30:00,80.6500015258789,80.69999694824219,80.5,80.69999694824219,210015
2026-07-09 16:45:00,80.69999694824219,80.80000305175781,80.5,80.6500015258789,354482
2026-07-09 17:00:00,80.55000305175781,80.75,80.5,80.69999694824219,388445
2026-07-09 17:15:00,80.55000305175781,80.5999984741211,80.3499984741211,80.5999984741211,628135
2026-07-09 17:30:00,80.6500015258789,80.69999694824219,80.5,80.55000305175781,428923
2026-07-09 17:45:00,80.69999694824219,80.80000305175781,80.5999984741211,80.5999984741211,769261
2026-07-10 09:45:00,80.8499984741211,80.8499984741211,80.8499984741211,80.8499984741211,0
2026-07-10 10:00:00,81.44999694824219,81.44999694824219,80.69999694824219,80.8499984741211,1320255
2026-07-10 10:15:00,81.1500015258789,81.44999694824219,81.0999984741211,81.44999694824219,785923
2026-07-10 10:30:00,81.1500015258789,81.30000305175781,81.05000305175781,81.1500015258789,678439
2026-07-10 10:45:00,81.1500015258789,81.3499984741211,81.0999984741211,81.19999694824219,576949
2026-07-10 11:00:00,81.30000305175781,81.3499984741211,81.05000305175781,81.1500015258789,523448
2026-07-10 11:15:00,81.25,81.4000015258789,81.19999694824219,81.30000305175781,426800
2026-07-10 11:30:00,81.1500015258789,81.30000305175781,81.0999984741211,81.25,478971
2026-07-10 11:45:00,81.19999694824219,81.19999694824219,81.05000305175781,81.1500015258789,389928
2026-07-10 12:00:00,81.30000305175781,81.3499984741211,81.0999984741211,81.19999694824219,477622
2026-07-10 12:15:00,81.3499984741211,81.3499984741211,81.25,81.30000305175781,359744
2026-07-10 12:30:00,81.6500015258789,81.69999694824219,81.30000305175781,81.3499984741211,1348367
2026-07-10 12:45:00,81.44999694824219,81.6500015258789,81.3499984741211,81.6500015258789,371234
2026-07-10 13:00:00,80.8499984741211,81.44999694824219,80.8499984741211,81.44999694824219,852140
2026-07-10 13:15:00,81.19999694824219,81.25,80.80000305175781,80.8499984741211,710335
2026-07-10 13:30:00,81.1500015258789,81.19999694824219,81.05000305175781,81.19999694824219,393059
2026-07-10 13:45:00,81.0999984741211,81.19999694824219,81.05000305175781,81.19999694824219,213767
2026-07-10 14:00:00,81.25,81.30000305175781,81.05000305175781,81.05000305175781,310306
2026-07-10 14:15:00,81.4000015258789,81.5,81.25,81.25,485475
2026-07-10 14:30:00,81.55000305175781,81.6500015258789,81.4000015258789,81.4000015258789,542864
2026-07-10 14:45:00,81.44999694824219,81.69999694824219,81.3499984741211,81.5999984741211,639637
2026-07-10 15:00:00,81.5999984741211,81.75,81.25,81.4000015258789,433478
2026-07-10 15:15:00,81.44999694824219,81.6500015258789,81.4000015258789,81.6500015258789,497365
2026-07-10 15:30:00,81.8499984741211,81.8499984741211,81.44999694824219,81.5,505494
2026-07-10 15:45:00,81.5999984741211,81.8499984741211,81.44999694824219,81.8499984741211,537786
2026-07-10 16:00:00,81.5999984741211,81.6500015258789,81.44999694824219,81.55000305175781,360183
2026-07-10 16:15:00,81.5999984741211,81.6500015258789,81.4000015258789,81.5999984741211,410883
2026-07-10 16:30:00,81.80000305175781,81.8499984741211,81.5,81.5999984741211,597693
2026-07-10 16:45:00,81.75,81.80000305175781,81.55000305175781,81.80000305175781,773011
2026-07-10 17:00:00,81.9000015258789,81.94999694824219,81.69999694824219,81.75,764728
2026-07-10 17:15:00,82.0,82.0999984741211,81.80000305175781,81.9000015258789,729190
2026-07-10 17:30:00,81.94999694824219,82.05000305175781,81.5999984741211,82.0,1455328
2026-07-10 17:45:00,81.75,82.05000305175781,81.75,81.94999694824219,866469
2026-07-13 09:45:00,81.80000305175781,81.80000305175781,81.80000305175781,81.80000305175781,0
2026-07-13 10:00:00,82.19999694824219,82.4000015258789,81.30000305175781,81.80000305175781,2818450
2026-07-13 10:15:00,82.0,82.44999694824219,81.9000015258789,82.25,1982862
2026-07-13 10:30:00,82.1500015258789,82.19999694824219,81.9000015258789,82.0,592045
2026-07-13 10:45:00,82.05000305175781,82.1500015258789,81.94999694824219,82.1500015258789,350685
2026-07-13 11:00:00,82.3499984741211,82.4000015258789,81.94999694824219,82.05000305175781,461120
2026-07-13 11:15:00,82.25,82.75,82.0999984741211,82.3499984741211,2121049
2026-07-13 11:30:00,82.19999694824219,82.5,82.0999984741211,82.25,783949
2026-07-13 11:45:00,81.80000305175781,82.25,81.75,82.19999694824219,548406
2026-07-13 12:00:00,82.0999984741211,82.1500015258789,81.80000305175781,81.80000305175781,1966893
2026-07-13 12:15:00,82.0,82.0999984741211,81.8499984741211,82.0,994342
2026-07-13 12:30:00,81.94999694824219,82.1500015258789,81.94999694824219,82.0,210251
2026-07-13 12:45:00,82.0999984741211,82.0999984741211,81.9000015258789,82.0,135271
2026-07-13 13:00:00,82.0,82.05000305175781,81.9000015258789,82.05000305175781,247250
2026-07-13 13:15:00,82.05000305175781,82.0999984741211,81.94999694824219,81.94999694824219,205488
2026-07-13 13:30:00,82.05000305175781,82.1500015258789,82.0,82.05000305175781,159718
2026-07-13 13:45:00,82.0,82.0999984741211,81.9000015258789,82.05000305175781,221709
2026-07-13 14:00:00,82.0999984741211,82.19999694824219,81.9000015258789,82.0,420571
2026-07-13 14:15:00,82.30000305175781,82.30000305175781,82.05000305175781,82.05000305175781,334310
2026-07-13 14:30:00,82.1500015258789,82.30000305175781,82.0999984741211,82.30000305175781,160957
2026-07-13 14:45:00,82.0,82.19999694824219,81.94999694824219,82.19999694824219,156644
2026-07-13 15:00:00,81.75,82.0,81.5999984741211,82.0,861768
2026-07-13 15:15:00,81.75,82.0,81.6500015258789,81.75,468502
2026-07-13 15:30:00,81.80000305175781,81.80000305175781,81.5999984741211,81.69999694824219,306527
2026-07-13 15:45:00,81.69999694824219,81.9000015258789,81.69999694824219,81.80000305175781,410448
2026-07-13 16:00:00,81.55000305175781,81.75,81.5,81.69999694824219,412954
2026-07-13 16:15:00,81.75,81.75,81.4000015258789,81.55000305175781,408402
2026-07-13 16:30:00,81.6500015258789,81.80000305175781,81.5,81.75,380718
2026-07-13 16:45:00,81.69999694824219,81.75,81.55000305175781,81.6500015258789,416827
2026-07-13 17:00:00,81.6500015258789,81.80000305175781,81.55000305175781,81.69999694824219,420263
2026-07-13 17:15:00,81.5999984741211,81.6500015258789,81.4000015258789,81.6500015258789,587128
2026-07-13 17:30:00,81.5999984741211,81.6500015258789,81.5,81.5999984741211,387040
2026-07-13 17:45:00,81.5999984741211,81.69999694824219,81.5,81.55000305175781,665798
2026-07-14 09:45:00,81.30000305175781,81.30000305175781,81.30000305175781,81.30000305175781,0
2026-07-14 10:00:00,80.94999694824219,81.30000305175781,80.75,81.30000305175781,1779773
2026-07-14 10:15:00,80.6500015258789,81.0,80.0999984741211,81.0,2075865
2026-07-14 10:30:00,80.75,80.80000305175781,80.5,80.6500015258789,895499
2026-07-14 10:45:00,80.69999694824219,80.8499984741211,80.5999984741211,80.80000305175781,584364
2026-07-14 11:00:00,81.0999984741211,81.1500015258789,80.55000305175781,80.6500015258789,1138845
2026-07-14 11:15:00,81.19999694824219,81.25,81.0,81.0999984741211,499296
2026-07-14 11:30:00,81.19999694824219,81.4000015258789,81.05000305175781,81.19999694824219,771059
2026-07-14 11:45:00,81.1500015258789,81.19999694824219,81.05000305175781,81.19999694824219,492088
2026-07-14 12:00:00,81.30000305175781,81.30000305175781,81.0999984741211,81.1500015258789,300579
2026-07-14 12:15:00,81.0,81.30000305175781,80.94999694824219,81.25,598571
2026-07-14 12:30:00,81.05000305175781,81.19999694824219,81.0,81.05000305175781,489976
2026-07-14 12:45:00,81.05000305175781,81.1500015258789,80.80000305175781,81.05000305175781,781046
2026-07-14 13:00:00,81.05000305175781,81.0999984741211,80.94999694824219,81.05000305175781,402088
2026-07-14 13:15:00,81.05000305175781,81.1500015258789,81.0,81.05000305175781,247785
2026-07-14 13:30:00,81.05000305175781,81.1500015258789,80.69999694824219,81.05000305175781,918490
2026-07-14 13:45:00,81.1500015258789,81.19999694824219,81.0,81.05000305175781,409945
2026-07-14 14:00:00,81.0,81.19999694824219,81.0,81.1500015258789,345144
2026-07-14 14:15:00,81.1500015258789,81.19999694824219,81.0,81.05000305175781,336335
2026-07-14 14:30:00,81.05000305175781,81.1500015258789,81.0,81.1500015258789,539897
2026-07-14 14:45:00,81.19999694824219,81.25,81.05000305175781,81.05000305175781,441904
2026-07-14 15:00:00,81.0999984741211,81.19999694824219,81.0,81.1500015258789,194360
2026-07-14 15:15:00,81.1500015258789,81.1500015258789,81.05000305175781,81.0999984741211,209638
2026-07-14 15:30:00,81.0999984741211,81.5999984741211,81.05000305175781,81.0999984741211,1007274
2026-07-14 15:45:00,80.8499984741211,81.1500015258789,80.80000305175781,81.05000305175781,1163109
2026-07-14 16:00:00,80.94999694824219,81.0,80.6500015258789,80.80000305175781,626441
2026-07-14 16:15:00,81.19999694824219,81.19999694824219,80.75,80.9000015258789,924880
2026-07-14 16:30:00,81.25,81.30000305175781,81.0999984741211,81.1500015258789,620560
2026-07-14 16:45:00,81.0999984741211,81.25,81.0,81.25,247441
2026-07-14 17:00:00,81.19999694824219,81.25,81.05000305175781,81.0999984741211,395414
2026-07-14 17:15:00,81.0999984741211,81.25,81.05000305175781,81.19999694824219,329448
2026-07-14 17:30:00,81.05000305175781,81.25,81.05000305175781,81.0999984741211,529092
2026-07-14 17:45:00,81.05000305175781,81.1500015258789,80.94999694824219,81.05000305175781,948240
2026-07-16 09:45:00,81.0999984741211,81.0999984741211,81.0999984741211,81.0999984741211,0
2026-07-16 10:00:00,81.80000305175781,82.0,81.0999984741211,81.1500015258789,2408668
2026-07-16 10:15:00,82.6500015258789,82.69999694824219,81.6500015258789,81.80000305175781,2348515
2026-07-16 10:30:00,82.80000305175781,82.8499984741211,82.5,82.69999694824219,1231911
2026-07-16 10:45:00,83.05000305175781,83.05000305175781,82.75,82.75,828834
2026-07-16 11:00:00,83.8499984741211,84.0,82.94999694824219,83.05000305175781,2992695
2026-07-16 11:15:00,83.9000015258789,84.0999984741211,83.75,83.8499984741211,983786
2026-07-16 11:30:00,83.9000015258789,84.0,83.75,83.9000015258789,515877
2026-07-16 11:45:00,84.0,84.0,83.80000305175781,83.94999694824219,352705
2026-07-16 12:00:00,84.4000015258789,84.55000305175781,83.94999694824219,84.0,1476033
2026-07-16 12:15:00,84.3499984741211,84.5999984741211,84.30000305175781,84.44999694824219,768147
2026-07-16 12:30:00,84.44999694824219,84.5999984741211,84.30000305175781,84.30000305175781,511300
2026-07-16 12:45:00,84.25,84.44999694824219,84.0,84.4000015258789,943423
2026-07-16 13:00:00,84.0999984741211,84.30000305175781,83.69999694824219,84.25,938433
2026-07-16 13:15:00,84.0999984741211,84.19999694824219,84.05000305175781,84.1500015258789,246585
2026-07-16 13:30:00,84.1500015258789,84.1500015258789,84.0,84.0999984741211,371461
2026-07-16 13:45:00,84.30000305175781,84.3499984741211,84.0999984741211,84.1500015258789,316889
2026-07-16 14:00:00,84.19999694824219,84.55000305175781,84.1500015258789,84.3499984741211,495884
2026-07-16 14:15:00,84.3499984741211,84.4000015258789,84.0999984741211,84.19999694824219,436694
2026-07-16 14:30:00,84.3499984741211,84.55000305175781,84.25,84.3499984741211,364426
2026-07-16 14:45:00,84.55000305175781,84.5999984741211,84.1500015258789,84.3499984741211,547425
2026-07-16 15:00:00,84.5999984741211,84.8499984741211,84.5,84.55000305175781,596090
2026-07-16 15:15:00,84.5,84.6500015258789,84.4000015258789,84.5999984741211,483013
2026-07-16 15:30:00,84.5,84.55000305175781,84.4000015258789,84.5,420477
2026-07-16 15:45:00,84.6500015258789,84.69999694824219,84.44999694824219,84.5,276975
2026-07-16 16:00:00,84.5999984741211,84.69999694824219,84.5,84.6500015258789,356643
2026-07-16 16:15:00,84.6500015258789,84.6500015258789,84.5,84.5999984741211,271906
2026-07-16 16:30:00,84.55000305175781,84.6500015258789,84.4000015258789,84.6500015258789,505558
2026-07-16 16:45:00,84.6500015258789,84.6500015258789,84.44999694824219,84.55000305175781,348783
2026-07-16 17:00:00,84.5,84.69999694824219,84.5,84.6500015258789,556815
2026-07-16 17:15:00,84.5,84.55000305175781,84.19999694824219,84.55000305175781,707467
2026-07-16 17:30:00,84.4000015258789,84.5,84.30000305175781,84.44999694824219,561745
2026-07-16 17:45:00,84.6500015258789,84.69999694824219,84.3499984741211,84.4000015258789,884639
2026-07-17 09:45:00,84.4000015258789,84.4000015258789,84.4000015258789,84.4000015258789,0
2026-07-17 10:00:00,84.0999984741211,84.5,83.94999694824219,84.4000015258789,1572421
2026-07-17 10:15:00,84.0999984741211,84.30000305175781,83.80000305175781,84.0999984741211,1381625
2026-07-17 10:30:00,84.0999984741211,84.44999694824219,84.05000305175781,84.0999984741211,864447
2026-07-17 10:45:00,84.19999694824219,84.4000015258789,84.05000305175781,84.1500015258789,508325
2026-07-17 11:00:00,84.19999694824219,84.30000305175781,84.0999984741211,84.19999694824219,348367
2026-07-17 11:15:00,84.0999984741211,84.25,84.0,84.19999694824219,516217
2026-07-17 11:30:00,84.19999694824219,84.3499984741211,84.05000305175781,84.1500015258789,806983
2026-07-17 11:45:00,84.05000305175781,84.19999694824219,84.0,84.1500015258789,280381
2026-07-17 12:00:00,84.05000305175781,84.0999984741211,83.94999694824219,84.05000305175781,234088
2026-07-17 12:15:00,84.25,84.30000305175781,84.0,84.05000305175781,328388
2026-07-17 12:30:00,84.0999984741211,84.25,84.05000305175781,84.19999694824219,344939
2026-07-17 12:45:00,84.0,84.19999694824219,83.80000305175781,84.0999984741211,850972
2026-07-17 13:00:00,83.80000305175781,84.0,83.69999694824219,84.0,701404
2026-07-17 13:15:00,83.69999694824219,83.8499984741211,83.6500015258789,83.8499984741211,332954
2026-07-17 13:30:00,83.44999694824219,83.75,83.3499984741211,83.69999694824219,346724
2026-07-17 13:45:00,83.4000015258789,83.5,83.4000015258789,83.4000015258789,165833
2026-07-17 14:00:00,83.4000015258789,83.5,83.4000015258789,83.4000015258789,192184
2026-07-17 14:15:00,83.55000305175781,83.6500015258789,83.4000015258789,83.4000015258789,459568
2026-07-17 14:30:00,83.75,83.8499984741211,83.5,83.5999984741211,490655
2026-07-17 14:45:00,84.0,84.0,83.6500015258789,83.69999694824219,441818
2026-07-17 15:00:00,83.75,84.0,83.5999984741211,84.0,484369
2026-07-17 15:15:00,83.80000305175781,83.9000015258789,83.5,83.80000305175781,534574
2026-07-17 15:30:00,84.05000305175781,84.05000305175781,83.80000305175781,83.8499984741211,653259
2026-07-17 15:45:00,84.4000015258789,84.6500015258789,83.94999694824219,84.0,1965327
2026-07-17 16:00:00,84.1500015258789,84.44999694824219,84.05000305175781,84.44999694824219,505598
2026-07-17 16:15:00,84.25,84.5,84.0999984741211,84.0999984741211,413275
2026-07-17 16:30:00,84.44999694824219,84.44999694824219,84.1500015258789,84.30000305175781,482237
2026-07-17 16:45:00,84.75,84.75,84.4000015258789,84.44999694824219,909086
2026-07-17 17:00:00,84.55000305175781,84.75,84.5,84.75,436885
2026-07-17 17:15:00,84.5,84.6500015258789,84.44999694824219,84.55000305175781,517259
2026-07-17 17:30:00,84.30000305175781,84.55000305175781,84.25,84.5,808310
2026-07-17 17:45:00,83.6500015258789,84.30000305175781,83.5,84.25,1712774
2026-07-20 09:45:00,83.69999694824219,83.69999694824219,83.69999694824219,83.69999694824219,0
2026-07-20 10:00:00,83.0999984741211,83.80000305175781,82.9000015258789,83.75,2300924
2026-07-20 10:15:00,83.25,83.3499984741211,82.94999694824219,83.0999984741211,1127196
2026-07-20 10:30:00,83.19999694824219,83.3499984741211,82.9000015258789,83.25,1458629
2026-07-20 10:45:00,83.4000015258789,83.44999694824219,83.0999984741211,83.1500015258789,678621
2026-07-20 11:00:00,83.0,83.4000015258789,83.0,83.4000015258789,538883
2026-07-20 11:15:00,83.25,83.25,83.0,83.0,523587
2026-07-20 11:30:00,82.94999694824219,83.25,82.9000015258789,83.25,594945
2026-07-20 11:45:00,82.44999694824219,83.0,82.4000015258789,82.9000015258789,1424847
2026-07-20 12:00:00,82.44999694824219,82.5999984741211,82.30000305175781,82.4000015258789,683686
2026-07-20 12:15:00,82.44999694824219,82.5,82.19999694824219,82.44999694824219,605770
2026-07-20 12:30:00,82.6500015258789,82.6500015258789,82.3499984741211,82.44999694824219,533006
2026-07-20 12:45:00,82.6500015258789,82.69999694824219,82.55000305175781,82.5999984741211,524423
2026-07-20 13:00:00,82.75,82.8499984741211,82.6500015258789,82.69999694824219,386918
2026-07-20 13:15:00,82.75,82.80000305175781,82.69999694824219,82.75,229370
2026-07-20 13:30:00,82.9000015258789,82.9000015258789,82.69999694824219,82.80000305175781,339248
2026-07-20 13:45:00,83.0999984741211,83.1500015258789,82.8499984741211,82.9000015258789,665704
2026-07-20 14:00:00,83.19999694824219,83.25,83.05000305175781,83.0999984741211,364432
2026-07-20 14:15:00,83.1500015258789,83.30000305175781,83.0999984741211,83.19999694824219,306138
2026-07-20 14:30:00,83.4000015258789,83.80000305175781,83.0999984741211,83.1500015258789,1363030
2026-07-20 14:45:00,83.30000305175781,83.44999694824219,83.25,83.4000015258789,428029
2026-07-20 15:00:00,83.4000015258789,83.5,83.05000305175781,83.30000305175781,498734
2026-07-20 15:15:00,83.19999694824219,83.4000015258789,83.1500015258789,83.4000015258789,256988
2026-07-20 15:30:00,82.80000305175781,83.25,82.75,83.19999694824219,399492
2026-07-20 15:45:00,82.8499984741211,82.9000015258789,82.75,82.80000305175781,323953
2026-07-20 16:00:00,82.94999694824219,83.0,82.75,82.8499984741211,450535
2026-07-20 16:15:00,83.0,83.05000305175781,82.9000015258789,82.9000015258789,235999
2026-07-20 16:30:00,82.94999694824219,83.05000305175781,82.8499984741211,82.94999694824219,350783
2026-07-20 16:45:00,82.69999694824219,83.0,82.6500015258789,82.9000015258789,720213
2026-07-20 17:00:00,82.8499984741211,82.9000015258789,82.69999694824219,82.69999694824219,302902
2026-07-20 17:15:00,82.75,82.9000015258789,82.75,82.8499984741211,315794
2026-07-20 17:30:00,82.69999694824219,82.75,82.5999984741211,82.75,482630
2026-07-20 17:45:00,82.6500015258789,82.75,82.5,82.69999694824219,872711
2026-07-21 09:45:00,82.9000015258789,82.9000015258789,82.9000015258789,82.9000015258789,0
2026-07-21 10:00:00,82.3499984741211,83.05000305175781,82.19999694824219,82.8499984741211,1578270
2026-07-21 10:15:00,82.30000305175781,82.5,82.1500015258789,82.4000015258789,835567
2026-07-21 10:30:00,82.5,82.6500015258789,82.25,82.3499984741211,525977
2026-07-21 10:45:00,82.44999694824219,82.5,82.30000305175781,82.5,503661
2026-07-21 11:00:00,82.19999694824219,82.55000305175781,82.0999984741211,82.44999694824219,463112
2026-07-21 11:15:00,82.1500015258789,82.30000305175781,82.0999984741211,82.1500015258789,354993
2026-07-21 11:30:00,82.25,82.25,82.0999984741211,82.19999694824219,443748
2026-07-21 11:45:00,82.3499984741211,82.4000015258789,82.1500015258789,82.19999694824219,451506
2026-07-21 12:00:00,82.5,82.55000305175781,82.30000305175781,82.3499984741211,255127
2026-07-21 12:15:00,82.25,82.5999984741211,82.25,82.44999694824219,295642
2026-07-21 12:30:00,82.05000305175781,82.30000305175781,81.9000015258789,82.25,1025014
2026-07-21 12:45:00,82.05000305175781,82.0999984741211,81.94999694824219,82.05000305175781,353610
2026-07-21 13:00:00,81.9000015258789,82.0,81.75,82.0,869979
2026-07-21 13:15:00,81.6500015258789,81.9000015258789,81.55000305175781,81.9000015258789,705596
2026-07-21 13:30:00,81.55000305175781,81.6500015258789,81.44999694824219,81.6500015258789,675778
2026-07-21 13:45:00,81.5,81.55000305175781,81.3499984741211,81.55000305175781,762444
2026-07-21 14:00:00,81.05000305175781,81.55000305175781,81.0,81.5,967102
2026-07-21 14:15:00,81.3499984741211,81.55000305175781,80.9000015258789,81.05000305175781,1623949
2026-07-21 14:30:00,81.4000015258789,81.5,81.30000305175781,81.4000015258789,355474
2026-07-21 14:45:00,81.30000305175781,81.44999694824219,81.19999694824219,81.4000015258789,596582
2026-07-21 15:00:00,81.30000305175781,81.4000015258789,81.1500015258789,81.25,442410
2026-07-21 15:15:00,81.05000305175781,81.3499984741211,81.0,81.30000305175781,726093
2026-07-21 15:30:00,80.8499984741211,81.0999984741211,80.80000305175781,81.0,825822
2026-07-21 15:45:00,81.1500015258789,81.19999694824219,80.75,80.8499984741211,901170
2026-07-21 16:00:00,81.19999694824219,81.30000305175781,81.0999984741211,81.1500015258789,398875
2026-07-21 16:15:00,81.25,81.4000015258789,81.1500015258789,81.25,443532
2026-07-21 16:30:00,81.05000305175781,81.25,81.05000305175781,81.19999694824219,266556
2026-07-21 16:45:00,81.1500015258789,81.25,81.05000305175781,81.05000305175781,331426
2026-07-21 17:00:00,81.30000305175781,81.3499984741211,81.1500015258789,81.19999694824219,623795
2026-07-21 17:15:00,81.25,81.3499984741211,81.19999694824219,81.30000305175781,393915
2026-07-21 17:30:00,81.0999984741211,81.3499984741211,81.05000305175781,81.25,782892
2026-07-21 17:45:00,81.0999984741211,81.25,81.05000305175781,81.0999984741211,1015230
2026-07-22 09:45:00,81.19999694824219,81.19999694824219,81.19999694824219,81.19999694824219,0
2026-07-22 10:00:00,81.3499984741211,81.4000015258789,81.0999984741211,81.19999694824219,1294550
2026-07-22 10:15:00,81.5,81.5999984741211,81.3499984741211,81.3499984741211,957332
2026-07-22 10:30:00,81.05000305175781,81.55000305175781,80.9000015258789,81.55000305175781,861754
2026-07-22 10:45:00,81.4000015258789,81.44999694824219,80.69999694824219,81.05000305175781,1957366
2026-07-22 11:00:00,81.55000305175781,81.6500015258789,81.3499984741211,81.4000015258789,566014
2026-07-22 11:15:00,81.6500015258789,81.75,81.5,81.55000305175781,467335
2026-07-22 11:30:00,81.6500015258789,81.75,81.55000305175781,81.5999984741211,288397
2026-07-22 11:45:00,81.69999694824219,81.69999694824219,81.55000305175781,81.6500015258789,292690
2026-07-22 12:00:00,81.80000305175781,81.8499984741211,81.6500015258789,81.69999694824219,349653
2026-07-22 12:15:00,81.75,81.9000015258789,81.69999694824219,81.80000305175781,259692
2026-07-22 12:30:00,81.5999984741211,81.75,81.5999984741211,81.75,316349
2026-07-22 12:45:00,81.80000305175781,81.80000305175781,81.55000305175781,81.6500015258789,384584
2026-07-22 13:00:00,81.94999694824219,81.94999694824219,81.80000305175781,81.80000305175781,349084
2026-07-22 13:15:00,82.05000305175781,82.05000305175781,81.9000015258789,81.94999694824219,555673
2026-07-22 13:30:00,81.94999694824219,82.05000305175781,81.9000015258789,82.05000305175781,292372
2026-07-22 13:45:00,82.0,82.05000305175781,81.9000015258789,81.9000015258789,176688
2026-07-22 14:00:00,81.9000015258789,82.05000305175781,81.9000015258789,82.0,185817
2026-07-22 14:15:00,81.80000305175781,81.94999694824219,81.75,81.9000015258789,201918
2026-07-22 14:30:00,81.44999694824219,81.80000305175781,81.4000015258789,81.80000305175781,390512
2026-07-22 14:45:00,81.3499984741211,81.5999984741211,81.0,81.4000015258789,1241985
2026-07-22 15:00:00,81.55000305175781,81.5999984741211,81.30000305175781,81.3499984741211,431838
2026-07-22 15:15:00,81.55000305175781,81.6500015258789,81.5,81.5999984741211,327637
2026-07-22 15:30:00,81.44999694824219,81.6500015258789,81.3499984741211,81.55000305175781,421988
2026-07-22 15:45:00,81.3499984741211,81.5,81.19999694824219,81.44999694824219,967179
2026-07-22 16:00:00,81.5,81.5,81.3499984741211,81.3499984741211,150612
2026-07-22 16:15:00,81.5999984741211,81.5999984741211,81.44999694824219,81.5,148074
2026-07-22 16:30:00,81.6500015258789,81.6500015258789,81.5,81.5999984741211,283796
2026-07-22 16:45:00,81.5,81.69999694824219,81.4000015258789,81.6500015258789,289068
2026-07-22 17:00:00,81.75,81.80000305175781,81.44999694824219,81.5,589011
2026-07-22 17:15:00,81.55000305175781,81.75,81.44999694824219,81.75,530520
2026-07-22 17:30:00,81.44999694824219,81.5999984741211,81.44999694824219,81.5,399070
2026-07-22 17:45:00,81.55000305175781,81.5999984741211,81.44999694824219,81.5,719061
2026-07-23 09:45:00,81.44999694824219,81.44999694824219,81.44999694824219,81.44999694824219,0
2026-07-23 10:00:00,81.75,81.8499984741211,81.25,81.44999694824219,1021460
2026-07-23 10:15:00,81.69999694824219,81.80000305175781,81.6500015258789,81.75,333564
2026-07-23 10:30:00,81.5,81.75,81.44999694824219,81.69999694824219,450818
2026-07-23 10:45:00,81.4000015258789,81.5,81.3499984741211,81.44999694824219,488848
2026-07-23 11:00:00,81.5999984741211,81.69999694824219,81.4000015258789,81.4000015258789,357897
2026-07-23 11:15:00,81.4000015258789,81.5999984741211,81.30000305175781,81.5999984741211,350877
2026-07-23 11:30:00,81.55000305175781,81.5999984741211,81.3499984741211,81.4000015258789,453820
2026-07-23 11:45:00,81.44999694824219,81.6500015258789,81.4000015258789,81.55000305175781,281059
2026-07-23 12:00:00,81.3499984741211,81.5999984741211,81.30000305175781,81.44999694824219,661377
2026-07-23 12:15:00,81.5,81.5999984741211,81.30000305175781,81.3499984741211,335791
2026-07-23 12:30:00,81.5,81.5999984741211,81.4000015258789,81.5,473449
2026-07-23 12:45:00,81.44999694824219,81.55000305175781,81.4000015258789,81.5,264125
2026-07-23 13:00:00,81.3499984741211,81.5,81.3499984741211,81.44999694824219,248769
2026-07-23 13:15:00,81.1500015258789,81.4000015258789,81.0999984741211,81.4000015258789,653792
2026-07-23 13:30:00,81.25,81.25,81.0,81.0999984741211,476110
2026-07-23 13:45:00,81.5,81.5,81.0999984741211,81.25,750084
2026-07-23 14:00:00,80.94999694824219,81.5999984741211,80.75,81.5,3629717
2026-07-23 14:15:00,80.75,81.0,80.69999694824219,80.94999694824219,858725
2026-07-23 14:30:00,80.5,80.80000305175781,80.44999694824219,80.75,1066628
2026-07-23 14:45:00,80.69999694824219,80.75,80.44999694824219,80.5,465729
2026-07-23 15:00:00,80.6500015258789,80.75,80.55000305175781,80.69999694824219,815773
2026-07-23 15:15:00,79.9000015258789,80.6500015258789,79.8499984741211,80.6500015258789,3315465
2026-07-23 15:30:00,79.6500015258789,79.94999694824219,79.5999984741211,79.9000015258789,1318064
2026-07-23 15:45:00,79.6500015258789,79.69999694824219,79.44999694824219,79.6500015258789,1091516
2026-07-23 16:00:00,79.55000305175781,79.6500015258789,79.5,79.6500015258789,718464
2026-07-23 16:15:00,79.5,79.6500015258789,79.44999694824219,79.55000305175781,1083371
2026-07-23 16:30:00,79.55000305175781,79.5999984741211,79.44999694824219,79.5,467568
2026-07-23 16:45:00,79.44999694824219,79.55000305175781,79.4000015258789,79.55000305175781,874133
2026-07-23 17:00:00,79.30000305175781,79.55000305175781,79.25,79.44999694824219,830381
2026-07-23 17:15:00,79.5,79.55000305175781,79.25,79.30000305175781,777873
2026-07-23 17:30:00,79.44999694824219,79.55000305175781,79.4000015258789,79.55000305175781,731896
2026-07-23 17:45:00,79.3499984741211,79.5,79.30000305175781,79.5,953511
2026-07-24 09:45:00,79.44999694824219,79.44999694824219,79.44999694824219,79.44999694824219,0
2026-07-24 10:00:00,79.5999984741211,79.6500015258789,79.30000305175781,79.44999694824219,1104371
2026-07-24 10:15:00,79.3499984741211,79.6500015258789,79.25,79.5999984741211,1401227
2026-07-24 10:30:00,79.30000305175781,79.5999984741211,79.25,79.3499984741211,1656664
2026-07-24 10:45:00,78.80000305175781,79.30000305175781,78.69999694824219,79.30000305175781,1241230
2026-07-24 11:00:00,78.69999694824219,78.8499984741211,78.5999984741211,78.75,807930
2026-07-24 11:15:00,78.8499984741211,78.9000015258789,78.55000305175781,78.69999694824219,885838
2026-07-24 11:30:00,79.0,79.0,78.75,78.8499984741211,508663
2026-07-24 11:45:00,78.55000305175781,79.0,78.55000305175781,79.0,726823
2026-07-24 12:00:00,78.6500015258789,78.75,78.5,78.5999984741211,561064
2026-07-24 12:15:00,78.80000305175781,78.80000305175781,78.55000305175781,78.6500015258789,418024
2026-07-24 12:30:00,78.75,78.80000305175781,78.5999984741211,78.80000305175781,439321
2026-07-24 12:45:00,78.6500015258789,78.80000305175781,78.5999984741211,78.80000305175781,224393
2026-07-24 13:00:00,78.69999694824219,78.75,78.5,78.6500015258789,439363
2026-07-24 13:15:00,78.80000305175781,78.80000305175781,78.6500015258789,78.69999694824219,205004
2026-07-24 13:30:00,78.8499984741211,78.9000015258789,78.75,78.80000305175781,260045
2026-07-24 13:45:00,79.0,79.05000305175781,78.80000305175781,78.8499984741211,546290
2026-07-24 14:00:00,79.0,79.25,78.94999694824219,79.05000305175781,723673
2026-07-24 14:15:00,78.9000015258789,79.0999984741211,78.9000015258789,78.94999694824219,518717
2026-07-24 14:30:00,79.1500015258789,79.1500015258789,78.8499984741211,78.8499984741211,407947
2026-07-24 14:45:00,79.0999984741211,79.19999694824219,78.9000015258789,79.0999984741211,363282
2026-07-24 15:00:00,79.0999984741211,79.1500015258789,78.94999694824219,79.1500015258789,434635
2026-07-24 15:15:00,79.1500015258789,79.1500015258789,79.05000305175781,79.1500015258789,271193
2026-07-24 15:30:00,79.0,79.1500015258789,78.94999694824219,79.1500015258789,405698
2026-07-24 15:45:00,78.5999984741211,79.0999984741211,78.55000305175781,79.0,764448
2026-07-24 16:00:00,78.5999984741211,78.69999694824219,78.44999694824219,78.6500015258789,632456
2026-07-24 16:15:00,78.5999984741211,78.69999694824219,78.55000305175781,78.5999984741211,320157
2026-07-24 16:30:00,78.55000305175781,78.6500015258789,78.5,78.5999984741211,334473
2026-07-24 16:45:00,78.6500015258789,78.6500015258789,78.5,78.5,231154
2026-07-24 17:00:00,79.0,79.05000305175781,78.6500015258789,78.6500015258789,440902
2026-07-24 17:15:00,79.0,79.25,78.9000015258789,79.05000305175781,724378
2026-07-24 17:30:00,79.0,79.05000305175781,78.94999694824219,79.05000305175781,213292
2026-07-24 17:45:00,78.9000015258789,79.0999984741211,78.8499984741211,79.05000305175781,1079841
2026-07-27 09:45:00,79.5,79.5,79.5,79.5,0
2026-07-27 10:00:00,79.5,80.19999694824219,79.3499984741211,79.55000305175781,2547740
2026-07-27 10:15:00,79.5,79.6500015258789,79.19999694824219,79.5,1148048
2026-07-27 10:30:00,79.0,79.5,78.94999694824219,79.44999694824219,1020375
2026-07-27 10:45:00,78.80000305175781,79.19999694824219,78.80000305175781,79.0,859611
2026-07-27 11:00:00,78.69999694824219,79.0,78.5999984741211,78.75,854718
2026-07-27 11:15:00,78.8499984741211,78.8499984741211,78.5999984741211,78.69999694824219,523579
2026-07-27 11:30:00,79.0999984741211,79.19999694824219,78.80000305175781,78.80000305175781,605988
2026-07-27 11:45:00,79.05000305175781,79.1500015258789,79.0,79.0999984741211,324898
2026-07-27 12:00:00,78.80000305175781,79.0999984741211,78.5,79.0999984741211,1252190
2026-07-27 12:15:00,78.5999984741211,78.8499984741211,78.55000305175781,78.8499984741211,617732
2026-07-27 12:30:00,78.6500015258789,78.6500015258789,78.44999694824219,78.5999984741211,432583
2026-07-27 12:45:00,78.75,78.80000305175781,78.5999984741211,78.6500015258789,345082
2026-07-27 13:00:00,79.0,79.05000305175781,78.69999694824219,78.75,489711
2026-07-27 13:15:00,79.05000305175781,79.25,78.94999694824219,79.0,540728
2026-07-27 13:30:00,79.05000305175781,79.1500015258789,78.9000015258789,79.05000305175781,373062
2026-07-27 13:45:00,79.05000305175781,79.0999984741211,78.9000015258789,79.0,298541
2026-07-27 14:00:00,79.0,79.05000305175781,78.94999694824219,79.05000305175781,148500
2026-07-27 14:15:00,78.9000015258789,79.0999984741211,78.8499984741211,79.0,307372
2026-07-27 14:30:00,78.9000015258789,78.94999694824219,78.80000305175781,78.9000015258789,351324
2026-07-27 14:45:00,78.75,78.94999694824219,78.69999694824219,78.9000015258789,460681
2026-07-27 15:00:00,78.5999984741211,78.80000305175781,78.55000305175781,78.75,617711
2026-07-27 15:15:00,79.05000305175781,79.0999984741211,78.55000305175781,78.5999984741211,824616
2026-07-27 15:30:00,78.55000305175781,79.05000305175781,78.5,79.0,982052
2026-07-27 15:45:00,78.19999694824219,78.6500015258789,78.19999694824219,78.5999984741211,1786536
2026-07-27 16:00:00,78.0999984741211,78.30000305175781,77.8499984741211,78.25,1123426
2026-07-27 16:15:00,77.8499984741211,78.0999984741211,77.75,78.0999984741211,1078514
2026-07-27 16:30:00,77.94999694824219,78.0999984741211,77.80000305175781,77.8499984741211,651602
2026-07-27 16:45:00,77.94999694824219,78.25,77.8499984741211,78.0,1097748
2026-07-27 17:00:00,78.1500015258789,78.1500015258789,77.94999694824219,78.0,378991
2026-07-27 17:15:00,78.25,78.3499984741211,78.05000305175781,78.1500015258789,309836
2026-07-27 17:30:00,78.1500015258789,78.30000305175781,78.1500015258789,78.19999694824219,404192
2026-07-27 17:45:00,78.19999694824219,78.4000015258789,78.1500015258789,78.19999694824219,1236675
2026-07-28 09:45:00,78.0,78.0,78.0,78.0,0
2026-07-28 10:00:00,78.0999984741211,78.4000015258789,77.4000015258789,77.94999694824219,3053534
2026-07-28 10:15:00,78.05000305175781,78.5,77.94999694824219,78.0999984741211,1236205
2026-07-28 10:30:00,77.9000015258789,78.0999984741211,77.75,78.0999984741211,842497
2026-07-28 10:45:00,77.80000305175781,77.9000015258789,77.6500015258789,77.9000015258789,915996
2026-07-28 11:00:00,77.69999694824219,77.8499984741211,77.5999984741211,77.80000305175781,648929
2026-07-28 11:15:00,78.05000305175781,78.0999984741211,77.5999984741211,77.69999694824219,669282
2026-07-28 11:30:00,77.8499984741211,78.05000305175781,77.80000305175781,78.05000305175781,450134
2026-07-28 11:45:00,78.0999984741211,78.3499984741211,77.8499984741211,77.9000015258789,1114341
2026-07-28 12:00:00,77.9000015258789,78.1500015258789,77.9000015258789,78.1500015258789,360613
2026-07-28 12:15:00,78.0999984741211,78.0999984741211,77.9000015258789,77.9000015258789,157902
2026-07-28 12:30:00,78.0,78.19999694824219,77.94999694824219,78.0999984741211,323692
2026-07-28 12:45:00,78.0,78.05000305175781,77.9000015258789,77.94999694824219,229088
2026-07-28 13:00:00,77.9000015258789,78.05000305175781,77.8499984741211,77.94999694824219,181150
2026-07-28 13:15:00,77.5999984741211,77.9000015258789,77.5,77.9000015258789,670446
2026-07-28 13:30:00,77.75,77.8499984741211,77.5999984741211,77.6500015258789,355870
2026-07-28 13:45:00,77.9000015258789,77.94999694824219,77.69999694824219,77.80000305175781,249139
2026-07-28 14:00:00,77.5999984741211,78.0,77.5,77.94999694824219,632888
2026-07-28 14:15:00,77.55000305175781,77.69999694824219,77.5,77.5999984741211,463660
2026-07-28 14:30:00,77.44999694824219,77.6500015258789,77.4000015258789,77.55000305175781,1036828
2026-07-28 14:45:00,77.6500015258789,77.75,77.44999694824219,77.44999694824219,829338
2026-07-28 15:00:00,77.4000015258789,77.69999694824219,77.3499984741211,77.6500015258789,710349
2026-07-28 15:15:00,77.5,77.5999984741211,77.30000305175781,77.4000015258789,602816
2026-07-28 15:30:00,77.55000305175781,77.55000305175781,77.4000015258789,77.5,481900
2026-07-28 15:45:00,77.80000305175781,77.8499984741211,77.5,77.5,1058983
2026-07-28 16:00:00,77.8499984741211,77.9000015258789,77.75,77.8499984741211,350632
2026-07-28 16:15:00,77.69999694824219,77.94999694824219,77.69999694824219,77.80000305175781,320939
2026-07-28 16:30:00,77.5999984741211,77.80000305175781,77.5999984741211,77.69999694824219,218548
2026-07-28 16:45:00,77.44999694824219,77.69999694824219,77.19999694824219,77.6500015258789,1316073
2026-07-28 17:00:00,77.5,77.80000305175781,77.44999694824219,77.5,593790
2026-07-28 17:15:00,77.55000305175781,77.6500015258789,77.44999694824219,77.5,611143
2026-07-28 17:30:00,77.5,77.6500015258789,77.44999694824219,77.5999984741211,750846
2026-07-28 17:45:00,77.5,77.5999984741211,77.44999694824219,77.55000305175781,772192
2026-07-29 09:45:00,77.5,77.5,77.5,77.5,0
2026-07-29 10:00:00,77.55000305175781,77.69999694824219,77.25,77.44999694824219,1281451
2026-07-29 10:15:00,77.75,77.94999694824219,77.3499984741211,77.5999984741211,1381806
2026-07-29 10:30:00,77.75,77.9000015258789,77.6500015258789,77.69999694824219,800313
2026-07-29 10:45:00,77.9000015258789,77.94999694824219,77.6500015258789,77.69999694824219,583716
2026-07-29 11:00:00,77.6500015258789,78.05000305175781,77.6500015258789,77.9000015258789,916004
2026-07-29 11:15:00,77.5,77.6500015258789,77.30000305175781,77.6500015258789,676027
2026-07-29 11:30:00,77.4000015258789,77.6500015258789,77.19999694824219,77.5,920930
2026-07-29 11:45:00,77.5,77.6500015258789,77.3499984741211,77.4000015258789,474286
2026-07-29 12:00:00,77.55000305175781,77.5999984741211,77.44999694824219,77.5,261508
2026-07-29 12:15:00,77.5,77.5999984741211,77.44999694824219,77.5999984741211,204921
2026-07-29 12:30:00,77.6500015258789,77.6500015258789,77.4000015258789,77.5,291221
2026-07-29 12:45:00,77.5999984741211,77.6500015258789,77.5,77.6500015258789,255284
2026-07-29 13:00:00,77.30000305175781,77.5999984741211,77.25,77.5999984741211,491181
2026-07-29 13:15:00,77.30000305175781,77.30000305175781,77.19999694824219,77.30000305175781,435341
2026-07-29 13:30:00,77.5,77.5,77.1500015258789,77.30000305175781,545044
2026-07-29 13:45:00,77.6500015258789,77.75,77.5,77.5,1195225
2026-07-29 14:00:00,77.55000305175781,77.6500015258789,77.44999694824219,77.6500015258789,786196
2026-07-29 14:15:00,77.30000305175781,77.6500015258789,77.19999694824219,77.55000305175781,635580
2026-07-29 14:30:00,77.1500015258789,77.30000305175781,77.0999984741211,77.25,611496
2026-07-29 14:45:00,76.80000305175781,77.25,76.75,77.1500015258789,956604
2026-07-29 15:00:00,76.69999694824219,76.9000015258789,76.6500015258789,76.80000305175781,698364
2026-07-29 15:15:00,76.75,76.9000015258789,76.5999984741211,76.75,916130
2026-07-29 15:30:00,76.75,76.9000015258789,76.6500015258789,76.69999694824219,492459
2026-07-29 15:45:00,76.75,76.8499984741211,76.6500015258789,76.75,493636
2026-07-29 16:00:00,76.80000305175781,76.94999694824219,76.69999694824219,76.69999694824219,610348
2026-07-29 16:15:00,76.5999984741211,76.8499984741211,76.55000305175781,76.8499984741211,666638
2026-07-29 16:30:00,76.5,76.6500015258789,76.4000015258789,76.5999984741211,756370
2026-07-29 16:45:00,76.3499984741211,76.55000305175781,76.25,76.5,636008
2026-07-29 17:00:00,76.05000305175781,76.4000015258789,75.9000015258789,76.3499984741211,760058
2026-07-29 17:15:00,76.4000015258789,76.44999694824219,76.0,76.05000305175781,627836
2026-07-29 17:30:00,76.1500015258789,76.5,76.0999984741211,76.4000015258789,894126
2026-07-29 17:45:00,76.05000305175781,76.1500015258789,75.8499984741211,76.1500015258789,2405079
2026-07-30 09:45:00,76.0999984741211,76.0999984741211,76.0999984741211,76.0999984741211,0
2026-07-30 10:00:00,76.5,76.5,75.55000305175781,76.05000305175781,1948163
2026-07-30 10:15:00,76.5,76.5999984741211,76.0999984741211,76.5,985755
2026-07-30 10:30:00,75.94999694824219,76.55000305175781,75.9000015258789,76.5,1110883
2026-07-30 10:45:00,75.5999984741211,76.1500015258789,75.05000305175781,75.94999694824219,1308209
2026-07-30 11:00:00,75.9000015258789,76.0,75.55000305175781,75.5999984741211,597948
2026-07-30 11:15:00,76.44999694824219,76.5,75.80000305175781,75.8499984741211,688368
2026-07-30 11:30:00,76.44999694824219,76.5999984741211,76.3499984741211,76.44999694824219,887531
2026-07-30 11:45:00,76.75,76.9000015258789,76.5,76.5,1202084
2026-07-30 12:00:00,77.3499984741211,77.3499984741211,76.6500015258789,76.75,1300830
2026-07-30 12:15:00,77.80000305175781,77.8499984741211,77.19999694824219,77.30000305175781,1214569
2026-07-30 12:30:00,78.0,78.05000305175781,77.75,77.80000305175781,1133894
2026-07-30 12:45:00,77.75,78.05000305175781,77.6500015258789,78.0,1140217
2026-07-30 13:00:00,77.9000015258789,77.94999694824219,77.55000305175781,77.75,704020
2026-07-30 13:15:00,77.6500015258789,78.05000305175781,77.55000305175781,77.94999694824219,710257
2026-07-30 13:30:00,77.5999984741211,77.80000305175781,77.55000305175781,77.6500015258789,1228438
2026-07-30 13:45:00,77.3499984741211,77.5999984741211,77.05000305175781,77.5999984741211,704018
2026-07-30 14:00:00,77.1500015258789,77.44999694824219,77.05000305175781,77.3499984741211,703036
2026-07-30 14:15:00,77.30000305175781,77.30000305175781,77.0999984741211,77.0999984741211,452574
2026-07-30 14:30:00,77.1500015258789,77.3499984741211,77.05000305175781,77.30000305175781,480205
2026-07-30 14:45:00,76.75,77.25,76.6500015258789,77.19999694824219,796091
2026-07-30 15:00:00,76.75,76.9000015258789,76.6500015258789,76.75,447317
2026-07-30 15:15:00,76.69999694824219,76.9000015258789,76.69999694824219,76.75,532260
2026-07-30 15:30:00,76.55000305175781,76.80000305175781,76.5,76.75,376164
2026-07-30 15:45:00,76.44999694824219,76.6500015258789,76.25,76.55000305175781,904555
2026-07-30 16:00:00,76.44999694824219,76.6500015258789,76.4000015258789,76.44999694824219,652888
2026-07-30 16:15:00,76.30000305175781,76.5999984741211,76.1500015258789,76.5,558961
2026-07-30 16:30:00,76.4000015258789,76.55000305175781,76.25,76.30000305175781,492277
2026-07-30 16:45:00,76.30000305175781,76.6500015258789,76.25,76.3499984741211,607700
2026-07-30 17:00:00,76.5,76.8499984741211,76.19999694824219,76.25,704516
2026-07-30 17:15:00,76.5999984741211,76.69999694824219,76.5,76.55000305175781,432575
2026-07-30 17:30:00,76.5,76.6500015258789,76.44999694824219,76.5999984741211,609123
2026-07-30 17:45:00,76.5999984741211,76.5999984741211,76.44999694824219,76.5,1012480
2026-07-31 09:45:00,76.9000015258789,76.9000015258789,76.9000015258789,76.9000015258789,0
2026-07-31 10:00:00,77.94999694824219,77.94999694824219,76.9000015258789,76.9000015258789,1394575
2026-07-31 10:15:00,78.25,78.3499984741211,77.94999694824219,77.94999694824219,1211329
2026-07-31 10:30:00,78.0,78.30000305175781,77.80000305175781,78.25,895806
2026-07-31 10:45:00,77.94999694824219,78.0999984741211,77.75,78.0,524921
2026-07-31 11:00:00,78.0,78.30000305175781,77.9000015258789,77.94999694824219,663256
2026-07-31 11:15:00,78.05000305175781,78.25,77.94999694824219,78.05000305175781,424263
2026-07-31 11:30:00,77.8499984741211,78.3499984741211,77.80000305175781,78.05000305175781,624225
2026-07-31 11:45:00,77.9000015258789,78.0,77.69999694824219,77.80000305175781,422285
2026-07-31 12:00:00,78.44999694824219,78.5999984741211,77.9000015258789,77.94999694824219,1424339
2026-07-31 12:15:00,78.25,78.5,78.19999694824219,78.44999694824219,837744
2026-07-31 12:30:00,78.1500015258789,78.55000305175781,78.0999984741211,78.30000305175781,778857
2026-07-31 12:45:00,78.1500015258789,78.25,78.0999984741211,78.1500015258789,228022
2026-07-31 13:00:00,78.30000305175781,78.30000305175781,78.0,78.0999984741211,410413
2026-07-31 13:15:00,78.30000305175781,78.4000015258789,78.19999694824219,78.25,238763
2026-07-31 13:30:00,78.25,78.30000305175781,78.19999694824219,78.30000305175781,196425
2026-07-31 13:45:00,78.30000305175781,78.55000305175781,78.1500015258789,78.19999694824219,849547
2026-07-31 14:00:00,78.30000305175781,78.44999694824219,78.25,78.30000305175781,253999
2026-07-31 14:15:00,78.25,78.4000015258789,78.19999694824219,78.30000305175781,161965
2026-07-31 14:30:00,78.3499984741211,78.4000015258789,78.0,78.30000305175781,314085
2026-07-31 14:45:00,78.6500015258789,78.75,78.3499984741211,78.3499984741211,753372
2026-07-31 15:00:00,78.5999984741211,78.8499984741211,78.44999694824219,78.69999694824219,551804
2026-07-31 15:15:00,78.55000305175781,78.69999694824219,78.5,78.5999984741211,285989
2026-07-31 15:30:00,78.75,78.80000305175781,78.44999694824219,78.55000305175781,415225
2026-07-31 15:45:00,78.94999694824219,79.0999984741211,78.69999694824219,78.75,794975
2026-07-31 16:00:00,79.4000015258789,79.5999984741211,78.8499984741211,79.0,1223131
2026-07-31 16:15:00,79.6500015258789,79.6500015258789,79.3499984741211,79.44999694824219,906579
2026-07-31 16:30:00,79.69999694824219,79.9000015258789,79.44999694824219,79.6500015258789,685519
2026-07-31 16:45:00,79.80000305175781,79.9000015258789,79.55000305175781,79.75,941090
2026-07-31 17:00:00,79.5999984741211,79.9000015258789,79.5999984741211,79.80000305175781,546082
2026-07-31 17:15:00,79.5999984741211,79.80000305175781,79.55000305175781,79.75,149291
2026-07-31 17:45:00,79.55000305175781,79.6500015258789,79.55000305175781,79.5999984741211,55037
2026-08-03 09:45:00,80.6500015258789,80.6500015258789,80.6500015258789,80.6500015258789,0
2026-08-03 10:00:00,79.55000305175781,80.8499984741211,79.30000305175781,80.5999984741211,3246839
2026-08-03 10:15:00,79.3499984741211,79.69999694824219,79.1500015258789,79.5,1970780
2026-08-03 10:30:00,79.75,80.0,79.30000305175781,79.3499984741211,1294939
2026-08-03 10:45:00,79.8499984741211,79.9000015258789,79.44999694824219,79.69999694824219,622460
2026-08-03 11:00:00,79.75,79.8499984741211,79.69999694824219,79.8499984741211,295025
2026-08-03 11:15:00,79.55000305175781,79.8499984741211,79.4000015258789,79.75,369872
2026-08-03 11:30:00,79.55000305175781,79.6500015258789,79.5,79.55000305175781,338586
2026-08-03 11:45:00,79.80000305175781,79.80000305175781,79.5,79.55000305175781,303223
2026-08-03 12:00:00,79.75,79.8499984741211,79.6500015258789,79.75,265426
2026-08-03 12:15:00,79.8499984741211,79.94999694824219,79.5,79.75,493634
2026-08-03 12:30:00,79.80000305175781,79.8499984741211,79.69999694824219,79.8499984741211,218496
2026-08-03 12:45:00,79.55000305175781,79.80000305175781,79.44999694824219,79.75,359143
2026-08-03 13:00:00,79.4000015258789,79.6500015258789,79.4000015258789,79.55000305175781,278762
2026-08-03 13:15:00,79.5,79.5,79.30000305175781,79.44999694824219,249929
2026-08-03 13:30:00,79.44999694824219,79.5,79.3499984741211,79.44999694824219,163866
2026-08-03 13:45:00,79.5,79.5,79.3499984741211,79.44999694824219,153689
2026-08-03 14:00:00,79.30000305175781,79.55000305175781,79.25,79.5,323015
2026-08-03 14:15:00,79.19999694824219,79.4000015258789,79.05000305175781,79.30000305175781,489360
2026-08-03 14:30:00,79.44999694824219,79.5,79.19999694824219,79.25,314438
2026-08-03 14:45:00,79.3499984741211,79.5,79.30000305175781,79.5,183587
2026-08-03 15:00:00,79.30000305175781,79.4000015258789,79.25,79.3499984741211,171394
2026-08-03 15:15:00,79.0999984741211,79.4000015258789,79.0999984741211,79.3499984741211,451936
2026-08-03 15:30:00,79.1500015258789,79.30000305175781,79.05000305175781,79.0999984741211,224142
2026-08-03 15:45:00,79.05000305175781,79.1500015258789,78.8499984741211,79.0999984741211,518935
2026-08-03 16:00:00,79.1500015258789,79.30000305175781,78.9000015258789,79.05000305175781,349590
2026-08-03 16:15:00,78.75,79.25,78.75,79.1500015258789,704202
2026-08-03 16:30:00,78.80000305175781,78.9000015258789,78.6500015258789,78.75,465011
2026-08-03 16:45:00,78.8499984741211,78.9000015258789,78.69999694824219,78.80000305175781,244968
2026-08-03 17:00:00,78.94999694824219,79.0,78.80000305175781,78.8499984741211,347464
2026-08-03 17:15:00,78.8499984741211,79.05000305175781,78.75,78.94999694824219,382597
2026-08-03 17:30:00,78.69999694824219,78.8499984741211,78.6500015258789,78.8499984741211,406183
2026-08-03 17:45:00,78.8499984741211,78.9000015258789,78.5999984741211,78.69999694824219,871728
2026-08-04 09:45:00,79.05000305175781,79.05000305175781,79.05000305175781,79.05000305175781,0
2026-08-04 10:00:00,79.05000305175781,79.25,78.4000015258789,79.0,2258694
2026-08-04 10:15:00,78.94999694824219,79.0999984741211,78.80000305175781,79.05000305175781,696352
2026-08-04 10:30:00,79.30000305175781,79.30000305175781,78.8499984741211,78.9000015258789,672163
2026-08-04 10:45:00,79.5999984741211,79.5999984741211,79.1500015258789,79.25,625958
2026-08-04 11:00:00,79.55000305175781,79.69999694824219,79.5,79.5999984741211,696143
2026-08-04 11:15:00,79.5999984741211,79.75,79.5,79.55000305175781,604593
2026-08-04 11:30:00,79.5999984741211,79.6500015258789,79.3499984741211,79.55000305175781,491868
2026-08-04 11:45:00,79.5,79.5999984741211,79.4000015258789,79.5999984741211,289290
2026-08-04 12:00:00,79.6500015258789,79.8499984741211,79.4000015258789,79.5,670144
2026-08-04 12:15:00,79.5999984741211,79.69999694824219,79.5,79.6500015258789,229574
2026-08-04 12:30:00,79.5999984741211,79.69999694824219,79.5,79.5999984741211,306503
2026-08-04 12:45:00,79.44999694824219,79.6500015258789,79.4000015258789,79.5999984741211,357860
2026-08-04 13:00:00,79.55000305175781,79.5999984741211,79.4000015258789,79.44999694824219,373736
2026-08-04 13:15:00,79.44999694824219,79.55000305175781,79.30000305175781,79.55000305175781,743054
2026-08-04 13:30:00,79.4000015258789,79.55000305175781,79.3499984741211,79.5,229506
2026-08-04 13:45:00,79.5999984741211,79.5999984741211,79.4000015258789,79.44999694824219,313229
2026-08-04 14:00:00,79.5,79.5999984741211,79.4000015258789,79.5999984741211,352047
2026-08-04 14:15:00,79.55000305175781,79.5999984741211,79.44999694824219,79.55000305175781,273356
2026-08-04 14:30:00,79.80000305175781,79.8499984741211,79.5,79.55000305175781,487571
2026-08-04 14:45:00,80.0999984741211,80.0999984741211,79.75,79.80000305175781,827188
2026-08-04 15:00:00,80.05000305175781,80.0999984741211,79.75,80.0999984741211,671738
2026-08-04 15:15:00,80.05000305175781,80.0999984741211,79.94999694824219,80.0,557327
2026-08-04 15:30:00,80.3499984741211,80.44999694824219,80.0,80.05000305175781,1234579
2026-08-04 15:45:00,80.4000015258789,80.44999694824219,80.19999694824219,80.3499984741211,370706
2026-08-04 16:00:00,80.25,80.4000015258789,80.0999984741211,80.4000015258789,771549
2026-08-04 16:15:00,80.55000305175781,80.6500015258789,80.25,80.25,801457
2026-08-04 16:30:00,80.4000015258789,80.5999984741211,80.4000015258789,80.5,339747
2026-08-04 16:45:00,80.30000305175781,80.4000015258789,80.19999694824219,80.4000015258789,331627
2026-08-04 17:00:00,80.44999694824219,80.5,80.25,80.30000305175781,497911
2026-08-04 17:15:00,80.5,80.5,80.4000015258789,80.44999694824219,300939
2026-08-04 17:30:00,80.3499984741211,80.55000305175781,80.30000305175781,80.44999694824219,538519
2026-08-04 17:45:00,80.30000305175781,80.44999694824219,80.1500015258789,80.3499984741211,887897
2026-08-05 09:45:00,80.4000015258789,80.4000015258789,80.4000015258789,80.4000015258789,0
2026-08-05 10:00:00,78.94999694824219,80.5,78.69999694824219,80.4000015258789,4549010
2026-08-05 10:15:00,78.8499984741211,79.3499984741211,78.6500015258789,78.9000015258789,1567468
2026-08-05 10:30:00,79.05000305175781,79.1500015258789,78.69999694824219,78.8499984741211,937924
2026-08-05 10:45:00,79.30000305175781,79.30000305175781,79.05000305175781,79.0999984741211,629592
2026-08-05 11:00:00,79.69999694824219,79.69999694824219,79.05000305175781,79.30000305175781,1249018
2026-08-05 11:15:00,80.4000015258789,80.44999694824219,79.6500015258789,79.6500015258789,2234248
2026-08-05 11:30:00,80.9000015258789,80.94999694824219,80.3499984741211,80.4000015258789,1754137
2026-08-05 11:45:00,81.19999694824219,81.3499984741211,80.69999694824219,80.9000015258789,2594572
2026-08-05 12:00:00,81.1500015258789,81.4000015258789,81.0999984741211,81.19999694824219,1031956
2026-08-05 12:15:00,80.69999694824219,81.1500015258789,80.69999694824219,81.1500015258789,709305
2026-08-05 12:30:00,80.69999694824219,81.0,80.5999984741211,80.75,758167
2026-08-05 12:45:00,80.4000015258789,80.8499984741211,80.3499984741211,80.69999694824219,840074
2026-08-05 13:00:00,80.30000305175781,80.44999694824219,80.19999694824219,80.3499984741211,606627
2026-08-05 13:15:00,80.25,80.4000015258789,80.1500015258789,80.25,501228
2026-08-05 13:30:00,80.3499984741211,80.44999694824219,80.19999694824219,80.25,302670
2026-08-05 13:45:00,80.0999984741211,80.4000015258789,79.94999694824219,80.3499984741211,518402
2026-08-05 14:00:00,79.94999694824219,80.1500015258789,79.9000015258789,80.0999984741211,469246
2026-08-05 14:15:00,80.1500015258789,80.1500015258789,79.9000015258789,79.9000015258789,218220
2026-08-05 14:30:00,80.0999984741211,80.1500015258789,79.94999694824219,80.1500015258789,286174
2026-08-05 14:45:00,80.25,80.3499984741211,80.0,80.05000305175781,263070
2026-08-05 15:00:00,80.30000305175781,80.3499984741211,80.0999984741211,80.25,366436
2026-08-05 15:15:00,80.44999694824219,80.55000305175781,80.0999984741211,80.30000305175781,666117
2026-08-05 15:30:00,80.80000305175781,80.80000305175781,80.4000015258789,80.44999694824219,730910
2026-08-05 15:45:00,80.5999984741211,80.80000305175781,80.5,80.80000305175781,481466
2026-08-05 16:00:00,80.80000305175781,80.9000015258789,80.55000305175781,80.55000305175781,344707
2026-08-05 16:15:00,80.8499984741211,80.9000015258789,80.69999694824219,80.75,198871
2026-08-05 16:30:00,80.80000305175781,80.9000015258789,80.6500015258789,80.9000015258789,284178
2026-08-05 16:45:00,80.69999694824219,80.80000305175781,80.5,80.75,482243
2026-08-05 17:00:00,80.6500015258789,80.80000305175781,80.55000305175781,80.69999694824219,515281
2026-08-05 17:15:00,80.4000015258789,80.6500015258789,80.30000305175781,80.6500015258789,792098
2026-08-05 17:30:00,80.75,80.75,80.4000015258789,80.4000015258789,861450
2026-08-05 17:45:00,80.6500015258789,80.75,80.4000015258789,80.69999694824219,1173157
2026-08-06 09:45:00,80.75,80.75,80.75,80.75,0
2026-08-06 10:00:00,79.55000305175781,80.8499984741211,79.5,80.80000305175781,2096151
2026-08-06 10:15:00,79.3499984741211,79.9000015258789,79.3499984741211,79.55000305175781,1980544
2026-08-06 10:30:00,79.19999694824219,79.4000015258789,79.1500015258789,79.3499984741211,1184208
2026-08-06 10:45:00,79.0,79.19999694824219,78.9000015258789,79.19999694824219,912842
2026-08-06 11:00:00,78.5999984741211,78.94999694824219,78.5,78.94999694824219,1345779
2026-08-06 11:15:00,79.05000305175781,79.1500015258789,78.55000305175781,78.5999984741211,1298881
2026-08-06 11:30:00,79.1500015258789,79.30000305175781,78.94999694824219,79.0999984741211,781139
2026-08-06 11:45:00,79.1500015258789,79.19999694824219,79.0,79.19999694824219,533547
2026-08-06 12:00:00,79.05000305175781,79.19999694824219,78.9000015258789,79.0999984741211,1220693
2026-08-06 12:15:00,79.05000305175781,79.0999984741211,78.94999694824219,79.05000305175781,284138
2026-08-06 12:30:00,79.05000305175781,79.19999694824219,78.94999694824219,79.05000305175781,1058783
2026-08-06 12:45:00,79.1500015258789,79.1500015258789,78.94999694824219,79.05000305175781,291030
2026-08-06 13:00:00,79.0999984741211,79.19999694824219,79.0,79.1500015258789,357160
2026-08-06 13:15:00,79.0999984741211,79.0999984741211,79.05000305175781,79.05000305175781,322884
2026-08-06 13:30:00,79.05000305175781,79.19999694824219,79.0,79.0999984741211,612219
2026-08-06 13:45:00,79.0999984741211,79.0999984741211,78.9000015258789,79.05000305175781,705717
2026-08-06 14:00:00,79.0999984741211,79.1500015258789,79.05000305175781,79.05000305175781,427886
2026-08-06 14:15:00,79.0999984741211,79.0999984741211,79.0,79.0999984741211,251764
2026-08-06 14:30:00,79.30000305175781,79.30000305175781,79.0,79.0999984741211,697871
2026-08-06 14:45:00,79.25,79.3499984741211,79.1500015258789,79.30000305175781,741947
2026-08-06 15:00:00,79.05000305175781,79.30000305175781,79.05000305175781,79.25,339285
2026-08-06 15:15:00,78.8499984741211,79.0999984741211,78.69999694824219,79.0999984741211,1192708
2026-08-06 15:30:00,78.94999694824219,79.05000305175781,78.69999694824219,78.8499984741211,1117363
2026-08-06 15:45:00,78.5999984741211,78.94999694824219,78.4000015258789,78.94999694824219,1005430
2026-08-06 16:00:00,78.5999984741211,78.69999694824219,78.3499984741211,78.5999984741211,868324
2026-08-06 16:15:00,78.5999984741211,78.6500015258789,78.5,78.5999984741211,431705
2026-08-06 16:30:00,78.69999694824219,78.75,78.55000305175781,78.5999984741211,366014
2026-08-06 16:45:00,78.69999694824219,78.8499984741211,78.6500015258789,78.69999694824219,250212
2026-08-06 17:00:00,78.75,78.8499984741211,78.6500015258789,78.69999694824219,346349
2026-08-06 17:15:00,78.55000305175781,78.75,78.5,78.75,576613
2026-08-06 17:30:00,78.55000305175781,78.8499984741211,78.44999694824219,78.55000305175781,1193434
2026-08-06 17:45:00,78.5,78.55000305175781,78.4000015258789,78.5,1064594
2026-08-07 09:45:00,78.5999984741211,78.5999984741211,78.5999984741211,78.5999984741211,0
2026-08-07 10:00:00,78.25,78.94999694824219,77.94999694824219,78.6500015258789,2706806
2026-08-07 10:15:00,77.94999694824219,78.44999694824219,77.9000015258789,78.30000305175781,1298647
2026-08-07 10:30:00,77.8499984741211,78.05000305175781,77.80000305175781,77.94999694824219,788707
2026-08-07 10:45:00,78.25,78.30000305175781,77.69999694824219,77.8499984741211,758176
2026-08-07 11:00:00,78.25,78.4000015258789,78.1500015258789,78.25,475164
2026-08-07 11:15:00,78.05000305175781,78.30000305175781,78.05000305175781,78.25,356046
2026-08-07 11:30:00,77.80000305175781,78.19999694824219,77.75,78.05000305175781,367471
2026-08-07 11:45:00,77.69999694824219,77.80000305175781,77.5999984741211,77.80000305175781,458902
2026-08-07 12:00:00,77.6500015258789,77.8499984741211,77.55000305175781,77.69999694824219,574469
2026-08-07 12:15:00,77.80000305175781,77.9000015258789,77.6500015258789,77.69999694824219,394052
2026-08-07 12:30:00,77.80000305175781,77.9000015258789,77.69999694824219,77.8499984741211,314110
2026-08-07 12:45:00,77.75,77.8499984741211,77.69999694824219,77.75,191937
2026-08-07 13:00:00,77.8499984741211,77.8499984741211,77.69999694824219,77.75,280487
2026-08-07 13:15:00,77.9000015258789,77.94999694824219,77.80000305175781,77.8499984741211,388399
2026-08-07 13:30:00,77.80000305175781,77.9000015258789,77.80000305175781,77.9000015258789,114777
2026-08-07 13:45:00,77.80000305175781,77.9000015258789,77.75,77.8499984741211,256047
2026-08-07 14:00:00,77.75,77.94999694824219,77.75,77.8499984741211,233224
2026-08-07 14:15:00,77.6500015258789,77.80000305175781,77.5999984741211,77.80000305175781,295416
2026-08-07 14:30:00,77.5999984741211,77.6500015258789,77.55000305175781,77.6500015258789,272980
2026-08-07 14:45:00,77.75,77.80000305175781,77.5999984741211,77.6500015258789,249653
2026-08-07 15:00:00,77.80000305175781,77.9000015258789,77.6500015258789,77.80000305175781,492659
2026-08-07 15:15:00,77.94999694824219,78.05000305175781,77.80000305175781,77.8499984741211,408960
2026-08-07 15:30:00,78.0,78.1500015258789,77.69999694824219,77.9000015258789,513193
2026-08-07 15:45:00,77.75,78.05000305175781,77.75,78.0,258408
2026-08-07 16:00:00,77.55000305175781,77.80000305175781,77.44999694824219,77.75,1033191
2026-08-07 16:15:00,77.55000305175781,77.5999984741211,77.44999694824219,77.55000305175781,439110
2026-08-07 16:30:00,77.5,77.55000305175781,77.3499984741211,77.55000305175781,715579
2026-08-07 16:45:00,77.44999694824219,77.5999984741211,77.3499984741211,77.5,586701
2026-08-07 17:00:00,77.19999694824219,77.5,77.05000305175781,77.44999694824219,749745
2026-08-07 17:15:00,77.69999694824219,77.69999694824219,77.05000305175781,77.19999694824219,1336434
2026-08-07 17:30:00,78.0,78.05000305175781,77.6500015258789,77.69999694824219,1621472
2026-08-07 17:45:00,78.05000305175781,78.19999694824219,77.9000015258789,78.05000305175781,1022204
2026-08-10 09:45:00,78.1500015258789,78.1500015258789,78.1500015258789,78.1500015258789,0
2026-08-10 10:00:00,77.75,78.80000305175781,77.55000305175781,78.19999694824219,3093468
2026-08-10 10:15:00,77.5,77.8499984741211,77.44999694824219,77.75,1011462
2026-08-10 10:30:00,77.30000305175781,77.55000305175781,77.19999694824219,77.5,690916
2026-08-10 10:45:00,77.3499984741211,77.5,77.1500015258789,77.25,666169
2026-08-10 11:00:00,77.5,77.5,77.25,77.30000305175781,435483
2026-08-10 11:15:00,77.5999984741211,77.5999984741211,77.44999694824219,77.5,613774
2026-08-10 11:30:00,77.69999694824219,77.80000305175781,77.5,77.5999984741211,684869
2026-08-10 11:45:00,77.69999694824219,77.9000015258789,77.6500015258789,77.69999694824219,606792
2026-08-10 12:00:00,77.80000305175781,77.80000305175781,77.6500015258789,77.75,383920
2026-08-10 12:15:00,78.05000305175781,78.0999984741211,77.6500015258789,77.75,599883
2026-08-10 12:30:00,78.05000305175781,78.19999694824219,78.0,78.05000305175781,726087
2026-08-10 12:45:00,77.9000015258789,78.25,77.8499984741211,78.0999984741211,924140
2026-08-10 13:00:00,77.8499984741211,77.9000015258789,77.69999694824219,77.9000015258789,345380
2026-08-10 13:15:00,78.30000305175781,78.3499984741211,77.80000305175781,77.8499984741211,619036
2026-08-10 13:30:00,78.30000305175781,78.44999694824219,78.19999694824219,78.25,574256
2026-08-10 13:45:00,78.1500015258789,78.3499984741211,78.1500015258789,78.30000305175781,490412
2026-08-10 14:00:00,78.19999694824219,78.25,78.0,78.19999694824219,473003
2026-08-10 14:15:00,78.1500015258789,78.25,78.05000305175781,78.1500015258789,263425
2026-08-10 14:30:00,78.05000305175781,78.1500015258789,77.9000015258789,78.1500015258789,486703
2026-08-10 14:45:00,78.0999984741211,78.1500015258789,77.94999694824219,78.05000305175781,265448
2026-08-10 15:00:00,78.0,78.19999694824219,78.0,78.1500015258789,293110
2026-08-10 15:15:00,78.0999984741211,78.1500015258789,78.0,78.05000305175781,225875
2026-08-10 15:30:00,78.05000305175781,78.1500015258789,78.0,78.0999984741211,339993
2026-08-10 15:45:00,77.9000015258789,78.0999984741211,77.8499984741211,78.05000305175781,526071
2026-08-10 16:00:00,77.9000015258789,78.0,77.6500015258789,77.94999694824219,594604
2026-08-10 16:15:00,77.75,77.94999694824219,77.69999694824219,77.8499984741211,601935
2026-08-10 16:30:00,77.80000305175781,77.9000015258789,77.6500015258789,77.80000305175781,567745
2026-08-10 16:45:00,77.3499984741211,77.75,77.30000305175781,77.75,613217
2026-08-10 17:00:00,77.55000305175781,77.5999984741211,77.3499984741211,77.3499984741211,396962
2026-08-10 17:15:00,77.55000305175781,77.69999694824219,77.3499984741211,77.55000305175781,695216
2026-08-10 17:30:00,77.5999984741211,77.69999694824219,77.5,77.55000305175781,830609
2026-08-10 17:45:00,77.44999694824219,77.6500015258789,77.44999694824219,77.55000305175781,1053627
2026-08-11 09:45:00,77.4000015258789,77.4000015258789,77.4000015258789,77.4000015258789,0
2026-08-11 10:00:00,76.80000305175781,77.6500015258789,76.69999694824219,77.3499984741211,2015282
2026-08-11 10:15:00,76.5999984741211,76.80000305175781,76.3499984741211,76.75,1971883
2026-08-11 10:30:00,76.4000015258789,76.6500015258789,76.19999694824219,76.5999984741211,1636017
2026-08-11 10:45:00,76.19999694824219,76.44999694824219,75.8499984741211,76.44999694824219,1336148
2026-08-11 11:00:00,75.94999694824219,76.19999694824219,75.75,76.1500015258789,895614
2026-08-11 11:15:00,76.75,77.0,75.9000015258789,75.94999694824219,2521001
2026-08-11 11:30:00,77.19999694824219,77.30000305175781,76.69999694824219,76.69999694824219,1021887
2026-08-11 11:45:00,77.30000305175781,77.3499984741211,77.0999984741211,77.25,598190
2026-08-11 12:00:00,77.25,77.3499984741211,77.1500015258789,77.30000305175781,340474
2026-08-11 12:15:00,77.25,77.44999694824219,77.1500015258789,77.19999694824219,489724
2026-08-11 12:30:00,77.3499984741211,77.4000015258789,77.25,77.25,306024
2026-08-11 12:45:00,77.30000305175781,77.4000015258789,77.25,77.3499984741211,265987
2026-08-11 13:00:00,77.25,77.3499984741211,77.19999694824219,77.30000305175781,323970
2026-08-11 13:15:00,77.55000305175781,77.55000305175781,77.25,77.30000305175781,313782
2026-08-11 13:30:00,77.44999694824219,77.55000305175781,77.3499984741211,77.55000305175781,264847
2026-08-11 13:45:00,77.44999694824219,77.5999984741211,77.4000015258789,77.4000015258789,267030
2026-08-11 14:00:00,77.5999984741211,77.80000305175781,77.44999694824219,77.5,844380
2026-08-11 14:15:00,77.44999694824219,77.6500015258789,77.30000305175781,77.6500015258789,402170
2026-08-11 14:30:00,77.69999694824219,77.75,77.4000015258789,77.4000015258789,416919
2026-08-11 14:45:00,77.55000305175781,77.69999694824219,77.44999694824219,77.69999694824219,302336
2026-08-11 15:00:00,78.0999984741211,78.0999984741211,77.44999694824219,77.5,1089000
2026-08-11 15:15:00,78.0999984741211,78.1500015258789,78.0,78.0999984741211,685754
2026-08-11 15:30:00,79.0999984741211,79.1500015258789,78.0,78.1500015258789,3347455
2026-08-11 15:45:00,79.0,79.19999694824219,78.75,79.0999984741211,1374223
2026-08-11 16:00:00,79.0,79.19999694824219,78.94999694824219,79.0,642664
2026-08-11 16:15:00,79.0,79.0999984741211,78.8499984741211,79.05000305175781,689644
2026-08-11 16:30:00,79.0,79.1500015258789,78.9000015258789,79.0,744754
2026-08-11 16:45:00,79.0999984741211,79.19999694824219,78.94999694824219,79.05000305175781,727162
2026-08-11 17:00:00,79.1500015258789,79.30000305175781,79.0,79.05000305175781,1084241
2026-08-11 17:15:00,79.1500015258789,79.55000305175781,79.0999984741211,79.1500015258789,1238007
2026-08-11 17:30:00,79.0,79.1500015258789,78.94999694824219,79.0999984741211,667950
2026-08-11 17:45:00,78.8499984741211,79.05000305175781,78.75,79.0,680058
2026-08-12 09:45:00,78.8499984741211,78.8499984741211,78.8499984741211,78.8499984741211,0
2026-08-12 10:00:00,79.0999984741211,79.44999694824219,78.55000305175781,78.8499984741211,1934640
2026-08-12 10:15:00,78.69999694824219,79.1500015258789,78.5999984741211,79.0999984741211,1154822
2026-08-12 10:30:00,78.75,79.0,78.25,78.69999694824219,1770474
2026-08-12 10:45:00,78.94999694824219,79.05000305175781,78.6500015258789,78.75,648988
2026-08-12 11:00:00,79.0999984741211,79.1500015258789,78.4000015258789,78.9000015258789,1005182
2026-08-12 11:15:00,79.3499984741211,79.4000015258789,79.05000305175781,79.1500015258789,899360
2026-08-12 11:30:00,79.30000305175781,79.3499984741211,79.0999984741211,79.30000305175781,413576
2026-08-12 11:45:00,79.69999694824219,79.75,79.25,79.25,835739
2026-08-12 12:00:00,79.5,79.75,79.1500015258789,79.69999694824219,1087810
2026-08-12 12:15:00,79.80000305175781,79.94999694824219,79.4000015258789,79.55000305175781,950522
2026-08-12 12:30:00,79.75,79.9000015258789,79.69999694824219,79.80000305175781,570222
2026-08-12 12:45:00,79.4000015258789,79.80000305175781,79.3499984741211,79.75,510711
2026-08-12 13:00:00,79.5,79.55000305175781,79.30000305175781,79.4000015258789,319349
2026-08-12 13:15:00,79.6500015258789,79.69999694824219,79.4000015258789,79.5,403400
2026-08-12 13:30:00,79.6500015258789,79.80000305175781,79.5999984741211,79.69999694824219,439751
2026-08-12 13:45:00,79.6500015258789,79.75,79.3499984741211,79.6500015258789,511577
2026-08-12 14:00:00,79.5,79.6500015258789,79.4000015258789,79.6500015258789,362484
2026-08-12 14:15:00,79.4000015258789,79.5,79.30000305175781,79.5,367346
2026-08-12 14:30:00,79.4000015258789,79.55000305175781,79.3499984741211,79.4000015258789,410749
2026-08-12 14:45:00,79.44999694824219,79.44999694824219,79.30000305175781,79.4000015258789,439045
2026-08-12 15:00:00,80.0,80.0999984741211,79.4000015258789,79.44999694824219,1578589
2026-08-12 15:15:00,79.94999694824219,80.0999984741211,79.80000305175781,80.0,693494
2026-08-12 15:30:00,79.94999694824219,80.05000305175781,79.80000305175781,79.94999694824219,635691
2026-08-12 15:45:00,79.94999694824219,80.05000305175781,79.8499984741211,80.0,641825
2026-08-12 16:00:00,80.05000305175781,80.1500015258789,79.9000015258789,79.94999694824219,669797
2026-08-12 16:15:00,80.0999984741211,80.19999694824219,80.0,80.05000305175781,585133
2026-08-12 16:30:00,80.30000305175781,80.4000015258789,80.0999984741211,80.0999984741211,561329
2026-08-12 16:45:00,80.25,80.4000015258789,80.19999694824219,80.3499984741211,596979
2026-08-12 17:00:00,80.1500015258789,80.3499984741211,80.05000305175781,80.19999694824219,712120
2026-08-12 17:15:00,80.0,80.1500015258789,79.9000015258789,80.1500015258789,740541
2026-08-12 17:30:00,80.0,80.0999984741211,79.94999694824219,80.0,475715
2026-08-12 17:45:00,79.8499984741211,80.05000305175781,79.69999694824219,80.0,915338
2026-08-13 09:45:00,79.9000015258789,79.9000015258789,79.9000015258789,79.9000015258789,0
2026-08-13 10:00:00,79.6500015258789,80.0999984741211,79.05000305175781,79.94999694824219,2278942
2026-08-13 10:15:00,79.6500015258789,79.80000305175781,79.30000305175781,79.6500015258789,1061052
2026-08-13 10:30:00,79.6500015258789,79.94999694824219,79.5999984741211,79.69999694824219,681812
2026-08-13 10:45:00,79.5,80.0999984741211,79.5,79.6500015258789,1169534
2026-08-13 11:00:00,79.44999694824219,79.69999694824219,79.30000305175781,79.5,693136
2026-08-13 11:15:00,79.30000305175781,79.5999984741211,79.19999694824219,79.5,398377
2026-08-13 11:30:00,79.5,79.69999694824219,79.25,79.25,489759
2026-08-13 11:45:00,79.30000305175781,79.5,79.30000305175781,79.44999694824219,229290
2026-08-13 12:00:00,79.44999694824219,79.5,79.05000305175781,79.30000305175781,778462
2026-08-13 12:15:00,79.3499984741211,79.5,79.19999694824219,79.44999694824219,322859
2026-08-13 12:30:00,79.3499984741211,79.44999694824219,79.30000305175781,79.3499984741211,358689
2026-08-13 12:45:00,79.3499984741211,79.44999694824219,79.3499984741211,79.3499984741211,181977
2026-08-13 13:00:00,79.25,79.44999694824219,79.19999694824219,79.4000015258789,308145
2026-08-13 13:15:00,79.25,79.4000015258789,79.1500015258789,79.25,235455
2026-08-13 13:30:00,79.25,79.3499984741211,79.19999694824219,79.25,207874
2026-08-13 13:45:00,79.25,79.5,79.19999694824219,79.25,566487
2026-08-13 14:00:00,79.30000305175781,79.3499984741211,79.1500015258789,79.25,196815
2026-08-13 14:15:00,79.25,79.4000015258789,79.19999694824219,79.30000305175781,220085
2026-08-13 14:30:00,79.3499984741211,79.4000015258789,79.19999694824219,79.30000305175781,244161
2026-08-13 14:45:00,79.5,79.55000305175781,79.30000305175781,79.4000015258789,371427
2026-08-13 15:00:00,79.4000015258789,79.55000305175781,79.30000305175781,79.5,308407
2026-08-13 15:15:00,79.30000305175781,79.4000015258789,79.19999694824219,79.3499984741211,513342
2026-08-13 15:30:00,79.3499984741211,79.4000015258789,79.25,79.30000305175781,328088
2026-08-13 15:45:00,79.44999694824219,79.5,79.25,79.30000305175781,527380
2026-08-13 16:00:00,79.44999694824219,79.5999984741211,79.3499984741211,79.44999694824219,596600
2026-08-13 16:15:00,79.25,79.44999694824219,79.19999694824219,79.44999694824219,349015
2026-08-13 16:30:00,79.19999694824219,79.3499984741211,79.0999984741211,79.30000305175781,837533
2026-08-13 16:45:00,79.0999984741211,79.25,79.05000305175781,79.25,419526
2026-08-13 17:00:00,79.19999694824219,79.30000305175781,79.0999984741211,79.1500015258789,279607
2026-08-13 17:15:00,79.69999694824219,79.75,79.0999984741211,79.25,1112452
2026-08-13 17:30:00,79.94999694824219,80.0999984741211,79.4000015258789,79.6500015258789,2458431
2026-08-13 17:45:00,79.6500015258789,80.0,79.5999984741211,79.94999694824219,932697
2026-08-14 09:45:00,79.94999694824219,79.94999694824219,79.94999694824219,79.94999694824219,0
2026-08-14 10:00:00,80.44999694824219,80.69999694824219,79.8499984741211,79.94999694824219,1805396
2026-08-14 10:15:00,79.8499984741211,80.44999694824219,79.80000305175781,80.44999694824219,1222528
2026-08-14 10:30:00,79.94999694824219,80.05000305175781,79.6500015258789,79.8499984741211,1110528
2026-08-14 10:45:00,79.80000305175781,80.05000305175781,79.69999694824219,80.0,479873
2026-08-14 11:00:00,79.8499984741211,79.9000015258789,79.30000305175781,79.80000305175781,687556
2026-08-14 11:15:00,79.94999694824219,80.05000305175781,79.75,79.8499984741211,717763
2026-08-14 11:30:00,79.9000015258789,80.1500015258789,79.9000015258789,79.94999694824219,401331
2026-08-14 11:45:00,79.69999694824219,79.94999694824219,79.6500015258789,79.94999694824219,357302
2026-08-14 12:00:00,79.6500015258789,79.80000305175781,79.5999984741211,79.69999694824219,462241
2026-08-14 12:15:00,79.3499984741211,79.6500015258789,79.30000305175781,79.6500015258789,476290
2026-08-14 12:30:00,79.3499984741211,79.4000015258789,79.19999694824219,79.4000015258789,634038
2026-08-14 12:45:00,79.6500015258789,79.75,79.30000305175781,79.3499984741211,401931
2026-08-14 13:00:00,79.6500015258789,79.69999694824219,79.5999984741211,79.6500015258789,170284
2026-08-14 13:15:00,79.75,79.80000305175781,79.5999984741211,79.69999694824219,239542
2026-08-14 13:30:00,79.75,79.8499984741211,79.6500015258789,79.75,179008
2026-08-14 13:45:00,79.75,79.80000305175781,79.69999694824219,79.80000305175781,157819
2026-08-14 14:00:00,79.55000305175781,79.75,79.5,79.75,252111
2026-08-14 14:15:00,79.3499984741211,79.6500015258789,79.3499984741211,79.55000305175781,542422
2026-08-14 14:30:00,79.0999984741211,79.3499984741211,79.05000305175781,79.3499984741211,979016
2026-08-14 14:45:00,78.94999694824219,79.1500015258789,78.80000305175781,79.0999984741211,1068249
2026-08-14 15:00:00,79.19999694824219,79.25,78.80000305175781,78.94999694824219,556143
2026-08-14 15:15:00,79.25,79.4000015258789,79.0999984741211,79.19999694824219,497115
2026-08-14 15:30:00,79.19999694824219,79.3499984741211,79.1500015258789,79.25,265860
2026-08-14 15:45:00,79.1500015258789,79.19999694824219,79.05000305175781,79.19999694824219,251541
2026-08-14 16:00:00,79.25,79.25,79.0999984741211,79.1500015258789,176321
2026-08-14 16:15:00,79.30000305175781,79.30000305175781,79.1500015258789,79.25,182529
2026-08-14 16:30:00,79.30000305175781,79.3499984741211,79.1500015258789,79.25,284176
2026-08-14 16:45:00,79.19999694824219,79.30000305175781,79.0999984741211,79.30000305175781,280303
2026-08-14 17:00:00,79.3499984741211,79.3499984741211,79.25,79.25,178194
2026-08-14 17:15:00,79.30000305175781,79.4000015258789,79.1500015258789,79.3499984741211,471630
2026-08-14 17:30:00,79.25,79.3499984741211,79.1500015258789,79.30000305175781,613378
2026-08-14 17:45:00,79.0999984741211,79.30000305175781,79.0,79.25,976011
2026-08-17 09:45:00,79.19999694824219,79.19999694824219,79.19999694824219,79.19999694824219,0
2026-08-17 10:00:00,78.9000015258789,79.4000015258789,78.69999694824219,79.25,1805550
2026-08-17 10:15:00,79.1500015258789,79.25,78.8499984741211,78.94999694824219,879779
2026-08-17 10:30:00,79.19999694824219,79.19999694824219,78.75,79.1500015258789,610610
2026-08-17 10:45:00,78.8499984741211,79.19999694824219,78.75,79.19999694824219,446692
2026-08-17 11:00:00,78.94999694824219,79.0,78.55000305175781,78.9000015258789,1349767
2026-08-17 11:15:00,79.30000305175781,79.4000015258789,78.80000305175781,78.94999694824219,1317020
2026-08-17 11:30:00,79.4000015258789,79.69999694824219,79.25,79.3499984741211,2014325
2026-08-17 11:45:00,79.69999694824219,79.94999694824219,79.4000015258789,79.4000015258789,1323879
2026-08-17 12:00:00,79.5999984741211,79.75,79.5,79.69999694824219,485553
2026-08-17 12:15:00,79.75,79.80000305175781,79.5,79.6500015258789,673932
2026-08-17 12:30:00,79.80000305175781,79.8499984741211,79.69999694824219,79.75,253545
2026-08-17 12:45:00,79.80000305175781,79.8499984741211,79.6500015258789,79.80000305175781,464224
2026-08-17 13:00:00,79.75,79.80000305175781,79.5999984741211,79.80000305175781,412172
2026-08-17 13:15:00,79.80000305175781,79.80000305175781,79.5999984741211,79.75,258826
2026-08-17 13:30:00,79.55000305175781,79.8499984741211,79.5,79.75,391370
2026-08-17 13:45:00,79.55000305175781,79.5999984741211,79.5,79.5,228852
2026-08-17 14:00:00,79.5,79.5999984741211,79.44999694824219,79.5999984741211,384726
2026-08-17 14:15:00,79.0999984741211,79.5999984741211,79.05000305175781,79.5,735238
2026-08-17 14:30:00,79.05000305175781,79.1500015258789,79.0,79.0999984741211,249445
2026-08-17 14:45:00,79.0999984741211,79.1500015258789,79.0,79.0999984741211,267540
2026-08-17 15:00:00,78.94999694824219,79.1500015258789,78.9000015258789,79.0999984741211,247495
2026-08-17 15:15:00,78.80000305175781,78.94999694824219,78.75,78.9000015258789,317121
2026-08-17 15:30:00,78.75,78.8499984741211,78.6500015258789,78.80000305175781,241306
2026-08-17 15:45:00,78.80000305175781,78.9000015258789,78.75,78.80000305175781,187645
2026-08-17 16:00:00,79.0,79.05000305175781,78.80000305175781,78.8499984741211,413602
2026-08-17 16:15:00,78.9000015258789,79.05000305175781,78.8499984741211,79.05000305175781,207289
2026-08-17 16:30:00,79.05000305175781,79.0999984741211,78.9000015258789,78.9000015258789,291595
2026-08-17 16:45:00,79.1500015258789,79.19999694824219,78.94999694824219,79.05000305175781,253991
2026-08-17 17:00:00,79.19999694824219,79.19999694824219,79.0999984741211,79.19999694824219,290538
2026-08-17 17:15:00,79.30000305175781,79.44999694824219,79.0999984741211,79.1500015258789,628590
2026-08-17 17:30:00,78.94999694824219,79.4000015258789,78.94999694824219,79.30000305175781,779708
2026-08-17 17:45:00,78.9000015258789,79.19999694824219,78.8499984741211,79.0,950208
2026-08-18 09:45:00,79.0,79.0,79.0,79.0,0
2026-08-18 10:00:00,78.8499984741211,79.0,78.19999694824219,79.0,1636090
2026-08-18 10:15:00,79.19999694824219,79.25,78.5999984741211,78.8499984741211,788625
2026-08-18 10:30:00,79.19999694824219,79.19999694824219,78.94999694824219,79.1500015258789,519849
2026-08-18 10:45:00,79.0999984741211,79.25,79.0,79.19999694824219,319067
2026-08-18 11:00:00,79.25,79.30000305175781,79.05000305175781,79.0999984741211,649418
2026-08-18 11:15:00,79.30000305175781,79.30000305175781,79.0999984741211,79.25,330918
2026-08-18 11:30:00,79.44999694824219,79.5999984741211,79.19999694824219,79.30000305175781,634265
2026-08-18 11:45:00,79.4000015258789,79.5,79.3499984741211,79.5,500926
2026-08-18 12:00:00,79.25,79.44999694824219,78.9000015258789,79.4000015258789,958799
2026-08-18 12:15:00,79.3499984741211,79.3499984741211,79.1500015258789,79.19999694824219,323135
2026-08-18 12:30:00,79.3499984741211,79.3499984741211,79.1500015258789,79.3499984741211,329069
2026-08-18 12:45:00,79.5,79.5999984741211,79.30000305175781,79.30000305175781,526374
2026-08-18 13:00:00,79.4000015258789,79.5,79.3499984741211,79.5,212301
2026-08-18 13:15:00,79.55000305175781,79.5999984741211,79.4000015258789,79.4000015258789,323549
2026-08-18 13:30:00,79.55000305175781,79.6500015258789,79.44999694824219,79.5999984741211,329737
2026-08-18 13:45:00,79.6500015258789,79.69999694824219,79.4000015258789,79.55000305175781,462497
2026-08-18 14:00:00,79.69999694824219,79.80000305175781,79.55000305175781,79.6500015258789,672851
2026-08-18 14:15:00,79.55000305175781,79.69999694824219,79.5,79.69999694824219,153484
2026-08-18 14:30:00,79.5999984741211,79.5999984741211,79.5,79.55000305175781,123805
2026-08-18 14:45:00,79.69999694824219,79.80000305175781,79.55000305175781,79.55000305175781,388754
2026-08-18 15:00:00,79.55000305175781,79.75,79.5,79.69999694824219,261525
2026-08-18 15:15:00,79.55000305175781,79.6500015258789,79.5,79.55000305175781,280829
2026-08-18 15:30:00,79.5,79.5999984741211,79.5,79.55000305175781,133456
2026-08-18 15:45:00,79.44999694824219,79.69999694824219,79.4000015258789,79.55000305175781,601191
2026-08-18 16:00:00,79.4000015258789,79.5,79.05000305175781,79.44999694824219,1094197
2026-08-18 16:15:00,79.25,79.4000015258789,79.1500015258789,79.3499984741211,580723
2026-08-18 16:30:00,79.30000305175781,79.3499984741211,79.1500015258789,79.25,323355
2026-08-18 16:45:00,79.30000305175781,79.4000015258789,79.25,79.30000305175781,219027
2026-08-18 17:00:00,79.25,79.3499984741211,78.94999694824219,79.3499984741211,520296
2026-08-18 17:15:00,79.1500015258789,79.30000305175781,79.0999984741211,79.25,403237
2026-08-18 17:30:00,79.0,79.30000305175781,78.94999694824219,79.1500015258789,507722
2026-08-18 17:45:00,78.94999694824219,79.1500015258789,78.9000015258789,79.0,716400
2026-08-19 09:45:00,78.75,78.75,78.75,78.75,0
2026-08-19 10:00:00,79.30000305175781,79.3499984741211,78.5999984741211,78.75,1004814
2026-08-19 10:15:00,79.19999694824219,79.4000015258789,78.9000015258789,79.3499984741211,624677
2026-08-19 10:30:00,79.1500015258789,79.25,79.0999984741211,79.1500015258789,158653
2026-08-19 10:45:00,79.1500015258789,79.19999694824219,79.0,79.1500015258789,120284
