Datetime,Close,High,Low,Open,Volume
2026-06-01 09:45:00,27.219999313354492,27.219999313354492,27.219999313354492,27.219999313354492,0
2026-06-01 10:00:00,27.520000457763672,27.700000762939453,27.219999313354492,27.219999313354492,857439
2026-06-01 10:15:00,27.479999542236328,27.6200008392334,27.420000076293945,27.5,570557
2026-06-01 10:30:00,27.459999084472656,27.520000457763672,27.399999618530273,27.479999542236328,291844
2026-06-01 10:45:00,27.68000030517578,27.700000762939453,27.459999084472656,27.459999084472656,367632
2026-06-01 11:00:00,27.739999771118164,27.81999969482422,27.6200008392334,27.65999984741211,503078
2026-06-01 11:15:00,27.65999984741211,27.739999771118164,27.639999389648438,27.739999771118164,136832
2026-06-01 11:30:00,27.600000381469727,27.700000762939453,27.559999465942383,27.65999984741211,158970
2026-06-01 11:45:00,27.520000457763672,27.600000381469727,27.5,27.579999923706055,145963
2026-06-01 12:00:00,27.3799991607666,27.579999923706055,27.360000610351562,27.520000457763672,227483
2026-06-01 12:15:00,27.360000610351562,27.559999465942383,27.280000686645508,27.3799991607666,317120
2026-06-01 12:30:00,27.399999618530273,27.6200008392334,27.31999969482422,27.34000015258789,143170
2026-06-01 12:45:00,27.420000076293945,27.459999084472656,27.399999618530273,27.399999618530273,147957
2026-06-01 13:00:00,27.420000076293945,27.459999084472656,27.3799991607666,27.420000076293945,76831
2026-06-01 13:15:00,27.3799991607666,27.420000076293945,27.360000610351562,27.399999618530273,90841
2026-06-01 13:30:00,27.34000015258789,27.440000534057617,27.34000015258789,27.399999618530273,207910
2026-06-01 13:45:00,27.3799991607666,27.3799991607666,27.31999969482422,27.34000015258789,33867
2026-06-01 14:00:00,27.3799991607666,27.440000534057617,27.34000015258789,27.3799991607666,70118
2026-06-01 14:15:00,27.3799991607666,27.399999618530273,27.34000015258789,27.3799991607666,28758
2026-06-01 14:30:00,27.3799991607666,27.440000534057617,27.360000610351562,27.360000610351562,68254
2026-06-01 14:45:00,27.399999618530273,27.420000076293945,27.360000610351562,27.399999618530273,57555
2026-06-01 15:00:00,27.399999618530273,27.399999618530273,27.360000610351562,27.399999618530273,18358
2026-06-01 15:15:00,27.399999618530273,27.420000076293945,27.34000015258789,27.3799991607666,80766
2026-06-01 15:30:00,27.440000534057617,27.440000534057617,27.360000610351562,27.399999618530273,136466
2026-06-01 15:45:00,27.399999618530273,27.459999084472656,27.360000610351562,27.440000534057617,144443
2026-06-01 16:00:00,27.299999237060547,27.420000076293945,27.239999771118164,27.399999618530273,169727
2026-06-01 16:15:00,27.040000915527344,27.3799991607666,27.040000915527344,27.299999237060547,309612
2026-06-01 16:30:00,27.100000381469727,27.15999984741211,27.0,27.040000915527344,260741
2026-06-01 16:45:00,27.0,27.18000030517578,26.979999542236328,27.100000381469727,191201
2026-06-01 17:00:00,27.059999465942383,27.079999923706055,26.979999542236328,27.0,241609
2026-06-01 17:15:00,27.040000915527344,27.079999923706055,27.0,27.059999465942383,112249
2026-06-01 17:30:00,27.0,27.079999923706055,26.979999542236328,27.059999465942383,126759
2026-06-01 17:45:00,27.040000915527344,27.040000915527344,26.979999542236328,27.0,162661
2026-06-02 09:45:00,27.100000381469727,27.100000381469727,27.100000381469727,27.100000381469727,0
2026-06-02 10:00:00,27.1200008392334,27.239999771118164,27.0,27.100000381469727,496154
2026-06-02 10:15:00,27.200000762939453,27.239999771118164,27.1200008392334,27.139999389648438,344492
2026-06-02 10:30:00,27.18000030517578,27.219999313354492,27.15999984741211,27.200000762939453,186172
2026-06-02 10:45:00,27.200000762939453,27.260000228881836,27.139999389648438,27.200000762939453,229051
2026-06-02 11:00:00,27.200000762939453,27.239999771118164,27.15999984741211,27.219999313354492,324812
2026-06-02 11:15:00,27.079999923706055,27.219999313354492,27.079999923706055,27.18000030517578,394986
2026-06-02 11:30:00,27.100000381469727,27.1200008392334,27.059999465942383,27.100000381469727,169629
2026-06-02 11:45:00,27.079999923706055,27.1200008392334,27.059999465942383,27.100000381469727,220274
2026-06-02 12:00:00,27.139999389648438,27.18000030517578,27.100000381469727,27.100000381469727,210847
2026-06-02 12:15:00,27.079999923706055,27.139999389648438,27.059999465942383,27.139999389648438,232599
2026-06-02 12:30:00,27.100000381469727,27.1200008392334,27.059999465942383,27.100000381469727,106077
2026-06-02 12:45:00,27.100000381469727,27.100000381469727,27.059999465942383,27.100000381469727,179995
2026-06-02 13:00:00,27.079999923706055,27.1200008392334,27.059999465942383,27.079999923706055,36115
2026-06-02 13:15:00,27.079999923706055,27.1200008392334,27.059999465942383,27.079999923706055,100230
2026-06-02 13:30:00,27.100000381469727,27.15999984741211,27.020000457763672,27.059999465942383,234473
2026-06-02 13:45:00,27.100000381469727,27.1200008392334,27.079999923706055,27.079999923706055,47752
2026-06-02 14:00:00,27.18000030517578,27.18000030517578,27.079999923706055,27.100000381469727,132501
2026-06-02 14:15:00,27.139999389648438,27.18000030517578,27.079999923706055,27.18000030517578,217823
2026-06-02 14:30:00,27.18000030517578,27.200000762939453,27.079999923706055,27.139999389648438,152018
2026-06-02 14:45:00,27.079999923706055,27.18000030517578,27.079999923706055,27.18000030517578,103262
2026-06-02 15:00:00,27.280000686645508,27.280000686645508,27.079999923706055,27.079999923706055,286969
2026-06-02 15:15:00,27.31999969482422,27.420000076293945,27.239999771118164,27.260000228881836,512554
2026-06-02 15:30:00,27.299999237060547,27.440000534057617,27.299999237060547,27.31999969482422,381864
2026-06-02 15:45:00,27.579999923706055,27.84000015258789,27.260000228881836,27.299999237060547,819420
2026-06-02 16:00:00,27.600000381469727,27.760000228881836,27.579999923706055,27.600000381469727,872113
2026-06-02 16:15:00,27.559999465942383,27.6200008392334,27.540000915527344,27.600000381469727,240080
2026-06-02 16:30:00,27.579999923706055,27.600000381469727,27.520000457763672,27.559999465942383,251471
2026-06-02 16:45:00,27.520000457763672,27.579999923706055,27.5,27.579999923706055,189523
2026-06-02 17:00:00,27.540000915527344,27.600000381469727,27.5,27.5,259027
2026-06-02 17:15:00,27.540000915527344,27.579999923706055,27.520000457763672,27.559999465942383,126992
2026-06-02 17:30:00,27.5,27.579999923706055,27.459999084472656,27.540000915527344,312885
2026-06-02 17:45:00,27.68000030517578,27.68000030517578,27.5,27.520000457763672,504696
2026-06-03 09:45:00,27.899999618530273,27.899999618530273,27.899999618530273,27.899999618530273,0
2026-06-03 10:00:00,27.540000915527344,27.940000534057617,27.219999313354492,27.899999618530273,706193
2026-06-03 10:15:00,27.700000762939453,27.700000762939453,27.520000457763672,27.540000915527344,221699
2026-06-03 10:30:00,27.479999542236328,27.700000762939453,27.459999084472656,27.700000762939453,240469
2026-06-03 10:45:00,27.399999618530273,27.5,27.360000610351562,27.479999542236328,259972
2026-06-03 11:00:00,27.420000076293945,27.440000534057617,27.34000015258789,27.399999618530273,111881
2026-06-03 11:15:00,27.479999542236328,27.479999542236328,27.3799991607666,27.399999618530273,168490
2026-06-03 11:30:00,27.34000015258789,27.459999084472656,27.260000228881836,27.459999084472656,208792
2026-06-03 11:45:00,27.31999969482422,27.34000015258789,27.219999313354492,27.34000015258789,222085
2026-06-03 12:00:00,27.360000610351562,27.399999618530273,27.299999237060547,27.31999969482422,155548
2026-06-03 12:15:00,27.34000015258789,27.360000610351562,27.299999237060547,27.360000610351562,109854
2026-06-03 12:30:00,27.360000610351562,27.399999618530273,27.299999237060547,27.360000610351562,150353
2026-06-03 12:45:00,27.299999237060547,27.3799991607666,27.280000686645508,27.360000610351562,90810
2026-06-03 13:00:00,27.360000610351562,27.3799991607666,27.280000686645508,27.280000686645508,144794
2026-06-03 13:15:00,27.299999237060547,27.360000610351562,27.299999237060547,27.34000015258789,71239
2026-06-03 13:30:00,27.31999969482422,27.360000610351562,27.219999313354492,27.299999237060547,308789
2026-06-03 13:45:00,27.399999618530273,27.479999542236328,27.31999969482422,27.34000015258789,165711
2026-06-03 14:00:00,27.34000015258789,27.3799991607666,27.31999969482422,27.3799991607666,104704
2026-06-03 14:15:00,27.260000228881836,27.34000015258789,27.239999771118164,27.34000015258789,120349
2026-06-03 14:30:00,27.360000610351562,27.360000610351562,27.239999771118164,27.280000686645508,73382
2026-06-03 14:45:00,27.459999084472656,27.600000381469727,27.34000015258789,27.360000610351562,490445
2026-06-03 15:00:00,27.360000610351562,27.459999084472656,27.31999969482422,27.440000534057617,183274
2026-06-03 15:15:00,27.34000015258789,27.3799991607666,27.31999969482422,27.360000610351562,85575
2026-06-03 15:30:00,27.260000228881836,27.34000015258789,27.239999771118164,27.34000015258789,149847
2026-06-03 15:45:00,27.239999771118164,27.299999237060547,27.239999771118164,27.280000686645508,86345
2026-06-03 16:00:00,27.260000228881836,27.280000686645508,27.219999313354492,27.239999771118164,176182
2026-06-03 16:15:00,27.219999313354492,27.260000228881836,27.079999923706055,27.260000228881836,317016
2026-06-03 16:30:00,27.020000457763672,27.200000762939453,27.0,27.200000762939453,294053
2026-06-03 16:45:00,27.020000457763672,27.040000915527344,26.959999084472656,27.020000457763672,223192
2026-06-03 17:00:00,26.959999084472656,27.059999465942383,26.959999084472656,27.0,316162
2026-06-03 17:15:00,26.860000610351562,26.979999542236328,26.799999237060547,26.979999542236328,344663
2026-06-03 17:30:00,26.860000610351562,26.920000076293945,26.860000610351562,26.8799991607666,149980
2026-06-03 17:45:00,26.84000015258789,27.0,26.799999237060547,26.8799991607666,332401
2026-06-04 09:45:00,26.979999542236328,26.979999542236328,26.979999542236328,26.979999542236328,0
2026-06-04 10:00:00,27.1200008392334,27.18000030517578,27.0,27.0,542919
2026-06-04 10:15:00,27.059999465942383,27.200000762939453,27.040000915527344,27.139999389648438,236875
2026-06-04 10:30:00,27.020000457763672,27.15999984741211,27.020000457763672,27.059999465942383,221644
2026-06-04 10:45:00,26.860000610351562,27.040000915527344,26.81999969482422,27.020000457763672,266018
2026-06-04 11:00:00,26.739999771118164,26.860000610351562,26.68000030517578,26.84000015258789,355991
2026-06-04 11:15:00,26.600000381469727,26.739999771118164,26.520000457763672,26.739999771118164,264448
2026-06-04 11:30:00,26.6200008392334,26.700000762939453,26.5,26.6200008392334,312863
2026-06-04 11:45:00,26.559999465942383,26.639999389648438,26.559999465942383,26.6200008392334,176542
2026-06-04 12:00:00,26.579999923706055,26.639999389648438,26.520000457763672,26.540000915527344,145969
2026-06-04 12:15:00,26.540000915527344,26.600000381469727,26.520000457763672,26.559999465942383,65765
2026-06-04 12:30:00,26.6200008392334,26.639999389648438,26.540000915527344,26.559999465942383,52135
2026-06-04 12:45:00,26.6200008392334,26.68000030517578,26.600000381469727,26.600000381469727,73939
2026-06-04 13:00:00,26.6200008392334,26.6200008392334,26.540000915527344,26.6200008392334,52786
2026-06-04 13:15:00,26.540000915527344,26.600000381469727,26.520000457763672,26.600000381469727,53675
2026-06-04 13:30:00,26.459999084472656,26.559999465942383,26.440000534057617,26.520000457763672,142112
2026-06-04 13:45:00,26.459999084472656,26.5,26.420000076293945,26.440000534057617,146655
2026-06-04 14:00:00,26.479999542236328,26.5,26.399999618530273,26.459999084472656,98942
2026-06-04 14:15:00,26.5,26.540000915527344,26.440000534057617,26.479999542236328,116207
2026-06-04 14:30:00,26.420000076293945,26.540000915527344,26.360000610351562,26.5,179374
2026-06-04 14:45:00,26.739999771118164,26.739999771118164,26.440000534057617,26.440000534057617,272649
2026-06-04 15:00:00,26.700000762939453,26.799999237060547,26.65999984741211,26.739999771118164,203907
2026-06-04 15:15:00,26.65999984741211,26.760000228881836,26.6200008392334,26.700000762939453,143638
2026-06-04 15:30:00,26.65999984741211,26.700000762939453,26.6200008392334,26.68000030517578,64418
2026-06-04 15:45:00,26.700000762939453,26.739999771118164,26.639999389648438,26.65999984741211,74346
2026-06-04 16:00:00,26.84000015258789,26.899999618530273,26.700000762939453,26.700000762939453,153075
2026-06-04 16:15:00,26.860000610351562,26.920000076293945,26.799999237060547,26.860000610351562,108968
2026-06-04 16:30:00,26.65999984741211,26.8799991607666,26.639999389648438,26.860000610351562,113153
2026-06-04 16:45:00,26.719999313354492,26.739999771118164,26.65999984741211,26.65999984741211,59245
2026-06-04 17:00:00,26.700000762939453,26.780000686645508,26.68000030517578,26.719999313354492,119939
2026-06-04 17:15:00,26.719999313354492,26.780000686645508,26.700000762939453,26.700000762939453,48873
2026-06-04 17:30:00,26.719999313354492,26.81999969482422,26.700000762939453,26.700000762939453,111631
2026-06-04 17:45:00,26.899999618530273,26.959999084472656,26.700000762939453,26.719999313354492,355470
2026-06-05 09:45:00,26.920000076293945,26.920000076293945,26.920000076293945,26.920000076293945,0
2026-06-05 10:00:00,26.940000534057617,27.1200008392334,26.6200008392334,26.920000076293945,1028114
2026-06-05 10:15:00,26.920000076293945,26.979999542236328,26.84000015258789,26.940000534057617,264663
2026-06-05 10:30:00,26.940000534057617,27.1200008392334,26.899999618530273,26.899999618530273,210223
2026-06-05 10:45:00,26.959999084472656,27.0,26.920000076293945,26.959999084472656,119387
2026-06-05 11:00:00,26.860000610351562,26.979999542236328,26.799999237060547,26.959999084472656,208679
2026-06-05 11:15:00,26.8799991607666,26.959999084472656,26.81999969482422,26.860000610351562,96228
2026-06-05 11:30:00,26.899999618530273,26.959999084472656,26.8799991607666,26.8799991607666,85019
2026-06-05 11:45:00,26.899999618530273,26.920000076293945,26.84000015258789,26.920000076293945,82348
2026-06-05 12:00:00,26.940000534057617,26.959999084472656,26.84000015258789,26.899999618530273,98555
2026-06-05 12:15:00,26.860000610351562,26.940000534057617,26.860000610351562,26.899999618530273,61828
2026-06-05 12:30:00,26.899999618530273,26.940000534057617,26.84000015258789,26.860000610351562,64018
2026-06-05 12:45:00,26.940000534057617,26.959999084472656,26.899999618530273,26.899999618530273,66741
2026-06-05 13:00:00,26.8799991607666,26.940000534057617,26.860000610351562,26.940000534057617,33793
2026-06-05 13:15:00,26.899999618530273,26.940000534057617,26.8799991607666,26.899999618530273,51111
2026-06-05 13:30:00,26.959999084472656,26.979999542236328,26.8799991607666,26.899999618530273,59603
2026-06-05 13:45:00,26.959999084472656,27.0,26.920000076293945,26.979999542236328,69066
2026-06-05 14:00:00,26.8799991607666,26.959999084472656,26.81999969482422,26.959999084472656,99862
2026-06-05 14:15:00,26.8799991607666,26.899999618530273,26.860000610351562,26.860000610351562,91818
2026-06-05 14:30:00,26.780000686645508,26.8799991607666,26.760000228881836,26.8799991607666,163701
2026-06-05 14:45:00,26.739999771118164,26.780000686645508,26.719999313354492,26.780000686645508,103567
2026-06-05 15:00:00,26.700000762939453,26.739999771118164,26.639999389648438,26.719999313354492,109193
2026-06-05 15:15:00,26.68000030517578,26.719999313354492,26.65999984741211,26.700000762939453,36405
2026-06-05 15:30:00,26.600000381469727,26.700000762939453,26.559999465942383,26.65999984741211,88704
2026-06-05 15:45:00,26.5,26.6200008392334,26.5,26.600000381469727,92383
2026-06-05 16:00:00,26.6200008392334,26.6200008392334,26.5,26.520000457763672,164270
2026-06-05 16:15:00,26.559999465942383,26.639999389648438,26.520000457763672,26.6200008392334,88404
2026-06-05 16:30:00,26.5,26.600000381469727,26.5,26.559999465942383,83464
2026-06-05 16:45:00,26.420000076293945,26.520000457763672,26.3799991607666,26.5,175112
2026-06-05 17:00:00,26.399999618530273,26.459999084472656,26.360000610351562,26.420000076293945,177952
2026-06-05 17:15:00,26.440000534057617,26.5,26.3799991607666,26.399999618530273,73887
2026-06-05 17:30:00,26.520000457763672,26.6200008392334,26.420000076293945,26.440000534057617,186145
2026-06-05 17:45:00,26.479999542236328,26.579999923706055,26.459999084472656,26.540000915527344,274344
2026-06-08 09:45:00,26.200000762939453,26.200000762939453,26.200000762939453,26.200000762939453,0
2026-06-08 10:00:00,26.299999237060547,26.360000610351562,26.020000457763672,26.280000686645508,298807
2026-06-08 10:15:00,26.440000534057617,26.600000381469727,26.299999237060547,26.360000610351562,243087
2026-06-08 10:30:00,26.399999618530273,26.600000381469727,26.34000015258789,26.459999084472656,437739
2026-06-08 10:45:00,26.399999618530273,26.520000457763672,26.3799991607666,26.420000076293945,177443
2026-06-08 11:00:00,26.360000610351562,26.420000076293945,26.31999969482422,26.420000076293945,173685
2026-06-08 11:15:00,26.440000534057617,26.440000534057617,26.31999969482422,26.34000015258789,115532
2026-06-08 11:30:00,26.399999618530273,26.479999542236328,26.3799991607666,26.459999084472656,204374
2026-06-08 11:45:00,26.440000534057617,26.459999084472656,26.3799991607666,26.3799991607666,47982
2026-06-08 12:00:00,26.31999969482422,26.459999084472656,26.31999969482422,26.420000076293945,101113
2026-06-08 12:15:00,26.239999771118164,26.360000610351562,26.18000030517578,26.34000015258789,200381
2026-06-08 12:30:00,26.280000686645508,26.31999969482422,26.219999313354492,26.239999771118164,137295
2026-06-08 12:45:00,26.239999771118164,26.440000534057617,26.15999984741211,26.260000228881836,130941
2026-06-08 13:00:00,26.280000686645508,26.299999237060547,26.200000762939453,26.239999771118164,25654
2026-06-08 13:15:00,26.280000686645508,26.299999237060547,26.239999771118164,26.299999237060547,70144
2026-06-08 13:30:00,26.31999969482422,26.360000610351562,26.280000686645508,26.280000686645508,64587
2026-06-08 13:45:00,26.299999237060547,26.34000015258789,26.260000228881836,26.299999237060547,53348
2026-06-08 14:00:00,26.3799991607666,26.440000534057617,26.280000686645508,26.31999969482422,96924
2026-06-08 14:15:00,26.540000915527344,26.559999465942383,26.360000610351562,26.3799991607666,212956
2026-06-08 14:30:00,26.420000076293945,26.579999923706055,26.420000076293945,26.559999465942383,143872
2026-06-08 14:45:00,26.459999084472656,26.5,26.420000076293945,26.440000534057617,93586
2026-06-08 15:00:00,26.5,26.579999923706055,26.459999084472656,26.459999084472656,191152
2026-06-08 15:15:00,26.479999542236328,26.540000915527344,26.479999542236328,26.479999542236328,74045
2026-06-08 15:30:00,26.520000457763672,26.520000457763672,26.440000534057617,26.5,45491
2026-06-08 15:45:00,26.579999923706055,26.600000381469727,26.479999542236328,26.540000915527344,106498
2026-06-08 16:00:00,26.559999465942383,26.600000381469727,26.520000457763672,26.579999923706055,106935
2026-06-08 16:15:00,26.5,26.559999465942383,26.459999084472656,26.559999465942383,144972
2026-06-08 16:30:00,26.479999542236328,26.559999465942383,26.459999084472656,26.5,93220
2026-06-08 16:45:00,26.479999542236328,26.479999542236328,26.399999618530273,26.479999542236328,101285
2026-06-08 17:00:00,26.559999465942383,26.559999465942383,26.459999084472656,26.479999542236328,101165
2026-06-08 17:15:00,26.459999084472656,26.559999465942383,26.459999084472656,26.540000915527344,122154
2026-06-08 17:30:00,26.440000534057617,26.520000457763672,26.440000534057617,26.459999084472656,134450
2026-06-08 17:45:00,26.540000915527344,26.540000915527344,26.440000534057617,26.459999084472656,250194
2026-06-09 09:45:00,26.700000762939453,26.700000762939453,26.700000762939453,26.700000762939453,0
2026-06-09 10:00:00,26.579999923706055,26.700000762939453,26.479999542236328,26.700000762939453,347457
2026-06-09 10:15:00,26.6200008392334,27.0,26.559999465942383,26.559999465942383,430305
2026-06-09 10:30:00,26.739999771118164,26.940000534057617,26.579999923706055,26.600000381469727,760162
2026-06-09 10:45:00,26.719999313354492,26.780000686645508,26.639999389648438,26.739999771118164,387346
2026-06-09 11:00:00,26.700000762939453,26.760000228881836,26.68000030517578,26.719999313354492,89815
2026-06-09 11:15:00,26.700000762939453,26.719999313354492,26.639999389648438,26.68000030517578,180845
2026-06-09 11:30:00,26.68000030517578,26.719999313354492,26.639999389648438,26.700000762939453,148351
2026-06-09 11:45:00,27.739999771118164,27.760000228881836,26.68000030517578,26.700000762939453,1679495
2026-06-09 12:00:00,28.15999984741211,28.239999771118164,26.940000534057617,27.719999313354492,3055298
2026-06-09 12:15:00,28.0,28.299999237060547,27.15999984741211,28.15999984741211,2047197
2026-06-09 12:30:00,27.799999237060547,28.040000915527344,27.639999389648438,28.0,833887
2026-06-09 12:45:00,27.440000534057617,27.81999969482422,27.420000076293945,27.780000686645508,704830
2026-06-09 13:00:00,27.440000534057617,27.520000457763672,27.399999618530273,27.459999084472656,261212
2026-06-09 13:15:00,27.600000381469727,27.760000228881836,27.420000076293945,27.440000534057617,451906
2026-06-09 13:30:00,27.540000915527344,27.68000030517578,27.520000457763672,27.600000381469727,256472
2026-06-09 13:45:00,27.559999465942383,27.739999771118164,27.520000457763672,27.540000915527344,390424
2026-06-09 14:00:00,27.479999542236328,27.559999465942383,27.440000534057617,27.559999465942383,156857
2026-06-09 14:15:00,27.84000015258789,27.940000534057617,27.420000076293945,27.479999542236328,721597
2026-06-09 14:30:00,27.940000534057617,28.0,27.760000228881836,27.84000015258789,525387
2026-06-09 14:45:00,27.8799991607666,27.940000534057617,27.799999237060547,27.940000534057617,285684
2026-06-09 15:00:00,27.559999465942383,27.8799991607666,27.5,27.8799991607666,555558
2026-06-09 15:15:00,27.540000915527344,27.68000030517578,27.5,27.559999465942383,299304
2026-06-09 15:30:00,27.440000534057617,27.520000457763672,27.360000610351562,27.520000457763672,331742
2026-06-09 15:45:00,27.440000534057617,27.479999542236328,27.34000015258789,27.420000076293945,231603
2026-06-09 16:00:00,27.440000534057617,27.459999084472656,27.31999969482422,27.420000076293945,159395
2026-06-09 16:15:00,27.399999618530273,27.520000457763672,27.3799991607666,27.459999084472656,234763
2026-06-09 16:30:00,27.3799991607666,27.459999084472656,27.360000610351562,27.440000534057617,177174
2026-06-09 16:45:00,27.280000686645508,27.479999542236328,27.239999771118164,27.3799991607666,325116
2026-06-09 17:00:00,27.3799991607666,27.420000076293945,27.280000686645508,27.280000686645508,123587
2026-06-09 17:15:00,27.299999237060547,27.3799991607666,27.280000686645508,27.360000610351562,256042
2026-06-09 17:30:00,27.219999313354492,27.299999237060547,27.219999313354492,27.299999237060547,223695
2026-06-09 17:45:00,27.1200008392334,27.239999771118164,26.68000030517578,27.239999771118164,561099
2026-06-10 09:45:00,27.219999313354492,27.219999313354492,27.219999313354492,27.219999313354492,0
2026-06-10 10:00:00,27.6200008392334,27.780000686645508,27.059999465942383,27.200000762939453,1390511
2026-06-10 10:15:00,27.8799991607666,27.8799991607666,27.5,27.579999923706055,457709
2026-06-10 10:30:00,27.65999984741211,27.860000610351562,27.6200008392334,27.860000610351562,404550
2026-06-10 10:45:00,27.700000762939453,27.81999969482422,27.600000381469727,27.639999389648438,271799
2026-06-10 11:00:00,27.34000015258789,27.739999771118164,27.31999969482422,27.739999771118164,268249
2026-06-10 11:15:00,27.239999771118164,27.440000534057617,27.040000915527344,27.34000015258789,232404
2026-06-10 11:30:00,27.18000030517578,27.280000686645508,27.040000915527344,27.260000228881836,395194
2026-06-10 11:45:00,27.079999923706055,27.18000030517578,27.040000915527344,27.18000030517578,275017
2026-06-10 12:00:00,26.799999237060547,27.059999465942383,26.68000030517578,27.059999465942383,465160
2026-06-10 12:15:00,26.84000015258789,26.860000610351562,26.739999771118164,26.799999237060547,117657
2026-06-10 12:30:00,26.84000015258789,26.920000076293945,26.81999969482422,26.860000610351562,176879
2026-06-10 12:45:00,26.920000076293945,26.979999542236328,26.81999969482422,26.84000015258789,243509
2026-06-10 13:00:00,26.899999618530273,26.920000076293945,26.8799991607666,26.920000076293945,46953
2026-06-10 13:15:00,26.920000076293945,26.959999084472656,26.8799991607666,26.899999618530273,55009
2026-06-10 13:30:00,26.899999618530273,26.959999084472656,26.8799991607666,26.940000534057617,100685
2026-06-10 13:45:00,26.799999237060547,26.920000076293945,26.739999771118164,26.920000076293945,138071
2026-06-10 14:00:00,26.739999771118164,26.84000015258789,26.700000762939453,26.81999969482422,132998
2026-06-10 14:15:00,26.739999771118164,26.780000686645508,26.700000762939453,26.739999771118164,65299
2026-06-10 14:30:00,26.579999923706055,26.760000228881836,26.459999084472656,26.739999771118164,371230
2026-06-10 14:45:00,26.540000915527344,26.600000381469727,26.440000534057617,26.579999923706055,398223
2026-06-10 15:00:00,26.520000457763672,26.600000381469727,26.5,26.540000915527344,73610
2026-06-10 15:15:00,26.540000915527344,26.579999923706055,26.5,26.540000915527344,58252
2026-06-10 15:30:00,26.65999984741211,26.760000228881836,26.559999465942383,26.559999465942383,188966
2026-06-10 15:45:00,26.540000915527344,26.68000030517578,26.540000915527344,26.639999389648438,100433
2026-06-10 16:00:00,26.540000915527344,26.559999465942383,26.5,26.559999465942383,80414
2026-06-10 16:15:00,26.520000457763672,26.540000915527344,26.440000534057617,26.540000915527344,155120
2026-06-10 16:30:00,26.639999389648438,26.65999984741211,26.479999542236328,26.520000457763672,95429
2026-06-10 16:45:00,26.579999923706055,26.700000762939453,26.579999923706055,26.65999984741211,182356
2026-06-10 17:00:00,26.559999465942383,26.639999389648438,26.540000915527344,26.600000381469727,158169
2026-06-10 17:15:00,26.520000457763672,26.600000381469727,26.5,26.540000915527344,177987
2026-06-10 17:30:00,26.520000457763672,26.600000381469727,26.5,26.5,209147
2026-06-10 17:45:00,26.5,26.579999923706055,26.459999084472656,26.520000457763672,381079
2026-06-11 09:45:00,26.440000534057617,26.440000534057617,26.440000534057617,26.440000534057617,0
2026-06-11 10:00:00,26.360000610351562,26.600000381469727,26.280000686645508,26.459999084472656,658623
2026-06-11 10:15:00,26.459999084472656,26.5,26.219999313354492,26.360000610351562,870489
2026-06-11 10:30:00,26.459999084472656,26.540000915527344,26.459999084472656,26.479999542236328,262140
2026-06-11 10:45:00,26.440000534057617,26.520000457763672,26.420000076293945,26.479999542236328,235694
2026-06-11 11:00:00,26.440000534057617,26.459999084472656,26.360000610351562,26.420000076293945,136653
2026-06-11 11:15:00,26.420000076293945,26.459999084472656,26.399999618530273,26.440000534057617,60700
2026-06-11 11:30:00,26.31999969482422,26.420000076293945,26.299999237060547,26.420000076293945,334744
2026-06-11 11:45:00,26.3799991607666,26.420000076293945,26.280000686645508,26.31999969482422,263090
2026-06-11 12:00:00,26.31999969482422,26.360000610351562,26.299999237060547,26.360000610351562,63533
2026-06-11 12:15:00,26.280000686645508,26.34000015258789,26.280000686645508,26.31999969482422,129325
2026-06-11 12:30:00,26.299999237060547,26.31999969482422,26.280000686645508,26.299999237060547,77177
2026-06-11 12:45:00,26.280000686645508,26.299999237060547,26.280000686645508,26.299999237060547,54307
2026-06-11 13:00:00,26.260000228881836,26.31999969482422,26.219999313354492,26.299999237060547,147573
2026-06-11 13:15:00,26.299999237060547,26.31999969482422,26.239999771118164,26.260000228881836,74075
2026-06-11 13:30:00,26.34000015258789,26.360000610351562,26.280000686645508,26.299999237060547,68824
2026-06-11 13:45:00,26.34000015258789,26.360000610351562,26.299999237060547,26.360000610351562,135855
2026-06-11 14:00:00,26.299999237060547,26.3799991607666,26.280000686645508,26.34000015258789,74208
2026-06-11 14:15:00,26.459999084472656,26.459999084472656,26.31999969482422,26.31999969482422,92891
2026-06-11 14:30:00,26.3799991607666,26.5,26.34000015258789,26.459999084472656,240450
2026-06-11 14:45:00,26.3799991607666,26.3799991607666,26.31999969482422,26.3799991607666,56304
2026-06-11 15:00:00,26.479999542236328,26.5,26.3799991607666,26.399999618530273,111884
2026-06-11 15:15:00,26.18000030517578,26.459999084472656,26.18000030517578,26.459999084472656,277961
2026-06-11 15:30:00,25.899999618530273,26.219999313354492,25.81999969482422,26.219999313354492,571966
2026-06-11 15:45:00,25.8799991607666,26.0,25.860000610351562,25.8799991607666,197136
2026-06-11 16:00:00,25.860000610351562,25.920000076293945,25.81999969482422,25.8799991607666,138538
2026-06-11 16:15:00,25.8799991607666,25.899999618530273,25.799999237060547,25.8799991607666,160628
2026-06-11 16:30:00,25.959999084472656,26.0,25.8799991607666,25.8799991607666,89444
2026-06-11 16:45:00,25.940000534057617,26.059999465942383,25.940000534057617,25.979999542236328,152301
2026-06-11 17:00:00,25.920000076293945,25.959999084472656,25.8799991607666,25.940000534057617,107960
2026-06-11 17:15:00,26.0,26.059999465942383,25.899999618530273,25.920000076293945,100484
2026-06-11 17:30:00,26.059999465942383,26.15999984741211,26.0,26.0,198531
2026-06-11 17:45:00,26.100000381469727,26.139999389648438,26.020000457763672,26.100000381469727,257496
2026-06-12 09:45:00,26.5,26.5,26.5,26.5,0
2026-06-12 10:00:00,26.34000015258789,26.5,26.280000686645508,26.440000534057617,421142
2026-06-12 10:15:00,26.34000015258789,26.399999618530273,26.260000228881836,26.34000015258789,161393
2026-06-12 10:30:00,26.34000015258789,26.3799991607666,26.280000686645508,26.34000015258789,138035
2026-06-12 10:45:00,26.34000015258789,26.3799991607666,26.280000686645508,26.360000610351562,90008
2026-06-12 11:00:00,26.559999465942383,26.579999923706055,26.299999237060547,26.360000610351562,273209
2026-06-12 11:15:00,26.479999542236328,26.600000381469727,26.420000076293945,26.579999923706055,223903
2026-06-12 11:30:00,26.459999084472656,26.520000457763672,26.440000534057617,26.479999542236328,159460
2026-06-12 11:45:00,26.5,26.579999923706055,26.440000534057617,26.459999084472656,228313
2026-06-12 12:00:00,26.5,26.540000915527344,26.479999542236328,26.5,108069
2026-06-12 12:15:00,26.520000457763672,26.520000457763672,26.479999542236328,26.520000457763672,95983
2026-06-12 12:30:00,26.520000457763672,26.559999465942383,26.5,26.520000457763672,77184
2026-06-12 12:45:00,26.440000534057617,26.540000915527344,26.440000534057617,26.520000457763672,118609
2026-06-12 13:00:00,26.479999542236328,26.479999542236328,26.420000076293945,26.459999084472656,56534
2026-06-12 13:15:00,26.360000610351562,26.479999542236328,26.34000015258789,26.459999084472656,160110
2026-06-12 13:30:00,26.420000076293945,26.459999084472656,26.34000015258789,26.360000610351562,91177
2026-06-12 13:45:00,26.68000030517578,26.760000228881836,26.399999618530273,26.420000076293945,196199
2026-06-12 14:00:00,26.559999465942383,26.68000030517578,26.520000457763672,26.68000030517578,193756
2026-06-12 14:15:00,26.579999923706055,26.719999313354492,26.559999465942383,26.559999465942383,169979
2026-06-12 14:30:00,26.559999465942383,26.579999923706055,26.5,26.579999923706055,116005
2026-06-12 14:45:00,26.559999465942383,26.600000381469727,26.520000457763672,26.540000915527344,54689
2026-06-12 15:00:00,26.540000915527344,26.579999923706055,26.540000915527344,26.559999465942383,62058
2026-06-12 15:15:00,26.520000457763672,26.579999923706055,26.479999542236328,26.559999465942383,92832
2026-06-12 15:30:00,26.5,26.579999923706055,26.5,26.520000457763672,57850
2026-06-12 15:45:00,26.479999542236328,26.520000457763672,26.440000534057617,26.5,35489
2026-06-12 16:00:00,26.600000381469727,26.639999389648438,26.420000076293945,26.440000534057617,296273
2026-06-12 16:15:00,26.68000030517578,26.700000762939453,26.559999465942383,26.600000381469727,298702
2026-06-12 16:30:00,26.420000076293945,26.700000762939453,26.420000076293945,26.68000030517578,333805
2026-06-12 16:45:00,26.34000015258789,26.5,26.34000015258789,26.420000076293945,185285
2026-06-12 17:00:00,26.34000015258789,26.440000534057617,26.31999969482422,26.34000015258789,148442
2026-06-12 17:15:00,26.360000610351562,26.399999618530273,26.31999969482422,26.34000015258789,98298
2026-06-12 17:30:00,26.3799991607666,26.479999542236328,26.34000015258789,26.360000610351562,140739
2026-06-12 17:45:00,26.559999465942383,26.559999465942383,26.299999237060547,26.360000610351562,281194
2026-06-15 09:45:00,27.200000762939453,27.200000762939453,27.200000762939453,27.200000762939453,0
2026-06-15 10:00:00,27.040000915527344,27.239999771118164,26.860000610351562,27.200000762939453,633940
2026-06-15 10:15:00,27.040000915527344,27.1200008392334,26.940000534057617,27.040000915527344,405396
2026-06-15 10:30:00,26.979999542236328,27.079999923706055,26.959999084472656,27.040000915527344,167465
2026-06-15 10:45:00,26.940000534057617,27.040000915527344,26.940000534057617,26.979999542236328,151264
2026-06-15 11:00:00,26.920000076293945,27.0,26.899999618530273,26.959999084472656,104817
2026-06-15 11:15:00,26.959999084472656,26.959999084472656,26.860000610351562,26.899999618530273,142315
2026-06-15 11:30:00,26.940000534057617,26.979999542236328,26.920000076293945,26.959999084472656,122344
2026-06-15 11:45:00,26.940000534057617,26.959999084472656,26.8799991607666,26.940000534057617,198990
2026-06-15 12:00:00,26.979999542236328,27.040000915527344,26.899999618530273,26.920000076293945,323086
2026-06-15 12:15:00,26.959999084472656,26.979999542236328,26.899999618530273,26.979999542236328,69258
2026-06-15 12:30:00,26.959999084472656,26.959999084472656,26.920000076293945,26.959999084472656,69268
2026-06-15 12:45:00,26.979999542236328,27.020000457763672,26.959999084472656,26.979999542236328,163510
2026-06-15 13:00:00,26.959999084472656,27.020000457763672,26.959999084472656,26.979999542236328,93883
2026-06-15 13:15:00,27.079999923706055,27.1200008392334,26.959999084472656,26.959999084472656,245201
2026-06-15 13:30:00,27.100000381469727,27.100000381469727,27.020000457763672,27.059999465942383,141625
2026-06-15 13:45:00,27.059999465942383,27.100000381469727,27.0,27.079999923706055,199250
2026-06-15 14:00:00,27.059999465942383,27.079999923706055,27.0,27.059999465942383,154105
2026-06-15 14:15:00,27.040000915527344,27.079999923706055,27.0,27.059999465942383,66636
2026-06-15 14:30:00,27.079999923706055,27.139999389648438,27.040000915527344,27.040000915527344,188127
2026-06-15 14:45:00,27.059999465942383,27.100000381469727,27.0,27.079999923706055,115047
2026-06-15 15:00:00,27.0,27.079999923706055,27.0,27.059999465942383,155873
2026-06-15 15:15:00,26.979999542236328,27.020000457763672,26.920000076293945,26.979999542236328,222109
2026-06-15 15:30:00,27.0,27.040000915527344,26.940000534057617,26.979999542236328,180035
2026-06-15 15:45:00,26.940000534057617,27.020000457763672,26.940000534057617,27.0,138452
2026-06-15 16:00:00,27.020000457763672,27.020000457763672,26.760000228881836,26.940000534057617,362815
2026-06-15 16:15:00,26.959999084472656,27.020000457763672,26.940000534057617,27.020000457763672,99448
2026-06-15 16:30:00,26.920000076293945,26.959999084472656,26.899999618530273,26.959999084472656,86525
2026-06-15 16:45:00,26.899999618530273,26.940000534057617,26.860000610351562,26.899999618530273,92325
2026-06-15 17:00:00,26.8799991607666,26.920000076293945,26.84000015258789,26.920000076293945,191815
2026-06-15 17:15:00,26.899999618530273,26.940000534057617,26.780000686645508,26.8799991607666,346063
2026-06-15 17:30:00,26.8799991607666,26.920000076293945,26.860000610351562,26.899999618530273,207439
2026-06-15 17:45:00,26.8799991607666,26.940000534057617,26.860000610351562,26.899999618530273,337787
2026-06-16 09:45:00,26.860000610351562,26.860000610351562,26.860000610351562,26.860000610351562,0
2026-06-16 10:00:00,26.899999618530273,27.040000915527344,26.8799991607666,26.8799991607666,518162
2026-06-16 10:15:00,27.020000457763672,27.059999465942383,26.920000076293945,26.920000076293945,225178
2026-06-16 10:30:00,26.959999084472656,27.139999389648438,26.959999084472656,27.020000457763672,249162
2026-06-16 10:45:00,26.920000076293945,27.020000457763672,26.920000076293945,26.979999542236328,178491
2026-06-16 11:00:00,26.899999618530273,26.940000534057617,26.860000610351562,26.920000076293945,187697
2026-06-16 11:15:00,26.81999969482422,26.920000076293945,26.700000762939453,26.899999618530273,331428
2026-06-16 11:30:00,26.799999237060547,26.81999969482422,26.719999313354492,26.81999969482422,243815
2026-06-16 11:45:00,26.81999969482422,26.860000610351562,26.799999237060547,26.81999969482422,83533
2026-06-16 12:00:00,27.139999389648438,27.139999389648438,26.81999969482422,26.81999969482422,172448
2026-06-16 12:15:00,27.040000915527344,27.219999313354492,27.040000915527344,27.139999389648438,415973
2026-06-16 12:30:00,26.979999542236328,27.059999465942383,26.979999542236328,27.040000915527344,128173
2026-06-16 12:45:00,27.0,27.079999923706055,26.959999084472656,26.979999542236328,150062
2026-06-16 13:00:00,27.059999465942383,27.100000381469727,27.0,27.0,110394
2026-06-16 13:15:00,27.139999389648438,27.15999984741211,27.059999465942383,27.059999465942383,200923
2026-06-16 13:30:00,27.1200008392334,27.280000686645508,27.079999923706055,27.139999389648438,501190
2026-06-16 13:45:00,27.079999923706055,27.15999984741211,27.079999923706055,27.100000381469727,125239
2026-06-16 14:00:00,27.139999389648438,27.280000686645508,27.079999923706055,27.100000381469727,240568
2026-06-16 14:15:00,27.1200008392334,27.260000228881836,27.100000381469727,27.1200008392334,204080
2026-06-16 14:30:00,27.079999923706055,27.139999389648438,27.079999923706055,27.1200008392334,94399
2026-06-16 14:45:00,27.040000915527344,27.079999923706055,27.0,27.079999923706055,177433
2026-06-16 15:00:00,27.040000915527344,27.079999923706055,27.020000457763672,27.020000457763672,66316
2026-06-16 15:15:00,27.059999465942383,27.079999923706055,27.0,27.040000915527344,87801
2026-06-16 15:30:00,27.100000381469727,27.139999389648438,27.059999465942383,27.059999465942383,105202
2026-06-16 15:45:00,27.040000915527344,27.139999389648438,27.020000457763672,27.100000381469727,102771
2026-06-16 16:00:00,27.31999969482422,27.34000015258789,27.059999465942383,27.079999923706055,343996
2026-06-16 16:15:00,27.299999237060547,27.360000610351562,27.239999771118164,27.299999237060547,442228
2026-06-16 16:30:00,27.219999313354492,27.34000015258789,27.200000762939453,27.299999237060547,178793
2026-06-16 16:45:00,27.18000030517578,27.239999771118164,27.15999984741211,27.219999313354492,117887
2026-06-16 17:00:00,27.440000534057617,27.540000915527344,27.18000030517578,27.200000762939453,986388
2026-06-16 17:15:00,27.459999084472656,27.520000457763672,27.420000076293945,27.459999084472656,307934
2026-06-16 17:30:00,27.459999084472656,27.520000457763672,27.440000534057617,27.459999084472656,272120
2026-06-16 17:45:00,27.260000228881836,27.440000534057617,27.239999771118164,27.440000534057617,366995
2026-06-17 09:45:00,27.5,27.5,27.5,27.5,0
2026-06-17 10:00:00,27.420000076293945,27.579999923706055,27.31999969482422,27.520000457763672,986915
2026-06-17 10:15:00,27.399999618530273,27.479999542236328,27.34000015258789,27.420000076293945,223132
2026-06-17 10:30:00,27.5,27.5,27.34000015258789,27.3799991607666,212927
2026-06-17 10:45:00,27.420000076293945,27.540000915527344,27.3799991607666,27.5,158712
2026-06-17 11:00:00,27.420000076293945,27.440000534057617,27.3799991607666,27.420000076293945,73800
2026-06-17 11:15:00,27.34000015258789,27.440000534057617,27.280000686645508,27.420000076293945,211323
2026-06-17 11:30:00,27.200000762939453,27.360000610351562,27.200000762939453,27.34000015258789,162545
2026-06-17 11:45:00,27.020000457763672,27.219999313354492,26.8799991607666,27.200000762939453,426296
2026-06-17 12:00:00,27.079999923706055,27.100000381469727,27.020000457763672,27.040000915527344,82636
2026-06-17 12:15:00,27.079999923706055,27.100000381469727,27.040000915527344,27.059999465942383,56963
2026-06-17 12:30:00,27.18000030517578,27.18000030517578,27.059999465942383,27.079999923706055,76813
2026-06-17 12:45:00,27.139999389648438,27.34000015258789,27.1200008392334,27.18000030517578,352906
2026-06-17 13:00:00,27.31999969482422,27.31999969482422,27.1200008392334,27.139999389648438,82065
2026-06-17 13:15:00,27.280000686645508,27.31999969482422,27.280000686645508,27.31999969482422,38458
2026-06-17 13:30:00,27.360000610351562,27.420000076293945,27.280000686645508,27.299999237060547,97638
2026-06-17 13:45:00,27.239999771118164,27.360000610351562,27.239999771118164,27.34000015258789,91443
2026-06-17 14:00:00,27.139999389648438,27.280000686645508,27.1200008392334,27.260000228881836,146074
2026-06-17 14:15:00,27.1200008392334,27.200000762939453,27.100000381469727,27.139999389648438,98134
2026-06-17 14:30:00,27.139999389648438,27.15999984741211,27.1200008392334,27.1200008392334,40968
2026-06-17 14:45:00,27.139999389648438,27.15999984741211,27.1200008392334,27.139999389648438,59519
2026-06-17 15:00:00,27.1200008392334,27.15999984741211,27.1200008392334,27.139999389648438,46720
2026-06-17 15:15:00,27.15999984741211,27.15999984741211,27.100000381469727,27.1200008392334,109469
2026-06-17 15:30:00,27.1200008392334,27.219999313354492,27.1200008392334,27.139999389648438,90259
2026-06-17 15:45:00,27.200000762939453,27.280000686645508,27.100000381469727,27.1200008392334,116776
2026-06-17 16:00:00,27.1200008392334,27.219999313354492,27.1200008392334,27.200000762939453,226990
2026-06-17 16:15:00,27.1200008392334,27.18000030517578,27.1200008392334,27.139999389648438,151892
2026-06-17 16:30:00,27.040000915527344,27.139999389648438,27.040000915527344,27.1200008392334,174449
2026-06-17 16:45:00,27.040000915527344,27.079999923706055,27.0,27.040000915527344,107983
2026-06-17 17:00:00,26.940000534057617,27.020000457763672,26.8799991607666,27.020000457763672,278561
2026-06-17 17:15:00,26.940000534057617,26.940000534057617,26.8799991607666,26.940000534057617,127361
2026-06-17 17:30:00,26.920000076293945,26.940000534057617,26.8799991607666,26.920000076293945,70820
2026-06-17 17:45:00,26.81999969482422,26.959999084472656,26.799999237060547,26.920000076293945,334902
2026-06-18 09:45:00,27.0,27.0,27.0,27.0,0
2026-06-18 10:00:00,26.899999618530273,27.059999465942383,26.8799991607666,27.0,391425
2026-06-18 10:15:00,26.920000076293945,26.959999084472656,26.84000015258789,26.920000076293945,138220
2026-06-18 10:30:00,27.020000457763672,27.059999465942383,26.899999618530273,26.920000076293945,170017
2026-06-18 10:45:00,27.079999923706055,27.100000381469727,27.0,27.040000915527344,146814
2026-06-18 11:00:00,27.059999465942383,27.100000381469727,27.040000915527344,27.079999923706055,95716
2026-06-18 11:15:00,27.079999923706055,27.100000381469727,27.040000915527344,27.059999465942383,58670
2026-06-18 11:30:00,27.059999465942383,27.079999923706055,27.059999465942383,27.059999465942383,73997
2026-06-18 11:45:00,27.059999465942383,27.079999923706055,27.020000457763672,27.059999465942383,64005
2026-06-18 12:00:00,27.040000915527344,27.059999465942383,27.020000457763672,27.059999465942383,84883
2026-06-18 12:15:00,27.0,27.040000915527344,26.959999084472656,27.020000457763672,145783
2026-06-18 12:30:00,26.979999542236328,26.979999542236328,26.940000534057617,26.979999542236328,71836
2026-06-18 12:45:00,26.979999542236328,27.020000457763672,26.959999084472656,26.979999542236328,99275
2026-06-18 13:00:00,26.979999542236328,27.0,26.959999084472656,26.979999542236328,37576
2026-06-18 13:15:00,26.940000534057617,27.0,26.920000076293945,26.979999542236328,66534
2026-06-18 13:30:00,26.8799991607666,26.940000534057617,26.8799991607666,26.940000534057617,77722
2026-06-18 13:45:00,26.920000076293945,26.959999084472656,26.8799991607666,26.8799991607666,54161
2026-06-18 14:00:00,26.899999618530273,26.940000534057617,26.8799991607666,26.899999618530273,74746
2026-06-18 14:15:00,26.860000610351562,26.899999618530273,26.860000610351562,26.899999618530273,57616
2026-06-18 14:30:00,26.860000610351562,26.8799991607666,26.84000015258789,26.860000610351562,132686
2026-06-18 14:45:00,26.81999969482422,26.860000610351562,26.799999237060547,26.84000015258789,100374
2026-06-18 15:00:00,26.860000610351562,26.860000610351562,26.799999237060547,26.81999969482422,56119
2026-06-18 15:15:00,26.920000076293945,26.920000076293945,26.81999969482422,26.860000610351562,51831
2026-06-18 15:30:00,26.860000610351562,26.940000534057617,26.860000610351562,26.920000076293945,74999
2026-06-18 15:45:00,26.940000534057617,26.940000534057617,26.860000610351562,26.860000610351562,53294
2026-06-18 16:00:00,26.940000534057617,27.0,26.920000076293945,26.940000534057617,77527
2026-06-18 16:15:00,26.979999542236328,27.020000457763672,26.920000076293945,26.920000076293945,129676
2026-06-18 16:30:00,27.0,27.0,26.959999084472656,27.0,74645
2026-06-18 16:45:00,26.959999084472656,27.0,26.940000534057617,26.979999542236328,47300
2026-06-18 17:00:00,27.059999465942383,27.079999923706055,26.959999084472656,26.979999542236328,136537
2026-06-18 17:15:00,27.0,27.079999923706055,26.979999542236328,27.079999923706055,203219
2026-06-18 17:30:00,27.020000457763672,27.040000915527344,26.940000534057617,27.0,271738
2026-06-18 17:45:00,27.299999237060547,27.299999237060547,27.0,27.020000457763672,610433
2026-06-19 09:45:00,27.139999389648438,27.139999389648438,27.139999389648438,27.139999389648438,0
2026-06-19 10:00:00,27.15999984741211,27.200000762939453,27.0,27.139999389648438,242303
2026-06-19 10:15:00,27.0,27.18000030517578,26.959999084472656,27.15999984741211,190225
2026-06-19 10:30:00,27.040000915527344,27.040000915527344,26.959999084472656,26.959999084472656,107722
2026-06-19 10:45:00,27.020000457763672,27.100000381469727,27.0,27.040000915527344,182742
2026-06-19 11:00:00,27.040000915527344,27.079999923706055,27.0,27.020000457763672,86151
2026-06-19 11:15:00,27.040000915527344,27.040000915527344,27.0,27.0,32601
2026-06-19 11:30:00,27.020000457763672,27.079999923706055,27.020000457763672,27.059999465942383,78803
2026-06-19 11:45:00,27.020000457763672,27.040000915527344,26.899999618530273,27.040000915527344,288974
2026-06-19 12:00:00,26.899999618530273,27.040000915527344,26.8799991607666,27.020000457763672,238825
2026-06-19 12:15:00,26.920000076293945,26.940000534057617,26.860000610351562,26.899999618530273,98403
2026-06-19 12:30:00,26.979999542236328,27.0,26.899999618530273,26.920000076293945,68102
2026-06-19 12:45:00,26.959999084472656,27.0,26.920000076293945,26.959999084472656,63222
2026-06-19 13:00:00,26.940000534057617,26.959999084472656,26.920000076293945,26.940000534057617,15051
2026-06-19 13:15:00,26.940000534057617,26.940000534057617,26.920000076293945,26.940000534057617,12525
2026-06-19 13:30:00,26.899999618530273,26.959999084472656,26.860000610351562,26.940000534057617,118743
2026-06-19 13:45:00,26.8799991607666,26.899999618530273,26.860000610351562,26.8799991607666,40464
2026-06-19 14:00:00,26.8799991607666,26.8799991607666,26.84000015258789,26.8799991607666,57379
2026-06-19 14:15:00,26.860000610351562,26.899999618530273,26.84000015258789,26.8799991607666,146413
2026-06-19 14:30:00,26.940000534057617,26.940000534057617,26.860000610351562,26.899999618530273,60820
2026-06-19 14:45:00,26.899999618530273,26.940000534057617,26.899999618530273,26.920000076293945,28354
2026-06-19 15:00:00,26.940000534057617,26.979999542236328,26.8799991607666,26.899999618530273,58507
2026-06-19 15:15:00,26.959999084472656,27.0,26.920000076293945,26.940000534057617,37413
2026-06-19 15:30:00,26.979999542236328,27.020000457763672,26.920000076293945,26.959999084472656,136478
2026-06-19 15:45:00,27.040000915527344,27.139999389648438,26.940000534057617,26.959999084472656,226735
2026-06-19 16:00:00,26.959999084472656,27.079999923706055,26.959999084472656,27.040000915527344,131405
2026-06-19 16:15:00,26.899999618530273,26.979999542236328,26.899999618530273,26.959999084472656,76386
2026-06-19 16:30:00,27.0,27.15999984741211,26.899999618530273,26.899999618530273,242109
2026-06-19 16:45:00,26.8799991607666,27.0,26.8799991607666,27.0,71783
2026-06-19 17:00:00,26.899999618530273,26.920000076293945,26.860000610351562,26.8799991607666,109828
2026-06-19 17:15:00,26.860000610351562,26.899999618530273,26.860000610351562,26.8799991607666,114997
2026-06-19 17:30:00,26.81999969482422,26.899999618530273,26.780000686645508,26.8799991607666,226764
2026-06-19 17:45:00,26.899999618530273,26.920000076293945,26.81999969482422,26.84000015258789,311634
2026-06-22 09:45:00,26.920000076293945,26.920000076293945,26.920000076293945,26.920000076293945,0
2026-06-22 10:00:00,27.260000228881836,27.3799991607666,26.920000076293945,26.940000534057617,875687
2026-06-22 10:15:00,27.299999237060547,27.3799991607666,27.219999313354492,27.260000228881836,274867
2026-06-22 10:30:00,27.219999313354492,27.299999237060547,27.18000030517578,27.299999237060547,179485
2026-06-22 10:45:00,27.34000015258789,27.360000610351562,27.200000762939453,27.219999313354492,289863
2026-06-22 11:00:00,27.31999969482422,27.399999618530273,27.299999237060547,27.360000610351562,477084
2026-06-22 11:15:00,27.299999237060547,27.3799991607666,27.280000686645508,27.31999969482422,112258
2026-06-22 11:30:00,27.280000686645508,27.299999237060547,27.219999313354492,27.280000686645508,197694
2026-06-22 11:45:00,27.219999313354492,27.260000228881836,27.219999313354492,27.260000228881836,55392
2026-06-22 12:00:00,27.3799991607666,27.3799991607666,27.200000762939453,27.219999313354492,181343
2026-06-22 12:15:00,27.360000610351562,27.479999542236328,27.299999237060547,27.3799991607666,330268
2026-06-22 12:30:00,27.360000610351562,27.459999084472656,27.34000015258789,27.360000610351562,298782
2026-06-22 12:45:00,27.34000015258789,27.3799991607666,27.34000015258789,27.3799991607666,123799
2026-06-22 13:00:00,27.34000015258789,27.3799991607666,27.34000015258789,27.360000610351562,74690
2026-06-22 13:15:00,27.3799991607666,27.459999084472656,27.34000015258789,27.34000015258789,128976
2026-06-22 13:30:00,27.3799991607666,27.399999618530273,27.34000015258789,27.3799991607666,147559
2026-06-22 13:45:00,27.360000610351562,27.3799991607666,27.34000015258789,27.3799991607666,102220
2026-06-22 14:00:00,27.34000015258789,27.3799991607666,27.31999969482422,27.360000610351562,79703
2026-06-22 14:15:00,27.31999969482422,27.34000015258789,27.260000228881836,27.31999969482422,98672
2026-06-22 14:30:00,27.299999237060547,27.31999969482422,27.280000686645508,27.280000686645508,28375
2026-06-22 14:45:00,27.260000228881836,27.31999969482422,27.219999313354492,27.299999237060547,100982
2026-06-22 15:00:00,27.280000686645508,27.34000015258789,27.239999771118164,27.239999771118164,41032
2026-06-22 15:15:00,27.260000228881836,27.34000015258789,27.260000228881836,27.31999969482422,59698
2026-06-22 15:30:00,27.260000228881836,27.299999237060547,27.239999771118164,27.280000686645508,46651
2026-06-22 15:45:00,27.239999771118164,27.299999237060547,27.219999313354492,27.239999771118164,57780
2026-06-22 16:00:00,27.299999237060547,27.31999969482422,27.239999771118164,27.260000228881836,143494
2026-06-22 16:15:00,27.280000686645508,27.360000610351562,27.280000686645508,27.31999969482422,103402
2026-06-22 16:30:00,27.239999771118164,27.34000015258789,27.239999771118164,27.280000686645508,238110
2026-06-22 16:45:00,27.260000228881836,27.31999969482422,27.219999313354492,27.239999771118164,110837
2026-06-22 17:00:00,27.18000030517578,27.280000686645508,27.18000030517578,27.260000228881836,167216
2026-06-22 17:15:00,27.15999984741211,27.219999313354492,27.1200008392334,27.18000030517578,130667
2026-06-22 17:30:00,27.1200008392334,27.200000762939453,27.100000381469727,27.15999984741211,157661
2026-06-22 17:45:00,27.079999923706055,27.15999984741211,27.079999923706055,27.100000381469727,241689
2026-06-23 09:45:00,27.0,27.0,27.0,27.0,0
2026-06-23 10:00:00,27.260000228881836,27.360000610351562,26.899999618530273,27.0,548408
2026-06-23 10:15:00,27.200000762939453,27.260000228881836,27.100000381469727,27.239999771118164,189050
2026-06-23 10:30:00,26.959999084472656,27.15999984741211,26.920000076293945,27.15999984741211,164763
2026-06-23 10:45:00,26.860000610351562,26.959999084472656,26.780000686645508,26.940000534057617,209603
2026-06-23 11:00:00,26.940000534057617,26.959999084472656,26.84000015258789,26.860000610351562,93307
2026-06-23 11:15:00,26.760000228881836,26.920000076293945,26.739999771118164,26.920000076293945,165121
2026-06-23 11:30:00,26.860000610351562,26.8799991607666,26.760000228881836,26.799999237060547,74039
2026-06-23 11:45:00,26.8799991607666,26.899999618530273,26.84000015258789,26.860000610351562,51012
2026-06-23 12:00:00,26.920000076293945,26.979999542236328,26.860000610351562,26.899999618530273,104921
2026-06-23 12:15:00,27.020000457763672,27.059999465942383,26.920000076293945,26.920000076293945,167996
2026-06-23 12:30:00,27.040000915527344,27.059999465942383,26.979999542236328,27.040000915527344,73019
2026-06-23 12:45:00,27.040000915527344,27.059999465942383,27.020000457763672,27.040000915527344,30803
2026-06-23 13:00:00,27.100000381469727,27.100000381469727,27.020000457763672,27.040000915527344,41568
2026-06-23 13:15:00,27.059999465942383,27.1200008392334,27.020000457763672,27.079999923706055,101346
2026-06-23 13:30:00,27.139999389648438,27.200000762939453,27.040000915527344,27.059999465942383,216573
2026-06-23 13:45:00,27.239999771118164,27.260000228881836,27.139999389648438,27.139999389648438,153371
2026-06-23 14:00:00,27.219999313354492,27.280000686645508,27.200000762939453,27.260000228881836,65858
2026-06-23 14:15:00,27.260000228881836,27.280000686645508,27.200000762939453,27.239999771118164,176504
2026-06-23 14:30:00,27.219999313354492,27.280000686645508,27.200000762939453,27.260000228881836,77555
2026-06-23 14:45:00,27.260000228881836,27.280000686645508,27.18000030517578,27.219999313354492,190364
2026-06-23 15:00:00,27.18000030517578,27.299999237060547,27.139999389648438,27.280000686645508,136913
2026-06-23 15:15:00,27.1200008392334,27.200000762939453,27.100000381469727,27.18000030517578,109649
2026-06-23 15:30:00,27.1200008392334,27.139999389648438,27.020000457763672,27.100000381469727,198714
2026-06-23 15:45:00,27.139999389648438,27.15999984741211,27.079999923706055,27.1200008392334,99644
2026-06-23 16:00:00,27.15999984741211,27.239999771118164,27.139999389648438,27.15999984741211,118212
2026-06-23 16:15:00,27.139999389648438,27.18000030517578,27.1200008392334,27.139999389648438,73560
2026-06-23 16:30:00,27.15999984741211,27.239999771118164,27.139999389648438,27.139999389648438,145882
2026-06-23 16:45:00,27.15999984741211,27.200000762939453,27.1200008392334,27.15999984741211,129928
2026-06-23 17:00:00,27.18000030517578,27.219999313354492,27.079999923706055,27.18000030517578,119873
2026-06-23 17:15:00,27.15999984741211,27.260000228881836,27.059999465942383,27.200000762939453,254050
2026-06-23 17:30:00,27.100000381469727,27.15999984741211,27.059999465942383,27.139999389648438,131796
2026-06-23 17:45:00,27.15999984741211,27.260000228881836,27.079999923706055,27.100000381469727,409388
2026-06-24 09:45:00,27.299999237060547,27.299999237060547,27.299999237060547,27.299999237060547,0
2026-06-24 10:00:00,27.260000228881836,27.34000015258789,27.059999465942383,27.260000228881836,623570
2026-06-24 10:15:00,27.0,27.299999237060547,26.959999084472656,27.280000686645508,399795
2026-06-24 10:30:00,27.020000457763672,27.020000457763672,26.920000076293945,27.0,216657
2026-06-24 10:45:00,26.959999084472656,27.020000457763672,26.920000076293945,27.0,101300
2026-06-24 11:00:00,26.940000534057617,26.959999084472656,26.899999618530273,26.959999084472656,70171
2026-06-24 11:15:00,26.940000534057617,26.959999084472656,26.899999618530273,26.940000534057617,72739
2026-06-24 11:30:00,26.940000534057617,27.020000457763672,26.899999618530273,26.920000076293945,129358
2026-06-24 11:45:00,26.899999618530273,26.959999084472656,26.8799991607666,26.959999084472656,66735
2026-06-24 12:00:00,26.899999618530273,26.940000534057617,26.8799991607666,26.920000076293945,41858
2026-06-24 12:15:00,26.920000076293945,26.940000534057617,26.899999618530273,26.899999618530273,51615
2026-06-24 12:30:00,26.899999618530273,26.959999084472656,26.8799991607666,26.920000076293945,97712
2026-06-24 12:45:00,26.8799991607666,26.920000076293945,26.8799991607666,26.8799991607666,70468
2026-06-24 13:00:00,26.899999618530273,26.920000076293945,26.8799991607666,26.920000076293945,28578
2026-06-24 13:15:00,26.899999618530273,26.920000076293945,26.8799991607666,26.899999618530273,38821
2026-06-24 13:30:00,26.860000610351562,26.940000534057617,26.81999969482422,26.920000076293945,121652
2026-06-24 13:45:00,26.700000762939453,26.860000610351562,26.6200008392334,26.84000015258789,143646
2026-06-24 14:00:00,26.65999984741211,26.739999771118164,26.65999984741211,26.700000762939453,115082
2026-06-24 14:15:00,26.65999984741211,26.68000030517578,26.6200008392334,26.68000030517578,163302
2026-06-24 14:30:00,26.639999389648438,26.65999984741211,26.639999389648438,26.639999389648438,63795
2026-06-24 14:45:00,26.639999389648438,26.719999313354492,26.6200008392334,26.65999984741211,127423
2026-06-24 15:00:00,26.68000030517578,26.920000076293945,26.6200008392334,26.6200008392334,148647
2026-06-24 15:15:00,26.68000030517578,26.700000762939453,26.639999389648438,26.68000030517578,64572
2026-06-24 15:30:00,26.579999923706055,26.68000030517578,26.540000915527344,26.68000030517578,232594
2026-06-24 15:45:00,26.639999389648438,26.65999984741211,26.579999923706055,26.579999923706055,107322
2026-06-24 16:00:00,26.65999984741211,26.68000030517578,26.6200008392334,26.639999389648438,87063
2026-06-24 16:15:00,26.700000762939453,26.719999313354492,26.6200008392334,26.639999389648438,79813
2026-06-24 16:30:00,26.68000030517578,26.719999313354492,26.65999984741211,26.700000762939453,106940
2026-06-24 16:45:00,26.719999313354492,26.719999313354492,26.65999984741211,26.68000030517578,86330
2026-06-24 17:00:00,26.700000762939453,26.739999771118164,26.700000762939453,26.739999771118164,131629
2026-06-24 17:15:00,26.700000762939453,26.739999771118164,26.65999984741211,26.68000030517578,156199
2026-06-24 17:30:00,26.65999984741211,26.719999313354492,26.600000381469727,26.719999313354492,247943
2026-06-24 17:45:00,26.639999389648438,26.68000030517578,26.579999923706055,26.65999984741211,262450
2026-06-25 09:45:00,26.8799991607666,26.8799991607666,26.8799991607666,26.8799991607666,0
2026-06-25 10:00:00,26.719999313354492,26.959999084472656,26.68000030517578,26.8799991607666,323105
2026-06-25 10:15:00,26.799999237060547,26.799999237060547,26.68000030517578,26.719999313354492,116576
2026-06-25 10:30:00,26.719999313354492,26.799999237060547,26.700000762939453,26.780000686645508,149504
2026-06-25 10:45:00,26.719999313354492,26.739999771118164,26.68000030517578,26.719999313354492,186924
2026-06-25 11:00:00,26.719999313354492,26.760000228881836,26.68000030517578,26.739999771118164,90417
2026-06-25 11:15:00,26.700000762939453,26.760000228881836,26.68000030517578,26.739999771118164,84547
2026-06-25 11:30:00,26.68000030517578,26.700000762939453,26.65999984741211,26.68000030517578,76046
2026-06-25 11:45:00,26.68000030517578,26.700000762939453,26.639999389648438,26.65999984741211,122697
2026-06-25 12:00:00,26.68000030517578,26.700000762939453,26.68000030517578,26.700000762939453,49366
2026-06-25 12:15:00,26.639999389648438,26.700000762939453,26.600000381469727,26.700000762939453,92156
2026-06-25 12:30:00,26.520000457763672,26.6200008392334,26.5,26.6200008392334,183610
2026-06-25 12:45:00,26.479999542236328,26.559999465942383,26.459999084472656,26.520000457763672,140180
2026-06-25 13:00:00,26.5,26.540000915527344,26.479999542236328,26.5,94151
2026-06-25 13:15:00,26.520000457763672,26.540000915527344,26.459999084472656,26.5,38017
2026-06-25 13:30:00,26.420000076293945,26.520000457763672,26.3799991607666,26.520000457763672,337520
2026-06-25 13:45:00,26.440000534057617,26.440000534057617,26.3799991607666,26.399999618530273,141318
2026-06-25 14:00:00,26.420000076293945,26.459999084472656,26.399999618530273,26.440000534057617,65219
2026-06-25 14:15:00,26.420000076293945,26.420000076293945,26.360000610351562,26.420000076293945,76980
2026-06-25 14:30:00,26.360000610351562,26.420000076293945,26.31999969482422,26.420000076293945,110583
2026-06-25 14:45:00,26.34000015258789,26.3799991607666,26.31999969482422,26.360000610351562,52536
2026-06-25 15:00:00,26.360000610351562,26.3799991607666,26.31999969482422,26.34000015258789,70091
2026-06-25 15:15:00,26.420000076293945,26.420000076293945,26.31999969482422,26.360000610351562,44884
2026-06-25 15:30:00,26.399999618530273,26.440000534057617,26.34000015258789,26.420000076293945,52176
2026-06-25 15:45:00,26.3799991607666,26.399999618530273,26.360000610351562,26.399999618530273,23606
2026-06-25 16:00:00,26.34000015258789,26.3799991607666,26.31999969482422,26.3799991607666,62957
2026-06-25 16:15:00,26.34000015258789,26.360000610351562,26.299999237060547,26.31999969482422,124104
2026-06-25 16:30:00,26.31999969482422,26.360000610351562,26.299999237060547,26.360000610351562,63623
2026-06-25 16:45:00,26.280000686645508,26.31999969482422,26.260000228881836,26.31999969482422,106158
2026-06-25 17:00:00,26.219999313354492,26.31999969482422,26.200000762939453,26.280000686645508,182770
2026-06-25 17:15:00,26.239999771118164,26.239999771118164,26.18000030517578,26.200000762939453,163469
2026-06-25 17:30:00,26.219999313354492,26.299999237060547,26.18000030517578,26.239999771118164,92028
2026-06-25 17:45:00,26.219999313354492,26.239999771118164,26.18000030517578,26.219999313354492,222408
2026-06-26 09:45:00,26.200000762939453,26.200000762939453,26.200000762939453,26.200000762939453,0
2026-06-26 10:00:00,26.219999313354492,26.3799991607666,26.139999389648438,26.200000762939453,183371
2026-06-26 10:15:00,26.15999984741211,26.260000228881836,26.139999389648438,26.219999313354492,234078
2026-06-26 10:30:00,26.239999771118164,26.260000228881836,26.139999389648438,26.15999984741211,81318
2026-06-26 10:45:00,26.260000228881836,26.260000228881836,26.219999313354492,26.239999771118164,32782
2026-06-26 11:00:00,26.219999313354492,26.280000686645508,26.200000762939453,26.260000228881836,74241
2026-06-26 11:15:00,26.239999771118164,26.239999771118164,26.15999984741211,26.219999313354492,54876
2026-06-26 11:30:00,26.239999771118164,26.260000228881836,26.18000030517578,26.239999771118164,47794
2026-06-26 11:45:00,26.200000762939453,26.239999771118164,26.15999984741211,26.239999771118164,32053
2026-06-26 12:00:00,26.219999313354492,26.239999771118164,26.15999984741211,26.200000762939453,119872
2026-06-26 12:15:00,26.239999771118164,26.239999771118164,26.200000762939453,26.219999313354492,24375
2026-06-26 12:30:00,26.239999771118164,26.31999969482422,26.219999313354492,26.219999313354492,95736
2026-06-26 12:45:00,26.239999771118164,26.239999771118164,26.219999313354492,26.239999771118164,17391
2026-06-26 13:00:00,26.200000762939453,26.239999771118164,26.200000762939453,26.239999771118164,41056
2026-06-26 13:15:00,26.219999313354492,26.219999313354492,26.15999984741211,26.219999313354492,74691
2026-06-26 13:30:00,26.18000030517578,26.219999313354492,26.15999984741211,26.219999313354492,18870
2026-06-26 13:45:00,26.219999313354492,26.219999313354492,26.18000030517578,26.18000030517578,35612
2026-06-26 14:00:00,26.200000762939453,26.219999313354492,26.18000030517578,26.219999313354492,15536
2026-06-26 14:15:00,26.200000762939453,26.200000762939453,26.15999984741211,26.200000762939453,46467
2026-06-26 14:30:00,26.18000030517578,26.200000762939453,26.15999984741211,26.200000762939453,16492
2026-06-26 14:45:00,26.1200008392334,26.200000762939453,26.079999923706055,26.18000030517578,116964
2026-06-26 15:00:00,26.100000381469727,26.139999389648438,26.079999923706055,26.1200008392334,53567
2026-06-26 15:15:00,26.079999923706055,26.100000381469727,26.040000915527344,26.100000381469727,57071
2026-06-26 15:30:00,26.100000381469727,26.139999389648438,26.079999923706055,26.079999923706055,93245
2026-06-26 15:45:00,26.1200008392334,26.200000762939453,26.040000915527344,26.100000381469727,175092
2026-06-26 16:00:00,26.139999389648438,26.139999389648438,26.040000915527344,26.139999389648438,201300
2026-06-26 16:15:00,26.1200008392334,26.200000762939453,26.100000381469727,26.139999389648438,81358
2026-06-26 16:30:00,26.1200008392334,26.15999984741211,26.020000457763672,26.1200008392334,235870
2026-06-26 16:45:00,26.1200008392334,26.18000030517578,26.079999923706055,26.139999389648438,98121
2026-06-26 17:00:00,26.139999389648438,26.200000762939453,26.100000381469727,26.1200008392334,147543
2026-06-26 17:15:00,26.1200008392334,26.18000030517578,26.100000381469727,26.15999984741211,76092
2026-06-26 17:30:00,26.15999984741211,26.200000762939453,26.100000381469727,26.100000381469727,184735
2026-06-26 17:45:00,26.139999389648438,26.18000030517578,26.1200008392334,26.18000030517578,277470
2026-06-29 09:45:00,26.34000015258789,26.34000015258789,26.34000015258789,26.34000015258789,0
2026-06-29 10:00:00,26.200000762939453,26.34000015258789,26.15999984741211,26.34000015258789,122115
2026-06-29 10:15:00,26.219999313354492,26.219999313354492,26.15999984741211,26.200000762939453,65693
2026-06-29 10:30:00,26.1200008392334,26.219999313354492,26.1200008392334,26.219999313354492,91444
2026-06-29 10:45:00,26.139999389648438,26.200000762939453,26.100000381469727,26.1200008392334,176920
2026-06-29 11:00:00,26.079999923706055,26.139999389648438,26.059999465942383,26.139999389648438,84314
2026-06-29 11:15:00,26.059999465942383,26.1200008392334,26.020000457763672,26.079999923706055,118489
2026-06-29 11:30:00,26.020000457763672,26.100000381469727,26.0,26.059999465942383,132179
2026-06-29 11:45:00,26.020000457763672,26.059999465942383,26.0,26.020000457763672,27676
2026-06-29 12:00:00,26.059999465942383,26.059999465942383,26.020000457763672,26.020000457763672,24122
2026-06-29 12:15:00,26.020000457763672,26.079999923706055,26.0,26.059999465942383,112240
2026-06-29 12:30:00,26.059999465942383,26.079999923706055,26.020000457763672,26.020000457763672,154072
2026-06-29 12:45:00,26.079999923706055,26.079999923706055,26.020000457763672,26.059999465942383,40037
2026-06-29 13:00:00,26.059999465942383,26.079999923706055,26.040000915527344,26.059999465942383,49268
2026-06-29 13:15:00,26.100000381469727,26.100000381469727,26.059999465942383,26.059999465942383,62896
2026-06-29 13:30:00,26.059999465942383,26.100000381469727,26.059999465942383,26.100000381469727,43468
2026-06-29 13:45:00,26.079999923706055,26.100000381469727,26.040000915527344,26.079999923706055,38877
2026-06-29 14:00:00,26.079999923706055,26.100000381469727,26.040000915527344,26.079999923706055,22845
2026-06-29 14:15:00,26.040000915527344,26.079999923706055,26.0,26.079999923706055,158724
2026-06-29 14:30:00,26.059999465942383,26.059999465942383,26.0,26.059999465942383,79760
2026-06-29 14:45:00,26.040000915527344,26.059999465942383,26.020000457763672,26.040000915527344,51223
2026-06-29 15:00:00,26.040000915527344,26.059999465942383,26.020000457763672,26.040000915527344,24881
2026-06-29 15:15:00,26.059999465942383,26.079999923706055,26.020000457763672,26.020000457763672,19984
2026-06-29 15:30:00,26.040000915527344,26.079999923706055,26.040000915527344,26.059999465942383,22658
2026-06-29 15:45:00,26.020000457763672,26.079999923706055,26.020000457763672,26.040000915527344,70948
2026-06-29 16:00:00,26.040000915527344,26.059999465942383,26.020000457763672,26.059999465942383,37997
2026-06-29 16:15:00,26.040000915527344,26.059999465942383,26.020000457763672,26.040000915527344,13904
2026-06-29 16:30:00,26.040000915527344,26.059999465942383,26.020000457763672,26.020000457763672,25539
2026-06-29 16:45:00,26.040000915527344,26.059999465942383,26.040000915527344,26.059999465942383,47994
2026-06-29 17:00:00,26.020000457763672,26.040000915527344,26.0,26.040000915527344,103032
2026-06-29 17:15:00,26.059999465942383,26.100000381469727,26.0,26.020000457763672,132742
2026-06-29 17:30:00,26.079999923706055,26.079999923706055,26.059999465942383,26.059999465942383,36907
2026-06-29 17:45:00,26.040000915527344,26.079999923706055,26.020000457763672,26.059999465942383,126384
2026-06-30 09:45:00,26.15999984741211,26.15999984741211,26.15999984741211,26.15999984741211,0
2026-06-30 10:00:00,26.040000915527344,26.200000762939453,26.020000457763672,26.15999984741211,253077
2026-06-30 10:15:00,26.079999923706055,26.079999923706055,26.040000915527344,26.040000915527344,85846
2026-06-30 10:30:00,26.079999923706055,26.1200008392334,26.040000915527344,26.079999923706055,163511
2026-06-30 10:45:00,26.059999465942383,26.100000381469727,26.059999465942383,26.079999923706055,157516
2026-06-30 11:00:00,26.079999923706055,26.079999923706055,26.040000915527344,26.079999923706055,78034
2026-06-30 11:15:00,26.040000915527344,26.079999923706055,26.040000915527344,26.040000915527344,50870
2026-06-30 11:30:00,25.979999542236328,26.059999465942383,25.959999084472656,26.040000915527344,176103
2026-06-30 11:45:00,25.940000534057617,26.0,25.899999618530273,25.979999542236328,198691
2026-06-30 12:00:00,25.959999084472656,25.959999084472656,25.920000076293945,25.940000534057617,32686
2026-06-30 12:15:00,25.920000076293945,25.959999084472656,25.920000076293945,25.940000534057617,23108
2026-06-30 12:30:00,25.920000076293945,25.959999084472656,25.899999618530273,25.940000534057617,55584
2026-06-30 12:45:00,25.920000076293945,25.940000534057617,25.920000076293945,25.920000076293945,47275
2026-06-30 13:00:00,25.899999618530273,25.920000076293945,25.8799991607666,25.920000076293945,80649
2026-06-30 13:15:00,25.81999969482422,25.899999618530273,25.799999237060547,25.899999618530273,211897
2026-06-30 13:30:00,25.760000228881836,25.81999969482422,25.719999313354492,25.81999969482422,144517
2026-06-30 13:45:00,25.780000686645508,25.799999237060547,25.760000228881836,25.760000228881836,110793
2026-06-30 14:00:00,25.780000686645508,25.799999237060547,25.760000228881836,25.780000686645508,51210
2026-06-30 14:15:00,25.780000686645508,25.799999237060547,25.760000228881836,25.780000686645508,75216
2026-06-30 14:30:00,25.760000228881836,25.780000686645508,25.739999771118164,25.780000686645508,29614
2026-06-30 14:45:00,25.739999771118164,25.760000228881836,25.700000762939453,25.760000228881836,84680
2026-06-30 15:00:00,25.65999984741211,25.739999771118164,25.600000381469727,25.719999313354492,174537
2026-06-30 15:15:00,25.579999923706055,25.65999984741211,25.559999465942383,25.65999984741211,92104
2026-06-30 15:30:00,25.559999465942383,25.579999923706055,25.540000915527344,25.579999923706055,166900
2026-06-30 15:45:00,25.540000915527344,25.559999465942383,25.520000457763672,25.559999465942383,87912
2026-06-30 16:00:00,25.479999542236328,25.540000915527344,25.459999084472656,25.540000915527344,116902
2026-06-30 16:15:00,25.479999542236328,25.5,25.459999084472656,25.479999542236328,82979
2026-06-30 16:30:00,25.459999084472656,25.5,25.440000534057617,25.479999542236328,74842
2026-06-30 16:45:00,25.399999618530273,25.459999084472656,25.3799991607666,25.459999084472656,243133
2026-06-30 17:00:00,25.3799991607666,25.420000076293945,25.34000015258789,25.399999618530273,279375
2026-06-30 17:15:00,25.3799991607666,25.440000534057617,25.34000015258789,25.399999618530273,158432
2026-06-30 17:30:00,25.440000534057617,25.440000534057617,25.360000610351562,25.360000610351562,136779
2026-06-30 17:45:00,25.420000076293945,25.459999084472656,25.3799991607666,25.440000534057617,344360
2026-07-01 09:45:00,25.5,25.5,25.5,25.5,0
2026-07-01 10:00:00,25.5,25.579999923706055,25.360000610351562,25.520000457763672,241917
2026-07-01 10:15:00,25.639999389648438,25.65999984741211,25.5,25.5,181044
2026-07-01 10:30:00,25.579999923706055,25.639999389648438,25.520000457763672,25.6200008392334,102051
2026-07-01 10:45:00,25.6200008392334,25.65999984741211,25.579999923706055,25.600000381469727,84008
2026-07-01 11:00:00,25.700000762939453,25.780000686645508,25.6200008392334,25.639999389648438,242192
2026-07-01 11:15:00,25.739999771118164,25.780000686645508,25.700000762939453,25.719999313354492,74018
2026-07-01 11:30:00,25.739999771118164,25.780000686645508,25.700000762939453,25.739999771118164,51537
2026-07-01 11:45:00,25.700000762939453,25.739999771118164,25.68000030517578,25.739999771118164,30248
2026-07-01 12:00:00,25.600000381469727,25.700000762939453,25.559999465942383,25.700000762939453,89959
2026-07-01 12:15:00,25.600000381469727,25.600000381469727,25.540000915527344,25.600000381469727,31589
2026-07-01 12:30:00,25.6200008392334,25.6200008392334,25.5,25.600000381469727,84014
2026-07-01 12:45:00,25.68000030517578,25.68000030517578,25.6200008392334,25.6200008392334,46743
2026-07-01 13:00:00,25.68000030517578,25.700000762939453,25.65999984741211,25.65999984741211,100093
2026-07-01 13:15:00,25.68000030517578,25.719999313354492,25.65999984741211,25.68000030517578,56122
2026-07-01 13:30:00,25.68000030517578,25.719999313354492,25.65999984741211,25.68000030517578,60929
2026-07-01 13:45:00,25.68000030517578,25.700000762939453,25.65999984741211,25.700000762939453,44176
2026-07-01 14:00:00,25.68000030517578,25.700000762939453,25.65999984741211,25.68000030517578,35629
2026-07-01 14:15:00,25.739999771118164,25.760000228881836,25.68000030517578,25.700000762939453,60620
2026-07-01 14:30:00,25.700000762939453,25.780000686645508,25.65999984741211,25.760000228881836,53415
2026-07-01 14:45:00,25.68000030517578,25.700000762939453,25.65999984741211,25.700000762939453,26060
2026-07-01 15:00:00,25.639999389648438,25.700000762939453,25.639999389648438,25.68000030517578,51063
2026-07-01 15:15:00,25.639999389648438,25.65999984741211,25.6200008392334,25.639999389648438,43922
2026-07-01 15:30:00,25.6200008392334,25.65999984741211,25.6200008392334,25.639999389648438,77564
2026-07-01 15:45:00,25.600000381469727,25.639999389648438,25.600000381469727,25.639999389648438,37901
2026-07-01 16:00:00,25.5,25.639999389648438,25.479999542236328,25.600000381469727,133934
2026-07-01 16:15:00,25.5,25.540000915527344,25.3799991607666,25.520000457763672,223065
2026-07-01 16:30:00,25.479999542236328,25.520000457763672,25.440000534057617,25.5,104781
2026-07-01 16:45:00,25.440000534057617,25.5,25.399999618530273,25.479999542236328,229982
2026-07-01 17:00:00,25.440000534057617,25.479999542236328,25.3799991607666,25.440000534057617,120344
2026-07-01 17:15:00,25.479999542236328,25.520000457763672,25.440000534057617,25.459999084472656,102747
2026-07-01 17:30:00,25.440000534057617,25.5,25.420000076293945,25.5,77132
2026-07-01 17:45:00,25.440000534057617,25.479999542236328,25.399999618530273,25.440000534057617,107706
2026-07-02 09:45:00,25.5,25.5,25.5,25.5,0
2026-07-02 10:00:00,25.559999465942383,25.579999923706055,25.5,25.520000457763672,128143
2026-07-02 10:15:00,25.540000915527344,25.600000381469727,25.479999542236328,25.540000915527344,198439
2026-07-02 10:30:00,25.600000381469727,25.6200008392334,25.520000457763672,25.540000915527344,120735
2026-07-02 10:45:00,25.579999923706055,25.600000381469727,25.540000915527344,25.600000381469727,51708
2026-07-02 11:00:00,25.600000381469727,25.65999984741211,25.579999923706055,25.600000381469727,42913
2026-07-02 11:15:00,25.540000915527344,25.639999389648438,25.540000915527344,25.6200008392334,53516
2026-07-02 11:30:00,25.559999465942383,25.600000381469727,25.520000457763672,25.559999465942383,89191
2026-07-02 11:45:00,25.540000915527344,25.579999923706055,25.540000915527344,25.559999465942383,34371
2026-07-02 12:00:00,25.540000915527344,25.579999923706055,25.540000915527344,25.540000915527344,66585
2026-07-02 12:15:00,25.5,25.559999465942383,25.5,25.540000915527344,44558
2026-07-02 12:30:00,25.5,25.540000915527344,25.479999542236328,25.5,41405
2026-07-02 12:45:00,25.459999084472656,25.5,25.440000534057617,25.5,82770
2026-07-02 13:00:00,25.479999542236328,25.5,25.440000534057617,25.459999084472656,38279
2026-07-02 13:15:00,25.440000534057617,25.479999542236328,25.420000076293945,25.479999542236328,67529
2026-07-02 13:30:00,25.399999618530273,25.479999542236328,25.399999618530273,25.440000534057617,54859
2026-07-02 13:45:00,25.399999618530273,25.440000534057617,25.3799991607666,25.399999618530273,38678
2026-07-02 14:00:00,25.3799991607666,25.440000534057617,25.360000610351562,25.440000534057617,81847
2026-07-02 14:15:00,25.360000610351562,25.399999618530273,25.31999969482422,25.3799991607666,106553
2026-07-02 14:30:00,25.31999969482422,25.3799991607666,25.299999237060547,25.360000610351562,64415
2026-07-02 14:45:00,25.280000686645508,25.34000015258789,25.280000686645508,25.31999969482422,72675
2026-07-02 15:00:00,25.299999237060547,25.299999237060547,25.260000228881836,25.280000686645508,40527
2026-07-02 15:15:00,25.299999237060547,25.299999237060547,25.239999771118164,25.280000686645508,77354
2026-07-02 15:30:00,25.280000686645508,25.31999969482422,25.280000686645508,25.299999237060547,28959
2026-07-02 15:45:00,25.280000686645508,25.299999237060547,25.260000228881836,25.299999237060547,56245
2026-07-02 16:00:00,25.239999771118164,25.299999237060547,25.219999313354492,25.280000686645508,77102
2026-07-02 16:15:00,25.200000762939453,25.239999771118164,25.18000030517578,25.239999771118164,92061
2026-07-02 16:30:00,25.219999313354492,25.219999313354492,25.15999984741211,25.18000030517578,46775
2026-07-02 16:45:00,25.219999313354492,25.219999313354492,25.18000030517578,25.200000762939453,93016
2026-07-02 17:00:00,25.200000762939453,25.219999313354492,25.1200008392334,25.219999313354492,232953
2026-07-02 17:15:00,25.200000762939453,25.219999313354492,25.15999984741211,25.200000762939453,31055
2026-07-02 17:30:00,25.15999984741211,25.219999313354492,25.15999984741211,25.200000762939453,82729
2026-07-02 17:45:00,25.200000762939453,25.219999313354492,25.15999984741211,25.18000030517578,134556
2026-07-03 09:45:00,25.5,25.5,25.5,25.5,0
2026-07-03 10:00:00,25.34000015258789,25.5,25.15999984741211,25.420000076293945,271360
2026-07-03 10:15:00,25.239999771118164,25.34000015258789,25.18000030517578,25.34000015258789,113924
2026-07-03 10:30:00,25.239999771118164,25.260000228881836,25.200000762939453,25.260000228881836,52849
2026-07-03 10:45:00,25.260000228881836,25.31999969482422,25.200000762939453,25.239999771118164,68830
2026-07-03 11:00:00,25.280000686645508,25.280000686645508,25.18000030517578,25.260000228881836,110512
2026-07-03 11:15:00,25.239999771118164,25.280000686645508,25.200000762939453,25.280000686645508,63514
2026-07-03 11:30:00,25.239999771118164,25.260000228881836,25.200000762939453,25.219999313354492,58429
2026-07-03 11:45:00,25.219999313354492,25.260000228881836,25.200000762939453,25.260000228881836,67732
2026-07-03 12:00:00,25.219999313354492,25.219999313354492,25.18000030517578,25.219999313354492,82883
2026-07-03 12:15:00,25.200000762939453,25.239999771118164,25.18000030517578,25.219999313354492,38600
2026-07-03 12:30:00,25.219999313354492,25.239999771118164,25.15999984741211,25.200000762939453,84031
2026-07-03 12:45:00,25.260000228881836,25.260000228881836,25.200000762939453,25.200000762939453,70665
2026-07-03 13:00:00,25.260000228881836,25.280000686645508,25.200000762939453,25.260000228881836,47529
2026-07-03 13:15:00,25.280000686645508,25.34000015258789,25.260000228881836,25.280000686645508,73655
2026-07-03 13:30:00,25.299999237060547,25.31999969482422,25.280000686645508,25.280000686645508,34033
2026-07-03 13:45:00,25.280000686645508,25.31999969482422,25.260000228881836,25.280000686645508,29901
2026-07-03 14:00:00,25.219999313354492,25.280000686645508,25.219999313354492,25.280000686645508,35121
2026-07-03 14:15:00,25.260000228881836,25.280000686645508,25.239999771118164,25.239999771118164,46117
2026-07-03 14:30:00,25.299999237060547,25.299999237060547,25.260000228881836,25.299999237060547,33038
2026-07-03 14:45:00,25.299999237060547,25.31999969482422,25.260000228881836,25.299999237060547,57242
2026-07-03 15:00:00,25.260000228881836,25.299999237060547,25.239999771118164,25.299999237060547,44717
2026-07-03 15:15:00,25.260000228881836,25.280000686645508,25.219999313354492,25.239999771118164,26276
2026-07-03 15:30:00,25.200000762939453,25.280000686645508,25.18000030517578,25.260000228881836,120918
2026-07-03 15:45:00,25.260000228881836,25.280000686645508,25.200000762939453,25.200000762939453,50926
2026-07-03 16:00:00,25.260000228881836,25.299999237060547,25.260000228881836,25.280000686645508,34965
2026-07-03 16:15:00,25.280000686645508,25.31999969482422,25.260000228881836,25.280000686645508,62105
2026-07-03 16:30:00,25.219999313354492,25.280000686645508,25.200000762939453,25.280000686645508,69464
2026-07-03 16:45:00,25.239999771118164,25.239999771118164,25.18000030517578,25.219999313354492,39505
2026-07-03 17:00:00,25.239999771118164,25.260000228881836,25.200000762939453,25.239999771118164,102865
2026-07-03 17:15:00,25.200000762939453,25.260000228881836,25.18000030517578,25.260000228881836,62880
2026-07-03 17:30:00,25.200000762939453,25.200000762939453,25.18000030517578,25.200000762939453,39943
2026-07-03 17:45:00,25.239999771118164,25.239999771118164,25.18000030517578,25.200000762939453,143162
2026-07-06 09:45:00,25.34000015258789,25.34000015258789,25.34000015258789,25.34000015258789,0
2026-07-06 10:00:00,25.399999618530273,25.479999542236328,25.31999969482422,25.360000610351562,312823
2026-07-06 10:15:00,25.34000015258789,25.420000076293945,25.299999237060547,25.399999618530273,142836
2026-07-06 10:30:00,25.299999237060547,25.360000610351562,25.280000686645508,25.360000610351562,100106
2026-07-06 10:45:00,25.360000610351562,25.360000610351562,25.299999237060547,25.299999237060547,130911
2026-07-06 11:00:00,25.360000610351562,25.399999618530273,25.34000015258789,25.360000610351562,62831
2026-07-06 11:15:00,25.3799991607666,25.3799991607666,25.34000015258789,25.34000015258789,98834
2026-07-06 11:30:00,25.31999969482422,25.3799991607666,25.31999969482422,25.3799991607666,55614
2026-07-06 11:45:00,25.3799991607666,25.3799991607666,25.31999969482422,25.34000015258789,37158
2026-07-06 12:00:00,25.3799991607666,25.440000534057617,25.34000015258789,25.3799991607666,95350
2026-07-06 12:15:00,25.360000610351562,25.399999618530273,25.31999969482422,25.3799991607666,120300
2026-07-06 12:30:00,25.299999237060547,25.360000610351562,25.260000228881836,25.360000610351562,176922
2026-07-06 12:45:00,25.299999237060547,25.31999969482422,25.280000686645508,25.299999237060547,32473
2026-07-06 13:00:00,25.280000686645508,25.280000686645508,25.239999771118164,25.280000686645508,75474
2026-07-06 13:15:00,25.280000686645508,25.299999237060547,25.260000228881836,25.280000686645508,82286
2026-07-06 13:30:00,25.299999237060547,25.31999969482422,25.280000686645508,25.280000686645508,47646
2026-07-06 13:45:00,25.239999771118164,25.299999237060547,25.239999771118164,25.299999237060547,110387
2026-07-06 14:00:00,25.18000030517578,25.239999771118164,25.18000030517578,25.239999771118164,151585
2026-07-06 14:15:00,25.18000030517578,25.200000762939453,25.15999984741211,25.200000762939453,155656
2026-07-06 14:30:00,25.15999984741211,25.18000030517578,25.1200008392334,25.18000030517578,154239
2026-07-06 14:45:00,25.15999984741211,25.15999984741211,25.139999389648438,25.15999984741211,30328
2026-07-06 15:00:00,25.100000381469727,25.15999984741211,25.040000915527344,25.15999984741211,187736
2026-07-06 15:15:00,25.0,25.100000381469727,24.959999084472656,25.079999923706055,204747
2026-07-06 15:30:00,24.940000534057617,25.020000457763672,24.8799991607666,25.0,185892
2026-07-06 15:45:00,24.920000076293945,24.959999084472656,24.8799991607666,24.920000076293945,81619
2026-07-06 16:00:00,24.84000015258789,24.959999084472656,24.84000015258789,24.920000076293945,239878
2026-07-06 16:15:00,24.81999969482422,24.860000610351562,24.799999237060547,24.860000610351562,232312
2026-07-06 16:30:00,24.84000015258789,24.860000610351562,24.799999237060547,24.84000015258789,93079
2026-07-06 16:45:00,24.8799991607666,24.8799991607666,24.84000015258789,24.84000015258789,74463
2026-07-06 17:00:00,24.84000015258789,24.940000534057617,24.799999237060547,24.8799991607666,173530
2026-07-06 17:15:00,24.8799991607666,24.899999618530273,24.84000015258789,24.860000610351562,107808
2026-07-06 17:30:00,24.860000610351562,24.899999618530273,24.84000015258789,24.8799991607666,181400
2026-07-06 17:45:00,24.739999771118164,24.8799991607666,24.739999771118164,24.860000610351562,450343
2026-07-07 09:45:00,24.700000762939453,24.700000762939453,24.700000762939453,24.700000762939453,0
2026-07-07 10:00:00,24.719999313354492,24.760000228881836,24.6200008392334,24.700000762939453,306503
2026-07-07 10:15:00,24.81999969482422,24.860000610351562,24.739999771118164,24.739999771118164,147110
2026-07-07 10:30:00,24.81999969482422,24.84000015258789,24.780000686645508,24.84000015258789,93806
2026-07-07 10:45:00,24.81999969482422,24.84000015258789,24.780000686645508,24.81999969482422,170157
2026-07-07 11:00:00,24.760000228881836,24.81999969482422,24.719999313354492,24.81999969482422,73068
2026-07-07 11:15:00,24.760000228881836,24.780000686645508,24.719999313354492,24.760000228881836,60844
2026-07-07 11:30:00,24.739999771118164,24.760000228881836,24.700000762939453,24.760000228881836,61231
2026-07-07 11:45:00,24.760000228881836,24.780000686645508,24.700000762939453,24.739999771118164,81627
2026-07-07 12:00:00,24.739999771118164,24.760000228881836,24.719999313354492,24.760000228881836,37792
2026-07-07 12:15:00,24.760000228881836,24.799999237060547,24.739999771118164,24.739999771118164,101039
2026-07-07 12:30:00,24.739999771118164,24.780000686645508,24.639999389648438,24.780000686645508,239094
2026-07-07 12:45:00,24.68000030517578,24.760000228881836,24.65999984741211,24.739999771118164,56249
2026-07-07 13:00:00,24.700000762939453,24.739999771118164,24.65999984741211,24.68000030517578,78460
2026-07-07 13:15:00,24.700000762939453,24.700000762939453,24.65999984741211,24.68000030517578,37020
2026-07-07 13:30:00,24.739999771118164,24.739999771118164,24.68000030517578,24.68000030517578,97535
2026-07-07 13:45:00,24.799999237060547,24.799999237060547,24.719999313354492,24.739999771118164,162985
2026-07-07 14:00:00,24.760000228881836,24.81999969482422,24.760000228881836,24.799999237060547,137503
2026-07-07 14:15:00,24.760000228881836,24.81999969482422,24.760000228881836,24.799999237060547,57966
2026-07-07 14:30:00,24.780000686645508,24.780000686645508,24.719999313354492,24.760000228881836,71842
2026-07-07 14:45:00,24.780000686645508,24.81999969482422,24.700000762939453,24.780000686645508,170525
2026-07-07 15:00:00,24.780000686645508,24.780000686645508,24.739999771118164,24.780000686645508,145567
2026-07-07 15:15:00,24.760000228881836,24.780000686645508,24.700000762939453,24.780000686645508,64718
2026-07-07 15:30:00,24.81999969482422,24.81999969482422,24.739999771118164,24.760000228881836,102649
2026-07-07 15:45:00,24.84000015258789,24.860000610351562,24.799999237060547,24.81999969482422,90730
2026-07-07 16:00:00,24.81999969482422,24.920000076293945,24.760000228881836,24.84000015258789,146334
2026-07-07 16:15:00,24.739999771118164,24.799999237060547,24.719999313354492,24.780000686645508,85555
2026-07-07 16:30:00,24.719999313354492,24.780000686645508,24.719999313354492,24.739999771118164,74194
2026-07-07 16:45:00,24.65999984741211,24.719999313354492,24.639999389648438,24.719999313354492,150970
2026-07-07 17:00:00,24.600000381469727,24.719999313354492,24.579999923706055,24.65999984741211,152960
2026-07-07 17:15:00,24.559999465942383,24.6200008392334,24.479999542236328,24.600000381469727,307481
2026-07-07 17:30:00,24.520000457763672,24.579999923706055,24.5,24.579999923706055,117364
2026-07-07 17:45:00,24.520000457763672,24.559999465942383,24.479999542236328,24.520000457763672,191992
2026-07-08 09:45:00,24.5,24.5,24.5,24.5,0
2026-07-08 10:00:00,24.459999084472656,24.5,24.299999237060547,24.5,268979
2026-07-08 10:15:00,24.440000534057617,24.479999542236328,24.360000610351562,24.459999084472656,138082
2026-07-08 10:30:00,24.559999465942383,24.559999465942383,24.420000076293945,24.459999084472656,203738
2026-07-08 10:45:00,24.540000915527344,24.579999923706055,24.5,24.559999465942383,148117
2026-07-08 11:00:00,24.459999084472656,24.540000915527344,24.3799991607666,24.540000915527344,78081
2026-07-08 11:15:00,24.15999984741211,24.459999084472656,24.139999389648438,24.459999084472656,251091
2026-07-08 11:30:00,24.1200008392334,24.200000762939453,24.059999465942383,24.139999389648438,347880
2026-07-08 11:45:00,24.139999389648438,24.18000030517578,24.100000381469727,24.100000381469727,105923
2026-07-08 12:00:00,24.100000381469727,24.15999984741211,24.079999923706055,24.139999389648438,76027
2026-07-08 12:15:00,24.139999389648438,24.15999984741211,24.079999923706055,24.100000381469727,70684
2026-07-08 12:30:00,24.100000381469727,24.18000030517578,24.100000381469727,24.15999984741211,247266
2026-07-08 12:45:00,24.1200008392334,24.1200008392334,24.059999465942383,24.1200008392334,162664
2026-07-08 13:00:00,24.079999923706055,24.139999389648438,24.059999465942383,24.1200008392334,96700
2026-07-08 13:15:00,24.020000457763672,24.100000381469727,24.0,24.100000381469727,168381
2026-07-08 13:30:00,24.040000915527344,24.059999465942383,24.020000457763672,24.040000915527344,62168
2026-07-08 13:45:00,24.079999923706055,24.079999923706055,24.020000457763672,24.040000915527344,73847
2026-07-08 14:00:00,24.18000030517578,24.18000030517578,24.079999923706055,24.079999923706055,100390
2026-07-08 14:15:00,24.100000381469727,24.15999984741211,24.040000915527344,24.139999389648438,72822
2026-07-08 14:30:00,24.15999984741211,24.15999984741211,24.059999465942383,24.100000381469727,52869
2026-07-08 14:45:00,24.139999389648438,24.18000030517578,24.1200008392334,24.18000030517578,40281
2026-07-08 15:00:00,24.139999389648438,24.139999389648438,24.1200008392334,24.139999389648438,28421
2026-07-08 15:15:00,24.15999984741211,24.15999984741211,24.100000381469727,24.139999389648438,62705
2026-07-08 15:30:00,24.15999984741211,24.18000030517578,24.139999389648438,24.139999389648438,30275
2026-07-08 15:45:00,24.139999389648438,24.18000030517578,24.139999389648438,24.15999984741211,21863
2026-07-08 16:00:00,24.079999923706055,24.139999389648438,24.079999923706055,24.139999389648438,85933
2026-07-08 16:15:00,24.1200008392334,24.1200008392334,24.079999923706055,24.100000381469727,140118
2026-07-08 16:30:00,24.100000381469727,24.1200008392334,24.040000915527344,24.1200008392334,124966
2026-07-08 16:45:00,24.139999389648438,24.139999389648438,24.079999923706055,24.100000381469727,37711
2026-07-08 17:00:00,24.100000381469727,24.15999984741211,24.100000381469727,24.139999389648438,45265
2026-07-08 17:15:00,24.040000915527344,24.139999389648438,24.040000915527344,24.100000381469727,189102
2026-07-08 17:30:00,24.059999465942383,24.100000381469727,24.0,24.040000915527344,157896
2026-07-08 17:45:00,23.940000534057617,24.059999465942383,23.940000534057617,24.059999465942383,223132
2026-07-09 09:45:00,24.020000457763672,24.020000457763672,24.020000457763672,24.020000457763672,0
2026-07-09 10:00:00,23.979999542236328,24.200000762939453,23.899999618530273,24.040000915527344,181040
2026-07-09 10:15:00,24.0,24.059999465942383,23.860000610351562,23.959999084472656,162494
2026-07-09 10:30:00,24.079999923706055,24.079999923706055,23.959999084472656,24.040000915527344,102037
2026-07-09 10:45:00,24.020000457763672,24.1200008392334,24.0,24.059999465942383,35719
2026-07-09 11:00:00,24.0,24.040000915527344,23.979999542236328,24.0,58723
2026-07-09 11:15:00,24.059999465942383,24.079999923706055,24.0,24.020000457763672,31608
2026-07-09 11:30:00,24.040000915527344,24.079999923706055,24.020000457763672,24.059999465942383,40990
2026-07-09 11:45:00,24.020000457763672,24.079999923706055,23.979999542236328,24.040000915527344,60681
2026-07-09 12:00:00,24.0,24.040000915527344,23.979999542236328,24.020000457763672,47470
2026-07-09 12:15:00,24.020000457763672,24.040000915527344,23.979999542236328,24.0,71495
2026-07-09 12:30:00,23.979999542236328,24.040000915527344,23.979999542236328,24.020000457763672,41675
2026-07-09 12:45:00,24.020000457763672,24.040000915527344,23.959999084472656,24.0,38804
2026-07-09 13:00:00,24.040000915527344,24.059999465942383,24.0,24.040000915527344,130805
2026-07-09 13:15:00,24.0,24.040000915527344,23.979999542236328,24.020000457763672,34746
2026-07-09 13:30:00,23.899999618530273,24.020000457763672,23.8799991607666,24.0,93471
2026-07-09 13:45:00,23.940000534057617,23.940000534057617,23.860000610351562,23.899999618530273,68182
2026-07-09 14:00:00,23.959999084472656,23.959999084472656,23.920000076293945,23.920000076293945,54587
2026-07-09 14:15:00,23.959999084472656,23.979999542236328,23.940000534057617,23.959999084472656,15923
2026-07-09 14:30:00,23.940000534057617,23.959999084472656,23.920000076293945,23.959999084472656,44001
2026-07-09 14:45:00,23.920000076293945,23.940000534057617,23.899999618530273,23.940000534057617,30138
2026-07-09 15:00:00,23.979999542236328,23.979999542236328,23.940000534057617,23.940000534057617,50166
2026-07-09 15:15:00,24.020000457763672,24.020000457763672,23.959999084472656,23.979999542236328,75041
2026-07-09 15:30:00,24.020000457763672,24.15999984741211,24.020000457763672,24.040000915527344,139641
2026-07-09 15:45:00,24.020000457763672,24.059999465942383,24.0,24.020000457763672,146916
2026-07-09 16:00:00,24.020000457763672,24.059999465942383,24.0,24.040000915527344,68905
2026-07-09 16:15:00,23.959999084472656,24.040000915527344,23.959999084472656,24.0,79390
2026-07-09 16:30:00,23.940000534057617,24.0,23.899999618530273,23.979999542236328,140648
2026-07-09 16:45:00,23.940000534057617,23.959999084472656,23.899999618530273,23.940000534057617,21761
2026-07-09 17:00:00,23.899999618530273,23.940000534057617,23.8799991607666,23.940000534057617,66667
2026-07-09 17:15:00,23.899999618530273,23.920000076293945,23.84000015258789,23.899999618530273,79312
2026-07-09 17:30:00,23.959999084472656,23.959999084472656,23.8799991607666,23.8799991607666,103794
2026-07-09 17:45:00,24.0,24.0,23.920000076293945,23.940000534057617,125576
2026-07-10 09:45:00,24.0,24.0,24.0,24.0,0
2026-07-10 10:00:00,24.100000381469727,24.139999389648438,23.959999084472656,24.0,322362
2026-07-10 10:15:00,24.15999984741211,24.18000030517578,24.100000381469727,24.1200008392334,247621
2026-07-10 10:30:00,24.1200008392334,24.200000762939453,24.100000381469727,24.15999984741211,141775
2026-07-10 10:45:00,24.15999984741211,24.18000030517578,24.1200008392334,24.1200008392334,46703
2026-07-10 11:00:00,24.200000762939453,24.200000762939453,24.1200008392334,24.15999984741211,93956
2026-07-10 11:15:00,24.219999313354492,24.299999237060547,24.200000762939453,24.219999313354492,285137
2026-07-10 11:30:00,24.18000030517578,24.219999313354492,24.15999984741211,24.219999313354492,144166
2026-07-10 11:45:00,24.15999984741211,24.18000030517578,24.139999389648438,24.15999984741211,40451
2026-07-10 12:00:00,24.1200008392334,24.18000030517578,24.1200008392334,24.18000030517578,165466
2026-07-10 12:15:00,24.15999984741211,24.15999984741211,24.1200008392334,24.1200008392334,53839
2026-07-10 12:30:00,24.18000030517578,24.18000030517578,24.139999389648438,24.15999984741211,29042
2026-07-10 12:45:00,24.18000030517578,24.219999313354492,24.15999984741211,24.18000030517578,57317
2026-07-10 13:00:00,24.0,24.200000762939453,23.979999542236328,24.18000030517578,296964
2026-07-10 13:15:00,24.040000915527344,24.079999923706055,23.979999542236328,24.020000457763672,36041
2026-07-10 13:30:00,24.040000915527344,24.059999465942383,24.040000915527344,24.040000915527344,40249
2026-07-10 13:45:00,24.079999923706055,24.100000381469727,24.020000457763672,24.040000915527344,52260
2026-07-10 14:00:00,24.079999923706055,24.100000381469727,24.040000915527344,24.079999923706055,66251
2026-07-10 14:15:00,24.139999389648438,24.139999389648438,24.059999465942383,24.059999465942383,28994
2026-07-10 14:30:00,24.139999389648438,24.200000762939453,24.100000381469727,24.139999389648438,225679
2026-07-10 14:45:00,24.100000381469727,24.15999984741211,24.040000915527344,24.139999389648438,201890
2026-07-10 15:00:00,24.15999984741211,24.18000030517578,24.040000915527344,24.079999923706055,58523
2026-07-10 15:15:00,24.15999984741211,24.18000030517578,24.139999389648438,24.15999984741211,127967
2026-07-10 15:30:00,24.15999984741211,24.18000030517578,24.139999389648438,24.15999984741211,56946
2026-07-10 15:45:00,24.18000030517578,24.18000030517578,24.100000381469727,24.139999389648438,69684
2026-07-10 16:00:00,24.239999771118164,24.239999771118164,24.139999389648438,24.18000030517578,157335
2026-07-10 16:15:00,24.260000228881836,24.299999237060547,24.219999313354492,24.219999313354492,174187
2026-07-10 16:30:00,24.280000686645508,24.299999237060547,24.260000228881836,24.280000686645508,130325
2026-07-10 16:45:00,24.260000228881836,24.280000686645508,24.239999771118164,24.280000686645508,43534
2026-07-10 17:00:00,24.260000228881836,24.280000686645508,24.260000228881836,24.260000228881836,41003
2026-07-10 17:15:00,24.299999237060547,24.34000015258789,24.260000228881836,24.260000228881836,148190
2026-07-10 17:30:00,24.239999771118164,24.31999969482422,24.18000030517578,24.299999237060547,170554
2026-07-10 17:45:00,24.219999313354492,24.239999771118164,24.18000030517578,24.219999313354492,205849
2026-07-13 09:45:00,24.239999771118164,24.239999771118164,24.239999771118164,24.239999771118164,0
2026-07-13 10:00:00,24.15999984741211,24.239999771118164,24.079999923706055,24.239999771118164,262180
2026-07-13 10:15:00,24.079999923706055,24.15999984741211,24.020000457763672,24.15999984741211,212766
2026-07-13 10:30:00,24.1200008392334,24.139999389648438,24.040000915527344,24.079999923706055,110772
2026-07-13 10:45:00,24.100000381469727,24.139999389648438,24.059999465942383,24.139999389648438,61912
2026-07-13 11:00:00,24.139999389648438,24.15999984741211,24.079999923706055,24.100000381469727,58146
2026-07-13 11:15:00,24.040000915527344,24.15999984741211,24.040000915527344,24.139999389648438,77505
2026-07-13 11:30:00,24.079999923706055,24.079999923706055,24.040000915527344,24.059999465942383,57155
2026-07-13 11:45:00,24.0,24.079999923706055,23.959999084472656,24.079999923706055,1096863
2026-07-13 12:00:00,23.979999542236328,24.0,23.940000534057617,23.979999542236328,115952
2026-07-13 12:15:00,23.979999542236328,24.0,23.959999084472656,23.979999542236328,89296
2026-07-13 12:30:00,24.0,24.020000457763672,23.959999084472656,23.979999542236328,39271
2026-07-13 12:45:00,24.0,24.020000457763672,23.959999084472656,24.0,32548
2026-07-13 13:00:00,23.979999542236328,24.0,23.959999084472656,24.0,21840
2026-07-13 13:15:00,23.979999542236328,23.979999542236328,23.959999084472656,23.979999542236328,12573
2026-07-13 13:30:00,23.959999084472656,24.0,23.959999084472656,23.959999084472656,35334
2026-07-13 13:45:00,23.979999542236328,23.979999542236328,23.940000534057617,23.959999084472656,93068
2026-07-13 14:00:00,24.0,24.020000457763672,23.959999084472656,23.979999542236328,121511
2026-07-13 14:15:00,23.979999542236328,24.0,23.959999084472656,23.979999542236328,33053
2026-07-13 14:30:00,23.979999542236328,24.0,23.940000534057617,23.979999542236328,74920
2026-07-13 14:45:00,23.920000076293945,23.979999542236328,23.899999618530273,23.979999542236328,112686
2026-07-13 15:00:00,23.8799991607666,23.940000534057617,23.860000610351562,23.920000076293945,170070
2026-07-13 15:15:00,23.860000610351562,23.8799991607666,23.84000015258789,23.8799991607666,106531
2026-07-13 15:30:00,23.799999237060547,23.84000015258789,23.799999237060547,23.84000015258789,66029
2026-07-13 15:45:00,23.84000015258789,23.860000610351562,23.81999969482422,23.81999969482422,119092
2026-07-13 16:00:00,23.81999969482422,23.860000610351562,23.780000686645508,23.860000610351562,185947
2026-07-13 16:15:00,23.860000610351562,23.860000610351562,23.81999969482422,23.84000015258789,48711
2026-07-13 16:30:00,23.81999969482422,23.899999618530273,23.799999237060547,23.84000015258789,146408
2026-07-13 16:45:00,23.860000610351562,23.860000610351562,23.799999237060547,23.799999237060547,55858
2026-07-13 17:00:00,23.84000015258789,23.899999618530273,23.81999969482422,23.8799991607666,39478
2026-07-13 17:15:00,23.780000686645508,23.860000610351562,23.739999771118164,23.860000610351562,205661
2026-07-13 17:30:00,23.780000686645508,23.799999237060547,23.739999771118164,23.799999237060547,80462
2026-07-13 17:45:00,23.739999771118164,23.81999969482422,23.719999313354492,23.780000686645508,262751
2026-07-14 09:45:00,23.600000381469727,23.600000381469727,23.600000381469727,23.600000381469727,0
2026-07-14 10:00:00,23.84000015258789,23.84000015258789,23.559999465942383,23.579999923706055,316668
2026-07-14 10:15:00,23.84000015258789,23.899999618530273,23.719999313354492,23.84000015258789,150985
2026-07-14 10:30:00,23.81999969482422,23.899999618530273,23.799999237060547,23.84000015258789,201849
2026-07-14 10:45:00,23.899999618530273,23.899999618530273,23.84000015258789,23.84000015258789,82650
2026-07-14 11:00:00,23.8799991607666,23.920000076293945,23.84000015258789,23.899999618530273,75376
2026-07-14 11:15:00,24.040000915527344,24.059999465942383,23.8799991607666,23.899999618530273,200302
2026-07-14 11:30:00,24.059999465942383,24.1200008392334,23.979999542236328,24.040000915527344,150280
2026-07-14 11:45:00,24.040000915527344,24.100000381469727,24.040000915527344,24.059999465942383,32734
2026-07-14 12:00:00,24.15999984741211,24.200000762939453,24.0,24.040000915527344,99352
2026-07-14 12:15:00,24.200000762939453,24.219999313354492,24.139999389648438,24.15999984741211,194729
2026-07-14 12:30:00,24.139999389648438,24.200000762939453,24.1200008392334,24.200000762939453,61730
2026-07-14 12:45:00,24.15999984741211,24.200000762939453,24.1200008392334,24.139999389648438,52182
2026-07-14 13:00:00,24.100000381469727,24.15999984741211,24.100000381469727,24.139999389648438,74840
2026-07-14 13:15:00,24.139999389648438,24.15999984741211,24.1200008392334,24.1200008392334,33425
2026-07-14 13:30:00,24.15999984741211,24.200000762939453,24.139999389648438,24.139999389648438,83465
2026-07-14 13:45:00,24.1200008392334,24.18000030517578,24.100000381469727,24.15999984741211,66662
2026-07-14 14:00:00,24.100000381469727,24.200000762939453,24.100000381469727,24.139999389648438,225863
2026-07-14 14:15:00,24.100000381469727,24.18000030517578,24.059999465942383,24.100000381469727,102343
2026-07-14 14:30:00,24.079999923706055,24.139999389648438,24.079999923706055,24.100000381469727,79503
2026-07-14 14:45:00,24.100000381469727,24.139999389648438,24.059999465942383,24.079999923706055,58788
2026-07-14 15:00:00,24.079999923706055,24.1200008392334,24.059999465942383,24.100000381469727,49340
2026-07-14 15:15:00,24.059999465942383,24.1200008392334,24.059999465942383,24.079999923706055,30225
2026-07-14 15:30:00,24.100000381469727,24.139999389648438,24.079999923706055,24.079999923706055,71479
2026-07-14 15:45:00,23.940000534057617,24.079999923706055,23.8799991607666,24.079999923706055,166515
2026-07-14 16:00:00,24.059999465942383,24.059999465942383,23.920000076293945,23.940000534057617,159503
2026-07-14 16:15:00,24.059999465942383,24.079999923706055,24.0,24.059999465942383,32455
2026-07-14 16:30:00,24.020000457763672,24.079999923706055,23.979999542236328,24.040000915527344,111582
2026-07-14 16:45:00,23.959999084472656,24.020000457763672,23.959999084472656,24.020000457763672,27045
2026-07-14 17:00:00,24.059999465942383,24.059999465942383,23.979999542236328,23.979999542236328,60945
2026-07-14 17:15:00,24.040000915527344,24.059999465942383,24.020000457763672,24.059999465942383,37717
2026-07-14 17:30:00,24.020000457763672,24.059999465942383,24.020000457763672,24.020000457763672,68939
2026-07-14 17:45:00,24.040000915527344,24.059999465942383,24.0,24.020000457763672,201424
2026-07-16 09:45:00,24.280000686645508,24.280000686645508,24.280000686645508,24.280000686645508,0
2026-07-16 10:00:00,24.31999969482422,24.360000610351562,24.100000381469727,24.280000686645508,159470
2026-07-16 10:15:00,24.3799991607666,24.440000534057617,24.299999237060547,24.299999237060547,267483
2026-07-16 10:30:00,24.399999618530273,24.420000076293945,24.34000015258789,24.3799991607666,37612
2026-07-16 10:45:00,24.520000457763672,24.520000457763672,24.3799991607666,24.399999618530273,152703
2026-07-16 11:00:00,24.559999465942383,24.559999465942383,24.5,24.520000457763672,143433
2026-07-16 11:15:00,24.639999389648438,24.68000030517578,24.559999465942383,24.579999923706055,130610
2026-07-16 11:30:00,24.600000381469727,24.739999771118164,24.579999923706055,24.639999389648438,204292
2026-07-16 11:45:00,24.68000030517578,24.68000030517578,24.579999923706055,24.600000381469727,160701
2026-07-16 12:00:00,24.84000015258789,24.84000015258789,24.65999984741211,24.68000030517578,261217
2026-07-16 12:15:00,24.84000015258789,25.0,24.81999969482422,24.84000015258789,355841
2026-07-16 12:30:00,25.0,25.020000457763672,24.81999969482422,24.81999969482422,179117
2026-07-16 12:45:00,24.940000534057617,25.020000457763672,24.899999618530273,25.0,82187
2026-07-16 13:00:00,24.860000610351562,24.940000534057617,24.84000015258789,24.920000076293945,90693
2026-07-16 13:15:00,24.81999969482422,24.899999618530273,24.780000686645508,24.84000015258789,86242
2026-07-16 13:30:00,24.780000686645508,24.84000015258789,24.780000686645508,24.81999969482422,75558
2026-07-16 13:45:00,24.719999313354492,24.799999237060547,24.719999313354492,24.780000686645508,144283
2026-07-16 14:00:00,24.739999771118164,24.739999771118164,24.719999313354492,24.739999771118164,20920
2026-07-16 14:15:00,24.760000228881836,24.780000686645508,24.719999313354492,24.739999771118164,22122
2026-07-16 14:30:00,24.739999771118164,24.799999237060547,24.719999313354492,24.760000228881836,38743
2026-07-16 14:45:00,24.739999771118164,24.760000228881836,24.719999313354492,24.739999771118164,66820
2026-07-16 15:00:00,24.719999313354492,24.760000228881836,24.700000762939453,24.739999771118164,46938
2026-07-16 15:15:00,24.719999313354492,24.739999771118164,24.700000762939453,24.739999771118164,58468
2026-07-16 15:30:00,24.68000030517578,24.739999771118164,24.68000030517578,24.719999313354492,39237
2026-07-16 15:45:00,24.739999771118164,24.760000228881836,24.68000030517578,24.68000030517578,27525
2026-07-16 16:00:00,24.760000228881836,24.780000686645508,24.719999313354492,24.739999771118164,44365
2026-07-16 16:15:00,24.780000686645508,24.84000015258789,24.739999771118164,24.780000686645508,109857
2026-07-16 16:30:00,24.84000015258789,24.84000015258789,24.760000228881836,24.780000686645508,36600
2026-07-16 16:45:00,24.84000015258789,24.860000610351562,24.799999237060547,24.84000015258789,37269
2026-07-16 17:00:00,24.760000228881836,24.860000610351562,24.760000228881836,24.84000015258789,99454
2026-07-16 17:15:00,24.760000228881836,24.780000686645508,24.719999313354492,24.780000686645508,99227
2026-07-16 17:30:00,24.719999313354492,24.780000686645508,24.700000762939453,24.739999771118164,179960
2026-07-16 17:45:00,24.719999313354492,24.739999771118164,24.65999984741211,24.719999313354492,215701
2026-07-17 12:00:00,24.280000686645508,24.280000686645508,24.219999313354492,24.280000686645508,46236
2026-07-17 12:15:00,24.280000686645508,24.280000686645508,24.239999771118164,24.280000686645508,55962
2026-07-17 12:30:00,24.18000030517578,24.299999237060547,24.139999389648438,24.280000686645508,162466
2026-07-17 12:45:00,24.18000030517578,24.18000030517578,24.139999389648438,24.18000030517578,91654
2026-07-17 13:00:00,24.15999984741211,24.18000030517578,24.100000381469727,24.15999984741211,89895
2026-07-17 13:15:00,24.15999984741211,24.18000030517578,24.139999389648438,24.139999389648438,24266
2026-07-17 13:30:00,24.139999389648438,24.15999984741211,24.1200008392334,24.15999984741211,37001
2026-07-17 13:45:00,24.1200008392334,24.139999389648438,24.100000381469727,24.139999389648438,71927
2026-07-17 14:00:00,24.1200008392334,24.139999389648438,24.100000381469727,24.1200008392334,30373
2026-07-17 14:15:00,24.040000915527344,24.1200008392334,24.0,24.1200008392334,468545
2026-07-17 14:30:00,24.040000915527344,24.040000915527344,24.0,24.040000915527344,42811
2026-07-17 14:45:00,24.040000915527344,24.059999465942383,24.0,24.020000457763672,57434
2026-07-17 15:00:00,24.100000381469727,24.100000381469727,24.040000915527344,24.040000915527344,208009
2026-07-17 15:15:00,24.059999465942383,24.100000381469727,24.059999465942383,24.100000381469727,33215
2026-07-17 15:30:00,24.059999465942383,24.100000381469727,24.059999465942383,24.059999465942383,105571
2026-07-17 15:45:00,24.059999465942383,24.079999923706055,24.0,24.059999465942383,168724
2026-07-17 16:00:00,24.059999465942383,24.059999465942383,24.020000457763672,24.059999465942383,118250
2026-07-17 16:15:00,24.100000381469727,24.1200008392334,24.040000915527344,24.059999465942383,70416
2026-07-17 16:30:00,24.100000381469727,24.139999389648438,24.079999923706055,24.100000381469727,93915
2026-07-17 16:45:00,24.15999984741211,24.18000030517578,24.100000381469727,24.100000381469727,50399
2026-07-17 17:00:00,24.1200008392334,24.18000030517578,24.079999923706055,24.18000030517578,132928
2026-07-17 17:15:00,24.139999389648438,24.15999984741211,24.079999923706055,24.1200008392334,96076
2026-07-17 17:30:00,24.100000381469727,24.139999389648438,24.059999465942383,24.139999389648438,73604
2026-07-17 17:45:00,24.100000381469727,24.1200008392334,24.020000457763672,24.079999923706055,209803
2026-07-20 09:45:00,24.139999389648438,24.139999389648438,24.139999389648438,24.139999389648438,0
2026-07-20 10:00:00,24.15999984741211,24.360000610351562,24.100000381469727,24.15999984741211,210228
2026-07-20 10:15:00,24.31999969482422,24.31999969482422,24.1200008392334,24.15999984741211,220109
2026-07-20 10:30:00,24.34000015258789,24.479999542236328,24.299999237060547,24.31999969482422,200770
2026-07-20 10:45:00,24.420000076293945,24.459999084472656,24.34000015258789,24.34000015258789,119503
2026-07-20 11:00:00,24.399999618530273,24.440000534057617,24.360000610351562,24.440000534057617,87957
2026-07-20 11:15:00,24.3799991607666,24.399999618530273,24.34000015258789,24.399999618530273,53126
2026-07-20 11:30:00,24.31999969482422,24.3799991607666,24.280000686645508,24.3799991607666,68705
2026-07-20 11:45:00,24.260000228881836,24.34000015258789,24.260000228881836,24.299999237060547,65665
2026-07-20 12:00:00,24.299999237060547,24.34000015258789,24.260000228881836,24.280000686645508,92654
2026-07-20 12:15:00,24.3799991607666,24.399999618530273,24.299999237060547,24.31999969482422,231872
2026-07-20 12:30:00,24.420000076293945,24.440000534057617,24.3799991607666,24.399999618530273,170661
2026-07-20 12:45:00,24.399999618530273,24.440000534057617,24.360000610351562,24.399999618530273,85513
2026-07-20 13:00:00,24.440000534057617,24.459999084472656,24.399999618530273,24.420000076293945,163995
2026-07-20 13:15:00,24.420000076293945,24.459999084472656,24.399999618530273,24.420000076293945,41582
2026-07-20 13:30:00,24.34000015258789,24.420000076293945,24.299999237060547,24.420000076293945,146606
2026-07-20 13:45:00,24.360000610351562,24.3799991607666,24.34000015258789,24.34000015258789,29032
2026-07-20 14:00:00,24.360000610351562,24.399999618530273,24.34000015258789,24.360000610351562,54005
2026-07-20 14:15:00,24.399999618530273,24.399999618530273,24.360000610351562,24.399999618530273,39614
2026-07-20 14:30:00,24.440000534057617,24.459999084472656,24.420000076293945,24.420000076293945,65724
2026-07-20 14:45:00,24.440000534057617,24.459999084472656,24.420000076293945,24.440000534057617,50195
2026-07-20 15:00:00,24.440000534057617,24.440000534057617,24.360000610351562,24.440000534057617,117371
2026-07-20 15:15:00,24.440000534057617,24.5,24.399999618530273,24.420000076293945,110838
2026-07-20 15:30:00,24.440000534057617,24.479999542236328,24.420000076293945,24.459999084472656,68411
2026-07-20 15:45:00,24.440000534057617,24.459999084472656,24.420000076293945,24.440000534057617,39942
2026-07-20 16:00:00,24.420000076293945,24.479999542236328,24.420000076293945,24.459999084472656,79981
2026-07-20 16:15:00,24.440000534057617,24.479999542236328,24.399999618530273,24.459999084472656,105662
2026-07-20 16:30:00,24.3799991607666,24.459999084472656,24.360000610351562,24.459999084472656,55119
2026-07-20 16:45:00,24.399999618530273,24.420000076293945,24.34000015258789,24.3799991607666,98123
2026-07-20 17:00:00,24.420000076293945,24.459999084472656,24.360000610351562,24.399999618530273,120071
2026-07-20 17:15:00,24.3799991607666,24.440000534057617,24.3799991607666,24.420000076293945,60337
2026-07-20 17:30:00,24.34000015258789,24.399999618530273,24.31999969482422,24.3799991607666,139193
2026-07-20 17:45:00,24.219999313354492,24.3799991607666,24.200000762939453,24.360000610351562,455874
2026-07-21 09:45:00,24.31999969482422,24.31999969482422,24.31999969482422,24.31999969482422,0
2026-07-21 10:00:00,24.260000228881836,24.399999618530273,24.18000030517578,24.31999969482422,213061
2026-07-21 10:15:00,24.34000015258789,24.34000015258789,24.239999771118164,24.260000228881836,117551
2026-07-21 10:30:00,24.280000686645508,24.360000610351562,24.260000228881836,24.34000015258789,86887
2026-07-21 10:45:00,24.280000686645508,24.299999237060547,24.239999771118164,24.280000686645508,37258
2026-07-21 11:00:00,24.260000228881836,24.299999237060547,24.219999313354492,24.280000686645508,72204
2026-07-21 11:15:00,24.239999771118164,24.280000686645508,24.219999313354492,24.239999771118164,48190
2026-07-21 11:30:00,24.399999618530273,24.520000457763672,24.219999313354492,24.219999313354492,283263
2026-07-21 11:45:00,24.399999618530273,24.440000534057617,24.360000610351562,24.399999618530273,78524
2026-07-21 12:00:00,24.520000457763672,24.579999923706055,24.360000610351562,24.399999618530273,132849
2026-07-21 12:15:00,24.540000915527344,24.579999923706055,24.5,24.520000457763672,67440
2026-07-21 12:30:00,24.479999542236328,24.559999465942383,24.479999542236328,24.559999465942383,64012
2026-07-21 12:45:00,24.5,24.520000457763672,24.459999084472656,24.479999542236328,45467
2026-07-21 13:00:00,24.579999923706055,24.579999923706055,24.5,24.5,111129
2026-07-21 13:15:00,24.65999984741211,24.65999984741211,24.540000915527344,24.579999923706055,137229
2026-07-21 13:30:00,24.600000381469727,24.639999389648438,24.559999465942383,24.639999389648438,91279
2026-07-21 13:45:00,24.780000686645508,24.799999237060547,24.600000381469727,24.600000381469727,300751
2026-07-21 14:00:00,24.700000762939453,24.81999969482422,24.65999984741211,24.780000686645508,224119
2026-07-21 14:15:00,24.65999984741211,24.700000762939453,24.639999389648438,24.68000030517578,85887
2026-07-21 14:30:00,24.700000762939453,24.719999313354492,24.65999984741211,24.65999984741211,63941
2026-07-21 14:45:00,24.68000030517578,24.700000762939453,24.639999389648438,24.65999984741211,155243
2026-07-21 15:00:00,24.68000030517578,24.799999237060547,24.65999984741211,24.700000762939453,122111
2026-07-21 15:15:00,24.520000457763672,24.68000030517578,24.520000457763672,24.68000030517578,128648
2026-07-21 15:30:00,24.420000076293945,24.520000457763672,24.399999618530273,24.520000457763672,255413
2026-07-21 15:45:00,24.420000076293945,24.479999542236328,24.399999618530273,24.420000076293945,53391
2026-07-21 16:00:00,24.479999542236328,24.700000762939453,24.440000534057617,24.440000534057617,114182
2026-07-21 16:15:00,24.5,24.540000915527344,24.420000076293945,24.479999542236328,95277
2026-07-21 16:30:00,25.1200008392334,25.280000686645508,24.5,24.520000457763672,1479278
2026-07-21 16:45:00,24.959999084472656,25.18000030517578,24.780000686645508,25.139999389648438,338404
2026-07-21 17:00:00,24.860000610351562,25.0,24.81999969482422,24.959999084472656,191826
2026-07-21 17:15:00,24.920000076293945,24.940000534057617,24.799999237060547,24.860000610351562,93479
2026-07-21 17:30:00,24.959999084472656,25.0,24.799999237060547,24.920000076293945,203784
2026-07-21 17:45:00,24.959999084472656,25.079999923706055,24.899999618530273,24.959999084472656,366550
2026-07-22 09:45:00,25.0,25.0,25.0,25.0,0
2026-07-22 10:00:00,25.040000915527344,25.1200008392334,24.739999771118164,25.0,383411
2026-07-22 10:15:00,25.15999984741211,25.219999313354492,25.020000457763672,25.020000457763672,265369
2026-07-22 10:30:00,25.040000915527344,25.139999389648438,24.979999542236328,25.139999389648438,145776
2026-07-22 10:45:00,25.059999465942383,25.1200008392334,25.0,25.0,119149
2026-07-22 11:00:00,24.8799991607666,25.079999923706055,24.860000610351562,25.040000915527344,114295
2026-07-22 11:15:00,24.899999618530273,24.959999084472656,24.860000610351562,24.8799991607666,113022
2026-07-22 11:30:00,24.84000015258789,24.920000076293945,24.81999969482422,24.899999618530273,71652
2026-07-22 11:45:00,24.8799991607666,24.8799991607666,24.81999969482422,24.84000015258789,19381
2026-07-22 12:00:00,24.860000610351562,24.899999618530273,24.84000015258789,24.8799991607666,46822
2026-07-22 12:15:00,24.719999313354492,24.860000610351562,24.719999313354492,24.84000015258789,88784
2026-07-22 12:30:00,24.6200008392334,24.780000686645508,24.559999465942383,24.760000228881836,189208
2026-07-22 12:45:00,25.399999618530273,25.520000457763672,24.600000381469727,24.6200008392334,888907
2026-07-22 13:00:00,25.600000381469727,25.719999313354492,25.360000610351562,25.399999618530273,1110405
2026-07-22 13:15:00,25.84000015258789,25.860000610351562,25.31999969482422,25.6200008392334,712920
2026-07-22 13:30:00,25.68000030517578,26.059999465942383,25.65999984741211,25.81999969482422,684237
2026-07-22 13:45:00,25.760000228881836,25.940000534057617,25.559999465942383,25.68000030517578,348784
2026-07-22 14:00:00,25.639999389648438,25.760000228881836,25.639999389648438,25.760000228881836,114038
2026-07-22 14:15:00,25.600000381469727,25.65999984741211,25.540000915527344,25.6200008392334,246514
2026-07-22 14:30:00,25.459999084472656,25.600000381469727,25.459999084472656,25.579999923706055,89042
2026-07-22 14:45:00,25.8799991607666,25.940000534057617,25.479999542236328,25.479999542236328,260702
2026-07-22 15:00:00,25.979999542236328,26.219999313354492,25.860000610351562,25.860000610351562,842464
2026-07-22 15:15:00,25.979999542236328,26.040000915527344,25.899999618530273,26.0,331200
2026-07-22 15:30:00,25.899999618530273,26.139999389648438,25.899999618530273,25.979999542236328,256570
2026-07-22 15:45:00,25.959999084472656,25.959999084472656,25.760000228881836,25.899999618530273,267865
2026-07-22 16:00:00,25.940000534057617,26.020000457763672,25.860000610351562,25.959999084472656,240056
2026-07-22 16:15:00,25.84000015258789,25.920000076293945,25.84000015258789,25.920000076293945,98723
2026-07-22 16:30:00,25.780000686645508,25.8799991607666,25.719999313354492,25.860000610351562,142529
2026-07-22 16:45:00,25.68000030517578,25.799999237060547,25.68000030517578,25.780000686645508,31202
2026-07-22 17:00:00,25.8799991607666,25.8799991607666,25.65999984741211,25.65999984741211,142328
2026-07-22 17:15:00,25.84000015258789,25.899999618530273,25.700000762939453,25.8799991607666,235655
2026-07-22 17:30:00,25.760000228881836,25.81999969482422,25.700000762939453,25.81999969482422,245879
2026-07-22 17:45:00,25.860000610351562,25.899999618530273,25.719999313354492,25.760000228881836,252253
2026-07-23 09:45:00,25.899999618530273,25.899999618530273,25.899999618530273,25.899999618530273,0
2026-07-23 10:00:00,26.18000030517578,26.18000030517578,25.81999969482422,25.920000076293945,354316
2026-07-23 10:15:00,26.1200008392334,26.280000686645508,26.100000381469727,26.18000030517578,235805
2026-07-23 10:30:00,26.1200008392334,26.15999984741211,26.079999923706055,26.1200008392334,84949
2026-07-23 10:45:00,25.959999084472656,26.200000762939453,25.920000076293945,26.139999389648438,227967
2026-07-23 11:00:00,25.920000076293945,26.0,25.920000076293945,26.0,198829
2026-07-23 11:15:00,25.84000015258789,25.940000534057617,25.84000015258789,25.920000076293945,89636
2026-07-23 11:30:00,25.739999771118164,25.860000610351562,25.700000762939453,25.84000015258789,251293
2026-07-23 11:45:00,25.739999771118164,25.760000228881836,25.719999313354492,25.739999771118164,45881
2026-07-23 12:00:00,25.760000228881836,25.799999237060547,25.719999313354492,25.739999771118164,73090
2026-07-23 12:15:00,25.700000762939453,25.760000228881836,25.68000030517578,25.760000228881836,103122
2026-07-23 12:30:00,25.68000030517578,25.700000762939453,25.639999389648438,25.68000030517578,88097
2026-07-23 12:45:00,25.719999313354492,25.739999771118164,25.700000762939453,25.700000762939453,45341
2026-07-23 13:00:00,25.700000762939453,25.739999771118164,25.68000030517578,25.700000762939453,75553
2026-07-23 13:15:00,26.020000457763672,26.059999465942383,25.65999984741211,25.700000762939453,245791
2026-07-23 13:30:00,25.940000534057617,26.040000915527344,25.920000076293945,26.0,93842
2026-07-23 13:45:00,25.940000534057617,26.020000457763672,25.84000015258789,25.940000534057617,188301
2026-07-23 14:00:00,25.84000015258789,25.959999084472656,25.84000015258789,25.940000534057617,30220
2026-07-23 14:15:00,25.799999237060547,25.860000610351562,25.780000686645508,25.81999969482422,67905
2026-07-23 14:30:00,25.780000686645508,25.81999969482422,25.760000228881836,25.799999237060547,49161
2026-07-23 14:45:00,25.760000228881836,25.81999969482422,25.760000228881836,25.780000686645508,60435
2026-07-23 15:00:00,25.739999771118164,25.81999969482422,25.700000762939453,25.739999771118164,101227
2026-07-23 15:15:00,25.8799991607666,26.020000457763672,25.700000762939453,25.739999771118164,204455
2026-07-23 15:30:00,25.780000686645508,25.8799991607666,25.760000228881836,25.8799991607666,85784
2026-07-23 15:45:00,25.799999237060547,25.860000610351562,25.700000762939453,25.780000686645508,141676
2026-07-23 16:00:00,25.700000762939453,25.81999969482422,25.68000030517578,25.799999237060547,69348
2026-07-23 16:15:00,25.719999313354492,25.760000228881836,25.65999984741211,25.700000762939453,58527
2026-07-23 16:30:00,25.68000030517578,25.719999313354492,25.600000381469727,25.719999313354492,141200
2026-07-23 16:45:00,25.780000686645508,25.860000610351562,25.68000030517578,25.700000762939453,225387
2026-07-23 17:00:00,25.799999237060547,25.860000610351562,25.739999771118164,25.760000228881836,112111
2026-07-23 17:15:00,25.860000610351562,25.920000076293945,25.719999313354492,25.799999237060547,105245
2026-07-23 17:30:00,25.799999237060547,25.8799991607666,25.799999237060547,25.84000015258789,91753
2026-07-23 17:45:00,25.84000015258789,25.920000076293945,25.760000228881836,25.799999237060547,753039
2026-07-24 09:45:00,25.799999237060547,25.799999237060547,25.799999237060547,25.799999237060547,0
2026-07-24 10:00:00,25.719999313354492,25.780000686645508,25.6200008392334,25.780000686645508,108292
2026-07-24 10:15:00,25.6200008392334,25.739999771118164,25.600000381469727,25.719999313354492,126399
2026-07-24 10:30:00,25.559999465942383,25.65999984741211,25.5,25.600000381469727,258440
2026-07-24 10:45:00,25.31999969482422,25.579999923706055,25.31999969482422,25.579999923706055,227767
2026-07-24 11:00:00,25.219999313354492,25.34000015258789,25.139999389648438,25.34000015258789,265709
2026-07-24 11:15:00,25.15999984741211,25.219999313354492,25.139999389648438,25.200000762939453,117610
2026-07-24 11:30:00,25.100000381469727,25.200000762939453,25.040000915527344,25.15999984741211,153284
2026-07-24 11:45:00,25.34000015258789,25.399999618530273,25.059999465942383,25.100000381469727,330309
2026-07-24 12:00:00,25.280000686645508,25.360000610351562,25.18000030517578,25.360000610351562,303354
2026-07-24 12:15:00,25.219999313354492,25.280000686645508,25.200000762939453,25.280000686645508,126110
2026-07-24 12:30:00,25.1200008392334,25.219999313354492,25.1200008392334,25.200000762939453,98949
2026-07-24 12:45:00,25.020000457763672,25.15999984741211,25.020000457763672,25.139999389648438,120399
2026-07-24 13:00:00,25.18000030517578,25.219999313354492,24.959999084472656,25.020000457763672,414621
2026-07-24 13:15:00,25.059999465942383,25.18000030517578,25.020000457763672,25.15999984741211,151050
2026-07-24 13:30:00,25.100000381469727,25.15999984741211,25.040000915527344,25.059999465942383,114310
2026-07-24 13:45:00,25.0,25.1200008392334,24.979999542236328,25.1200008392334,88118
2026-07-24 14:00:00,25.059999465942383,25.15999984741211,24.979999542236328,25.0,166294
2026-07-24 14:15:00,25.040000915527344,25.100000381469727,25.0,25.059999465942383,99728
2026-07-24 14:30:00,25.020000457763672,25.059999465942383,24.940000534057617,25.040000915527344,162787
2026-07-24 14:45:00,24.959999084472656,25.020000457763672,24.920000076293945,25.0,169461
2026-07-24 15:00:00,25.100000381469727,25.299999237060547,24.899999618530273,24.959999084472656,390009
2026-07-24 15:15:00,24.979999542236328,25.100000381469727,24.940000534057617,25.079999923706055,227071
2026-07-24 15:30:00,24.959999084472656,25.040000915527344,24.920000076293945,24.959999084472656,159026
2026-07-24 15:45:00,24.979999542236328,25.059999465942383,24.920000076293945,24.979999542236328,146351
2026-07-24 16:00:00,24.979999542236328,25.0,24.940000534057617,24.979999542236328,50686
2026-07-24 16:15:00,24.920000076293945,25.0,24.899999618530273,25.0,75299
2026-07-24 16:30:00,24.959999084472656,25.020000457763672,24.920000076293945,24.920000076293945,89645
2026-07-24 16:45:00,25.0,25.079999923706055,24.959999084472656,25.0,95723
2026-07-24 17:00:00,25.299999237060547,25.31999969482422,24.979999542236328,25.0,402186
2026-07-24 17:15:00,25.3799991607666,25.459999084472656,25.200000762939453,25.299999237060547,360106
2026-07-24 17:30:00,25.360000610351562,25.520000457763672,25.219999313354492,25.3799991607666,354229
2026-07-24 17:45:00,25.399999618530273,25.520000457763672,25.260000228881836,25.360000610351562,308301
2026-07-27 09:45:00,25.780000686645508,25.780000686645508,25.780000686645508,25.780000686645508,0
2026-07-27 10:00:00,25.600000381469727,25.799999237060547,25.559999465942383,25.719999313354492,369290
2026-07-27 10:15:00,25.600000381469727,25.700000762939453,25.600000381469727,25.6200008392334,163860
2026-07-27 10:30:00,25.540000915527344,25.6200008392334,25.520000457763672,25.6200008392334,80997
2026-07-27 10:45:00,25.639999389648438,25.68000030517578,25.520000457763672,25.540000915527344,124700
2026-07-27 11:00:00,25.579999923706055,25.65999984741211,25.5,25.639999389648438,130310
2026-07-27 11:15:00,25.5,25.579999923706055,25.5,25.579999923706055,50977
2026-07-27 11:30:00,25.540000915527344,25.600000381469727,25.479999542236328,25.520000457763672,87050
2026-07-27 11:45:00,25.479999542236328,25.600000381469727,25.440000534057617,25.540000915527344,65541
2026-07-27 12:00:00,25.5,25.520000457763672,25.440000534057617,25.479999542236328,23027
2026-07-27 12:15:00,25.479999542236328,25.5,25.459999084472656,25.5,27252
2026-07-27 12:30:00,25.520000457763672,25.540000915527344,25.459999084472656,25.459999084472656,54710
2026-07-27 12:45:00,25.520000457763672,25.6200008392334,25.479999542236328,25.5,69611
2026-07-27 13:00:00,25.459999084472656,25.540000915527344,25.440000534057617,25.540000915527344,23129
2026-07-27 13:15:00,25.479999542236328,25.479999542236328,25.440000534057617,25.459999084472656,35580
2026-07-27 13:30:00,25.459999084472656,25.559999465942383,25.440000534057617,25.479999542236328,43837
2026-07-27 13:45:00,25.479999542236328,25.479999542236328,25.440000534057617,25.459999084472656,12944
2026-07-27 14:00:00,25.940000534057617,26.040000915527344,25.440000534057617,25.459999084472656,392764
2026-07-27 14:15:00,27.200000762939453,27.200000762939453,25.719999313354492,25.920000076293945,2299384
2026-07-27 14:30:00,26.979999542236328,27.299999237060547,26.68000030517578,27.15999984741211,2357714
2026-07-27 14:45:00,26.65999984741211,26.979999542236328,26.5,26.979999542236328,1011304
2026-07-27 15:00:00,26.540000915527344,26.860000610351562,26.3799991607666,26.639999389648438,872802
2026-07-27 15:15:00,26.6200008392334,26.799999237060547,26.459999084472656,26.540000915527344,545590
2026-07-27 15:30:00,26.579999923706055,26.65999984741211,26.520000457763672,26.600000381469727,151185
2026-07-27 15:45:00,26.5,26.639999389648438,26.3799991607666,26.600000381469727,355086
2026-07-27 16:00:00,26.34000015258789,26.5,26.15999984741211,26.5,455548
2026-07-27 16:15:00,26.420000076293945,26.520000457763672,26.200000762939453,26.34000015258789,631949
2026-07-27 16:30:00,26.219999313354492,26.5,26.219999313354492,26.479999542236328,199354
2026-07-27 16:45:00,26.1200008392334,26.360000610351562,26.100000381469727,26.219999313354492,185888
2026-07-27 17:00:00,26.200000762939453,26.260000228881836,26.1200008392334,26.139999389648438,120150
2026-07-27 17:15:00,25.979999542236328,26.239999771118164,25.979999542236328,26.219999313354492,386629
2026-07-27 17:30:00,25.8799991607666,26.059999465942383,25.8799991607666,26.0,287120
2026-07-27 17:45:00,25.739999771118164,25.920000076293945,25.68000030517578,25.899999618530273,374127
2026-07-28 09:45:00,25.739999771118164,25.739999771118164,25.739999771118164,25.739999771118164,0
2026-07-28 10:00:00,25.479999542236328,25.739999771118164,25.459999084472656,25.719999313354492,412130
2026-07-28 10:15:00,25.440000534057617,25.540000915527344,25.34000015258789,25.479999542236328,379127
2026-07-28 10:30:00,25.440000534057617,25.479999542236328,25.360000610351562,25.420000076293945,134607
2026-07-28 10:45:00,25.360000610351562,25.440000534057617,25.31999969482422,25.440000534057617,91810
2026-07-28 11:00:00,25.34000015258789,25.360000610351562,25.280000686645508,25.360000610351562,78653
2026-07-28 11:15:00,25.31999969482422,25.3799991607666,25.280000686645508,25.34000015258789,118241
2026-07-28 11:30:00,25.360000610351562,25.399999618530273,25.299999237060547,25.34000015258789,85046
2026-07-28 11:45:00,25.299999237060547,25.360000610351562,25.280000686645508,25.360000610351562,105181
2026-07-28 12:00:00,25.280000686645508,25.34000015258789,25.260000228881836,25.299999237060547,51854
2026-07-28 12:15:00,25.299999237060547,25.34000015258789,25.260000228881836,25.280000686645508,58344
2026-07-28 12:30:00,25.600000381469727,25.68000030517578,25.260000228881836,25.31999969482422,313965
2026-07-28 12:45:00,25.739999771118164,25.780000686645508,25.559999465942383,25.600000381469727,301051
2026-07-28 13:00:00,25.739999771118164,25.799999237060547,25.639999389648438,25.719999313354492,210651
2026-07-28 13:15:00,25.639999389648438,25.860000610351562,25.639999389648438,25.760000228881836,316991
2026-07-28 13:30:00,25.600000381469727,25.68000030517578,25.540000915527344,25.65999984741211,102007
2026-07-28 13:45:00,25.559999465942383,25.6200008392334,25.540000915527344,25.600000381469727,41598
2026-07-28 14:00:00,25.520000457763672,25.639999389648438,25.520000457763672,25.559999465942383,118278
2026-07-28 14:15:00,25.479999542236328,25.540000915527344,25.479999542236328,25.520000457763672,86456
2026-07-28 14:30:00,25.479999542236328,25.639999389648438,25.459999084472656,25.479999542236328,173285
2026-07-28 14:45:00,25.420000076293945,25.479999542236328,25.399999618530273,25.479999542236328,56761
2026-07-28 15:00:00,25.360000610351562,25.440000534057617,25.34000015258789,25.420000076293945,62242
2026-07-28 15:15:00,25.360000610351562,25.420000076293945,25.280000686645508,25.34000015258789,221700
2026-07-28 15:30:00,25.34000015258789,25.360000610351562,25.299999237060547,25.360000610351562,19104
2026-07-28 15:45:00,25.34000015258789,25.34000015258789,25.280000686645508,25.34000015258789,127219
2026-07-28 16:00:00,25.299999237060547,25.34000015258789,25.260000228881836,25.34000015258789,65339
2026-07-28 16:15:00,25.799999237060547,25.799999237060547,25.280000686645508,25.280000686645508,548146
2026-07-28 16:30:00,25.84000015258789,25.8799991607666,25.6200008392334,25.799999237060547,429431
2026-07-28 16:45:00,25.65999984741211,25.860000610351562,25.6200008392334,25.81999969482422,309531
2026-07-28 17:00:00,25.899999618530273,25.979999542236328,25.65999984741211,25.68000030517578,503102
2026-07-28 17:15:00,25.799999237060547,25.899999618530273,25.700000762939453,25.899999618530273,176533
2026-07-28 17:30:00,25.739999771118164,25.860000610351562,25.719999313354492,25.799999237060547,109129
2026-07-28 17:45:00,25.700000762939453,25.780000686645508,25.579999923706055,25.760000228881836,157728
2026-07-29 09:45:00,25.600000381469727,25.600000381469727,25.600000381469727,25.600000381469727,0
2026-07-29 10:00:00,25.3799991607666,25.639999389648438,25.360000610351562,25.6200008392334,265751
2026-07-29 10:15:00,25.3799991607666,25.440000534057617,25.360000610351562,25.3799991607666,98116
2026-07-29 10:30:00,25.420000076293945,25.459999084472656,25.360000610351562,25.3799991607666,79109
2026-07-29 10:45:00,25.219999313354492,25.399999618530273,25.200000762939453,25.399999618530273,212025
2026-07-29 11:00:00,25.059999465942383,25.260000228881836,25.0,25.219999313354492,325988
2026-07-29 11:15:00,25.040000915527344,25.079999923706055,25.020000457763672,25.079999923706055,106294
2026-07-29 11:30:00,25.079999923706055,25.139999389648438,25.040000915527344,25.059999465942383,117871
2026-07-29 11:45:00,25.059999465942383,25.1200008392334,25.059999465942383,25.079999923706055,80771
2026-07-29 12:00:00,24.860000610351562,25.059999465942383,24.799999237060547,25.059999465942383,352091
2026-07-29 12:15:00,24.780000686645508,24.860000610351562,24.780000686645508,24.84000015258789,149741
2026-07-29 12:30:00,24.760000228881836,24.799999237060547,24.68000030517578,24.780000686645508,211663
2026-07-29 12:45:00,24.780000686645508,24.799999237060547,24.68000030517578,24.760000228881836,167218
2026-07-29 13:00:00,24.719999313354492,24.780000686645508,24.6200008392334,24.760000228881836,222526
2026-07-29 13:15:00,24.68000030517578,24.739999771118164,24.6200008392334,24.700000762939453,232358
2026-07-29 13:30:00,24.739999771118164,24.760000228881836,24.65999984741211,24.68000030517578,75832
2026-07-29 13:45:00,24.65999984741211,24.760000228881836,24.6200008392334,24.760000228881836,144360
2026-07-29 14:00:00,24.600000381469727,24.68000030517578,24.600000381469727,24.65999984741211,104946
2026-07-29 14:15:00,24.559999465942383,24.65999984741211,24.559999465942383,24.600000381469727,204947
2026-07-29 14:30:00,24.5,24.579999923706055,24.459999084472656,24.559999465942383,376485
2026-07-29 14:45:00,24.479999542236328,24.520000457763672,24.459999084472656,24.479999542236328,140642
2026-07-29 15:00:00,24.399999618530273,24.479999542236328,24.360000610351562,24.459999084472656,190415
2026-07-29 15:15:00,24.31999969482422,24.420000076293945,24.31999969482422,24.399999618530273,448651
2026-07-29 15:30:00,24.31999969482422,24.34000015258789,24.299999237060547,24.299999237060547,4403499
2026-07-29 15:45:00,24.360000610351562,24.399999618530273,24.31999969482422,24.31999969482422,119160
2026-07-29 16:00:00,24.6200008392334,24.639999389648438,24.239999771118164,24.3799991607666,556515
2026-07-29 16:15:00,24.68000030517578,24.799999237060547,24.459999084472656,24.6200008392334,651720
2026-07-29 16:30:00,24.600000381469727,24.719999313354492,24.520000457763672,24.68000030517578,243852
2026-07-29 16:45:00,24.579999923706055,24.81999969482422,24.520000457763672,24.600000381469727,694388
2026-07-29 17:00:00,24.360000610351562,24.579999923706055,24.299999237060547,24.579999923706055,317610
2026-07-29 17:15:00,24.639999389648438,24.65999984741211,24.280000686645508,24.360000610351562,562298
2026-07-29 17:30:00,24.579999923706055,24.780000686645508,24.559999465942383,24.639999389648438,197250
2026-07-29 17:45:00,24.559999465942383,24.700000762939453,24.5,24.579999923706055,600141
2026-07-30 09:45:00,24.5,24.5,24.5,24.5,0
2026-07-30 10:00:00,24.440000534057617,24.520000457763672,24.34000015258789,24.520000457763672,139188
2026-07-30 10:15:00,24.34000015258789,24.440000534057617,24.34000015258789,24.440000534057617,82762
2026-07-30 10:30:00,24.280000686645508,24.34000015258789,24.200000762939453,24.34000015258789,159694
2026-07-30 10:45:00,24.280000686645508,24.360000610351562,24.280000686645508,24.299999237060547,73300
2026-07-30 11:00:00,24.360000610351562,24.3799991607666,24.280000686645508,24.280000686645508,72639
2026-07-30 11:15:00,24.399999618530273,24.440000534057617,24.34000015258789,24.360000610351562,37360
2026-07-30 11:30:00,24.420000076293945,24.440000534057617,24.3799991607666,24.399999618530273,79286
2026-07-30 11:45:00,24.440000534057617,24.440000534057617,24.399999618530273,24.399999618530273,25660
2026-07-30 12:00:00,24.3799991607666,24.440000534057617,24.3799991607666,24.440000534057617,57938
2026-07-30 12:15:00,24.420000076293945,24.459999084472656,24.34000015258789,24.360000610351562,88458
2026-07-30 12:30:00,24.280000686645508,24.399999618530273,24.239999771118164,24.399999618530273,157641
2026-07-30 12:45:00,24.200000762939453,24.280000686645508,24.18000030517578,24.280000686645508,100582
2026-07-30 13:00:00,24.1200008392334,24.200000762939453,24.100000381469727,24.200000762939453,114317
2026-07-30 13:15:00,24.200000762939453,24.200000762939453,24.139999389648438,24.139999389648438,43890
2026-07-30 13:30:00,24.31999969482422,24.3799991607666,24.15999984741211,24.200000762939453,247523
2026-07-30 13:45:00,24.31999969482422,24.5,24.299999237060547,24.299999237060547,208930
2026-07-30 14:00:00,24.299999237060547,24.440000534057617,24.260000228881836,24.299999237060547,200997
2026-07-30 14:15:00,24.34000015258789,24.34000015258789,24.280000686645508,24.31999969482422,71333
2026-07-30 14:30:00,24.260000228881836,24.34000015258789,24.260000228881836,24.34000015258789,32945
2026-07-30 14:45:00,24.260000228881836,24.299999237060547,24.239999771118164,24.280000686645508,28926
2026-07-30 15:00:00,24.260000228881836,24.299999237060547,24.239999771118164,24.280000686645508,47139
2026-07-30 15:15:00,24.280000686645508,24.299999237060547,24.239999771118164,24.280000686645508,21643
2026-07-30 15:30:00,24.219999313354492,24.31999969482422,24.219999313354492,24.299999237060547,96810
2026-07-30 15:45:00,24.15999984741211,24.239999771118164,24.139999389648438,24.219999313354492,178338
2026-07-30 16:00:00,24.15999984741211,24.200000762939453,24.139999389648438,24.15999984741211,55158
2026-07-30 16:15:00,24.139999389648438,24.15999984741211,24.1200008392334,24.139999389648438,35734
2026-07-30 16:30:00,24.18000030517578,24.200000762939453,24.1200008392334,24.1200008392334,48229
2026-07-30 16:45:00,24.139999389648438,24.219999313354492,24.139999389648438,24.18000030517578,54358
2026-07-30 17:00:00,24.239999771118164,24.360000610351562,24.100000381469727,24.1200008392334,196392
2026-07-30 17:15:00,24.219999313354492,24.280000686645508,24.18000030517578,24.219999313354492,64449
2026-07-30 17:30:00,24.360000610351562,24.520000457763672,24.219999313354492,24.219999313354492,333817
2026-07-30 17:45:00,24.200000762939453,24.360000610351562,24.139999389648438,24.34000015258789,151181
2026-07-31 09:45:00,24.3799991607666,24.3799991607666,24.3799991607666,24.3799991607666,0
2026-07-31 10:00:00,24.399999618530273,24.399999618530273,24.219999313354492,24.360000610351562,162168
2026-07-31 10:15:00,24.280000686645508,24.399999618530273,24.219999313354492,24.399999618530273,75017
2026-07-31 10:30:00,24.299999237060547,24.31999969482422,24.260000228881836,24.280000686645508,22629
2026-07-31 10:45:00,24.280000686645508,24.299999237060547,24.239999771118164,24.299999237060547,27442
2026-07-31 11:00:00,24.219999313354492,24.31999969482422,24.200000762939453,24.280000686645508,60830
2026-07-31 11:15:00,24.239999771118164,24.31999969482422,24.18000030517578,24.219999313354492,133367
2026-07-31 11:30:00,24.139999389648438,24.280000686645508,24.139999389648438,24.239999771118164,52537
2026-07-31 11:45:00,24.040000915527344,24.239999771118164,23.959999084472656,24.15999984741211,251689
2026-07-31 12:00:00,24.0,24.059999465942383,23.979999542236328,24.040000915527344,29052
2026-07-31 12:15:00,24.040000915527344,24.059999465942383,24.0,24.0,51538
2026-07-31 12:30:00,24.040000915527344,24.040000915527344,24.0,24.040000915527344,43116
2026-07-31 12:45:00,24.040000915527344,24.040000915527344,23.979999542236328,24.040000915527344,47052
2026-07-31 13:00:00,24.059999465942383,24.059999465942383,24.020000457763672,24.020000457763672,18702
2026-07-31 13:15:00,24.040000915527344,24.059999465942383,24.0,24.059999465942383,18169
2026-07-31 13:30:00,24.020000457763672,24.059999465942383,24.0,24.059999465942383,15696
2026-07-31 13:45:00,24.040000915527344,24.079999923706055,24.020000457763672,24.040000915527344,33796
2026-07-31 14:00:00,24.059999465942383,24.079999923706055,24.020000457763672,24.040000915527344,18664
2026-07-31 14:15:00,24.059999465942383,24.059999465942383,24.020000457763672,24.059999465942383,18047
2026-07-31 14:30:00,24.059999465942383,24.079999923706055,24.040000915527344,24.059999465942383,12982
2026-07-31 14:45:00,24.079999923706055,24.100000381469727,24.040000915527344,24.059999465942383,52506
2026-07-31 15:00:00,24.100000381469727,24.18000030517578,24.059999465942383,24.079999923706055,64055
2026-07-31 15:15:00,24.059999465942383,24.100000381469727,24.0,24.100000381469727,159549
2026-07-31 15:30:00,24.020000457763672,24.059999465942383,24.0,24.059999465942383,47501
2026-07-31 15:45:00,24.1200008392334,24.139999389648438,24.0,24.0,345490
2026-07-31 16:00:00,24.239999771118164,24.299999237060547,24.1200008392334,24.1200008392334,163965
2026-07-31 16:15:00,24.260000228881836,24.280000686645508,24.219999313354492,24.239999771118164,92401
2026-07-31 16:30:00,24.200000762939453,24.280000686645508,24.139999389648438,24.260000228881836,207389
2026-07-31 16:45:00,24.260000228881836,24.260000228881836,24.100000381469727,24.200000762939453,146518
2026-07-31 17:00:00,24.239999771118164,24.34000015258789,24.219999313354492,24.260000228881836,120223
2026-07-31 17:15:00,24.239999771118164,24.299999237060547,24.219999313354492,24.299999237060547,38696
2026-07-31 17:45:00,24.239999771118164,24.260000228881836,24.239999771118164,24.239999771118164,6369
2026-08-03 09:45:00,24.31999969482422,24.31999969482422,24.31999969482422,24.31999969482422,0
2026-08-03 10:00:00,24.420000076293945,24.579999923706055,24.34000015258789,24.34000015258789,185252
2026-08-03 10:15:00,24.280000686645508,24.440000534057617,24.239999771118164,24.420000076293945,198980
2026-08-03 10:30:00,24.31999969482422,24.3799991607666,24.280000686645508,24.280000686645508,126519
2026-08-03 10:45:00,24.280000686645508,24.3799991607666,24.260000228881836,24.31999969482422,99026
2026-08-03 11:00:00,24.260000228881836,24.299999237060547,24.239999771118164,24.299999237060547,40673
2026-08-03 11:15:00,24.260000228881836,24.280000686645508,24.15999984741211,24.280000686645508,114056
2026-08-03 11:30:00,24.299999237060547,24.31999969482422,24.239999771118164,24.239999771118164,55402
2026-08-03 11:45:00,24.31999969482422,24.360000610351562,24.299999237060547,24.299999237060547,23651
2026-08-03 12:00:00,24.34000015258789,24.3799991607666,24.31999969482422,24.31999969482422,69475
2026-08-03 12:15:00,24.399999618530273,24.420000076293945,24.34000015258789,24.360000610351562,56251
2026-08-03 12:30:00,24.360000610351562,24.420000076293945,24.34000015258789,24.399999618530273,65869
2026-08-03 12:45:00,24.34000015258789,24.360000610351562,24.31999969482422,24.34000015258789,58911
2026-08-03 13:00:00,24.299999237060547,24.34000015258789,24.299999237060547,24.34000015258789,17432
2026-08-03 13:15:00,24.31999969482422,24.34000015258789,24.299999237060547,24.31999969482422,77713
2026-08-03 13:30:00,24.34000015258789,24.34000015258789,24.31999969482422,24.34000015258789,12270
2026-08-03 13:45:00,24.31999969482422,24.34000015258789,24.299999237060547,24.34000015258789,30180
2026-08-03 14:00:00,24.31999969482422,24.34000015258789,24.299999237060547,24.31999969482422,19127
2026-08-03 14:15:00,24.299999237060547,24.31999969482422,24.280000686645508,24.31999969482422,48169
2026-08-03 14:30:00,24.31999969482422,24.31999969482422,24.299999237060547,24.299999237060547,22773
2026-08-03 14:45:00,24.31999969482422,24.31999969482422,24.299999237060547,24.31999969482422,9325
2026-08-03 15:00:00,24.31999969482422,24.34000015258789,24.299999237060547,24.31999969482422,18441
2026-08-03 15:15:00,24.299999237060547,24.34000015258789,24.299999237060547,24.31999969482422,27124
2026-08-03 15:30:00,24.260000228881836,24.299999237060547,24.239999771118164,24.280000686645508,77119
2026-08-03 15:45:00,24.239999771118164,24.260000228881836,24.200000762939453,24.260000228881836,67863
2026-08-03 16:00:00,24.18000030517578,24.239999771118164,24.15999984741211,24.239999771118164,41296
2026-08-03 16:15:00,24.18000030517578,24.200000762939453,24.15999984741211,24.200000762939453,50273
2026-08-03 16:30:00,24.18000030517578,24.18000030517578,24.139999389648438,24.18000030517578,36849
2026-08-03 16:45:00,24.18000030517578,24.200000762939453,24.139999389648438,24.18000030517578,83240
2026-08-03 17:00:00,24.15999984741211,24.200000762939453,24.15999984741211,24.15999984741211,53614
2026-08-03 17:15:00,24.139999389648438,24.200000762939453,24.139999389648438,24.18000030517578,37512
2026-08-03 17:30:00,24.15999984741211,24.15999984741211,24.1200008392334,24.139999389648438,61518
2026-08-03 17:45:00,24.100000381469727,24.18000030517578,24.100000381469727,24.139999389648438,88839
2026-08-04 09:45:00,24.059999465942383,24.059999465942383,24.059999465942383,24.059999465942383,0
2026-08-04 10:00:00,24.15999984741211,24.219999313354492,24.0,24.1200008392334,164525
2026-08-04 10:15:00,24.219999313354492,24.280000686645508,24.1200008392334,24.15999984741211,91054
2026-08-04 10:30:00,24.219999313354492,24.219999313354492,24.18000030517578,24.219999313354492,60726
2026-08-04 10:45:00,24.299999237060547,24.299999237060547,24.219999313354492,24.219999313354492,132499
2026-08-04 11:00:00,24.280000686645508,24.34000015258789,24.239999771118164,24.31999969482422,91904
2026-08-04 11:15:00,24.239999771118164,24.260000228881836,24.18000030517578,24.260000228881836,79412
2026-08-04 11:30:00,24.239999771118164,24.260000228881836,24.219999313354492,24.260000228881836,31503
2026-08-04 11:45:00,24.239999771118164,24.260000228881836,24.200000762939453,24.260000228881836,23736
2026-08-04 12:00:00,24.18000030517578,24.239999771118164,24.15999984741211,24.239999771118164,29251
2026-08-04 12:15:00,24.139999389648438,24.15999984741211,24.079999923706055,24.15999984741211,127922
2026-08-04 12:30:00,24.139999389648438,24.15999984741211,24.1200008392334,24.139999389648438,9859
2026-08-04 12:45:00,24.15999984741211,24.18000030517578,24.100000381469727,24.139999389648438,73802
2026-08-04 13:00:00,24.1200008392334,24.15999984741211,24.1200008392334,24.15999984741211,20524
2026-08-04 13:15:00,24.100000381469727,24.139999389648438,24.100000381469727,24.139999389648438,18544
2026-08-04 13:30:00,24.1200008392334,24.139999389648438,24.100000381469727,24.100000381469727,10336
2026-08-04 13:45:00,24.139999389648438,24.15999984741211,24.1200008392334,24.1200008392334,28469
2026-08-04 14:00:00,24.139999389648438,24.15999984741211,24.1200008392334,24.139999389648438,20201
2026-08-04 14:15:00,24.139999389648438,24.15999984741211,24.1200008392334,24.139999389648438,37475
2026-08-04 14:30:00,24.15999984741211,24.15999984741211,24.1200008392334,24.139999389648438,31028
2026-08-04 14:45:00,24.260000228881836,24.260000228881836,24.15999984741211,24.18000030517578,43405
2026-08-04 15:00:00,24.219999313354492,24.239999771118164,24.15999984741211,24.239999771118164,84446
2026-08-04 15:15:00,24.219999313354492,24.260000228881836,24.200000762939453,24.239999771118164,52252
2026-08-04 15:30:00,24.260000228881836,24.299999237060547,24.219999313354492,24.219999313354492,127149
2026-08-04 15:45:00,24.280000686645508,24.31999969482422,24.219999313354492,24.260000228881836,108418
2026-08-04 16:00:00,24.219999313354492,24.280000686645508,24.200000762939453,24.280000686645508,65295
2026-08-04 16:15:00,24.299999237060547,24.299999237060547,24.219999313354492,24.219999313354492,36965
2026-08-04 16:30:00,24.260000228881836,24.299999237060547,24.260000228881836,24.299999237060547,67116
2026-08-04 16:45:00,24.260000228881836,24.299999237060547,24.260000228881836,24.280000686645508,88721
2026-08-04 17:00:00,24.31999969482422,24.34000015258789,24.260000228881836,24.280000686645508,102520
2026-08-04 17:15:00,24.31999969482422,24.34000015258789,24.299999237060547,24.31999969482422,58035
2026-08-04 17:30:00,24.34000015258789,24.360000610351562,24.299999237060547,24.299999237060547,155854
2026-08-04 17:45:00,24.299999237060547,24.34000015258789,24.260000228881836,24.34000015258789,228469
2026-08-05 09:45:00,24.399999618530273,24.399999618530273,24.399999618530273,24.399999618530273,0
2026-08-05 10:00:00,24.3799991607666,24.479999542236328,24.299999237060547,24.360000610351562,265790
2026-08-05 10:15:00,24.299999237060547,24.3799991607666,24.280000686645508,24.360000610351562,143405
2026-08-05 10:30:00,24.3799991607666,24.3799991607666,24.280000686645508,24.299999237060547,53422
2026-08-05 10:45:00,24.399999618530273,24.399999618530273,24.360000610351562,24.360000610351562,51751
2026-08-05 11:00:00,24.420000076293945,24.600000381469727,24.3799991607666,24.3799991607666,270394
2026-08-05 11:15:00,24.420000076293945,24.459999084472656,24.3799991607666,24.420000076293945,194043
2026-08-05 11:30:00,24.3799991607666,24.420000076293945,24.3799991607666,24.420000076293945,67313
2026-08-05 11:45:00,24.34000015258789,24.3799991607666,24.34000015258789,24.3799991607666,119851
2026-08-05 12:00:00,24.479999542236328,24.5,24.34000015258789,24.3799991607666,171601
2026-08-05 12:15:00,24.34000015258789,24.459999084472656,24.34000015258789,24.459999084472656,102451
2026-08-05 12:30:00,24.34000015258789,24.3799991607666,24.34000015258789,24.360000610351562,31732
2026-08-05 12:45:00,24.31999969482422,24.360000610351562,24.299999237060547,24.360000610351562,76835
2026-08-05 13:00:00,24.18000030517578,24.31999969482422,24.15999984741211,24.299999237060547,184647
2026-08-05 13:15:00,24.200000762939453,24.239999771118164,24.15999984741211,24.18000030517578,139367
2026-08-05 13:30:00,24.18000030517578,24.200000762939453,24.15999984741211,24.200000762939453,43586
2026-08-05 13:45:00,24.15999984741211,24.200000762939453,24.15999984741211,24.18000030517578,15866
2026-08-05 14:00:00,24.139999389648438,24.18000030517578,24.139999389648438,24.15999984741211,40688
2026-08-05 14:15:00,24.15999984741211,24.200000762939453,24.139999389648438,24.139999389648438,25609
2026-08-05 14:30:00,24.15999984741211,24.18000030517578,24.139999389648438,24.15999984741211,47850
2026-08-05 14:45:00,24.15999984741211,24.15999984741211,24.139999389648438,24.15999984741211,24828
2026-08-05 15:00:00,24.18000030517578,24.239999771118164,24.1200008392334,24.15999984741211,44582
2026-08-05 15:15:00,24.200000762939453,24.200000762939453,24.139999389648438,24.18000030517578,54862
2026-08-05 15:30:00,24.15999984741211,24.200000762939453,24.139999389648438,24.18000030517578,52451
2026-08-05 15:45:00,24.15999984741211,24.18000030517578,24.139999389648438,24.15999984741211,25912
2026-08-05 16:00:00,24.139999389648438,24.18000030517578,24.1200008392334,24.15999984741211,43996
2026-08-05 16:15:00,24.139999389648438,24.15999984741211,24.1200008392334,24.139999389648438,66003
2026-08-05 16:30:00,24.15999984741211,24.18000030517578,24.139999389648438,24.139999389648438,52491
2026-08-05 16:45:00,24.139999389648438,24.15999984741211,24.1200008392334,24.15999984741211,41126
2026-08-05 17:00:00,24.15999984741211,24.18000030517578,24.1200008392334,24.139999389648438,41678
2026-08-05 17:15:00,24.079999923706055,24.15999984741211,24.040000915527344,24.15999984741211,254807
2026-08-05 17:30:00,24.1200008392334,24.1200008392334,24.059999465942383,24.100000381469727,77693
2026-08-05 17:45:00,24.0,24.1200008392334,23.979999542236328,24.1200008392334,297010
2026-08-06 09:45:00,23.979999542236328,23.979999542236328,23.979999542236328,23.979999542236328,0
2026-08-06 10:00:00,24.040000915527344,24.100000381469727,23.959999084472656,24.0,198759
2026-08-06 10:15:00,24.079999923706055,24.1200008392334,24.020000457763672,24.020000457763672,78545
2026-08-06 10:30:00,24.020000457763672,24.079999923706055,24.020000457763672,24.059999465942383,60605
2026-08-06 10:45:00,24.040000915527344,24.040000915527344,24.0,24.040000915527344,33465
2026-08-06 11:00:00,24.059999465942383,24.059999465942383,24.020000457763672,24.040000915527344,42145
2026-08-06 11:15:00,24.079999923706055,24.100000381469727,24.040000915527344,24.040000915527344,77033
2026-08-06 11:30:00,24.1200008392334,24.139999389648438,24.059999465942383,24.079999923706055,73179
2026-08-06 11:45:00,24.139999389648438,24.15999984741211,24.100000381469727,24.1200008392334,70244
2026-08-06 12:00:00,24.059999465942383,24.1200008392334,24.059999465942383,24.1200008392334,89778
2026-08-06 12:15:00,24.100000381469727,24.139999389648438,24.059999465942383,24.059999465942383,34786
2026-08-06 12:30:00,24.079999923706055,24.139999389648438,24.079999923706055,24.100000381469727,54168
2026-08-06 12:45:00,24.1200008392334,24.139999389648438,24.079999923706055,24.079999923706055,42800
2026-08-06 13:00:00,24.1200008392334,24.1200008392334,24.100000381469727,24.1200008392334,44310
2026-08-06 13:15:00,24.100000381469727,24.1200008392334,24.079999923706055,24.1200008392334,39968
2026-08-06 13:30:00,24.079999923706055,24.139999389648438,24.059999465942383,24.100000381469727,103110
2026-08-06 13:45:00,24.040000915527344,24.079999923706055,24.040000915527344,24.079999923706055,84075
2026-08-06 14:00:00,24.059999465942383,24.079999923706055,24.040000915527344,24.059999465942383,48964
2026-08-06 14:15:00,24.079999923706055,24.100000381469727,24.040000915527344,24.059999465942383,24417
2026-08-06 14:30:00,24.100000381469727,24.100000381469727,24.040000915527344,24.079999923706055,50590
2026-08-06 14:45:00,24.079999923706055,24.1200008392334,24.079999923706055,24.100000381469727,21557
2026-08-06 15:00:00,24.1200008392334,24.1200008392334,24.079999923706055,24.079999923706055,31327
2026-08-06 15:15:00,24.100000381469727,24.1200008392334,24.059999465942383,24.1200008392334,28459
2026-08-06 15:30:00,24.079999923706055,24.100000381469727,24.040000915527344,24.079999923706055,53261
2026-08-06 15:45:00,24.020000457763672,24.100000381469727,23.979999542236328,24.100000381469727,93179
2026-08-06 16:00:00,24.020000457763672,24.040000915527344,23.979999542236328,24.040000915527344,33989
2026-08-06 16:15:00,24.040000915527344,24.040000915527344,24.0,24.040000915527344,27111
2026-08-06 16:30:00,24.020000457763672,24.040000915527344,24.0,24.020000457763672,70093
2026-08-06 16:45:00,24.040000915527344,24.059999465942383,24.0,24.020000457763672,75381
2026-08-06 17:00:00,24.020000457763672,24.059999465942383,24.0,24.040000915527344,40749
2026-08-06 17:15:00,24.0,24.040000915527344,23.979999542236328,24.020000457763672,45701
2026-08-06 17:30:00,24.020000457763672,24.040000915527344,23.979999542236328,24.0,122660
2026-08-06 17:45:00,24.020000457763672,24.040000915527344,24.0,24.020000457763672,77448
2026-08-07 09:45:00,24.0,24.0,24.0,24.0,0
2026-08-07 10:00:00,24.059999465942383,24.079999923706055,23.940000534057617,23.979999542236328,188372
2026-08-07 10:15:00,24.0,24.100000381469727,24.0,24.059999465942383,55389
2026-08-07 10:30:00,23.959999084472656,24.020000457763672,23.959999084472656,24.0,144255
2026-08-07 10:45:00,23.940000534057617,23.979999542236328,23.860000610351562,23.959999084472656,299611
2026-08-07 11:00:00,23.979999542236328,24.020000457763672,23.940000534057617,23.959999084472656,129901
2026-08-07 11:15:00,23.959999084472656,23.979999542236328,23.920000076293945,23.979999542236328,66911
2026-08-07 11:30:00,23.899999618530273,23.959999084472656,23.899999618530273,23.959999084472656,95701
2026-08-07 11:45:00,23.84000015258789,23.920000076293945,23.84000015258789,23.899999618530273,93695
2026-08-07 12:00:00,23.8799991607666,23.899999618530273,23.84000015258789,23.84000015258789,32391
2026-08-07 12:15:00,24.040000915527344,24.059999465942383,23.860000610351562,23.860000610351562,162754
2026-08-07 12:30:00,24.100000381469727,24.239999771118164,24.040000915527344,24.040000915527344,213844
2026-08-07 12:45:00,24.059999465942383,24.1200008392334,24.020000457763672,24.100000381469727,85134
2026-08-07 13:00:00,24.040000915527344,24.079999923706055,24.040000915527344,24.079999923706055,30833
2026-08-07 13:15:00,24.059999465942383,24.1200008392334,24.040000915527344,24.059999465942383,98698
2026-08-07 13:30:00,24.079999923706055,24.100000381469727,24.059999465942383,24.059999465942383,27803
2026-08-07 13:45:00,24.059999465942383,24.1200008392334,24.059999465942383,24.079999923706055,87973
2026-08-07 14:00:00,23.959999084472656,24.079999923706055,23.959999084472656,24.059999465942383,172254
2026-08-07 14:15:00,23.979999542236328,23.979999542236328,23.940000534057617,23.959999084472656,67493
2026-08-07 14:30:00,23.940000534057617,23.979999542236328,23.920000076293945,23.979999542236328,75960
2026-08-07 14:45:00,23.940000534057617,23.940000534057617,23.899999618530273,23.940000534057617,51825
2026-08-07 15:00:00,23.979999542236328,24.0,23.940000534057617,23.959999084472656,89970
2026-08-07 15:15:00,23.979999542236328,24.020000457763672,23.959999084472656,23.979999542236328,111578
2026-08-07 15:30:00,24.020000457763672,24.040000915527344,23.979999542236328,23.979999542236328,49430
2026-08-07 15:45:00,24.0,24.059999465942383,23.979999542236328,24.040000915527344,57902
2026-08-07 16:00:00,24.0,24.020000457763672,23.979999542236328,24.0,15037
2026-08-07 16:15:00,23.979999542236328,24.0,23.959999084472656,24.0,51196
2026-08-07 16:30:00,23.920000076293945,23.979999542236328,23.8799991607666,23.979999542236328,179015
2026-08-07 16:45:00,23.899999618530273,23.940000534057617,23.899999618530273,23.920000076293945,68370
2026-08-07 17:00:00,23.8799991607666,23.920000076293945,23.860000610351562,23.899999618530273,58233
2026-08-07 17:15:00,23.920000076293945,23.920000076293945,23.84000015258789,23.860000610351562,53536
2026-08-07 17:30:00,23.940000534057617,23.979999542236328,23.899999618530273,23.920000076293945,110045
2026-08-07 17:45:00,23.979999542236328,24.0,23.940000534057617,23.940000534057617,125893
2026-08-10 09:45:00,24.200000762939453,24.200000762939453,24.200000762939453,24.200000762939453,0
2026-08-10 10:00:00,24.299999237060547,24.299999237060547,24.1200008392334,24.15999984741211,295297
2026-08-10 10:15:00,24.239999771118164,24.280000686645508,24.200000762939453,24.280000686645508,172818
2026-08-10 10:30:00,24.15999984741211,24.239999771118164,24.139999389648438,24.239999771118164,134253
2026-08-10 10:45:00,24.18000030517578,24.219999313354492,24.100000381469727,24.139999389648438,93607
2026-08-10 11:00:00,24.15999984741211,24.18000030517578,24.1200008392334,24.15999984741211,32918
2026-08-10 11:15:00,24.18000030517578,24.200000762939453,24.139999389648438,24.15999984741211,69770
2026-08-10 11:30:00,24.239999771118164,24.239999771118164,24.18000030517578,24.18000030517578,89006
2026-08-10 11:45:00,24.15999984741211,24.219999313354492,24.15999984741211,24.219999313354492,111262
2026-08-10 12:00:00,24.15999984741211,24.18000030517578,24.139999389648438,24.18000030517578,24798
2026-08-10 12:15:00,24.15999984741211,24.18000030517578,24.139999389648438,24.15999984741211,64508
2026-08-10 12:30:00,24.139999389648438,24.15999984741211,24.1200008392334,24.15999984741211,24861
2026-08-10 12:45:00,24.200000762939453,24.200000762939453,24.139999389648438,24.139999389648438,48737
2026-08-10 13:00:00,24.15999984741211,24.18000030517578,24.1200008392334,24.18000030517578,40153
2026-08-10 13:15:00,24.139999389648438,24.200000762939453,24.139999389648438,24.15999984741211,38424
2026-08-10 13:30:00,24.15999984741211,24.18000030517578,24.139999389648438,24.139999389648438,57121
2026-08-10 13:45:00,24.1200008392334,24.139999389648438,24.100000381469727,24.139999389648438,137880
2026-08-10 14:00:00,24.139999389648438,24.15999984741211,24.079999923706055,24.1200008392334,83688
2026-08-10 14:15:00,24.1200008392334,24.139999389648438,24.1200008392334,24.139999389648438,68704
2026-08-10 14:30:00,24.1200008392334,24.139999389648438,24.059999465942383,24.1200008392334,97433
2026-08-10 14:45:00,24.100000381469727,24.1200008392334,24.079999923706055,24.1200008392334,74379
2026-08-10 15:00:00,24.1200008392334,24.1200008392334,24.059999465942383,24.1200008392334,44517
2026-08-10 15:15:00,24.079999923706055,24.1200008392334,24.059999465942383,24.1200008392334,72442
2026-08-10 15:30:00,24.139999389648438,24.139999389648438,24.079999923706055,24.079999923706055,108060
2026-08-10 15:45:00,24.100000381469727,24.139999389648438,24.100000381469727,24.139999389648438,43589
2026-08-10 16:00:00,24.100000381469727,24.139999389648438,24.079999923706055,24.100000381469727,36544
2026-08-10 16:15:00,24.059999465942383,24.1200008392334,24.059999465942383,24.100000381469727,111092
2026-08-10 16:30:00,24.040000915527344,24.079999923706055,24.020000457763672,24.079999923706055,44327
2026-08-10 16:45:00,24.0,24.059999465942383,23.979999542236328,24.059999465942383,75161
2026-08-10 17:00:00,24.0,24.0,23.959999084472656,24.0,124495
2026-08-10 17:15:00,24.0,24.020000457763672,23.959999084472656,23.979999542236328,70196
2026-08-10 17:30:00,23.979999542236328,24.020000457763672,23.959999084472656,24.0,48098
2026-08-10 17:45:00,23.940000534057617,24.020000457763672,23.940000534057617,23.959999084472656,236770
2026-08-11 09:45:00,24.260000228881836,24.260000228881836,24.260000228881836,24.260000228881836,0
2026-08-11 10:00:00,24.059999465942383,24.420000076293945,23.940000534057617,24.280000686645508,1744744
2026-08-11 10:15:00,24.0,24.079999923706055,23.940000534057617,24.040000915527344,347016
2026-08-11 10:30:00,24.059999465942383,24.079999923706055,23.920000076293945,24.0,230127
2026-08-11 10:45:00,24.020000457763672,24.059999465942383,23.959999084472656,24.059999465942383,149657
2026-08-11 11:00:00,23.899999618530273,24.020000457763672,23.899999618530273,24.020000457763672,165258
2026-08-11 11:15:00,23.959999084472656,24.020000457763672,23.899999618530273,23.959999084472656,50894
2026-08-11 11:30:00,24.0,24.0,23.959999084472656,23.959999084472656,141304
2026-08-11 11:45:00,23.979999542236328,24.020000457763672,23.940000534057617,23.979999542236328,161442
2026-08-11 12:00:00,23.84000015258789,23.979999542236328,23.84000015258789,23.959999084472656,213226
2026-08-11 12:15:00,23.860000610351562,23.860000610351562,23.799999237060547,23.84000015258789,206784
2026-08-11 12:30:00,23.899999618530273,23.899999618530273,23.84000015258789,23.860000610351562,35548
2026-08-11 12:45:00,23.84000015258789,23.899999618530273,23.799999237060547,23.899999618530273,96343
2026-08-11 13:00:00,23.799999237060547,23.84000015258789,23.780000686645508,23.84000015258789,99005
2026-08-11 13:15:00,23.700000762939453,23.799999237060547,23.65999984741211,23.799999237060547,234731
2026-08-11 13:30:00,23.5,23.700000762939453,23.5,23.68000030517578,491133
2026-08-11 13:45:00,23.479999542236328,23.540000915527344,23.440000534057617,23.520000457763672,210588
2026-08-11 14:00:00,23.459999084472656,23.520000457763672,23.459999084472656,23.479999542236328,238872
2026-08-11 14:15:00,23.459999084472656,23.479999542236328,23.420000076293945,23.459999084472656,195454
2026-08-11 14:30:00,23.520000457763672,23.520000457763672,23.440000534057617,23.459999084472656,78835
2026-08-11 14:45:00,23.459999084472656,23.520000457763672,23.440000534057617,23.520000457763672,108045
2026-08-11 15:00:00,23.5,23.5,23.440000534057617,23.440000534057617,41615
2026-08-11 15:15:00,23.459999084472656,23.5,23.459999084472656,23.5,55263
2026-08-11 15:30:00,23.459999084472656,23.479999542236328,23.420000076293945,23.459999084472656,140135
2026-08-11 15:45:00,23.459999084472656,23.459999084472656,23.399999618530273,23.440000534057617,121722
2026-08-11 16:00:00,23.459999084472656,23.459999084472656,23.420000076293945,23.440000534057617,58215
2026-08-11 16:15:00,23.540000915527344,23.540000915527344,23.420000076293945,23.440000534057617,243544
2026-08-11 16:30:00,23.479999542236328,23.540000915527344,23.459999084472656,23.540000915527344,151772
2026-08-11 16:45:00,23.399999618530273,23.5,23.3799991607666,23.479999542236328,304702
2026-08-11 17:00:00,23.399999618530273,23.420000076293945,23.3799991607666,23.399999618530273,116015
2026-08-11 17:15:00,23.420000076293945,23.420000076293945,23.3799991607666,23.399999618530273,77627
2026-08-11 17:30:00,23.3799991607666,23.420000076293945,23.3799991607666,23.399999618530273,66100
2026-08-11 17:45:00,23.34000015258789,23.420000076293945,23.34000015258789,23.3799991607666,325939
2026-08-12 09:45:00,23.34000015258789,23.34000015258789,23.34000015258789,23.34000015258789,0
2026-08-12 10:00:00,23.239999771118164,23.399999618530273,23.219999313354492,23.34000015258789,276303
2026-08-12 10:15:00,23.079999923706055,23.260000228881836,23.040000915527344,23.219999313354492,299650
2026-08-12 10:30:00,23.0,23.079999923706055,22.920000076293945,23.079999923706055,455945
2026-08-12 10:45:00,22.979999542236328,23.0,22.920000076293945,23.0,222535
2026-08-12 11:00:00,22.959999084472656,23.040000915527344,22.959999084472656,22.979999542236328,144566
2026-08-12 11:15:00,23.0,23.020000457763672,22.959999084472656,22.979999542236328,110050
2026-08-12 11:30:00,22.81999969482422,23.020000457763672,22.6200008392334,23.0,1083341
2026-08-12 11:45:00,22.959999084472656,22.959999084472656,22.799999237060547,22.81999969482422,233618
2026-08-12 12:00:00,22.940000534057617,22.959999084472656,22.899999618530273,22.940000534057617,101483
2026-08-12 12:15:00,22.920000076293945,22.940000534057617,22.8799991607666,22.920000076293945,226779
2026-08-12 12:30:00,22.959999084472656,23.020000457763672,22.899999618530273,22.920000076293945,329688
2026-08-12 12:45:00,22.959999084472656,23.020000457763672,22.940000534057617,22.959999084472656,176573
2026-08-12 13:00:00,22.979999542236328,23.0,22.940000534057617,22.959999084472656,98329
2026-08-12 13:15:00,22.979999542236328,23.0,22.959999084472656,22.979999542236328,124006
2026-08-12 13:30:00,22.959999084472656,22.979999542236328,22.959999084472656,22.979999542236328,97783
2026-08-12 13:45:00,22.940000534057617,22.979999542236328,22.920000076293945,22.959999084472656,261311
2026-08-12 14:00:00,22.940000534057617,22.940000534057617,22.920000076293945,22.940000534057617,63614
2026-08-12 14:15:00,22.899999618530273,22.959999084472656,22.899999618530273,22.940000534057617,94714
2026-08-12 14:30:00,22.899999618530273,22.959999084472656,22.8799991607666,22.899999618530273,156523
2026-08-12 14:45:00,22.940000534057617,22.959999084472656,22.899999618530273,22.920000076293945,137587
2026-08-12 15:00:00,23.040000915527344,23.040000915527344,22.940000534057617,22.940000534057617,143855
2026-08-12 15:15:00,22.979999542236328,23.059999465942383,22.979999542236328,23.040000915527344,140209
2026-08-12 15:30:00,22.979999542236328,23.0,22.940000534057617,22.979999542236328,234399
2026-08-12 15:45:00,22.959999084472656,22.979999542236328,22.940000534057617,22.979999542236328,50509
2026-08-12 16:00:00,22.979999542236328,22.979999542236328,22.920000076293945,22.959999084472656,137299
2026-08-12 16:15:00,22.979999542236328,22.979999542236328,22.940000534057617,22.979999542236328,87812
2026-08-12 16:30:00,22.979999542236328,22.979999542236328,22.920000076293945,22.979999542236328,89728
2026-08-12 16:45:00,22.979999542236328,22.979999542236328,22.940000534057617,22.959999084472656,146269
2026-08-12 17:00:00,22.959999084472656,23.0,22.959999084472656,22.979999542236328,83079
2026-08-12 17:15:00,22.979999542236328,23.0,22.959999084472656,22.979999542236328,107362
2026-08-12 17:30:00,22.959999084472656,23.0,22.940000534057617,22.979999542236328,108693
2026-08-12 17:45:00,22.979999542236328,22.979999542236328,22.920000076293945,22.940000534057617,365231
2026-08-13 09:45:00,23.020000457763672,23.020000457763672,23.020000457763672,23.020000457763672,0
2026-08-13 10:00:00,22.8799991607666,23.059999465942383,22.739999771118164,23.020000457763672,690404
2026-08-13 10:15:00,23.079999923706055,23.1200008392334,22.8799991607666,22.8799991607666,264099
2026-08-13 10:30:00,23.139999389648438,23.15999984741211,23.020000457763672,23.079999923706055,262551
2026-08-13 10:45:00,23.0,23.18000030517578,22.979999542236328,23.15999984741211,281381
2026-08-13 11:00:00,23.059999465942383,23.079999923706055,22.959999084472656,22.979999542236328,110638
2026-08-13 11:15:00,23.0,23.079999923706055,22.979999542236328,23.059999465942383,113545
2026-08-13 11:30:00,23.020000457763672,23.079999923706055,23.0,23.020000457763672,82268
2026-08-13 11:45:00,23.0,23.020000457763672,22.979999542236328,23.020000457763672,46931
2026-08-13 12:00:00,23.0,23.020000457763672,22.959999084472656,23.0,72895
2026-08-13 12:15:00,23.040000915527344,23.040000915527344,22.959999084472656,23.0,93960
2026-08-13 12:30:00,23.040000915527344,23.059999465942383,23.020000457763672,23.040000915527344,46565
2026-08-13 12:45:00,23.040000915527344,23.040000915527344,23.0,23.040000915527344,30655
2026-08-13 13:00:00,23.020000457763672,23.040000915527344,23.0,23.040000915527344,47511
2026-08-13 13:15:00,22.979999542236328,23.020000457763672,22.979999542236328,23.020000457763672,97087
2026-08-13 13:30:00,22.979999542236328,23.020000457763672,22.959999084472656,22.979999542236328,44855
2026-08-13 13:45:00,22.920000076293945,23.0,22.860000610351562,22.979999542236328,176382
2026-08-13 14:00:00,22.899999618530273,22.920000076293945,22.8799991607666,22.920000076293945,30218
2026-08-13 14:15:00,22.8799991607666,22.940000534057617,22.860000610351562,22.920000076293945,87938
2026-08-13 14:30:00,22.899999618530273,22.920000076293945,22.8799991607666,22.8799991607666,36965
2026-08-13 14:45:00,22.979999542236328,22.979999542236328,22.899999618530273,22.920000076293945,38813
2026-08-13 15:00:00,22.979999542236328,23.0,22.940000534057617,22.979999542236328,81558
2026-08-13 15:15:00,22.899999618530273,22.979999542236328,22.899999618530273,22.979999542236328,46360
2026-08-13 15:30:00,22.899999618530273,22.920000076293945,22.899999618530273,22.899999618530273,49388
2026-08-13 15:45:00,22.959999084472656,22.979999542236328,22.899999618530273,22.920000076293945,56049
2026-08-13 16:00:00,23.0,23.020000457763672,22.940000534057617,22.959999084472656,75461
2026-08-13 16:15:00,23.020000457763672,23.020000457763672,23.0,23.0,95435
2026-08-13 16:30:00,23.0,23.020000457763672,22.959999084472656,23.020000457763672,54601
2026-08-13 16:45:00,22.979999542236328,23.020000457763672,22.979999542236328,23.0,86946
2026-08-13 17:00:00,22.979999542236328,22.979999542236328,22.959999084472656,22.979999542236328,42947
2026-08-13 17:15:00,22.940000534057617,23.0,22.920000076293945,22.959999084472656,128780
2026-08-13 17:30:00,22.959999084472656,22.979999542236328,22.940000534057617,22.959999084472656,71386
2026-08-13 17:45:00,22.979999542236328,23.0,22.860000610351562,22.959999084472656,213362
2026-08-14 09:45:00,22.979999542236328,22.979999542236328,22.979999542236328,22.979999542236328,0
2026-08-14 10:00:00,23.1200008392334,23.1200008392334,23.0,23.0,229546
2026-08-14 10:15:00,23.100000381469727,23.1200008392334,23.079999923706055,23.100000381469727,91477
2026-08-14 10:30:00,23.079999923706055,23.1200008392334,23.020000457763672,23.059999465942383,152653
2026-08-14 10:45:00,23.040000915527344,23.079999923706055,23.040000915527344,23.079999923706055,35465
2026-08-14 11:00:00,23.059999465942383,23.059999465942383,23.0,23.040000915527344,96649
2026-08-14 11:15:00,23.020000457763672,23.040000915527344,23.0,23.040000915527344,43382
2026-08-14 11:30:00,23.020000457763672,23.079999923706055,23.020000457763672,23.020000457763672,75060
2026-08-14 11:45:00,23.020000457763672,23.059999465942383,23.0,23.020000457763672,94753
2026-08-14 12:00:00,23.020000457763672,23.040000915527344,23.0,23.0,65881
2026-08-14 12:15:00,23.020000457763672,23.020000457763672,22.959999084472656,23.0,110163
2026-08-14 12:30:00,23.0,23.020000457763672,22.959999084472656,23.0,65829
2026-08-14 12:45:00,23.020000457763672,23.020000457763672,22.979999542236328,23.0,52969
2026-08-14 13:00:00,23.040000915527344,23.040000915527344,23.0,23.020000457763672,48444
2026-08-14 13:15:00,23.040000915527344,23.040000915527344,23.0,23.040000915527344,49814
2026-08-14 13:30:00,23.040000915527344,23.040000915527344,23.020000457763672,23.040000915527344,26209
2026-08-14 13:45:00,23.020000457763672,23.040000915527344,23.020000457763672,23.040000915527344,39378
2026-08-14 14:00:00,23.0,23.040000915527344,22.979999542236328,23.040000915527344,33507
2026-08-14 14:15:00,23.020000457763672,23.040000915527344,23.0,23.020000457763672,52840
2026-08-14 14:30:00,22.979999542236328,23.020000457763672,22.979999542236328,23.0,29717
2026-08-14 14:45:00,22.979999542236328,23.0,22.959999084472656,22.979999542236328,62957
2026-08-14 15:00:00,23.0,23.020000457763672,22.959999084472656,22.979999542236328,66470
2026-08-14 15:15:00,22.979999542236328,23.020000457763672,22.959999084472656,23.0,38360
2026-08-14 15:30:00,22.979999542236328,23.0,22.959999084472656,22.979999542236328,23267
2026-08-14 15:45:00,23.0,23.0,22.959999084472656,22.979999542236328,51410
2026-08-14 16:00:00,23.020000457763672,23.020000457763672,22.979999542236328,23.0,131264
2026-08-14 16:15:00,23.0,23.020000457763672,22.959999084472656,23.020000457763672,135256
2026-08-14 16:30:00,23.020000457763672,23.020000457763672,22.979999542236328,23.0,58962
2026-08-14 16:45:00,23.040000915527344,23.100000381469727,23.020000457763672,23.020000457763672,156681
2026-08-14 17:00:00,23.040000915527344,23.079999923706055,23.0,23.040000915527344,65671
2026-08-14 17:15:00,23.020000457763672,23.059999465942383,23.0,23.040000915527344,68284
2026-08-14 17:30:00,23.0,23.040000915527344,22.979999542236328,23.020000457763672,96574
2026-08-14 17:45:00,22.959999084472656,23.020000457763672,22.959999084472656,23.0,247360
2026-08-17 09:45:00,23.0,23.0,23.0,23.0,0
2026-08-17 10:00:00,23.219999313354492,23.260000228881836,22.979999542236328,23.0,540924
2026-08-17 10:15:00,23.139999389648438,23.260000228881836,23.139999389648438,23.200000762939453,274612
2026-08-17 10:30:00,23.059999465942383,23.139999389648438,23.0,23.139999389648438,166751
2026-08-17 10:45:00,23.059999465942383,23.100000381469727,23.020000457763672,23.059999465942383,84840
2026-08-17 11:00:00,23.020000457763672,23.059999465942383,22.979999542236328,23.059999465942383,125390
2026-08-17 11:15:00,23.0,23.040000915527344,22.959999084472656,23.0,83285
2026-08-17 11:30:00,22.959999084472656,23.020000457763672,22.959999084472656,23.0,84835
2026-08-17 11:45:00,22.979999542236328,23.0,22.959999084472656,23.0,73863
2026-08-17 12:00:00,23.020000457763672,23.079999923706055,22.959999084472656,22.979999542236328,69802
2026-08-17 12:15:00,23.0,23.040000915527344,22.979999542236328,23.020000457763672,43341
2026-08-17 12:30:00,23.020000457763672,23.079999923706055,23.0,23.0,75696
2026-08-17 12:45:00,23.0,23.040000915527344,22.979999542236328,23.020000457763672,51141
2026-08-17 13:00:00,23.040000915527344,23.040000915527344,23.0,23.020000457763672,47873
2026-08-17 13:15:00,23.040000915527344,23.040000915527344,23.0,23.040000915527344,83125
2026-08-17 13:30:00,22.979999542236328,23.040000915527344,22.979999542236328,23.040000915527344,55187
2026-08-17 13:45:00,23.0,23.020000457763672,22.979999542236328,22.979999542236328,68088
2026-08-17 14:00:00,23.0,23.020000457763672,23.0,23.020000457763672,31048
2026-08-17 14:15:00,22.979999542236328,23.0,22.959999084472656,23.0,58292
2026-08-17 14:30:00,22.959999084472656,22.979999542236328,22.940000534057617,22.979999542236328,109852
2026-08-17 14:45:00,22.959999084472656,22.979999542236328,22.940000534057617,22.979999542236328,65835
2026-08-17 15:00:00,22.959999084472656,22.979999542236328,22.940000534057617,22.959999084472656,27211
2026-08-17 15:15:00,22.959999084472656,22.979999542236328,22.940000534057617,22.979999542236328,40785
2026-08-17 15:30:00,22.979999542236328,23.0,22.940000534057617,22.959999084472656,72008
2026-08-17 15:45:00,22.979999542236328,22.979999542236328,22.959999084472656,22.979999542236328,15291
2026-08-17 16:00:00,22.940000534057617,23.0,22.940000534057617,22.959999084472656,86986
2026-08-17 16:15:00,22.899999618530273,22.959999084472656,22.8799991607666,22.959999084472656,161891
2026-08-17 16:30:00,22.899999618530273,22.940000534057617,22.8799991607666,22.899999618530273,101362
2026-08-17 16:45:00,22.920000076293945,22.920000076293945,22.8799991607666,22.920000076293945,57184
2026-08-17 17:00:00,22.920000076293945,22.940000534057617,22.8799991607666,22.920000076293945,82946
2026-08-17 17:15:00,22.940000534057617,22.959999084472656,22.899999618530273,22.920000076293945,80154
2026-08-17 17:30:00,22.899999618530273,22.979999542236328,22.899999618530273,22.940000534057617,130581
2026-08-17 17:45:00,22.81999969482422,22.920000076293945,22.81999969482422,22.920000076293945,166879
2026-08-18 09:45:00,22.84000015258789,22.84000015258789,22.84000015258789,22.84000015258789,0
2026-08-18 10:00:00,22.899999618530273,22.979999542236328,22.799999237060547,22.84000015258789,194575
2026-08-18 10:15:00,22.959999084472656,22.979999542236328,22.8799991607666,22.899999618530273,102769
2026-08-18 10:30:00,22.979999542236328,23.0,22.940000534057617,22.959999084472656,92052
2026-08-18 10:45:00,23.100000381469727,23.100000381469727,22.979999542236328,23.0,243227
2026-08-18 11:00:00,23.020000457763672,23.100000381469727,23.0,23.100000381469727,111778
2026-08-18 11:15:00,23.0,23.020000457763672,22.979999542236328,23.020000457763672,62573
2026-08-18 11:30:00,23.0,23.020000457763672,22.979999542236328,23.0,49446
2026-08-18 11:45:00,22.959999084472656,23.0,22.940000534057617,23.0,71131
2026-08-18 12:00:00,22.8799991607666,22.959999084472656,22.860000610351562,22.959999084472656,92814
2026-08-18 12:15:00,22.899999618530273,22.920000076293945,22.8799991607666,22.8799991607666,52771
2026-08-18 12:30:00,22.920000076293945,22.920000076293945,22.8799991607666,22.920000076293945,71515
2026-08-18 12:45:00,22.959999084472656,23.0,22.899999618530273,22.920000076293945,64100
2026-08-18 13:00:00,22.979999542236328,23.139999389648438,22.959999084472656,22.959999084472656,296536
2026-08-18 13:15:00,23.040000915527344,23.040000915527344,22.979999542236328,22.979999542236328,78693
2026-08-18 13:30:00,22.940000534057617,23.040000915527344,22.920000076293945,23.040000915527344,67850
2026-08-18 13:45:00,22.920000076293945,22.959999084472656,22.920000076293945,22.920000076293945,56021
2026-08-18 14:00:00,22.940000534057617,22.959999084472656,22.920000076293945,22.940000534057617,36844
2026-08-18 14:15:00,22.920000076293945,22.940000534057617,22.860000610351562,22.940000534057617,118514
2026-08-18 14:30:00,22.899999618530273,22.940000534057617,22.899999618530273,22.899999618530273,46659
2026-08-18 14:45:00,22.940000534057617,22.979999542236328,22.899999618530273,22.899999618530273,55368
2026-08-18 15:00:00,22.940000534057617,22.959999084472656,22.899999618530273,22.940000534057617,91677
2026-08-18 15:15:00,22.940000534057617,22.959999084472656,22.920000076293945,22.940000534057617,42664
2026-08-18 15:30:00,22.920000076293945,22.979999542236328,22.920000076293945,22.979999542236328,64310
2026-08-18 15:45:00,22.959999084472656,23.0,22.920000076293945,22.920000076293945,47287
2026-08-18 16:00:00,22.920000076293945,22.979999542236328,22.920000076293945,22.940000534057617,74012
2026-08-18 16:15:00,22.959999084472656,23.040000915527344,22.920000076293945,22.920000076293945,132556
2026-08-18 16:30:00,22.959999084472656,22.979999542236328,22.940000534057617,22.959999084472656,54945
2026-08-18 16:45:00,22.940000534057617,22.959999084472656,22.899999618530273,22.959999084472656,29315
2026-08-18 17:00:00,22.940000534057617,22.959999084472656,22.920000076293945,22.940000534057617,30043
2026-08-18 17:15:00,22.920000076293945,22.940000534057617,22.920000076293945,22.940000534057617,43208
2026-08-18 17:30:00,22.940000534057617,22.959999084472656,22.920000076293945,22.920000076293945,62493
2026-08-18 17:45:00,22.940000534057617,22.959999084472656,22.920000076293945,22.940000534057617,142221
2026-08-19 09:45:00,22.920000076293945,22.920000076293945,22.920000076293945,22.920000076293945,0
2026-08-19 10:00:00,22.979999542236328,23.0,22.84000015258789,22.920000076293945,149974
2026-08-19 10:15:00,23.0,23.040000915527344,22.959999084472656,23.0,117437
2026-08-19 10:30:00,23.18000030517578,23.200000762939453,23.0,23.0,448113
2026-08-19 10:45:00,23.219999313354492,23.219999313354492,23.139999389648438,23.15999984741211,60940
