Datetime,Close,High,Low,Open,Volume
2026-06-01 09:45:00,2.510848045349121,2.510848045349121,2.510848045349121,2.510848045349121,0
2026-06-01 10:00:00,2.5026559829711914,2.514944076538086,2.4821760654449463,2.5067520141601562,2842255
2026-06-01 10:15:00,2.5026559829711914,2.5067520141601562,2.4944639205932617,2.5026559829711914,812634
2026-06-01 10:30:00,2.4985599517822266,2.5067520141601562,2.4985599517822266,2.5026559829711914,1639690
2026-06-01 10:45:00,2.4944639205932617,2.4985599517822266,2.4944639205932617,2.4985599517822266,461525
2026-06-01 11:00:00,2.4985599517822266,2.4985599517822266,2.4944639205932617,2.4944639205932617,119678
2026-06-01 11:15:00,2.4944639205932617,2.4944639205932617,2.490367889404297,2.4944639205932617,500177
2026-06-01 11:30:00,2.4985599517822266,2.4985599517822266,2.486272096633911,2.490367889404297,1112257
2026-06-01 11:45:00,2.4985599517822266,2.4985599517822266,2.4944639205932617,2.4985599517822266,266595
2026-06-01 12:00:00,2.5026559829711914,2.5067520141601562,2.4944639205932617,2.4985599517822266,773547
2026-06-01 12:15:00,2.5026559829711914,2.5026559829711914,2.4985599517822266,2.5026559829711914,331535
2026-06-01 12:30:00,2.519040107727051,2.5272319316864014,2.4985599517822266,2.4985599517822266,4854262
2026-06-01 12:45:00,2.5231359004974365,2.5231359004974365,2.514944076538086,2.519040107727051,974610
2026-06-01 13:00:00,2.514944076538086,2.5231359004974365,2.514944076538086,2.5231359004974365,1161888
2026-06-01 13:15:00,2.514944076538086,2.5231359004974365,2.510848045349121,2.519040107727051,1439597
2026-06-01 13:30:00,2.514944076538086,2.519040107727051,2.514944076538086,2.514944076538086,415991
2026-06-01 13:45:00,2.514944076538086,2.519040107727051,2.514944076538086,2.514944076538086,91649
2026-06-01 14:00:00,2.519040107727051,2.519040107727051,2.514944076538086,2.514944076538086,96834
2026-06-01 14:15:00,2.5231359004974365,2.5231359004974365,2.514944076538086,2.519040107727051,1572695
2026-06-01 14:30:00,2.519040107727051,2.5231359004974365,2.514944076538086,2.5231359004974365,776649
2026-06-01 14:45:00,2.519040107727051,2.5231359004974365,2.514944076538086,2.514944076538086,306461
2026-06-01 15:00:00,2.519040107727051,2.519040107727051,2.514944076538086,2.519040107727051,344673
2026-06-01 15:15:00,2.519040107727051,2.5231359004974365,2.519040107727051,2.519040107727051,1757183
2026-06-01 15:30:00,2.519040107727051,2.5231359004974365,2.514944076538086,2.519040107727051,831505
2026-06-01 15:45:00,2.519040107727051,2.5231359004974365,2.514944076538086,2.519040107727051,333843
2026-06-01 16:00:00,2.514944076538086,2.5231359004974365,2.5067520141601562,2.519040107727051,3014369
2026-06-01 16:15:00,2.5026559829711914,2.514944076538086,2.5026559829711914,2.514944076538086,1298588
2026-06-01 16:30:00,2.5026559829711914,2.5067520141601562,2.4985599517822266,2.5026559829711914,2299137
2026-06-01 16:45:00,2.4985599517822266,2.5067520141601562,2.4944639205932617,2.5026559829711914,805295
2026-06-01 17:00:00,2.514944076538086,2.5231359004974365,2.4944639205932617,2.4985599517822266,1668271
2026-06-01 17:15:00,2.514944076538086,2.519040107727051,2.510848045349121,2.514944076538086,741262
2026-06-01 17:30:00,2.514944076538086,2.519040107727051,2.510848045349121,2.514944076538086,1357099
2026-06-01 17:45:00,2.514944076538086,2.519040107727051,2.5067520141601562,2.510848045349121,1710512
2026-06-02 09:45:00,2.514944076538086,2.514944076538086,2.514944076538086,2.514944076538086,0
2026-06-02 10:00:00,2.514944076538086,2.531327962875366,2.514944076538086,2.514944076538086,2286986
2026-06-02 10:15:00,2.514944076538086,2.519040107727051,2.510848045349121,2.519040107727051,1666982
2026-06-02 10:30:00,2.519040107727051,2.5231359004974365,2.514944076538086,2.519040107727051,2638893
2026-06-02 10:45:00,2.519040107727051,2.519040107727051,2.514944076538086,2.519040107727051,1074902
2026-06-02 11:00:00,2.510848045349121,2.519040107727051,2.510848045349121,2.519040107727051,1682941
2026-06-02 11:15:00,2.510848045349121,2.514944076538086,2.5067520141601562,2.510848045349121,1482898
2026-06-02 11:30:00,2.519040107727051,2.519040107727051,2.5067520141601562,2.5067520141601562,1782740
2026-06-02 11:45:00,2.5231359004974365,2.5272319316864014,2.519040107727051,2.519040107727051,2911764
2026-06-02 12:00:00,2.5231359004974365,2.5231359004974365,2.519040107727051,2.5231359004974365,364224
2026-06-02 12:15:00,2.5272319316864014,2.5272319316864014,2.519040107727051,2.5231359004974365,932057
2026-06-02 12:30:00,2.5231359004974365,2.531327962875366,2.5231359004974365,2.5272319316864014,1099583
2026-06-02 12:45:00,2.539520025253296,2.5477118492126465,2.5231359004974365,2.5272319316864014,8005292
2026-06-02 13:00:00,2.5518081188201904,2.559999942779541,2.535423994064331,2.5436160564422607,3285632
2026-06-02 13:15:00,2.555903911590576,2.555903911590576,2.5436160564422607,2.5518081188201904,1645142
2026-06-02 13:30:00,2.555903911590576,2.559999942779541,2.5436160564422607,2.5518081188201904,1929691
2026-06-02 13:45:00,2.564096212387085,2.5681920051574707,2.5518081188201904,2.555903911590576,3168311
2026-06-02 14:00:00,2.584575891494751,2.588671922683716,2.559999942779541,2.564096212387085,6646924
2026-06-02 14:15:00,2.5722882747650146,2.588671922683716,2.5681920051574707,2.584575891494751,3940104
2026-06-02 14:30:00,2.5763840675354004,2.5804800987243652,2.5681920051574707,2.5722882747650146,886416
2026-06-02 14:45:00,2.584575891494751,2.588671922683716,2.5722882747650146,2.5763840675354004,1683838
2026-06-02 15:00:00,2.5722882747650146,2.588671922683716,2.5681920051574707,2.5804800987243652,2233040
2026-06-02 15:15:00,2.5722882747650146,2.5722882747650146,2.564096212387085,2.5681920051574707,902306
2026-06-02 15:30:00,2.564096212387085,2.5722882747650146,2.564096212387085,2.5722882747650146,639632
2026-06-02 15:45:00,2.5722882747650146,2.5722882747650146,2.555903911590576,2.564096212387085,2013891
2026-06-02 16:00:00,2.5927679538726807,2.5968639850616455,2.5681920051574707,2.5681920051574707,8188266
2026-06-02 16:15:00,2.5927679538726807,2.6214399337768555,2.588671922683716,2.5927679538726807,9267709
2026-06-02 16:30:00,2.5804800987243652,2.5927679538726807,2.5763840675354004,2.5927679538726807,1522109
2026-06-02 16:45:00,2.588671922683716,2.588671922683716,2.5763840675354004,2.5763840675354004,1176024
2026-06-02 17:00:00,2.6009600162506104,2.605056047439575,2.584575891494751,2.584575891494751,2355255
2026-06-02 17:15:00,2.584575891494751,2.605056047439575,2.5804800987243652,2.6009600162506104,2094770
2026-06-02 17:30:00,2.588671922683716,2.5927679538726807,2.5804800987243652,2.584575891494751,1662770
2026-06-02 17:45:00,2.5927679538726807,2.5968639850616455,2.584575891494751,2.5927679538726807,2966390
2026-06-03 09:45:00,2.6009600162506104,2.6009600162506104,2.6009600162506104,2.6009600162506104,0
2026-06-03 10:00:00,2.584575891494751,2.613248109817505,2.5804800987243652,2.6009600162506104,3347190
2026-06-03 10:15:00,2.5968639850616455,2.5968639850616455,2.5804800987243652,2.584575891494751,1285503
2026-06-03 10:30:00,2.5763840675354004,2.5968639850616455,2.5722882747650146,2.5968639850616455,2161860
2026-06-03 10:45:00,2.5763840675354004,2.5763840675354004,2.564096212387085,2.5763840675354004,1653459
2026-06-03 11:00:00,2.5722882747650146,2.5763840675354004,2.5681920051574707,2.5722882747650146,858645
2026-06-03 11:15:00,2.5722882747650146,2.5804800987243652,2.5681920051574707,2.5681920051574707,1185927
2026-06-03 11:30:00,2.584575891494751,2.584575891494751,2.5763840675354004,2.5763840675354004,710996
2026-06-03 11:45:00,2.588671922683716,2.588671922683716,2.5804800987243652,2.584575891494751,909563
2026-06-03 12:00:00,2.584575891494751,2.588671922683716,2.5804800987243652,2.588671922683716,341248
2026-06-03 12:15:00,2.5804800987243652,2.584575891494751,2.5804800987243652,2.584575891494751,1038185
2026-06-03 12:30:00,2.584575891494751,2.588671922683716,2.5804800987243652,2.5804800987243652,448241
2026-06-03 12:45:00,2.5804800987243652,2.588671922683716,2.5763840675354004,2.588671922683716,289903
2026-06-03 13:00:00,2.5804800987243652,2.588671922683716,2.5763840675354004,2.5804800987243652,321560
2026-06-03 13:15:00,2.584575891494751,2.584575891494751,2.5804800987243652,2.584575891494751,118121
2026-06-03 13:30:00,2.584575891494751,2.584575891494751,2.5804800987243652,2.584575891494751,146337
2026-06-03 13:45:00,2.5804800987243652,2.584575891494751,2.5804800987243652,2.5804800987243652,83773
2026-06-03 14:00:00,2.5804800987243652,2.584575891494751,2.5763840675354004,2.584575891494751,414496
2026-06-03 14:15:00,2.5804800987243652,2.5804800987243652,2.5763840675354004,2.5804800987243652,558275
2026-06-03 14:30:00,2.5804800987243652,2.5804800987243652,2.5763840675354004,2.5804800987243652,147206
2026-06-03 14:45:00,2.584575891494751,2.584575891494751,2.5763840675354004,2.5804800987243652,1178143
2026-06-03 15:00:00,2.5763840675354004,2.584575891494751,2.5763840675354004,2.584575891494751,594507
2026-06-03 15:15:00,2.5763840675354004,2.5804800987243652,2.5722882747650146,2.5804800987243652,2103391
2026-06-03 15:30:00,2.5722882747650146,2.5763840675354004,2.564096212387085,2.5763840675354004,1163457
2026-06-03 15:45:00,2.5681920051574707,2.5722882747650146,2.564096212387085,2.5681920051574707,671594
2026-06-03 16:00:00,2.5681920051574707,2.5681920051574707,2.559999942779541,2.564096212387085,1249655
2026-06-03 16:15:00,2.559999942779541,2.5681920051574707,2.5477118492126465,2.5681920051574707,2573687
2026-06-03 16:30:00,2.5518081188201904,2.564096212387085,2.5477118492126465,2.559999942779541,2170764
2026-06-03 16:45:00,2.5436160564422607,2.5518081188201904,2.5436160564422607,2.5518081188201904,1031813
2026-06-03 17:00:00,2.5518081188201904,2.5518081188201904,2.5436160564422607,2.5477118492126465,1055408
2026-06-03 17:15:00,2.535423994064331,2.5518081188201904,2.5272319316864014,2.5518081188201904,3880852
2026-06-03 17:30:00,2.5272319316864014,2.535423994064331,2.5231359004974365,2.535423994064331,1394768
2026-06-03 17:45:00,2.5518081188201904,2.555903911590576,2.5231359004974365,2.5272319316864014,3597008
2026-06-04 09:45:00,2.564096212387085,2.564096212387085,2.564096212387085,2.564096212387085,0
2026-06-04 10:00:00,2.6009600162506104,2.658303737640381,2.564096212387085,2.564096212387085,7758437
2026-06-04 10:15:00,2.588671922683716,2.605056047439575,2.588671922683716,2.6009600162506104,2072428
2026-06-04 10:30:00,2.584575891494751,2.5927679538726807,2.584575891494751,2.5927679538726807,995503
2026-06-04 10:45:00,2.5804800987243652,2.588671922683716,2.5804800987243652,2.584575891494751,1302135
2026-06-04 11:00:00,2.5722882747650146,2.584575891494751,2.5722882747650146,2.5804800987243652,902942
2026-06-04 11:15:00,2.5681920051574707,2.5722882747650146,2.5518081188201904,2.5722882747650146,2085300
2026-06-04 11:30:00,2.5722882747650146,2.5722882747650146,2.559999942779541,2.5681920051574707,608589
2026-06-04 11:45:00,2.5681920051574707,2.5722882747650146,2.564096212387085,2.5722882747650146,279850
2026-06-04 12:00:00,2.564096212387085,2.5681920051574707,2.564096212387085,2.5681920051574707,265670
2026-06-04 12:15:00,2.564096212387085,2.5681920051574707,2.559999942779541,2.5681920051574707,429296
2026-06-04 12:30:00,2.564096212387085,2.5722882747650146,2.559999942779541,2.564096212387085,621062
2026-06-04 12:45:00,2.5763840675354004,2.5763840675354004,2.5681920051574707,2.5681920051574707,304527
2026-06-04 13:00:00,2.5681920051574707,2.5763840675354004,2.5681920051574707,2.5763840675354004,379471
2026-06-04 13:15:00,2.5681920051574707,2.5722882747650146,2.5681920051574707,2.5681920051574707,123497
2026-06-04 13:30:00,2.564096212387085,2.5722882747650146,2.564096212387085,2.5681920051574707,260332
2026-06-04 13:45:00,2.5681920051574707,2.5681920051574707,2.564096212387085,2.564096212387085,170590
2026-06-04 14:00:00,2.5763840675354004,2.5763840675354004,2.564096212387085,2.564096212387085,978062
2026-06-04 14:15:00,2.5763840675354004,2.584575891494751,2.5722882747650146,2.5722882747650146,1413862
2026-06-04 14:30:00,2.5681920051574707,2.5763840675354004,2.555903911590576,2.5763840675354004,2035693
2026-06-04 14:45:00,2.5722882747650146,2.5763840675354004,2.5681920051574707,2.5681920051574707,1462111
2026-06-04 15:00:00,2.5722882747650146,2.5763840675354004,2.5681920051574707,2.5722882747650146,1452025
2026-06-04 15:15:00,2.5722882747650146,2.5804800987243652,2.5681920051574707,2.5722882747650146,1590220
2026-06-04 15:30:00,2.5681920051574707,2.5763840675354004,2.5681920051574707,2.5722882747650146,172553
2026-06-04 15:45:00,2.5722882747650146,2.5763840675354004,2.5681920051574707,2.5722882747650146,348324
2026-06-04 16:00:00,2.5722882747650146,2.5763840675354004,2.5681920051574707,2.5722882747650146,334087
2026-06-04 16:15:00,2.5722882747650146,2.5722882747650146,2.5681920051574707,2.5681920051574707,173405
2026-06-04 16:30:00,2.5518081188201904,2.5722882747650146,2.5518081188201904,2.5722882747650146,3050545
2026-06-04 16:45:00,2.555903911590576,2.559999942779541,2.5518081188201904,2.555903911590576,259131
2026-06-04 17:00:00,2.555903911590576,2.559999942779541,2.5518081188201904,2.555903911590576,399146
2026-06-04 17:15:00,2.564096212387085,2.564096212387085,2.5518081188201904,2.5518081188201904,820280
2026-06-04 17:30:00,2.564096212387085,2.5681920051574707,2.559999942779541,2.564096212387085,411521
2026-06-04 17:45:00,2.564096212387085,2.564096212387085,2.555903911590576,2.564096212387085,1994920
2026-06-05 09:45:00,2.564096212387085,2.564096212387085,2.564096212387085,2.564096212387085,0
2026-06-05 10:00:00,2.564096212387085,2.5763840675354004,2.555903911590576,2.5681920051574707,1602180
2026-06-05 10:15:00,2.5681920051574707,2.5722882747650146,2.559999942779541,2.559999942779541,960888
2026-06-05 10:30:00,2.5681920051574707,2.5722882747650146,2.564096212387085,2.5681920051574707,891315
2026-06-05 10:45:00,2.5722882747650146,2.5763840675354004,2.5681920051574707,2.5681920051574707,2026481
2026-06-05 11:00:00,2.5681920051574707,2.5722882747650146,2.564096212387085,2.5681920051574707,960753
2026-06-05 11:15:00,2.5681920051574707,2.5681920051574707,2.564096212387085,2.5681920051574707,559393
2026-06-05 11:30:00,2.5722882747650146,2.5722882747650146,2.564096212387085,2.5681920051574707,650188
2026-06-05 11:45:00,2.5763840675354004,2.5804800987243652,2.5681920051574707,2.5681920051574707,1002993
2026-06-05 12:00:00,2.5763840675354004,2.5804800987243652,2.5722882747650146,2.5763840675354004,1661495
2026-06-05 12:15:00,2.5722882747650146,2.5763840675354004,2.5681920051574707,2.5763840675354004,127842
2026-06-05 12:30:00,2.564096212387085,2.5722882747650146,2.564096212387085,2.5722882747650146,683613
2026-06-05 12:45:00,2.5681920051574707,2.5681920051574707,2.564096212387085,2.564096212387085,41408
2026-06-05 13:00:00,2.559999942779541,2.5681920051574707,2.559999942779541,2.564096212387085,973984
2026-06-05 13:15:00,2.559999942779541,2.559999942779541,2.555903911590576,2.559999942779541,320141
2026-06-05 13:30:00,2.555903911590576,2.559999942779541,2.555903911590576,2.555903911590576,124884
2026-06-05 13:45:00,2.555903911590576,2.559999942779541,2.555903911590576,2.555903911590576,786453
2026-06-05 14:00:00,2.564096212387085,2.564096212387085,2.555903911590576,2.559999942779541,338467
2026-06-05 14:15:00,2.564096212387085,2.564096212387085,2.559999942779541,2.564096212387085,339222
2026-06-05 14:30:00,2.559999942779541,2.564096212387085,2.555903911590576,2.564096212387085,118991
2026-06-05 14:45:00,2.559999942779541,2.559999942779541,2.555903911590576,2.559999942779541,294685
2026-06-05 15:00:00,2.5477118492126465,2.559999942779541,2.5477118492126465,2.555903911590576,1003003
2026-06-05 15:15:00,2.5477118492126465,2.5518081188201904,2.5477118492126465,2.5518081188201904,216322
2026-06-05 15:30:00,2.5477118492126465,2.5518081188201904,2.5477118492126465,2.5518081188201904,163344
2026-06-05 15:45:00,2.5477118492126465,2.5518081188201904,2.5436160564422607,2.5518081188201904,927332
2026-06-05 16:00:00,2.5518081188201904,2.5518081188201904,2.5436160564422607,2.5477118492126465,436603
2026-06-05 16:15:00,2.5477118492126465,2.5518081188201904,2.5436160564422607,2.5518081188201904,1302634
2026-06-05 16:30:00,2.5436160564422607,2.5477118492126465,2.539520025253296,2.5436160564422607,634914
2026-06-05 16:45:00,2.539520025253296,2.5436160564422607,2.535423994064331,2.5436160564422607,762801
2026-06-05 17:00:00,2.535423994064331,2.539520025253296,2.5272319316864014,2.539520025253296,873171
2026-06-05 17:15:00,2.535423994064331,2.539520025253296,2.531327962875366,2.535423994064331,258015
2026-06-05 17:30:00,2.531327962875366,2.535423994064331,2.5272319316864014,2.535423994064331,763962
2026-06-05 17:45:00,2.5272319316864014,2.531327962875366,2.5231359004974365,2.531327962875366,935429
2026-06-08 09:45:00,2.5272319316864014,2.5272319316864014,2.5272319316864014,2.5272319316864014,0
2026-06-08 10:00:00,2.531327962875366,2.555903911590576,2.5026559829711914,2.5272319316864014,2720623
2026-06-08 10:15:00,2.5436160564422607,2.5518081188201904,2.5272319316864014,2.535423994064331,691293
2026-06-08 10:30:00,2.539520025253296,2.5477118492126465,2.539520025253296,2.5477118492126465,830255
2026-06-08 10:45:00,2.535423994064331,2.5436160564422607,2.531327962875366,2.5436160564422607,285652
2026-06-08 11:00:00,2.535423994064331,2.535423994064331,2.531327962875366,2.535423994064331,299955
2026-06-08 11:15:00,2.531327962875366,2.539520025253296,2.531327962875366,2.535423994064331,404669
2026-06-08 11:30:00,2.531327962875366,2.531327962875366,2.5231359004974365,2.531327962875366,402244
2026-06-08 11:45:00,2.535423994064331,2.539520025253296,2.5272319316864014,2.531327962875366,649596
2026-06-08 12:00:00,2.539520025253296,2.5477118492126465,2.531327962875366,2.535423994064331,1040174
2026-06-08 12:15:00,2.539520025253296,2.5436160564422607,2.535423994064331,2.535423994064331,220849
2026-06-08 12:30:00,2.539520025253296,2.5477118492126465,2.535423994064331,2.539520025253296,610377
2026-06-08 12:45:00,2.535423994064331,2.5436160564422607,2.535423994064331,2.5436160564422607,196897
2026-06-08 13:00:00,2.539520025253296,2.5436160564422607,2.535423994064331,2.535423994064331,231273
2026-06-08 13:15:00,2.539520025253296,2.5436160564422607,2.539520025253296,2.5436160564422607,114783
2026-06-08 13:30:00,2.5436160564422607,2.5518081188201904,2.539520025253296,2.5436160564422607,646576
2026-06-08 13:45:00,2.5436160564422607,2.5477118492126465,2.539520025253296,2.5436160564422607,371339
2026-06-08 14:00:00,2.5518081188201904,2.5518081188201904,2.5436160564422607,2.5436160564422607,657586
2026-06-08 14:15:00,2.5518081188201904,2.5518081188201904,2.5436160564422607,2.5518081188201904,722861
2026-06-08 14:30:00,2.5477118492126465,2.555903911590576,2.5477118492126465,2.5518081188201904,2589041
2026-06-08 14:45:00,2.5518081188201904,2.5518081188201904,2.5477118492126465,2.5518081188201904,902799
2026-06-08 15:00:00,2.5477118492126465,2.5518081188201904,2.5477118492126465,2.5518081188201904,347675
2026-06-08 15:15:00,2.5518081188201904,2.5518081188201904,2.5477118492126465,2.5477118492126465,121603
2026-06-08 15:30:00,2.5477118492126465,2.5518081188201904,2.5436160564422607,2.5518081188201904,830886
2026-06-08 15:45:00,2.5477118492126465,2.5477118492126465,2.5436160564422607,2.5477118492126465,1022853
2026-06-08 16:00:00,2.5518081188201904,2.555903911590576,2.5436160564422607,2.5477118492126465,1718955
2026-06-08 16:15:00,2.5477118492126465,2.5518081188201904,2.5477118492126465,2.5518081188201904,1432508
2026-06-08 16:30:00,2.5477118492126465,2.5477118492126465,2.5436160564422607,2.5436160564422607,786328
2026-06-08 16:45:00,2.5477118492126465,2.5477118492126465,2.5436160564422607,2.5477118492126465,251212
2026-06-08 17:00:00,2.5436160564422607,2.5477118492126465,2.5436160564422607,2.5477118492126465,1556760
2026-06-08 17:15:00,2.5436160564422607,2.5477118492126465,2.539520025253296,2.5477118492126465,1540775
2026-06-08 17:30:00,2.5436160564422607,2.5436160564422607,2.539520025253296,2.5436160564422607,171997
2026-06-08 17:45:00,2.5477118492126465,2.5477118492126465,2.539520025253296,2.5436160564422607,1915397
2026-06-09 09:45:00,2.5477118492126465,2.5477118492126465,2.5477118492126465,2.5477118492126465,0
2026-06-09 10:00:00,2.5477118492126465,2.559999942779541,2.5436160564422607,2.555903911590576,1570217
2026-06-09 10:15:00,2.5436160564422607,2.5518081188201904,2.539520025253296,2.5477118492126465,1542420
2026-06-09 10:30:00,2.539520025253296,2.5436160564422607,2.535423994064331,2.539520025253296,573498
2026-06-09 10:45:00,2.535423994064331,2.5436160564422607,2.535423994064331,2.539520025253296,1432984
2026-06-09 11:00:00,2.539520025253296,2.539520025253296,2.531327962875366,2.531327962875366,564384
2026-06-09 11:15:00,2.535423994064331,2.5436160564422607,2.531327962875366,2.535423994064331,1242989
2026-06-09 11:30:00,2.535423994064331,2.5436160564422607,2.535423994064331,2.535423994064331,1340648
2026-06-09 11:45:00,2.539520025253296,2.539520025253296,2.535423994064331,2.539520025253296,193091
2026-06-09 12:00:00,2.539520025253296,2.539520025253296,2.535423994064331,2.535423994064331,108362
2026-06-09 12:15:00,2.539520025253296,2.539520025253296,2.535423994064331,2.535423994064331,161241
2026-06-09 12:30:00,2.5477118492126465,2.5477118492126465,2.535423994064331,2.539520025253296,1104973
2026-06-09 12:45:00,2.5436160564422607,2.5477118492126465,2.539520025253296,2.5477118492126465,498674
2026-06-09 13:00:00,2.539520025253296,2.5436160564422607,2.539520025253296,2.5436160564422607,114299
2026-06-09 13:15:00,2.539520025253296,2.5436160564422607,2.535423994064331,2.5436160564422607,394724
2026-06-09 13:30:00,2.539520025253296,2.539520025253296,2.535423994064331,2.539520025253296,44151
2026-06-09 13:45:00,2.539520025253296,2.539520025253296,2.535423994064331,2.539520025253296,109632
2026-06-09 14:00:00,2.535423994064331,2.539520025253296,2.535423994064331,2.535423994064331,193425
2026-06-09 14:15:00,2.539520025253296,2.539520025253296,2.535423994064331,2.539520025253296,243563
2026-06-09 14:30:00,2.539520025253296,2.539520025253296,2.531327962875366,2.535423994064331,249436
2026-06-09 14:45:00,2.5436160564422607,2.5518081188201904,2.535423994064331,2.539520025253296,1165307
2026-06-09 15:00:00,2.539520025253296,2.5477118492126465,2.535423994064331,2.5477118492126465,1182057
2026-06-09 15:15:00,2.539520025253296,2.5477118492126465,2.535423994064331,2.539520025253296,1116069
2026-06-09 15:30:00,2.535423994064331,2.539520025253296,2.535423994064331,2.535423994064331,709134
2026-06-09 15:45:00,2.539520025253296,2.539520025253296,2.531327962875366,2.535423994064331,760915
2026-06-09 16:00:00,2.535423994064331,2.539520025253296,2.531327962875366,2.535423994064331,1086665
2026-06-09 16:15:00,2.535423994064331,2.535423994064331,2.531327962875366,2.535423994064331,193311
2026-06-09 16:30:00,2.535423994064331,2.539520025253296,2.531327962875366,2.539520025253296,63517
2026-06-09 16:45:00,2.519040107727051,2.5477118492126465,2.519040107727051,2.535423994064331,1484609
2026-06-09 17:00:00,2.519040107727051,2.5272319316864014,2.514944076538086,2.5231359004974365,625409
2026-06-09 17:15:00,2.519040107727051,2.519040107727051,2.510848045349121,2.514944076538086,625048
2026-06-09 17:30:00,2.531327962875366,2.531327962875366,2.514944076538086,2.519040107727051,862165
2026-06-09 17:45:00,2.539520025253296,2.5436160564422607,2.5272319316864014,2.531327962875366,3016764
2026-06-10 09:45:00,2.539520025253296,2.539520025253296,2.539520025253296,2.539520025253296,0
2026-06-10 10:00:00,2.5518081188201904,2.5722882747650146,2.531327962875366,2.539520025253296,4115694
2026-06-10 10:15:00,2.555903911590576,2.555903911590576,2.5518081188201904,2.5518081188201904,1155942
2026-06-10 10:30:00,2.5518081188201904,2.559999942779541,2.5477118492126465,2.555903911590576,535129
2026-06-10 10:45:00,2.555903911590576,2.555903911590576,2.5477118492126465,2.5518081188201904,299324
2026-06-10 11:00:00,2.555903911590576,2.559999942779541,2.5518081188201904,2.555903911590576,1732409
2026-06-10 11:15:00,2.555903911590576,2.555903911590576,2.5518081188201904,2.555903911590576,117435
2026-06-10 11:30:00,2.555903911590576,2.559999942779541,2.5518081188201904,2.555903911590576,1272969
2026-06-10 11:45:00,2.555903911590576,2.555903911590576,2.5518081188201904,2.555903911590576,66830
2026-06-10 12:00:00,2.555903911590576,2.555903911590576,2.5518081188201904,2.555903911590576,388190
2026-06-10 12:15:00,2.559999942779541,2.564096212387085,2.5518081188201904,2.555903911590576,2237590
2026-06-10 12:30:00,2.555903911590576,2.564096212387085,2.555903911590576,2.559999942779541,2587199
2026-06-10 12:45:00,2.555903911590576,2.559999942779541,2.555903911590576,2.555903911590576,872611
2026-06-10 13:00:00,2.5477118492126465,2.559999942779541,2.5477118492126465,2.559999942779541,1287496
2026-06-10 13:15:00,2.5477118492126465,2.5518081188201904,2.5436160564422607,2.5477118492126465,823838
2026-06-10 13:30:00,2.5436160564422607,2.5477118492126465,2.535423994064331,2.5477118492126465,1875960
2026-06-10 13:45:00,2.539520025253296,2.5436160564422607,2.539520025253296,2.5436160564422607,316156
2026-06-10 14:00:00,2.531327962875366,2.5436160564422607,2.531327962875366,2.539520025253296,2405787
2026-06-10 14:15:00,2.535423994064331,2.5436160564422607,2.531327962875366,2.531327962875366,659532
2026-06-10 14:30:00,2.535423994064331,2.539520025253296,2.531327962875366,2.539520025253296,743453
2026-06-10 14:45:00,2.5436160564422607,2.5477118492126465,2.539520025253296,2.539520025253296,1135586
2026-06-10 15:00:00,2.5518081188201904,2.5518081188201904,2.5436160564422607,2.5436160564422607,1280199
2026-06-10 15:15:00,2.5477118492126465,2.5477118492126465,2.5436160564422607,2.5477118492126465,410269
2026-06-10 15:30:00,2.5436160564422607,2.5477118492126465,2.539520025253296,2.5477118492126465,750731
2026-06-10 15:45:00,2.5477118492126465,2.5477118492126465,2.5436160564422607,2.5477118492126465,87438
2026-06-10 16:00:00,2.5477118492126465,2.5518081188201904,2.5436160564422607,2.5477118492126465,138659
2026-06-10 16:15:00,2.5436160564422607,2.5477118492126465,2.539520025253296,2.5477118492126465,947641
2026-06-10 16:30:00,2.5477118492126465,2.5518081188201904,2.539520025253296,2.5436160564422607,587397
2026-06-10 16:45:00,2.5436160564422607,2.5477118492126465,2.5436160564422607,2.5477118492126465,965922
2026-06-10 17:00:00,2.539520025253296,2.5477118492126465,2.539520025253296,2.5436160564422607,538193
2026-06-10 17:15:00,2.5436160564422607,2.5436160564422607,2.539520025253296,2.539520025253296,125683
2026-06-10 17:30:00,2.5436160564422607,2.5436160564422607,2.539520025253296,2.539520025253296,737536
2026-06-10 17:45:00,2.5436160564422607,2.5477118492126465,2.539520025253296,2.5436160564422607,1476073
2026-06-11 09:45:00,2.555903911590576,2.555903911590576,2.555903911590576,2.555903911590576,0
2026-06-11 10:00:00,2.5477118492126465,2.559999942779541,2.535423994064331,2.5518081188201904,2078274
2026-06-11 10:15:00,2.5518081188201904,2.555903911590576,2.539520025253296,2.5436160564422607,969618
2026-06-11 10:30:00,2.5477118492126465,2.5518081188201904,2.5436160564422607,2.5518081188201904,368669
2026-06-11 10:45:00,2.5518081188201904,2.5518081188201904,2.539520025253296,2.5477118492126465,526697
2026-06-11 11:00:00,2.5477118492126465,2.555903911590576,2.5477118492126465,2.5518081188201904,2464185
2026-06-11 11:15:00,2.5477118492126465,2.5518081188201904,2.5477118492126465,2.5518081188201904,212888
2026-06-11 11:30:00,2.5518081188201904,2.5518081188201904,2.5477118492126465,2.5518081188201904,152442
2026-06-11 11:45:00,2.539520025253296,2.5518081188201904,2.535423994064331,2.5518081188201904,1370762
2026-06-11 12:00:00,2.539520025253296,2.539520025253296,2.535423994064331,2.539520025253296,160898
2026-06-11 12:15:00,2.539520025253296,2.539520025253296,2.535423994064331,2.539520025253296,85925
2026-06-11 12:30:00,2.5436160564422607,2.5436160564422607,2.535423994064331,2.539520025253296,518961
2026-06-11 12:45:00,2.5436160564422607,2.5477118492126465,2.539520025253296,2.5436160564422607,403872
2026-06-11 13:00:00,2.539520025253296,2.5436160564422607,2.535423994064331,2.5436160564422607,464946
2026-06-11 13:15:00,2.539520025253296,2.539520025253296,2.535423994064331,2.539520025253296,55498
2026-06-11 13:30:00,2.535423994064331,2.539520025253296,2.535423994064331,2.539520025253296,627937
2026-06-11 13:45:00,2.5436160564422607,2.5436160564422607,2.535423994064331,2.535423994064331,667995
2026-06-11 14:00:00,2.535423994064331,2.5477118492126465,2.535423994064331,2.5436160564422607,384441
2026-06-11 14:15:00,2.5477118492126465,2.5477118492126465,2.535423994064331,2.535423994064331,598085
2026-06-11 14:30:00,2.5436160564422607,2.5518081188201904,2.5436160564422607,2.5477118492126465,597594
2026-06-11 14:45:00,2.539520025253296,2.5436160564422607,2.539520025253296,2.5436160564422607,36221
2026-06-11 15:00:00,2.539520025253296,2.5436160564422607,2.535423994064331,2.5436160564422607,221042
2026-06-11 15:15:00,2.539520025253296,2.539520025253296,2.535423994064331,2.539520025253296,297075
2026-06-11 15:30:00,2.5272319316864014,2.539520025253296,2.5231359004974365,2.535423994064331,2251448
2026-06-11 15:45:00,2.531327962875366,2.535423994064331,2.5231359004974365,2.5272319316864014,801942
2026-06-11 16:00:00,2.531327962875366,2.535423994064331,2.5272319316864014,2.5272319316864014,259294
2026-06-11 16:15:00,2.531327962875366,2.535423994064331,2.5272319316864014,2.535423994064331,72801
2026-06-11 16:30:00,2.539520025253296,2.5436160564422607,2.531327962875366,2.531327962875366,1176442
2026-06-11 16:45:00,2.535423994064331,2.5436160564422607,2.531327962875366,2.539520025253296,347981
2026-06-11 17:00:00,2.535423994064331,2.535423994064331,2.531327962875366,2.535423994064331,181860
2026-06-11 17:15:00,2.535423994064331,2.539520025253296,2.531327962875366,2.535423994064331,841471
2026-06-11 17:30:00,2.535423994064331,2.539520025253296,2.531327962875366,2.535423994064331,949113
2026-06-11 17:45:00,2.535423994064331,2.535423994064331,2.531327962875366,2.535423994064331,1566499
2026-06-12 09:45:00,2.555903911590576,2.555903911590576,2.555903911590576,2.555903911590576,0
2026-06-12 10:00:00,2.559999942779541,2.588671922683716,2.555903911590576,2.559999942779541,4212175
2026-06-12 10:15:00,2.5518081188201904,2.559999942779541,2.5477118492126465,2.555903911590576,1368892
2026-06-12 10:30:00,2.559999942779541,2.559999942779541,2.5436160564422607,2.5477118492126465,997282
2026-06-12 10:45:00,2.5477118492126465,2.559999942779541,2.5477118492126465,2.559999942779541,614631
2026-06-12 11:00:00,2.559999942779541,2.564096212387085,2.5518081188201904,2.5518081188201904,1591318
2026-06-12 11:15:00,2.564096212387085,2.5722882747650146,2.555903911590576,2.559999942779541,4624160
2026-06-12 11:30:00,2.584575891494751,2.63372802734375,2.559999942779541,2.559999942779541,5696987
2026-06-12 11:45:00,2.588671922683716,2.588671922683716,2.584575891494751,2.588671922683716,402183
2026-06-12 12:00:00,2.588671922683716,2.5927679538726807,2.584575891494751,2.588671922683716,424925
2026-06-12 12:15:00,2.584575891494751,2.5927679538726807,2.5804800987243652,2.588671922683716,2427194
2026-06-12 12:30:00,2.5804800987243652,2.584575891494751,2.5804800987243652,2.584575891494751,330420
2026-06-12 12:45:00,2.584575891494751,2.584575891494751,2.5804800987243652,2.584575891494751,262665
2026-06-12 13:00:00,2.584575891494751,2.588671922683716,2.5804800987243652,2.584575891494751,520951
2026-06-12 13:15:00,2.5804800987243652,2.584575891494751,2.5763840675354004,2.584575891494751,1135287
2026-06-12 13:30:00,2.5763840675354004,2.584575891494751,2.5763840675354004,2.5804800987243652,1174356
2026-06-12 13:45:00,2.584575891494751,2.584575891494751,2.5763840675354004,2.5804800987243652,227064
2026-06-12 14:00:00,2.584575891494751,2.584575891494751,2.5804800987243652,2.5804800987243652,499997
2026-06-12 14:15:00,2.584575891494751,2.584575891494751,2.5804800987243652,2.5804800987243652,178740
2026-06-12 14:30:00,2.584575891494751,2.584575891494751,2.5763840675354004,2.584575891494751,490849
2026-06-12 14:45:00,2.584575891494751,2.584575891494751,2.5804800987243652,2.584575891494751,384786
2026-06-12 15:00:00,2.584575891494751,2.584575891494751,2.5804800987243652,2.584575891494751,80144
2026-06-12 15:15:00,2.5804800987243652,2.584575891494751,2.5804800987243652,2.584575891494751,80584
2026-06-12 15:30:00,2.5804800987243652,2.588671922683716,2.5804800987243652,2.5804800987243652,705535
2026-06-12 15:45:00,2.5804800987243652,2.584575891494751,2.5804800987243652,2.584575891494751,415655
2026-06-12 16:00:00,2.584575891494751,2.588671922683716,2.5804800987243652,2.584575891494751,956088
2026-06-12 16:15:00,2.588671922683716,2.588671922683716,2.5804800987243652,2.584575891494751,1168024
2026-06-12 16:30:00,2.5763840675354004,2.588671922683716,2.5763840675354004,2.588671922683716,2969749
2026-06-12 16:45:00,2.555903911590576,2.5763840675354004,2.555903911590576,2.5763840675354004,3961853
2026-06-12 17:00:00,2.559999942779541,2.5681920051574707,2.5518081188201904,2.555903911590576,1770814
2026-06-12 17:15:00,2.5722882747650146,2.5722882747650146,2.555903911590576,2.559999942779541,851023
2026-06-12 17:30:00,2.5722882747650146,2.5804800987243652,2.5722882747650146,2.5722882747650146,1552495
2026-06-12 17:45:00,2.5763840675354004,2.5763840675354004,2.5681920051574707,2.5681920051574707,2273061
2026-06-15 09:45:00,2.60915207862854,2.60915207862854,2.60915207862854,2.60915207862854,0
2026-06-15 10:00:00,2.6173439025878906,2.63372802734375,2.613248109817505,2.613248109817505,4843736
2026-06-15 10:15:00,2.6173439025878906,2.6214399337768555,2.60915207862854,2.6173439025878906,1804017
2026-06-15 10:30:00,2.6173439025878906,2.6255359649658203,2.613248109817505,2.613248109817505,888450
2026-06-15 10:45:00,2.6214399337768555,2.6214399337768555,2.613248109817505,2.6173439025878906,1137117
2026-06-15 11:00:00,2.6255359649658203,2.6992640495300293,2.613248109817505,2.6214399337768555,8682855
2026-06-15 11:15:00,2.629631996154785,2.63372802734375,2.6214399337768555,2.6255359649658203,2424947
2026-06-15 11:30:00,2.63372802734375,2.637824058532715,2.629631996154785,2.629631996154785,2582459
2026-06-15 11:45:00,2.637824058532715,2.637824058532715,2.629631996154785,2.63372802734375,1003313
2026-06-15 12:00:00,2.63372802734375,2.637824058532715,2.629631996154785,2.637824058532715,1078073
2026-06-15 12:15:00,2.6419200897216797,2.6460158824920654,2.63372802734375,2.63372802734375,906277
2026-06-15 12:30:00,2.6664962768554688,2.6664962768554688,2.6419200897216797,2.6419200897216797,5305252
2026-06-15 12:45:00,2.6705920696258545,2.6746881008148193,2.662400007247925,2.6664962768554688,2091967
2026-06-15 13:00:00,2.6705920696258545,2.6746881008148193,2.6664962768554688,2.6705920696258545,1601285
2026-06-15 13:15:00,2.6705920696258545,2.678783893585205,2.6664962768554688,2.6664962768554688,920871
2026-06-15 13:30:00,2.6705920696258545,2.678783893585205,2.6664962768554688,2.6746881008148193,2375764
2026-06-15 13:45:00,2.6705920696258545,2.6746881008148193,2.6664962768554688,2.6705920696258545,443423
2026-06-15 14:00:00,2.6705920696258545,2.6746881008148193,2.6664962768554688,2.6705920696258545,1077673
2026-06-15 14:15:00,2.6664962768554688,2.6705920696258545,2.662400007247925,2.6705920696258545,1109949
2026-06-15 14:30:00,2.6501119136810303,2.6705920696258545,2.6501119136810303,2.6664962768554688,1805407
2026-06-15 14:45:00,2.6419200897216797,2.654207944869995,2.637824058532715,2.6501119136810303,2387079
2026-06-15 15:00:00,2.6460158824920654,2.6460158824920654,2.6419200897216797,2.6419200897216797,483898
2026-06-15 15:15:00,2.654207944869995,2.654207944869995,2.6419200897216797,2.6460158824920654,790317
2026-06-15 15:30:00,2.6664962768554688,2.6664962768554688,2.654207944869995,2.654207944869995,1057615
2026-06-15 15:45:00,2.6664962768554688,2.6664962768554688,2.658303737640381,2.6664962768554688,923666
2026-06-15 16:00:00,2.662400007247925,2.6664962768554688,2.658303737640381,2.662400007247925,641043
2026-06-15 16:15:00,2.662400007247925,2.662400007247925,2.658303737640381,2.662400007247925,561495
2026-06-15 16:30:00,2.658303737640381,2.662400007247925,2.658303737640381,2.662400007247925,488848
2026-06-15 16:45:00,2.658303737640381,2.662400007247925,2.658303737640381,2.662400007247925,82740
2026-06-15 17:00:00,2.662400007247925,2.662400007247925,2.658303737640381,2.662400007247925,348000
2026-06-15 17:15:00,2.662400007247925,2.6664962768554688,2.658303737640381,2.662400007247925,1560537
2026-06-15 17:30:00,2.662400007247925,2.6664962768554688,2.658303737640381,2.658303737640381,792495
2026-06-15 17:45:00,2.6705920696258545,2.6705920696258545,2.658303737640381,2.662400007247925,3215594
2026-06-16 09:45:00,2.6746881008148193,2.6746881008148193,2.6746881008148193,2.6746881008148193,0
2026-06-16 10:00:00,2.654207944869995,2.678783893585205,2.6501119136810303,2.6705920696258545,2348093
2026-06-16 10:15:00,2.654207944869995,2.662400007247925,2.6501119136810303,2.658303737640381,864572
2026-06-16 10:30:00,2.654207944869995,2.658303737640381,2.6501119136810303,2.658303737640381,470190
2026-06-16 10:45:00,2.6501119136810303,2.654207944869995,2.6460158824920654,2.654207944869995,785513
2026-06-16 11:00:00,2.658303737640381,2.662400007247925,2.6460158824920654,2.654207944869995,1006694
2026-06-16 11:15:00,2.658303737640381,2.6664962768554688,2.654207944869995,2.662400007247925,768927
2026-06-16 11:30:00,2.637824058532715,2.658303737640381,2.637824058532715,2.658303737640381,1824683
2026-06-16 11:45:00,2.6460158824920654,2.6460158824920654,2.637824058532715,2.637824058532715,780519
2026-06-16 12:00:00,2.637824058532715,2.6460158824920654,2.63372802734375,2.6460158824920654,572838
2026-06-16 12:15:00,2.637824058532715,2.6419200897216797,2.629631996154785,2.637824058532715,1007670
2026-06-16 12:30:00,2.6419200897216797,2.6419200897216797,2.63372802734375,2.637824058532715,641129
2026-06-16 12:45:00,2.6419200897216797,2.6419200897216797,2.637824058532715,2.6419200897216797,331744
2026-06-16 13:00:00,2.6419200897216797,2.6419200897216797,2.63372802734375,2.6419200897216797,305243
2026-06-16 13:15:00,2.63372802734375,2.637824058532715,2.629631996154785,2.637824058532715,634876
2026-06-16 13:30:00,2.6255359649658203,2.63372802734375,2.6255359649658203,2.629631996154785,1064806
2026-06-16 13:45:00,2.63372802734375,2.63372802734375,2.6255359649658203,2.6255359649658203,797661
2026-06-16 14:00:00,2.637824058532715,2.6419200897216797,2.629631996154785,2.63372802734375,1239309
2026-06-16 14:15:00,2.63372802734375,2.637824058532715,2.629631996154785,2.637824058532715,734547
2026-06-16 14:30:00,2.637824058532715,2.637824058532715,2.629631996154785,2.63372802734375,231267
2026-06-16 14:45:00,2.629631996154785,2.637824058532715,2.6255359649658203,2.63372802734375,368395
2026-06-16 15:00:00,2.6255359649658203,2.629631996154785,2.6214399337768555,2.629631996154785,583707
2026-06-16 15:15:00,2.6214399337768555,2.6255359649658203,2.6173439025878906,2.6255359649658203,526160
2026-06-16 15:30:00,2.63372802734375,2.63372802734375,2.6173439025878906,2.6214399337768555,699619
2026-06-16 15:45:00,2.63372802734375,2.637824058532715,2.629631996154785,2.63372802734375,156836
2026-06-16 16:00:00,2.63372802734375,2.63372802734375,2.629631996154785,2.63372802734375,24744
2026-06-16 16:15:00,2.629631996154785,2.63372802734375,2.6255359649658203,2.63372802734375,209701
2026-06-16 16:30:00,2.6214399337768555,2.629631996154785,2.6214399337768555,2.6255359649658203,256923
2026-06-16 16:45:00,2.6255359649658203,2.6255359649658203,2.6214399337768555,2.6255359649658203,115990
2026-06-16 17:00:00,2.6255359649658203,2.629631996154785,2.6214399337768555,2.6214399337768555,306057
2026-06-16 17:15:00,2.6214399337768555,2.6255359649658203,2.6173439025878906,2.6255359649658203,1034834
2026-06-16 17:30:00,2.6173439025878906,2.6255359649658203,2.6173439025878906,2.6173439025878906,803484
2026-06-16 17:45:00,2.613248109817505,2.6214399337768555,2.60915207862854,2.6173439025878906,2089794
2026-06-17 09:45:00,2.6173439025878906,2.6173439025878906,2.6173439025878906,2.6173439025878906,0
2026-06-17 10:00:00,2.6009600162506104,2.6255359649658203,2.6009600162506104,2.6173439025878906,1184730
2026-06-17 10:15:00,2.5927679538726807,2.605056047439575,2.5927679538726807,2.6009600162506104,1010043
2026-06-17 10:30:00,2.605056047439575,2.605056047439575,2.5927679538726807,2.5968639850616455,665726
2026-06-17 10:45:00,2.6009600162506104,2.605056047439575,2.5804800987243652,2.605056047439575,2922994
2026-06-17 11:00:00,2.5968639850616455,2.6009600162506104,2.5968639850616455,2.6009600162506104,710665
2026-06-17 11:15:00,2.6173439025878906,2.6214399337768555,2.5968639850616455,2.5968639850616455,2063960
2026-06-17 11:30:00,2.6173439025878906,2.6214399337768555,2.613248109817505,2.6173439025878906,1746705
2026-06-17 11:45:00,2.6214399337768555,2.6255359649658203,2.6173439025878906,2.6173439025878906,510568
2026-06-17 12:00:00,2.6214399337768555,2.6214399337768555,2.6173439025878906,2.6214399337768555,63342
2026-06-17 12:15:00,2.613248109817505,2.6173439025878906,2.613248109817505,2.6173439025878906,384457
2026-06-17 12:30:00,2.6173439025878906,2.6173439025878906,2.613248109817505,2.613248109817505,116436
2026-06-17 12:45:00,2.6173439025878906,2.6173439025878906,2.613248109817505,2.613248109817505,51474
2026-06-17 13:00:00,2.6173439025878906,2.6173439025878906,2.613248109817505,2.613248109817505,131165
2026-06-17 13:15:00,2.6173439025878906,2.6173439025878906,2.613248109817505,2.6173439025878906,59711
2026-06-17 13:30:00,2.6173439025878906,2.6173439025878906,2.613248109817505,2.6173439025878906,22325
2026-06-17 13:45:00,2.6214399337768555,2.6214399337768555,2.613248109817505,2.613248109817505,470305
2026-06-17 14:00:00,2.6214399337768555,2.6214399337768555,2.6173439025878906,2.6214399337768555,102762
2026-06-17 14:15:00,2.6009600162506104,2.6214399337768555,2.6009600162506104,2.6214399337768555,3509121
2026-06-17 14:30:00,2.60915207862854,2.60915207862854,2.5968639850616455,2.6009600162506104,1710372
2026-06-17 14:45:00,2.6173439025878906,2.6173439025878906,2.605056047439575,2.60915207862854,856878
2026-06-17 15:00:00,2.6173439025878906,2.6214399337768555,2.613248109817505,2.6173439025878906,529757
2026-06-17 15:15:00,2.613248109817505,2.6173439025878906,2.60915207862854,2.613248109817505,376355
2026-06-17 15:30:00,2.60915207862854,2.613248109817505,2.605056047439575,2.613248109817505,806807
2026-06-17 15:45:00,2.613248109817505,2.613248109817505,2.605056047439575,2.60915207862854,419246
2026-06-17 16:00:00,2.60915207862854,2.613248109817505,2.605056047439575,2.613248109817505,321330
2026-06-17 16:15:00,2.6214399337768555,2.6214399337768555,2.5968639850616455,2.60915207862854,5356322
2026-06-17 16:30:00,2.60915207862854,2.637824058532715,2.605056047439575,2.6214399337768555,8068047
2026-06-17 16:45:00,2.605056047439575,2.6173439025878906,2.6009600162506104,2.613248109817505,3260924
2026-06-17 17:00:00,2.605056047439575,2.605056047439575,2.5927679538726807,2.6009600162506104,2585931
2026-06-17 17:15:00,2.6009600162506104,2.605056047439575,2.5968639850616455,2.6009600162506104,843870
2026-06-17 17:30:00,2.605056047439575,2.605056047439575,2.6009600162506104,2.605056047439575,491417
2026-06-17 17:45:00,2.6255359649658203,2.6255359649658203,2.6009600162506104,2.605056047439575,3129461
2026-06-18 09:45:00,2.629631996154785,2.629631996154785,2.629631996154785,2.629631996154785,0
2026-06-18 10:00:00,2.6255359649658203,2.637824058532715,2.6214399337768555,2.629631996154785,1566153
2026-06-18 10:15:00,2.6255359649658203,2.6255359649658203,2.6173439025878906,2.6214399337768555,401445
2026-06-18 10:30:00,2.6214399337768555,2.629631996154785,2.6214399337768555,2.6255359649658203,978178
2026-06-18 10:45:00,2.6255359649658203,2.629631996154785,2.6214399337768555,2.6255359649658203,450710
2026-06-18 11:00:00,2.6255359649658203,2.629631996154785,2.6214399337768555,2.6255359649658203,428061
2026-06-18 11:15:00,2.6255359649658203,2.629631996154785,2.6214399337768555,2.6255359649658203,968989
2026-06-18 11:30:00,2.6214399337768555,2.6255359649658203,2.6173439025878906,2.6214399337768555,1192708
2026-06-18 11:45:00,2.6173439025878906,2.6214399337768555,2.613248109817505,2.6214399337768555,1213292
2026-06-18 12:00:00,2.6173439025878906,2.6173439025878906,2.613248109817505,2.6173439025878906,590421
2026-06-18 12:15:00,2.6214399337768555,2.6214399337768555,2.613248109817505,2.613248109817505,201083
2026-06-18 12:30:00,2.6214399337768555,2.6214399337768555,2.6173439025878906,2.6214399337768555,147334
2026-06-18 12:45:00,2.6214399337768555,2.6214399337768555,2.6173439025878906,2.6214399337768555,135130
2026-06-18 13:00:00,2.6214399337768555,2.6214399337768555,2.6173439025878906,2.6214399337768555,355916
2026-06-18 13:15:00,2.6173439025878906,2.6214399337768555,2.613248109817505,2.6173439025878906,876023
2026-06-18 13:30:00,2.613248109817505,2.6173439025878906,2.60915207862854,2.6173439025878906,1087115
2026-06-18 13:45:00,2.6173439025878906,2.6173439025878906,2.60915207862854,2.613248109817505,697299
2026-06-18 14:00:00,2.613248109817505,2.6173439025878906,2.60915207862854,2.6173439025878906,581549
2026-06-18 14:15:00,2.613248109817505,2.6173439025878906,2.60915207862854,2.613248109817505,440546
2026-06-18 14:30:00,2.613248109817505,2.6173439025878906,2.60915207862854,2.613248109817505,633606
2026-06-18 14:45:00,2.613248109817505,2.613248109817505,2.60915207862854,2.613248109817505,457543
2026-06-18 15:00:00,2.63372802734375,2.63372802734375,2.60915207862854,2.613248109817505,3752924
2026-06-18 15:15:00,2.63372802734375,2.6419200897216797,2.629631996154785,2.63372802734375,1052896
2026-06-18 15:30:00,2.63372802734375,2.637824058532715,2.629631996154785,2.63372802734375,851818
2026-06-18 15:45:00,2.63372802734375,2.637824058532715,2.629631996154785,2.629631996154785,738189
2026-06-18 16:00:00,2.63372802734375,2.637824058532715,2.629631996154785,2.63372802734375,585498
2026-06-18 16:15:00,2.63372802734375,2.637824058532715,2.629631996154785,2.63372802734375,835577
2026-06-18 16:30:00,2.63372802734375,2.637824058532715,2.629631996154785,2.63372802734375,3210253
2026-06-18 16:45:00,2.63372802734375,2.63372802734375,2.629631996154785,2.629631996154785,369700
2026-06-18 17:00:00,2.63372802734375,2.63372802734375,2.629631996154785,2.629631996154785,325087
2026-06-18 17:15:00,2.654207944869995,2.654207944869995,2.629631996154785,2.63372802734375,4964526
2026-06-18 17:30:00,2.6501119136810303,2.654207944869995,2.6460158824920654,2.6460158824920654,4189324
2026-06-18 17:45:00,2.658303737640381,2.658303737640381,2.6460158824920654,2.6460158824920654,3979407
2026-06-19 09:45:00,2.658303737640381,2.658303737640381,2.658303737640381,2.658303737640381,0
2026-06-19 10:00:00,2.6746881008148193,2.68287992477417,2.6501119136810303,2.662400007247925,3851106
2026-06-19 10:15:00,2.68287992477417,2.6869759559631348,2.6705920696258545,2.6746881008148193,2571202
2026-06-19 10:30:00,2.678783893585205,2.68287992477417,2.6746881008148193,2.678783893585205,1480234
2026-06-19 10:45:00,2.6746881008148193,2.68287992477417,2.6705920696258545,2.68287992477417,1022527
2026-06-19 11:00:00,2.6746881008148193,2.678783893585205,2.6705920696258545,2.6746881008148193,601523
2026-06-19 11:15:00,2.6746881008148193,2.678783893585205,2.6705920696258545,2.6746881008148193,968343
2026-06-19 11:30:00,2.6746881008148193,2.6746881008148193,2.6705920696258545,2.6746881008148193,366644
2026-06-19 11:45:00,2.6705920696258545,2.6746881008148193,2.6705920696258545,2.6746881008148193,376310
2026-06-19 12:00:00,2.6705920696258545,2.6746881008148193,2.6705920696258545,2.6746881008148193,759690
2026-06-19 12:15:00,2.662400007247925,2.6705920696258545,2.658303737640381,2.6664962768554688,2183128
2026-06-19 12:30:00,2.658303737640381,2.662400007247925,2.654207944869995,2.662400007247925,1929136
2026-06-19 12:45:00,2.658303737640381,2.662400007247925,2.654207944869995,2.658303737640381,426966
2026-06-19 13:00:00,2.658303737640381,2.662400007247925,2.654207944869995,2.658303737640381,146594
2026-06-19 13:15:00,2.658303737640381,2.6664962768554688,2.658303737640381,2.662400007247925,574289
2026-06-19 13:30:00,2.658303737640381,2.662400007247925,2.654207944869995,2.662400007247925,265858
2026-06-19 13:45:00,2.658303737640381,2.662400007247925,2.658303737640381,2.662400007247925,159348
2026-06-19 14:00:00,2.658303737640381,2.662400007247925,2.658303737640381,2.662400007247925,485547
2026-06-19 14:15:00,2.662400007247925,2.662400007247925,2.658303737640381,2.658303737640381,211304
2026-06-19 14:30:00,2.658303737640381,2.662400007247925,2.658303737640381,2.662400007247925,338071
2026-06-19 14:45:00,2.662400007247925,2.662400007247925,2.658303737640381,2.662400007247925,124909
2026-06-19 15:00:00,2.662400007247925,2.662400007247925,2.658303737640381,2.662400007247925,85476
2026-06-19 15:15:00,2.662400007247925,2.6664962768554688,2.658303737640381,2.662400007247925,1162706
2026-06-19 15:30:00,2.662400007247925,2.662400007247925,2.658303737640381,2.662400007247925,172472
2026-06-19 15:45:00,2.662400007247925,2.6705920696258545,2.658303737640381,2.662400007247925,5696419
2026-06-19 16:00:00,2.662400007247925,2.6664962768554688,2.658303737640381,2.6664962768554688,782257
2026-06-19 16:15:00,2.6746881008148193,2.678783893585205,2.658303737640381,2.662400007247925,2005421
2026-06-19 16:30:00,2.6746881008148193,2.678783893585205,2.6705920696258545,2.6705920696258545,1016835
2026-06-19 16:45:00,2.6705920696258545,2.678783893585205,2.6705920696258545,2.6746881008148193,1207811
2026-06-19 17:00:00,2.68287992477417,2.68287992477417,2.6705920696258545,2.6746881008148193,2252492
2026-06-19 17:15:00,2.68287992477417,2.6869759559631348,2.678783893585205,2.678783893585205,2692542
2026-06-19 17:30:00,2.6746881008148193,2.68287992477417,2.6746881008148193,2.68287992477417,878759
2026-06-19 17:45:00,2.68287992477417,2.6869759559631348,2.6746881008148193,2.6746881008148193,1922143
2026-06-22 09:45:00,2.68287992477417,2.68287992477417,2.68287992477417,2.68287992477417,0
2026-06-22 10:00:00,2.678783893585205,2.6951680183410645,2.6746881008148193,2.68287992477417,1783956
2026-06-22 10:15:00,2.6869759559631348,2.6910719871520996,2.6746881008148193,2.678783893585205,1035360
2026-06-22 10:30:00,2.678783893585205,2.6869759559631348,2.6705920696258545,2.6869759559631348,1229329
2026-06-22 10:45:00,2.6869759559631348,2.6910719871520996,2.6746881008148193,2.678783893585205,1773393
2026-06-22 11:00:00,2.6869759559631348,2.6869759559631348,2.68287992477417,2.6869759559631348,454124
2026-06-22 11:15:00,2.6992640495300293,2.7156479358673096,2.6869759559631348,2.6869759559631348,4095983
2026-06-22 11:30:00,2.6992640495300293,2.6992640495300293,2.6910719871520996,2.6992640495300293,695828
2026-06-22 11:45:00,2.6951680183410645,2.6992640495300293,2.6910719871520996,2.6992640495300293,276384
2026-06-22 12:00:00,2.6992640495300293,2.6992640495300293,2.6869759559631348,2.6951680183410645,630933
2026-06-22 12:15:00,2.7115519046783447,2.7115519046783447,2.6951680183410645,2.6992640495300293,1160559
2026-06-22 12:30:00,2.7115519046783447,2.7156479358673096,2.707456111907959,2.7115519046783447,1131099
2026-06-22 12:45:00,2.703360080718994,2.7115519046783447,2.703360080718994,2.707456111907959,270094
2026-06-22 13:00:00,2.7115519046783447,2.7115519046783447,2.707456111907959,2.707456111907959,102740
2026-06-22 13:15:00,2.7156479358673096,2.7156479358673096,2.707456111907959,2.7115519046783447,341152
2026-06-22 13:30:00,2.7115519046783447,2.7156479358673096,2.6992640495300293,2.7156479358673096,1343040
2026-06-22 13:45:00,2.7115519046783447,2.7115519046783447,2.707456111907959,2.707456111907959,120944
2026-06-22 14:00:00,2.7115519046783447,2.7156479358673096,2.707456111907959,2.707456111907959,516613
2026-06-22 14:15:00,2.707456111907959,2.7115519046783447,2.703360080718994,2.707456111907959,216377
2026-06-22 14:30:00,2.703360080718994,2.707456111907959,2.703360080718994,2.707456111907959,164931
2026-06-22 14:45:00,2.707456111907959,2.707456111907959,2.6992640495300293,2.703360080718994,61990
2026-06-22 15:00:00,2.707456111907959,2.7115519046783447,2.703360080718994,2.707456111907959,277091
2026-06-22 15:15:00,2.7156479358673096,2.7156479358673096,2.707456111907959,2.707456111907959,320606
2026-06-22 15:30:00,2.7156479358673096,2.7197439670562744,2.7115519046783447,2.7156479358673096,663320
2026-06-22 15:45:00,2.7115519046783447,2.7197439670562744,2.707456111907959,2.7115519046783447,464937
2026-06-22 16:00:00,2.7115519046783447,2.7156479358673096,2.707456111907959,2.7156479358673096,805094
2026-06-22 16:15:00,2.7156479358673096,2.7156479358673096,2.707456111907959,2.7115519046783447,385782
2026-06-22 16:30:00,2.707456111907959,2.7238399982452393,2.707456111907959,2.7156479358673096,2083578
2026-06-22 16:45:00,2.703360080718994,2.7115519046783447,2.703360080718994,2.707456111907959,336422
2026-06-22 17:00:00,2.7156479358673096,2.7197439670562744,2.707456111907959,2.707456111907959,3283108
2026-06-22 17:15:00,2.703360080718994,2.7156479358673096,2.6992640495300293,2.7156479358673096,1205207
2026-06-22 17:30:00,2.707456111907959,2.7115519046783447,2.703360080718994,2.707456111907959,378706
2026-06-22 17:45:00,2.6951680183410645,2.707456111907959,2.6951680183410645,2.707456111907959,1414781
2026-06-23 09:45:00,2.703360080718994,2.703360080718994,2.703360080718994,2.703360080718994,0
2026-06-23 10:00:00,2.703360080718994,2.707456111907959,2.658303737640381,2.703360080718994,4276690
2026-06-23 10:15:00,2.703360080718994,2.703360080718994,2.6910719871520996,2.703360080718994,1863257
2026-06-23 10:30:00,2.707456111907959,2.7115519046783447,2.6992640495300293,2.6992640495300293,1199900
2026-06-23 10:45:00,2.703360080718994,2.7115519046783447,2.6951680183410645,2.707456111907959,691803
2026-06-23 11:00:00,2.7156479358673096,2.7156479358673096,2.6951680183410645,2.703360080718994,774610
2026-06-23 11:15:00,2.7115519046783447,2.7156479358673096,2.703360080718994,2.7115519046783447,562129
2026-06-23 11:30:00,2.7115519046783447,2.7156479358673096,2.707456111907959,2.7115519046783447,402789
2026-06-23 11:45:00,2.7156479358673096,2.7156479358673096,2.7115519046783447,2.7115519046783447,130944
2026-06-23 12:00:00,2.707456111907959,2.7197439670562744,2.703360080718994,2.7115519046783447,1127564
2026-06-23 12:15:00,2.707456111907959,2.707456111907959,2.703360080718994,2.703360080718994,418766
2026-06-23 12:30:00,2.703360080718994,2.707456111907959,2.703360080718994,2.707456111907959,61617
2026-06-23 12:45:00,2.6992640495300293,2.707456111907959,2.6951680183410645,2.707456111907959,942056
2026-06-23 13:00:00,2.68287992477417,2.6992640495300293,2.68287992477417,2.6992640495300293,1298144
2026-06-23 13:15:00,2.6910719871520996,2.6910719871520996,2.68287992477417,2.6869759559631348,438424
2026-06-23 13:30:00,2.6910719871520996,2.6910719871520996,2.68287992477417,2.6910719871520996,1285066
2026-06-23 13:45:00,2.6869759559631348,2.6910719871520996,2.68287992477417,2.6910719871520996,233082
2026-06-23 14:00:00,2.6869759559631348,2.6910719871520996,2.68287992477417,2.6869759559631348,141902
2026-06-23 14:15:00,2.6910719871520996,2.6910719871520996,2.6869759559631348,2.6910719871520996,166324
2026-06-23 14:30:00,2.678783893585205,2.6951680183410645,2.678783893585205,2.6869759559631348,1816412
2026-06-23 14:45:00,2.678783893585205,2.6869759559631348,2.6746881008148193,2.6869759559631348,713250
2026-06-23 15:00:00,2.63372802734375,2.678783893585205,2.629631996154785,2.678783893585205,6388781
2026-06-23 15:15:00,2.637824058532715,2.637824058532715,2.6214399337768555,2.63372802734375,2319250
2026-06-23 15:30:00,2.63372802734375,2.6419200897216797,2.63372802734375,2.637824058532715,612319
2026-06-23 15:45:00,2.637824058532715,2.6460158824920654,2.63372802734375,2.637824058532715,1109807
2026-06-23 16:00:00,2.637824058532715,2.6419200897216797,2.629631996154785,2.63372802734375,382701
2026-06-23 16:15:00,2.6255359649658203,2.637824058532715,2.6214399337768555,2.637824058532715,771850
2026-06-23 16:30:00,2.629631996154785,2.629631996154785,2.6255359649658203,2.6255359649658203,191224
2026-06-23 16:45:00,2.629631996154785,2.629631996154785,2.6255359649658203,2.629631996154785,207267
2026-06-23 17:00:00,2.629631996154785,2.629631996154785,2.6255359649658203,2.629631996154785,254785
2026-06-23 17:15:00,2.629631996154785,2.629631996154785,2.6214399337768555,2.629631996154785,1292093
2026-06-23 17:30:00,2.629631996154785,2.63372802734375,2.6255359649658203,2.629631996154785,572273
2026-06-23 17:45:00,2.629631996154785,2.629631996154785,2.6214399337768555,2.629631996154785,2321634
2026-06-24 09:45:00,2.63372802734375,2.63372802734375,2.63372802734375,2.63372802734375,0
2026-06-24 10:00:00,2.63372802734375,2.637824058532715,2.6214399337768555,2.63372802734375,1653053
2026-06-24 10:15:00,2.63372802734375,2.637824058532715,2.6255359649658203,2.63372802734375,1114064
2026-06-24 10:30:00,2.6501119136810303,2.6705920696258545,2.6255359649658203,2.629631996154785,3515469
2026-06-24 10:45:00,2.6460158824920654,2.6501119136810303,2.6460158824920654,2.6501119136810303,351750
2026-06-24 11:00:00,2.6419200897216797,2.6501119136810303,2.6419200897216797,2.6501119136810303,893671
2026-06-24 11:15:00,2.637824058532715,2.6460158824920654,2.637824058532715,2.6460158824920654,356740
2026-06-24 11:30:00,2.6419200897216797,2.6460158824920654,2.637824058532715,2.637824058532715,668228
2026-06-24 11:45:00,2.662400007247925,2.6664962768554688,2.637824058532715,2.6419200897216797,1951802
2026-06-24 12:00:00,2.6705920696258545,2.6746881008148193,2.658303737640381,2.662400007247925,1526780
2026-06-24 12:15:00,2.6664962768554688,2.6746881008148193,2.662400007247925,2.6705920696258545,1979504
2026-06-24 12:30:00,2.662400007247925,2.6664962768554688,2.662400007247925,2.6664962768554688,1070009
2026-06-24 12:45:00,2.662400007247925,2.662400007247925,2.658303737640381,2.658303737640381,513100
2026-06-24 13:00:00,2.654207944869995,2.662400007247925,2.6501119136810303,2.662400007247925,1458202
2026-06-24 13:15:00,2.6501119136810303,2.654207944869995,2.6460158824920654,2.6501119136810303,671971
2026-06-24 13:30:00,2.6501119136810303,2.6501119136810303,2.6460158824920654,2.6501119136810303,1031419
2026-06-24 13:45:00,2.654207944869995,2.654207944869995,2.6460158824920654,2.6501119136810303,442380
2026-06-24 14:00:00,2.6501119136810303,2.654207944869995,2.6460158824920654,2.654207944869995,201381
2026-06-24 14:15:00,2.6419200897216797,2.6501119136810303,2.6419200897216797,2.6501119136810303,394303
2026-06-24 14:30:00,2.6419200897216797,2.6460158824920654,2.6419200897216797,2.6460158824920654,111120
2026-06-24 14:45:00,2.6419200897216797,2.6460158824920654,2.637824058532715,2.6419200897216797,900831
2026-06-24 15:00:00,2.6460158824920654,2.6460158824920654,2.6419200897216797,2.6460158824920654,194063
2026-06-24 15:15:00,2.6501119136810303,2.654207944869995,2.6419200897216797,2.6460158824920654,686320
2026-06-24 15:30:00,2.658303737640381,2.662400007247925,2.6501119136810303,2.6501119136810303,840759
2026-06-24 15:45:00,2.662400007247925,2.662400007247925,2.654207944869995,2.654207944869995,224349
2026-06-24 16:00:00,2.658303737640381,2.662400007247925,2.654207944869995,2.662400007247925,167115
2026-06-24 16:15:00,2.654207944869995,2.658303737640381,2.6501119136810303,2.658303737640381,371633
2026-06-24 16:30:00,2.658303737640381,2.662400007247925,2.654207944869995,2.654207944869995,551862
2026-06-24 16:45:00,2.662400007247925,2.662400007247925,2.654207944869995,2.654207944869995,289915
2026-06-24 17:00:00,2.658303737640381,2.662400007247925,2.654207944869995,2.662400007247925,224428
2026-06-24 17:15:00,2.654207944869995,2.662400007247925,2.654207944869995,2.658303737640381,903966
2026-06-24 17:30:00,2.6664962768554688,2.6746881008148193,2.658303737640381,2.658303737640381,3872679
2026-06-24 17:45:00,2.6705920696258545,2.6746881008148193,2.6664962768554688,2.6664962768554688,2619299
2026-06-25 09:45:00,2.6746881008148193,2.6746881008148193,2.6746881008148193,2.6746881008148193,0
2026-06-25 10:00:00,2.68287992477417,2.6910719871520996,2.6746881008148193,2.6746881008148193,3505556
2026-06-25 10:15:00,2.678783893585205,2.68287992477417,2.6746881008148193,2.68287992477417,1154259
2026-06-25 10:30:00,2.6746881008148193,2.68287992477417,2.6746881008148193,2.678783893585205,1320788
2026-06-25 10:45:00,2.6746881008148193,2.678783893585205,2.6705920696258545,2.678783893585205,440908
2026-06-25 11:00:00,2.6746881008148193,2.678783893585205,2.6705920696258545,2.6746881008148193,400094
2026-06-25 11:15:00,2.678783893585205,2.678783893585205,2.6664962768554688,2.6746881008148193,625215
2026-06-25 11:30:00,2.6746881008148193,2.678783893585205,2.6705920696258545,2.6746881008148193,119088
2026-06-25 11:45:00,2.6746881008148193,2.68287992477417,2.6705920696258545,2.6746881008148193,820635
2026-06-25 12:00:00,2.6746881008148193,2.678783893585205,2.6705920696258545,2.6746881008148193,1220474
2026-06-25 12:15:00,2.6705920696258545,2.678783893585205,2.6664962768554688,2.678783893585205,1666893
2026-06-25 12:30:00,2.6705920696258545,2.6746881008148193,2.6664962768554688,2.6664962768554688,273499
2026-06-25 12:45:00,2.6705920696258545,2.6746881008148193,2.6705920696258545,2.6705920696258545,679067
2026-06-25 13:00:00,2.6664962768554688,2.6746881008148193,2.662400007247925,2.6705920696258545,842876
2026-06-25 13:15:00,2.662400007247925,2.6705920696258545,2.662400007247925,2.6664962768554688,264901
2026-06-25 13:30:00,2.6746881008148193,2.6746881008148193,2.6664962768554688,2.6664962768554688,185242
2026-06-25 13:45:00,2.6746881008148193,2.6746881008148193,2.6705920696258545,2.6705920696258545,362590
2026-06-25 14:00:00,2.6419200897216797,2.6746881008148193,2.637824058532715,2.6746881008148193,4680173
2026-06-25 14:15:00,2.6460158824920654,2.6664962768554688,2.63372802734375,2.6419200897216797,2557814
2026-06-25 14:30:00,2.662400007247925,2.662400007247925,2.6419200897216797,2.6460158824920654,1386396
2026-06-25 14:45:00,2.654207944869995,2.662400007247925,2.6460158824920654,2.654207944869995,3850847
2026-06-25 15:00:00,2.658303737640381,2.658303737640381,2.6460158824920654,2.654207944869995,1376566
2026-06-25 15:15:00,2.658303737640381,2.662400007247925,2.654207944869995,2.658303737640381,1098307
2026-06-25 15:30:00,2.654207944869995,2.658303737640381,2.6501119136810303,2.658303737640381,315574
2026-06-25 15:45:00,2.662400007247925,2.662400007247925,2.6460158824920654,2.654207944869995,1516628
2026-06-25 16:00:00,2.6664962768554688,2.6705920696258545,2.658303737640381,2.662400007247925,1269151
2026-06-25 16:15:00,2.662400007247925,2.6705920696258545,2.658303737640381,2.6664962768554688,1124393
2026-06-25 16:30:00,2.658303737640381,2.662400007247925,2.654207944869995,2.662400007247925,1959993
2026-06-25 16:45:00,2.662400007247925,2.662400007247925,2.654207944869995,2.658303737640381,938414
2026-06-25 17:00:00,2.658303737640381,2.6664962768554688,2.658303737640381,2.658303737640381,1097215
2026-06-25 17:15:00,2.662400007247925,2.6664962768554688,2.658303737640381,2.658303737640381,1366341
2026-06-25 17:30:00,2.662400007247925,2.662400007247925,2.658303737640381,2.662400007247925,1078264
2026-06-25 17:45:00,2.658303737640381,2.662400007247925,2.654207944869995,2.662400007247925,2414886
2026-06-26 09:45:00,3.6863999366760254,3.6863999366760254,3.6863999366760254,3.6863999366760254,0
2026-06-26 10:00:00,3.7248001098632812,3.808000087738037,3.680000066757202,3.7119998931884766,7982738
2026-06-26 10:15:00,3.7056000232696533,3.7248001098632812,3.6928000450134277,3.7248001098632812,1718522
2026-06-26 10:30:00,3.7119998931884766,3.7119998931884766,3.699199914932251,3.7056000232696533,470361
2026-06-26 10:45:00,3.7056000232696533,3.7119998931884766,3.699199914932251,3.7119998931884766,444025
2026-06-26 11:00:00,3.7119998931884766,3.7119998931884766,3.6928000450134277,3.7056000232696533,440448
2026-06-26 11:15:00,3.7056000232696533,3.7056000232696533,3.699199914932251,3.7056000232696533,222426
2026-06-26 11:30:00,3.699199914932251,3.7119998931884766,3.699199914932251,3.7056000232696533,152842
2026-06-26 11:45:00,3.699199914932251,3.7119998931884766,3.6928000450134277,3.699199914932251,482581
2026-06-26 12:00:00,3.6928000450134277,3.699199914932251,3.6928000450134277,3.6928000450134277,297342
2026-06-26 12:15:00,3.6863999366760254,3.699199914932251,3.6863999366760254,3.699199914932251,449586
2026-06-26 12:30:00,3.6863999366760254,3.699199914932251,3.6863999366760254,3.699199914932251,232838
2026-06-26 12:45:00,3.6928000450134277,3.699199914932251,3.6863999366760254,3.6928000450134277,593304
2026-06-26 13:00:00,3.6928000450134277,3.6928000450134277,3.6863999366760254,3.6928000450134277,210332
2026-06-26 13:15:00,3.6863999366760254,3.6928000450134277,3.680000066757202,3.6863999366760254,891503
2026-06-26 13:30:00,3.680000066757202,3.6863999366760254,3.680000066757202,3.6863999366760254,798357
2026-06-26 13:45:00,3.680000066757202,3.680000066757202,3.6735999584198,3.680000066757202,501745
2026-06-26 14:00:00,3.6735999584198,3.6863999366760254,3.6735999584198,3.6735999584198,394935
2026-06-26 14:15:00,3.6735999584198,3.680000066757202,3.6735999584198,3.680000066757202,454500
2026-06-26 14:30:00,3.6672000885009766,3.680000066757202,3.660799980163574,3.680000066757202,1009727
2026-06-26 14:45:00,3.660799980163574,3.6735999584198,3.660799980163574,3.6672000885009766,600373
2026-06-26 15:00:00,3.6672000885009766,3.6672000885009766,3.654400110244751,3.660799980163574,439302
2026-06-26 15:15:00,3.660799980163574,3.6672000885009766,3.654400110244751,3.6672000885009766,186702
2026-06-26 15:30:00,3.660799980163574,3.6672000885009766,3.660799980163574,3.6672000885009766,234027
2026-06-26 15:45:00,3.6735999584198,3.6735999584198,3.654400110244751,3.660799980163574,483360
2026-06-26 16:00:00,3.6735999584198,3.6735999584198,3.6672000885009766,3.6735999584198,571978
2026-06-26 16:15:00,3.6672000885009766,3.6735999584198,3.660799980163574,3.6735999584198,655075
2026-06-26 16:30:00,3.660799980163574,3.6672000885009766,3.654400110244751,3.6672000885009766,725611
2026-06-26 16:45:00,3.660799980163574,3.660799980163574,3.654400110244751,3.660799980163574,41533
2026-06-26 17:00:00,3.6672000885009766,3.6735999584198,3.654400110244751,3.660799980163574,514012
2026-06-26 17:15:00,3.6672000885009766,3.6735999584198,3.660799980163574,3.6672000885009766,382212
2026-06-26 17:30:00,3.7504000663757324,3.7504000663757324,3.660799980163574,3.6672000885009766,3288046
2026-06-26 17:45:00,3.782399892807007,3.7952001094818115,3.737600088119507,3.7567999362945557,5357976
2026-06-29 09:45:00,3.7504000663757324,3.7504000663757324,3.7504000663757324,3.7504000663757324,0
2026-06-29 10:00:00,3.7695999145507812,3.7952001094818115,3.7504000663757324,3.7504000663757324,1789210
2026-06-29 10:15:00,3.7695999145507812,3.782399892807007,3.763200044631958,3.763200044631958,445192
2026-06-29 10:30:00,3.7567999362945557,3.7760000228881836,3.7567999362945557,3.7760000228881836,555201
2026-06-29 10:45:00,3.7567999362945557,3.763200044631958,3.7504000663757324,3.763200044631958,582939
2026-06-29 11:00:00,3.74399995803833,3.7567999362945557,3.74399995803833,3.7504000663757324,754217
2026-06-29 11:15:00,3.74399995803833,3.7504000663757324,3.737600088119507,3.74399995803833,586944
2026-06-29 11:30:00,3.737600088119507,3.74399995803833,3.7311999797821045,3.737600088119507,283649
2026-06-29 11:45:00,3.737600088119507,3.737600088119507,3.7311999797821045,3.737600088119507,53460
2026-06-29 12:00:00,3.7567999362945557,3.7567999362945557,3.7311999797821045,3.737600088119507,679160
2026-06-29 12:15:00,3.7504000663757324,3.7567999362945557,3.74399995803833,3.7504000663757324,254219
2026-06-29 12:30:00,3.7567999362945557,3.7567999362945557,3.74399995803833,3.7567999362945557,150516
2026-06-29 12:45:00,3.7504000663757324,3.7567999362945557,3.7504000663757324,3.7567999362945557,26204
2026-06-29 13:00:00,3.7504000663757324,3.7567999362945557,3.7504000663757324,3.7567999362945557,125777
2026-06-29 13:15:00,3.7504000663757324,3.7504000663757324,3.74399995803833,3.7504000663757324,35788
2026-06-29 13:30:00,3.7504000663757324,3.7504000663757324,3.74399995803833,3.74399995803833,45307
2026-06-29 13:45:00,3.7567999362945557,3.7567999362945557,3.74399995803833,3.7504000663757324,133918
2026-06-29 14:00:00,3.7504000663757324,3.7567999362945557,3.74399995803833,3.7504000663757324,145406
2026-06-29 14:15:00,3.7504000663757324,3.7504000663757324,3.74399995803833,3.7504000663757324,295364
2026-06-29 14:30:00,3.74399995803833,3.7504000663757324,3.737600088119507,3.7504000663757324,523027
2026-06-29 14:45:00,3.74399995803833,3.74399995803833,3.737600088119507,3.737600088119507,10560
2026-06-29 15:00:00,3.7504000663757324,3.7567999362945557,3.737600088119507,3.74399995803833,1102149
2026-06-29 15:15:00,3.74399995803833,3.7567999362945557,3.74399995803833,3.74399995803833,210462
2026-06-29 15:30:00,3.74399995803833,3.7504000663757324,3.74399995803833,3.74399995803833,76958
2026-06-29 15:45:00,3.74399995803833,3.7504000663757324,3.74399995803833,3.74399995803833,109495
2026-06-29 16:00:00,3.74399995803833,3.74399995803833,3.737600088119507,3.737600088119507,29729
2026-06-29 16:15:00,3.7504000663757324,3.7504000663757324,3.737600088119507,3.74399995803833,134215
2026-06-29 16:30:00,3.7567999362945557,3.7567999362945557,3.74399995803833,3.7504000663757324,323248
2026-06-29 16:45:00,3.7504000663757324,3.7567999362945557,3.74399995803833,3.7567999362945557,313842
2026-06-29 17:00:00,3.7504000663757324,3.7504000663757324,3.74399995803833,3.7504000663757324,24253
2026-06-29 17:15:00,3.7504000663757324,3.7504000663757324,3.74399995803833,3.7504000663757324,329774
2026-06-29 17:30:00,3.7504000663757324,3.7504000663757324,3.74399995803833,3.7504000663757324,341501
2026-06-29 17:45:00,3.8015999794006348,3.8015999794006348,3.7504000663757324,3.7504000663757324,4755685
2026-06-30 09:45:00,5.920000076293945,5.920000076293945,5.920000076293945,5.920000076293945,0
2026-06-30 10:00:00,5.889999866485596,5.929999828338623,5.889999866485596,5.929999828338623,716435
2026-06-30 10:15:00,5.900000095367432,5.909999847412109,5.889999866485596,5.900000095367432,676129
2026-06-30 10:30:00,5.869999885559082,5.900000095367432,5.869999885559082,5.900000095367432,931027
2026-06-30 10:45:00,5.889999866485596,5.889999866485596,5.869999885559082,5.880000114440918,176881
2026-06-30 11:00:00,5.880000114440918,5.889999866485596,5.880000114440918,5.889999866485596,172755
2026-06-30 11:15:00,5.889999866485596,5.889999866485596,5.880000114440918,5.880000114440918,406147
2026-06-30 11:30:00,5.889999866485596,5.889999866485596,5.880000114440918,5.889999866485596,82379
2026-06-30 11:45:00,5.880000114440918,5.880000114440918,5.869999885559082,5.880000114440918,383620
2026-06-30 12:00:00,5.869999885559082,5.880000114440918,5.869999885559082,5.880000114440918,112141
2026-06-30 12:15:00,5.860000133514404,5.880000114440918,5.860000133514404,5.869999885559082,420892
2026-06-30 12:30:00,5.880000114440918,5.880000114440918,5.860000133514404,5.869999885559082,324037
2026-06-30 12:45:00,5.869999885559082,5.880000114440918,5.869999885559082,5.869999885559082,90788
2026-06-30 13:00:00,5.880000114440918,5.880000114440918,5.869999885559082,5.869999885559082,35669
2026-06-30 13:15:00,5.869999885559082,5.880000114440918,5.869999885559082,5.880000114440918,26034
2026-06-30 13:30:00,5.869999885559082,5.880000114440918,5.869999885559082,5.880000114440918,14338
2026-06-30 13:45:00,5.869999885559082,5.880000114440918,5.869999885559082,5.880000114440918,15010
2026-06-30 14:00:00,5.880000114440918,5.880000114440918,5.869999885559082,5.880000114440918,95234
2026-06-30 14:15:00,5.880000114440918,5.880000114440918,5.860000133514404,5.880000114440918,351750
2026-06-30 14:30:00,5.880000114440918,5.880000114440918,5.860000133514404,5.869999885559082,1138596
2026-06-30 14:45:00,5.869999885559082,5.880000114440918,5.860000133514404,5.880000114440918,386204
2026-06-30 15:00:00,5.869999885559082,5.869999885559082,5.860000133514404,5.869999885559082,277880
2026-06-30 15:15:00,5.869999885559082,5.869999885559082,5.860000133514404,5.869999885559082,994901
2026-06-30 15:30:00,5.869999885559082,5.869999885559082,5.860000133514404,5.869999885559082,77454
2026-06-30 15:45:00,5.860000133514404,5.869999885559082,5.849999904632568,5.869999885559082,1083655
2026-06-30 16:00:00,5.869999885559082,5.869999885559082,5.860000133514404,5.869999885559082,181901
2026-06-30 16:15:00,5.880000114440918,5.880000114440918,5.860000133514404,5.869999885559082,260290
2026-06-30 16:30:00,5.880000114440918,5.880000114440918,5.869999885559082,5.880000114440918,310941
2026-06-30 16:45:00,5.869999885559082,5.880000114440918,5.860000133514404,5.880000114440918,864174
2026-06-30 17:00:00,5.860000133514404,5.869999885559082,5.849999904632568,5.869999885559082,592551
2026-06-30 17:15:00,5.840000152587891,5.860000133514404,5.829999923706055,5.849999904632568,1347771
2026-06-30 17:30:00,5.849999904632568,5.849999904632568,5.829999923706055,5.840000152587891,1321696
2026-06-30 17:45:00,5.840000152587891,5.849999904632568,5.829999923706055,5.849999904632568,691451
2026-07-01 09:45:00,5.849999904632568,5.849999904632568,5.849999904632568,5.849999904632568,0
2026-07-01 10:00:00,5.820000171661377,5.860000133514404,5.809999942779541,5.849999904632568,882472
2026-07-01 10:15:00,5.809999942779541,5.829999923706055,5.800000190734863,5.829999923706055,965991
2026-07-01 10:30:00,5.820000171661377,5.820000171661377,5.800000190734863,5.809999942779541,431220
2026-07-01 10:45:00,5.809999942779541,5.829999923706055,5.809999942779541,5.820000171661377,455647
2026-07-01 11:00:00,5.829999923706055,5.829999923706055,5.809999942779541,5.809999942779541,173839
2026-07-01 11:15:00,5.820000171661377,5.829999923706055,5.820000171661377,5.829999923706055,151218
2026-07-01 11:30:00,5.820000171661377,5.820000171661377,5.809999942779541,5.809999942779541,412215
2026-07-01 11:45:00,5.809999942779541,5.809999942779541,5.800000190734863,5.809999942779541,720599
2026-07-01 12:00:00,5.800000190734863,5.809999942779541,5.800000190734863,5.809999942779541,287419
2026-07-01 12:15:00,5.809999942779541,5.809999942779541,5.800000190734863,5.800000190734863,114660
2026-07-01 12:30:00,5.789999961853027,5.809999942779541,5.789999961853027,5.800000190734863,340955
2026-07-01 12:45:00,5.78000020980835,5.800000190734863,5.78000020980835,5.800000190734863,391201
2026-07-01 13:00:00,5.840000152587891,5.849999904632568,5.769999980926514,5.78000020980835,2717157
2026-07-01 13:15:00,5.840000152587891,5.849999904632568,5.829999923706055,5.840000152587891,1782722
2026-07-01 13:30:00,5.829999923706055,5.849999904632568,5.829999923706055,5.840000152587891,254539
2026-07-01 13:45:00,5.840000152587891,5.840000152587891,5.829999923706055,5.840000152587891,229000
2026-07-01 14:00:00,5.829999923706055,5.840000152587891,5.820000171661377,5.840000152587891,760613
2026-07-01 14:15:00,5.829999923706055,5.829999923706055,5.809999942779541,5.829999923706055,520163
2026-07-01 14:30:00,5.829999923706055,5.829999923706055,5.809999942779541,5.829999923706055,346311
2026-07-01 14:45:00,5.820000171661377,5.829999923706055,5.809999942779541,5.820000171661377,314926
2026-07-01 15:00:00,5.809999942779541,5.820000171661377,5.809999942779541,5.820000171661377,704213
2026-07-01 15:15:00,5.800000190734863,5.820000171661377,5.800000190734863,5.820000171661377,904041
2026-07-01 15:30:00,5.800000190734863,5.809999942779541,5.800000190734863,5.800000190734863,178762
2026-07-01 15:45:00,5.789999961853027,5.809999942779541,5.789999961853027,5.809999942779541,357366
2026-07-01 16:00:00,5.800000190734863,5.800000190734863,5.789999961853027,5.789999961853027,188762
2026-07-01 16:15:00,5.809999942779541,5.809999942779541,5.789999961853027,5.800000190734863,266094
2026-07-01 16:30:00,5.800000190734863,5.809999942779541,5.800000190734863,5.800000190734863,50541
2026-07-01 16:45:00,5.800000190734863,5.809999942779541,5.800000190734863,5.809999942779541,212660
2026-07-01 17:00:00,5.800000190734863,5.809999942779541,5.789999961853027,5.800000190734863,499142
2026-07-01 17:15:00,5.800000190734863,5.809999942779541,5.789999961853027,5.800000190734863,518626
2026-07-01 17:30:00,5.789999961853027,5.809999942779541,5.769999980926514,5.789999961853027,1856964
2026-07-01 17:45:00,5.78000020980835,5.789999961853027,5.769999980926514,5.78000020980835,1124965
2026-07-02 09:45:00,5.769999980926514,5.769999980926514,5.769999980926514,5.769999980926514,0
2026-07-02 10:00:00,5.760000228881836,5.789999961853027,5.75,5.78000020980835,468864
2026-07-02 10:15:00,5.78000020980835,5.789999961853027,5.760000228881836,5.760000228881836,976733
2026-07-02 10:30:00,5.769999980926514,5.789999961853027,5.769999980926514,5.78000020980835,953505
2026-07-02 10:45:00,5.769999980926514,5.78000020980835,5.760000228881836,5.78000020980835,492736
2026-07-02 11:00:00,5.760000228881836,5.769999980926514,5.75,5.760000228881836,469306
2026-07-02 11:15:00,5.769999980926514,5.78000020980835,5.75,5.760000228881836,1145177
2026-07-02 11:30:00,5.769999980926514,5.769999980926514,5.760000228881836,5.769999980926514,227993
2026-07-02 11:45:00,5.769999980926514,5.769999980926514,5.760000228881836,5.769999980926514,480611
2026-07-02 12:00:00,5.760000228881836,5.78000020980835,5.760000228881836,5.760000228881836,187743
2026-07-02 12:15:00,5.769999980926514,5.769999980926514,5.75,5.760000228881836,753965
2026-07-02 12:30:00,5.769999980926514,5.78000020980835,5.760000228881836,5.769999980926514,602187
2026-07-02 12:45:00,5.769999980926514,5.78000020980835,5.760000228881836,5.769999980926514,320120
2026-07-02 13:00:00,5.769999980926514,5.769999980926514,5.760000228881836,5.769999980926514,146183
2026-07-02 13:15:00,5.760000228881836,5.769999980926514,5.75,5.760000228881836,648362
2026-07-02 13:30:00,5.760000228881836,5.760000228881836,5.75,5.760000228881836,214429
2026-07-02 13:45:00,5.760000228881836,5.760000228881836,5.75,5.760000228881836,310894
2026-07-02 14:00:00,5.75,5.760000228881836,5.739999771118164,5.75,483691
2026-07-02 14:15:00,5.739999771118164,5.75,5.730000019073486,5.75,240435
2026-07-02 14:30:00,5.730000019073486,5.739999771118164,5.730000019073486,5.739999771118164,50980
2026-07-02 14:45:00,5.730000019073486,5.739999771118164,5.71999979019165,5.730000019073486,186995
2026-07-02 15:00:00,5.730000019073486,5.730000019073486,5.71999979019165,5.730000019073486,294245
2026-07-02 15:15:00,5.730000019073486,5.739999771118164,5.71999979019165,5.71999979019165,317318
2026-07-02 15:30:00,5.710000038146973,5.730000019073486,5.699999809265137,5.730000019073486,637695
2026-07-02 15:45:00,5.679999828338623,5.710000038146973,5.679999828338623,5.710000038146973,1230456
2026-07-02 16:00:00,5.639999866485596,5.679999828338623,5.639999866485596,5.679999828338623,649515
2026-07-02 16:15:00,5.630000114440918,5.650000095367432,5.610000133514404,5.650000095367432,1311593
2026-07-02 16:30:00,5.639999866485596,5.639999866485596,5.630000114440918,5.630000114440918,298425
2026-07-02 16:45:00,5.639999866485596,5.639999866485596,5.630000114440918,5.639999866485596,92531
2026-07-02 17:00:00,5.630000114440918,5.639999866485596,5.630000114440918,5.639999866485596,249403
2026-07-02 17:15:00,5.650000095367432,5.650000095367432,5.630000114440918,5.639999866485596,276490
2026-07-02 17:30:00,5.630000114440918,5.650000095367432,5.630000114440918,5.639999866485596,367982
2026-07-02 17:45:00,5.639999866485596,5.639999866485596,5.619999885559082,5.639999866485596,754311
2026-07-03 09:45:00,5.650000095367432,5.650000095367432,5.650000095367432,5.650000095367432,0
2026-07-03 10:00:00,5.630000114440918,5.659999847412109,5.619999885559082,5.650000095367432,361314
2026-07-03 10:15:00,5.579999923706055,5.630000114440918,5.570000171661377,5.630000114440918,1180934
2026-07-03 10:30:00,5.559999942779541,5.579999923706055,5.550000190734863,5.579999923706055,439996
2026-07-03 10:45:00,5.510000228881836,5.559999942779541,5.5,5.550000190734863,1504170
2026-07-03 11:00:00,5.510000228881836,5.510000228881836,5.5,5.510000228881836,589199
2026-07-03 11:15:00,5.510000228881836,5.519999980926514,5.5,5.510000228881836,273183
2026-07-03 11:30:00,5.519999980926514,5.53000020980835,5.5,5.510000228881836,510898
2026-07-03 11:45:00,5.519999980926514,5.53000020980835,5.510000228881836,5.519999980926514,314051
2026-07-03 12:00:00,5.53000020980835,5.53000020980835,5.519999980926514,5.519999980926514,149454
2026-07-03 12:15:00,5.519999980926514,5.53000020980835,5.519999980926514,5.53000020980835,176100
2026-07-03 12:30:00,5.510000228881836,5.519999980926514,5.5,5.519999980926514,248562
2026-07-03 12:45:00,5.510000228881836,5.510000228881836,5.5,5.510000228881836,120466
2026-07-03 13:00:00,5.489999771118164,5.510000228881836,5.480000019073486,5.510000228881836,691545
2026-07-03 13:15:00,5.5,5.5,5.489999771118164,5.489999771118164,105737
2026-07-03 13:30:00,5.489999771118164,5.5,5.489999771118164,5.5,268570
2026-07-03 13:45:00,5.5,5.5,5.480000019073486,5.5,772686
2026-07-03 14:00:00,5.489999771118164,5.510000228881836,5.489999771118164,5.5,422229
2026-07-03 14:15:00,5.489999771118164,5.5,5.46999979019165,5.5,592536
2026-07-03 14:30:00,5.480000019073486,5.489999771118164,5.480000019073486,5.480000019073486,114609
2026-07-03 14:45:00,5.480000019073486,5.489999771118164,5.46999979019165,5.480000019073486,327936
2026-07-03 15:00:00,5.440000057220459,5.46999979019165,5.429999828338623,5.46999979019165,801898
2026-07-03 15:15:00,5.440000057220459,5.449999809265137,5.429999828338623,5.440000057220459,520606
2026-07-03 15:30:00,5.440000057220459,5.449999809265137,5.429999828338623,5.440000057220459,83271
2026-07-03 15:45:00,5.420000076293945,5.440000057220459,5.409999847412109,5.440000057220459,906468
2026-07-03 16:00:00,5.400000095367432,5.420000076293945,5.389999866485596,5.420000076293945,443214
2026-07-03 16:15:00,5.400000095367432,5.409999847412109,5.369999885559082,5.400000095367432,967344
2026-07-03 16:30:00,5.409999847412109,5.420000076293945,5.400000095367432,5.409999847412109,435448
2026-07-03 16:45:00,5.420000076293945,5.420000076293945,5.400000095367432,5.409999847412109,320367
2026-07-03 17:00:00,5.409999847412109,5.420000076293945,5.400000095367432,5.409999847412109,383525
2026-07-03 17:15:00,5.400000095367432,5.409999847412109,5.389999866485596,5.409999847412109,632573
2026-07-03 17:30:00,5.420000076293945,5.420000076293945,5.389999866485596,5.400000095367432,1512458
2026-07-03 17:45:00,5.380000114440918,5.420000076293945,5.380000114440918,5.420000076293945,1373552
2026-07-06 09:45:00,5.389999866485596,5.389999866485596,5.389999866485596,5.389999866485596,0
2026-07-06 10:00:00,5.389999866485596,5.400000095367432,5.380000114440918,5.389999866485596,728437
2026-07-06 10:15:00,5.360000133514404,5.389999866485596,5.360000133514404,5.389999866485596,521316
2026-07-06 10:30:00,5.349999904632568,5.380000114440918,5.340000152587891,5.369999885559082,1083406
2026-07-06 10:45:00,5.349999904632568,5.349999904632568,5.329999923706055,5.349999904632568,497811
2026-07-06 11:00:00,5.340000152587891,5.349999904632568,5.340000152587891,5.349999904632568,413593
2026-07-06 11:15:00,5.329999923706055,5.349999904632568,5.320000171661377,5.340000152587891,742211
2026-07-06 11:30:00,5.340000152587891,5.340000152587891,5.320000171661377,5.329999923706055,478777
2026-07-06 11:45:00,5.329999923706055,5.340000152587891,5.320000171661377,5.329999923706055,344398
2026-07-06 12:00:00,5.329999923706055,5.329999923706055,5.320000171661377,5.329999923706055,72034
2026-07-06 12:15:00,5.320000171661377,5.329999923706055,5.320000171661377,5.329999923706055,309485
2026-07-06 12:30:00,5.329999923706055,5.329999923706055,5.320000171661377,5.320000171661377,257044
2026-07-06 12:45:00,5.320000171661377,5.329999923706055,5.309999942779541,5.329999923706055,479335
2026-07-06 13:00:00,5.329999923706055,5.329999923706055,5.320000171661377,5.320000171661377,75571
2026-07-06 13:15:00,5.340000152587891,5.349999904632568,5.320000171661377,5.329999923706055,1301460
2026-07-06 13:30:00,5.349999904632568,5.349999904632568,5.340000152587891,5.340000152587891,271397
2026-07-06 13:45:00,5.340000152587891,5.349999904632568,5.340000152587891,5.340000152587891,127342
2026-07-06 14:00:00,5.420000076293945,5.429999828338623,5.340000152587891,5.349999904632568,2467630
2026-07-06 14:15:00,5.5,5.510000228881836,5.400000095367432,5.420000076293945,3894065
2026-07-06 14:30:00,5.480000019073486,5.5,5.46999979019165,5.5,1271707
2026-07-06 14:45:00,5.460000038146973,5.480000019073486,5.460000038146973,5.480000019073486,344205
2026-07-06 15:00:00,5.480000019073486,5.480000019073486,5.460000038146973,5.46999979019165,131876
2026-07-06 15:15:00,5.449999809265137,5.480000019073486,5.440000057220459,5.480000019073486,944439
2026-07-06 15:30:00,5.440000057220459,5.449999809265137,5.440000057220459,5.449999809265137,516635
2026-07-06 15:45:00,5.400000095367432,5.440000057220459,5.389999866485596,5.440000057220459,428459
2026-07-06 16:00:00,5.389999866485596,5.400000095367432,5.380000114440918,5.389999866485596,705041
2026-07-06 16:15:00,5.400000095367432,5.400000095367432,5.389999866485596,5.400000095367432,161495
2026-07-06 16:30:00,5.440000057220459,5.449999809265137,5.389999866485596,5.389999866485596,3563797
2026-07-06 16:45:00,5.460000038146973,5.46999979019165,5.429999828338623,5.440000057220459,1132175
2026-07-06 17:00:00,5.480000019073486,5.480000019073486,5.449999809265137,5.449999809265137,2036467
2026-07-06 17:15:00,5.46999979019165,5.480000019073486,5.46999979019165,5.46999979019165,302711
2026-07-06 17:30:00,5.480000019073486,5.480000019073486,5.46999979019165,5.480000019073486,153575
2026-07-06 17:45:00,5.5,5.5,5.460000038146973,5.46999979019165,2983276
2026-07-07 09:45:00,5.489999771118164,5.489999771118164,5.489999771118164,5.489999771118164,0
2026-07-07 10:00:00,5.46999979019165,5.489999771118164,5.460000038146973,5.489999771118164,960799
2026-07-07 10:15:00,5.480000019073486,5.489999771118164,5.460000038146973,5.46999979019165,520993
2026-07-07 10:30:00,5.480000019073486,5.489999771118164,5.46999979019165,5.480000019073486,252998
2026-07-07 10:45:00,5.46999979019165,5.489999771118164,5.46999979019165,5.480000019073486,517198
2026-07-07 11:00:00,5.46999979019165,5.480000019073486,5.46999979019165,5.46999979019165,168381
2026-07-07 11:15:00,5.480000019073486,5.480000019073486,5.46999979019165,5.46999979019165,157910
2026-07-07 11:30:00,5.46999979019165,5.480000019073486,5.46999979019165,5.480000019073486,94935
2026-07-07 11:45:00,5.46999979019165,5.480000019073486,5.46999979019165,5.46999979019165,131698
2026-07-07 12:00:00,5.460000038146973,5.46999979019165,5.460000038146973,5.46999979019165,305726
2026-07-07 12:15:00,5.440000057220459,5.46999979019165,5.440000057220459,5.460000038146973,931266
2026-07-07 12:30:00,5.429999828338623,5.449999809265137,5.420000076293945,5.449999809265137,527710
2026-07-07 12:45:00,5.409999847412109,5.429999828338623,5.409999847412109,5.429999828338623,430115
2026-07-07 13:00:00,5.429999828338623,5.440000057220459,5.409999847412109,5.420000076293945,318033
2026-07-07 13:15:00,5.449999809265137,5.460000038146973,5.429999828338623,5.440000057220459,297990
2026-07-07 13:30:00,5.449999809265137,5.449999809265137,5.440000057220459,5.449999809265137,80901
2026-07-07 13:45:00,5.460000038146973,5.460000038146973,5.440000057220459,5.440000057220459,336144
2026-07-07 14:00:00,5.460000038146973,5.460000038146973,5.449999809265137,5.449999809265137,13911
2026-07-07 14:15:00,5.460000038146973,5.46999979019165,5.449999809265137,5.460000038146973,125037
2026-07-07 14:30:00,5.449999809265137,5.460000038146973,5.440000057220459,5.460000038146973,302837
2026-07-07 14:45:00,5.460000038146973,5.460000038146973,5.440000057220459,5.449999809265137,86188
2026-07-07 15:00:00,5.480000019073486,5.480000019073486,5.460000038146973,5.460000038146973,394018
2026-07-07 15:15:00,5.489999771118164,5.489999771118164,5.46999979019165,5.480000019073486,1446523
2026-07-07 15:30:00,5.5,5.5,5.489999771118164,5.489999771118164,203834
2026-07-07 15:45:00,5.5,5.519999980926514,5.5,5.5,1977622
2026-07-07 16:00:00,5.5,5.510000228881836,5.489999771118164,5.510000228881836,813142
2026-07-07 16:15:00,5.5,5.510000228881836,5.489999771118164,5.5,482686
2026-07-07 16:30:00,5.489999771118164,5.5,5.489999771118164,5.5,162402
2026-07-07 16:45:00,5.489999771118164,5.5,5.480000019073486,5.489999771118164,561739
2026-07-07 17:00:00,5.480000019073486,5.5,5.46999979019165,5.489999771118164,453027
2026-07-07 17:15:00,5.480000019073486,5.489999771118164,5.46999979019165,5.46999979019165,520134
2026-07-07 17:30:00,5.480000019073486,5.480000019073486,5.460000038146973,5.480000019073486,1213807
2026-07-07 17:45:00,5.480000019073486,5.480000019073486,5.46999979019165,5.46999979019165,1523942
2026-07-08 09:45:00,5.449999809265137,5.449999809265137,5.449999809265137,5.449999809265137,0
2026-07-08 10:00:00,5.389999866485596,5.449999809265137,5.380000114440918,5.440000057220459,919853
2026-07-08 10:15:00,5.429999828338623,5.429999828338623,5.380000114440918,5.380000114440918,1258910
2026-07-08 10:30:00,5.429999828338623,5.440000057220459,5.429999828338623,5.440000057220459,372634
2026-07-08 10:45:00,5.429999828338623,5.440000057220459,5.420000076293945,5.440000057220459,179962
2026-07-08 11:00:00,5.420000076293945,5.429999828338623,5.409999847412109,5.429999828338623,591817
2026-07-08 11:15:00,5.380000114440918,5.420000076293945,5.369999885559082,5.420000076293945,1008947
2026-07-08 11:30:00,5.349999904632568,5.369999885559082,5.320000171661377,5.369999885559082,1584398
2026-07-08 11:45:00,5.309999942779541,5.349999904632568,5.300000190734863,5.340000152587891,1627268
2026-07-08 12:00:00,5.28000020980835,5.309999942779541,5.269999980926514,5.309999942779541,901193
2026-07-08 12:15:00,5.300000190734863,5.300000190734863,5.269999980926514,5.28000020980835,1167886
2026-07-08 12:30:00,5.309999942779541,5.309999942779541,5.289999961853027,5.300000190734863,374240
2026-07-08 12:45:00,5.300000190734863,5.309999942779541,5.289999961853027,5.309999942779541,496785
2026-07-08 13:00:00,5.300000190734863,5.300000190734863,5.289999961853027,5.300000190734863,94443
2026-07-08 13:15:00,5.300000190734863,5.300000190734863,5.269999980926514,5.289999961853027,356889
2026-07-08 13:30:00,5.300000190734863,5.309999942779541,5.289999961853027,5.300000190734863,212076
2026-07-08 13:45:00,5.300000190734863,5.300000190734863,5.28000020980835,5.289999961853027,344121
2026-07-08 14:00:00,5.300000190734863,5.309999942779541,5.289999961853027,5.289999961853027,240717
2026-07-08 14:15:00,5.289999961853027,5.300000190734863,5.28000020980835,5.289999961853027,234038
2026-07-08 14:30:00,5.309999942779541,5.309999942779541,5.28000020980835,5.289999961853027,429792
2026-07-08 14:45:00,5.320000171661377,5.320000171661377,5.309999942779541,5.309999942779541,190108
2026-07-08 15:00:00,5.320000171661377,5.320000171661377,5.300000190734863,5.309999942779541,322927
2026-07-08 15:15:00,5.320000171661377,5.329999923706055,5.320000171661377,5.320000171661377,149343
2026-07-08 15:30:00,5.340000152587891,5.340000152587891,5.320000171661377,5.320000171661377,245348
2026-07-08 15:45:00,5.340000152587891,5.360000133514404,5.329999923706055,5.340000152587891,169792
2026-07-08 16:00:00,5.360000133514404,5.360000133514404,5.329999923706055,5.329999923706055,296923
2026-07-08 16:15:00,5.349999904632568,5.360000133514404,5.340000152587891,5.360000133514404,418120
2026-07-08 16:30:00,5.340000152587891,5.349999904632568,5.309999942779541,5.329999923706055,610982
2026-07-08 16:45:00,5.340000152587891,5.349999904632568,5.329999923706055,5.329999923706055,161600
2026-07-08 17:00:00,5.340000152587891,5.349999904632568,5.329999923706055,5.349999904632568,108638
2026-07-08 17:15:00,5.340000152587891,5.349999904632568,5.329999923706055,5.329999923706055,231570
2026-07-08 17:30:00,5.329999923706055,5.340000152587891,5.320000171661377,5.340000152587891,274291
2026-07-08 17:45:00,5.300000190734863,5.329999923706055,5.300000190734863,5.320000171661377,795626
2026-07-09 09:45:00,5.320000171661377,5.320000171661377,5.320000171661377,5.320000171661377,0
2026-07-09 10:00:00,5.389999866485596,5.429999828338623,5.329999923706055,5.329999923706055,2018437
2026-07-09 10:15:00,5.400000095367432,5.420000076293945,5.380000114440918,5.389999866485596,1587667
2026-07-09 10:30:00,5.400000095367432,5.409999847412109,5.389999866485596,5.409999847412109,249064
2026-07-09 10:45:00,5.400000095367432,5.409999847412109,5.389999866485596,5.400000095367432,446686
2026-07-09 11:00:00,5.389999866485596,5.400000095367432,5.389999866485596,5.400000095367432,261564
2026-07-09 11:15:00,5.400000095367432,5.400000095367432,5.380000114440918,5.389999866485596,303228
2026-07-09 11:30:00,5.389999866485596,5.400000095367432,5.389999866485596,5.400000095367432,151349
2026-07-09 11:45:00,5.380000114440918,5.389999866485596,5.380000114440918,5.389999866485596,433385
2026-07-09 12:00:00,5.389999866485596,5.389999866485596,5.380000114440918,5.380000114440918,17866
2026-07-09 12:15:00,5.389999866485596,5.389999866485596,5.380000114440918,5.380000114440918,80630
2026-07-09 12:30:00,5.380000114440918,5.389999866485596,5.369999885559082,5.389999866485596,247145
2026-07-09 12:45:00,5.380000114440918,5.389999866485596,5.369999885559082,5.380000114440918,215708
2026-07-09 13:00:00,5.360000133514404,5.380000114440918,5.349999904632568,5.380000114440918,863929
2026-07-09 13:15:00,5.320000171661377,5.369999885559082,5.320000171661377,5.349999904632568,1123015
2026-07-09 13:30:00,5.329999923706055,5.349999904632568,5.320000171661377,5.320000171661377,1105557
2026-07-09 13:45:00,5.340000152587891,5.340000152587891,5.329999923706055,5.329999923706055,125265
2026-07-09 14:00:00,5.329999923706055,5.340000152587891,5.329999923706055,5.340000152587891,63833
2026-07-09 14:15:00,5.329999923706055,5.340000152587891,5.329999923706055,5.329999923706055,154057
2026-07-09 14:30:00,5.329999923706055,5.329999923706055,5.320000171661377,5.329999923706055,33446
2026-07-09 14:45:00,5.340000152587891,5.349999904632568,5.320000171661377,5.329999923706055,422976
2026-07-09 15:00:00,5.340000152587891,5.349999904632568,5.340000152587891,5.349999904632568,896572
2026-07-09 15:15:00,5.340000152587891,5.349999904632568,5.329999923706055,5.329999923706055,167715
2026-07-09 15:30:00,5.340000152587891,5.349999904632568,5.329999923706055,5.340000152587891,427866
2026-07-09 15:45:00,5.329999923706055,5.340000152587891,5.320000171661377,5.340000152587891,525073
2026-07-09 16:00:00,5.340000152587891,5.340000152587891,5.329999923706055,5.340000152587891,41805
2026-07-09 16:15:00,5.349999904632568,5.349999904632568,5.329999923706055,5.340000152587891,450838
2026-07-09 16:30:00,5.349999904632568,5.360000133514404,5.340000152587891,5.349999904632568,634831
2026-07-09 16:45:00,5.329999923706055,5.349999904632568,5.320000171661377,5.340000152587891,562448
2026-07-09 17:00:00,5.309999942779541,5.329999923706055,5.300000190734863,5.329999923706055,927371
2026-07-09 17:15:00,5.309999942779541,5.309999942779541,5.289999961853027,5.309999942779541,820892
2026-07-09 17:30:00,5.329999923706055,5.340000152587891,5.309999942779541,5.309999942779541,501062
2026-07-09 17:45:00,5.329999923706055,5.349999904632568,5.329999923706055,5.329999923706055,779182
2026-07-10 09:45:00,5.320000171661377,5.320000171661377,5.320000171661377,5.320000171661377,0
2026-07-10 10:00:00,5.349999904632568,5.360000133514404,5.320000171661377,5.320000171661377,1009089
2026-07-10 10:15:00,5.360000133514404,5.369999885559082,5.349999904632568,5.349999904632568,1731603
2026-07-10 10:30:00,5.360000133514404,5.369999885559082,5.349999904632568,5.360000133514404,1678236
2026-07-10 10:45:00,5.360000133514404,5.360000133514404,5.349999904632568,5.360000133514404,57481
2026-07-10 11:00:00,5.369999885559082,5.369999885559082,5.349999904632568,5.360000133514404,296843
2026-07-10 11:15:00,5.349999904632568,5.369999885559082,5.349999904632568,5.360000133514404,835000
2026-07-10 11:30:00,5.340000152587891,5.360000133514404,5.329999923706055,5.349999904632568,1043782
2026-07-10 11:45:00,5.329999923706055,5.340000152587891,5.329999923706055,5.340000152587891,340820
2026-07-10 12:00:00,5.320000171661377,5.340000152587891,5.320000171661377,5.329999923706055,281077
2026-07-10 12:15:00,5.340000152587891,5.340000152587891,5.320000171661377,5.329999923706055,302519
2026-07-10 12:30:00,5.340000152587891,5.340000152587891,5.329999923706055,5.340000152587891,165036
2026-07-10 12:45:00,5.349999904632568,5.349999904632568,5.340000152587891,5.340000152587891,292732
2026-07-10 13:00:00,5.329999923706055,5.349999904632568,5.320000171661377,5.349999904632568,690014
2026-07-10 13:15:00,5.329999923706055,5.329999923706055,5.320000171661377,5.329999923706055,147744
2026-07-10 13:30:00,5.329999923706055,5.340000152587891,5.320000171661377,5.329999923706055,166679
2026-07-10 13:45:00,5.320000171661377,5.329999923706055,5.320000171661377,5.329999923706055,69198
2026-07-10 14:00:00,5.349999904632568,5.349999904632568,5.320000171661377,5.329999923706055,685312
2026-07-10 14:15:00,5.340000152587891,5.349999904632568,5.340000152587891,5.349999904632568,693726
2026-07-10 14:30:00,5.340000152587891,5.349999904632568,5.340000152587891,5.340000152587891,481668
2026-07-10 14:45:00,5.340000152587891,5.340000152587891,5.329999923706055,5.340000152587891,135651
2026-07-10 15:00:00,5.340000152587891,5.340000152587891,5.329999923706055,5.340000152587891,759480
2026-07-10 15:15:00,5.360000133514404,5.360000133514404,5.329999923706055,5.340000152587891,2002509
2026-07-10 15:30:00,5.349999904632568,5.360000133514404,5.349999904632568,5.360000133514404,427410
2026-07-10 15:45:00,5.360000133514404,5.369999885559082,5.349999904632568,5.360000133514404,538132
2026-07-10 16:00:00,5.369999885559082,5.380000114440918,5.360000133514404,5.360000133514404,959156
2026-07-10 16:15:00,5.360000133514404,5.380000114440918,5.360000133514404,5.369999885559082,76504
2026-07-10 16:30:00,5.369999885559082,5.369999885559082,5.360000133514404,5.360000133514404,302858
2026-07-10 16:45:00,5.360000133514404,5.369999885559082,5.360000133514404,5.369999885559082,84823
2026-07-10 17:00:00,5.360000133514404,5.369999885559082,5.349999904632568,5.369999885559082,740054
2026-07-10 17:15:00,5.349999904632568,5.360000133514404,5.349999904632568,5.360000133514404,704201
2026-07-10 17:30:00,5.340000152587891,5.349999904632568,5.329999923706055,5.349999904632568,1802899
2026-07-10 17:45:00,5.420000076293945,5.420000076293945,5.329999923706055,5.340000152587891,3414759
2026-07-13 09:45:00,5.380000114440918,5.380000114440918,5.380000114440918,5.380000114440918,0
2026-07-13 10:00:00,5.369999885559082,5.389999866485596,5.340000152587891,5.380000114440918,1595753
2026-07-13 10:15:00,5.400000095367432,5.409999847412109,5.360000133514404,5.369999885559082,652027
2026-07-13 10:30:00,5.409999847412109,5.409999847412109,5.380000114440918,5.389999866485596,514945
2026-07-13 10:45:00,5.400000095367432,5.420000076293945,5.400000095367432,5.409999847412109,549994
2026-07-13 11:00:00,5.409999847412109,5.420000076293945,5.400000095367432,5.409999847412109,134443
2026-07-13 11:15:00,5.409999847412109,5.420000076293945,5.400000095367432,5.420000076293945,201615
2026-07-13 11:30:00,5.409999847412109,5.420000076293945,5.400000095367432,5.409999847412109,486379
2026-07-13 11:45:00,5.409999847412109,5.409999847412109,5.400000095367432,5.409999847412109,73463
2026-07-13 12:00:00,5.400000095367432,5.409999847412109,5.400000095367432,5.409999847412109,122712
2026-07-13 12:15:00,5.420000076293945,5.420000076293945,5.400000095367432,5.400000095367432,172602
2026-07-13 12:30:00,5.420000076293945,5.420000076293945,5.409999847412109,5.420000076293945,74941
2026-07-13 12:45:00,5.420000076293945,5.420000076293945,5.409999847412109,5.420000076293945,58135
2026-07-13 13:00:00,5.409999847412109,5.420000076293945,5.409999847412109,5.420000076293945,48480
2026-07-13 13:15:00,5.420000076293945,5.420000076293945,5.409999847412109,5.409999847412109,99617
2026-07-13 13:30:00,5.409999847412109,5.420000076293945,5.409999847412109,5.420000076293945,448953
2026-07-13 13:45:00,5.409999847412109,5.409999847412109,5.400000095367432,5.400000095367432,63678
2026-07-13 14:00:00,5.400000095367432,5.420000076293945,5.400000095367432,5.409999847412109,250213
2026-07-13 14:15:00,5.409999847412109,5.409999847412109,5.400000095367432,5.400000095367432,77688
2026-07-13 14:30:00,5.400000095367432,5.409999847412109,5.389999866485596,5.409999847412109,286303
2026-07-13 14:45:00,5.400000095367432,5.400000095367432,5.389999866485596,5.400000095367432,92462
2026-07-13 15:00:00,5.369999885559082,5.400000095367432,5.360000133514404,5.400000095367432,1129744
2026-07-13 15:15:00,5.389999866485596,5.389999866485596,5.369999885559082,5.369999885559082,413326
2026-07-13 15:30:00,5.369999885559082,5.380000114440918,5.369999885559082,5.380000114440918,206290
2026-07-13 15:45:00,5.380000114440918,5.380000114440918,5.369999885559082,5.380000114440918,48918
2026-07-13 16:00:00,5.380000114440918,5.380000114440918,5.369999885559082,5.380000114440918,69671
2026-07-13 16:15:00,5.380000114440918,5.380000114440918,5.369999885559082,5.369999885559082,113344
2026-07-13 16:30:00,5.360000133514404,5.380000114440918,5.360000133514404,5.380000114440918,225496
2026-07-13 16:45:00,5.380000114440918,5.380000114440918,5.360000133514404,5.369999885559082,191338
2026-07-13 17:00:00,5.380000114440918,5.389999866485596,5.369999885559082,5.380000114440918,106792
2026-07-13 17:15:00,5.429999828338623,5.440000057220459,5.360000133514404,5.380000114440918,3851955
2026-07-13 17:30:00,5.519999980926514,5.519999980926514,5.420000076293945,5.429999828338623,3692661
2026-07-13 17:45:00,5.639999866485596,5.670000076293945,5.489999771118164,5.519999980926514,17654462
2026-07-14 09:45:00,5.639999866485596,5.639999866485596,5.639999866485596,5.639999866485596,0
2026-07-14 10:00:00,5.539999961853027,5.639999866485596,5.53000020980835,5.639999866485596,2678539
2026-07-14 10:15:00,5.53000020980835,5.550000190734863,5.519999980926514,5.539999961853027,898825
2026-07-14 10:30:00,5.550000190734863,5.550000190734863,5.519999980926514,5.53000020980835,416042
2026-07-14 10:45:00,5.53000020980835,5.550000190734863,5.53000020980835,5.550000190734863,466334
2026-07-14 11:00:00,5.539999961853027,5.539999961853027,5.53000020980835,5.53000020980835,91770
2026-07-14 11:15:00,5.539999961853027,5.550000190734863,5.53000020980835,5.550000190734863,262671
2026-07-14 11:30:00,5.570000171661377,5.579999923706055,5.53000020980835,5.539999961853027,823746
2026-07-14 11:45:00,5.610000133514404,5.619999885559082,5.550000190734863,5.559999942779541,2578526
2026-07-14 12:00:00,5.610000133514404,5.610000133514404,5.599999904632568,5.610000133514404,521475
2026-07-14 12:15:00,5.579999923706055,5.610000133514404,5.579999923706055,5.599999904632568,763800
2026-07-14 12:30:00,5.570000171661377,5.590000152587891,5.570000171661377,5.590000152587891,596244
2026-07-14 12:45:00,5.570000171661377,5.579999923706055,5.570000171661377,5.579999923706055,27543
2026-07-14 13:00:00,5.559999942779541,5.579999923706055,5.559999942779541,5.579999923706055,406247
2026-07-14 13:15:00,5.570000171661377,5.579999923706055,5.559999942779541,5.559999942779541,199613
2026-07-14 13:30:00,5.570000171661377,5.579999923706055,5.570000171661377,5.570000171661377,239231
2026-07-14 13:45:00,5.579999923706055,5.579999923706055,5.559999942779541,5.570000171661377,97325
2026-07-14 14:00:00,5.579999923706055,5.579999923706055,5.559999942779541,5.579999923706055,141250
2026-07-14 14:15:00,5.599999904632568,5.599999904632568,5.570000171661377,5.570000171661377,984530
2026-07-14 14:30:00,5.599999904632568,5.610000133514404,5.590000152587891,5.599999904632568,442930
2026-07-14 14:45:00,5.579999923706055,5.599999904632568,5.579999923706055,5.590000152587891,608610
2026-07-14 15:00:00,5.570000171661377,5.579999923706055,5.570000171661377,5.579999923706055,361586
2026-07-14 15:15:00,5.579999923706055,5.579999923706055,5.570000171661377,5.579999923706055,142227
2026-07-14 15:30:00,5.579999923706055,5.599999904632568,5.579999923706055,5.579999923706055,551450
2026-07-14 15:45:00,5.610000133514404,5.619999885559082,5.579999923706055,5.579999923706055,2424716
2026-07-14 16:00:00,5.650000095367432,5.650000095367432,5.599999904632568,5.599999904632568,2541401
2026-07-14 16:15:00,5.659999847412109,5.670000076293945,5.639999866485596,5.650000095367432,1690813
2026-07-14 16:30:00,5.650000095367432,5.659999847412109,5.610000133514404,5.659999847412109,4201598
2026-07-14 16:45:00,5.639999866485596,5.679999828338623,5.639999866485596,5.650000095367432,2699029
2026-07-14 17:00:00,5.639999866485596,5.639999866485596,5.630000114440918,5.639999866485596,733355
2026-07-14 17:15:00,5.630000114440918,5.639999866485596,5.630000114440918,5.630000114440918,824500
2026-07-14 17:30:00,5.659999847412109,5.670000076293945,5.639999866485596,5.639999866485596,1368805
2026-07-14 17:45:00,5.650000095367432,5.659999847412109,5.639999866485596,5.659999847412109,1794296
2026-07-16 09:45:00,5.619999885559082,5.619999885559082,5.619999885559082,5.619999885559082,0
2026-07-16 10:00:00,5.610000133514404,5.639999866485596,5.610000133514404,5.630000114440918,426857
2026-07-16 10:15:00,5.630000114440918,5.630000114440918,5.610000133514404,5.619999885559082,195253
2026-07-16 10:30:00,5.619999885559082,5.630000114440918,5.610000133514404,5.630000114440918,613415
2026-07-16 10:45:00,5.630000114440918,5.630000114440918,5.610000133514404,5.619999885559082,297118
2026-07-16 11:00:00,5.630000114440918,5.639999866485596,5.619999885559082,5.619999885559082,561518
2026-07-16 11:15:00,5.630000114440918,5.630000114440918,5.619999885559082,5.630000114440918,638760
2026-07-16 11:30:00,5.630000114440918,5.639999866485596,5.619999885559082,5.639999866485596,482863
2026-07-16 11:45:00,5.639999866485596,5.639999866485596,5.619999885559082,5.630000114440918,579583
2026-07-16 12:00:00,5.639999866485596,5.650000095367432,5.639999866485596,5.639999866485596,814454
2026-07-16 12:15:00,5.639999866485596,5.650000095367432,5.630000114440918,5.639999866485596,55053
2026-07-16 12:30:00,5.619999885559082,5.639999866485596,5.619999885559082,5.639999866485596,431952
2026-07-16 12:45:00,5.630000114440918,5.630000114440918,5.619999885559082,5.619999885559082,126789
2026-07-16 13:00:00,5.619999885559082,5.630000114440918,5.619999885559082,5.630000114440918,2492
2026-07-16 13:15:00,5.639999866485596,5.639999866485596,5.619999885559082,5.619999885559082,89425
2026-07-16 13:30:00,5.630000114440918,5.639999866485596,5.630000114440918,5.639999866485596,441634
2026-07-16 13:45:00,5.610000133514404,5.630000114440918,5.610000133514404,5.630000114440918,947212
2026-07-16 14:00:00,5.610000133514404,5.619999885559082,5.599999904632568,5.619999885559082,473517
2026-07-16 14:15:00,5.599999904632568,5.610000133514404,5.599999904632568,5.610000133514404,506589
2026-07-16 14:30:00,5.610000133514404,5.610000133514404,5.599999904632568,5.599999904632568,213813
2026-07-16 14:45:00,5.610000133514404,5.610000133514404,5.599999904632568,5.599999904632568,90362
2026-07-16 15:00:00,5.610000133514404,5.610000133514404,5.599999904632568,5.610000133514404,398931
2026-07-16 15:15:00,5.610000133514404,5.610000133514404,5.599999904632568,5.599999904632568,39303
2026-07-16 15:30:00,5.599999904632568,5.610000133514404,5.599999904632568,5.610000133514404,18485
2026-07-16 15:45:00,5.610000133514404,5.610000133514404,5.599999904632568,5.610000133514404,12804
2026-07-16 16:00:00,5.610000133514404,5.610000133514404,5.599999904632568,5.610000133514404,555803
2026-07-16 16:15:00,5.610000133514404,5.610000133514404,5.590000152587891,5.610000133514404,330764
2026-07-16 16:30:00,5.599999904632568,5.610000133514404,5.599999904632568,5.610000133514404,109826
2026-07-16 16:45:00,5.610000133514404,5.610000133514404,5.599999904632568,5.599999904632568,112821
2026-07-16 17:00:00,5.619999885559082,5.619999885559082,5.599999904632568,5.610000133514404,310055
2026-07-16 17:15:00,5.650000095367432,5.659999847412109,5.599999904632568,5.610000133514404,2079325
2026-07-16 17:30:00,5.639999866485596,5.650000095367432,5.639999866485596,5.639999866485596,227876
2026-07-16 17:45:00,5.639999866485596,5.650000095367432,5.639999866485596,5.639999866485596,1283331
2026-07-17 12:00:00,5.630000114440918,5.639999866485596,5.630000114440918,5.630000114440918,245795
2026-07-17 12:15:00,5.619999885559082,5.639999866485596,5.619999885559082,5.630000114440918,233507
2026-07-17 12:30:00,5.610000133514404,5.630000114440918,5.599999904632568,5.619999885559082,610791
2026-07-17 12:45:00,5.610000133514404,5.610000133514404,5.599999904632568,5.599999904632568,382083
2026-07-17 13:00:00,5.599999904632568,5.610000133514404,5.599999904632568,5.610000133514404,218531
2026-07-17 13:15:00,5.590000152587891,5.599999904632568,5.579999923706055,5.599999904632568,477221
2026-07-17 13:30:00,5.559999942779541,5.590000152587891,5.559999942779541,5.579999923706055,419646
2026-07-17 13:45:00,5.570000171661377,5.570000171661377,5.559999942779541,5.570000171661377,312671
2026-07-17 14:00:00,5.610000133514404,5.619999885559082,5.570000171661377,5.579999923706055,1044926
2026-07-17 14:15:00,5.610000133514404,5.619999885559082,5.610000133514404,5.610000133514404,454433
2026-07-17 14:30:00,5.590000152587891,5.610000133514404,5.590000152587891,5.610000133514404,763543
2026-07-17 14:45:00,5.590000152587891,5.599999904632568,5.590000152587891,5.590000152587891,286986
2026-07-17 15:00:00,5.610000133514404,5.610000133514404,5.590000152587891,5.590000152587891,314433
2026-07-17 15:15:00,5.610000133514404,5.610000133514404,5.599999904632568,5.610000133514404,91438
2026-07-17 15:30:00,5.610000133514404,5.610000133514404,5.599999904632568,5.599999904632568,55304
2026-07-17 15:45:00,5.610000133514404,5.610000133514404,5.599999904632568,5.610000133514404,15603
2026-07-17 16:00:00,5.599999904632568,5.610000133514404,5.599999904632568,5.599999904632568,68519
2026-07-17 16:15:00,5.599999904632568,5.610000133514404,5.599999904632568,5.610000133514404,620009
2026-07-17 16:30:00,5.599999904632568,5.610000133514404,5.590000152587891,5.599999904632568,367015
2026-07-17 16:45:00,5.599999904632568,5.610000133514404,5.590000152587891,5.599999904632568,673809
2026-07-17 17:00:00,5.599999904632568,5.610000133514404,5.590000152587891,5.599999904632568,179702
2026-07-17 17:15:00,5.590000152587891,5.599999904632568,5.590000152587891,5.599999904632568,147892
2026-07-17 17:30:00,5.579999923706055,5.599999904632568,5.579999923706055,5.590000152587891,504271
2026-07-17 17:45:00,5.590000152587891,5.599999904632568,5.579999923706055,5.590000152587891,1310743
2026-07-20 09:45:00,5.579999923706055,5.579999923706055,5.579999923706055,5.579999923706055,0
2026-07-20 10:00:00,5.559999942779541,5.590000152587891,5.559999942779541,5.590000152587891,761193
2026-07-20 10:15:00,5.590000152587891,5.590000152587891,5.559999942779541,5.559999942779541,383054
2026-07-20 10:30:00,5.570000171661377,5.590000152587891,5.559999942779541,5.590000152587891,296461
2026-07-20 10:45:00,5.579999923706055,5.579999923706055,5.559999942779541,5.570000171661377,586312
2026-07-20 11:00:00,5.579999923706055,5.590000152587891,5.570000171661377,5.579999923706055,484510
2026-07-20 11:15:00,5.570000171661377,5.579999923706055,5.570000171661377,5.570000171661377,207059
2026-07-20 11:30:00,5.570000171661377,5.579999923706055,5.559999942779541,5.570000171661377,458815
2026-07-20 11:45:00,5.570000171661377,5.579999923706055,5.559999942779541,5.570000171661377,355314
2026-07-20 12:00:00,5.590000152587891,5.590000152587891,5.570000171661377,5.570000171661377,836054
2026-07-20 12:15:00,5.579999923706055,5.590000152587891,5.579999923706055,5.579999923706055,118417
2026-07-20 12:30:00,5.579999923706055,5.590000152587891,5.579999923706055,5.579999923706055,206504
2026-07-20 12:45:00,5.599999904632568,5.599999904632568,5.579999923706055,5.590000152587891,521821
2026-07-20 13:00:00,5.590000152587891,5.599999904632568,5.590000152587891,5.599999904632568,160515
2026-07-20 13:15:00,5.599999904632568,5.599999904632568,5.590000152587891,5.590000152587891,129574
2026-07-20 13:30:00,5.590000152587891,5.599999904632568,5.579999923706055,5.599999904632568,206186
2026-07-20 13:45:00,5.599999904632568,5.599999904632568,5.590000152587891,5.599999904632568,168330
2026-07-20 14:00:00,5.610000133514404,5.610000133514404,5.590000152587891,5.590000152587891,1741676
2026-07-20 14:15:00,5.599999904632568,5.619999885559082,5.599999904632568,5.619999885559082,271788
2026-07-20 14:30:00,5.610000133514404,5.610000133514404,5.599999904632568,5.599999904632568,203847
2026-07-20 14:45:00,5.610000133514404,5.610000133514404,5.599999904632568,5.610000133514404,503317
2026-07-20 15:00:00,5.610000133514404,5.610000133514404,5.599999904632568,5.610000133514404,478514
2026-07-20 15:15:00,5.599999904632568,5.610000133514404,5.599999904632568,5.610000133514404,1001097
2026-07-20 15:30:00,5.610000133514404,5.610000133514404,5.599999904632568,5.599999904632568,19192
2026-07-20 15:45:00,5.599999904632568,5.610000133514404,5.599999904632568,5.610000133514404,63015
2026-07-20 16:00:00,5.599999904632568,5.610000133514404,5.590000152587891,5.610000133514404,537439
2026-07-20 16:15:00,5.579999923706055,5.599999904632568,5.579999923706055,5.590000152587891,477548
2026-07-20 16:30:00,5.590000152587891,5.590000152587891,5.579999923706055,5.579999923706055,143464
2026-07-20 16:45:00,5.579999923706055,5.590000152587891,5.579999923706055,5.590000152587891,575302
2026-07-20 17:00:00,5.590000152587891,5.590000152587891,5.579999923706055,5.579999923706055,484448
2026-07-20 17:15:00,5.570000171661377,5.590000152587891,5.570000171661377,5.590000152587891,768935
2026-07-20 17:30:00,5.550000190734863,5.579999923706055,5.550000190734863,5.570000171661377,849721
2026-07-20 17:45:00,5.539999961853027,5.570000171661377,5.539999961853027,5.559999942779541,1492282
2026-07-21 09:45:00,5.550000190734863,5.550000190734863,5.550000190734863,5.550000190734863,0
2026-07-21 10:00:00,5.539999961853027,5.559999942779541,5.519999980926514,5.559999942779541,1446343
2026-07-21 10:15:00,5.539999961853027,5.550000190734863,5.539999961853027,5.539999961853027,220565
2026-07-21 10:30:00,5.550000190734863,5.570000171661377,5.53000020980835,5.53000020980835,656448
2026-07-21 10:45:00,5.559999942779541,5.559999942779541,5.550000190734863,5.550000190734863,19769
2026-07-21 11:00:00,5.550000190734863,5.559999942779541,5.539999961853027,5.559999942779541,409089
2026-07-21 11:15:00,5.550000190734863,5.559999942779541,5.539999961853027,5.550000190734863,64583
2026-07-21 11:30:00,5.550000190734863,5.559999942779541,5.539999961853027,5.550000190734863,95147
2026-07-21 11:45:00,5.550000190734863,5.550000190734863,5.539999961853027,5.550000190734863,174149
2026-07-21 12:00:00,5.550000190734863,5.550000190734863,5.539999961853027,5.550000190734863,62908
2026-07-21 12:15:00,5.550000190734863,5.550000190734863,5.539999961853027,5.550000190734863,2675
2026-07-21 12:30:00,5.539999961853027,5.550000190734863,5.539999961853027,5.550000190734863,279463
2026-07-21 12:45:00,5.539999961853027,5.550000190734863,5.53000020980835,5.539999961853027,230650
2026-07-21 13:00:00,5.539999961853027,5.539999961853027,5.53000020980835,5.539999961853027,2203
2026-07-21 13:15:00,5.550000190734863,5.550000190734863,5.53000020980835,5.53000020980835,410013
2026-07-21 13:30:00,5.550000190734863,5.550000190734863,5.539999961853027,5.550000190734863,87320
2026-07-21 13:45:00,5.539999961853027,5.550000190734863,5.539999961853027,5.539999961853027,338238
2026-07-21 14:00:00,5.550000190734863,5.550000190734863,5.539999961853027,5.539999961853027,81241
2026-07-21 14:15:00,5.550000190734863,5.550000190734863,5.539999961853027,5.539999961853027,393214
2026-07-21 14:30:00,5.550000190734863,5.550000190734863,5.539999961853027,5.539999961853027,280414
2026-07-21 14:45:00,5.539999961853027,5.550000190734863,5.539999961853027,5.550000190734863,148633
2026-07-21 15:00:00,5.550000190734863,5.550000190734863,5.539999961853027,5.550000190734863,326176
2026-07-21 15:15:00,5.550000190734863,5.550000190734863,5.539999961853027,5.550000190734863,19420
2026-07-21 15:30:00,5.53000020980835,5.550000190734863,5.53000020980835,5.550000190734863,344513
2026-07-21 15:45:00,5.539999961853027,5.539999961853027,5.53000020980835,5.53000020980835,28019
2026-07-21 16:00:00,5.53000020980835,5.539999961853027,5.53000020980835,5.53000020980835,41233
2026-07-21 16:15:00,5.53000020980835,5.539999961853027,5.53000020980835,5.53000020980835,484756
2026-07-21 16:30:00,5.519999980926514,5.53000020980835,5.519999980926514,5.53000020980835,220942
2026-07-21 16:45:00,5.519999980926514,5.53000020980835,5.519999980926514,5.519999980926514,92301
2026-07-21 17:00:00,5.519999980926514,5.53000020980835,5.519999980926514,5.519999980926514,103129
2026-07-21 17:15:00,5.53000020980835,5.53000020980835,5.519999980926514,5.53000020980835,86223
2026-07-21 17:30:00,5.53000020980835,5.53000020980835,5.519999980926514,5.519999980926514,51941
2026-07-21 17:45:00,5.519999980926514,5.53000020980835,5.510000228881836,5.519999980926514,1323569
2026-07-22 09:45:00,5.519999980926514,5.519999980926514,5.519999980926514,5.519999980926514,0
2026-07-22 10:00:00,5.5,5.53000020980835,5.489999771118164,5.53000020980835,405866
2026-07-22 10:15:00,5.539999961853027,5.550000190734863,5.510000228881836,5.510000228881836,1183709
2026-07-22 10:30:00,5.53000020980835,5.539999961853027,5.53000020980835,5.539999961853027,85608
2026-07-22 10:45:00,5.539999961853027,5.539999961853027,5.53000020980835,5.539999961853027,302048
2026-07-22 11:00:00,5.53000020980835,5.539999961853027,5.53000020980835,5.539999961853027,205854
2026-07-22 11:15:00,5.539999961853027,5.539999961853027,5.53000020980835,5.539999961853027,31934
2026-07-22 11:30:00,5.539999961853027,5.539999961853027,5.53000020980835,5.53000020980835,426867
2026-07-22 11:45:00,5.539999961853027,5.539999961853027,5.53000020980835,5.53000020980835,117909
2026-07-22 12:00:00,5.539999961853027,5.539999961853027,5.53000020980835,5.53000020980835,26293
2026-07-22 12:15:00,5.53000020980835,5.539999961853027,5.519999980926514,5.539999961853027,493944
2026-07-22 12:30:00,5.510000228881836,5.53000020980835,5.5,5.53000020980835,538498
2026-07-22 12:45:00,5.510000228881836,5.510000228881836,5.5,5.510000228881836,166723
2026-07-22 13:00:00,5.510000228881836,5.510000228881836,5.5,5.510000228881836,76932
2026-07-22 13:15:00,5.519999980926514,5.53000020980835,5.510000228881836,5.510000228881836,568179
2026-07-22 13:30:00,5.519999980926514,5.53000020980835,5.519999980926514,5.53000020980835,250660
2026-07-22 13:45:00,5.519999980926514,5.53000020980835,5.519999980926514,5.519999980926514,83448
2026-07-22 14:00:00,5.519999980926514,5.53000020980835,5.519999980926514,5.53000020980835,180092
2026-07-22 14:15:00,5.53000020980835,5.53000020980835,5.519999980926514,5.53000020980835,251160
2026-07-22 14:30:00,5.53000020980835,5.53000020980835,5.519999980926514,5.53000020980835,218739
2026-07-22 14:45:00,5.489999771118164,5.519999980926514,5.480000019073486,5.519999980926514,1174003
2026-07-22 15:00:00,5.489999771118164,5.489999771118164,5.480000019073486,5.489999771118164,33208
2026-07-22 15:15:00,5.489999771118164,5.489999771118164,5.480000019073486,5.489999771118164,48722
2026-07-22 15:30:00,5.5,5.5,5.480000019073486,5.489999771118164,112830
2026-07-22 15:45:00,5.5,5.5,5.489999771118164,5.489999771118164,145041
2026-07-22 16:00:00,5.5,5.5,5.489999771118164,5.5,33357
2026-07-22 16:15:00,5.5,5.5,5.489999771118164,5.489999771118164,47234
2026-07-22 16:30:00,5.5,5.5,5.489999771118164,5.5,37648
2026-07-22 16:45:00,5.5,5.5,5.489999771118164,5.5,116449
2026-07-22 17:00:00,5.53000020980835,5.53000020980835,5.489999771118164,5.5,432793
2026-07-22 17:15:00,5.53000020980835,5.53000020980835,5.510000228881836,5.53000020980835,1973947
2026-07-22 17:30:00,5.510000228881836,5.53000020980835,5.5,5.53000020980835,1323622
2026-07-22 17:45:00,5.5,5.510000228881836,5.489999771118164,5.510000228881836,705738
2026-07-23 09:45:00,5.510000228881836,5.510000228881836,5.510000228881836,5.510000228881836,0
2026-07-23 10:00:00,5.489999771118164,5.510000228881836,5.480000019073486,5.510000228881836,752182
2026-07-23 10:15:00,5.489999771118164,5.5,5.489999771118164,5.489999771118164,385146
2026-07-23 10:30:00,5.480000019073486,5.489999771118164,5.46999979019165,5.489999771118164,351504
2026-07-23 10:45:00,5.46999979019165,5.480000019073486,5.460000038146973,5.480000019073486,254806
2026-07-23 11:00:00,5.46999979019165,5.480000019073486,5.460000038146973,5.46999979019165,241513
2026-07-23 11:15:00,5.460000038146973,5.480000019073486,5.460000038146973,5.480000019073486,434644
2026-07-23 11:30:00,5.46999979019165,5.46999979019165,5.460000038146973,5.46999979019165,59733
2026-07-23 11:45:00,5.46999979019165,5.46999979019165,5.460000038146973,5.46999979019165,14931
2026-07-23 12:00:00,5.460000038146973,5.46999979019165,5.449999809265137,5.46999979019165,194853
2026-07-23 12:15:00,5.460000038146973,5.460000038146973,5.449999809265137,5.449999809265137,167931
2026-07-23 12:30:00,5.440000057220459,5.460000038146973,5.429999828338623,5.460000038146973,490337
2026-07-23 12:45:00,5.449999809265137,5.449999809265137,5.440000057220459,5.440000057220459,166516
2026-07-23 13:00:00,5.480000019073486,5.480000019073486,5.440000057220459,5.449999809265137,1362260
2026-07-23 13:15:00,5.489999771118164,5.5,5.46999979019165,5.480000019073486,1265081
2026-07-23 13:30:00,5.5,5.510000228881836,5.489999771118164,5.5,594400
2026-07-23 13:45:00,5.5,5.5,5.489999771118164,5.5,104426
2026-07-23 14:00:00,5.5,5.5,5.489999771118164,5.5,136756
2026-07-23 14:15:00,5.480000019073486,5.5,5.480000019073486,5.489999771118164,1121797
2026-07-23 14:30:00,5.480000019073486,5.480000019073486,5.46999979019165,5.480000019073486,116424
2026-07-23 14:45:00,5.46999979019165,5.480000019073486,5.46999979019165,5.480000019073486,265891
2026-07-23 15:00:00,5.480000019073486,5.480000019073486,5.46999979019165,5.46999979019165,88526
2026-07-23 15:15:00,5.480000019073486,5.480000019073486,5.46999979019165,5.480000019073486,111374
2026-07-23 15:30:00,5.46999979019165,5.46999979019165,5.460000038146973,5.46999979019165,369693
2026-07-23 15:45:00,5.429999828338623,5.46999979019165,5.420000076293945,5.460000038146973,1443744
2026-07-23 16:00:00,5.269999980926514,5.429999828338623,5.239999771118164,5.429999828338623,7951392
2026-07-23 16:15:00,5.239999771118164,5.269999980926514,5.239999771118164,5.269999980926514,590510
2026-07-23 16:30:00,5.179999828338623,5.239999771118164,5.150000095367432,5.239999771118164,2463675
2026-07-23 16:45:00,5.170000076293945,5.199999809265137,5.159999847412109,5.179999828338623,852472
2026-07-23 17:00:00,5.179999828338623,5.190000057220459,5.170000076293945,5.170000076293945,550215
2026-07-23 17:15:00,5.179999828338623,5.190000057220459,5.150000095367432,5.179999828338623,1156678
2026-07-23 17:30:00,5.110000133514404,5.190000057220459,5.090000152587891,5.179999828338623,5027649
2026-07-23 17:45:00,5.059999942779541,5.110000133514404,5.050000190734863,5.110000133514404,2764057
2026-07-24 09:45:00,5.079999923706055,5.079999923706055,5.079999923706055,5.079999923706055,0
2026-07-24 10:00:00,5.090000152587891,5.110000133514404,5.059999942779541,5.079999923706055,1968684
2026-07-24 10:15:00,5.099999904632568,5.110000133514404,5.099999904632568,5.099999904632568,347037
2026-07-24 10:30:00,5.079999923706055,5.099999904632568,5.070000171661377,5.099999904632568,440846
2026-07-24 10:45:00,5.059999942779541,5.090000152587891,5.059999942779541,5.079999923706055,638842
2026-07-24 11:00:00,5.010000228881836,5.059999942779541,5.0,5.059999942779541,1406935
2026-07-24 11:15:00,4.980000019073486,5.010000228881836,4.960000038146973,5.010000228881836,800947
2026-07-24 11:30:00,4.949999809265137,5.0,4.949999809265137,4.980000019073486,1334177
2026-07-24 11:45:00,4.929999828338623,4.960000038146973,4.900000095367432,4.960000038146973,2273718
2026-07-24 12:00:00,4.940000057220459,4.940000057220459,4.920000076293945,4.929999828338623,356950
2026-07-24 12:15:00,4.940000057220459,4.949999809265137,4.920000076293945,4.940000057220459,566753
2026-07-24 12:30:00,4.920000076293945,4.940000057220459,4.909999847412109,4.940000057220459,440675
2026-07-24 12:45:00,4.920000076293945,4.929999828338623,4.909999847412109,4.920000076293945,327671
2026-07-24 13:00:00,4.900000095367432,4.920000076293945,4.889999866485596,4.909999847412109,663620
2026-07-24 13:15:00,4.909999847412109,4.920000076293945,4.889999866485596,4.900000095367432,526829
2026-07-24 13:30:00,4.909999847412109,4.909999847412109,4.889999866485596,4.909999847412109,166481
2026-07-24 13:45:00,4.909999847412109,4.909999847412109,4.900000095367432,4.909999847412109,70724
2026-07-24 14:00:00,4.920000076293945,4.920000076293945,4.909999847412109,4.909999847412109,195353
2026-07-24 14:15:00,4.909999847412109,4.920000076293945,4.909999847412109,4.920000076293945,275424
2026-07-24 14:30:00,4.920000076293945,4.920000076293945,4.909999847412109,4.920000076293945,47834
2026-07-24 14:45:00,4.929999828338623,4.940000057220459,4.909999847412109,4.920000076293945,399477
2026-07-24 15:00:00,4.929999828338623,4.929999828338623,4.920000076293945,4.929999828338623,20928
2026-07-24 15:15:00,4.929999828338623,4.929999828338623,4.920000076293945,4.929999828338623,122699
2026-07-24 15:30:00,4.920000076293945,4.929999828338623,4.909999847412109,4.929999828338623,184102
2026-07-24 15:45:00,4.900000095367432,4.920000076293945,4.900000095367432,4.920000076293945,318556
2026-07-24 16:00:00,4.900000095367432,4.909999847412109,4.889999866485596,4.900000095367432,388624
2026-07-24 16:15:00,4.900000095367432,4.900000095367432,4.889999866485596,4.900000095367432,72027
2026-07-24 16:30:00,4.900000095367432,4.900000095367432,4.889999866485596,4.900000095367432,96549
2026-07-24 16:45:00,4.880000114440918,4.900000095367432,4.880000114440918,4.889999866485596,697219
2026-07-24 17:00:00,4.889999866485596,4.889999866485596,4.860000133514404,4.880000114440918,363790
2026-07-24 17:15:00,4.900000095367432,4.900000095367432,4.880000114440918,4.889999866485596,267840
2026-07-24 17:30:00,4.900000095367432,4.900000095367432,4.880000114440918,4.900000095367432,432349
2026-07-24 17:45:00,4.900000095367432,4.909999847412109,4.880000114440918,4.900000095367432,425337
2026-07-27 09:45:00,4.940000057220459,4.940000057220459,4.940000057220459,4.940000057220459,0
2026-07-27 10:00:00,4.920000076293945,4.949999809265137,4.900000095367432,4.949999809265137,804512
2026-07-27 10:15:00,4.900000095367432,4.920000076293945,4.889999866485596,4.909999847412109,478188
2026-07-27 10:30:00,4.889999866485596,4.900000095367432,4.880000114440918,4.900000095367432,345022
2026-07-27 10:45:00,4.880000114440918,4.889999866485596,4.880000114440918,4.889999866485596,390375
2026-07-27 11:00:00,4.880000114440918,4.880000114440918,4.869999885559082,4.869999885559082,148648
2026-07-27 11:15:00,4.880000114440918,4.880000114440918,4.869999885559082,4.869999885559082,161042
2026-07-27 11:30:00,4.880000114440918,4.889999866485596,4.880000114440918,4.880000114440918,152851
2026-07-27 11:45:00,4.869999885559082,4.889999866485596,4.869999885559082,4.889999866485596,181936
2026-07-27 12:00:00,4.869999885559082,4.880000114440918,4.860000133514404,4.880000114440918,286653
2026-07-27 12:15:00,4.860000133514404,4.869999885559082,4.849999904632568,4.869999885559082,221091
2026-07-27 12:30:00,4.849999904632568,4.860000133514404,4.849999904632568,4.860000133514404,26059
2026-07-27 12:45:00,4.860000133514404,4.860000133514404,4.849999904632568,4.849999904632568,66582
2026-07-27 13:00:00,4.860000133514404,4.860000133514404,4.849999904632568,4.860000133514404,58714
2026-07-27 13:15:00,4.849999904632568,4.860000133514404,4.849999904632568,4.860000133514404,214235
2026-07-27 13:30:00,4.849999904632568,4.860000133514404,4.840000152587891,4.860000133514404,57407
2026-07-27 13:45:00,4.860000133514404,4.860000133514404,4.840000152587891,4.849999904632568,62290
2026-07-27 14:00:00,4.849999904632568,4.860000133514404,4.840000152587891,4.860000133514404,115500
2026-07-27 14:15:00,4.840000152587891,4.849999904632568,4.829999923706055,4.849999904632568,505378
2026-07-27 14:30:00,4.860000133514404,4.860000133514404,4.829999923706055,4.840000152587891,321139
2026-07-27 14:45:00,4.860000133514404,4.869999885559082,4.860000133514404,4.860000133514404,549617
2026-07-27 15:00:00,4.840000152587891,4.869999885559082,4.840000152587891,4.869999885559082,146187
2026-07-27 15:15:00,4.849999904632568,4.849999904632568,4.840000152587891,4.849999904632568,158917
2026-07-27 15:30:00,4.840000152587891,4.860000133514404,4.840000152587891,4.849999904632568,84048
2026-07-27 15:45:00,4.849999904632568,4.849999904632568,4.840000152587891,4.840000152587891,45426
2026-07-27 16:00:00,4.849999904632568,4.849999904632568,4.840000152587891,4.849999904632568,186564
2026-07-27 16:15:00,4.840000152587891,4.849999904632568,4.840000152587891,4.849999904632568,83689
2026-07-27 16:30:00,4.829999923706055,4.840000152587891,4.829999923706055,4.840000152587891,276504
2026-07-27 16:45:00,4.820000171661377,4.829999923706055,4.820000171661377,4.829999923706055,333366
2026-07-27 17:00:00,4.829999923706055,4.829999923706055,4.820000171661377,4.820000171661377,43688
2026-07-27 17:15:00,4.809999942779541,4.829999923706055,4.800000190734863,4.829999923706055,260944
2026-07-27 17:30:00,4.800000190734863,4.809999942779541,4.789999961853027,4.809999942779541,184278
2026-07-27 17:45:00,4.809999942779541,4.809999942779541,4.789999961853027,4.789999961853027,550203
2026-07-28 09:45:00,4.769999980926514,4.769999980926514,4.769999980926514,4.769999980926514,0
2026-07-28 10:00:00,4.769999980926514,4.789999961853027,4.739999771118164,4.760000228881836,1328315
2026-07-28 10:15:00,4.78000020980835,4.800000190734863,4.760000228881836,4.769999980926514,599614
2026-07-28 10:30:00,4.78000020980835,4.78000020980835,4.769999980926514,4.78000020980835,297997
2026-07-28 10:45:00,4.769999980926514,4.78000020980835,4.760000228881836,4.78000020980835,125959
2026-07-28 11:00:00,4.760000228881836,4.769999980926514,4.75,4.760000228881836,250084
2026-07-28 11:15:00,4.75,4.760000228881836,4.75,4.760000228881836,398569
2026-07-28 11:30:00,4.760000228881836,4.769999980926514,4.75,4.75,182242
2026-07-28 11:45:00,4.75,4.760000228881836,4.75,4.760000228881836,304756
2026-07-28 12:00:00,4.769999980926514,4.78000020980835,4.75,4.75,520812
2026-07-28 12:15:00,4.78000020980835,4.78000020980835,4.760000228881836,4.769999980926514,126016
2026-07-28 12:30:00,4.78000020980835,4.78000020980835,4.760000228881836,4.78000020980835,443187
2026-07-28 12:45:00,4.769999980926514,4.78000020980835,4.760000228881836,4.78000020980835,122085
2026-07-28 13:00:00,4.769999980926514,4.769999980926514,4.760000228881836,4.769999980926514,171991
2026-07-28 13:15:00,4.769999980926514,4.78000020980835,4.760000228881836,4.769999980926514,397826
2026-07-28 13:30:00,4.78000020980835,4.78000020980835,4.769999980926514,4.769999980926514,58093
2026-07-28 13:45:00,4.78000020980835,4.78000020980835,4.769999980926514,4.78000020980835,65173
2026-07-28 14:00:00,4.769999980926514,4.789999961853027,4.769999980926514,4.78000020980835,342766
2026-07-28 14:15:00,4.78000020980835,4.78000020980835,4.769999980926514,4.78000020980835,393258
2026-07-28 14:30:00,4.78000020980835,4.78000020980835,4.769999980926514,4.78000020980835,156316
2026-07-28 14:45:00,4.78000020980835,4.78000020980835,4.760000228881836,4.769999980926514,268867
2026-07-28 15:00:00,4.769999980926514,4.78000020980835,4.760000228881836,4.769999980926514,69466
2026-07-28 15:15:00,4.760000228881836,4.769999980926514,4.75,4.769999980926514,795048
2026-07-28 15:30:00,4.78000020980835,4.789999961853027,4.75,4.760000228881836,589129
2026-07-28 15:45:00,4.769999980926514,4.789999961853027,4.769999980926514,4.78000020980835,233011
2026-07-28 16:00:00,4.78000020980835,4.78000020980835,4.769999980926514,4.769999980926514,257856
2026-07-28 16:15:00,4.78000020980835,4.789999961853027,4.769999980926514,4.78000020980835,46042
2026-07-28 16:30:00,4.760000228881836,4.78000020980835,4.760000228881836,4.78000020980835,428249
2026-07-28 16:45:00,4.75,4.769999980926514,4.739999771118164,4.769999980926514,876249
2026-07-28 17:00:00,4.760000228881836,4.769999980926514,4.739999771118164,4.75,325794
2026-07-28 17:15:00,4.75,4.760000228881836,4.739999771118164,4.760000228881836,110311
2026-07-28 17:30:00,4.75,4.75,4.739999771118164,4.75,29076
2026-07-28 17:45:00,4.75,4.75,4.739999771118164,4.739999771118164,625836
2026-07-29 09:45:00,4.730000019073486,4.730000019073486,4.730000019073486,4.730000019073486,0
2026-07-29 10:00:00,4.71999979019165,4.75,4.710000038146973,4.730000019073486,694280
2026-07-29 10:15:00,4.71999979019165,4.730000019073486,4.710000038146973,4.71999979019165,445583
2026-07-29 10:30:00,4.730000019073486,4.730000019073486,4.699999809265137,4.71999979019165,332824
2026-07-29 10:45:00,4.71999979019165,4.730000019073486,4.710000038146973,4.730000019073486,157461
2026-07-29 11:00:00,4.699999809265137,4.71999979019165,4.690000057220459,4.710000038146973,292522
2026-07-29 11:15:00,4.679999828338623,4.699999809265137,4.679999828338623,4.690000057220459,241685
2026-07-29 11:30:00,4.690000057220459,4.699999809265137,4.679999828338623,4.690000057220459,369442
2026-07-29 11:45:00,4.699999809265137,4.699999809265137,4.679999828338623,4.679999828338623,260824
2026-07-29 12:00:00,4.690000057220459,4.699999809265137,4.690000057220459,4.690000057220459,114294
2026-07-29 12:15:00,4.699999809265137,4.699999809265137,4.690000057220459,4.699999809265137,68462
2026-07-29 12:30:00,4.699999809265137,4.699999809265137,4.690000057220459,4.699999809265137,283587
2026-07-29 12:45:00,4.710000038146973,4.71999979019165,4.690000057220459,4.699999809265137,658814
2026-07-29 13:00:00,4.699999809265137,4.71999979019165,4.690000057220459,4.710000038146973,332954
2026-07-29 13:15:00,4.690000057220459,4.699999809265137,4.690000057220459,4.699999809265137,66714
2026-07-29 13:30:00,4.690000057220459,4.699999809265137,4.679999828338623,4.690000057220459,180000
2026-07-29 13:45:00,4.690000057220459,4.690000057220459,4.679999828338623,4.690000057220459,6224
2026-07-29 14:00:00,4.679999828338623,4.679999828338623,4.670000076293945,4.679999828338623,246386
2026-07-29 14:15:00,4.679999828338623,4.679999828338623,4.670000076293945,4.679999828338623,12551
2026-07-29 14:30:00,4.659999847412109,4.679999828338623,4.659999847412109,4.670000076293945,74052
2026-07-29 14:45:00,4.659999847412109,4.670000076293945,4.659999847412109,4.670000076293945,63581
2026-07-29 15:00:00,4.670000076293945,4.670000076293945,4.659999847412109,4.659999847412109,145671
2026-07-29 15:15:00,4.650000095367432,4.670000076293945,4.639999866485596,4.670000076293945,297516
2026-07-29 15:30:00,4.650000095367432,4.650000095367432,4.639999866485596,4.650000095367432,210061
2026-07-29 15:45:00,4.659999847412109,4.659999847412109,4.650000095367432,4.650000095367432,38294
2026-07-29 16:00:00,4.650000095367432,4.659999847412109,4.639999866485596,4.659999847412109,155266
2026-07-29 16:15:00,4.650000095367432,4.659999847412109,4.639999866485596,4.650000095367432,400305
2026-07-29 16:30:00,4.659999847412109,4.659999847412109,4.650000095367432,4.650000095367432,110761
2026-07-29 16:45:00,4.650000095367432,4.659999847412109,4.639999866485596,4.659999847412109,215646
2026-07-29 17:00:00,4.639999866485596,4.659999847412109,4.630000114440918,4.650000095367432,334709
2026-07-29 17:15:00,4.630000114440918,4.639999866485596,4.630000114440918,4.630000114440918,84760
2026-07-29 17:30:00,4.639999866485596,4.650000095367432,4.630000114440918,4.630000114440918,240057
2026-07-29 17:45:00,4.659999847412109,4.659999847412109,4.630000114440918,4.639999866485596,636094
2026-07-30 09:45:00,4.619999885559082,4.619999885559082,4.619999885559082,4.619999885559082,0
2026-07-30 10:00:00,4.690000057220459,4.690000057220459,4.619999885559082,4.619999885559082,642070
2026-07-30 10:15:00,4.679999828338623,4.710000038146973,4.679999828338623,4.679999828338623,520407
2026-07-30 10:30:00,4.650000095367432,4.690000057220459,4.650000095367432,4.690000057220459,189742
2026-07-30 10:45:00,4.670000076293945,4.679999828338623,4.650000095367432,4.650000095367432,132322
2026-07-30 11:00:00,4.670000076293945,4.670000076293945,4.659999847412109,4.670000076293945,187526
2026-07-30 11:15:00,4.670000076293945,4.679999828338623,4.659999847412109,4.679999828338623,83451
2026-07-30 11:30:00,4.679999828338623,4.679999828338623,4.670000076293945,4.679999828338623,30944
2026-07-30 11:45:00,4.690000057220459,4.690000057220459,4.679999828338623,4.679999828338623,100027
2026-07-30 12:00:00,4.690000057220459,4.690000057220459,4.679999828338623,4.690000057220459,89148
2026-07-30 12:15:00,4.690000057220459,4.699999809265137,4.690000057220459,4.690000057220459,69294
2026-07-30 12:30:00,4.679999828338623,4.699999809265137,4.679999828338623,4.699999809265137,189606
2026-07-30 12:45:00,4.670000076293945,4.690000057220459,4.670000076293945,4.679999828338623,193017
2026-07-30 13:00:00,4.670000076293945,4.670000076293945,4.650000095367432,4.659999847412109,180244
2026-07-30 13:15:00,4.670000076293945,4.670000076293945,4.659999847412109,4.659999847412109,14631
2026-07-30 13:30:00,4.650000095367432,4.679999828338623,4.650000095367432,4.670000076293945,577363
2026-07-30 13:45:00,4.650000095367432,4.659999847412109,4.639999866485596,4.659999847412109,175084
2026-07-30 14:00:00,4.650000095367432,4.650000095367432,4.630000114440918,4.650000095367432,327001
2026-07-30 14:15:00,4.650000095367432,4.659999847412109,4.639999866485596,4.650000095367432,96455
2026-07-30 14:30:00,4.650000095367432,4.659999847412109,4.650000095367432,4.650000095367432,102312
2026-07-30 14:45:00,4.639999866485596,4.659999847412109,4.639999866485596,4.659999847412109,166495
2026-07-30 15:00:00,4.650000095367432,4.650000095367432,4.639999866485596,4.639999866485596,484508
2026-07-30 15:15:00,4.650000095367432,4.659999847412109,4.650000095367432,4.659999847412109,49360
2026-07-30 15:30:00,4.650000095367432,4.659999847412109,4.650000095367432,4.659999847412109,29601
2026-07-30 15:45:00,4.630000114440918,4.659999847412109,4.630000114440918,4.650000095367432,181436
2026-07-30 16:00:00,4.630000114440918,4.639999866485596,4.630000114440918,4.630000114440918,120306
2026-07-30 16:15:00,4.630000114440918,4.639999866485596,4.630000114440918,4.630000114440918,76170
2026-07-30 16:30:00,4.639999866485596,4.639999866485596,4.630000114440918,4.630000114440918,101108
2026-07-30 16:45:00,4.619999885559082,4.639999866485596,4.619999885559082,4.639999866485596,142005
2026-07-30 17:00:00,4.630000114440918,4.630000114440918,4.610000133514404,4.630000114440918,483461
2026-07-30 17:15:00,4.639999866485596,4.639999866485596,4.619999885559082,4.630000114440918,67842
2026-07-30 17:30:00,4.619999885559082,4.639999866485596,4.619999885559082,4.639999866485596,35334
2026-07-30 17:45:00,4.639999866485596,4.639999866485596,4.619999885559082,4.619999885559082,250175
2026-07-31 09:45:00,4.639999866485596,4.639999866485596,4.639999866485596,4.639999866485596,0
2026-07-31 10:00:00,4.679999828338623,4.690000057220459,4.639999866485596,4.650000095367432,891561
2026-07-31 10:15:00,4.650000095367432,4.690000057220459,4.650000095367432,4.690000057220459,410804
2026-07-31 10:30:00,4.650000095367432,4.659999847412109,4.639999866485596,4.650000095367432,98701
2026-07-31 10:45:00,4.630000114440918,4.650000095367432,4.630000114440918,4.650000095367432,664053
2026-07-31 11:00:00,4.610000133514404,4.639999866485596,4.610000133514404,4.619999885559082,264323
2026-07-31 11:15:00,4.610000133514404,4.619999885559082,4.599999904632568,4.610000133514404,105355
2026-07-31 11:30:00,4.590000152587891,4.610000133514404,4.590000152587891,4.610000133514404,564205
2026-07-31 11:45:00,4.559999942779541,4.599999904632568,4.559999942779541,4.599999904632568,114172
2026-07-31 12:00:00,4.570000171661377,4.579999923706055,4.559999942779541,4.570000171661377,176618
2026-07-31 12:15:00,4.550000190734863,4.570000171661377,4.550000190734863,4.570000171661377,388523
2026-07-31 12:30:00,4.559999942779541,4.559999942779541,4.550000190734863,4.550000190734863,176541
2026-07-31 12:45:00,4.559999942779541,4.559999942779541,4.550000190734863,4.559999942779541,33977
2026-07-31 13:00:00,4.559999942779541,4.559999942779541,4.550000190734863,4.550000190734863,183150
2026-07-31 13:15:00,4.559999942779541,4.570000171661377,4.550000190734863,4.559999942779541,87566
2026-07-31 13:30:00,4.570000171661377,4.570000171661377,4.550000190734863,4.570000171661377,122215
2026-07-31 13:45:00,4.539999961853027,4.570000171661377,4.53000020980835,4.570000171661377,396055
2026-07-31 14:00:00,4.53000020980835,4.539999961853027,4.510000228881836,4.539999961853027,179095
2026-07-31 14:15:00,4.550000190734863,4.550000190734863,4.53000020980835,4.53000020980835,132811
2026-07-31 14:30:00,4.539999961853027,4.550000190734863,4.53000020980835,4.550000190734863,152292
2026-07-31 14:45:00,4.559999942779541,4.559999942779541,4.539999961853027,4.550000190734863,97148
2026-07-31 15:00:00,4.53000020980835,4.559999942779541,4.519999980926514,4.559999942779541,446631
2026-07-31 15:15:00,4.550000190734863,4.550000190734863,4.53000020980835,4.53000020980835,379150
2026-07-31 15:30:00,4.550000190734863,4.550000190734863,4.53000020980835,4.550000190734863,308626
2026-07-31 15:45:00,4.550000190734863,4.559999942779541,4.539999961853027,4.559999942779541,432512
2026-07-31 16:00:00,4.590000152587891,4.610000133514404,4.550000190734863,4.559999942779541,768124
2026-07-31 16:15:00,4.610000133514404,4.610000133514404,4.599999904632568,4.599999904632568,121032
2026-07-31 16:30:00,4.599999904632568,4.619999885559082,4.590000152587891,4.610000133514404,351692
2026-07-31 16:45:00,4.610000133514404,4.610000133514404,4.590000152587891,4.599999904632568,72276
2026-07-31 17:00:00,4.610000133514404,4.630000114440918,4.610000133514404,4.610000133514404,345710
2026-07-31 17:15:00,4.610000133514404,4.630000114440918,4.610000133514404,4.619999885559082,83404
2026-07-31 17:45:00,4.610000133514404,4.610000133514404,4.610000133514404,4.610000133514404,7
2026-08-03 09:45:00,4.690000057220459,4.690000057220459,4.690000057220459,4.690000057220459,0
2026-08-03 10:00:00,4.760000228881836,4.800000190734863,4.679999828338623,4.690000057220459,3097300
2026-08-03 10:15:00,4.760000228881836,4.78000020980835,4.739999771118164,4.769999980926514,1664114
2026-08-03 10:30:00,4.760000228881836,4.789999961853027,4.75,4.760000228881836,1008373
2026-08-03 10:45:00,4.75,4.769999980926514,4.730000019073486,4.75,949925
2026-08-03 11:00:00,4.75,4.760000228881836,4.739999771118164,4.739999771118164,350507
2026-08-03 11:15:00,4.769999980926514,4.769999980926514,4.739999771118164,4.75,781272
2026-08-03 11:30:00,4.739999771118164,4.78000020980835,4.739999771118164,4.769999980926514,898946
2026-08-03 11:45:00,4.75,4.760000228881836,4.739999771118164,4.75,225781
2026-08-03 12:00:00,4.710000038146973,4.75,4.710000038146973,4.739999771118164,587050
2026-08-03 12:15:00,4.71999979019165,4.71999979019165,4.710000038146973,4.710000038146973,255920
2026-08-03 12:30:00,4.71999979019165,4.730000019073486,4.710000038146973,4.71999979019165,210802
2026-08-03 12:45:00,4.71999979019165,4.730000019073486,4.710000038146973,4.71999979019165,87582
2026-08-03 13:00:00,4.710000038146973,4.730000019073486,4.710000038146973,4.71999979019165,223581
2026-08-03 13:15:00,4.710000038146973,4.710000038146973,4.699999809265137,4.699999809265137,138786
2026-08-03 13:30:00,4.710000038146973,4.71999979019165,4.699999809265137,4.710000038146973,163719
2026-08-03 13:45:00,4.710000038146973,4.710000038146973,4.699999809265137,4.710000038146973,162400
2026-08-03 14:00:00,4.699999809265137,4.710000038146973,4.690000057220459,4.699999809265137,138470
2026-08-03 14:15:00,4.679999828338623,4.699999809265137,4.679999828338623,4.699999809265137,183784
2026-08-03 14:30:00,4.699999809265137,4.699999809265137,4.690000057220459,4.690000057220459,111924
2026-08-03 14:45:00,4.690000057220459,4.699999809265137,4.679999828338623,4.690000057220459,62180
2026-08-03 15:00:00,4.699999809265137,4.699999809265137,4.679999828338623,4.679999828338623,172631
2026-08-03 15:15:00,4.710000038146973,4.710000038146973,4.690000057220459,4.690000057220459,161954
2026-08-03 15:30:00,4.690000057220459,4.710000038146973,4.690000057220459,4.710000038146973,153174
2026-08-03 15:45:00,4.690000057220459,4.699999809265137,4.690000057220459,4.690000057220459,120235
2026-08-03 16:00:00,4.690000057220459,4.699999809265137,4.679999828338623,4.690000057220459,147738
2026-08-03 16:15:00,4.690000057220459,4.699999809265137,4.690000057220459,4.699999809265137,61911
2026-08-03 16:30:00,4.699999809265137,4.699999809265137,4.690000057220459,4.699999809265137,174034
2026-08-03 16:45:00,4.699999809265137,4.710000038146973,4.690000057220459,4.710000038146973,95444
2026-08-03 17:00:00,4.699999809265137,4.710000038146973,4.690000057220459,4.699999809265137,522038
2026-08-03 17:15:00,4.679999828338623,4.699999809265137,4.679999828338623,4.699999809265137,542051
2026-08-03 17:30:00,4.690000057220459,4.690000057220459,4.679999828338623,4.679999828338623,342596
2026-08-03 17:45:00,4.690000057220459,4.690000057220459,4.679999828338623,4.690000057220459,261613
2026-08-04 09:45:00,4.690000057220459,4.690000057220459,4.690000057220459,4.690000057220459,0
2026-08-04 10:00:00,4.679999828338623,4.699999809265137,4.670000076293945,4.699999809265137,628600
2026-08-04 10:15:00,4.690000057220459,4.690000057220459,4.679999828338623,4.679999828338623,259051
2026-08-04 10:30:00,4.710000038146973,4.71999979019165,4.679999828338623,4.690000057220459,584366
2026-08-04 10:45:00,4.699999809265137,4.710000038146973,4.679999828338623,4.710000038146973,573008
2026-08-04 11:00:00,4.710000038146973,4.710000038146973,4.699999809265137,4.710000038146973,167743
2026-08-04 11:15:00,4.710000038146973,4.730000019073486,4.699999809265137,4.710000038146973,248094
2026-08-04 11:30:00,4.699999809265137,4.710000038146973,4.690000057220459,4.710000038146973,249005
2026-08-04 11:45:00,4.690000057220459,4.710000038146973,4.690000057220459,4.699999809265137,169930
2026-08-04 12:00:00,4.690000057220459,4.699999809265137,4.679999828338623,4.699999809265137,50656
2026-08-04 12:15:00,4.679999828338623,4.710000038146973,4.679999828338623,4.690000057220459,931079
2026-08-04 12:30:00,4.690000057220459,4.690000057220459,4.679999828338623,4.690000057220459,23158
2026-08-04 12:45:00,4.690000057220459,4.690000057220459,4.670000076293945,4.679999828338623,193831
2026-08-04 13:00:00,4.690000057220459,4.690000057220459,4.679999828338623,4.690000057220459,18059
2026-08-04 13:15:00,4.679999828338623,4.690000057220459,4.679999828338623,4.690000057220459,41125
2026-08-04 13:30:00,4.679999828338623,4.690000057220459,4.670000076293945,4.679999828338623,92711
2026-08-04 13:45:00,4.690000057220459,4.690000057220459,4.679999828338623,4.679999828338623,163159
2026-08-04 14:00:00,4.690000057220459,4.699999809265137,4.679999828338623,4.690000057220459,84685
2026-08-04 14:15:00,4.75,4.75,4.699999809265137,4.699999809265137,1127419
2026-08-04 14:30:00,4.739999771118164,4.760000228881836,4.730000019073486,4.75,205409
2026-08-04 14:45:00,4.75,4.760000228881836,4.739999771118164,4.75,975353
2026-08-04 15:00:00,4.739999771118164,4.760000228881836,4.730000019073486,4.760000228881836,301232
2026-08-04 15:15:00,4.820000171661377,4.840000152587891,4.739999771118164,4.75,5372695
2026-08-04 15:30:00,4.829999923706055,4.829999923706055,4.800000190734863,4.809999942779541,1388565
2026-08-04 15:45:00,4.820000171661377,4.840000152587891,4.820000171661377,4.820000171661377,1001817
2026-08-04 16:00:00,4.789999961853027,4.829999923706055,4.789999961853027,4.829999923706055,808669
2026-08-04 16:15:00,4.820000171661377,4.820000171661377,4.789999961853027,4.789999961853027,188572
2026-08-04 16:30:00,4.820000171661377,4.820000171661377,4.809999942779541,4.820000171661377,20895
2026-08-04 16:45:00,4.820000171661377,4.829999923706055,4.809999942779541,4.809999942779541,693160
2026-08-04 17:00:00,4.840000152587891,4.849999904632568,4.820000171661377,4.820000171661377,1098220
2026-08-04 17:15:00,4.840000152587891,4.849999904632568,4.829999923706055,4.840000152587891,511875
2026-08-04 17:30:00,4.840000152587891,4.849999904632568,4.829999923706055,4.840000152587891,698693
2026-08-04 17:45:00,4.829999923706055,4.849999904632568,4.829999923706055,4.840000152587891,418430
2026-08-05 09:45:00,4.809999942779541,4.809999942779541,4.809999942779541,4.809999942779541,0
2026-08-05 10:00:00,4.820000171661377,4.840000152587891,4.800000190734863,4.840000152587891,1140096
2026-08-05 10:15:00,4.800000190734863,4.820000171661377,4.789999961853027,4.820000171661377,488019
2026-08-05 10:30:00,4.78000020980835,4.800000190734863,4.78000020980835,4.800000190734863,409987
2026-08-05 10:45:00,4.789999961853027,4.789999961853027,4.78000020980835,4.78000020980835,151192
2026-08-05 11:00:00,4.789999961853027,4.800000190734863,4.78000020980835,4.789999961853027,314953
2026-08-05 11:15:00,4.800000190734863,4.809999942779541,4.78000020980835,4.789999961853027,573097
2026-08-05 11:30:00,4.809999942779541,4.820000171661377,4.809999942779541,4.809999942779541,174636
2026-08-05 11:45:00,4.800000190734863,4.820000171661377,4.800000190734863,4.809999942779541,353063
2026-08-05 12:00:00,4.800000190734863,4.809999942779541,4.78000020980835,4.800000190734863,559180
2026-08-05 12:15:00,4.78000020980835,4.800000190734863,4.769999980926514,4.800000190734863,673297
2026-08-05 12:30:00,4.78000020980835,4.789999961853027,4.769999980926514,4.78000020980835,136185
2026-08-05 12:45:00,4.769999980926514,4.78000020980835,4.760000228881836,4.78000020980835,324218
2026-08-05 13:00:00,4.760000228881836,4.769999980926514,4.75,4.760000228881836,412753
2026-08-05 13:15:00,4.75,4.760000228881836,4.75,4.760000228881836,81705
2026-08-05 13:30:00,4.760000228881836,4.760000228881836,4.75,4.760000228881836,74623
2026-08-05 13:45:00,4.739999771118164,4.760000228881836,4.71999979019165,4.75,548662
2026-08-05 14:00:00,4.730000019073486,4.739999771118164,4.71999979019165,4.739999771118164,306511
2026-08-05 14:15:00,4.730000019073486,4.730000019073486,4.730000019073486,4.730000019073486,300905
2026-08-05 14:30:00,4.710000038146973,4.730000019073486,4.699999809265137,4.730000019073486,785214
2026-08-05 14:45:00,4.710000038146973,4.710000038146973,4.699999809265137,4.710000038146973,196329
2026-08-05 15:00:00,4.699999809265137,4.710000038146973,4.699999809265137,4.710000038146973,548773
2026-08-05 15:15:00,4.699999809265137,4.710000038146973,4.699999809265137,4.699999809265137,93687
2026-08-05 15:30:00,4.710000038146973,4.710000038146973,4.699999809265137,4.699999809265137,262431
2026-08-05 15:45:00,4.699999809265137,4.710000038146973,4.699999809265137,4.710000038146973,835539
2026-08-05 16:00:00,4.710000038146973,4.710000038146973,4.699999809265137,4.710000038146973,55474
2026-08-05 16:15:00,4.710000038146973,4.710000038146973,4.699999809265137,4.710000038146973,402104
2026-08-05 16:30:00,4.710000038146973,4.710000038146973,4.699999809265137,4.710000038146973,206503
2026-08-05 16:45:00,4.699999809265137,4.710000038146973,4.699999809265137,4.710000038146973,262758
2026-08-05 17:00:00,4.710000038146973,4.710000038146973,4.699999809265137,4.699999809265137,341963
2026-08-05 17:15:00,4.699999809265137,4.71999979019165,4.699999809265137,4.71999979019165,196956
2026-08-05 17:30:00,4.710000038146973,4.71999979019165,4.699999809265137,4.710000038146973,479354
2026-08-05 17:45:00,4.760000228881836,4.78000020980835,4.71999979019165,4.71999979019165,5207516
2026-08-06 09:45:00,4.789999961853027,4.789999961853027,4.789999961853027,4.789999961853027,0
2026-08-06 10:00:00,4.730000019073486,4.789999961853027,4.71999979019165,4.78000020980835,5096278
2026-08-06 10:15:00,4.75,4.75,4.71999979019165,4.730000019073486,2211374
2026-08-06 10:30:00,4.739999771118164,4.760000228881836,4.730000019073486,4.75,1803586
2026-08-06 10:45:00,4.71999979019165,4.739999771118164,4.690000057220459,4.739999771118164,3262092
2026-08-06 11:00:00,4.75,4.760000228881836,4.730000019073486,4.730000019073486,4446733
2026-08-06 11:15:00,4.71999979019165,4.769999980926514,4.710000038146973,4.75,6096818
2026-08-06 11:30:00,4.71999979019165,4.71999979019165,4.710000038146973,4.71999979019165,181376
2026-08-06 11:45:00,4.71999979019165,4.71999979019165,4.710000038146973,4.71999979019165,156414
2026-08-06 12:00:00,4.690000057220459,4.71999979019165,4.679999828338623,4.710000038146973,3887371
2026-08-06 12:15:00,4.690000057220459,4.690000057220459,4.679999828338623,4.679999828338623,940532
2026-08-06 12:30:00,4.690000057220459,4.690000057220459,4.679999828338623,4.679999828338623,35379
2026-08-06 12:45:00,4.699999809265137,4.699999809265137,4.690000057220459,4.690000057220459,504343
2026-08-06 13:00:00,4.690000057220459,4.710000038146973,4.679999828338623,4.699999809265137,396343
2026-08-06 13:15:00,4.690000057220459,4.699999809265137,4.679999828338623,4.679999828338623,380240
2026-08-06 13:30:00,4.699999809265137,4.699999809265137,4.690000057220459,4.690000057220459,245549
2026-08-06 13:45:00,4.699999809265137,4.710000038146973,4.699999809265137,4.699999809265137,488636
2026-08-06 14:00:00,4.71999979019165,4.730000019073486,4.699999809265137,4.710000038146973,1415713
2026-08-06 14:15:00,4.71999979019165,4.730000019073486,4.710000038146973,4.730000019073486,2829753
2026-08-06 14:30:00,4.699999809265137,4.710000038146973,4.690000057220459,4.710000038146973,456248
2026-08-06 14:45:00,4.690000057220459,4.699999809265137,4.670000076293945,4.699999809265137,1270168
2026-08-06 15:00:00,4.690000057220459,4.699999809265137,4.679999828338623,4.679999828338623,230704
2026-08-06 15:15:00,4.679999828338623,4.690000057220459,4.679999828338623,4.690000057220459,12848
2026-08-06 15:30:00,4.679999828338623,4.690000057220459,4.679999828338623,4.679999828338623,52340
2026-08-06 15:45:00,4.679999828338623,4.690000057220459,4.679999828338623,4.690000057220459,978037
2026-08-06 16:00:00,4.679999828338623,4.690000057220459,4.679999828338623,4.690000057220459,117329
2026-08-06 16:15:00,4.679999828338623,4.690000057220459,4.679999828338623,4.679999828338623,105862
2026-08-06 16:30:00,4.690000057220459,4.690000057220459,4.679999828338623,4.679999828338623,543269
2026-08-06 16:45:00,4.690000057220459,4.690000057220459,4.679999828338623,4.690000057220459,7990
2026-08-06 17:00:00,4.690000057220459,4.690000057220459,4.679999828338623,4.690000057220459,82661
2026-08-06 17:15:00,4.690000057220459,4.690000057220459,4.679999828338623,4.690000057220459,41368
2026-08-06 17:30:00,4.699999809265137,4.699999809265137,4.679999828338623,4.690000057220459,620241
2026-08-06 17:45:00,4.659999847412109,4.710000038146973,4.639999866485596,4.690000057220459,3628524
2026-08-07 09:45:00,4.670000076293945,4.670000076293945,4.670000076293945,4.670000076293945,0
2026-08-07 10:00:00,4.659999847412109,4.670000076293945,4.639999866485596,4.670000076293945,926006
2026-08-07 10:15:00,4.630000114440918,4.659999847412109,4.630000114440918,4.659999847412109,802160
2026-08-07 10:30:00,4.619999885559082,4.639999866485596,4.610000133514404,4.639999866485596,694779
2026-08-07 10:45:00,4.619999885559082,4.630000114440918,4.610000133514404,4.619999885559082,457314
2026-08-07 11:00:00,4.610000133514404,4.619999885559082,4.610000133514404,4.619999885559082,371232
2026-08-07 11:15:00,4.619999885559082,4.619999885559082,4.610000133514404,4.610000133514404,96981
2026-08-07 11:30:00,4.610000133514404,4.619999885559082,4.610000133514404,4.610000133514404,249193
2026-08-07 11:45:00,4.579999923706055,4.610000133514404,4.570000171661377,4.599999904632568,486792
2026-08-07 12:00:00,4.579999923706055,4.579999923706055,4.559999942779541,4.579999923706055,306636
2026-08-07 12:15:00,4.579999923706055,4.579999923706055,4.570000171661377,4.579999923706055,53772
2026-08-07 12:30:00,4.579999923706055,4.590000152587891,4.570000171661377,4.579999923706055,204914
2026-08-07 12:45:00,4.590000152587891,4.590000152587891,4.570000171661377,4.579999923706055,275775
2026-08-07 13:00:00,4.590000152587891,4.590000152587891,4.579999923706055,4.590000152587891,109753
2026-08-07 13:15:00,4.590000152587891,4.590000152587891,4.579999923706055,4.590000152587891,40812
2026-08-07 13:30:00,4.590000152587891,4.590000152587891,4.579999923706055,4.590000152587891,107471
2026-08-07 13:45:00,4.590000152587891,4.590000152587891,4.579999923706055,4.590000152587891,63343
2026-08-07 14:00:00,4.579999923706055,4.590000152587891,4.579999923706055,4.590000152587891,49242
2026-08-07 14:15:00,4.590000152587891,4.590000152587891,4.579999923706055,4.590000152587891,92132
2026-08-07 14:30:00,4.579999923706055,4.590000152587891,4.579999923706055,4.590000152587891,71270
2026-08-07 14:45:00,4.590000152587891,4.590000152587891,4.579999923706055,4.579999923706055,235019
2026-08-07 15:00:00,4.590000152587891,4.599999904632568,4.579999923706055,4.579999923706055,161942
2026-08-07 15:15:00,4.590000152587891,4.599999904632568,4.590000152587891,4.590000152587891,41264
2026-08-07 15:30:00,4.590000152587891,4.610000133514404,4.590000152587891,4.599999904632568,563594
2026-08-07 15:45:00,4.579999923706055,4.599999904632568,4.579999923706055,4.590000152587891,134657
2026-08-07 16:00:00,4.579999923706055,4.590000152587891,4.579999923706055,4.590000152587891,37962
2026-08-07 16:15:00,4.590000152587891,4.590000152587891,4.579999923706055,4.579999923706055,34142
2026-08-07 16:30:00,4.579999923706055,4.590000152587891,4.559999942779541,4.590000152587891,920521
2026-08-07 16:45:00,4.579999923706055,4.590000152587891,4.570000171661377,4.579999923706055,107208
2026-08-07 17:00:00,4.579999923706055,4.590000152587891,4.570000171661377,4.570000171661377,182580
2026-08-07 17:15:00,4.579999923706055,4.579999923706055,4.559999942779541,4.579999923706055,312235
2026-08-07 17:30:00,4.570000171661377,4.590000152587891,4.570000171661377,4.579999923706055,150321
2026-08-07 17:45:00,4.570000171661377,4.579999923706055,4.559999942779541,4.570000171661377,561132
2026-08-10 09:45:00,4.610000133514404,4.610000133514404,4.610000133514404,4.610000133514404,0
2026-08-10 10:00:00,4.559999942779541,4.630000114440918,4.539999961853027,4.610000133514404,2038802
2026-08-10 10:15:00,4.539999961853027,4.570000171661377,4.539999961853027,4.559999942779541,427323
2026-08-10 10:30:00,4.559999942779541,4.590000152587891,4.539999961853027,4.539999961853027,2384157
2026-08-10 10:45:00,4.559999942779541,4.570000171661377,4.550000190734863,4.559999942779541,334535
2026-08-10 11:00:00,4.550000190734863,4.559999942779541,4.539999961853027,4.559999942779541,707333
2026-08-10 11:15:00,4.559999942779541,4.559999942779541,4.539999961853027,4.539999961853027,274183
2026-08-10 11:30:00,4.550000190734863,4.559999942779541,4.550000190734863,4.559999942779541,85663
2026-08-10 11:45:00,4.559999942779541,4.559999942779541,4.550000190734863,4.559999942779541,795211
2026-08-10 12:00:00,4.570000171661377,4.570000171661377,4.550000190734863,4.550000190734863,388458
2026-08-10 12:15:00,4.550000190734863,4.570000171661377,4.539999961853027,4.570000171661377,1379284
2026-08-10 12:30:00,4.539999961853027,4.559999942779541,4.539999961853027,4.550000190734863,271400
2026-08-10 12:45:00,4.570000171661377,4.570000171661377,4.550000190734863,4.550000190734863,618259
2026-08-10 13:00:00,4.570000171661377,4.570000171661377,4.559999942779541,4.570000171661377,413473
2026-08-10 13:15:00,4.570000171661377,4.570000171661377,4.559999942779541,4.570000171661377,499006
2026-08-10 13:30:00,4.590000152587891,4.599999904632568,4.559999942779541,4.579999923706055,729039
2026-08-10 13:45:00,4.610000133514404,4.630000114440918,4.579999923706055,4.590000152587891,1258347
2026-08-10 14:00:00,4.610000133514404,4.639999866485596,4.599999904632568,4.610000133514404,2801903
2026-08-10 14:15:00,4.610000133514404,4.610000133514404,4.590000152587891,4.610000133514404,690402
2026-08-10 14:30:00,4.599999904632568,4.610000133514404,4.599999904632568,4.610000133514404,344772
2026-08-10 14:45:00,4.599999904632568,4.610000133514404,4.599999904632568,4.599999904632568,73422
2026-08-10 15:00:00,4.610000133514404,4.610000133514404,4.599999904632568,4.599999904632568,679600
2026-08-10 15:15:00,4.599999904632568,4.610000133514404,4.599999904632568,4.610000133514404,117669
2026-08-10 15:30:00,4.619999885559082,4.630000114440918,4.599999904632568,4.610000133514404,702720
2026-08-10 15:45:00,4.610000133514404,4.639999866485596,4.610000133514404,4.619999885559082,715103
2026-08-10 16:00:00,4.610000133514404,4.619999885559082,4.599999904632568,4.610000133514404,405576
2026-08-10 16:15:00,4.610000133514404,4.619999885559082,4.599999904632568,4.610000133514404,200277
2026-08-10 16:30:00,4.610000133514404,4.619999885559082,4.599999904632568,4.610000133514404,219662
2026-08-10 16:45:00,4.599999904632568,4.619999885559082,4.599999904632568,4.619999885559082,287533
2026-08-10 17:00:00,4.610000133514404,4.619999885559082,4.590000152587891,4.599999904632568,485042
2026-08-10 17:15:00,4.630000114440918,4.639999866485596,4.610000133514404,4.619999885559082,617512
2026-08-10 17:30:00,4.619999885559082,4.630000114440918,4.610000133514404,4.619999885559082,749820
2026-08-10 17:45:00,4.619999885559082,4.630000114440918,4.610000133514404,4.619999885559082,1131547
2026-08-11 09:45:00,4.599999904632568,4.599999904632568,4.599999904632568,4.599999904632568,0
2026-08-11 10:00:00,4.570000171661377,4.650000095367432,4.570000171661377,4.610000133514404,1165060
2026-08-11 10:15:00,4.539999961853027,4.579999923706055,4.539999961853027,4.579999923706055,597649
2026-08-11 10:30:00,4.53000020980835,4.550000190734863,4.53000020980835,4.539999961853027,315814
2026-08-11 10:45:00,4.539999961853027,4.539999961853027,4.53000020980835,4.53000020980835,187992
2026-08-11 11:00:00,4.519999980926514,4.539999961853027,4.519999980926514,4.53000020980835,289076
2026-08-11 11:15:00,4.53000020980835,4.53000020980835,4.519999980926514,4.53000020980835,64147
2026-08-11 11:30:00,4.519999980926514,4.53000020980835,4.5,4.53000020980835,391093
2026-08-11 11:45:00,4.519999980926514,4.539999961853027,4.519999980926514,4.53000020980835,334085
2026-08-11 12:00:00,4.510000228881836,4.53000020980835,4.510000228881836,4.53000020980835,46484
2026-08-11 12:15:00,4.510000228881836,4.519999980926514,4.5,4.510000228881836,267460
2026-08-11 12:30:00,4.5,4.519999980926514,4.5,4.510000228881836,208723
2026-08-11 12:45:00,4.519999980926514,4.519999980926514,4.5,4.5,166451
2026-08-11 13:00:00,4.510000228881836,4.519999980926514,4.510000228881836,4.519999980926514,28760
2026-08-11 13:15:00,4.519999980926514,4.519999980926514,4.510000228881836,4.519999980926514,73303
2026-08-11 13:30:00,4.519999980926514,4.519999980926514,4.510000228881836,4.519999980926514,291155
2026-08-11 13:45:00,4.510000228881836,4.519999980926514,4.5,4.519999980926514,175551
2026-08-11 14:00:00,4.519999980926514,4.519999980926514,4.5,4.5,362220
2026-08-11 14:15:00,4.489999771118164,4.519999980926514,4.489999771118164,4.519999980926514,323707
2026-08-11 14:30:00,4.510000228881836,4.510000228881836,4.489999771118164,4.5,265844
2026-08-11 14:45:00,4.5,4.510000228881836,4.489999771118164,4.510000228881836,291677
2026-08-11 15:00:00,4.5,4.510000228881836,4.489999771118164,4.5,266906
2026-08-11 15:15:00,4.5,4.510000228881836,4.489999771118164,4.5,353858
2026-08-11 15:30:00,4.489999771118164,4.5,4.480000019073486,4.5,584700
2026-08-11 15:45:00,4.5,4.5,4.480000019073486,4.489999771118164,1104987
2026-08-11 16:00:00,4.5,4.510000228881836,4.489999771118164,4.5,628877
2026-08-11 16:15:00,4.510000228881836,4.519999980926514,4.489999771118164,4.5,476649
2026-08-11 16:30:00,4.510000228881836,4.519999980926514,4.5,4.519999980926514,377848
2026-08-11 16:45:00,4.5,4.510000228881836,4.5,4.510000228881836,335000
2026-08-11 17:00:00,4.510000228881836,4.510000228881836,4.5,4.510000228881836,97630
2026-08-11 17:15:00,4.510000228881836,4.510000228881836,4.5,4.5,195906
2026-08-11 17:30:00,4.489999771118164,4.5,4.480000019073486,4.5,245155
2026-08-11 17:45:00,4.480000019073486,4.5,4.480000019073486,4.489999771118164,771608
2026-08-12 09:45:00,4.46999979019165,4.46999979019165,4.46999979019165,4.46999979019165,0
2026-08-12 10:00:00,4.46999979019165,4.489999771118164,4.449999809265137,4.480000019073486,922866
2026-08-12 10:15:00,4.460000038146973,4.46999979019165,4.440000057220459,4.460000038146973,703773
2026-08-12 10:30:00,4.449999809265137,4.460000038146973,4.449999809265137,4.449999809265137,316290
2026-08-12 10:45:00,4.460000038146973,4.460000038146973,4.449999809265137,4.449999809265137,218255
2026-08-12 11:00:00,4.460000038146973,4.480000019073486,4.460000038146973,4.46999979019165,539880
2026-08-12 11:15:00,4.460000038146973,4.460000038146973,4.449999809265137,4.460000038146973,571923
2026-08-12 11:30:00,4.460000038146973,4.46999979019165,4.460000038146973,4.460000038146973,105577
2026-08-12 11:45:00,4.5,4.510000228881836,4.460000038146973,4.460000038146973,728461
2026-08-12 12:00:00,4.5,4.519999980926514,4.5,4.510000228881836,531783
2026-08-12 12:15:00,4.5,4.510000228881836,4.480000019073486,4.489999771118164,562698
2026-08-12 12:30:00,4.5,4.510000228881836,4.5,4.5,233833
2026-08-12 12:45:00,4.510000228881836,4.510000228881836,4.5,4.5,61005
2026-08-12 13:00:00,4.519999980926514,4.519999980926514,4.5,4.5,669335
2026-08-12 13:15:00,4.510000228881836,4.519999980926514,4.510000228881836,4.519999980926514,552215
2026-08-12 13:30:00,4.519999980926514,4.519999980926514,4.510000228881836,4.510000228881836,391576
2026-08-12 13:45:00,4.510000228881836,4.519999980926514,4.5,4.510000228881836,193647
2026-08-12 14:00:00,4.510000228881836,4.519999980926514,4.5,4.5,304675
2026-08-12 14:15:00,4.5,4.519999980926514,4.5,4.510000228881836,160176
2026-08-12 14:30:00,4.510000228881836,4.519999980926514,4.5,4.510000228881836,219973
2026-08-12 14:45:00,4.53000020980835,4.539999961853027,4.510000228881836,4.510000228881836,1324595
2026-08-12 15:00:00,4.550000190734863,4.550000190734863,4.519999980926514,4.519999980926514,703727
2026-08-12 15:15:00,4.53000020980835,4.550000190734863,4.53000020980835,4.539999961853027,1144730
2026-08-12 15:30:00,4.53000020980835,4.53000020980835,4.519999980926514,4.519999980926514,345080
2026-08-12 15:45:00,4.53000020980835,4.539999961853027,4.519999980926514,4.53000020980835,614200
2026-08-12 16:00:00,4.550000190734863,4.559999942779541,4.53000020980835,4.539999961853027,798816
2026-08-12 16:15:00,4.550000190734863,4.559999942779541,4.53000020980835,4.550000190734863,1209524
2026-08-12 16:30:00,4.550000190734863,4.559999942779541,4.550000190734863,4.550000190734863,194739
2026-08-12 16:45:00,4.550000190734863,4.559999942779541,4.539999961853027,4.550000190734863,434973
2026-08-12 17:00:00,4.559999942779541,4.570000171661377,4.550000190734863,4.550000190734863,426523
2026-08-12 17:15:00,4.539999961853027,4.559999942779541,4.539999961853027,4.559999942779541,366477
2026-08-12 17:30:00,4.559999942779541,4.579999923706055,4.539999961853027,4.550000190734863,1638982
2026-08-12 17:45:00,4.599999904632568,4.599999904632568,4.570000171661377,4.570000171661377,3564264
2026-08-13 09:45:00,4.590000152587891,4.590000152587891,4.590000152587891,4.590000152587891,0
2026-08-13 10:00:00,4.599999904632568,4.610000133514404,4.579999923706055,4.610000133514404,832860
2026-08-13 10:15:00,4.610000133514404,4.619999885559082,4.590000152587891,4.599999904632568,511575
2026-08-13 10:30:00,4.619999885559082,4.630000114440918,4.610000133514404,4.619999885559082,875421
2026-08-13 10:45:00,4.579999923706055,4.619999885559082,4.579999923706055,4.619999885559082,474664
2026-08-13 11:00:00,4.610000133514404,4.610000133514404,4.570000171661377,4.579999923706055,549326
2026-08-13 11:15:00,4.610000133514404,4.610000133514404,4.590000152587891,4.599999904632568,385966
2026-08-13 11:30:00,4.610000133514404,4.619999885559082,4.599999904632568,4.610000133514404,231993
2026-08-13 11:45:00,4.599999904632568,4.610000133514404,4.599999904632568,4.610000133514404,290142
2026-08-13 12:00:00,4.590000152587891,4.610000133514404,4.590000152587891,4.599999904632568,592810
2026-08-13 12:15:00,4.590000152587891,4.599999904632568,4.579999923706055,4.579999923706055,89940
2026-08-13 12:30:00,4.590000152587891,4.599999904632568,4.590000152587891,4.599999904632568,45521
2026-08-13 12:45:00,4.579999923706055,4.599999904632568,4.579999923706055,4.590000152587891,59089
2026-08-13 13:00:00,4.579999923706055,4.590000152587891,4.570000171661377,4.590000152587891,296723
2026-08-13 13:15:00,4.570000171661377,4.579999923706055,4.570000171661377,4.570000171661377,131459
2026-08-13 13:30:00,4.579999923706055,4.590000152587891,4.570000171661377,4.570000171661377,208672
2026-08-13 13:45:00,4.590000152587891,4.590000152587891,4.570000171661377,4.579999923706055,185098
2026-08-13 14:00:00,4.590000152587891,4.590000152587891,4.579999923706055,4.590000152587891,69841
2026-08-13 14:15:00,4.590000152587891,4.590000152587891,4.579999923706055,4.590000152587891,119654
2026-08-13 14:30:00,4.579999923706055,4.590000152587891,4.579999923706055,4.579999923706055,227155
2026-08-13 14:45:00,4.590000152587891,4.590000152587891,4.579999923706055,4.579999923706055,3604
2026-08-13 15:00:00,4.579999923706055,4.590000152587891,4.579999923706055,4.579999923706055,62178
2026-08-13 15:15:00,4.590000152587891,4.590000152587891,4.579999923706055,4.579999923706055,276354
2026-08-13 15:30:00,4.590000152587891,4.590000152587891,4.579999923706055,4.590000152587891,43964
2026-08-13 15:45:00,4.599999904632568,4.599999904632568,4.579999923706055,4.579999923706055,589594
2026-08-13 16:00:00,4.590000152587891,4.599999904632568,4.579999923706055,4.590000152587891,714681
2026-08-13 16:15:00,4.570000171661377,4.590000152587891,4.570000171661377,4.590000152587891,741508
2026-08-13 16:30:00,4.559999942779541,4.570000171661377,4.539999961853027,4.570000171661377,953020
2026-08-13 16:45:00,4.550000190734863,4.570000171661377,4.550000190734863,4.570000171661377,593409
2026-08-13 17:00:00,4.559999942779541,4.559999942779541,4.539999961853027,4.550000190734863,203190
2026-08-13 17:15:00,4.550000190734863,4.559999942779541,4.539999961853027,4.559999942779541,587445
2026-08-13 17:30:00,4.559999942779541,4.559999942779541,4.539999961853027,4.539999961853027,795171
2026-08-13 17:45:00,4.539999961853027,4.559999942779541,4.53000020980835,4.559999942779541,1695066
2026-08-14 09:45:00,4.539999961853027,4.539999961853027,4.539999961853027,4.539999961853027,0
2026-08-14 10:00:00,4.570000171661377,4.579999923706055,4.53000020980835,4.550000190734863,1095069
2026-08-14 10:15:00,4.550000190734863,4.579999923706055,4.539999961853027,4.579999923706055,1170630
2026-08-14 10:30:00,4.53000020980835,4.559999942779541,4.510000228881836,4.550000190734863,943598
2026-08-14 10:45:00,4.53000020980835,4.550000190734863,4.53000020980835,4.539999961853027,509397
2026-08-14 11:00:00,4.53000020980835,4.539999961853027,4.53000020980835,4.539999961853027,124549
2026-08-14 11:15:00,4.539999961853027,4.539999961853027,4.53000020980835,4.539999961853027,880451
2026-08-14 11:30:00,4.539999961853027,4.539999961853027,4.53000020980835,4.539999961853027,44285
2026-08-14 11:45:00,4.539999961853027,4.550000190734863,4.53000020980835,4.539999961853027,510644
2026-08-14 12:00:00,4.53000020980835,4.539999961853027,4.53000020980835,4.539999961853027,144767
2026-08-14 12:15:00,4.539999961853027,4.539999961853027,4.53000020980835,4.53000020980835,456428
2026-08-14 12:30:00,4.539999961853027,4.550000190734863,4.53000020980835,4.539999961853027,349961
2026-08-14 12:45:00,4.53000020980835,4.550000190734863,4.519999980926514,4.539999961853027,839539
2026-08-14 13:00:00,4.539999961853027,4.539999961853027,4.519999980926514,4.519999980926514,327662
2026-08-14 13:15:00,4.539999961853027,4.539999961853027,4.53000020980835,4.539999961853027,26604
2026-08-14 13:30:00,4.539999961853027,4.539999961853027,4.53000020980835,4.539999961853027,69597
2026-08-14 13:45:00,4.53000020980835,4.539999961853027,4.519999980926514,4.539999961853027,207350
2026-08-14 14:00:00,4.519999980926514,4.53000020980835,4.519999980926514,4.53000020980835,74738
2026-08-14 14:15:00,4.519999980926514,4.53000020980835,4.519999980926514,4.53000020980835,226550
2026-08-14 14:30:00,4.519999980926514,4.53000020980835,4.510000228881836,4.519999980926514,343204
2026-08-14 14:45:00,4.519999980926514,4.519999980926514,4.510000228881836,4.519999980926514,325262
2026-08-14 15:00:00,4.53000020980835,4.53000020980835,4.519999980926514,4.519999980926514,365531
2026-08-14 15:15:00,4.53000020980835,4.53000020980835,4.519999980926514,4.519999980926514,356455
2026-08-14 15:30:00,4.519999980926514,4.539999961853027,4.519999980926514,4.53000020980835,523610
2026-08-14 15:45:00,4.53000020980835,4.53000020980835,4.519999980926514,4.53000020980835,51064
2026-08-14 16:00:00,4.53000020980835,4.53000020980835,4.510000228881836,4.519999980926514,188589
2026-08-14 16:15:00,4.519999980926514,4.53000020980835,4.519999980926514,4.53000020980835,43626
2026-08-14 16:30:00,4.53000020980835,4.53000020980835,4.519999980926514,4.519999980926514,148062
2026-08-14 16:45:00,4.53000020980835,4.539999961853027,4.53000020980835,4.539999961853027,345799
2026-08-14 17:00:00,4.53000020980835,4.539999961853027,4.5,4.53000020980835,575432
2026-08-14 17:15:00,4.519999980926514,4.53000020980835,4.519999980926514,4.53000020980835,106011
2026-08-14 17:30:00,4.53000020980835,4.53000020980835,4.519999980926514,4.519999980926514,205328
2026-08-14 17:45:00,4.53000020980835,4.53000020980835,4.519999980926514,4.519999980926514,194392
2026-08-17 09:45:00,4.519999980926514,4.519999980926514,4.519999980926514,4.519999980926514,0
2026-08-17 10:00:00,4.360000133514404,4.53000020980835,4.340000152587891,4.519999980926514,3985348
2026-08-17 10:15:00,4.369999885559082,4.369999885559082,4.300000190734863,4.349999904632568,3747645
2026-08-17 10:30:00,4.409999847412109,4.420000076293945,4.340000152587891,4.369999885559082,1621992
2026-08-17 10:45:00,4.400000095367432,4.449999809265137,4.389999866485596,4.409999847412109,2146983
2026-08-17 11:00:00,4.389999866485596,4.400000095367432,4.369999885559082,4.389999866485596,1044002
2026-08-17 11:15:00,4.420000076293945,4.420000076293945,4.380000114440918,4.389999866485596,897678
2026-08-17 11:30:00,4.400000095367432,4.420000076293945,4.400000095367432,4.420000076293945,718283
2026-08-17 11:45:00,4.380000114440918,4.409999847412109,4.360000133514404,4.409999847412109,1926024
2026-08-17 12:00:00,4.380000114440918,4.380000114440918,4.360000133514404,4.369999885559082,455594
2026-08-17 12:15:00,4.380000114440918,4.380000114440918,4.369999885559082,4.380000114440918,165084
2026-08-17 12:30:00,4.380000114440918,4.380000114440918,4.369999885559082,4.380000114440918,318596
2026-08-17 12:45:00,4.380000114440918,4.380000114440918,4.360000133514404,4.380000114440918,539210
2026-08-17 13:00:00,4.369999885559082,4.380000114440918,4.360000133514404,4.380000114440918,279646
2026-08-17 13:15:00,4.360000133514404,4.380000114440918,4.340000152587891,4.369999885559082,716315
2026-08-17 13:30:00,4.340000152587891,4.369999885559082,4.329999923706055,4.360000133514404,1159227
2026-08-17 13:45:00,4.329999923706055,4.340000152587891,4.300000190734863,4.340000152587891,2069933
2026-08-17 14:00:00,4.340000152587891,4.340000152587891,4.329999923706055,4.329999923706055,316306
2026-08-17 14:15:00,4.309999942779541,4.340000152587891,4.300000190734863,4.340000152587891,1363566
2026-08-17 14:30:00,4.300000190734863,4.309999942779541,4.300000190734863,4.309999942779541,368965
2026-08-17 14:45:00,4.269999980926514,4.309999942779541,4.25,4.300000190734863,26918975
2026-08-17 15:00:00,4.289999961853027,4.329999923706055,4.260000228881836,4.269999980926514,2645072
2026-08-17 15:15:00,4.309999942779541,4.309999942779541,4.289999961853027,4.289999961853027,626310
2026-08-17 15:30:00,4.309999942779541,4.320000171661377,4.300000190734863,4.300000190734863,607365
2026-08-17 15:45:00,4.329999923706055,4.329999923706055,4.309999942779541,4.309999942779541,453362
2026-08-17 16:00:00,4.289999961853027,4.320000171661377,4.289999961853027,4.320000171661377,726528
2026-08-17 16:15:00,4.300000190734863,4.309999942779541,4.289999961853027,4.300000190734863,605618
2026-08-17 16:30:00,4.320000171661377,4.320000171661377,4.300000190734863,4.300000190734863,486665
2026-08-17 16:45:00,4.320000171661377,4.329999923706055,4.300000190734863,4.320000171661377,447146
2026-08-17 17:00:00,4.329999923706055,4.340000152587891,4.309999942779541,4.320000171661377,247389
2026-08-17 17:15:00,4.309999942779541,4.340000152587891,4.309999942779541,4.329999923706055,468894
2026-08-17 17:30:00,4.309999942779541,4.320000171661377,4.300000190734863,4.320000171661377,434646
2026-08-17 17:45:00,4.309999942779541,4.309999942779541,4.300000190734863,4.309999942779541,563618
2026-08-18 09:45:00,4.309999942779541,4.309999942779541,4.309999942779541,4.309999942779541,0
2026-08-18 10:00:00,4.340000152587891,4.349999904632568,4.289999961853027,4.309999942779541,828542
2026-08-18 10:15:00,4.329999923706055,4.340000152587891,4.320000171661377,4.340000152587891,285359
2026-08-18 10:30:00,4.329999923706055,4.349999904632568,4.320000171661377,4.320000171661377,834411
2026-08-18 10:45:00,4.309999942779541,4.329999923706055,4.300000190734863,4.329999923706055,355992
2026-08-18 11:00:00,4.300000190734863,4.320000171661377,4.289999961853027,4.309999942779541,634758
2026-08-18 11:15:00,4.300000190734863,4.300000190734863,4.289999961853027,4.300000190734863,118701
2026-08-18 11:30:00,4.28000020980835,4.300000190734863,4.28000020980835,4.300000190734863,213413
2026-08-18 11:45:00,4.289999961853027,4.300000190734863,4.28000020980835,4.289999961853027,284794
2026-08-18 12:00:00,4.289999961853027,4.289999961853027,4.28000020980835,4.28000020980835,198079
2026-08-18 12:15:00,4.260000228881836,4.300000190734863,4.21999979019165,4.289999961853027,1716961
2026-08-18 12:30:00,4.239999771118164,4.260000228881836,4.199999809265137,4.260000228881836,1292043
2026-08-18 12:45:00,4.230000019073486,4.239999771118164,4.230000019073486,4.239999771118164,108857
2026-08-18 13:00:00,4.25,4.25,4.230000019073486,4.239999771118164,221436
2026-08-18 13:15:00,4.25,4.25,4.239999771118164,4.25,163633
2026-08-18 13:30:00,4.239999771118164,4.25,4.230000019073486,4.25,139205
2026-08-18 13:45:00,4.239999771118164,4.239999771118164,4.230000019073486,4.239999771118164,298004
2026-08-18 14:00:00,4.239999771118164,4.25,4.230000019073486,4.239999771118164,301382
2026-08-18 14:15:00,4.239999771118164,4.239999771118164,4.230000019073486,4.230000019073486,112382
2026-08-18 14:30:00,4.21999979019165,4.239999771118164,4.210000038146973,4.239999771118164,469629
2026-08-18 14:45:00,4.21999979019165,4.21999979019165,4.190000057220459,4.21999979019165,1263279
2026-08-18 15:00:00,4.230000019073486,4.230000019073486,4.210000038146973,4.21999979019165,493788
2026-08-18 15:15:00,4.239999771118164,4.239999771118164,4.21999979019165,4.230000019073486,828310
2026-08-18 15:30:00,4.239999771118164,4.239999771118164,4.230000019073486,4.239999771118164,168970
2026-08-18 15:45:00,4.230000019073486,4.239999771118164,4.230000019073486,4.239999771118164,177349
2026-08-18 16:00:00,4.239999771118164,4.239999771118164,4.230000019073486,4.239999771118164,194367
2026-08-18 16:15:00,4.239999771118164,4.25,4.230000019073486,4.239999771118164,235919
2026-08-18 16:30:00,4.230000019073486,4.239999771118164,4.230000019073486,4.239999771118164,50567
2026-08-18 16:45:00,4.230000019073486,4.239999771118164,4.21999979019165,4.239999771118164,303071
2026-08-18 17:00:00,4.210000038146973,4.230000019073486,4.210000038146973,4.230000019073486,547232
2026-08-18 17:15:00,4.21999979019165,4.21999979019165,4.210000038146973,4.210000038146973,162956
2026-08-18 17:30:00,4.230000019073486,4.230000019073486,4.21999979019165,4.21999979019165,359204
2026-08-18 17:45:00,4.210000038146973,4.230000019073486,4.199999809265137,4.230000019073486,683707
2026-08-19 09:45:00,4.210000038146973,4.210000038146973,4.210000038146973,4.210000038146973,0
2026-08-19 10:00:00,4.21999979019165,4.21999979019165,4.190000057220459,4.210000038146973,607760
2026-08-19 10:15:00,4.21999979019165,4.25,4.210000038146973,4.21999979019165,1144517
2026-08-19 10:30:00,4.210000038146973,4.21999979019165,4.199999809265137,4.210000038146973,806418
2026-08-19 10:45:00,4.210000038146973,4.210000038146973,4.199999809265137,4.210000038146973,79927
