Datetime,Close,High,Low,Open,Volume
2026-06-01 09:45:00,22.719999313354492,22.719999313354492,22.719999313354492,22.719999313354492,0
2026-06-01 10:00:00,23.559999465942383,23.799999237060547,22.719999313354492,22.719999313354492,771870
2026-06-01 10:15:00,23.459999084472656,23.68000030517578,23.31999969482422,23.559999465942383,491453
2026-06-01 10:30:00,23.299999237060547,23.540000915527344,23.260000228881836,23.420000076293945,142307
2026-06-01 10:45:00,23.239999771118164,23.299999237060547,23.219999313354492,23.280000686645508,69733
2026-06-01 11:00:00,22.940000534057617,23.31999969482422,22.940000534057617,23.219999313354492,218347
2026-06-01 11:15:00,23.219999313354492,23.299999237060547,22.920000076293945,22.940000534057617,142899
2026-06-01 11:30:00,23.3799991607666,23.3799991607666,23.18000030517578,23.18000030517578,91364
2026-06-01 11:45:00,23.200000762939453,23.399999618530273,23.18000030517578,23.399999618530273,74116
2026-06-01 12:00:00,22.979999542236328,23.18000030517578,22.940000534057617,23.18000030517578,80150
2026-06-01 12:15:00,22.780000686645508,23.040000915527344,22.739999771118164,23.0,98956
2026-06-01 12:30:00,22.799999237060547,22.920000076293945,22.739999771118164,22.799999237060547,129583
2026-06-01 12:45:00,22.940000534057617,23.139999389648438,22.719999313354492,22.799999237060547,241719
2026-06-01 13:00:00,23.1200008392334,23.139999389648438,22.940000534057617,22.940000534057617,21138
2026-06-01 13:15:00,23.059999465942383,23.18000030517578,23.059999465942383,23.1200008392334,43667
2026-06-01 13:30:00,23.079999923706055,23.15999984741211,23.059999465942383,23.100000381469727,31475
2026-06-01 13:45:00,23.079999923706055,23.18000030517578,23.040000915527344,23.079999923706055,27738
2026-06-01 14:00:00,23.059999465942383,23.100000381469727,23.0,23.059999465942383,87019
2026-06-01 14:15:00,23.260000228881836,23.260000228881836,23.059999465942383,23.100000381469727,94748
2026-06-01 14:30:00,23.15999984741211,23.239999771118164,23.100000381469727,23.219999313354492,50705
2026-06-01 14:45:00,23.219999313354492,23.280000686645508,23.15999984741211,23.15999984741211,28464
2026-06-01 15:00:00,23.100000381469727,23.260000228881836,23.079999923706055,23.239999771118164,47773
2026-06-01 15:15:00,23.200000762939453,23.260000228881836,23.079999923706055,23.079999923706055,34075
2026-06-01 15:30:00,23.420000076293945,23.420000076293945,23.200000762939453,23.200000762939453,54772
2026-06-01 15:45:00,23.559999465942383,23.739999771118164,23.399999618530273,23.440000534057617,358338
2026-06-01 16:00:00,23.860000610351562,23.8799991607666,23.440000534057617,23.520000457763672,265855
2026-06-01 16:15:00,23.760000228881836,24.65999984741211,23.420000076293945,23.84000015258789,829244
2026-06-01 16:30:00,23.700000762939453,23.860000610351562,23.6200008392334,23.780000686645508,290170
2026-06-01 16:45:00,23.540000915527344,23.739999771118164,23.5,23.68000030517578,139511
2026-06-01 17:00:00,23.520000457763672,23.559999465942383,23.399999618530273,23.540000915527344,213452
2026-06-01 17:15:00,23.600000381469727,23.65999984741211,23.420000076293945,23.540000915527344,153652
2026-06-01 17:30:00,23.399999618530273,23.600000381469727,23.239999771118164,23.600000381469727,253511
2026-06-01 17:45:00,23.200000762939453,23.459999084472656,23.200000762939453,23.3799991607666,258986
2026-06-02 09:45:00,23.3799991607666,23.3799991607666,23.3799991607666,23.3799991607666,0
2026-06-02 10:00:00,22.899999618530273,23.420000076293945,22.860000610351562,23.3799991607666,626618
2026-06-02 10:15:00,22.84000015258789,22.979999542236328,22.799999237060547,22.8799991607666,164814
2026-06-02 10:30:00,22.899999618530273,22.940000534057617,22.780000686645508,22.860000610351562,238380
2026-06-02 10:45:00,22.959999084472656,23.059999465942383,22.760000228881836,22.8799991607666,253883
2026-06-02 11:00:00,23.020000457763672,23.020000457763672,22.920000076293945,23.0,57685
2026-06-02 11:15:00,22.920000076293945,23.040000915527344,22.84000015258789,23.020000457763672,77634
2026-06-02 11:30:00,22.8799991607666,22.920000076293945,22.860000610351562,22.899999618530273,38476
2026-06-02 11:45:00,22.799999237060547,22.899999618530273,22.780000686645508,22.8799991607666,107266
2026-06-02 12:00:00,22.760000228881836,22.8799991607666,22.760000228881836,22.81999969482422,79518
2026-06-02 12:15:00,22.780000686645508,22.81999969482422,22.719999313354492,22.780000686645508,86593
2026-06-02 12:30:00,22.799999237060547,22.84000015258789,22.780000686645508,22.81999969482422,23399
2026-06-02 12:45:00,22.559999465942383,22.799999237060547,22.540000915527344,22.799999237060547,232032
2026-06-02 13:00:00,22.479999542236328,22.600000381469727,22.459999084472656,22.579999923706055,163245
2026-06-02 13:15:00,22.520000457763672,22.559999465942383,22.440000534057617,22.520000457763672,98719
2026-06-02 13:30:00,22.459999084472656,22.520000457763672,22.360000610351562,22.479999542236328,170529
2026-06-02 13:45:00,22.34000015258789,22.5,22.31999969482422,22.440000534057617,141564
2026-06-02 14:00:00,22.299999237060547,22.399999618530273,22.280000686645508,22.34000015258789,69311
2026-06-02 14:15:00,22.360000610351562,22.399999618530273,22.219999313354492,22.299999237060547,196775
2026-06-02 14:30:00,22.459999084472656,22.540000915527344,22.31999969482422,22.3799991607666,233415
2026-06-02 14:45:00,22.760000228881836,22.84000015258789,22.440000534057617,22.459999084472656,259279
2026-06-02 15:00:00,22.639999389648438,22.81999969482422,22.639999389648438,22.760000228881836,79617
2026-06-02 15:15:00,22.760000228881836,22.81999969482422,22.65999984741211,22.68000030517578,89364
2026-06-02 15:30:00,22.799999237060547,22.81999969482422,22.719999313354492,22.780000686645508,143527
2026-06-02 15:45:00,22.780000686645508,22.84000015258789,22.760000228881836,22.780000686645508,43610
2026-06-02 16:00:00,22.899999618530273,22.940000534057617,22.700000762939453,22.780000686645508,168383
2026-06-02 16:15:00,22.920000076293945,22.979999542236328,22.860000610351562,22.8799991607666,63449
2026-06-02 16:30:00,22.8799991607666,23.020000457763672,22.780000686645508,22.8799991607666,216626
2026-06-02 16:45:00,22.739999771118164,22.899999618530273,22.700000762939453,22.8799991607666,117618
2026-06-02 17:00:00,22.700000762939453,22.780000686645508,22.579999923706055,22.760000228881836,100858
2026-06-02 17:15:00,22.6200008392334,22.700000762939453,22.6200008392334,22.700000762939453,109610
2026-06-02 17:30:00,22.799999237060547,22.860000610351562,22.6200008392334,22.6200008392334,106604
2026-06-02 17:45:00,22.959999084472656,23.15999984741211,22.780000686645508,22.81999969482422,274392
2026-06-03 09:45:00,22.979999542236328,22.979999542236328,22.979999542236328,22.979999542236328,0
2026-06-03 10:00:00,22.899999618530273,23.1200008392334,22.799999237060547,22.979999542236328,323982
2026-06-03 10:15:00,22.81999969482422,23.079999923706055,22.780000686645508,22.899999618530273,319339
2026-06-03 10:30:00,22.799999237060547,22.8799991607666,22.579999923706055,22.81999969482422,278935
2026-06-03 10:45:00,23.0,23.239999771118164,22.760000228881836,22.84000015258789,310609
2026-06-03 11:00:00,22.959999084472656,23.079999923706055,22.940000534057617,23.0,96674
2026-06-03 11:15:00,23.200000762939453,23.200000762939453,22.899999618530273,22.959999084472656,167531
2026-06-03 11:30:00,23.0,23.200000762939453,22.979999542236328,23.200000762939453,102102
2026-06-03 11:45:00,23.18000030517578,23.200000762939453,22.940000534057617,22.979999542236328,92237
2026-06-03 12:00:00,23.239999771118164,23.440000534057617,23.18000030517578,23.18000030517578,408154
2026-06-03 12:15:00,23.260000228881836,23.299999237060547,23.18000030517578,23.239999771118164,60784
2026-06-03 12:30:00,23.239999771118164,23.299999237060547,23.15999984741211,23.239999771118164,109929
2026-06-03 12:45:00,23.139999389648438,23.260000228881836,23.100000381469727,23.239999771118164,70693
2026-06-03 13:00:00,23.059999465942383,23.139999389648438,23.040000915527344,23.1200008392334,73966
2026-06-03 13:15:00,23.059999465942383,23.1200008392334,23.020000457763672,23.059999465942383,38199
2026-06-03 13:30:00,22.899999618530273,23.059999465942383,22.899999618530273,23.059999465942383,115563
2026-06-03 13:45:00,22.739999771118164,22.959999084472656,22.739999771118164,22.899999618530273,130474
2026-06-03 14:00:00,22.559999465942383,22.780000686645508,22.540000915527344,22.739999771118164,220708
2026-06-03 14:15:00,22.520000457763672,22.6200008392334,22.440000534057617,22.559999465942383,310904
2026-06-03 14:30:00,22.68000030517578,22.760000228881836,22.440000534057617,22.5,426311
2026-06-03 14:45:00,22.700000762939453,22.780000686645508,22.639999389648438,22.68000030517578,77077
2026-06-03 15:00:00,22.65999984741211,22.700000762939453,22.6200008392334,22.700000762939453,35877
2026-06-03 15:15:00,22.600000381469727,22.68000030517578,22.600000381469727,22.6200008392334,30394
2026-06-03 15:30:00,22.639999389648438,22.68000030517578,22.540000915527344,22.600000381469727,61953
2026-06-03 15:45:00,22.6200008392334,22.719999313354492,22.6200008392334,22.65999984741211,36870
2026-06-03 16:00:00,22.639999389648438,22.65999984741211,22.6200008392334,22.6200008392334,11864
2026-06-03 16:15:00,22.780000686645508,22.780000686645508,22.5,22.639999389648438,138687
2026-06-03 16:30:00,22.639999389648438,22.760000228881836,22.600000381469727,22.739999771118164,140585
2026-06-03 16:45:00,22.579999923706055,22.719999313354492,22.540000915527344,22.6200008392334,143292
2026-06-03 17:00:00,22.600000381469727,22.65999984741211,22.559999465942383,22.600000381469727,65230
2026-06-03 17:15:00,22.540000915527344,22.6200008392334,22.520000457763672,22.600000381469727,44046
2026-06-03 17:30:00,22.579999923706055,22.68000030517578,22.5,22.540000915527344,199448
2026-06-03 17:45:00,22.68000030517578,22.68000030517578,22.520000457763672,22.579999923706055,129945
2026-06-04 09:45:00,22.65999984741211,22.65999984741211,22.65999984741211,22.65999984741211,0
2026-06-04 10:00:00,22.979999542236328,23.020000457763672,22.65999984741211,22.65999984741211,272098
2026-06-04 10:15:00,22.84000015258789,23.0,22.81999969482422,22.979999542236328,97820
2026-06-04 10:30:00,22.760000228881836,22.979999542236328,22.760000228881836,22.81999969482422,149562
2026-06-04 10:45:00,22.540000915527344,22.799999237060547,22.31999969482422,22.799999237060547,176866
2026-06-04 11:00:00,22.360000610351562,22.540000915527344,22.31999969482422,22.5,173991
2026-06-04 11:15:00,22.139999389648438,22.399999618530273,22.059999465942383,22.360000610351562,235708
2026-06-04 11:30:00,22.65999984741211,22.719999313354492,22.059999465942383,22.1200008392334,448866
2026-06-04 11:45:00,22.520000457763672,22.739999771118164,22.520000457763672,22.68000030517578,70983
2026-06-04 12:00:00,22.719999313354492,22.780000686645508,22.520000457763672,22.540000915527344,116658
2026-06-04 12:15:00,22.6200008392334,22.899999618530273,22.600000381469727,22.719999313354492,184566
2026-06-04 12:30:00,22.479999542236328,22.700000762939453,22.440000534057617,22.6200008392334,158079
2026-06-04 12:45:00,22.399999618530273,22.520000457763672,22.399999618530273,22.479999542236328,69265
2026-06-04 13:00:00,22.420000076293945,22.420000076293945,22.34000015258789,22.399999618530273,30184
2026-06-04 13:15:00,22.3799991607666,22.420000076293945,22.34000015258789,22.420000076293945,16592
2026-06-04 13:30:00,22.399999618530273,22.459999084472656,22.299999237060547,22.360000610351562,36473
2026-06-04 13:45:00,22.34000015258789,22.399999618530273,22.280000686645508,22.399999618530273,43579
2026-06-04 14:00:00,22.34000015258789,22.459999084472656,22.280000686645508,22.360000610351562,73118
2026-06-04 14:15:00,22.5,22.579999923706055,22.299999237060547,22.31999969482422,79237
2026-06-04 14:30:00,22.520000457763672,22.579999923706055,22.3799991607666,22.459999084472656,91133
2026-06-04 14:45:00,22.719999313354492,22.719999313354492,22.5,22.520000457763672,66447
2026-06-04 15:00:00,22.479999542236328,22.739999771118164,22.479999542236328,22.700000762939453,242817
2026-06-04 15:15:00,22.5,22.600000381469727,22.440000534057617,22.479999542236328,55328
2026-06-04 15:30:00,22.559999465942383,22.559999465942383,22.5,22.540000915527344,34484
2026-06-04 15:45:00,22.540000915527344,22.559999465942383,22.5,22.5,7771
2026-06-04 16:00:00,22.459999084472656,22.639999389648438,22.459999084472656,22.5,70180
2026-06-04 16:15:00,22.420000076293945,22.5,22.399999618530273,22.5,24723
2026-06-04 16:30:00,22.219999313354492,22.399999618530273,22.219999313354492,22.399999618530273,69929
2026-06-04 16:45:00,22.239999771118164,22.299999237060547,22.18000030517578,22.219999313354492,58208
2026-06-04 17:00:00,22.1200008392334,22.260000228881836,22.100000381469727,22.219999313354492,60370
2026-06-04 17:15:00,22.200000762939453,22.34000015258789,22.059999465942383,22.100000381469727,142745
2026-06-04 17:30:00,22.200000762939453,22.31999969482422,22.139999389648438,22.200000762939453,85500
2026-06-04 17:45:00,22.200000762939453,22.280000686645508,22.1200008392334,22.200000762939453,89497
2026-06-05 09:45:00,22.020000457763672,22.020000457763672,22.020000457763672,22.020000457763672,0
2026-06-05 10:00:00,21.899999618530273,22.100000381469727,21.860000610351562,22.020000457763672,154777
2026-06-05 10:15:00,21.81999969482422,21.940000534057617,21.65999984741211,21.940000534057617,410835
2026-06-05 10:30:00,21.860000610351562,21.979999542236328,21.739999771118164,21.739999771118164,105536
2026-06-05 10:45:00,21.920000076293945,21.959999084472656,21.8799991607666,21.8799991607666,40567
2026-06-05 11:00:00,21.81999969482422,21.920000076293945,21.780000686645508,21.920000076293945,54210
2026-06-05 11:15:00,21.81999969482422,21.8799991607666,21.780000686645508,21.81999969482422,27818
2026-06-05 11:30:00,21.940000534057617,21.959999084472656,21.81999969482422,21.81999969482422,43710
2026-06-05 11:45:00,21.979999542236328,22.020000457763672,21.940000534057617,21.959999084472656,38763
2026-06-05 12:00:00,21.899999618530273,22.0,21.84000015258789,22.0,68993
2026-06-05 12:15:00,21.860000610351562,21.920000076293945,21.84000015258789,21.920000076293945,7008
2026-06-05 12:30:00,22.040000915527344,22.059999465942383,21.81999969482422,21.81999969482422,62462
2026-06-05 12:45:00,22.0,22.1200008392334,21.940000534057617,22.079999923706055,73462
2026-06-05 13:00:00,22.0,22.040000915527344,21.959999084472656,22.0,33909
2026-06-05 13:15:00,21.8799991607666,22.6200008392334,21.8799991607666,22.0,107173
2026-06-05 13:30:00,21.940000534057617,21.979999542236328,21.899999618530273,21.899999618530273,21782
2026-06-05 13:45:00,21.979999542236328,21.979999542236328,21.940000534057617,21.959999084472656,16448
2026-06-05 14:00:00,21.899999618530273,21.979999542236328,21.8799991607666,21.979999542236328,33342
2026-06-05 14:15:00,21.860000610351562,21.899999618530273,21.760000228881836,21.899999618530273,73889
2026-06-05 14:30:00,21.760000228881836,21.860000610351562,21.700000762939453,21.860000610351562,31681
2026-06-05 14:45:00,21.719999313354492,21.780000686645508,21.559999465942383,21.760000228881836,54163
2026-06-05 15:00:00,21.68000030517578,21.739999771118164,21.579999923706055,21.700000762939453,32414
2026-06-05 15:15:00,21.65999984741211,21.700000762939453,21.6200008392334,21.68000030517578,25496
2026-06-05 15:30:00,21.600000381469727,21.68000030517578,21.600000381469727,21.6200008392334,52468
2026-06-05 15:45:00,21.440000534057617,21.639999389648438,21.440000534057617,21.600000381469727,131823
2026-06-05 16:00:00,21.479999542236328,21.559999465942383,21.3799991607666,21.440000534057617,90140
2026-06-05 16:15:00,21.420000076293945,21.540000915527344,21.420000076293945,21.5,58969
2026-06-05 16:30:00,21.34000015258789,21.459999084472656,21.299999237060547,21.420000076293945,88184
2026-06-05 16:45:00,21.299999237060547,21.420000076293945,21.260000228881836,21.34000015258789,66733
2026-06-05 17:00:00,21.219999313354492,21.360000610351562,21.219999313354492,21.260000228881836,46427
2026-06-05 17:15:00,21.399999618530273,21.440000534057617,21.100000381469727,21.219999313354492,137078
2026-06-05 17:30:00,21.260000228881836,21.600000381469727,21.219999313354492,21.3799991607666,174174
2026-06-05 17:45:00,21.18000030517578,21.299999237060547,21.15999984741211,21.239999771118164,139490
2026-06-08 09:45:00,21.139999389648438,21.139999389648438,21.139999389648438,21.139999389648438,0
2026-06-08 10:00:00,21.299999237060547,21.399999618530273,20.899999618530273,21.260000228881836,343806
2026-06-08 10:15:00,21.440000534057617,21.520000457763672,21.200000762939453,21.299999237060547,196492
2026-06-08 10:30:00,21.420000076293945,21.540000915527344,21.360000610351562,21.459999084472656,83152
2026-06-08 10:45:00,21.459999084472656,21.479999542236328,21.360000610351562,21.440000534057617,72021
2026-06-08 11:00:00,21.280000686645508,21.440000534057617,21.239999771118164,21.440000534057617,59911
2026-06-08 11:15:00,21.399999618530273,21.399999618530273,21.260000228881836,21.280000686645508,43449
2026-06-08 11:30:00,21.3799991607666,21.399999618530273,21.260000228881836,21.3799991607666,43741
2026-06-08 11:45:00,21.479999542236328,21.479999542236328,21.31999969482422,21.3799991607666,49231
2026-06-08 12:00:00,21.459999084472656,21.520000457763672,21.399999618530273,21.479999542236328,38031
2026-06-08 12:15:00,21.31999969482422,21.459999084472656,21.260000228881836,21.459999084472656,34464
2026-06-08 12:30:00,21.280000686645508,21.31999969482422,21.260000228881836,21.31999969482422,37417
2026-06-08 12:45:00,21.219999313354492,21.31999969482422,21.15999984741211,21.31999969482422,55875
2026-06-08 13:00:00,21.079999923706055,21.219999313354492,21.079999923706055,21.219999313354492,56815
2026-06-08 13:15:00,21.1200008392334,21.1200008392334,21.040000915527344,21.079999923706055,31527
2026-06-08 13:30:00,21.1200008392334,21.280000686645508,21.1200008392334,21.139999389648438,48856
2026-06-08 13:45:00,21.1200008392334,21.15999984741211,21.100000381469727,21.15999984741211,23702
2026-06-08 14:00:00,21.239999771118164,21.260000228881836,21.100000381469727,21.1200008392334,50941
2026-06-08 14:15:00,21.520000457763672,21.520000457763672,21.239999771118164,21.239999771118164,76937
2026-06-08 14:30:00,21.15999984741211,21.520000457763672,21.15999984741211,21.520000457763672,140002
2026-06-08 14:45:00,21.200000762939453,21.219999313354492,21.139999389648438,21.15999984741211,5391
2026-06-08 15:00:00,21.15999984741211,21.299999237060547,21.15999984741211,21.239999771118164,84443
2026-06-08 15:15:00,21.18000030517578,21.200000762939453,21.0,21.15999984741211,80631
2026-06-08 15:30:00,21.15999984741211,21.18000030517578,21.1200008392334,21.18000030517578,29950
2026-06-08 15:45:00,21.31999969482422,21.31999969482422,21.18000030517578,21.18000030517578,33818
2026-06-08 16:00:00,21.360000610351562,21.360000610351562,21.200000762939453,21.31999969482422,62876
2026-06-08 16:15:00,21.260000228881836,21.3799991607666,21.260000228881836,21.360000610351562,98043
2026-06-08 16:30:00,21.200000762939453,21.360000610351562,21.200000762939453,21.280000686645508,39297
2026-06-08 16:45:00,21.15999984741211,21.239999771118164,21.139999389648438,21.239999771118164,18753
2026-06-08 17:00:00,21.18000030517578,21.200000762939453,21.139999389648438,21.15999984741211,42348
2026-06-08 17:15:00,21.059999465942383,21.200000762939453,21.059999465942383,21.200000762939453,34118
2026-06-08 17:30:00,21.079999923706055,21.139999389648438,21.059999465942383,21.059999465942383,30295
2026-06-08 17:45:00,21.280000686645508,21.31999969482422,21.059999465942383,21.079999923706055,123877
2026-06-09 09:45:00,21.280000686645508,21.280000686645508,21.280000686645508,21.280000686645508,0
2026-06-09 10:00:00,21.34000015258789,21.3799991607666,21.0,21.280000686645508,221816
2026-06-09 10:15:00,21.31999969482422,21.34000015258789,21.139999389648438,21.299999237060547,192010
2026-06-09 10:30:00,21.459999084472656,21.520000457763672,21.280000686645508,21.299999237060547,151527
2026-06-09 10:45:00,21.5,21.68000030517578,21.420000076293945,21.420000076293945,149328
2026-06-09 11:00:00,21.280000686645508,21.540000915527344,21.200000762939453,21.540000915527344,216404
2026-06-09 11:15:00,21.5,21.65999984741211,21.219999313354492,21.280000686645508,155890
2026-06-09 11:30:00,21.440000534057617,21.5,21.360000610351562,21.479999542236328,71437
2026-06-09 11:45:00,21.559999465942383,21.559999465942383,21.399999618530273,21.420000076293945,90172
2026-06-09 12:00:00,21.3799991607666,21.639999389648438,21.3799991607666,21.559999465942383,64636
2026-06-09 12:15:00,21.31999969482422,21.420000076293945,21.219999313354492,21.420000076293945,123970
2026-06-09 12:30:00,21.1200008392334,21.31999969482422,21.059999465942383,21.31999969482422,200736
2026-06-09 12:45:00,20.860000610351562,21.100000381469727,20.81999969482422,21.079999923706055,184911
2026-06-09 13:00:00,20.5,20.8799991607666,20.479999542236328,20.860000610351562,414544
2026-06-09 13:15:00,20.559999465942383,20.68000030517578,20.31999969482422,20.5,262143
2026-06-09 13:30:00,20.399999618530273,20.600000381469727,20.31999969482422,20.559999465942383,184740
2026-06-09 13:45:00,20.3799991607666,20.600000381469727,20.280000686645508,20.399999618530273,316692
2026-06-09 14:00:00,20.5,20.5,20.280000686645508,20.360000610351562,277283
2026-06-09 14:15:00,20.540000915527344,20.579999923706055,20.479999542236328,20.5,66855
2026-06-09 14:30:00,20.6200008392334,20.780000686645508,20.479999542236328,20.540000915527344,319812
2026-06-09 14:45:00,20.6200008392334,20.739999771118164,20.520000457763672,20.6200008392334,245163
2026-06-09 15:00:00,20.700000762939453,20.979999542236328,20.639999389648438,20.65999984741211,334514
2026-06-09 15:15:00,20.84000015258789,20.920000076293945,20.719999313354492,20.719999313354492,197906
2026-06-09 15:30:00,21.040000915527344,21.1200008392334,20.799999237060547,20.81999969482422,213097
2026-06-09 15:45:00,20.920000076293945,21.059999465942383,20.899999618530273,21.040000915527344,62480
2026-06-09 16:00:00,20.8799991607666,20.940000534057617,20.8799991607666,20.920000076293945,31989
2026-06-09 16:15:00,20.979999542236328,20.979999542236328,20.8799991607666,20.8799991607666,19909
2026-06-09 16:30:00,20.899999618530273,21.0,20.899999618530273,20.979999542236328,51131
2026-06-09 16:45:00,20.799999237060547,21.040000915527344,20.760000228881836,20.899999618530273,95539
2026-06-09 17:00:00,20.81999969482422,20.84000015258789,20.719999313354492,20.799999237060547,41308
2026-06-09 17:15:00,20.84000015258789,20.860000610351562,20.799999237060547,20.81999969482422,32428
2026-06-09 17:30:00,20.959999084472656,21.0,20.81999969482422,20.84000015258789,67046
2026-06-09 17:45:00,20.979999542236328,21.0,20.899999618530273,20.959999084472656,73454
2026-06-10 09:45:00,20.799999237060547,20.799999237060547,20.799999237060547,20.799999237060547,0
2026-06-10 10:00:00,21.0,21.100000381469727,20.959999084472656,20.979999542236328,90091
2026-06-10 10:15:00,21.079999923706055,21.1200008392334,20.959999084472656,21.0,58882
2026-06-10 10:30:00,21.040000915527344,21.18000030517578,21.040000915527344,21.100000381469727,59801
2026-06-10 10:45:00,21.020000457763672,21.1200008392334,20.979999542236328,21.1200008392334,83943
2026-06-10 11:00:00,20.760000228881836,21.020000457763672,20.760000228881836,21.020000457763672,86893
2026-06-10 11:15:00,20.700000762939453,20.780000686645508,20.68000030517578,20.780000686645508,68844
2026-06-10 11:30:00,20.68000030517578,20.739999771118164,20.68000030517578,20.700000762939453,32313
2026-06-10 11:45:00,20.579999923706055,20.700000762939453,20.579999923706055,20.68000030517578,74939
2026-06-10 12:00:00,20.68000030517578,20.68000030517578,20.440000534057617,20.579999923706055,61233
2026-06-10 12:15:00,20.760000228881836,20.760000228881836,20.639999389648438,20.68000030517578,17585
2026-06-10 12:30:00,20.780000686645508,20.860000610351562,20.6200008392334,20.760000228881836,60789
2026-06-10 12:45:00,20.719999313354492,20.780000686645508,20.700000762939453,20.700000762939453,14025
2026-06-10 13:00:00,20.760000228881836,20.760000228881836,20.719999313354492,20.760000228881836,3806
2026-06-10 13:15:00,20.739999771118164,20.760000228881836,20.700000762939453,20.760000228881836,13656
2026-06-10 13:30:00,20.739999771118164,20.799999237060547,20.719999313354492,20.739999771118164,15043
2026-06-10 13:45:00,20.959999084472656,21.059999465942383,20.760000228881836,20.760000228881836,185117
2026-06-10 14:00:00,20.860000610351562,21.0,20.780000686645508,20.959999084472656,66979
2026-06-10 14:15:00,20.84000015258789,20.8799991607666,20.780000686645508,20.8799991607666,34172
2026-06-10 14:30:00,20.81999969482422,20.84000015258789,20.700000762939453,20.84000015258789,58033
2026-06-10 14:45:00,20.799999237060547,20.81999969482422,20.799999237060547,20.81999969482422,6847
2026-06-10 15:00:00,20.979999542236328,21.040000915527344,20.760000228881836,20.780000686645508,60917
2026-06-10 15:15:00,20.940000534057617,20.979999542236328,20.860000610351562,20.979999542236328,44759
2026-06-10 15:30:00,20.899999618530273,21.020000457763672,20.8799991607666,20.940000534057617,58449
2026-06-10 15:45:00,20.780000686645508,20.899999618530273,20.780000686645508,20.899999618530273,89896
2026-06-10 16:00:00,20.780000686645508,20.81999969482422,20.780000686645508,20.799999237060547,28467
2026-06-10 16:15:00,20.739999771118164,20.799999237060547,20.739999771118164,20.799999237060547,25720
2026-06-10 16:30:00,20.81999969482422,20.81999969482422,20.68000030517578,20.739999771118164,47037
2026-06-10 16:45:00,20.719999313354492,20.8799991607666,20.719999313354492,20.81999969482422,51763
2026-06-10 17:00:00,20.739999771118164,20.739999771118164,20.6200008392334,20.700000762939453,43694
2026-06-10 17:15:00,20.84000015258789,20.84000015258789,20.639999389648438,20.700000762939453,103350
2026-06-10 17:30:00,20.760000228881836,20.860000610351562,20.719999313354492,20.84000015258789,86769
2026-06-10 17:45:00,20.899999618530273,20.920000076293945,20.700000762939453,20.760000228881836,133959
2026-06-11 09:45:00,20.719999313354492,20.719999313354492,20.719999313354492,20.719999313354492,0
2026-06-11 10:00:00,20.940000534057617,20.959999084472656,20.68000030517578,20.719999313354492,245586
2026-06-11 10:15:00,21.059999465942383,21.079999923706055,20.860000610351562,20.940000534057617,159641
2026-06-11 10:30:00,21.139999389648438,21.5,21.040000915527344,21.059999465942383,101177
2026-06-11 10:45:00,21.059999465942383,21.139999389648438,21.059999465942383,21.1200008392334,30788
2026-06-11 11:00:00,21.059999465942383,21.1200008392334,21.040000915527344,21.100000381469727,20041
2026-06-11 11:15:00,21.059999465942383,21.079999923706055,20.979999542236328,21.059999465942383,44474
2026-06-11 11:30:00,21.1200008392334,21.1200008392334,20.979999542236328,21.059999465942383,61688
2026-06-11 11:45:00,20.940000534057617,21.1200008392334,20.940000534057617,21.1200008392334,46504
2026-06-11 12:00:00,20.979999542236328,21.040000915527344,20.899999618530273,20.940000534057617,87091
2026-06-11 12:15:00,20.959999084472656,20.979999542236328,20.8799991607666,20.979999542236328,55356
2026-06-11 12:30:00,21.1200008392334,21.139999389648438,20.860000610351562,20.920000076293945,107589
2026-06-11 12:45:00,20.940000534057617,21.059999465942383,20.899999618530273,21.040000915527344,27973
2026-06-11 13:00:00,20.860000610351562,20.959999084472656,20.799999237060547,20.940000534057617,58381
2026-06-11 13:15:00,20.899999618530273,20.920000076293945,20.799999237060547,20.860000610351562,46014
2026-06-11 13:30:00,20.84000015258789,20.8799991607666,20.81999969482422,20.860000610351562,74190
2026-06-11 13:45:00,20.84000015258789,20.8799991607666,20.81999969482422,20.81999969482422,24867
2026-06-11 14:00:00,20.940000534057617,20.940000534057617,20.799999237060547,20.899999618530273,59925
2026-06-11 14:15:00,21.059999465942383,21.059999465942383,20.940000534057617,20.959999084472656,80761
2026-06-11 14:30:00,21.0,21.079999923706055,20.940000534057617,21.059999465942383,29921
2026-06-11 14:45:00,20.979999542236328,21.0,20.940000534057617,20.959999084472656,17659
2026-06-11 15:00:00,20.8799991607666,21.020000457763672,20.860000610351562,20.979999542236328,26129
2026-06-11 15:15:00,20.739999771118164,20.899999618530273,20.65999984741211,20.899999618530273,170892
2026-06-11 15:30:00,20.600000381469727,21.200000762939453,20.5,20.68000030517578,173819
2026-06-11 15:45:00,20.540000915527344,20.6200008392334,20.5,20.6200008392334,34304
2026-06-11 16:00:00,20.579999923706055,20.68000030517578,20.520000457763672,20.540000915527344,52512
2026-06-11 16:15:00,20.639999389648438,20.65999984741211,20.399999618530273,20.579999923706055,145870
2026-06-11 16:30:00,20.700000762939453,20.739999771118164,20.579999923706055,20.65999984741211,102352
2026-06-11 16:45:00,20.760000228881836,20.81999969482422,20.700000762939453,20.719999313354492,80471
2026-06-11 17:00:00,20.799999237060547,20.84000015258789,20.719999313354492,20.739999771118164,76546
2026-06-11 17:15:00,20.799999237060547,20.84000015258789,20.739999771118164,20.739999771118164,16074
2026-06-11 17:30:00,20.979999542236328,20.979999542236328,20.799999237060547,20.799999237060547,76344
2026-06-11 17:45:00,20.920000076293945,20.959999084472656,20.81999969482422,20.920000076293945,114487
2026-06-12 09:45:00,21.440000534057617,21.440000534057617,21.440000534057617,21.440000534057617,0
2026-06-12 10:00:00,21.139999389648438,21.440000534057617,21.1200008392334,21.440000534057617,114437
2026-06-12 10:15:00,20.979999542236328,21.139999389648438,20.940000534057617,21.1200008392334,41610
2026-06-12 10:30:00,20.979999542236328,21.040000915527344,20.899999618530273,20.979999542236328,86915
2026-06-12 10:45:00,21.0,21.15999984741211,20.959999084472656,20.979999542236328,117342
2026-06-12 11:00:00,21.5,21.579999923706055,20.979999542236328,21.0,135901
2026-06-12 11:15:00,21.34000015258789,21.5,21.219999313354492,21.5,103172
2026-06-12 11:30:00,21.34000015258789,21.3799991607666,21.239999771118164,21.34000015258789,61704
2026-06-12 11:45:00,21.18000030517578,21.360000610351562,21.18000030517578,21.34000015258789,100298
2026-06-12 12:00:00,21.15999984741211,21.219999313354492,21.139999389648438,21.200000762939453,42344
2026-06-12 12:15:00,21.139999389648438,21.15999984741211,21.1200008392334,21.139999389648438,11072
2026-06-12 12:30:00,21.1200008392334,21.139999389648438,21.079999923706055,21.100000381469727,24170
2026-06-12 12:45:00,20.979999542236328,21.100000381469727,20.959999084472656,21.079999923706055,96826
2026-06-12 13:00:00,20.940000534057617,20.979999542236328,20.940000534057617,20.979999542236328,26065
2026-06-12 13:15:00,20.959999084472656,21.040000915527344,20.860000610351562,20.940000534057617,144108
2026-06-12 13:30:00,21.420000076293945,21.5,20.920000076293945,20.959999084472656,238923
2026-06-12 13:45:00,21.5,21.540000915527344,21.399999618530273,21.420000076293945,118995
2026-06-12 14:00:00,21.479999542236328,21.5,21.399999618530273,21.459999084472656,39289
2026-06-12 14:15:00,21.3799991607666,21.479999542236328,21.360000610351562,21.459999084472656,47341
2026-06-12 14:30:00,21.440000534057617,21.440000534057617,21.399999618530273,21.399999618530273,15296
2026-06-12 14:45:00,21.600000381469727,21.700000762939453,21.420000076293945,21.420000076293945,135037
2026-06-12 15:00:00,21.579999923706055,21.600000381469727,21.540000915527344,21.600000381469727,24918
2026-06-12 15:15:00,21.520000457763672,21.579999923706055,21.5,21.579999923706055,29203
2026-06-12 15:30:00,21.5,21.600000381469727,21.5,21.559999465942383,15961
2026-06-12 15:45:00,21.520000457763672,21.639999389648438,21.420000076293945,21.5,153997
2026-06-12 16:00:00,21.459999084472656,21.540000915527344,21.459999084472656,21.520000457763672,35951
2026-06-12 16:15:00,21.459999084472656,21.479999542236328,21.440000534057617,21.459999084472656,17714
2026-06-12 16:30:00,21.299999237060547,21.600000381469727,21.299999237060547,21.440000534057617,181431
2026-06-12 16:45:00,21.299999237060547,21.34000015258789,21.15999984741211,21.299999237060547,157722
2026-06-12 17:00:00,21.15999984741211,21.31999969482422,21.15999984741211,21.260000228881836,25301
2026-06-12 17:15:00,21.219999313354492,21.260000228881836,21.139999389648438,21.15999984741211,68748
2026-06-12 17:30:00,21.239999771118164,21.399999618530273,21.200000762939453,21.219999313354492,72182
2026-06-12 17:45:00,21.280000686645508,21.360000610351562,21.219999313354492,21.239999771118164,61087
2026-06-15 09:45:00,22.0,22.0,22.0,22.0,0
2026-06-15 10:00:00,21.5,22.0,21.5,21.920000076293945,502672
2026-06-15 10:15:00,21.600000381469727,21.600000381469727,21.280000686645508,21.520000457763672,123494
2026-06-15 10:30:00,21.719999313354492,21.719999313354492,21.399999618530273,21.579999923706055,203859
2026-06-15 10:45:00,21.700000762939453,21.940000534057617,21.700000762939453,21.700000762939453,100559
2026-06-15 11:00:00,21.6200008392334,21.760000228881836,21.6200008392334,21.739999771118164,67895
2026-06-15 11:15:00,21.700000762939453,21.81999969482422,21.6200008392334,21.639999389648438,79540
2026-06-15 11:30:00,21.65999984741211,21.700000762939453,21.65999984741211,21.700000762939453,21915
2026-06-15 11:45:00,21.700000762939453,21.700000762939453,21.6200008392334,21.65999984741211,51883
2026-06-15 12:00:00,21.459999084472656,21.700000762939453,21.459999084472656,21.700000762939453,87399
2026-06-15 12:15:00,21.700000762939453,21.700000762939453,21.459999084472656,21.459999084472656,104541
2026-06-15 12:30:00,21.65999984741211,21.68000030517578,21.6200008392334,21.68000030517578,18406
2026-06-15 12:45:00,21.639999389648438,21.68000030517578,21.600000381469727,21.68000030517578,32951
2026-06-15 13:00:00,21.639999389648438,21.68000030517578,21.600000381469727,21.65999984741211,9360
2026-06-15 13:15:00,21.639999389648438,21.639999389648438,21.600000381469727,21.639999389648438,33928
2026-06-15 13:30:00,21.760000228881836,21.799999237060547,21.600000381469727,21.6200008392334,46345
2026-06-15 13:45:00,21.719999313354492,21.799999237060547,21.6200008392334,21.780000686645508,124226
2026-06-15 14:00:00,21.6200008392334,21.719999313354492,21.600000381469727,21.68000030517578,19298
2026-06-15 14:15:00,21.559999465942383,21.65999984741211,21.559999465942383,21.65999984741211,31886
2026-06-15 14:30:00,21.6200008392334,21.65999984741211,21.540000915527344,21.559999465942383,40132
2026-06-15 14:45:00,21.600000381469727,21.639999389648438,21.579999923706055,21.600000381469727,61752
2026-06-15 15:00:00,21.600000381469727,21.6200008392334,21.540000915527344,21.6200008392334,30873
2026-06-15 15:15:00,21.65999984741211,21.65999984741211,21.579999923706055,21.600000381469727,58243
2026-06-15 15:30:00,21.639999389648438,21.68000030517578,21.600000381469727,21.639999389648438,120053
2026-06-15 15:45:00,21.639999389648438,21.700000762939453,21.540000915527344,21.65999984741211,362857
2026-06-15 16:00:00,21.579999923706055,21.639999389648438,21.540000915527344,21.639999389648438,67356
2026-06-15 16:15:00,21.65999984741211,21.780000686645508,21.520000457763672,21.540000915527344,180518
2026-06-15 16:30:00,21.459999084472656,21.700000762939453,21.459999084472656,21.639999389648438,269999
2026-06-15 16:45:00,21.579999923706055,21.600000381469727,21.420000076293945,21.459999084472656,104408
2026-06-15 17:00:00,21.420000076293945,21.559999465942383,21.420000076293945,21.520000457763672,42731
2026-06-15 17:15:00,21.219999313354492,21.420000076293945,21.219999313354492,21.420000076293945,107341
2026-06-15 17:30:00,21.299999237060547,21.31999969482422,21.200000762939453,21.219999313354492,61862
2026-06-15 17:45:00,21.219999313354492,21.34000015258789,21.219999313354492,21.299999237060547,135796
2026-06-16 09:45:00,21.280000686645508,21.280000686645508,21.280000686645508,21.280000686645508,0
2026-06-16 10:00:00,21.399999618530273,21.399999618530273,21.239999771118164,21.280000686645508,57855
2026-06-16 10:15:00,21.200000762939453,21.399999618530273,21.200000762939453,21.399999618530273,64169
2026-06-16 10:30:00,21.0,21.200000762939453,20.860000610351562,21.200000762939453,77040
2026-06-16 10:45:00,21.020000457763672,21.040000915527344,20.959999084472656,21.0,65231
2026-06-16 11:00:00,21.31999969482422,21.420000076293945,21.0,21.020000457763672,177314
2026-06-16 11:15:00,21.200000762939453,21.31999969482422,21.18000030517578,21.299999237060547,36371
2026-06-16 11:30:00,21.239999771118164,21.260000228881836,21.200000762939453,21.200000762939453,12702
2026-06-16 11:45:00,21.219999313354492,21.299999237060547,21.200000762939453,21.239999771118164,21014
2026-06-16 12:00:00,21.18000030517578,21.219999313354492,21.18000030517578,21.219999313354492,9813
2026-06-16 12:15:00,21.239999771118164,21.299999237060547,21.139999389648438,21.219999313354492,54966
2026-06-16 12:30:00,21.299999237060547,21.34000015258789,21.239999771118164,21.280000686645508,71200
2026-06-16 12:45:00,21.280000686645508,21.34000015258789,21.239999771118164,21.299999237060547,53115
2026-06-16 13:00:00,21.219999313354492,21.299999237060547,21.200000762939453,21.280000686645508,43638
2026-06-16 13:15:00,21.139999389648438,21.200000762939453,21.139999389648438,21.200000762939453,35533
2026-06-16 13:30:00,21.200000762939453,21.219999313354492,21.1200008392334,21.139999389648438,36199
2026-06-16 13:45:00,21.15999984741211,21.200000762939453,21.079999923706055,21.200000762939453,30922
2026-06-16 14:00:00,21.1200008392334,21.219999313354492,21.100000381469727,21.15999984741211,16761
2026-06-16 14:15:00,21.100000381469727,21.15999984741211,21.059999465942383,21.1200008392334,41540
2026-06-16 14:30:00,21.059999465942383,21.100000381469727,21.040000915527344,21.059999465942383,9137
2026-06-16 14:45:00,20.979999542236328,21.100000381469727,20.899999618530273,21.040000915527344,44821
2026-06-16 15:00:00,21.1200008392334,21.139999389648438,20.979999542236328,20.979999542236328,43266
2026-06-16 15:15:00,21.15999984741211,21.200000762939453,21.059999465942383,21.1200008392334,32001
2026-06-16 15:30:00,21.18000030517578,21.219999313354492,21.1200008392334,21.18000030517578,13326
2026-06-16 15:45:00,21.15999984741211,21.219999313354492,21.100000381469727,21.18000030517578,30136
2026-06-16 16:00:00,21.079999923706055,21.18000030517578,21.0,21.139999389648438,90805
2026-06-16 16:15:00,20.899999618530273,21.1200008392334,20.899999618530273,21.079999923706055,91696
2026-06-16 16:30:00,21.100000381469727,21.100000381469727,21.0,21.020000457763672,46887
2026-06-16 16:45:00,21.15999984741211,21.18000030517578,21.100000381469727,21.100000381469727,36150
2026-06-16 17:00:00,21.059999465942383,21.18000030517578,21.059999465942383,21.15999984741211,57162
2026-06-16 17:15:00,21.18000030517578,21.18000030517578,21.020000457763672,21.040000915527344,46974
2026-06-16 17:30:00,21.1200008392334,21.139999389648438,21.100000381469727,21.139999389648438,12494
2026-06-16 17:45:00,21.020000457763672,21.1200008392334,21.0,21.100000381469727,58222
2026-06-17 09:45:00,20.6200008392334,20.6200008392334,20.6200008392334,20.6200008392334,0
2026-06-17 10:00:00,21.059999465942383,21.18000030517578,20.940000534057617,20.940000534057617,135321
2026-06-17 10:15:00,21.059999465942383,21.1200008392334,21.059999465942383,21.059999465942383,47466
2026-06-17 10:30:00,21.219999313354492,21.239999771118164,21.020000457763672,21.059999465942383,75695
2026-06-17 10:45:00,21.239999771118164,21.260000228881836,21.18000030517578,21.239999771118164,70097
2026-06-17 11:00:00,21.1200008392334,21.239999771118164,21.100000381469727,21.200000762939453,77183
2026-06-17 11:15:00,21.100000381469727,21.139999389648438,21.079999923706055,21.1200008392334,34410
2026-06-17 11:30:00,21.100000381469727,21.100000381469727,21.059999465942383,21.100000381469727,18649
2026-06-17 11:45:00,21.15999984741211,21.15999984741211,21.100000381469727,21.100000381469727,15464
2026-06-17 12:00:00,21.1200008392334,21.1200008392334,21.100000381469727,21.1200008392334,4980
2026-06-17 12:15:00,21.1200008392334,21.15999984741211,21.100000381469727,21.1200008392334,31067
2026-06-17 12:30:00,21.139999389648438,21.18000030517578,21.139999389648438,21.18000030517578,5384
2026-06-17 12:45:00,21.260000228881836,21.31999969482422,21.1200008392334,21.1200008392334,52388
2026-06-17 13:00:00,21.200000762939453,21.299999237060547,21.200000762939453,21.280000686645508,41456
2026-06-17 13:15:00,21.15999984741211,21.18000030517578,21.1200008392334,21.18000030517578,12095
2026-06-17 13:30:00,21.18000030517578,21.18000030517578,21.15999984741211,21.15999984741211,7975
2026-06-17 13:45:00,21.139999389648438,21.200000762939453,21.1200008392334,21.18000030517578,6079
2026-06-17 14:00:00,21.1200008392334,21.260000228881836,21.100000381469727,21.15999984741211,20831
2026-06-17 14:15:00,21.100000381469727,21.139999389648438,21.079999923706055,21.139999389648438,33735
2026-06-17 14:30:00,21.1200008392334,21.18000030517578,21.079999923706055,21.100000381469727,26585
2026-06-17 14:45:00,21.139999389648438,21.139999389648438,21.100000381469727,21.1200008392334,23840
2026-06-17 15:00:00,21.1200008392334,21.239999771118164,21.1200008392334,21.139999389648438,20995
2026-06-17 15:15:00,21.15999984741211,21.15999984741211,21.100000381469727,21.1200008392334,20161
2026-06-17 15:30:00,21.239999771118164,21.31999969482422,21.139999389648438,21.139999389648438,30396
2026-06-17 15:45:00,21.239999771118164,21.360000610351562,21.219999313354492,21.219999313354492,33227
2026-06-17 16:00:00,21.260000228881836,21.260000228881836,21.219999313354492,21.239999771118164,6136
2026-06-17 16:15:00,21.440000534057617,21.440000534057617,21.260000228881836,21.260000228881836,62231
2026-06-17 16:30:00,21.219999313354492,21.440000534057617,21.219999313354492,21.399999618530273,97010
2026-06-17 16:45:00,21.200000762939453,21.280000686645508,21.15999984741211,21.280000686645508,13964
2026-06-17 17:00:00,21.260000228881836,21.280000686645508,21.040000915527344,21.200000762939453,120542
2026-06-17 17:15:00,21.280000686645508,21.280000686645508,21.18000030517578,21.260000228881836,49548
2026-06-17 17:30:00,21.299999237060547,21.299999237060547,21.059999465942383,21.280000686645508,49548
2026-06-17 17:45:00,21.31999969482422,21.31999969482422,21.020000457763672,21.299999237060547,75924
2026-06-18 09:45:00,21.100000381469727,21.100000381469727,21.100000381469727,21.100000381469727,0
2026-06-18 10:00:00,21.479999542236328,21.639999389648438,21.1200008392334,21.15999984741211,161674
2026-06-18 10:15:00,21.360000610351562,21.520000457763672,21.360000610351562,21.479999542236328,57272
2026-06-18 10:30:00,21.459999084472656,21.479999542236328,21.360000610351562,21.360000610351562,61790
2026-06-18 10:45:00,21.440000534057617,21.479999542236328,21.399999618530273,21.440000534057617,30434
2026-06-18 11:00:00,21.559999465942383,21.559999465942383,21.420000076293945,21.440000534057617,41629
2026-06-18 11:15:00,21.579999923706055,21.600000381469727,21.540000915527344,21.559999465942383,28790
2026-06-18 11:30:00,21.540000915527344,21.65999984741211,21.479999542236328,21.559999465942383,77121
2026-06-18 11:45:00,21.579999923706055,21.6200008392334,21.479999542236328,21.540000915527344,118785
2026-06-18 12:00:00,21.420000076293945,21.579999923706055,21.420000076293945,21.579999923706055,42167
2026-06-18 12:15:00,21.440000534057617,21.440000534057617,21.399999618530273,21.420000076293945,10793
2026-06-18 12:30:00,21.34000015258789,21.440000534057617,21.31999969482422,21.440000534057617,29571
2026-06-18 12:45:00,21.3799991607666,21.3799991607666,21.299999237060547,21.34000015258789,30540
2026-06-18 13:00:00,21.360000610351562,21.3799991607666,21.34000015258789,21.3799991607666,3318
2026-06-18 13:15:00,21.34000015258789,21.3799991607666,21.34000015258789,21.360000610351562,4245
2026-06-18 13:30:00,21.239999771118164,21.360000610351562,21.139999389648438,21.360000610351562,74619
2026-06-18 13:45:00,21.18000030517578,21.239999771118164,21.15999984741211,21.239999771118164,44360
2026-06-18 14:00:00,21.200000762939453,21.260000228881836,21.15999984741211,21.18000030517578,40202
2026-06-18 14:15:00,21.18000030517578,21.299999237060547,21.15999984741211,21.200000762939453,59843
2026-06-18 14:30:00,21.15999984741211,21.219999313354492,21.139999389648438,21.15999984741211,24331
2026-06-18 14:45:00,21.15999984741211,21.200000762939453,21.1200008392334,21.200000762939453,17657
2026-06-18 15:00:00,21.139999389648438,21.15999984741211,21.100000381469727,21.139999389648438,25821
2026-06-18 15:15:00,21.100000381469727,21.15999984741211,21.079999923706055,21.139999389648438,34176
2026-06-18 15:30:00,21.100000381469727,21.1200008392334,21.059999465942383,21.100000381469727,9554
2026-06-18 15:45:00,21.020000457763672,21.1200008392334,20.940000534057617,21.079999923706055,40098
2026-06-18 16:00:00,21.18000030517578,21.299999237060547,21.020000457763672,21.020000457763672,99581
2026-06-18 16:15:00,21.200000762939453,21.219999313354492,21.139999389648438,21.18000030517578,61683
2026-06-18 16:30:00,21.239999771118164,21.280000686645508,21.18000030517578,21.18000030517578,61847
2026-06-18 16:45:00,21.139999389648438,21.219999313354492,21.1200008392334,21.219999313354492,20073
2026-06-18 17:00:00,21.15999984741211,21.219999313354492,21.139999389648438,21.139999389648438,10299
2026-06-18 17:15:00,21.15999984741211,21.219999313354492,21.139999389648438,21.139999389648438,23350
2026-06-18 17:30:00,21.15999984741211,21.18000030517578,21.100000381469727,21.15999984741211,39148
2026-06-18 17:45:00,21.040000915527344,21.139999389648438,21.0,21.139999389648438,120261
2026-06-19 09:45:00,20.860000610351562,20.860000610351562,20.860000610351562,20.860000610351562,0
2026-06-19 10:00:00,21.0,21.139999389648438,20.799999237060547,20.860000610351562,104114
2026-06-19 10:15:00,20.899999618530273,21.139999389648438,20.899999618530273,21.040000915527344,144314
2026-06-19 10:30:00,20.899999618530273,20.940000534057617,20.84000015258789,20.920000076293945,106468
2026-06-19 10:45:00,20.940000534057617,21.0,20.780000686645508,20.899999618530273,194935
2026-06-19 11:00:00,21.1200008392334,21.15999984741211,20.899999618530273,20.940000534057617,81120
2026-06-19 11:15:00,21.18000030517578,21.34000015258789,21.1200008392334,21.1200008392334,192753
2026-06-19 11:30:00,21.100000381469727,21.18000030517578,21.100000381469727,21.18000030517578,28828
2026-06-19 11:45:00,21.3799991607666,21.459999084472656,21.079999923706055,21.100000381469727,131593
2026-06-19 12:00:00,21.479999542236328,21.600000381469727,21.3799991607666,21.399999618530273,130846
2026-06-19 12:15:00,21.420000076293945,21.479999542236328,21.34000015258789,21.420000076293945,63506
2026-06-19 12:30:00,21.399999618530273,21.5,21.399999618530273,21.420000076293945,59261
2026-06-19 12:45:00,21.399999618530273,21.399999618530273,21.360000610351562,21.3799991607666,14586
2026-06-19 13:00:00,21.299999237060547,21.399999618530273,21.299999237060547,21.399999618530273,21053
2026-06-19 13:15:00,21.299999237060547,21.299999237060547,21.239999771118164,21.299999237060547,6625
2026-06-19 13:30:00,21.219999313354492,21.280000686645508,21.139999389648438,21.260000228881836,22155
2026-06-19 13:45:00,21.200000762939453,21.239999771118164,21.15999984741211,21.15999984741211,35700
2026-06-19 14:00:00,21.200000762939453,21.219999313354492,21.18000030517578,21.200000762939453,10144
2026-06-19 14:15:00,21.260000228881836,21.34000015258789,21.200000762939453,21.219999313354492,14424
2026-06-19 14:30:00,21.280000686645508,21.299999237060547,21.260000228881836,21.280000686645508,9574
2026-06-19 14:45:00,21.31999969482422,21.3799991607666,21.260000228881836,21.280000686645508,63516
2026-06-19 15:00:00,21.34000015258789,21.34000015258789,21.239999771118164,21.299999237060547,32897
2026-06-19 15:15:00,21.399999618530273,21.65999984741211,21.280000686645508,21.299999237060547,134712
2026-06-19 15:30:00,21.399999618530273,21.420000076293945,21.3799991607666,21.420000076293945,4035
2026-06-19 15:45:00,21.260000228881836,21.399999618530273,21.239999771118164,21.399999618530273,58753
2026-06-19 16:00:00,21.18000030517578,21.34000015258789,21.18000030517578,21.280000686645508,27722
2026-06-19 16:15:00,20.81999969482422,21.200000762939453,20.65999984741211,21.15999984741211,390631
2026-06-19 16:30:00,21.020000457763672,21.15999984741211,20.65999984741211,20.81999969482422,452205
2026-06-19 16:45:00,21.020000457763672,21.079999923706055,21.0,21.040000915527344,45904
2026-06-19 17:00:00,21.0,21.040000915527344,20.959999084472656,21.020000457763672,21001
2026-06-19 17:15:00,21.020000457763672,21.020000457763672,20.979999542236328,21.0,7020
2026-06-19 17:30:00,21.0,21.020000457763672,20.959999084472656,21.020000457763672,37250
2026-06-19 17:45:00,21.18000030517578,21.260000228881836,20.959999084472656,20.959999084472656,67328
2026-06-22 09:45:00,21.260000228881836,21.260000228881836,21.260000228881836,21.260000228881836,0
2026-06-22 10:00:00,21.219999313354492,21.360000610351562,21.100000381469727,21.260000228881836,107142
2026-06-22 10:15:00,21.100000381469727,21.299999237060547,21.100000381469727,21.219999313354492,55646
2026-06-22 10:30:00,21.200000762939453,21.200000762939453,21.040000915527344,21.1200008392334,86324
2026-06-22 10:45:00,21.18000030517578,21.200000762939453,21.139999389648438,21.200000762939453,16828
2026-06-22 11:00:00,21.100000381469727,21.18000030517578,21.100000381469727,21.18000030517578,16536
2026-06-22 11:15:00,21.1200008392334,21.139999389648438,21.079999923706055,21.100000381469727,30441
2026-06-22 11:30:00,21.31999969482422,21.31999969482422,20.899999618530273,21.1200008392334,140104
2026-06-22 11:45:00,21.31999969482422,21.34000015258789,21.280000686645508,21.299999237060547,9681
2026-06-22 12:00:00,21.5,21.5,21.31999969482422,21.31999969482422,151703
2026-06-22 12:15:00,21.440000534057617,21.5,21.3799991607666,21.459999084472656,112356
2026-06-22 12:30:00,21.239999771118164,21.479999542236328,21.239999771118164,21.440000534057617,54963
2026-06-22 12:45:00,21.360000610351562,21.3799991607666,21.34000015258789,21.34000015258789,5592
2026-06-22 13:00:00,21.399999618530273,21.420000076293945,21.34000015258789,21.360000610351562,9317
2026-06-22 13:15:00,21.31999969482422,21.399999618530273,21.280000686645508,21.399999618530273,13125
2026-06-22 13:30:00,21.299999237060547,21.360000610351562,21.299999237060547,21.31999969482422,22291
2026-06-22 13:45:00,21.34000015258789,21.360000610351562,21.299999237060547,21.299999237060547,21756
2026-06-22 14:00:00,21.260000228881836,21.34000015258789,21.260000228881836,21.34000015258789,2345
2026-06-22 14:15:00,21.239999771118164,21.280000686645508,21.239999771118164,21.260000228881836,30363
2026-06-22 14:30:00,21.100000381469727,21.299999237060547,21.079999923706055,21.260000228881836,140546
2026-06-22 14:45:00,21.040000915527344,21.18000030517578,21.040000915527344,21.059999465942383,25291
2026-06-22 15:00:00,21.040000915527344,21.18000030517578,21.020000457763672,21.059999465942383,29302
2026-06-22 15:15:00,21.040000915527344,21.079999923706055,21.040000915527344,21.059999465942383,13575
2026-06-22 15:30:00,21.040000915527344,21.059999465942383,20.959999084472656,21.040000915527344,57778
2026-06-22 15:45:00,20.959999084472656,21.040000915527344,20.959999084472656,21.040000915527344,21380
2026-06-22 16:00:00,20.920000076293945,20.959999084472656,20.920000076293945,20.959999084472656,18701
2026-06-22 16:15:00,20.920000076293945,20.959999084472656,20.84000015258789,20.940000534057617,46892
2026-06-22 16:30:00,20.860000610351562,20.959999084472656,20.860000610351562,20.940000534057617,28704
2026-06-22 16:45:00,20.899999618530273,20.940000534057617,20.860000610351562,20.8799991607666,47531
2026-06-22 17:00:00,20.920000076293945,20.959999084472656,20.84000015258789,20.8799991607666,18785
2026-06-22 17:15:00,20.940000534057617,20.940000534057617,20.920000076293945,20.920000076293945,7581
2026-06-22 17:30:00,20.979999542236328,21.059999465942383,20.920000076293945,20.940000534057617,77254
2026-06-22 17:45:00,21.020000457763672,21.020000457763672,20.979999542236328,20.979999542236328,73667
2026-06-23 09:45:00,20.959999084472656,20.959999084472656,20.959999084472656,20.959999084472656,0
2026-06-23 10:00:00,20.799999237060547,20.959999084472656,20.68000030517578,20.959999084472656,92615
2026-06-23 10:15:00,20.780000686645508,20.81999969482422,20.739999771118164,20.799999237060547,74524
2026-06-23 10:30:00,20.65999984741211,20.780000686645508,20.600000381469727,20.780000686645508,36236
2026-06-23 10:45:00,20.760000228881836,20.799999237060547,20.559999465942383,20.65999984741211,65793
2026-06-23 11:00:00,20.760000228881836,20.760000228881836,20.68000030517578,20.719999313354492,10899
2026-06-23 11:15:00,20.700000762939453,20.780000686645508,20.700000762939453,20.739999771118164,13603
2026-06-23 11:30:00,20.68000030517578,20.760000228881836,20.540000915527344,20.739999771118164,55366
2026-06-23 11:45:00,20.780000686645508,20.780000686645508,20.700000762939453,20.760000228881836,513
2026-06-23 12:00:00,20.739999771118164,20.860000610351562,20.739999771118164,20.780000686645508,39620
2026-06-23 12:15:00,20.760000228881836,20.81999969482422,20.739999771118164,20.739999771118164,32830
2026-06-23 12:30:00,20.760000228881836,20.81999969482422,20.760000228881836,20.760000228881836,6597
2026-06-23 12:45:00,20.780000686645508,20.81999969482422,20.719999313354492,20.760000228881836,13633
2026-06-23 13:00:00,20.719999313354492,20.780000686645508,20.719999313354492,20.780000686645508,6451
2026-06-23 13:15:00,20.719999313354492,20.780000686645508,20.700000762939453,20.719999313354492,18900
2026-06-23 13:30:00,20.68000030517578,20.760000228881836,20.639999389648438,20.719999313354492,27106
2026-06-23 13:45:00,20.6200008392334,20.719999313354492,20.6200008392334,20.68000030517578,11523
2026-06-23 14:00:00,20.639999389648438,20.700000762939453,20.6200008392334,20.6200008392334,8495
2026-06-23 14:15:00,20.65999984741211,20.700000762939453,20.639999389648438,20.639999389648438,18390
2026-06-23 14:30:00,20.739999771118164,20.81999969482422,20.639999389648438,20.639999389648438,43342
2026-06-23 14:45:00,20.700000762939453,20.739999771118164,20.700000762939453,20.739999771118164,17185
2026-06-23 15:00:00,20.6200008392334,20.700000762939453,20.579999923706055,20.700000762939453,34235
2026-06-23 15:15:00,20.68000030517578,20.799999237060547,20.6200008392334,20.639999389648438,68067
2026-06-23 15:30:00,20.65999984741211,20.65999984741211,20.559999465942383,20.65999984741211,31883
2026-06-23 15:45:00,20.68000030517578,20.68000030517578,20.600000381469727,20.639999389648438,14203
2026-06-23 16:00:00,20.639999389648438,20.8799991607666,20.559999465942383,20.65999984741211,65158
2026-06-23 16:15:00,20.5,20.639999389648438,20.479999542236328,20.639999389648438,51042
2026-06-23 16:30:00,20.520000457763672,20.520000457763672,20.479999542236328,20.5,38502
2026-06-23 16:45:00,20.579999923706055,20.6200008392334,20.479999542236328,20.5,79583
2026-06-23 17:00:00,20.600000381469727,20.6200008392334,20.540000915527344,20.6200008392334,17500
2026-06-23 17:15:00,20.479999542236328,20.600000381469727,20.479999542236328,20.600000381469727,16760
2026-06-23 17:30:00,20.440000534057617,20.5,20.420000076293945,20.479999542236328,32074
2026-06-23 17:45:00,20.5,20.760000228881836,20.420000076293945,20.440000534057617,51289
2026-06-24 09:45:00,20.299999237060547,20.299999237060547,20.299999237060547,20.299999237060547,0
2026-06-24 10:00:00,20.68000030517578,22.3799991607666,20.200000762939453,20.280000686645508,1173222
2026-06-24 10:15:00,20.520000457763672,20.719999313354492,20.479999542236328,20.719999313354492,159663
2026-06-24 10:30:00,20.520000457763672,20.600000381469727,20.479999542236328,20.5,46582
2026-06-24 10:45:00,20.559999465942383,20.65999984741211,20.459999084472656,20.5,77954
2026-06-24 11:00:00,20.360000610351562,20.540000915527344,20.260000228881836,20.540000915527344,119838
2026-06-24 11:15:00,20.299999237060547,20.34000015258789,20.200000762939453,20.34000015258789,109611
2026-06-24 11:30:00,20.260000228881836,20.31999969482422,20.219999313354492,20.31999969482422,42955
2026-06-24 11:45:00,20.040000915527344,20.31999969482422,20.040000915527344,20.260000228881836,72006
2026-06-24 12:00:00,19.889999389648438,20.1200008392334,19.809999465942383,20.059999465942383,114433
2026-06-24 12:15:00,19.780000686645508,19.940000534057617,19.739999771118164,19.920000076293945,105740
2026-06-24 12:30:00,19.739999771118164,19.799999237060547,19.649999618530273,19.770000457763672,79662
2026-06-24 12:45:00,19.760000228881836,19.780000686645508,19.700000762939453,19.729999542236328,39210
2026-06-24 13:00:00,19.889999389648438,19.950000762939453,19.68000030517578,19.75,93773
2026-06-24 13:15:00,19.790000915527344,19.899999618530273,19.790000915527344,19.899999618530273,99161
2026-06-24 13:30:00,19.770000457763672,19.860000610351562,19.729999542236328,19.84000015258789,58904
2026-06-24 13:45:00,19.65999984741211,19.760000228881836,19.65999984741211,19.760000228881836,109890
2026-06-24 14:00:00,19.690000534057617,19.799999237060547,19.6299991607666,19.690000534057617,62623
2026-06-24 14:15:00,19.649999618530273,19.690000534057617,19.6299991607666,19.690000534057617,33072
2026-06-24 14:30:00,19.639999389648438,19.690000534057617,19.639999389648438,19.65999984741211,23318
2026-06-24 14:45:00,19.6200008392334,19.65999984741211,19.59000015258789,19.65999984741211,55053
2026-06-24 15:00:00,19.59000015258789,19.6200008392334,19.540000915527344,19.6200008392334,40952
2026-06-24 15:15:00,19.5,19.700000762939453,19.420000076293945,19.56999969482422,763481
2026-06-24 15:30:00,19.6299991607666,19.6299991607666,19.489999771118164,19.489999771118164,46534
2026-06-24 15:45:00,19.559999465942383,19.75,19.479999542236328,19.649999618530273,172354
2026-06-24 16:00:00,19.420000076293945,19.510000228881836,19.360000610351562,19.510000228881836,99989
2026-06-24 16:15:00,19.360000610351562,19.450000762939453,19.360000610351562,19.420000076293945,67728
2026-06-24 16:30:00,19.290000915527344,19.469999313354492,19.290000915527344,19.360000610351562,36275
2026-06-24 16:45:00,19.270000457763672,19.420000076293945,19.229999542236328,19.31999969482422,165449
2026-06-24 17:00:00,19.15999984741211,19.329999923706055,19.100000381469727,19.270000457763672,209732
2026-06-24 17:15:00,19.229999542236328,19.260000228881836,19.100000381469727,19.15999984741211,124454
2026-06-24 17:30:00,19.059999465942383,19.299999237060547,18.90999984741211,19.209999084472656,290156
2026-06-24 17:45:00,19.1299991607666,19.170000076293945,18.920000076293945,19.059999465942383,206163
2026-06-25 09:45:00,18.90999984741211,18.90999984741211,18.90999984741211,18.90999984741211,0
2026-06-25 10:00:00,18.920000076293945,19.5,18.850000381469727,19.049999237060547,245315
2026-06-25 10:15:00,19.09000015258789,19.1200008392334,18.84000015258789,18.90999984741211,220168
2026-06-25 10:30:00,19.1200008392334,19.149999618530273,19.040000915527344,19.049999237060547,39339
2026-06-25 10:45:00,19.040000915527344,19.1299991607666,19.040000915527344,19.110000610351562,65016
2026-06-25 11:00:00,19.0,19.059999465942383,18.989999771118164,19.040000915527344,70358
2026-06-25 11:15:00,19.09000015258789,19.09000015258789,18.959999084472656,19.0,27931
2026-06-25 11:30:00,19.010000228881836,19.09000015258789,18.989999771118164,19.09000015258789,36702
2026-06-25 11:45:00,19.030000686645508,19.030000686645508,18.989999771118164,19.010000228881836,16752
2026-06-25 12:00:00,19.040000915527344,19.040000915527344,19.0,19.030000686645508,9760
2026-06-25 12:15:00,18.899999618530273,19.030000686645508,18.889999389648438,19.030000686645508,54398
2026-06-25 12:30:00,18.68000030517578,18.899999618530273,18.65999984741211,18.899999618530273,198567
2026-06-25 12:45:00,18.760000228881836,18.760000228881836,18.600000381469727,18.670000076293945,205496
2026-06-25 13:00:00,18.770000457763672,18.809999465942383,18.709999084472656,18.760000228881836,63071
2026-06-25 13:15:00,18.940000534057617,18.950000762939453,18.770000457763672,18.770000457763672,152883
2026-06-25 13:30:00,18.809999465942383,18.969999313354492,18.799999237060547,18.940000534057617,65528
2026-06-25 13:45:00,18.799999237060547,18.850000381469727,18.760000228881836,18.809999465942383,97061
2026-06-25 14:00:00,18.799999237060547,18.889999389648438,18.799999237060547,18.81999969482422,41784
2026-06-25 14:15:00,18.739999771118164,18.81999969482422,18.719999313354492,18.799999237060547,51321
2026-06-25 14:30:00,18.739999771118164,18.770000457763672,18.729999542236328,18.75,14925
2026-06-25 14:45:00,18.690000534057617,18.75,18.690000534057617,18.739999771118164,14989
2026-06-25 15:00:00,18.729999542236328,18.760000228881836,18.68000030517578,18.719999313354492,26830
2026-06-25 15:15:00,18.780000686645508,18.780000686645508,18.690000534057617,18.709999084472656,26789
2026-06-25 15:30:00,18.700000762939453,18.790000915527344,18.700000762939453,18.760000228881836,37367
2026-06-25 15:45:00,18.649999618530273,18.809999465942383,18.649999618530273,18.700000762939453,52083
2026-06-25 16:00:00,18.610000610351562,18.65999984741211,18.610000610351562,18.65999984741211,21502
2026-06-25 16:15:00,18.59000015258789,18.639999389648438,18.56999969482422,18.639999389648438,22362
2026-06-25 16:30:00,18.649999618530273,18.68000030517578,18.59000015258789,18.59000015258789,32625
2026-06-25 16:45:00,18.639999389648438,18.68000030517578,18.56999969482422,18.649999618530273,27142
2026-06-25 17:00:00,18.6299991607666,18.649999618530273,18.600000381469727,18.639999389648438,54716
2026-06-25 17:15:00,18.739999771118164,18.739999771118164,18.65999984741211,18.65999984741211,28215
2026-06-25 17:30:00,18.690000534057617,18.739999771118164,18.68000030517578,18.719999313354492,6840
2026-06-25 17:45:00,18.739999771118164,18.739999771118164,18.670000076293945,18.700000762939453,82524
2026-06-26 09:45:00,18.649999618530273,18.649999618530273,18.649999618530273,18.649999618530273,0
2026-06-26 10:00:00,18.729999542236328,18.829999923706055,18.649999618530273,18.649999618530273,22174
2026-06-26 10:15:00,18.65999984741211,18.75,18.6299991607666,18.700000762939453,24022
2026-06-26 10:30:00,18.719999313354492,18.75,18.6200008392334,18.6200008392334,25958
2026-06-26 10:45:00,18.68000030517578,18.739999771118164,18.670000076293945,18.709999084472656,4497
2026-06-26 11:00:00,19.010000228881836,19.1299991607666,18.729999542236328,18.729999542236328,102870
2026-06-26 11:15:00,18.950000762939453,19.049999237060547,18.950000762939453,19.030000686645508,44611
2026-06-26 11:30:00,19.030000686645508,19.040000915527344,18.950000762939453,18.950000762939453,48473
2026-06-26 11:45:00,18.969999313354492,19.030000686645508,18.959999084472656,18.979999542236328,15269
2026-06-26 12:00:00,19.020000457763672,19.020000457763672,18.93000030517578,18.979999542236328,46528
2026-06-26 12:15:00,19.059999465942383,19.06999969482422,19.0,19.020000457763672,30854
2026-06-26 12:30:00,19.049999237060547,19.1200008392334,19.020000457763672,19.059999465942383,34934
2026-06-26 12:45:00,18.979999542236328,19.06999969482422,18.979999542236328,19.049999237060547,35355
2026-06-26 13:00:00,18.950000762939453,19.0,18.950000762939453,19.0,6346
2026-06-26 13:15:00,19.010000228881836,19.040000915527344,18.969999313354492,18.969999313354492,15801
2026-06-26 13:30:00,19.030000686645508,19.049999237060547,18.989999771118164,19.010000228881836,10110
2026-06-26 13:45:00,18.989999771118164,19.030000686645508,18.989999771118164,19.010000228881836,18996
2026-06-26 14:00:00,19.079999923706055,19.100000381469727,18.989999771118164,18.989999771118164,12661
2026-06-26 14:15:00,19.1299991607666,19.1299991607666,19.040000915527344,19.100000381469727,29186
2026-06-26 14:30:00,19.139999389648438,19.200000762939453,19.100000381469727,19.1299991607666,35380
2026-06-26 14:45:00,19.049999237060547,19.110000610351562,19.040000915527344,19.110000610351562,45638
2026-06-26 15:00:00,19.030000686645508,19.06999969482422,19.010000228881836,19.06999969482422,1457
2026-06-26 15:15:00,19.010000228881836,19.049999237060547,19.010000228881836,19.040000915527344,2837
2026-06-26 15:30:00,19.020000457763672,19.040000915527344,19.020000457763672,19.020000457763672,21402
2026-06-26 15:45:00,18.940000534057617,19.020000457763672,18.940000534057617,19.020000457763672,57010
2026-06-26 16:00:00,18.959999084472656,18.989999771118164,18.90999984741211,18.940000534057617,54438
2026-06-26 16:15:00,18.920000076293945,18.969999313354492,18.889999389648438,18.959999084472656,24916
2026-06-26 16:30:00,19.06999969482422,19.06999969482422,18.90999984741211,18.920000076293945,61103
2026-06-26 16:45:00,19.100000381469727,19.15999984741211,19.049999237060547,19.049999237060547,73781
2026-06-26 17:00:00,19.1299991607666,19.139999389648438,19.09000015258789,19.09000015258789,20294
2026-06-26 17:15:00,19.100000381469727,19.15999984741211,19.100000381469727,19.139999389648438,16722
2026-06-26 17:30:00,19.100000381469727,19.200000762939453,19.100000381469727,19.100000381469727,122828
2026-06-26 17:45:00,19.049999237060547,19.139999389648438,19.049999237060547,19.100000381469727,65981
2026-06-29 09:45:00,19.100000381469727,19.100000381469727,19.100000381469727,19.100000381469727,0
2026-06-29 10:00:00,19.399999618530273,19.600000381469727,19.110000610351562,19.110000610351562,280287
2026-06-29 10:15:00,19.34000015258789,19.420000076293945,19.25,19.420000076293945,42508
2026-06-29 10:30:00,19.290000915527344,19.350000381469727,19.239999771118164,19.299999237060547,45028
2026-06-29 10:45:00,19.190000534057617,19.299999237060547,19.15999984741211,19.260000228881836,36924
2026-06-29 11:00:00,19.049999237060547,19.200000762939453,19.049999237060547,19.200000762939453,46214
2026-06-29 11:15:00,19.059999465942383,19.079999923706055,18.950000762939453,19.049999237060547,47693
2026-06-29 11:30:00,19.079999923706055,19.1200008392334,19.059999465942383,19.09000015258789,29482
2026-06-29 11:45:00,19.06999969482422,19.110000610351562,19.049999237060547,19.079999923706055,17664
2026-06-29 12:00:00,19.059999465942383,19.06999969482422,18.989999771118164,19.040000915527344,14925
2026-06-29 12:15:00,19.010000228881836,19.059999465942383,19.010000228881836,19.059999465942383,7348
2026-06-29 12:30:00,18.959999084472656,19.030000686645508,18.920000076293945,19.030000686645508,46702
2026-06-29 12:45:00,18.969999313354492,19.010000228881836,18.809999465942383,18.950000762939453,54845
2026-06-29 13:00:00,19.0,19.040000915527344,18.93000030517578,18.979999542236328,37046
2026-06-29 13:15:00,19.0,19.040000915527344,18.969999313354492,19.020000457763672,7829
2026-06-29 13:30:00,19.0,19.020000457763672,18.93000030517578,19.0,28311
2026-06-29 13:45:00,18.979999542236328,18.979999542236328,18.979999542236328,18.979999542236328,175
2026-06-29 14:00:00,18.979999542236328,18.989999771118164,18.93000030517578,18.940000534057617,35799
2026-06-29 14:15:00,18.829999923706055,18.959999084472656,18.829999923706055,18.940000534057617,45864
2026-06-29 14:30:00,18.90999984741211,19.049999237060547,18.809999465942383,18.81999969482422,136768
2026-06-29 14:45:00,18.959999084472656,18.959999084472656,18.850000381469727,18.90999984741211,8039
2026-06-29 15:00:00,18.889999389648438,18.959999084472656,18.860000610351562,18.959999084472656,34805
2026-06-29 15:15:00,18.829999923706055,18.8700008392334,18.829999923706055,18.8700008392334,22940
2026-06-29 15:30:00,18.81999969482422,18.860000610351562,18.81999969482422,18.850000381469727,14401
2026-06-29 15:45:00,18.799999237060547,18.850000381469727,18.790000915527344,18.84000015258789,32886
2026-06-29 16:00:00,18.979999542236328,19.059999465942383,18.75,18.799999237060547,126508
2026-06-29 16:15:00,18.979999542236328,19.030000686645508,18.90999984741211,18.979999542236328,21712
2026-06-29 16:30:00,19.079999923706055,19.149999618530273,18.989999771118164,18.989999771118164,24658
2026-06-29 16:45:00,18.979999542236328,19.06999969482422,18.979999542236328,19.059999465942383,18762
2026-06-29 17:00:00,18.969999313354492,18.989999771118164,18.950000762939453,18.979999542236328,3000
2026-06-29 17:15:00,18.969999313354492,19.079999923706055,18.93000030517578,18.969999313354492,26708
2026-06-29 17:30:00,19.0,19.079999923706055,18.969999313354492,18.969999313354492,39487
2026-06-29 17:45:00,18.989999771118164,18.989999771118164,18.940000534057617,18.989999771118164,21134
2026-06-30 09:45:00,19.290000915527344,19.290000915527344,19.290000915527344,19.290000915527344,0
2026-06-30 10:00:00,19.09000015258789,19.3799991607666,19.059999465942383,19.290000915527344,243959
2026-06-30 10:15:00,19.309999465942383,19.3799991607666,19.079999923706055,19.09000015258789,70982
2026-06-30 10:30:00,19.25,19.3700008392334,19.25,19.309999465942383,28087
2026-06-30 10:45:00,19.1200008392334,19.25,19.1200008392334,19.25,60909
2026-06-30 11:00:00,19.040000915527344,19.110000610351562,19.040000915527344,19.110000610351562,28948
2026-06-30 11:15:00,19.0,19.049999237060547,18.950000762939453,19.030000686645508,83600
2026-06-30 11:30:00,19.059999465942383,19.059999465942383,18.940000534057617,18.989999771118164,118591
2026-06-30 11:45:00,19.040000915527344,19.040000915527344,18.969999313354492,19.040000915527344,32548
2026-06-30 12:00:00,19.010000228881836,19.040000915527344,19.010000228881836,19.030000686645508,19890
2026-06-30 12:15:00,18.950000762939453,19.040000915527344,18.93000030517578,19.010000228881836,78723
2026-06-30 12:30:00,19.020000457763672,19.020000457763672,18.90999984741211,18.959999084472656,32948
2026-06-30 12:45:00,18.959999084472656,19.020000457763672,18.940000534057617,19.010000228881836,15746
2026-06-30 13:00:00,18.959999084472656,18.969999313354492,18.920000076293945,18.969999313354492,26088
2026-06-30 13:15:00,18.899999618530273,18.950000762939453,18.860000610351562,18.920000076293945,28266
2026-06-30 13:30:00,18.93000030517578,18.93000030517578,18.899999618530273,18.899999618530273,5245
2026-06-30 13:45:00,18.899999618530273,18.93000030517578,18.8700008392334,18.920000076293945,23389
2026-06-30 14:00:00,18.93000030517578,19.020000457763672,18.850000381469727,18.889999389648438,113789
2026-06-30 14:15:00,18.90999984741211,18.940000534057617,18.899999618530273,18.920000076293945,18807
2026-06-30 14:30:00,19.049999237060547,19.06999969482422,18.8799991607666,18.90999984741211,48320
2026-06-30 14:45:00,19.09000015258789,19.110000610351562,19.040000915527344,19.040000915527344,22293
2026-06-30 15:00:00,19.1200008392334,19.1200008392334,19.049999237060547,19.09000015258789,27753
2026-06-30 15:15:00,19.0,19.1200008392334,19.0,19.1200008392334,53564
2026-06-30 15:30:00,19.110000610351562,19.25,19.06999969482422,19.06999969482422,285780
2026-06-30 15:45:00,19.239999771118164,19.25,19.1200008392334,19.15999984741211,91283
2026-06-30 16:00:00,19.1200008392334,19.229999542236328,18.969999313354492,19.190000534057617,79759
2026-06-30 16:15:00,19.1200008392334,19.139999389648438,19.100000381469727,19.110000610351562,886
2026-06-30 16:30:00,19.100000381469727,19.139999389648438,19.100000381469727,19.1200008392334,12884
2026-06-30 16:45:00,19.079999923706055,19.09000015258789,19.049999237060547,19.09000015258789,12853
2026-06-30 17:00:00,19.25,19.299999237060547,19.049999237060547,19.06999969482422,77229
2026-06-30 17:15:00,19.200000762939453,19.290000915527344,19.15999984741211,19.280000686645508,35639
2026-06-30 17:30:00,19.170000076293945,19.229999542236328,19.149999618530273,19.209999084472656,40597
2026-06-30 17:45:00,19.209999084472656,19.209999084472656,19.100000381469727,19.170000076293945,89101
2026-07-01 09:45:00,19.100000381469727,19.100000381469727,19.100000381469727,19.100000381469727,0
2026-07-01 10:00:00,19.170000076293945,19.170000076293945,18.850000381469727,19.100000381469727,39836
2026-07-01 10:15:00,19.149999618530273,19.200000762939453,19.040000915527344,19.1299991607666,110853
2026-07-01 10:30:00,19.25,19.31999969482422,19.1200008392334,19.149999618530273,56549
2026-07-01 10:45:00,19.389999389648438,19.420000076293945,18.850000381469727,19.25,136598
2026-07-01 11:00:00,19.329999923706055,19.420000076293945,19.290000915527344,19.350000381469727,52867
2026-07-01 11:15:00,19.290000915527344,19.420000076293945,19.290000915527344,19.329999923706055,92156
2026-07-01 11:30:00,19.280000686645508,19.34000015258789,19.280000686645508,19.290000915527344,20445
2026-07-01 11:45:00,19.239999771118164,19.329999923706055,19.229999542236328,19.329999923706055,11834
2026-07-01 12:00:00,19.139999389648438,19.229999542236328,19.09000015258789,19.229999542236328,79432
2026-07-01 12:15:00,19.15999984741211,19.15999984741211,19.1299991607666,19.1299991607666,13318
2026-07-01 12:30:00,19.139999389648438,19.18000030517578,19.139999389648438,19.15999984741211,10078
2026-07-01 12:45:00,19.18000030517578,19.190000534057617,19.149999618530273,19.149999618530273,5211
2026-07-01 13:00:00,19.190000534057617,19.200000762939453,19.170000076293945,19.170000076293945,24047
2026-07-01 13:15:00,19.15999984741211,19.209999084472656,19.15999984741211,19.18000030517578,6051
2026-07-01 13:30:00,19.18000030517578,19.18000030517578,19.139999389648438,19.149999618530273,7971
2026-07-01 13:45:00,19.1299991607666,19.170000076293945,19.1299991607666,19.170000076293945,23748
2026-07-01 14:00:00,19.079999923706055,19.1200008392334,19.040000915527344,19.1200008392334,38167
2026-07-01 14:15:00,19.1200008392334,19.1200008392334,19.049999237060547,19.079999923706055,12437
2026-07-01 14:30:00,19.079999923706055,19.1299991607666,19.079999923706055,19.1200008392334,12966
2026-07-01 14:45:00,19.0,19.09000015258789,19.0,19.079999923706055,23542
2026-07-01 15:00:00,19.0,19.049999237060547,19.0,19.020000457763672,10311
2026-07-01 15:15:00,19.0,19.010000228881836,18.950000762939453,19.0,42802
2026-07-01 15:30:00,19.020000457763672,19.030000686645508,18.989999771118164,18.989999771118164,6608
2026-07-01 15:45:00,18.979999542236328,19.020000457763672,18.959999084472656,19.020000457763672,47971
2026-07-01 16:00:00,18.969999313354492,18.979999542236328,18.950000762939453,18.969999313354492,11903
2026-07-01 16:15:00,19.059999465942383,19.200000762939453,18.959999084472656,18.969999313354492,82730
2026-07-01 16:30:00,18.979999542236328,19.149999618530273,18.969999313354492,19.09000015258789,176694
2026-07-01 16:45:00,19.06999969482422,19.110000610351562,18.969999313354492,18.979999542236328,79090
2026-07-01 17:00:00,19.040000915527344,19.18000030517578,19.0,19.06999969482422,23907
2026-07-01 17:15:00,18.979999542236328,19.049999237060547,18.979999542236328,19.040000915527344,67910
2026-07-01 17:30:00,18.93000030517578,19.0,18.93000030517578,18.979999542236328,56260
2026-07-01 17:45:00,18.940000534057617,18.950000762939453,18.899999618530273,18.950000762939453,33447
2026-07-02 09:45:00,18.959999084472656,18.959999084472656,18.959999084472656,18.959999084472656,0
2026-07-02 10:00:00,18.959999084472656,19.030000686645508,18.950000762939453,19.0,29980
2026-07-02 10:15:00,18.899999618530273,18.979999542236328,18.889999389648438,18.959999084472656,45363
2026-07-02 10:30:00,18.989999771118164,19.030000686645508,18.8700008392334,18.90999984741211,73988
2026-07-02 10:45:00,19.030000686645508,19.030000686645508,18.950000762939453,19.0,12679
2026-07-02 11:00:00,18.959999084472656,19.040000915527344,18.959999084472656,19.030000686645508,25869
2026-07-02 11:15:00,18.760000228881836,18.989999771118164,18.75,18.959999084472656,148756
2026-07-02 11:30:00,18.889999389648438,18.920000076293945,18.700000762939453,18.760000228881836,155578
2026-07-02 11:45:00,18.889999389648438,18.950000762939453,18.889999389648438,18.889999389648438,13839
2026-07-02 12:00:00,18.860000610351562,18.899999618530273,18.860000610351562,18.889999389648438,12147
2026-07-02 12:15:00,18.940000534057617,18.940000534057617,18.739999771118164,18.8700008392334,29608
2026-07-02 12:30:00,18.8700008392334,18.93000030517578,18.8700008392334,18.920000076293945,14962
2026-07-02 12:45:00,18.860000610351562,18.8700008392334,18.799999237060547,18.8700008392334,11145
2026-07-02 13:00:00,18.790000915527344,18.84000015258789,18.760000228881836,18.81999969482422,11869
2026-07-02 13:15:00,18.75,18.790000915527344,18.75,18.790000915527344,9499
2026-07-02 13:30:00,18.709999084472656,18.780000686645508,18.700000762939453,18.760000228881836,16193
2026-07-02 13:45:00,18.600000381469727,18.709999084472656,18.559999465942383,18.709999084472656,86061
2026-07-02 14:00:00,18.530000686645508,18.579999923706055,18.489999771118164,18.579999923706055,61664
2026-07-02 14:15:00,18.5,18.530000686645508,18.5,18.530000686645508,20537
2026-07-02 14:30:00,18.420000076293945,18.520000457763672,18.299999237060547,18.5,131087
2026-07-02 14:45:00,18.389999389648438,18.579999923706055,18.350000381469727,18.420000076293945,163192
2026-07-02 15:00:00,18.3700008392334,18.399999618530273,18.290000915527344,18.389999389648438,70075
2026-07-02 15:15:00,18.399999618530273,18.440000534057617,18.31999969482422,18.360000610351562,35001
2026-07-02 15:30:00,18.440000534057617,18.459999084472656,18.360000610351562,18.399999618530273,55008
2026-07-02 15:45:00,18.43000030517578,18.579999923706055,18.389999389648438,18.440000534057617,70428
2026-07-02 16:00:00,18.479999542236328,18.540000915527344,18.450000762939453,18.479999542236328,66871
2026-07-02 16:15:00,18.399999618530273,18.479999542236328,18.399999618530273,18.479999542236328,43654
2026-07-02 16:30:00,18.389999389648438,18.420000076293945,18.360000610351562,18.420000076293945,64198
2026-07-02 16:45:00,18.3799991607666,18.399999618530273,18.350000381469727,18.389999389648438,46339
2026-07-02 17:00:00,18.440000534057617,18.510000228881836,18.350000381469727,18.3799991607666,69616
2026-07-02 17:15:00,18.360000610351562,18.440000534057617,18.31999969482422,18.440000534057617,59237
2026-07-02 17:30:00,18.40999984741211,18.5,18.290000915527344,18.34000015258789,164521
2026-07-02 17:45:00,18.40999984741211,18.479999542236328,18.389999389648438,18.399999618530273,87329
2026-07-03 09:45:00,18.399999618530273,18.399999618530273,18.399999618530273,18.399999618530273,0
2026-07-03 10:00:00,18.540000915527344,18.6200008392334,18.399999618530273,18.399999618530273,72402
2026-07-03 10:15:00,18.549999237060547,18.559999465942383,18.469999313354492,18.549999237060547,63531
2026-07-03 10:30:00,18.530000686645508,18.56999969482422,18.510000228881836,18.549999237060547,47323
2026-07-03 10:45:00,18.530000686645508,18.559999465942383,18.510000228881836,18.530000686645508,62839
2026-07-03 11:00:00,18.510000228881836,18.530000686645508,18.450000762939453,18.530000686645508,19707
2026-07-03 11:15:00,18.5,18.540000915527344,18.5,18.510000228881836,6780
2026-07-03 11:30:00,18.549999237060547,18.549999237060547,18.520000457763672,18.520000457763672,4762
2026-07-03 11:45:00,18.549999237060547,18.559999465942383,18.530000686645508,18.549999237060547,8776
2026-07-03 12:00:00,18.520000457763672,18.549999237060547,18.520000457763672,18.540000915527344,4919
2026-07-03 12:15:00,18.520000457763672,18.540000915527344,18.520000457763672,18.540000915527344,285
2026-07-03 12:30:00,18.530000686645508,18.540000915527344,18.520000457763672,18.520000457763672,8905
2026-07-03 12:45:00,18.559999465942383,18.56999969482422,18.540000915527344,18.549999237060547,14729
2026-07-03 13:00:00,18.579999923706055,18.579999923706055,18.549999237060547,18.549999237060547,1843
2026-07-03 13:15:00,18.579999923706055,18.579999923706055,18.559999465942383,18.579999923706055,2738
2026-07-03 13:30:00,18.520000457763672,18.549999237060547,18.389999389648438,18.549999237060547,54112
2026-07-03 13:45:00,18.540000915527344,18.540000915527344,18.489999771118164,18.510000228881836,7419
2026-07-03 14:00:00,18.450000762939453,18.520000457763672,18.399999618530273,18.520000457763672,25953
2026-07-03 14:15:00,18.43000030517578,18.450000762939453,18.399999618530273,18.420000076293945,6896
2026-07-03 14:30:00,18.3700008392334,18.440000534057617,18.3700008392334,18.43000030517578,79581
2026-07-03 14:45:00,18.360000610351562,18.420000076293945,18.350000381469727,18.3799991607666,21879
2026-07-03 15:00:00,18.360000610351562,18.3700008392334,18.360000610351562,18.360000610351562,8720
2026-07-03 15:15:00,18.329999923706055,18.3799991607666,18.329999923706055,18.360000610351562,38472
2026-07-03 15:30:00,18.270000457763672,18.360000610351562,18.260000228881836,18.360000610351562,44165
2026-07-03 15:45:00,18.399999618530273,18.579999923706055,18.25,18.260000228881836,59569
2026-07-03 16:00:00,18.309999465942383,18.56999969482422,18.309999465942383,18.399999618530273,156571
2026-07-03 16:15:00,18.3799991607666,18.3799991607666,18.34000015258789,18.34000015258789,5603
2026-07-03 16:30:00,18.360000610351562,18.3799991607666,18.350000381469727,18.360000610351562,7072
2026-07-03 16:45:00,18.40999984741211,18.459999084472656,18.139999389648438,18.360000610351562,153195
2026-07-03 17:00:00,18.459999084472656,18.479999542236328,18.40999984741211,18.420000076293945,28019
2026-07-03 17:15:00,18.420000076293945,18.459999084472656,18.40999984741211,18.459999084472656,28144
2026-07-03 17:30:00,18.43000030517578,18.440000534057617,18.260000228881836,18.420000076293945,16415
2026-07-03 17:45:00,18.469999313354492,18.469999313354492,18.260000228881836,18.420000076293945,112682
2026-07-06 09:45:00,18.520000457763672,18.520000457763672,18.520000457763672,18.520000457763672,0
2026-07-06 10:00:00,18.549999237060547,18.709999084472656,18.549999237060547,18.549999237060547,98879
2026-07-06 10:15:00,18.489999771118164,18.549999237060547,18.450000762939453,18.540000915527344,75752
2026-07-06 10:30:00,18.450000762939453,18.510000228881836,18.34000015258789,18.469999313354492,70108
2026-07-06 10:45:00,18.420000076293945,18.5,18.40999984741211,18.459999084472656,59407
2026-07-06 11:00:00,18.440000534057617,18.459999084472656,18.440000534057617,18.440000534057617,21435
2026-07-06 11:15:00,18.420000076293945,18.459999084472656,18.420000076293945,18.450000762939453,24953
2026-07-06 11:30:00,18.420000076293945,18.43000030517578,18.40999984741211,18.43000030517578,7640
2026-07-06 11:45:00,18.440000534057617,18.440000534057617,18.399999618530273,18.43000030517578,14373
2026-07-06 12:00:00,18.43000030517578,18.43000030517578,18.40999984741211,18.40999984741211,2952
2026-07-06 12:15:00,18.520000457763672,18.56999969482422,18.40999984741211,18.420000076293945,101430
2026-07-06 12:30:00,18.520000457763672,18.56999969482422,18.440000534057617,18.520000457763672,55901
2026-07-06 12:45:00,18.510000228881836,18.540000915527344,18.510000228881836,18.520000457763672,3489
2026-07-06 13:00:00,18.530000686645508,18.700000762939453,18.5,18.520000457763672,13676
2026-07-06 13:15:00,18.520000457763672,18.559999465942383,18.5,18.540000915527344,70593
2026-07-06 13:30:00,18.579999923706055,18.610000610351562,18.540000915527344,18.549999237060547,23050
2026-07-06 13:45:00,18.559999465942383,18.579999923706055,18.559999465942383,18.579999923706055,12037
2026-07-06 14:00:00,18.520000457763672,18.559999465942383,18.520000457763672,18.559999465942383,7800
2026-07-06 14:15:00,18.5,18.520000457763672,18.5,18.510000228881836,1525
2026-07-06 14:30:00,18.489999771118164,18.540000915527344,18.489999771118164,18.5,17882
2026-07-06 14:45:00,18.510000228881836,18.540000915527344,18.479999542236328,18.489999771118164,18938
2026-07-06 15:00:00,18.5,18.530000686645508,18.5,18.530000686645508,17817
2026-07-06 15:15:00,18.469999313354492,18.540000915527344,18.469999313354492,18.5,9106
2026-07-06 15:30:00,18.440000534057617,18.520000457763672,18.440000534057617,18.520000457763672,25580
2026-07-06 15:45:00,18.510000228881836,18.600000381469727,18.40999984741211,18.43000030517578,147895
2026-07-06 16:00:00,18.25,18.520000457763672,18.239999771118164,18.5,71334
2026-07-06 16:15:00,18.239999771118164,18.260000228881836,18.200000762939453,18.25,89792
2026-07-06 16:30:00,18.209999084472656,18.25,18.149999618530273,18.229999542236328,37700
2026-07-06 16:45:00,18.200000762939453,18.229999542236328,18.18000030517578,18.200000762939453,8095
2026-07-06 17:00:00,18.149999618530273,18.209999084472656,18.139999389648438,18.200000762939453,31884
2026-07-06 17:15:00,18.15999984741211,18.15999984741211,18.1200008392334,18.139999389648438,33107
2026-07-06 17:30:00,18.1200008392334,18.15999984741211,18.1200008392334,18.139999389648438,42126
2026-07-06 17:45:00,18.170000076293945,18.170000076293945,18.079999923706055,18.1200008392334,41809
2026-07-07 09:45:00,18.18000030517578,18.18000030517578,18.18000030517578,18.18000030517578,0
2026-07-07 10:00:00,18.030000686645508,18.200000762939453,18.0,18.18000030517578,177410
2026-07-07 10:15:00,18.040000915527344,18.139999389648438,18.040000915527344,18.06999969482422,155512
2026-07-07 10:30:00,18.079999923706055,18.139999389648438,18.040000915527344,18.049999237060547,128216
2026-07-07 10:45:00,18.020000457763672,18.049999237060547,18.0,18.049999237060547,113601
2026-07-07 11:00:00,17.850000381469727,18.020000457763672,17.850000381469727,18.020000457763672,114670
2026-07-07 11:15:00,17.850000381469727,17.8799991607666,17.84000015258789,17.850000381469727,38388
2026-07-07 11:30:00,17.850000381469727,17.860000610351562,17.799999237060547,17.850000381469727,33753
2026-07-07 11:45:00,17.81999969482422,17.850000381469727,17.809999465942383,17.850000381469727,3293
2026-07-07 12:00:00,17.81999969482422,17.850000381469727,17.809999465942383,17.829999923706055,7428
2026-07-07 12:15:00,17.84000015258789,17.850000381469727,17.809999465942383,17.81999969482422,5331
2026-07-07 12:30:00,17.829999923706055,17.84000015258789,17.809999465942383,17.84000015258789,6459
2026-07-07 12:45:00,17.790000915527344,17.829999923706055,17.790000915527344,17.829999923706055,20679
2026-07-07 13:00:00,17.790000915527344,17.899999618530273,17.780000686645508,17.790000915527344,73933
2026-07-07 13:15:00,17.780000686645508,17.850000381469727,17.729999542236328,17.850000381469727,137845
2026-07-07 13:30:00,17.739999771118164,17.780000686645508,17.739999771118164,17.780000686645508,37876
2026-07-07 13:45:00,17.90999984741211,17.920000076293945,17.780000686645508,17.780000686645508,38476
2026-07-07 14:00:00,17.8700008392334,17.90999984741211,17.860000610351562,17.90999984741211,23710
2026-07-07 14:15:00,17.850000381469727,17.899999618530273,17.850000381469727,17.8700008392334,29397
2026-07-07 14:30:00,17.81999969482422,17.860000610351562,17.799999237060547,17.850000381469727,44387
2026-07-07 14:45:00,17.889999389648438,17.950000762939453,17.81999969482422,17.81999969482422,14188
2026-07-07 15:00:00,17.889999389648438,17.950000762939453,17.889999389648438,17.889999389648438,9314
2026-07-07 15:15:00,17.959999084472656,17.959999084472656,17.899999618530273,17.899999618530273,19460
2026-07-07 15:30:00,17.889999389648438,17.969999313354492,17.889999389648438,17.959999084472656,18070
2026-07-07 15:45:00,17.90999984741211,17.90999984741211,17.8799991607666,17.90999984741211,4619
2026-07-07 16:00:00,17.850000381469727,17.940000534057617,17.81999969482422,17.920000076293945,21048
2026-07-07 16:15:00,17.829999923706055,17.860000610351562,17.829999923706055,17.850000381469727,5593
2026-07-07 16:30:00,17.8700008392334,17.889999389648438,17.829999923706055,17.829999923706055,7879
2026-07-07 16:45:00,17.850000381469727,17.8700008392334,17.81999969482422,17.860000610351562,35903
2026-07-07 17:00:00,18.0,18.030000686645508,17.81999969482422,17.81999969482422,143680
2026-07-07 17:15:00,17.989999771118164,18.049999237060547,17.940000534057617,17.989999771118164,43923
2026-07-07 17:30:00,17.979999542236328,18.0,17.940000534057617,18.0,57251
2026-07-07 17:45:00,18.040000915527344,18.040000915527344,17.940000534057617,17.979999542236328,48281
2026-07-08 09:45:00,17.729999542236328,17.729999542236328,17.729999542236328,17.729999542236328,0
2026-07-08 10:00:00,17.969999313354492,17.989999771118164,17.75,17.760000228881836,94436
2026-07-08 10:15:00,18.100000381469727,18.200000762939453,17.959999084472656,17.969999313354492,118094
2026-07-08 10:30:00,18.25,18.270000457763672,18.040000915527344,18.1200008392334,98219
2026-07-08 10:45:00,18.200000762939453,18.290000915527344,18.149999618530273,18.229999542236328,116647
2026-07-08 11:00:00,18.18000030517578,18.280000686645508,18.1299991607666,18.209999084472656,87167
2026-07-08 11:15:00,18.190000534057617,18.209999084472656,18.100000381469727,18.149999618530273,57191
2026-07-08 11:30:00,18.110000610351562,18.15999984741211,18.09000015258789,18.15999984741211,63137
2026-07-08 11:45:00,18.1299991607666,18.170000076293945,18.09000015258789,18.1299991607666,19342
2026-07-08 12:00:00,18.020000457763672,18.15999984741211,18.010000228881836,18.139999389648438,48146
2026-07-08 12:15:00,18.100000381469727,18.1200008392334,18.0,18.0,48356
2026-07-08 12:30:00,18.190000534057617,18.809999465942383,18.059999465942383,18.1299991607666,126346
2026-07-08 12:45:00,18.09000015258789,18.190000534057617,18.059999465942383,18.190000534057617,38528
2026-07-08 13:00:00,18.239999771118164,18.239999771118164,18.010000228881836,18.079999923706055,73913
2026-07-08 13:15:00,18.479999542236328,18.520000457763672,18.15999984741211,18.170000076293945,247093
2026-07-08 13:30:00,18.360000610351562,18.479999542236328,18.299999237060547,18.469999313354492,112181
2026-07-08 13:45:00,18.149999618530273,18.469999313354492,18.110000610351562,18.350000381469727,140258
2026-07-08 14:00:00,18.200000762939453,18.25,18.15999984741211,18.209999084472656,28106
2026-07-08 14:15:00,18.219999313354492,18.280000686645508,18.200000762939453,18.229999542236328,66360
2026-07-08 14:30:00,18.190000534057617,18.219999313354492,18.139999389648438,18.219999313354492,31738
2026-07-08 14:45:00,18.139999389648438,18.190000534057617,18.1299991607666,18.18000030517578,9766
2026-07-08 15:00:00,18.15999984741211,18.170000076293945,18.1200008392334,18.149999618530273,56994
2026-07-08 15:15:00,18.15999984741211,18.15999984741211,18.149999618530273,18.149999618530273,10517
2026-07-08 15:30:00,18.190000534057617,18.190000534057617,18.1299991607666,18.15999984741211,19358
2026-07-08 15:45:00,18.149999618530273,18.190000534057617,18.139999389648438,18.15999984741211,13698
2026-07-08 16:00:00,18.110000610351562,18.15999984741211,18.09000015258789,18.15999984741211,39021
2026-07-08 16:15:00,18.139999389648438,18.18000030517578,18.1299991607666,18.1299991607666,21430
2026-07-08 16:30:00,18.200000762939453,18.200000762939453,18.1299991607666,18.139999389648438,29439
2026-07-08 16:45:00,18.31999969482422,18.3799991607666,18.200000762939453,18.209999084472656,146570
2026-07-08 17:00:00,18.350000381469727,18.3799991607666,18.299999237060547,18.299999237060547,25373
2026-07-08 17:15:00,18.329999923706055,18.489999771118164,18.329999923706055,18.360000610351562,108603
2026-07-08 17:30:00,18.239999771118164,18.3799991607666,18.18000030517578,18.329999923706055,114400
2026-07-08 17:45:00,18.299999237060547,18.459999084472656,18.049999237060547,18.209999084472656,157095
2026-07-09 09:45:00,18.149999618530273,18.149999618530273,18.149999618530273,18.149999618530273,0
2026-07-09 10:00:00,17.8700008392334,18.25,17.799999237060547,18.170000076293945,287937
2026-07-09 10:15:00,17.809999465942383,17.860000610351562,17.739999771118164,17.860000610351562,65841
2026-07-09 10:30:00,17.950000762939453,17.979999542236328,17.780000686645508,17.809999465942383,102769
2026-07-09 10:45:00,17.860000610351562,17.959999084472656,17.84000015258789,17.959999084472656,14861
2026-07-09 11:00:00,17.829999923706055,17.860000610351562,17.799999237060547,17.860000610351562,11457
2026-07-09 11:15:00,17.829999923706055,17.850000381469727,17.809999465942383,17.829999923706055,20407
2026-07-09 11:30:00,17.760000228881836,17.8700008392334,17.760000228881836,17.829999923706055,51008
2026-07-09 11:45:00,17.770000457763672,17.799999237060547,17.739999771118164,17.770000457763672,36020
2026-07-09 12:00:00,17.739999771118164,17.799999237060547,17.739999771118164,17.770000457763672,25704
2026-07-09 12:15:00,17.799999237060547,17.799999237060547,17.709999084472656,17.739999771118164,62683
2026-07-09 12:30:00,17.729999542236328,17.799999237060547,17.719999313354492,17.799999237060547,29659
2026-07-09 12:45:00,17.719999313354492,17.760000228881836,17.719999313354492,17.729999542236328,30762
2026-07-09 13:00:00,17.8799991607666,17.90999984741211,17.770000457763672,17.770000457763672,38910
2026-07-09 13:15:00,17.889999389648438,17.90999984741211,17.850000381469727,17.860000610351562,19096
2026-07-09 13:30:00,17.850000381469727,17.93000030517578,17.850000381469727,17.920000076293945,17141
2026-07-09 13:45:00,17.739999771118164,17.850000381469727,17.729999542236328,17.850000381469727,62946
2026-07-09 14:00:00,17.790000915527344,17.799999237060547,17.75,17.760000228881836,21398
2026-07-09 14:15:00,17.790000915527344,17.799999237060547,17.770000457763672,17.790000915527344,16183
2026-07-09 14:30:00,17.790000915527344,17.790000915527344,17.760000228881836,17.770000457763672,4758
2026-07-09 14:45:00,17.780000686645508,17.790000915527344,17.760000228881836,17.760000228881836,6809
2026-07-09 15:00:00,17.84000015258789,17.850000381469727,17.770000457763672,17.780000686645508,9146
2026-07-09 15:15:00,17.850000381469727,17.860000610351562,17.84000015258789,17.84000015258789,13857
2026-07-09 15:30:00,17.850000381469727,17.8799991607666,17.81999969482422,17.8700008392334,30357
2026-07-09 15:45:00,17.84000015258789,17.850000381469727,17.829999923706055,17.850000381469727,5992
2026-07-09 16:00:00,17.809999465942383,17.8799991607666,17.799999237060547,17.84000015258789,9620
2026-07-09 16:15:00,17.850000381469727,17.850000381469727,17.809999465942383,17.809999465942383,6899
2026-07-09 16:30:00,17.850000381469727,17.8799991607666,17.81999969482422,17.829999923706055,18804
2026-07-09 16:45:00,17.790000915527344,17.850000381469727,17.790000915527344,17.81999969482422,14415
2026-07-09 17:00:00,17.809999465942383,17.850000381469727,17.780000686645508,17.850000381469727,20279
2026-07-09 17:15:00,17.780000686645508,17.809999465942383,17.760000228881836,17.809999465942383,23277
2026-07-09 17:30:00,17.790000915527344,17.799999237060547,17.739999771118164,17.799999237060547,56021
2026-07-09 17:45:00,17.84000015258789,17.850000381469727,17.75,17.75,41889
2026-07-10 09:45:00,17.729999542236328,17.729999542236328,17.729999542236328,17.729999542236328,0
2026-07-10 10:00:00,18.030000686645508,18.059999465942383,17.729999542236328,17.729999542236328,106129
2026-07-10 10:15:00,18.06999969482422,18.09000015258789,18.010000228881836,18.030000686645508,80821
2026-07-10 10:30:00,18.09000015258789,18.1200008392334,18.049999237060547,18.049999237060547,43088
2026-07-10 10:45:00,18.149999618530273,18.15999984741211,18.09000015258789,18.09000015258789,25313
2026-07-10 11:00:00,18.229999542236328,18.270000457763672,18.079999923706055,18.110000610351562,86970
2026-07-10 11:15:00,18.219999313354492,18.329999923706055,18.1299991607666,18.200000762939453,90084
2026-07-10 11:30:00,18.149999618530273,18.219999313354492,18.1299991607666,18.219999313354492,7503
2026-07-10 11:45:00,18.1200008392334,18.139999389648438,18.049999237060547,18.1299991607666,104259
2026-07-10 12:00:00,18.100000381469727,18.139999389648438,18.049999237060547,18.079999923706055,17246
2026-07-10 12:15:00,18.010000228881836,18.06999969482422,17.989999771118164,18.06999969482422,46751
2026-07-10 12:30:00,18.0,18.079999923706055,17.959999084472656,18.040000915527344,68912
2026-07-10 12:45:00,18.059999465942383,18.059999465942383,17.989999771118164,18.049999237060547,16684
2026-07-10 13:00:00,17.959999084472656,18.040000915527344,17.950000762939453,18.040000915527344,8087
2026-07-10 13:15:00,17.979999542236328,17.979999542236328,17.920000076293945,17.940000534057617,11661
2026-07-10 13:30:00,17.940000534057617,17.979999542236328,17.93000030517578,17.979999542236328,2670
2026-07-10 13:45:00,17.8799991607666,17.969999313354492,17.8799991607666,17.940000534057617,33147
2026-07-10 14:00:00,17.8799991607666,17.969999313354492,17.829999923706055,17.920000076293945,89939
2026-07-10 14:15:00,17.8700008392334,17.899999618530273,17.8700008392334,17.8799991607666,3562
2026-07-10 14:30:00,18.0,18.0,17.850000381469727,17.889999389648438,53666
2026-07-10 14:45:00,17.989999771118164,18.010000228881836,17.93000030517578,18.0,16159
2026-07-10 15:00:00,17.950000762939453,17.950000762939453,17.920000076293945,17.950000762939453,10354
2026-07-10 15:15:00,17.93000030517578,18.0,17.93000030517578,17.959999084472656,8806
2026-07-10 15:30:00,17.90999984741211,17.959999084472656,17.850000381469727,17.959999084472656,14940
2026-07-10 15:45:00,17.90999984741211,17.950000762939453,17.90999984741211,17.93000030517578,3554
2026-07-10 16:00:00,17.93000030517578,17.940000534057617,17.93000030517578,17.940000534057617,8727
2026-07-10 16:15:00,17.950000762939453,17.959999084472656,17.920000076293945,17.93000030517578,32366
2026-07-10 16:30:00,17.959999084472656,17.959999084472656,17.93000030517578,17.940000534057617,20828
2026-07-10 16:45:00,17.959999084472656,17.959999084472656,17.920000076293945,17.950000762939453,13263
2026-07-10 17:00:00,17.90999984741211,17.959999084472656,17.899999618530273,17.959999084472656,8592
2026-07-10 17:15:00,17.940000534057617,17.969999313354492,17.90999984741211,17.90999984741211,9297
2026-07-10 17:30:00,17.969999313354492,17.989999771118164,17.8799991607666,17.93000030517578,47806
2026-07-10 17:45:00,17.979999542236328,17.989999771118164,17.920000076293945,17.969999313354492,36574
2026-07-13 09:45:00,17.950000762939453,17.950000762939453,17.950000762939453,17.950000762939453,0
2026-07-13 10:00:00,17.850000381469727,17.950000762939453,17.809999465942383,17.950000762939453,86320
2026-07-13 10:15:00,17.979999542236328,18.09000015258789,17.84000015258789,17.850000381469727,122572
2026-07-13 10:30:00,18.1299991607666,18.1299991607666,17.989999771118164,18.030000686645508,52694
2026-07-13 10:45:00,18.09000015258789,18.170000076293945,18.09000015258789,18.1299991607666,48931
2026-07-13 11:00:00,18.190000534057617,18.260000228881836,18.100000381469727,18.100000381469727,90760
2026-07-13 11:15:00,18.059999465942383,18.190000534057617,18.059999465942383,18.190000534057617,43184
2026-07-13 11:30:00,18.06999969482422,18.079999923706055,18.010000228881836,18.06999969482422,34085
2026-07-13 11:45:00,18.010000228881836,18.06999969482422,18.0,18.06999969482422,11168
2026-07-13 12:00:00,17.950000762939453,18.010000228881836,17.950000762939453,18.010000228881836,15063
2026-07-13 12:15:00,17.969999313354492,17.979999542236328,17.950000762939453,17.950000762939453,23774
2026-07-13 12:30:00,17.969999313354492,17.989999771118164,17.93000030517578,17.959999084472656,21636
2026-07-13 12:45:00,17.989999771118164,18.010000228881836,17.969999313354492,17.989999771118164,3437
2026-07-13 13:00:00,18.020000457763672,18.020000457763672,17.93000030517578,17.969999313354492,20623
2026-07-13 13:15:00,18.0,18.020000457763672,17.979999542236328,18.020000457763672,13251
2026-07-13 13:30:00,17.959999084472656,18.0,17.950000762939453,18.0,18955
2026-07-13 13:45:00,17.959999084472656,17.959999084472656,17.940000534057617,17.959999084472656,7285
2026-07-13 14:00:00,18.0,18.020000457763672,17.969999313354492,17.969999313354492,11135
2026-07-13 14:15:00,18.0,18.040000915527344,17.93000030517578,17.989999771118164,32424
2026-07-13 14:30:00,18.0,18.020000457763672,17.989999771118164,18.0,10599
2026-07-13 14:45:00,18.0,18.030000686645508,18.0,18.0,7061
2026-07-13 15:00:00,18.0,18.0,17.950000762939453,17.979999542236328,24085
2026-07-13 15:15:00,17.989999771118164,18.020000457763672,17.989999771118164,18.0,15140
2026-07-13 15:30:00,17.969999313354492,18.010000228881836,17.93000030517578,18.010000228881836,5381
2026-07-13 15:45:00,17.93000030517578,17.950000762939453,17.93000030517578,17.950000762939453,6251
2026-07-13 16:00:00,17.940000534057617,17.969999313354492,17.93000030517578,17.93000030517578,1685
2026-07-13 16:15:00,17.969999313354492,17.969999313354492,17.940000534057617,17.940000534057617,5279
2026-07-13 16:30:00,17.93000030517578,17.989999771118164,17.93000030517578,17.969999313354492,16196
2026-07-13 16:45:00,18.020000457763672,18.020000457763672,17.920000076293945,17.920000076293945,30738
2026-07-13 17:00:00,17.989999771118164,18.040000915527344,17.989999771118164,18.030000686645508,3100
2026-07-13 17:15:00,18.049999237060547,18.06999969482422,17.989999771118164,18.0,45718
2026-07-13 17:30:00,18.0,18.06999969482422,18.0,18.040000915527344,31601
2026-07-13 17:45:00,17.950000762939453,18.049999237060547,17.950000762939453,18.020000457763672,46987
2026-07-14 09:45:00,17.899999618530273,17.899999618530273,17.899999618530273,17.899999618530273,0
2026-07-14 10:00:00,18.170000076293945,18.25,17.860000610351562,17.899999618530273,136489
2026-07-14 10:15:00,18.389999389648438,18.440000534057617,18.110000610351562,18.149999618530273,178825
2026-07-14 10:30:00,18.440000534057617,18.450000762939453,18.34000015258789,18.389999389648438,20946
2026-07-14 10:45:00,18.309999465942383,18.43000030517578,18.299999237060547,18.43000030517578,53157
2026-07-14 11:00:00,18.34000015258789,18.350000381469727,18.309999465942383,18.31999969482422,5226
2026-07-14 11:15:00,18.299999237060547,18.34000015258789,18.25,18.34000015258789,79030
2026-07-14 11:30:00,18.350000381469727,18.3799991607666,18.290000915527344,18.309999465942383,53775
2026-07-14 11:45:00,18.56999969482422,18.59000015258789,18.34000015258789,18.34000015258789,224152
2026-07-14 12:00:00,18.639999389648438,18.639999389648438,18.5,18.559999465942383,70397
2026-07-14 12:15:00,18.639999389648438,18.770000457763672,18.59000015258789,18.649999618530273,57963
2026-07-14 12:30:00,18.719999313354492,18.729999542236328,18.59000015258789,18.639999389648438,61053
2026-07-14 12:45:00,18.6200008392334,18.719999313354492,18.600000381469727,18.719999313354492,40896
2026-07-14 13:00:00,18.600000381469727,18.639999389648438,18.579999923706055,18.6200008392334,41931
2026-07-14 13:15:00,18.709999084472656,18.709999084472656,18.59000015258789,18.600000381469727,58381
2026-07-14 13:30:00,18.670000076293945,18.709999084472656,18.600000381469727,18.700000762939453,11281
2026-07-14 13:45:00,18.68000030517578,18.829999923706055,18.6200008392334,18.6299991607666,141130
2026-07-14 14:00:00,18.700000762939453,18.709999084472656,18.600000381469727,18.690000534057617,30029
2026-07-14 14:15:00,18.549999237060547,18.700000762939453,18.549999237060547,18.700000762939453,101484
2026-07-14 14:30:00,18.549999237060547,18.579999923706055,18.510000228881836,18.579999923706055,25909
2026-07-14 14:45:00,18.6299991607666,18.6299991607666,18.520000457763672,18.559999465942383,12477
2026-07-14 15:00:00,18.520000457763672,18.579999923706055,18.469999313354492,18.559999465942383,17514
2026-07-14 15:15:00,18.489999771118164,18.549999237060547,18.459999084472656,18.520000457763672,15790
2026-07-14 15:30:00,18.440000534057617,18.520000457763672,18.3700008392334,18.469999313354492,37281
2026-07-14 15:45:00,18.489999771118164,18.56999969482422,18.360000610351562,18.440000534057617,112354
2026-07-14 16:00:00,18.56999969482422,18.579999923706055,18.200000762939453,18.489999771118164,50113
2026-07-14 16:15:00,18.610000610351562,18.6200008392334,18.489999771118164,18.579999923706055,28021
2026-07-14 16:30:00,18.65999984741211,18.719999313354492,18.600000381469727,18.610000610351562,78488
2026-07-14 16:45:00,18.600000381469727,18.670000076293945,18.579999923706055,18.6299991607666,45868
2026-07-14 17:00:00,18.610000610351562,18.6200008392334,18.600000381469727,18.600000381469727,4014
2026-07-14 17:15:00,18.709999084472656,18.709999084472656,18.600000381469727,18.600000381469727,43915
2026-07-14 17:30:00,18.709999084472656,18.729999542236328,18.610000610351562,18.709999084472656,71516
2026-07-14 17:45:00,18.68000030517578,18.719999313354492,18.559999465942383,18.709999084472656,42315
2026-07-16 09:45:00,18.559999465942383,18.559999465942383,18.559999465942383,18.559999465942383,0
2026-07-16 10:00:00,18.719999313354492,18.8700008392334,18.56999969482422,18.56999969482422,144974
2026-07-16 10:15:00,18.729999542236328,18.780000686645508,18.719999313354492,18.780000686645508,22479
2026-07-16 10:30:00,18.709999084472656,18.75,18.68000030517578,18.729999542236328,21338
2026-07-16 10:45:00,18.889999389648438,18.940000534057617,18.68000030517578,18.709999084472656,208641
2026-07-16 11:00:00,18.860000610351562,18.920000076293945,18.84000015258789,18.889999389648438,23336
2026-07-16 11:15:00,18.889999389648438,18.899999618530273,18.850000381469727,18.850000381469727,20512
2026-07-16 11:30:00,18.770000457763672,18.850000381469727,18.770000457763672,18.850000381469727,15589
2026-07-16 11:45:00,18.709999084472656,18.790000915527344,18.700000762939453,18.770000457763672,69918
2026-07-16 12:00:00,18.790000915527344,18.81999969482422,18.68000030517578,18.739999771118164,57396
2026-07-16 12:15:00,18.75,18.780000686645508,18.739999771118164,18.780000686645508,2986
2026-07-16 12:30:00,18.790000915527344,18.809999465942383,18.75,18.780000686645508,13339
2026-07-16 12:45:00,18.719999313354492,18.790000915527344,18.719999313354492,18.790000915527344,29549
2026-07-16 13:00:00,18.719999313354492,18.770000457763672,18.719999313354492,18.729999542236328,6520
2026-07-16 13:15:00,18.700000762939453,18.729999542236328,18.700000762939453,18.729999542236328,31771
2026-07-16 13:30:00,18.770000457763672,18.850000381469727,18.670000076293945,18.700000762939453,163190
2026-07-16 13:45:00,18.799999237060547,18.829999923706055,18.770000457763672,18.770000457763672,11295
2026-07-16 14:00:00,18.799999237060547,18.81999969482422,18.75,18.799999237060547,5227
2026-07-16 14:15:00,18.84000015258789,18.850000381469727,18.75,18.790000915527344,13575
2026-07-16 14:30:00,18.84000015258789,18.84000015258789,18.799999237060547,18.81999969482422,11541
2026-07-16 14:45:00,18.850000381469727,18.850000381469727,18.790000915527344,18.81999969482422,12831
2026-07-16 15:00:00,18.860000610351562,18.889999389648438,18.850000381469727,18.850000381469727,8171
2026-07-16 15:15:00,18.860000610351562,18.8799991607666,18.860000610351562,18.860000610351562,2739
2026-07-16 15:30:00,18.860000610351562,18.860000610351562,18.809999465942383,18.860000610351562,7705
2026-07-16 15:45:00,18.850000381469727,18.8700008392334,18.81999969482422,18.829999923706055,4425
2026-07-16 16:00:00,18.829999923706055,18.8799991607666,18.829999923706055,18.850000381469727,62306
2026-07-16 16:15:00,18.860000610351562,18.860000610351562,18.829999923706055,18.829999923706055,8767
2026-07-16 16:30:00,18.829999923706055,18.860000610351562,18.809999465942383,18.860000610351562,12773
2026-07-16 16:45:00,18.770000457763672,18.829999923706055,18.770000457763672,18.829999923706055,19631
2026-07-16 17:00:00,18.780000686645508,18.809999465942383,18.760000228881836,18.760000228881836,20624
2026-07-16 17:15:00,18.75,18.790000915527344,18.75,18.780000686645508,4922
2026-07-16 17:30:00,18.68000030517578,18.8799991607666,18.530000686645508,18.790000915527344,92308
2026-07-16 17:45:00,18.649999618530273,18.809999465942383,18.649999618530273,18.690000534057617,53503
2026-07-17 09:45:00,18.360000610351562,18.360000610351562,18.360000610351562,18.360000610351562,0
2026-07-17 10:00:00,18.65999984741211,18.719999313354492,18.40999984741211,18.40999984741211,95802
2026-07-17 10:15:00,18.68000030517578,18.68000030517578,18.6299991607666,18.65999984741211,42534
2026-07-17 10:30:00,18.6299991607666,18.68000030517578,18.549999237060547,18.68000030517578,29014
2026-07-17 10:45:00,18.719999313354492,18.81999969482422,18.65999984741211,18.65999984741211,54297
2026-07-17 11:00:00,18.700000762939453,18.739999771118164,18.700000762939453,18.709999084472656,10092
2026-07-17 11:15:00,18.780000686645508,18.780000686645508,18.670000076293945,18.709999084472656,15208
2026-07-17 11:30:00,18.979999542236328,18.979999542236328,18.75,18.770000457763672,49726
2026-07-17 11:45:00,19.0,19.06999969482422,18.950000762939453,18.950000762939453,141621
2026-07-17 12:00:00,18.920000076293945,19.040000915527344,18.90999984741211,19.0,33451
2026-07-17 12:15:00,18.889999389648438,18.90999984741211,18.84000015258789,18.889999389648438,13319
2026-07-17 12:30:00,18.850000381469727,18.899999618530273,18.829999923706055,18.8799991607666,11388
2026-07-17 12:45:00,18.790000915527344,18.850000381469727,18.790000915527344,18.850000381469727,16329
2026-07-17 13:00:00,18.760000228881836,18.799999237060547,18.739999771118164,18.799999237060547,34336
2026-07-17 13:15:00,18.770000457763672,18.780000686645508,18.739999771118164,18.75,7694
2026-07-17 13:30:00,18.65999984741211,18.780000686645508,18.65999984741211,18.760000228881836,70006
2026-07-17 13:45:00,18.709999084472656,18.739999771118164,18.670000076293945,18.670000076293945,8381
2026-07-17 14:00:00,18.75,18.760000228881836,18.739999771118164,18.739999771118164,9031
2026-07-17 14:15:00,18.770000457763672,18.809999465942383,18.739999771118164,18.75,28392
2026-07-17 14:30:00,18.700000762939453,18.770000457763672,18.690000534057617,18.75,23112
2026-07-17 14:45:00,18.75,18.770000457763672,18.700000762939453,18.700000762939453,18087
2026-07-17 15:00:00,18.75,18.920000076293945,18.75,18.780000686645508,30343
2026-07-17 15:15:00,18.75,18.770000457763672,18.700000762939453,18.739999771118164,13350
2026-07-17 15:30:00,18.739999771118164,18.790000915527344,18.729999542236328,18.729999542236328,35367
2026-07-17 15:45:00,18.690000534057617,18.75,18.690000534057617,18.729999542236328,13407
2026-07-17 16:00:00,18.68000030517578,18.68000030517578,18.6299991607666,18.68000030517578,21708
2026-07-17 16:15:00,18.670000076293945,18.68000030517578,18.65999984741211,18.670000076293945,2984
2026-07-17 16:30:00,18.739999771118164,18.780000686645508,18.639999389648438,18.670000076293945,53528
2026-07-17 16:45:00,18.780000686645508,18.850000381469727,18.760000228881836,18.760000228881836,38892
2026-07-17 17:00:00,18.770000457763672,18.81999969482422,18.770000457763672,18.799999237060547,3900
2026-07-17 17:15:00,18.799999237060547,18.799999237060547,18.75,18.75,2149
2026-07-17 17:30:00,18.799999237060547,19.0,18.75,18.760000228881836,129579
2026-07-17 17:45:00,18.90999984741211,18.979999542236328,18.84000015258789,18.84000015258789,125990
2026-07-20 09:45:00,19.489999771118164,19.489999771118164,19.489999771118164,19.489999771118164,0
2026-07-20 10:00:00,19.110000610351562,19.510000228881836,18.950000762939453,19.489999771118164,242455
2026-07-20 10:15:00,19.09000015258789,19.1200008392334,19.030000686645508,19.110000610351562,88716
2026-07-20 10:30:00,19.0,19.1299991607666,19.0,19.100000381469727,55480
2026-07-20 10:45:00,19.34000015258789,19.350000381469727,19.0,19.010000228881836,152251
2026-07-20 11:00:00,19.459999084472656,19.459999084472656,19.190000534057617,19.299999237060547,86420
2026-07-20 11:15:00,19.540000915527344,19.739999771118164,19.360000610351562,19.43000030517578,277908
2026-07-20 11:30:00,19.469999313354492,19.829999923706055,19.450000762939453,19.540000915527344,241132
2026-07-20 11:45:00,19.399999618530273,19.520000457763672,19.399999618530273,19.450000762939453,111091
2026-07-20 12:00:00,19.43000030517578,19.459999084472656,19.360000610351562,19.459999084472656,53356
2026-07-20 12:15:00,19.479999542236328,19.479999542236328,19.399999618530273,19.43000030517578,20679
2026-07-20 12:30:00,19.610000610351562,19.700000762939453,19.440000534057617,19.469999313354492,61354
2026-07-20 12:45:00,19.600000381469727,19.6299991607666,19.559999465942383,19.6299991607666,22070
2026-07-20 13:00:00,19.68000030517578,19.68000030517578,19.540000915527344,19.6299991607666,71708
2026-07-20 13:15:00,19.6299991607666,19.700000762939453,19.600000381469727,19.65999984741211,28153
2026-07-20 13:30:00,19.670000076293945,19.75,19.579999923706055,19.6200008392334,52606
2026-07-20 13:45:00,19.59000015258789,19.68000030517578,19.59000015258789,19.670000076293945,33235
2026-07-20 14:00:00,19.6200008392334,19.690000534057617,19.6200008392334,19.6299991607666,20947
2026-07-20 14:15:00,19.639999389648438,19.639999389648438,19.600000381469727,19.6200008392334,11833
2026-07-20 14:30:00,19.719999313354492,19.760000228881836,19.540000915527344,19.6299991607666,104306
2026-07-20 14:45:00,19.65999984741211,19.760000228881836,19.65999984741211,19.719999313354492,41417
2026-07-20 15:00:00,19.670000076293945,19.670000076293945,19.6200008392334,19.65999984741211,8359
2026-07-20 15:15:00,19.68000030517578,19.700000762939453,19.649999618530273,19.68000030517578,22233
2026-07-20 15:30:00,19.709999084472656,19.709999084472656,19.649999618530273,19.65999984741211,12751
2026-07-20 15:45:00,19.790000915527344,19.93000030517578,19.700000762939453,19.700000762939453,161764
2026-07-20 16:00:00,19.75,19.790000915527344,19.549999237060547,19.790000915527344,82478
2026-07-20 16:15:00,19.68000030517578,19.780000686645508,19.649999618530273,19.739999771118164,30023
2026-07-20 16:30:00,19.670000076293945,19.709999084472656,19.639999389648438,19.68000030517578,50716
2026-07-20 16:45:00,19.719999313354492,19.770000457763672,19.65999984741211,19.670000076293945,66265
2026-07-20 17:00:00,19.75,19.799999237060547,19.719999313354492,19.719999313354492,54643
2026-07-20 17:15:00,19.719999313354492,19.75,19.700000762939453,19.739999771118164,42485
2026-07-20 17:30:00,19.6200008392334,19.719999313354492,19.549999237060547,19.719999313354492,88212
2026-07-20 17:45:00,19.6299991607666,19.65999984741211,19.559999465942383,19.6200008392334,63168
2026-07-21 09:45:00,19.649999618530273,19.649999618530273,19.649999618530273,19.649999618530273,0
2026-07-21 10:00:00,19.729999542236328,19.84000015258789,19.31999969482422,19.65999984741211,146982
2026-07-21 10:15:00,19.610000610351562,19.799999237060547,19.559999465942383,19.790000915527344,163752
2026-07-21 10:30:00,19.510000228881836,19.6200008392334,19.440000534057617,19.610000610351562,74171
2026-07-21 10:45:00,20.200000762939453,20.459999084472656,19.459999084472656,19.510000228881836,478959
2026-07-21 11:00:00,20.100000381469727,20.219999313354492,20.0,20.139999389648438,119210
2026-07-21 11:15:00,19.969999313354492,20.100000381469727,19.950000762939453,20.100000381469727,65577
2026-07-21 11:30:00,19.90999984741211,19.959999084472656,19.850000381469727,19.959999084472656,110228
2026-07-21 11:45:00,19.8799991607666,19.950000762939453,19.81999969482422,19.899999618530273,32693
2026-07-21 12:00:00,19.59000015258789,19.8799991607666,19.530000686645508,19.8799991607666,334645
2026-07-21 12:15:00,19.579999923706055,19.68000030517578,19.579999923706055,19.610000610351562,55046
2026-07-21 12:30:00,19.440000534057617,19.59000015258789,19.360000610351562,19.59000015258789,89947
2026-07-21 12:45:00,19.530000686645508,19.6299991607666,19.399999618530273,19.440000534057617,72967
2026-07-21 13:00:00,19.5,19.530000686645508,19.5,19.520000457763672,14582
2026-07-21 13:15:00,19.520000457763672,19.530000686645508,19.5,19.520000457763672,21902
2026-07-21 13:30:00,19.530000686645508,19.59000015258789,19.489999771118164,19.520000457763672,186735
2026-07-21 13:45:00,19.540000915527344,19.549999237060547,19.520000457763672,19.549999237060547,1739
2026-07-21 14:00:00,19.549999237060547,19.579999923706055,19.530000686645508,19.540000915527344,11871
2026-07-21 14:15:00,19.600000381469727,19.600000381469727,19.530000686645508,19.549999237060547,24620
2026-07-21 14:30:00,19.549999237060547,19.600000381469727,19.510000228881836,19.600000381469727,17210
2026-07-21 14:45:00,19.510000228881836,19.579999923706055,19.5,19.579999923706055,14061
2026-07-21 15:00:00,19.5,19.540000915527344,19.5,19.5,19347
2026-07-21 15:15:00,19.559999465942383,19.59000015258789,19.43000030517578,19.510000228881836,68953
2026-07-21 15:30:00,19.530000686645508,19.549999237060547,19.530000686645508,19.540000915527344,3535
2026-07-21 15:45:00,19.549999237060547,19.579999923706055,19.520000457763672,19.520000457763672,9904
2026-07-21 16:00:00,19.530000686645508,19.549999237060547,19.530000686645508,19.549999237060547,10382
2026-07-21 16:15:00,19.510000228881836,19.540000915527344,19.5,19.510000228881836,30947
2026-07-21 16:30:00,19.469999313354492,19.520000457763672,19.469999313354492,19.510000228881836,13655
2026-07-21 16:45:00,19.530000686645508,19.549999237060547,19.459999084472656,19.489999771118164,23001
2026-07-21 17:00:00,19.520000457763672,19.530000686645508,19.520000457763672,19.530000686645508,1546
2026-07-21 17:15:00,19.559999465942383,19.559999465942383,19.530000686645508,19.530000686645508,9250
2026-07-21 17:30:00,19.59000015258789,19.649999618530273,19.540000915527344,19.559999465942383,52547
2026-07-21 17:45:00,19.59000015258789,19.639999389648438,19.559999465942383,19.6200008392334,28464
2026-07-22 09:45:00,19.520000457763672,19.520000457763672,19.520000457763672,19.520000457763672,0
2026-07-22 10:00:00,19.5,19.600000381469727,19.450000762939453,19.530000686645508,61248
2026-07-22 10:15:00,19.6200008392334,19.719999313354492,19.399999618530273,19.459999084472656,160540
2026-07-22 10:30:00,19.600000381469727,19.649999618530273,19.479999542236328,19.6200008392334,96833
2026-07-22 10:45:00,19.559999465942383,19.600000381469727,19.559999465942383,19.600000381469727,25598
2026-07-22 11:00:00,19.579999923706055,19.579999923706055,19.540000915527344,19.549999237060547,24257
2026-07-22 11:15:00,19.549999237060547,19.579999923706055,19.549999237060547,19.579999923706055,14543
2026-07-22 11:30:00,19.489999771118164,19.549999237060547,19.469999313354492,19.549999237060547,67368
2026-07-22 11:45:00,19.459999084472656,19.610000610351562,19.459999084472656,19.530000686645508,73955
2026-07-22 12:00:00,19.559999465942383,19.610000610351562,19.440000534057617,19.5,80010
2026-07-22 12:15:00,19.520000457763672,19.600000381469727,19.520000457763672,19.559999465942383,49300
2026-07-22 12:30:00,19.420000076293945,19.520000457763672,19.420000076293945,19.520000457763672,67566
2026-07-22 12:45:00,19.450000762939453,19.479999542236328,19.420000076293945,19.420000076293945,64884
2026-07-22 13:00:00,19.459999084472656,19.459999084472656,19.43000030517578,19.440000534057617,15050
2026-07-22 13:15:00,19.520000457763672,19.540000915527344,19.40999984741211,19.450000762939453,96582
2026-07-22 13:30:00,19.489999771118164,19.530000686645508,19.489999771118164,19.520000457763672,4187
2026-07-22 13:45:00,19.549999237060547,19.559999465942383,19.459999084472656,19.479999542236328,41025
2026-07-22 14:00:00,19.520000457763672,19.59000015258789,19.520000457763672,19.540000915527344,34625
2026-07-22 14:15:00,19.40999984741211,19.520000457763672,19.40999984741211,19.520000457763672,81490
2026-07-22 14:30:00,19.3700008392334,19.5,19.3700008392334,19.420000076293945,39301
2026-07-22 14:45:00,19.25,19.3799991607666,19.25,19.3799991607666,50669
2026-07-22 15:00:00,19.510000228881836,19.510000228881836,19.25,19.25,163474
2026-07-22 15:15:00,19.510000228881836,19.540000915527344,19.479999542236328,19.479999542236328,63057
2026-07-22 15:30:00,19.479999542236328,19.530000686645508,19.440000534057617,19.5,40224
2026-07-22 15:45:00,19.43000030517578,19.489999771118164,19.43000030517578,19.479999542236328,5816
2026-07-22 16:00:00,19.43000030517578,19.469999313354492,19.43000030517578,19.469999313354492,5976
2026-07-22 16:15:00,19.43000030517578,19.43000030517578,19.40999984741211,19.43000030517578,23017
2026-07-22 16:30:00,19.43000030517578,19.440000534057617,19.3799991607666,19.43000030517578,41826
2026-07-22 16:45:00,19.399999618530273,19.450000762939453,19.399999618530273,19.43000030517578,21543
2026-07-22 17:00:00,19.540000915527344,19.549999237060547,19.399999618530273,19.399999618530273,78177
2026-07-22 17:15:00,19.479999542236328,19.540000915527344,19.459999084472656,19.540000915527344,34073
2026-07-22 17:30:00,19.469999313354492,19.489999771118164,19.469999313354492,19.479999542236328,22574
2026-07-22 17:45:00,19.479999542236328,19.5,19.450000762939453,19.469999313354492,44762
2026-07-23 09:45:00,19.600000381469727,19.600000381469727,19.600000381469727,19.600000381469727,0
2026-07-23 10:00:00,19.5,19.549999237060547,19.440000534057617,19.540000915527344,45525
2026-07-23 10:15:00,19.649999618530273,19.709999084472656,19.540000915527344,19.549999237060547,126370
2026-07-23 10:30:00,19.600000381469727,19.690000534057617,19.59000015258789,19.649999618530273,66831
2026-07-23 10:45:00,19.739999771118164,19.75,19.600000381469727,19.600000381469727,108135
2026-07-23 11:00:00,19.920000076293945,19.93000030517578,19.690000534057617,19.739999771118164,128979
2026-07-23 11:15:00,19.899999618530273,19.93000030517578,19.799999237060547,19.889999389648438,39155
2026-07-23 11:30:00,19.979999542236328,20.079999923706055,19.8700008392334,19.8700008392334,192244
2026-07-23 11:45:00,20.059999465942383,20.100000381469727,19.899999618530273,19.93000030517578,83308
2026-07-23 12:00:00,20.079999923706055,20.079999923706055,20.0,20.020000457763672,41474
2026-07-23 12:15:00,19.950000762939453,20.079999923706055,19.90999984741211,20.079999923706055,23414
2026-07-23 12:30:00,20.0,20.0,19.8700008392334,19.90999984741211,54282
2026-07-23 12:45:00,20.020000457763672,20.020000457763672,19.950000762939453,19.959999084472656,27319
2026-07-23 13:00:00,19.979999542236328,20.020000457763672,19.959999084472656,20.020000457763672,26707
2026-07-23 13:15:00,19.979999542236328,20.040000915527344,19.979999542236328,19.979999542236328,31219
2026-07-23 13:30:00,19.950000762939453,20.0,19.93000030517578,20.0,38464
2026-07-23 13:45:00,19.950000762939453,19.959999084472656,19.93000030517578,19.950000762939453,18882
2026-07-23 14:00:00,19.989999771118164,20.020000457763672,19.940000534057617,19.950000762939453,21579
2026-07-23 14:15:00,19.979999542236328,20.0,19.950000762939453,20.0,11960
2026-07-23 14:30:00,19.989999771118164,20.0,19.950000762939453,19.979999542236328,14075
2026-07-23 14:45:00,19.969999313354492,20.0,19.950000762939453,19.989999771118164,11949
2026-07-23 15:00:00,19.93000030517578,19.969999313354492,19.899999618530273,19.969999313354492,10125
2026-07-23 15:15:00,19.8799991607666,19.940000534057617,19.84000015258789,19.93000030517578,10636
2026-07-23 15:30:00,19.889999389648438,19.950000762939453,19.829999923706055,19.8799991607666,32692
2026-07-23 15:45:00,19.899999618530273,19.90999984741211,19.850000381469727,19.889999389648438,15134
2026-07-23 16:00:00,19.8799991607666,19.90999984741211,19.8700008392334,19.899999618530273,10827
2026-07-23 16:15:00,20.020000457763672,20.040000915527344,19.8799991607666,19.8799991607666,66801
2026-07-23 16:30:00,20.059999465942383,20.059999465942383,19.93000030517578,20.020000457763672,292248
2026-07-23 16:45:00,20.020000457763672,20.059999465942383,20.0,20.059999465942383,41442
2026-07-23 17:00:00,20.0,20.040000915527344,19.969999313354492,20.020000457763672,47231
2026-07-23 17:15:00,20.0,20.020000457763672,19.950000762939453,20.0,15793
2026-07-23 17:30:00,20.200000762939453,20.219999313354492,19.799999237060547,19.969999313354492,326484
2026-07-23 17:45:00,20.219999313354492,20.420000076293945,20.100000381469727,20.200000762939453,302141
2026-07-24 09:45:00,20.239999771118164,20.239999771118164,20.239999771118164,20.239999771118164,0
2026-07-24 10:00:00,20.479999542236328,21.84000015258789,20.15999984741211,20.420000076293945,220200
2026-07-24 10:15:00,20.399999618530273,20.540000915527344,20.260000228881836,20.5,173087
2026-07-24 10:30:00,20.3799991607666,20.65999984741211,20.299999237060547,20.399999618530273,154602
2026-07-24 10:45:00,20.239999771118164,20.600000381469727,20.239999771118164,20.360000610351562,55564
2026-07-24 11:00:00,20.239999771118164,20.540000915527344,20.18000030517578,20.239999771118164,136937
2026-07-24 11:15:00,20.3799991607666,20.68000030517578,20.260000228881836,20.260000228881836,134048
2026-07-24 11:30:00,20.3799991607666,20.420000076293945,20.34000015258789,20.399999618530273,27325
2026-07-24 11:45:00,20.399999618530273,20.459999084472656,20.3799991607666,20.420000076293945,21681
2026-07-24 12:00:00,20.34000015258789,20.399999618530273,20.34000015258789,20.399999618530273,16351
2026-07-24 12:15:00,20.260000228881836,20.420000076293945,20.260000228881836,20.31999969482422,31657
2026-07-24 12:30:00,20.299999237060547,20.399999618530273,20.1200008392334,20.260000228881836,100427
2026-07-24 12:45:00,20.18000030517578,20.299999237060547,20.18000030517578,20.260000228881836,40388
2026-07-24 13:00:00,20.280000686645508,20.299999237060547,20.139999389648438,20.18000030517578,24475
2026-07-24 13:15:00,20.059999465942383,20.260000228881836,20.059999465942383,20.260000228881836,36961
2026-07-24 13:30:00,20.079999923706055,20.200000762939453,19.899999618530273,20.059999465942383,57878
2026-07-24 13:45:00,20.200000762939453,20.200000762939453,19.899999618530273,20.0,93608
2026-07-24 14:00:00,20.219999313354492,20.459999084472656,20.059999465942383,20.18000030517578,94680
2026-07-24 14:15:00,20.239999771118164,20.459999084472656,20.100000381469727,20.15999984741211,392378
2026-07-24 14:30:00,20.31999969482422,20.31999969482422,20.239999771118164,20.260000228881836,13668
2026-07-24 14:45:00,20.31999969482422,20.459999084472656,20.239999771118164,20.299999237060547,34829
2026-07-24 15:00:00,20.3799991607666,20.459999084472656,20.31999969482422,20.3799991607666,47511
2026-07-24 15:15:00,20.780000686645508,20.920000076293945,20.360000610351562,20.3799991607666,213704
2026-07-24 15:30:00,21.0,21.579999923706055,20.739999771118164,20.780000686645508,896594
2026-07-24 15:45:00,21.399999618530273,21.5,20.979999542236328,21.0,317825
2026-07-24 16:00:00,21.420000076293945,21.440000534057617,21.200000762939453,21.399999618530273,169570
2026-07-24 16:15:00,21.65999984741211,21.700000762939453,21.239999771118164,21.399999618530273,501782
2026-07-24 16:30:00,21.579999923706055,21.760000228881836,21.5,21.639999389648438,165234
2026-07-24 16:45:00,21.780000686645508,21.81999969482422,21.579999923706055,21.6200008392334,328322
2026-07-24 17:00:00,22.1200008392334,22.200000762939453,21.760000228881836,21.780000686645508,637805
2026-07-24 17:15:00,22.139999389648438,22.18000030517578,22.040000915527344,22.100000381469727,280549
2026-07-24 17:30:00,21.459999084472656,22.200000762939453,21.420000076293945,22.139999389648438,700972
2026-07-24 17:45:00,21.5,22.18000030517578,21.299999237060547,21.520000457763672,695811
2026-07-27 09:45:00,22.18000030517578,22.18000030517578,22.18000030517578,22.18000030517578,0
2026-07-27 10:00:00,21.520000457763672,22.479999542236328,21.079999923706055,22.18000030517578,704486
2026-07-27 10:15:00,21.280000686645508,21.780000686645508,21.079999923706055,21.68000030517578,676946
2026-07-27 10:30:00,21.219999313354492,21.280000686645508,20.739999771118164,21.260000228881836,206568
2026-07-27 10:45:00,20.860000610351562,21.219999313354492,20.579999923706055,21.219999313354492,544306
2026-07-27 11:00:00,20.8799991607666,20.959999084472656,20.81999969482422,20.899999618530273,97408
2026-07-27 11:15:00,20.8799991607666,20.979999542236328,20.84000015258789,20.8799991607666,48128
2026-07-27 11:30:00,20.8799991607666,21.079999923706055,20.8799991607666,20.8799991607666,112685
2026-07-27 11:45:00,20.8799991607666,21.0,20.860000610351562,20.899999618530273,37311
2026-07-27 12:00:00,21.0,21.059999465942383,20.860000610351562,20.860000610351562,80082
2026-07-27 12:15:00,21.040000915527344,21.079999923706055,20.979999542236328,21.0,28487
2026-07-27 12:30:00,20.959999084472656,21.100000381469727,20.959999084472656,21.040000915527344,46880
2026-07-27 12:45:00,20.979999542236328,21.020000457763672,20.920000076293945,20.959999084472656,18443
2026-07-27 13:00:00,20.959999084472656,21.040000915527344,20.959999084472656,20.979999542236328,23712
2026-07-27 13:15:00,21.040000915527344,21.040000915527344,20.959999084472656,20.959999084472656,46261
2026-07-27 13:30:00,21.040000915527344,21.079999923706055,21.020000457763672,21.059999465942383,8153
2026-07-27 13:45:00,21.15999984741211,21.18000030517578,20.940000534057617,21.040000915527344,66387
2026-07-27 14:00:00,21.0,21.280000686645508,20.920000076293945,21.15999984741211,258910
2026-07-27 14:15:00,21.040000915527344,21.079999923706055,20.959999084472656,21.0,28136
2026-07-27 14:30:00,20.959999084472656,21.059999465942383,20.959999084472656,21.0,64550
2026-07-27 14:45:00,20.940000534057617,21.0,20.940000534057617,20.940000534057617,16452
2026-07-27 15:00:00,20.899999618530273,21.0,20.899999618530273,20.940000534057617,73748
2026-07-27 15:15:00,20.860000610351562,20.920000076293945,20.84000015258789,20.899999618530273,66160
2026-07-27 15:30:00,20.920000076293945,21.0,20.860000610351562,20.860000610351562,46009
2026-07-27 15:45:00,21.18000030517578,21.420000076293945,20.899999618530273,20.920000076293945,296857
2026-07-27 16:00:00,21.18000030517578,21.219999313354492,21.059999465942383,21.200000762939453,147672
2026-07-27 16:15:00,21.139999389648438,21.34000015258789,21.079999923706055,21.200000762939453,95138
2026-07-27 16:30:00,21.059999465942383,21.239999771118164,21.059999465942383,21.1200008392334,105869
2026-07-27 16:45:00,21.139999389648438,21.139999389648438,21.0,21.059999465942383,110275
2026-07-27 17:00:00,20.8799991607666,21.15999984741211,20.84000015258789,21.100000381469727,141180
2026-07-27 17:15:00,20.700000762939453,20.920000076293945,20.600000381469727,20.81999969482422,140142
2026-07-27 17:30:00,20.459999084472656,20.719999313354492,20.459999084472656,20.639999389648438,127367
2026-07-27 17:45:00,20.260000228881836,20.540000915527344,20.219999313354492,20.459999084472656,215353
2026-07-28 09:45:00,20.219999313354492,20.219999313354492,20.219999313354492,20.219999313354492,0
2026-07-28 10:00:00,20.540000915527344,20.600000381469727,20.219999313354492,20.219999313354492,206663
2026-07-28 10:15:00,20.700000762939453,20.760000228881836,20.219999313354492,20.5,226311
2026-07-28 10:30:00,20.700000762939453,20.739999771118164,20.579999923706055,20.700000762939453,182457
2026-07-28 10:45:00,20.719999313354492,20.760000228881836,20.579999923706055,20.700000762939453,103867
2026-07-28 11:00:00,20.520000457763672,20.780000686645508,20.5,20.719999313354492,108218
2026-07-28 11:15:00,20.719999313354492,20.799999237060547,20.479999542236328,20.520000457763672,186968
2026-07-28 11:30:00,20.68000030517578,20.700000762939453,20.600000381469727,20.700000762939453,55097
2026-07-28 11:45:00,20.639999389648438,20.68000030517578,20.6200008392334,20.68000030517578,33712
2026-07-28 12:00:00,20.639999389648438,20.979999542236328,20.639999389648438,20.639999389648438,181509
2026-07-28 12:15:00,20.700000762939453,20.780000686645508,20.700000762939453,20.700000762939453,30838
2026-07-28 12:30:00,20.700000762939453,20.739999771118164,20.68000030517578,20.719999313354492,27528
2026-07-28 12:45:00,20.579999923706055,20.700000762939453,20.559999465942383,20.700000762939453,31743
2026-07-28 13:00:00,20.5,20.600000381469727,20.479999542236328,20.600000381469727,31613
2026-07-28 13:15:00,20.280000686645508,20.5,20.200000762939453,20.5,145889
2026-07-28 13:30:00,20.219999313354492,20.280000686645508,20.15999984741211,20.280000686645508,62495
2026-07-28 13:45:00,20.280000686645508,20.299999237060547,20.219999313354492,20.219999313354492,31726
2026-07-28 14:00:00,20.260000228881836,20.299999237060547,20.219999313354492,20.280000686645508,36101
2026-07-28 14:15:00,20.1200008392334,20.299999237060547,20.100000381469727,20.280000686645508,76897
2026-07-28 14:30:00,20.260000228881836,20.34000015258789,20.100000381469727,20.100000381469727,89230
2026-07-28 14:45:00,20.239999771118164,20.299999237060547,20.239999771118164,20.299999237060547,28417
2026-07-28 15:00:00,20.139999389648438,20.260000228881836,20.1200008392334,20.239999771118164,50474
2026-07-28 15:15:00,20.260000228881836,20.260000228881836,20.079999923706055,20.139999389648438,147198
2026-07-28 15:30:00,20.239999771118164,20.280000686645508,20.1200008392334,20.239999771118164,88145
2026-07-28 15:45:00,20.280000686645508,20.31999969482422,20.200000762939453,20.219999313354492,53196
2026-07-28 16:00:00,20.280000686645508,20.360000610351562,20.260000228881836,20.31999969482422,25696
2026-07-28 16:15:00,20.31999969482422,20.31999969482422,20.239999771118164,20.260000228881836,22923
2026-07-28 16:30:00,20.31999969482422,20.360000610351562,20.280000686645508,20.31999969482422,26240
2026-07-28 16:45:00,20.260000228881836,20.31999969482422,20.219999313354492,20.31999969482422,39768
2026-07-28 17:00:00,20.280000686645508,20.31999969482422,20.280000686645508,20.280000686645508,9051
2026-07-28 17:15:00,20.260000228881836,20.299999237060547,20.239999771118164,20.280000686645508,13026
2026-07-28 17:30:00,20.34000015258789,20.34000015258789,20.239999771118164,20.260000228881836,31515
2026-07-28 17:45:00,20.440000534057617,20.5,20.299999237060547,20.360000610351562,83818
2026-07-29 09:45:00,20.0,20.0,20.0,20.0,0
2026-07-29 10:00:00,20.15999984741211,20.459999084472656,20.020000457763672,20.020000457763672,128675
2026-07-29 10:15:00,20.15999984741211,20.18000030517578,20.1200008392334,20.15999984741211,34345
2026-07-29 10:30:00,20.34000015258789,20.420000076293945,20.1200008392334,20.18000030517578,98871
2026-07-29 10:45:00,20.420000076293945,20.440000534057617,20.239999771118164,20.280000686645508,60214
2026-07-29 11:00:00,20.399999618530273,20.520000457763672,20.31999969482422,20.420000076293945,87416
2026-07-29 11:15:00,20.18000030517578,20.3799991607666,20.15999984741211,20.3799991607666,41381
2026-07-29 11:30:00,20.15999984741211,20.280000686645508,20.1200008392334,20.18000030517578,21188
2026-07-29 11:45:00,20.18000030517578,20.219999313354492,20.1200008392334,20.139999389648438,21270
2026-07-29 12:00:00,20.15999984741211,20.200000762939453,20.15999984741211,20.18000030517578,5822
2026-07-29 12:15:00,20.139999389648438,20.200000762939453,20.040000915527344,20.15999984741211,105459
2026-07-29 12:30:00,20.15999984741211,20.15999984741211,20.040000915527344,20.1200008392334,68258
2026-07-29 12:45:00,20.1200008392334,20.18000030517578,20.1200008392334,20.1200008392334,38686
2026-07-29 13:00:00,20.1200008392334,20.200000762939453,20.079999923706055,20.1200008392334,85676
2026-07-29 13:15:00,20.040000915527344,20.1200008392334,20.0,20.1200008392334,49763
2026-07-29 13:30:00,20.020000457763672,20.040000915527344,19.989999771118164,20.0,19987
2026-07-29 13:45:00,19.950000762939453,20.040000915527344,19.940000534057617,20.040000915527344,49292
2026-07-29 14:00:00,19.950000762939453,20.059999465942383,19.729999542236328,19.950000762939453,285700
2026-07-29 14:15:00,20.139999389648438,20.15999984741211,19.940000534057617,19.950000762939453,35489
2026-07-29 14:30:00,20.200000762939453,20.200000762939453,20.1200008392334,20.15999984741211,19090
2026-07-29 14:45:00,20.18000030517578,20.260000228881836,20.139999389648438,20.18000030517578,33903
2026-07-29 15:00:00,20.34000015258789,20.399999618530273,20.200000762939453,20.219999313354492,55056
2026-07-29 15:15:00,20.100000381469727,20.299999237060547,20.020000457763672,20.299999237060547,91697
2026-07-29 15:30:00,20.31999969482422,20.34000015258789,20.100000381469727,20.100000381469727,37535
2026-07-29 15:45:00,20.31999969482422,20.479999542236328,20.280000686645508,20.31999969482422,60361
2026-07-29 16:00:00,20.260000228881836,20.31999969482422,20.260000228881836,20.280000686645508,31255
2026-07-29 16:15:00,20.34000015258789,20.399999618530273,20.260000228881836,20.260000228881836,55159
2026-07-29 16:30:00,20.440000534057617,20.479999542236328,20.280000686645508,20.31999969482422,67937
2026-07-29 16:45:00,20.479999542236328,20.600000381469727,20.420000076293945,20.420000076293945,105715
2026-07-29 17:00:00,20.360000610351562,20.5,20.299999237060547,20.479999542236328,53465
2026-07-29 17:15:00,20.3799991607666,20.5,20.299999237060547,20.34000015258789,109270
2026-07-29 17:30:00,20.360000610351562,20.479999542236328,20.31999969482422,20.3799991607666,43394
2026-07-29 17:45:00,20.360000610351562,20.520000457763672,20.260000228881836,20.420000076293945,97660
2026-07-30 09:45:00,20.299999237060547,20.299999237060547,20.299999237060547,20.299999237060547,0
2026-07-30 10:00:00,20.440000534057617,20.459999084472656,20.200000762939453,20.31999969482422,78657
2026-07-30 10:15:00,20.299999237060547,20.479999542236328,20.280000686645508,20.440000534057617,46966
2026-07-30 10:30:00,20.079999923706055,20.280000686645508,20.040000915527344,20.260000228881836,33405
2026-07-30 10:45:00,20.15999984741211,20.200000762939453,20.079999923706055,20.1200008392334,19794
2026-07-30 11:00:00,20.200000762939453,20.219999313354492,20.139999389648438,20.15999984741211,8275
2026-07-30 11:15:00,20.31999969482422,20.459999084472656,20.219999313354492,20.219999313354492,63469
2026-07-30 11:30:00,20.420000076293945,20.420000076293945,20.260000228881836,20.34000015258789,48999
2026-07-30 11:45:00,20.31999969482422,20.440000534057617,20.31999969482422,20.34000015258789,54291
2026-07-30 12:00:00,20.360000610351562,20.3799991607666,20.280000686645508,20.299999237060547,30700
2026-07-30 12:15:00,20.31999969482422,20.3799991607666,20.31999969482422,20.34000015258789,18877
2026-07-30 12:30:00,20.299999237060547,20.34000015258789,20.299999237060547,20.34000015258789,11112
2026-07-30 12:45:00,20.299999237060547,20.31999969482422,20.280000686645508,20.299999237060547,4086
2026-07-30 13:00:00,20.31999969482422,20.31999969482422,20.219999313354492,20.31999969482422,22664
2026-07-30 13:15:00,20.280000686645508,20.280000686645508,20.260000228881836,20.280000686645508,2090
2026-07-30 13:30:00,20.34000015258789,20.34000015258789,20.239999771118164,20.280000686645508,24243
2026-07-30 13:45:00,20.479999542236328,20.479999542236328,20.299999237060547,20.360000610351562,96227
2026-07-30 14:00:00,20.31999969482422,20.479999542236328,20.31999969482422,20.459999084472656,91420
2026-07-30 14:15:00,20.260000228881836,20.31999969482422,20.260000228881836,20.299999237060547,8663
2026-07-30 14:30:00,20.200000762939453,20.280000686645508,20.200000762939453,20.239999771118164,22120
2026-07-30 14:45:00,20.1200008392334,20.260000228881836,20.1200008392334,20.200000762939453,85275
2026-07-30 15:00:00,20.139999389648438,20.139999389648438,20.1200008392334,20.139999389648438,6969
2026-07-30 15:15:00,20.139999389648438,20.18000030517578,20.1200008392334,20.1200008392334,9224
2026-07-30 15:30:00,19.940000534057617,20.15999984741211,19.889999389648438,20.1200008392334,77887
2026-07-30 15:45:00,19.399999618530273,19.940000534057617,19.299999237060547,19.940000534057617,587638
2026-07-30 16:00:00,19.479999542236328,19.5,19.329999923706055,19.399999618530273,237255
2026-07-30 16:15:00,19.43000030517578,19.489999771118164,19.389999389648438,19.459999084472656,175602
2026-07-30 16:30:00,19.690000534057617,19.799999237060547,19.399999618530273,19.399999618530273,176157
2026-07-30 16:45:00,19.530000686645508,19.68000030517578,19.510000228881836,19.68000030517578,89261
2026-07-30 17:00:00,19.469999313354492,19.579999923706055,19.469999313354492,19.520000457763672,49418
2026-07-30 17:15:00,19.510000228881836,19.510000228881836,19.440000534057617,19.459999084472656,30982
2026-07-30 17:30:00,19.530000686645508,19.729999542236328,19.520000457763672,19.520000457763672,125353
2026-07-30 17:45:00,19.600000381469727,19.600000381469727,19.399999618530273,19.520000457763672,63116
2026-07-31 09:45:00,19.739999771118164,19.739999771118164,19.739999771118164,19.739999771118164,0
2026-07-31 10:00:00,19.6200008392334,19.739999771118164,19.610000610351562,19.719999313354492,98795
2026-07-31 10:15:00,19.209999084472656,19.6299991607666,19.209999084472656,19.6299991607666,163354
2026-07-31 10:30:00,19.209999084472656,19.270000457763672,19.15999984741211,19.219999313354492,23509
2026-07-31 10:45:00,19.1299991607666,19.239999771118164,19.1299991607666,19.209999084472656,146708
2026-07-31 11:00:00,19.09000015258789,19.15999984741211,19.079999923706055,19.1299991607666,29631
2026-07-31 11:15:00,19.030000686645508,19.09000015258789,19.030000686645508,19.079999923706055,33447
2026-07-31 11:30:00,18.93000030517578,19.059999465942383,18.93000030517578,19.030000686645508,52137
2026-07-31 11:45:00,18.829999923706055,18.950000762939453,18.81999969482422,18.950000762939453,75590
2026-07-31 12:00:00,19.25,19.34000015258789,18.850000381469727,18.850000381469727,139102
2026-07-31 12:15:00,19.25,19.280000686645508,19.219999313354492,19.239999771118164,26180
2026-07-31 12:30:00,19.3700008392334,19.600000381469727,19.229999542236328,19.25,142765
2026-07-31 12:45:00,19.5,19.559999465942383,19.3799991607666,19.3799991607666,70803
2026-07-31 13:00:00,19.65999984741211,19.700000762939453,19.510000228881836,19.510000228881836,59067
2026-07-31 13:15:00,19.850000381469727,19.940000534057617,19.65999984741211,19.65999984741211,113855
2026-07-31 13:30:00,19.860000610351562,19.860000610351562,19.75,19.809999465942383,35951
2026-07-31 13:45:00,19.780000686645508,19.850000381469727,19.770000457763672,19.850000381469727,20289
2026-07-31 14:00:00,19.84000015258789,19.850000381469727,19.770000457763672,19.780000686645508,38535
2026-07-31 14:15:00,19.8700008392334,19.8700008392334,19.799999237060547,19.850000381469727,15772
2026-07-31 14:30:00,19.81999969482422,19.850000381469727,19.760000228881836,19.850000381469727,13197
2026-07-31 14:45:00,19.780000686645508,19.81999969482422,19.739999771118164,19.81999969482422,44312
2026-07-31 15:00:00,19.739999771118164,20.0,19.739999771118164,19.760000228881836,19850
2026-07-31 15:15:00,19.68000030517578,19.739999771118164,19.68000030517578,19.739999771118164,37703
2026-07-31 15:30:00,19.690000534057617,19.709999084472656,19.68000030517578,19.709999084472656,12091
2026-07-31 15:45:00,19.90999984741211,19.979999542236328,19.690000534057617,19.690000534057617,83251
2026-07-31 16:00:00,20.1200008392334,20.139999389648438,19.940000534057617,19.969999313354492,66921
2026-07-31 16:15:00,20.1200008392334,20.200000762939453,20.079999923706055,20.100000381469727,53484
2026-07-31 16:30:00,20.139999389648438,20.200000762939453,19.969999313354492,20.139999389648438,170433
2026-07-31 16:45:00,20.260000228881836,20.459999084472656,20.1200008392334,20.139999389648438,155246
2026-07-31 17:00:00,20.219999313354492,20.260000228881836,20.200000762939453,20.239999771118164,27810
2026-07-31 17:15:00,20.200000762939453,20.260000228881836,20.200000762939453,20.260000228881836,4606
2026-07-31 17:45:00,20.15999984741211,20.200000762939453,20.15999984741211,20.200000762939453,1721
2026-08-03 09:45:00,20.139999389648438,20.139999389648438,20.139999389648438,20.139999389648438,0
2026-08-03 10:00:00,20.420000076293945,21.0,20.15999984741211,20.15999984741211,246126
2026-08-03 10:15:00,20.200000762939453,20.420000076293945,20.200000762939453,20.420000076293945,47935
2026-08-03 10:30:00,20.31999969482422,20.34000015258789,20.239999771118164,20.239999771118164,18169
2026-08-03 10:45:00,20.399999618530273,20.5,20.34000015258789,20.360000610351562,111701
2026-08-03 11:00:00,20.239999771118164,20.399999618530273,20.219999313354492,20.399999618530273,14477
2026-08-03 11:15:00,20.139999389648438,20.239999771118164,20.100000381469727,20.239999771118164,54074
2026-08-03 11:30:00,20.139999389648438,20.18000030517578,20.100000381469727,20.1200008392334,15572
2026-08-03 11:45:00,20.15999984741211,20.15999984741211,20.079999923706055,20.139999389648438,24229
2026-08-03 12:00:00,20.040000915527344,20.139999389648438,20.040000915527344,20.139999389648438,11941
2026-08-03 12:15:00,20.100000381469727,20.100000381469727,19.989999771118164,20.040000915527344,41674
2026-08-03 12:30:00,20.1200008392334,20.139999389648438,20.079999923706055,20.100000381469727,20085
2026-08-03 12:45:00,20.100000381469727,20.1200008392334,19.989999771118164,20.100000381469727,40264
2026-08-03 13:00:00,20.100000381469727,20.18000030517578,19.989999771118164,20.100000381469727,178167
2026-08-03 13:15:00,20.020000457763672,20.079999923706055,19.989999771118164,20.040000915527344,31342
2026-08-03 13:30:00,19.940000534057617,20.020000457763672,19.90999984741211,20.020000457763672,32522
2026-08-03 13:45:00,19.8700008392334,19.959999084472656,19.8700008392334,19.940000534057617,27380
2026-08-03 14:00:00,19.940000534057617,19.969999313354492,19.850000381469727,19.860000610351562,48807
2026-08-03 14:15:00,19.920000076293945,19.959999084472656,19.889999389648438,19.93000030517578,25665
2026-08-03 14:30:00,19.950000762939453,20.0,19.93000030517578,19.940000534057617,33159
2026-08-03 14:45:00,19.959999084472656,20.040000915527344,19.940000534057617,19.950000762939453,13080
2026-08-03 15:00:00,20.040000915527344,20.059999465942383,19.959999084472656,19.959999084472656,23787
2026-08-03 15:15:00,20.040000915527344,20.059999465942383,20.020000457763672,20.040000915527344,12949
2026-08-03 15:30:00,19.979999542236328,20.059999465942383,19.979999542236328,20.040000915527344,31708
2026-08-03 15:45:00,19.969999313354492,20.079999923706055,19.959999084472656,19.969999313354492,15500
2026-08-03 16:00:00,20.040000915527344,20.059999465942383,19.959999084472656,19.969999313354492,10091
2026-08-03 16:15:00,19.989999771118164,20.040000915527344,19.989999771118164,20.020000457763672,9174
2026-08-03 16:30:00,19.950000762939453,20.020000457763672,19.950000762939453,19.989999771118164,27314
2026-08-03 16:45:00,19.8700008392334,19.969999313354492,19.799999237060547,19.950000762939453,134005
2026-08-03 17:00:00,19.8700008392334,19.959999084472656,19.84000015258789,19.8799991607666,39387
2026-08-03 17:15:00,19.809999465942383,19.920000076293945,19.790000915527344,19.8799991607666,91966
2026-08-03 17:30:00,19.780000686645508,19.84000015258789,19.719999313354492,19.81999969482422,57977
2026-08-03 17:45:00,19.84000015258789,19.860000610351562,19.690000534057617,19.780000686645508,76589
2026-08-04 09:45:00,19.68000030517578,19.68000030517578,19.68000030517578,19.68000030517578,0
2026-08-04 10:00:00,19.719999313354492,19.780000686645508,19.6200008392334,19.68000030517578,82902
2026-08-04 10:15:00,20.700000762939453,20.81999969482422,19.700000762939453,19.729999542236328,1302724
2026-08-04 10:30:00,21.360000610351562,21.5,20.700000762939453,20.700000762939453,734693
2026-08-04 10:45:00,21.139999389648438,21.399999618530273,21.059999465942383,21.360000610351562,282167
2026-08-04 11:00:00,21.100000381469727,21.299999237060547,21.079999923706055,21.18000030517578,100970
2026-08-04 11:15:00,21.100000381469727,21.1200008392334,21.020000457763672,21.100000381469727,108023
2026-08-04 11:30:00,21.100000381469727,21.15999984741211,21.059999465942383,21.100000381469727,51924
2026-08-04 11:45:00,21.200000762939453,21.200000762939453,21.059999465942383,21.139999389648438,58322
2026-08-04 12:00:00,21.139999389648438,21.200000762939453,21.100000381469727,21.200000762939453,24057
2026-08-04 12:15:00,21.219999313354492,21.219999313354492,21.139999389648438,21.139999389648438,21925
2026-08-04 12:30:00,21.18000030517578,21.260000228881836,21.1200008392334,21.219999313354492,39564
2026-08-04 12:45:00,21.139999389648438,21.18000030517578,21.100000381469727,21.15999984741211,50160
2026-08-04 13:00:00,21.360000610351562,21.399999618530273,21.1200008392334,21.1200008392334,157577
2026-08-04 13:15:00,21.280000686645508,21.360000610351562,21.280000686645508,21.360000610351562,28058
2026-08-04 13:30:00,21.260000228881836,21.299999237060547,21.239999771118164,21.280000686645508,31341
2026-08-04 13:45:00,21.139999389648438,21.360000610351562,21.1200008392334,21.260000228881836,75158
2026-08-04 14:00:00,21.15999984741211,21.18000030517578,21.100000381469727,21.139999389648438,26536
2026-08-04 14:15:00,21.239999771118164,21.239999771118164,21.079999923706055,21.15999984741211,28722
2026-08-04 14:30:00,21.219999313354492,21.260000228881836,21.200000762939453,21.219999313354492,6328
2026-08-04 14:45:00,21.219999313354492,21.34000015258789,21.219999313354492,21.260000228881836,37208
2026-08-04 15:00:00,21.219999313354492,21.239999771118164,21.100000381469727,21.219999313354492,67921
2026-08-04 15:15:00,21.200000762939453,21.239999771118164,21.18000030517578,21.219999313354492,51822
2026-08-04 15:30:00,21.260000228881836,21.299999237060547,21.139999389648438,21.200000762939453,56232
2026-08-04 15:45:00,21.260000228881836,21.280000686645508,21.200000762939453,21.260000228881836,53718
2026-08-04 16:00:00,21.139999389648438,21.299999237060547,21.139999389648438,21.280000686645508,56959
2026-08-04 16:15:00,20.979999542236328,21.18000030517578,20.8799991607666,21.15999984741211,183436
2026-08-04 16:30:00,20.84000015258789,20.979999542236328,20.81999969482422,20.940000534057617,143707
2026-08-04 16:45:00,21.1200008392334,21.15999984741211,20.760000228881836,20.860000610351562,471317
2026-08-04 17:00:00,21.1200008392334,21.15999984741211,21.059999465942383,21.1200008392334,67205
2026-08-04 17:15:00,20.940000534057617,21.1200008392334,20.899999618530273,21.1200008392334,159557
2026-08-04 17:30:00,20.979999542236328,20.979999542236328,20.899999618530273,20.940000534057617,23616
2026-08-04 17:45:00,20.979999542236328,21.0,20.899999618530273,20.959999084472656,90967
2026-08-05 09:45:00,20.979999542236328,20.979999542236328,20.979999542236328,20.979999542236328,0
2026-08-05 10:00:00,20.6200008392334,21.0,20.5,20.979999542236328,303322
2026-08-05 10:15:00,20.459999084472656,20.68000030517578,20.31999969482422,20.639999389648438,161202
2026-08-05 10:30:00,20.700000762939453,20.700000762939453,20.399999618530273,20.459999084472656,104953
2026-08-05 10:45:00,20.81999969482422,20.81999969482422,20.65999984741211,20.719999313354492,44392
2026-08-05 11:00:00,20.799999237060547,20.940000534057617,20.760000228881836,20.780000686645508,56155
2026-08-05 11:15:00,20.8799991607666,20.8799991607666,20.760000228881836,20.780000686645508,44214
2026-08-05 11:30:00,20.8799991607666,21.0,20.799999237060547,20.8799991607666,76581
2026-08-05 11:45:00,20.940000534057617,21.0,20.8799991607666,20.8799991607666,154204
2026-08-05 12:00:00,20.8799991607666,20.959999084472656,20.8799991607666,20.940000534057617,44849
2026-08-05 12:15:00,20.8799991607666,20.920000076293945,20.84000015258789,20.8799991607666,36191
2026-08-05 12:30:00,20.899999618530273,20.899999618530273,20.84000015258789,20.860000610351562,24610
2026-08-05 12:45:00,20.81999969482422,20.8799991607666,20.81999969482422,20.8799991607666,23001
2026-08-05 13:00:00,20.799999237060547,20.84000015258789,20.799999237060547,20.81999969482422,12170
2026-08-05 13:15:00,20.860000610351562,21.239999771118164,20.799999237060547,20.81999969482422,596678
2026-08-05 13:30:00,20.979999542236328,21.0,20.860000610351562,20.860000610351562,155702
2026-08-05 13:45:00,20.959999084472656,21.0,20.959999084472656,20.979999542236328,51702
2026-08-05 14:00:00,21.139999389648438,21.139999389648438,20.920000076293945,20.979999542236328,340465
2026-08-05 14:15:00,20.959999084472656,21.239999771118164,20.959999084472656,21.15999984741211,121482
2026-08-05 14:30:00,21.0,21.0,20.899999618530273,20.920000076293945,68226
2026-08-05 14:45:00,21.280000686645508,21.31999969482422,20.979999542236328,21.0,351205
2026-08-05 15:00:00,21.260000228881836,21.31999969482422,21.139999389648438,21.260000228881836,94698
2026-08-05 15:15:00,20.940000534057617,21.280000686645508,20.940000534057617,21.260000228881836,274974
2026-08-05 15:30:00,21.020000457763672,21.020000457763672,20.920000076293945,20.920000076293945,57271
2026-08-05 15:45:00,20.959999084472656,21.020000457763672,20.959999084472656,21.020000457763672,42281
2026-08-05 16:00:00,20.959999084472656,21.100000381469727,20.940000534057617,20.940000534057617,289247
2026-08-05 16:15:00,20.979999542236328,21.0,20.959999084472656,20.979999542236328,29091
2026-08-05 16:30:00,21.0,21.020000457763672,20.920000076293945,20.979999542236328,248298
2026-08-05 16:45:00,21.020000457763672,21.059999465942383,20.959999084472656,21.0,258168
2026-08-05 17:00:00,21.0,21.040000915527344,20.959999084472656,21.020000457763672,81270
2026-08-05 17:15:00,21.0,21.0,20.959999084472656,20.979999542236328,28161
2026-08-05 17:30:00,20.959999084472656,21.0,20.940000534057617,21.0,185470
2026-08-05 17:45:00,20.940000534057617,21.0,20.940000534057617,20.979999542236328,153193
2026-08-06 09:45:00,21.280000686645508,21.280000686645508,21.280000686645508,21.280000686645508,0
2026-08-06 10:00:00,21.200000762939453,21.559999465942383,21.100000381469727,21.280000686645508,513128
2026-08-06 10:15:00,21.540000915527344,21.6200008392334,21.200000762939453,21.200000762939453,213464
2026-08-06 10:30:00,21.540000915527344,21.65999984741211,21.479999542236328,21.479999542236328,155190
2026-08-06 10:45:00,21.6200008392334,21.700000762939453,21.520000457763672,21.520000457763672,121342
2026-08-06 11:00:00,21.600000381469727,21.760000228881836,21.559999465942383,21.639999389648438,122710
2026-08-06 11:15:00,21.65999984741211,21.700000762939453,21.540000915527344,21.579999923706055,53651
2026-08-06 11:30:00,21.600000381469727,21.81999969482422,21.540000915527344,21.65999984741211,151505
2026-08-06 11:45:00,21.6200008392334,21.6200008392334,21.559999465942383,21.600000381469727,44847
2026-08-06 12:00:00,21.540000915527344,21.65999984741211,21.540000915527344,21.6200008392334,36225
2026-08-06 12:15:00,21.520000457763672,21.600000381469727,21.479999542236328,21.540000915527344,196836
2026-08-06 12:30:00,21.639999389648438,21.65999984741211,21.520000457763672,21.520000457763672,43757
2026-08-06 12:45:00,21.68000030517578,21.84000015258789,21.639999389648438,21.639999389648438,55144
2026-08-06 13:00:00,21.8799991607666,21.899999618530273,21.68000030517578,21.700000762939453,157907
2026-08-06 13:15:00,21.8799991607666,21.899999618530273,21.84000015258789,21.860000610351562,96517
2026-08-06 13:30:00,21.899999618530273,22.0,21.799999237060547,21.8799991607666,182814
2026-08-06 13:45:00,22.200000762939453,22.219999313354492,21.899999618530273,21.899999618530273,395347
2026-08-06 14:00:00,22.139999389648438,22.219999313354492,22.079999923706055,22.200000762939453,182792
2026-08-06 14:15:00,22.079999923706055,22.18000030517578,22.059999465942383,22.18000030517578,111113
2026-08-06 14:30:00,22.0,22.139999389648438,21.719999313354492,22.059999465942383,272530
2026-08-06 14:45:00,21.959999084472656,22.100000381469727,21.899999618530273,22.0,87691
2026-08-06 15:00:00,22.079999923706055,22.100000381469727,21.940000534057617,21.959999084472656,52335
2026-08-06 15:15:00,22.15999984741211,22.260000228881836,22.059999465942383,22.079999923706055,80105
2026-08-06 15:30:00,22.18000030517578,22.219999313354492,22.139999389648438,22.18000030517578,27524
2026-08-06 15:45:00,22.15999984741211,22.18000030517578,22.079999923706055,22.139999389648438,27556
2026-08-06 16:00:00,22.040000915527344,22.15999984741211,21.600000381469727,22.15999984741211,80013
2026-08-06 16:15:00,21.959999084472656,22.040000915527344,21.959999084472656,22.040000915527344,55063
2026-08-06 16:30:00,22.0,22.020000457763672,21.940000534057617,21.959999084472656,53025
2026-08-06 16:45:00,22.239999771118164,22.299999237060547,22.0,22.0,245954
2026-08-06 17:00:00,22.200000762939453,22.280000686645508,22.100000381469727,22.239999771118164,82803
2026-08-06 17:15:00,22.18000030517578,22.200000762939453,22.100000381469727,22.18000030517578,37735
2026-08-06 17:30:00,22.079999923706055,22.18000030517578,21.600000381469727,22.15999984741211,135017
2026-08-06 17:45:00,22.079999923706055,22.139999389648438,21.959999084472656,22.040000915527344,107536
2026-08-07 09:45:00,22.079999923706055,22.079999923706055,22.079999923706055,22.079999923706055,0
2026-08-07 10:00:00,22.31999969482422,22.399999618530273,22.020000457763672,22.100000381469727,247718
2026-08-07 10:15:00,22.3799991607666,22.479999542236328,22.299999237060547,22.31999969482422,119468
2026-08-07 10:30:00,22.579999923706055,22.639999389648438,22.3799991607666,22.399999618530273,223729
2026-08-07 10:45:00,22.760000228881836,22.760000228881836,22.540000915527344,22.540000915527344,106799
2026-08-07 11:00:00,22.579999923706055,22.760000228881836,22.540000915527344,22.760000228881836,147023
2026-08-07 11:15:00,22.219999313354492,22.600000381469727,22.219999313354492,22.579999923706055,209658
2026-08-07 11:30:00,22.34000015258789,22.34000015258789,22.100000381469727,22.219999313354492,131422
2026-08-07 11:45:00,22.200000762939453,22.34000015258789,22.200000762939453,22.34000015258789,64304
2026-08-07 12:00:00,22.219999313354492,22.3799991607666,22.18000030517578,22.200000762939453,62375
2026-08-07 12:15:00,22.200000762939453,22.399999618530273,22.15999984741211,22.200000762939453,55473
2026-08-07 12:30:00,22.219999313354492,22.280000686645508,22.18000030517578,22.18000030517578,14049
2026-08-07 12:45:00,22.219999313354492,22.239999771118164,22.15999984741211,22.239999771118164,42847
2026-08-07 13:00:00,22.200000762939453,22.239999771118164,22.059999465942383,22.18000030517578,70629
2026-08-07 13:15:00,22.1200008392334,22.219999313354492,22.100000381469727,22.219999313354492,13195
2026-08-07 13:30:00,22.059999465942383,22.15999984741211,22.059999465942383,22.1200008392334,38092
2026-08-07 13:45:00,22.059999465942383,22.079999923706055,22.0,22.059999465942383,35781
2026-08-07 14:00:00,22.440000534057617,22.459999084472656,21.920000076293945,22.040000915527344,157503
2026-08-07 14:15:00,22.360000610351562,22.479999542236328,22.31999969482422,22.420000076293945,94918
2026-08-07 14:30:00,22.299999237060547,22.3799991607666,22.260000228881836,22.31999969482422,37119
2026-08-07 14:45:00,22.34000015258789,22.399999618530273,22.260000228881836,22.280000686645508,37422
2026-08-07 15:00:00,22.360000610351562,22.420000076293945,22.31999969482422,22.31999969482422,45162
2026-08-07 15:15:00,22.34000015258789,22.3799991607666,22.280000686645508,22.360000610351562,24404
2026-08-07 15:30:00,22.479999542236328,22.5,22.34000015258789,22.360000610351562,26625
2026-08-07 15:45:00,22.479999542236328,22.479999542236328,22.3799991607666,22.459999084472656,16780
2026-08-07 16:00:00,22.520000457763672,22.520000457763672,22.3799991607666,22.440000534057617,201489
2026-08-07 16:15:00,22.5,22.559999465942383,22.440000534057617,22.540000915527344,61956
2026-08-07 16:30:00,22.440000534057617,22.479999542236328,22.3799991607666,22.459999084472656,50921
2026-08-07 16:45:00,22.3799991607666,22.479999542236328,22.3799991607666,22.440000534057617,29630
2026-08-07 17:00:00,22.559999465942383,22.6200008392334,22.3799991607666,22.3799991607666,110126
2026-08-07 17:15:00,22.540000915527344,22.639999389648438,22.479999542236328,22.540000915527344,149058
2026-08-07 17:30:00,22.739999771118164,23.020000457763672,22.520000457763672,22.520000457763672,307688
2026-08-07 17:45:00,22.81999969482422,22.8799991607666,22.68000030517578,22.700000762939453,176638
2026-08-10 09:45:00,23.059999465942383,23.059999465942383,23.059999465942383,23.059999465942383,0
2026-08-10 10:00:00,23.020000457763672,23.360000610351562,22.979999542236328,23.059999465942383,289712
2026-08-10 10:15:00,22.920000076293945,23.1200008392334,22.84000015258789,23.040000915527344,238292
2026-08-10 10:30:00,22.899999618530273,23.059999465942383,22.84000015258789,22.940000534057617,106230
2026-08-10 10:45:00,22.920000076293945,22.940000534057617,22.760000228881836,22.899999618530273,85081
2026-08-10 11:00:00,22.899999618530273,22.959999084472656,22.84000015258789,22.920000076293945,35152
2026-08-10 11:15:00,23.1200008392334,23.15999984741211,22.899999618530273,22.899999618530273,176336
2026-08-10 11:30:00,23.139999389648438,23.239999771118164,23.040000915527344,23.100000381469727,79960
2026-08-10 11:45:00,22.959999084472656,23.18000030517578,22.959999084472656,23.15999984741211,84271
2026-08-10 12:00:00,22.979999542236328,22.979999542236328,22.860000610351562,22.940000534057617,29586
2026-08-10 12:15:00,22.920000076293945,22.959999084472656,22.84000015258789,22.940000534057617,37581
2026-08-10 12:30:00,23.079999923706055,23.079999923706055,22.84000015258789,22.84000015258789,43366
2026-08-10 12:45:00,23.040000915527344,23.079999923706055,22.8799991607666,23.040000915527344,27723
2026-08-10 13:00:00,22.940000534057617,23.040000915527344,22.940000534057617,23.040000915527344,20566
2026-08-10 13:15:00,22.959999084472656,23.040000915527344,22.940000534057617,22.979999542236328,18233
2026-08-10 13:30:00,22.959999084472656,23.0,22.940000534057617,22.959999084472656,46385
2026-08-10 13:45:00,22.959999084472656,23.040000915527344,22.940000534057617,22.959999084472656,51692
2026-08-10 14:00:00,22.940000534057617,22.979999542236328,22.899999618530273,22.979999542236328,16251
2026-08-10 14:15:00,23.100000381469727,23.100000381469727,22.8799991607666,22.940000534057617,56268
2026-08-10 14:30:00,23.040000915527344,23.079999923706055,22.979999542236328,23.059999465942383,16343
2026-08-10 14:45:00,23.020000457763672,23.059999465942383,23.0,23.0,49522
2026-08-10 15:00:00,23.079999923706055,23.139999389648438,22.979999542236328,23.040000915527344,72129
2026-08-10 15:15:00,23.020000457763672,23.1200008392334,23.0,23.079999923706055,56351
2026-08-10 15:30:00,23.020000457763672,23.059999465942383,23.020000457763672,23.020000457763672,9878
2026-08-10 15:45:00,22.959999084472656,23.059999465942383,22.959999084472656,23.059999465942383,26663
2026-08-10 16:00:00,22.940000534057617,22.979999542236328,22.920000076293945,22.959999084472656,51040
2026-08-10 16:15:00,22.940000534057617,22.979999542236328,22.899999618530273,22.940000534057617,22943
2026-08-10 16:30:00,22.899999618530273,22.940000534057617,22.860000610351562,22.920000076293945,27090
2026-08-10 16:45:00,23.0,23.1200008392334,22.799999237060547,22.899999618530273,157194
2026-08-10 17:00:00,22.920000076293945,23.0,22.899999618530273,22.979999542236328,54780
2026-08-10 17:15:00,22.920000076293945,23.020000457763672,22.8799991607666,22.979999542236328,13929
2026-08-10 17:30:00,22.860000610351562,22.940000534057617,22.81999969482422,22.920000076293945,46507
2026-08-10 17:45:00,23.020000457763672,23.100000381469727,22.799999237060547,22.860000610351562,106482
2026-08-11 09:45:00,23.079999923706055,23.079999923706055,23.079999923706055,23.079999923706055,0
2026-08-11 10:00:00,23.100000381469727,23.280000686645508,23.0,23.079999923706055,117082
2026-08-11 10:15:00,23.239999771118164,23.299999237060547,23.040000915527344,23.079999923706055,222804
2026-08-11 10:30:00,23.219999313354492,23.280000686645508,23.1200008392334,23.239999771118164,201101
2026-08-11 10:45:00,23.15999984741211,23.239999771118164,23.1200008392334,23.219999313354492,131367
2026-08-11 11:00:00,23.020000457763672,23.200000762939453,23.0,23.15999984741211,121244
2026-08-11 11:15:00,23.020000457763672,23.100000381469727,22.81999969482422,23.020000457763672,327992
2026-08-11 11:30:00,23.15999984741211,23.219999313354492,23.020000457763672,23.079999923706055,82571
2026-08-11 11:45:00,23.200000762939453,23.219999313354492,23.139999389648438,23.18000030517578,49540
2026-08-11 12:00:00,23.139999389648438,23.200000762939453,23.100000381469727,23.200000762939453,81161
2026-08-11 12:15:00,23.139999389648438,23.219999313354492,23.100000381469727,23.139999389648438,15329
2026-08-11 12:30:00,23.139999389648438,23.15999984741211,23.1200008392334,23.15999984741211,7346
2026-08-11 12:45:00,23.079999923706055,23.15999984741211,23.059999465942383,23.1200008392334,30338
2026-08-11 13:00:00,23.100000381469727,23.139999389648438,23.059999465942383,23.100000381469727,35820
2026-08-11 13:15:00,23.040000915527344,23.079999923706055,23.0,23.059999465942383,44440
2026-08-11 13:30:00,23.079999923706055,23.100000381469727,23.020000457763672,23.040000915527344,34588
2026-08-11 13:45:00,23.059999465942383,23.079999923706055,23.040000915527344,23.079999923706055,15208
2026-08-11 14:00:00,23.18000030517578,23.260000228881836,23.040000915527344,23.040000915527344,141050
2026-08-11 14:15:00,23.059999465942383,23.15999984741211,23.040000915527344,23.15999984741211,48337
2026-08-11 14:30:00,23.139999389648438,23.139999389648438,23.059999465942383,23.079999923706055,14257
2026-08-11 14:45:00,23.059999465942383,23.139999389648438,23.059999465942383,23.139999389648438,75720
2026-08-11 15:00:00,23.079999923706055,23.1200008392334,23.059999465942383,23.059999465942383,6511
2026-08-11 15:15:00,23.299999237060547,23.299999237060547,23.059999465942383,23.139999389648438,62046
2026-08-11 15:30:00,23.639999389648438,23.84000015258789,23.139999389648438,23.299999237060547,647093
2026-08-11 15:45:00,23.280000686645508,23.639999389648438,23.239999771118164,23.6200008392334,616197
2026-08-11 16:00:00,23.440000534057617,23.700000762939453,22.920000076293945,23.299999237060547,1319474
2026-08-11 16:15:00,23.399999618530273,23.459999084472656,23.200000762939453,23.459999084472656,138677
2026-08-11 16:30:00,23.31999969482422,23.420000076293945,23.260000228881836,23.399999618530273,90062
2026-08-11 16:45:00,23.299999237060547,23.360000610351562,23.280000686645508,23.31999969482422,91130
2026-08-11 17:00:00,23.239999771118164,23.459999084472656,23.200000762939453,23.299999237060547,206660
2026-08-11 17:15:00,23.139999389648438,23.280000686645508,23.1200008392334,23.260000228881836,173928
2026-08-11 17:30:00,23.059999465942383,23.18000030517578,23.0,23.18000030517578,70845
2026-08-11 17:45:00,23.200000762939453,23.200000762939453,23.040000915527344,23.059999465942383,160271
2026-08-12 09:45:00,23.100000381469727,23.100000381469727,23.100000381469727,23.100000381469727,0
2026-08-12 10:00:00,23.260000228881836,23.280000686645508,22.979999542236328,23.100000381469727,146030
2026-08-12 10:15:00,23.239999771118164,23.260000228881836,23.15999984741211,23.260000228881836,107995
2026-08-12 10:30:00,23.1200008392334,23.239999771118164,23.1200008392334,23.219999313354492,74382
2026-08-12 10:45:00,23.059999465942383,23.1200008392334,22.940000534057617,23.1200008392334,287737
2026-08-12 11:00:00,23.059999465942383,23.1200008392334,22.920000076293945,23.020000457763672,83735
2026-08-12 11:15:00,23.239999771118164,23.260000228881836,23.079999923706055,23.079999923706055,36562
2026-08-12 11:30:00,23.100000381469727,23.219999313354492,23.100000381469727,23.219999313354492,25377
2026-08-12 11:45:00,23.100000381469727,23.139999389648438,23.079999923706055,23.079999923706055,20908
2026-08-12 12:00:00,23.139999389648438,23.15999984741211,23.079999923706055,23.100000381469727,37767
2026-08-12 12:15:00,23.139999389648438,23.200000762939453,23.1200008392334,23.1200008392334,106555
2026-08-12 12:30:00,23.18000030517578,23.200000762939453,23.139999389648438,23.139999389648438,45867
2026-08-12 12:45:00,23.15999984741211,23.260000228881836,23.15999984741211,23.18000030517578,96400
2026-08-12 13:00:00,23.18000030517578,23.219999313354492,23.15999984741211,23.15999984741211,25912
2026-08-12 13:15:00,23.139999389648438,23.18000030517578,23.139999389648438,23.18000030517578,18822
2026-08-12 13:30:00,23.100000381469727,23.139999389648438,23.079999923706055,23.139999389648438,60092
2026-08-12 13:45:00,23.079999923706055,23.1200008392334,23.079999923706055,23.100000381469727,11167
2026-08-12 14:00:00,23.139999389648438,23.139999389648438,23.079999923706055,23.079999923706055,20718
2026-08-12 14:15:00,23.1200008392334,23.18000030517578,23.1200008392334,23.1200008392334,50127
2026-08-12 14:30:00,23.15999984741211,23.15999984741211,23.1200008392334,23.139999389648438,4472
2026-08-12 14:45:00,23.139999389648438,23.15999984741211,23.1200008392334,23.15999984741211,14898
2026-08-12 15:00:00,23.139999389648438,23.15999984741211,23.059999465942383,23.1200008392334,57699
2026-08-12 15:15:00,23.0,23.139999389648438,23.0,23.100000381469727,141641
2026-08-12 15:30:00,23.0,23.059999465942383,23.0,23.020000457763672,23440
2026-08-12 15:45:00,22.940000534057617,23.020000457763672,22.940000534057617,23.0,133892
2026-08-12 16:00:00,23.0,23.040000915527344,22.940000534057617,22.940000534057617,77397
2026-08-12 16:15:00,23.0,23.040000915527344,23.0,23.040000915527344,21902
2026-08-12 16:30:00,23.0,23.020000457763672,22.959999084472656,23.020000457763672,94614
2026-08-12 16:45:00,22.959999084472656,23.020000457763672,22.920000076293945,23.020000457763672,70637
2026-08-12 17:00:00,22.940000534057617,22.959999084472656,22.899999618530273,22.940000534057617,18976
2026-08-12 17:15:00,22.8799991607666,22.940000534057617,22.84000015258789,22.940000534057617,121499
2026-08-12 17:30:00,22.899999618530273,22.920000076293945,22.860000610351562,22.899999618530273,34930
2026-08-12 17:45:00,23.0,23.200000762939453,22.579999923706055,22.860000610351562,634033
2026-08-13 09:45:00,22.81999969482422,22.81999969482422,22.81999969482422,22.81999969482422,0
2026-08-13 10:00:00,22.399999618530273,22.860000610351562,22.360000610351562,22.81999969482422,345157
2026-08-13 10:15:00,22.360000610351562,22.440000534057617,22.239999771118164,22.399999618530273,252371
2026-08-13 10:30:00,22.239999771118164,22.3799991607666,22.239999771118164,22.34000015258789,63901
2026-08-13 10:45:00,22.079999923706055,22.260000228881836,22.0,22.239999771118164,185930
2026-08-13 11:00:00,22.079999923706055,22.18000030517578,22.0,22.059999465942383,69294
2026-08-13 11:15:00,21.959999084472656,22.1200008392334,21.959999084472656,22.079999923706055,67796
2026-08-13 11:30:00,21.979999542236328,22.059999465942383,21.959999084472656,21.979999542236328,94560
2026-08-13 11:45:00,21.920000076293945,22.020000457763672,21.899999618530273,21.979999542236328,143994
2026-08-13 12:00:00,21.84000015258789,21.959999084472656,21.799999237060547,21.959999084472656,57578
2026-08-13 12:15:00,22.020000457763672,22.059999465942383,21.81999969482422,21.84000015258789,206336
2026-08-13 12:30:00,22.100000381469727,22.100000381469727,22.040000915527344,22.040000915527344,15634
2026-08-13 12:45:00,22.079999923706055,22.139999389648438,21.940000534057617,22.100000381469727,186530
2026-08-13 13:00:00,22.139999389648438,22.200000762939453,22.059999465942383,22.100000381469727,37347
2026-08-13 13:15:00,22.139999389648438,22.15999984741211,22.100000381469727,22.139999389648438,13137
2026-08-13 13:30:00,22.15999984741211,22.18000030517578,22.100000381469727,22.139999389648438,19314
2026-08-13 13:45:00,22.200000762939453,22.219999313354492,22.139999389648438,22.139999389648438,51262
2026-08-13 14:00:00,22.15999984741211,22.200000762939453,22.1200008392334,22.200000762939453,22184
2026-08-13 14:15:00,22.100000381469727,22.15999984741211,22.100000381469727,22.15999984741211,12308
2026-08-13 14:30:00,22.31999969482422,22.31999969482422,22.100000381469727,22.100000381469727,33603
2026-08-13 14:45:00,22.200000762939453,22.34000015258789,22.15999984741211,22.31999969482422,48895
2026-08-13 15:00:00,22.139999389648438,22.200000762939453,22.100000381469727,22.15999984741211,20954
2026-08-13 15:15:00,22.1200008392334,22.15999984741211,22.1200008392334,22.15999984741211,11900
2026-08-13 15:30:00,22.079999923706055,22.15999984741211,22.079999923706055,22.1200008392334,30295
2026-08-13 15:45:00,22.18000030517578,22.18000030517578,22.059999465942383,22.079999923706055,19411
2026-08-13 16:00:00,22.239999771118164,22.239999771118164,22.18000030517578,22.200000762939453,17052
2026-08-13 16:15:00,22.200000762939453,22.280000686645508,22.200000762939453,22.239999771118164,32977
2026-08-13 16:30:00,22.31999969482422,22.31999969482422,22.18000030517578,22.200000762939453,34528
2026-08-13 16:45:00,22.280000686645508,22.440000534057617,22.260000228881836,22.34000015258789,53747
2026-08-13 17:00:00,22.219999313354492,22.299999237060547,22.219999313354492,22.280000686645508,36023
2026-08-13 17:15:00,22.040000915527344,22.219999313354492,22.020000457763672,22.219999313354492,98201
2026-08-13 17:30:00,22.079999923706055,22.1200008392334,22.020000457763672,22.020000457763672,8185
2026-08-13 17:45:00,22.020000457763672,22.18000030517578,22.0,22.079999923706055,176296
2026-08-14 09:45:00,22.18000030517578,22.18000030517578,22.18000030517578,22.18000030517578,0
2026-08-14 10:00:00,21.979999542236328,22.18000030517578,21.84000015258789,22.059999465942383,116776
2026-08-14 10:15:00,21.959999084472656,22.079999923706055,21.8799991607666,21.979999542236328,38660
2026-08-14 10:30:00,21.979999542236328,22.020000457763672,21.8799991607666,21.959999084472656,56515
2026-08-14 10:45:00,22.100000381469727,22.100000381469727,21.899999618530273,21.979999542236328,81274
2026-08-14 11:00:00,22.079999923706055,22.100000381469727,22.040000915527344,22.100000381469727,22271
2026-08-14 11:15:00,21.979999542236328,22.079999923706055,21.940000534057617,22.079999923706055,28841
2026-08-14 11:30:00,21.959999084472656,22.020000457763672,21.959999084472656,21.979999542236328,39534
2026-08-14 11:45:00,21.959999084472656,21.979999542236328,21.959999084472656,21.979999542236328,10113
2026-08-14 12:00:00,21.920000076293945,21.959999084472656,21.899999618530273,21.959999084472656,34803
2026-08-14 12:15:00,21.84000015258789,21.940000534057617,21.84000015258789,21.899999618530273,36419
2026-08-14 12:30:00,21.700000762939453,21.860000610351562,21.65999984741211,21.84000015258789,66967
2026-08-14 12:45:00,21.399999618530273,21.68000030517578,21.34000015258789,21.68000030517578,251727
2026-08-14 13:00:00,21.459999084472656,21.459999084472656,21.34000015258789,21.399999618530273,82953
2026-08-14 13:15:00,21.479999542236328,21.479999542236328,21.440000534057617,21.440000534057617,19023
2026-08-14 13:30:00,21.420000076293945,21.479999542236328,21.399999618530273,21.479999542236328,96554
2026-08-14 13:45:00,21.440000534057617,21.5,21.3799991607666,21.420000076293945,100227
2026-08-14 14:00:00,21.360000610351562,21.459999084472656,21.360000610351562,21.440000534057617,45296
2026-08-14 14:15:00,21.31999969482422,21.399999618530273,21.260000228881836,21.399999618530273,101451
2026-08-14 14:30:00,21.31999969482422,21.360000610351562,21.260000228881836,21.31999969482422,38827
2026-08-14 14:45:00,21.34000015258789,21.34000015258789,21.239999771118164,21.31999969482422,28627
2026-08-14 15:00:00,21.139999389648438,21.34000015258789,21.1200008392334,21.31999969482422,147694
2026-08-14 15:15:00,21.139999389648438,21.15999984741211,21.079999923706055,21.139999389648438,113664
2026-08-14 15:30:00,21.079999923706055,21.200000762939453,21.079999923706055,21.139999389648438,45744
2026-08-14 15:45:00,21.020000457763672,21.1200008392334,21.020000457763672,21.079999923706055,44384
2026-08-14 16:00:00,21.040000915527344,21.100000381469727,21.040000915527344,21.040000915527344,38307
2026-08-14 16:15:00,21.040000915527344,21.100000381469727,21.0,21.040000915527344,95362
2026-08-14 16:30:00,21.100000381469727,21.100000381469727,21.0,21.040000915527344,26618
2026-08-14 16:45:00,21.1200008392334,21.18000030517578,21.020000457763672,21.100000381469727,42751
2026-08-14 17:00:00,21.15999984741211,21.18000030517578,21.100000381469727,21.100000381469727,27995
2026-08-14 17:15:00,21.18000030517578,21.18000030517578,21.059999465942383,21.139999389648438,126623
2026-08-14 17:30:00,21.1200008392334,21.18000030517578,21.079999923706055,21.15999984741211,34769
2026-08-14 17:45:00,21.100000381469727,21.15999984741211,21.079999923706055,21.079999923706055,146303
2026-08-17 09:45:00,21.200000762939453,21.200000762939453,21.200000762939453,21.200000762939453,0
2026-08-17 10:00:00,21.139999389648438,21.260000228881836,21.079999923706055,21.219999313354492,86229
2026-08-17 10:15:00,21.31999969482422,21.34000015258789,21.139999389648438,21.15999984741211,66643
2026-08-17 10:30:00,21.3799991607666,21.540000915527344,21.31999969482422,21.34000015258789,40453
2026-08-17 10:45:00,21.440000534057617,21.520000457763672,21.3799991607666,21.3799991607666,98823
2026-08-17 11:00:00,21.3799991607666,21.420000076293945,21.34000015258789,21.399999618530273,47120
2026-08-17 11:15:00,21.459999084472656,21.6200008392334,21.399999618530273,21.399999618530273,65333
2026-08-17 11:30:00,21.5,21.68000030517578,21.459999084472656,21.459999084472656,79215
2026-08-17 11:45:00,21.520000457763672,21.540000915527344,21.420000076293945,21.5,24768
2026-08-17 12:00:00,21.459999084472656,21.540000915527344,21.399999618530273,21.520000457763672,36012
2026-08-17 12:15:00,21.600000381469727,21.600000381469727,21.399999618530273,21.459999084472656,40698
2026-08-17 12:30:00,21.639999389648438,21.639999389648438,21.540000915527344,21.579999923706055,43078
2026-08-17 12:45:00,21.600000381469727,21.65999984741211,21.559999465942383,21.639999389648438,25486
2026-08-17 13:00:00,21.600000381469727,21.600000381469727,21.559999465942383,21.600000381469727,16857
2026-08-17 13:15:00,21.6200008392334,21.6200008392334,21.520000457763672,21.600000381469727,23207
2026-08-17 13:30:00,21.5,21.6200008392334,21.5,21.6200008392334,21007
2026-08-17 13:45:00,21.520000457763672,21.540000915527344,21.479999542236328,21.479999542236328,8899
2026-08-17 14:00:00,21.5,21.520000457763672,21.479999542236328,21.520000457763672,13768
2026-08-17 14:15:00,21.34000015258789,21.5,21.299999237060547,21.5,33622
2026-08-17 14:30:00,21.360000610351562,21.459999084472656,21.31999969482422,21.34000015258789,50223
2026-08-17 14:45:00,21.3799991607666,21.399999618530273,21.31999969482422,21.360000610351562,11179
2026-08-17 15:00:00,21.420000076293945,21.420000076293945,21.3799991607666,21.3799991607666,14197
2026-08-17 15:15:00,21.700000762939453,21.84000015258789,21.399999618530273,21.440000534057617,141497
2026-08-17 15:30:00,21.639999389648438,21.700000762939453,21.6200008392334,21.68000030517578,19032
2026-08-17 15:45:00,21.6200008392334,21.780000686645508,21.6200008392334,21.68000030517578,30068
2026-08-17 16:00:00,21.65999984741211,21.65999984741211,21.6200008392334,21.6200008392334,28665
2026-08-17 16:15:00,21.600000381469727,21.65999984741211,21.579999923706055,21.65999984741211,36722
2026-08-17 16:30:00,21.68000030517578,21.68000030517578,21.579999923706055,21.600000381469727,16207
2026-08-17 16:45:00,21.719999313354492,21.719999313354492,21.639999389648438,21.68000030517578,41509
2026-08-17 17:00:00,21.639999389648438,21.719999313354492,21.639999389648438,21.719999313354492,21187
2026-08-17 17:15:00,21.739999771118164,21.739999771118164,21.600000381469727,21.639999389648438,43779
2026-08-17 17:30:00,21.68000030517578,21.760000228881836,21.639999389648438,21.739999771118164,67473
2026-08-17 17:45:00,21.6200008392334,21.68000030517578,21.540000915527344,21.6200008392334,109579
2026-08-18 09:45:00,22.0,22.0,22.0,22.0,0
2026-08-18 10:00:00,21.639999389648438,22.0,21.600000381469727,21.899999618530273,141461
2026-08-18 10:15:00,21.920000076293945,22.0,21.6200008392334,21.719999313354492,143268
2026-08-18 10:30:00,22.18000030517578,22.18000030517578,21.8799991607666,21.940000534057617,243358
2026-08-18 10:45:00,22.31999969482422,22.399999618530273,22.059999465942383,22.15999984741211,333750
2026-08-18 11:00:00,22.34000015258789,22.3799991607666,22.079999923706055,22.31999969482422,176849
2026-08-18 11:15:00,22.1200008392334,22.3799991607666,22.100000381469727,22.299999237060547,75308
2026-08-18 11:30:00,22.020000457763672,22.280000686645508,21.979999542236328,22.15999984741211,151798
2026-08-18 11:45:00,22.040000915527344,22.1200008392334,22.0,22.0,66003
2026-08-18 12:00:00,21.920000076293945,22.040000915527344,21.899999618530273,22.040000915527344,31477
2026-08-18 12:15:00,21.8799991607666,21.959999084472656,21.860000610351562,21.920000076293945,87401
2026-08-18 12:30:00,21.799999237060547,22.0,21.739999771118164,21.8799991607666,122629
2026-08-18 12:45:00,21.84000015258789,21.940000534057617,21.719999313354492,21.760000228881836,35753
2026-08-18 13:00:00,21.979999542236328,22.0,21.799999237060547,21.799999237060547,51121
2026-08-18 13:15:00,21.899999618530273,21.979999542236328,21.860000610351562,21.979999542236328,30491
2026-08-18 13:30:00,21.760000228881836,21.920000076293945,21.719999313354492,21.920000076293945,48769
2026-08-18 13:45:00,21.760000228881836,21.799999237060547,21.719999313354492,21.719999313354492,21311
2026-08-18 14:00:00,21.84000015258789,21.84000015258789,21.739999771118164,21.799999237060547,11933
2026-08-18 14:15:00,21.84000015258789,21.84000015258789,21.799999237060547,21.81999969482422,14987
2026-08-18 14:30:00,21.799999237060547,21.84000015258789,21.739999771118164,21.84000015258789,10796
2026-08-18 14:45:00,21.84000015258789,21.860000610351562,21.760000228881836,21.799999237060547,18045
2026-08-18 15:00:00,21.799999237060547,21.84000015258789,21.739999771118164,21.84000015258789,12545
2026-08-18 15:15:00,21.899999618530273,21.899999618530273,21.739999771118164,21.739999771118164,23288
2026-08-18 15:30:00,21.920000076293945,21.959999084472656,21.860000610351562,21.860000610351562,6146
2026-08-18 15:45:00,22.040000915527344,22.1200008392334,21.84000015258789,21.920000076293945,123294
2026-08-18 16:00:00,21.979999542236328,22.040000915527344,21.920000076293945,22.040000915527344,20769
2026-08-18 16:15:00,21.920000076293945,21.979999542236328,21.920000076293945,21.979999542236328,3782
2026-08-18 16:30:00,21.979999542236328,22.020000457763672,21.920000076293945,21.940000534057617,23795
2026-08-18 16:45:00,22.0,22.0,21.899999618530273,22.0,26157
2026-08-18 17:00:00,21.979999542236328,22.0,21.940000534057617,22.0,15392
2026-08-18 17:15:00,22.0,22.040000915527344,21.8799991607666,21.979999542236328,68179
2026-08-18 17:30:00,21.899999618530273,21.979999542236328,21.899999618530273,21.979999542236328,27706
2026-08-18 17:45:00,22.059999465942383,22.059999465942383,21.899999618530273,21.920000076293945,57733
2026-08-19 09:45:00,22.299999237060547,22.299999237060547,22.299999237060547,22.299999237060547,0
2026-08-19 10:00:00,21.639999389648438,22.420000076293945,21.579999923706055,22.299999237060547,648456
2026-08-19 10:15:00,21.520000457763672,21.68000030517578,21.399999618530273,21.639999389648438,225111
2026-08-19 10:30:00,21.579999923706055,21.860000610351562,21.440000534057617,21.520000457763672,137102
2026-08-19 10:45:00,21.600000381469727,21.600000381469727,21.420000076293945,21.579999923706055,169122
