Datetime,Close,High,Low,Open,Volume
2026-06-01 09:45:00,51.900001525878906,51.900001525878906,51.900001525878906,51.900001525878906,0
2026-06-01 10:00:00,53.5,53.95000076293945,51.400001525878906,51.900001525878906,8428312
2026-06-01 10:15:00,54.25,54.95000076293945,53.349998474121094,53.5,9377684
2026-06-01 10:30:00,54.0,54.5,53.5,54.150001525878906,3286375
2026-06-01 10:45:00,54.099998474121094,54.5,54.0,54.0,1022419
2026-06-01 11:00:00,54.099998474121094,54.29999923706055,53.45000076293945,54.099998474121094,1709005
2026-06-01 11:15:00,54.04999923706055,54.25,53.849998474121094,54.099998474121094,629757
2026-06-01 11:30:00,53.95000076293945,54.04999923706055,53.900001525878906,54.0,615278
2026-06-01 11:45:00,53.400001525878906,53.95000076293945,52.849998474121094,53.95000076293945,1794173
2026-06-01 12:00:00,53.70000076293945,53.70000076293945,53.29999923706055,53.400001525878906,899447
2026-06-01 12:15:00,54.5,54.5,53.54999923706055,53.650001525878906,1472147
2026-06-01 12:30:00,54.20000076293945,54.5,54.0,54.45000076293945,832259
2026-06-01 12:45:00,53.900001525878906,54.20000076293945,53.79999923706055,54.150001525878906,572363
2026-06-01 13:00:00,54.150001525878906,54.150001525878906,53.849998474121094,53.95000076293945,579008
2026-06-01 13:15:00,54.04999923706055,54.20000076293945,53.95000076293945,54.099998474121094,508752
2026-06-01 13:30:00,54.04999923706055,54.25,54.0,54.04999923706055,469534
2026-06-01 13:45:00,54.04999923706055,54.099998474121094,53.95000076293945,54.04999923706055,310958
2026-06-01 14:00:00,54.04999923706055,54.29999923706055,54.0,54.04999923706055,419893
2026-06-01 14:15:00,53.849998474121094,54.400001525878906,53.75,54.04999923706055,1203648
2026-06-01 14:30:00,53.95000076293945,54.099998474121094,53.79999923706055,53.79999923706055,468585
2026-06-01 14:45:00,54.099998474121094,54.20000076293945,53.900001525878906,53.95000076293945,315481
2026-06-01 15:00:00,54.04999923706055,54.349998474121094,54.0,54.150001525878906,417707
2026-06-01 15:15:00,54.45000076293945,54.5,54.0,54.04999923706055,664400
2026-06-01 15:30:00,54.349998474121094,54.5,54.20000076293945,54.45000076293945,454987
2026-06-01 15:45:00,54.95000076293945,54.95000076293945,54.349998474121094,54.349998474121094,2909188
2026-06-01 16:00:00,54.95000076293945,54.95000076293945,54.95000076293945,54.95000076293945,295056
2026-06-01 16:15:00,54.95000076293945,54.95000076293945,54.95000076293945,54.95000076293945,341939
2026-06-01 16:30:00,54.95000076293945,54.95000076293945,54.95000076293945,54.95000076293945,615510
2026-06-01 16:45:00,54.95000076293945,54.95000076293945,54.54999923706055,54.95000076293945,3560017
2026-06-01 17:00:00,54.95000076293945,54.95000076293945,54.95000076293945,54.95000076293945,362213
2026-06-01 17:15:00,54.95000076293945,54.95000076293945,54.95000076293945,54.95000076293945,66951
2026-06-01 17:30:00,54.95000076293945,54.95000076293945,54.95000076293945,54.95000076293945,106128
2026-06-01 17:45:00,54.95000076293945,54.95000076293945,54.95000076293945,54.95000076293945,289029
2026-06-02 09:45:00,55.849998474121094,55.849998474121094,55.849998474121094,55.849998474121094,0
2026-06-02 10:00:00,54.25,56.0,53.150001525878906,55.79999923706055,13234613
2026-06-02 10:15:00,55.04999923706055,55.20000076293945,53.95000076293945,54.20000076293945,4252392
2026-06-02 10:30:00,56.5,56.650001525878906,54.5,55.04999923706055,6460574
2026-06-02 10:45:00,56.29999923706055,56.79999923706055,55.400001525878906,56.5,6538466
2026-06-02 11:00:00,56.5,57.0,56.0,56.29999923706055,5779763
2026-06-02 11:15:00,55.79999923706055,56.599998474121094,55.54999923706055,56.54999923706055,3112843
2026-06-02 11:30:00,55.95000076293945,56.150001525878906,55.650001525878906,55.849998474121094,996494
2026-06-02 11:45:00,56.0,56.400001525878906,55.95000076293945,55.95000076293945,1347051
2026-06-02 12:00:00,55.95000076293945,56.20000076293945,55.900001525878906,56.0,632503
2026-06-02 12:15:00,55.0,55.95000076293945,54.900001525878906,55.900001525878906,1607826
2026-06-02 12:30:00,55.400001525878906,55.5,54.849998474121094,55.0,1412569
2026-06-02 12:45:00,55.650001525878906,55.849998474121094,55.29999923706055,55.400001525878906,917606
2026-06-02 13:00:00,55.29999923706055,55.75,55.25,55.70000076293945,550324
2026-06-02 13:15:00,54.95000076293945,55.5,54.79999923706055,55.25,1020107
2026-06-02 13:30:00,55.25,55.45000076293945,54.95000076293945,54.95000076293945,800224
2026-06-02 13:45:00,55.20000076293945,55.29999923706055,54.95000076293945,55.25,742369
2026-06-02 14:00:00,55.29999923706055,55.349998474121094,55.0,55.150001525878906,659448
2026-06-02 14:15:00,55.349998474121094,55.5,55.04999923706055,55.25,898026
2026-06-02 14:30:00,55.099998474121094,55.54999923706055,55.0,55.349998474121094,835091
2026-06-02 14:45:00,55.04999923706055,55.25,55.0,55.099998474121094,479361
2026-06-02 15:00:00,55.04999923706055,55.20000076293945,54.95000076293945,55.04999923706055,1002124
2026-06-02 15:15:00,56.75,57.70000076293945,55.0,55.04999923706055,7482227
2026-06-02 15:30:00,57.20000076293945,57.849998474121094,56.650001525878906,56.849998474121094,5100307
2026-06-02 15:45:00,57.04999923706055,57.45000076293945,56.79999923706055,57.20000076293945,1863609
2026-06-02 16:00:00,57.29999923706055,57.849998474121094,57.0,57.04999923706055,2673391
2026-06-02 16:15:00,57.04999923706055,57.5,56.70000076293945,57.29999923706055,2617019
2026-06-02 16:30:00,56.849998474121094,57.04999923706055,56.599998474121094,57.0,1195944
2026-06-02 16:45:00,56.099998474121094,56.900001525878906,55.900001525878906,56.849998474121094,2585489
2026-06-02 17:00:00,55.900001525878906,56.400001525878906,55.75,56.099998474121094,1600664
2026-06-02 17:15:00,56.70000076293945,56.79999923706055,55.849998474121094,55.900001525878906,1518627
2026-06-02 17:30:00,56.400001525878906,57.25,56.25,56.70000076293945,1851588
2026-06-02 17:45:00,56.349998474121094,56.54999923706055,55.900001525878906,56.400001525878906,3041720
2026-06-03 09:45:00,56.04999923706055,56.04999923706055,56.04999923706055,56.04999923706055,0
2026-06-03 10:00:00,55.599998474121094,56.79999923706055,55.349998474121094,56.0,6628508
2026-06-03 10:15:00,55.70000076293945,55.75,54.849998474121094,55.54999923706055,3749395
2026-06-03 10:30:00,55.29999923706055,56.04999923706055,55.29999923706055,55.70000076293945,1759823
2026-06-03 10:45:00,54.95000076293945,55.400001525878906,54.95000076293945,55.349998474121094,1469053
2026-06-03 11:00:00,54.70000076293945,55.25,54.29999923706055,55.0,3024448
2026-06-03 11:15:00,54.95000076293945,55.20000076293945,54.599998474121094,54.650001525878906,1644368
2026-06-03 11:30:00,54.650001525878906,55.0,54.54999923706055,54.95000076293945,927627
2026-06-03 11:45:00,53.95000076293945,54.75,53.5,54.599998474121094,3975806
2026-06-03 12:00:00,53.5,54.400001525878906,53.45000076293945,53.95000076293945,2033178
2026-06-03 12:15:00,53.849998474121094,53.900001525878906,53.349998474121094,53.54999923706055,1193815
2026-06-03 12:30:00,53.70000076293945,54.0,53.599998474121094,53.900001525878906,815687
2026-06-03 12:45:00,54.099998474121094,54.150001525878906,53.70000076293945,53.75,1314965
2026-06-03 13:00:00,54.25,54.349998474121094,54.0,54.099998474121094,783664
2026-06-03 13:15:00,53.75,54.20000076293945,53.70000076293945,54.20000076293945,725369
2026-06-03 13:30:00,53.900001525878906,53.95000076293945,53.70000076293945,53.70000076293945,393348
2026-06-03 13:45:00,53.900001525878906,54.04999923706055,53.75,53.900001525878906,507239
2026-06-03 14:00:00,53.75,54.04999923706055,53.70000076293945,53.849998474121094,641956
2026-06-03 14:15:00,53.400001525878906,53.79999923706055,53.25,53.75,1355194
2026-06-03 14:30:00,53.5,53.599998474121094,53.25,53.349998474121094,725281
2026-06-03 14:45:00,53.75,53.75,53.45000076293945,53.5,606953
2026-06-03 15:00:00,53.54999923706055,53.75,53.45000076293945,53.75,354633
2026-06-03 15:15:00,53.25,53.54999923706055,53.25,53.54999923706055,323807
2026-06-03 15:30:00,53.20000076293945,53.900001525878906,52.849998474121094,53.29999923706055,2135912
2026-06-03 15:45:00,53.5,54.0,53.099998474121094,53.20000076293945,1106609
2026-06-03 16:00:00,53.599998474121094,54.20000076293945,53.349998474121094,53.5,1799394
2026-06-03 16:15:00,52.75,53.650001525878906,52.25,53.650001525878906,2895856
2026-06-03 16:30:00,51.599998474121094,52.75,51.5,52.75,4047829
2026-06-03 16:45:00,51.70000076293945,51.79999923706055,50.75,51.650001525878906,4780568
2026-06-03 17:00:00,52.45000076293945,52.70000076293945,51.650001525878906,51.70000076293945,3322870
2026-06-03 17:15:00,51.599998474121094,52.5,51.400001525878906,52.45000076293945,2416273
2026-06-03 17:30:00,51.70000076293945,51.849998474121094,51.5,51.650001525878906,1742107
2026-06-03 17:45:00,51.45000076293945,52.099998474121094,51.150001525878906,51.70000076293945,2649581
2026-06-04 09:45:00,52.04999923706055,52.04999923706055,52.04999923706055,52.04999923706055,0
2026-06-04 10:00:00,52.20000076293945,53.0,51.849998474121094,52.099998474121094,7049677
2026-06-04 10:15:00,51.04999923706055,52.349998474121094,50.900001525878906,52.25,3159988
2026-06-04 10:30:00,50.70000076293945,51.45000076293945,50.599998474121094,51.099998474121094,2869057
2026-06-04 10:45:00,50.0,50.79999923706055,49.63999938964844,50.70000076293945,4808885
2026-06-04 11:00:00,49.900001525878906,50.45000076293945,49.68000030517578,50.0,2379342
2026-06-04 11:15:00,49.459999084472656,50.04999923706055,49.459999084472656,49.900001525878906,1956911
2026-06-04 11:30:00,50.099998474121094,50.25,49.34000015258789,49.439998626708984,2841886
2026-06-04 11:45:00,49.91999816894531,50.25,49.79999923706055,50.099998474121094,1657328
2026-06-04 12:00:00,50.0,50.45000076293945,49.86000061035156,49.91999816894531,1688818
2026-06-04 12:15:00,49.68000030517578,50.099998474121094,49.65999984741211,50.04999923706055,1235653
2026-06-04 12:30:00,49.84000015258789,49.91999816894531,49.619998931884766,49.65999984741211,667311
2026-06-04 12:45:00,50.20000076293945,50.29999923706055,49.7599983215332,49.86000061035156,994179
2026-06-04 13:00:00,49.779998779296875,50.20000076293945,49.47999954223633,50.20000076293945,1474019
2026-06-04 13:15:00,49.70000076293945,49.91999816894531,49.63999938964844,49.7599983215332,684087
2026-06-04 13:30:00,49.63999938964844,50.0,49.63999938964844,49.68000030517578,837440
2026-06-04 13:45:00,49.7599983215332,49.97999954223633,49.540000915527344,49.619998931884766,899767
2026-06-04 14:00:00,49.380001068115234,49.7599983215332,49.29999923706055,49.7599983215332,1198169
2026-06-04 14:15:00,49.400001525878906,49.540000915527344,49.13999938964844,49.380001068115234,1160699
2026-06-04 14:30:00,49.18000030517578,49.560001373291016,48.84000015258789,49.41999816894531,1738617
2026-06-04 14:45:00,50.20000076293945,50.349998474121094,49.18000030517578,49.18000030517578,2168314
2026-06-04 15:00:00,50.04999923706055,50.400001525878906,49.939998626708984,50.150001525878906,1153742
2026-06-04 15:15:00,50.099998474121094,50.25,49.81999969482422,50.099998474121094,954104
2026-06-04 15:30:00,50.099998474121094,50.25,49.86000061035156,50.099998474121094,803748
2026-06-04 15:45:00,49.97999954223633,50.150001525878906,49.720001220703125,50.099998474121094,1363728
2026-06-04 16:00:00,49.97999954223633,50.20000076293945,49.81999969482422,49.97999954223633,859602
2026-06-04 16:15:00,49.68000030517578,50.400001525878906,49.63999938964844,50.0,1240693
2026-06-04 16:30:00,49.119998931884766,49.70000076293945,49.0,49.65999984741211,1361439
2026-06-04 16:45:00,49.2599983215332,49.439998626708984,49.0,49.119998931884766,1120963
2026-06-04 17:00:00,48.86000061035156,49.29999923706055,48.65999984741211,49.29999923706055,1165394
2026-06-04 17:15:00,49.040000915527344,49.099998474121094,48.29999923706055,48.84000015258789,2332819
2026-06-04 17:30:00,49.18000030517578,49.47999954223633,48.880001068115234,49.040000915527344,1718455
2026-06-04 17:45:00,49.36000061035156,49.70000076293945,49.099998474121094,49.15999984741211,2506070
2026-06-05 09:45:00,49.880001068115234,49.880001068115234,49.880001068115234,49.880001068115234,0
2026-06-05 10:00:00,49.13999938964844,50.25,48.560001373291016,49.900001525878906,3328707
2026-06-05 10:15:00,49.119998931884766,49.29999923706055,48.70000076293945,49.18000030517578,1713610
2026-06-05 10:30:00,49.08000183105469,49.68000030517578,49.02000045776367,49.119998931884766,1625992
2026-06-05 10:45:00,48.939998626708984,49.400001525878906,48.880001068115234,49.08000183105469,1038828
2026-06-05 11:00:00,49.31999969482422,49.52000045776367,48.7599983215332,48.959999084472656,1105997
2026-06-05 11:15:00,48.20000076293945,49.52000045776367,47.97999954223633,49.31999969482422,2451119
2026-06-05 11:30:00,48.560001373291016,48.63999938964844,48.099998474121094,48.20000076293945,1198966
2026-06-05 11:45:00,48.5,48.619998931884766,48.400001525878906,48.540000915527344,593059
2026-06-05 12:00:00,48.599998474121094,48.7400016784668,48.41999816894531,48.5,566106
2026-06-05 12:15:00,48.2400016784668,48.63999938964844,48.18000030517578,48.619998931884766,850067
2026-06-05 12:30:00,48.060001373291016,48.380001068115234,47.91999816894531,48.220001220703125,1008631
2026-06-05 12:45:00,48.459999084472656,48.7599983215332,48.02000045776367,48.08000183105469,1110565
2026-06-05 13:00:00,48.36000061035156,48.5,48.34000015258789,48.459999084472656,340928
2026-06-05 13:15:00,48.63999938964844,48.79999923706055,48.36000061035156,48.380001068115234,632299
2026-06-05 13:30:00,49.2400016784668,49.31999969482422,48.58000183105469,48.599998474121094,1114525
2026-06-05 13:45:00,49.560001373291016,49.720001220703125,49.099998474121094,49.20000076293945,1967196
2026-06-05 14:00:00,49.2599983215332,49.58000183105469,48.900001525878906,49.540000915527344,1441256
2026-06-05 14:15:00,48.880001068115234,49.279998779296875,48.7400016784668,49.2599983215332,818505
2026-06-05 14:30:00,48.81999969482422,49.0,48.7599983215332,48.86000061035156,277465
2026-06-05 14:45:00,48.599998474121094,48.84000015258789,48.52000045776367,48.79999923706055,439996
2026-06-05 15:00:00,48.380001068115234,48.720001220703125,48.34000015258789,48.58000183105469,604330
2026-06-05 15:15:00,48.34000015258789,48.599998474121094,48.220001220703125,48.400001525878906,740978
2026-06-05 15:30:00,48.040000915527344,48.380001068115234,47.939998626708984,48.34000015258789,1144962
2026-06-05 15:45:00,47.7400016784668,48.040000915527344,47.540000915527344,48.040000915527344,1848773
2026-06-05 16:00:00,48.08000183105469,48.13999938964844,47.68000030517578,47.7599983215332,1110983
2026-06-05 16:15:00,48.060001373291016,48.15999984741211,47.959999084472656,48.08000183105469,473767
2026-06-05 16:30:00,47.7400016784668,48.060001373291016,47.68000030517578,48.060001373291016,621028
2026-06-05 16:45:00,47.70000076293945,47.79999923706055,47.619998931884766,47.720001220703125,554321
2026-06-05 17:00:00,47.58000183105469,47.81999969482422,47.47999954223633,47.720001220703125,853508
2026-06-05 17:15:00,47.619998931884766,47.7400016784668,47.540000915527344,47.619998931884766,523195
2026-06-05 17:30:00,47.7400016784668,47.91999816894531,47.619998931884766,47.63999938964844,836846
2026-06-05 17:45:00,47.720001220703125,47.79999923706055,47.619998931884766,47.720001220703125,1123343
2026-06-08 09:45:00,46.79999923706055,46.79999923706055,46.79999923706055,46.79999923706055,0
2026-06-08 10:00:00,47.70000076293945,47.720001220703125,46.79999923706055,46.900001525878906,3398440
2026-06-08 10:15:00,47.31999969482422,47.70000076293945,47.08000183105469,47.70000076293945,1474440
2026-06-08 10:30:00,47.439998626708984,47.560001373291016,47.220001220703125,47.31999969482422,1040513
2026-06-08 10:45:00,47.31999969482422,47.63999938964844,47.2599983215332,47.439998626708984,1185050
2026-06-08 11:00:00,46.91999816894531,47.540000915527344,46.880001068115234,47.36000061035156,1118928
2026-06-08 11:15:00,46.2599983215332,47.02000045776367,46.099998474121094,46.91999816894531,2741479
2026-06-08 11:30:00,46.439998626708984,46.439998626708984,45.84000015258789,46.2599983215332,2495841
2026-06-08 11:45:00,46.599998474121094,46.7599983215332,46.36000061035156,46.439998626708984,720672
2026-06-08 12:00:00,46.68000030517578,46.7400016784668,46.5,46.58000183105469,748111
2026-06-08 12:15:00,46.63999938964844,46.79999923706055,46.5,46.68000030517578,479195
2026-06-08 12:30:00,46.7599983215332,46.7599983215332,46.52000045776367,46.68000030517578,491392
2026-06-08 12:45:00,46.7400016784668,46.880001068115234,46.68000030517578,46.7599983215332,566035
2026-06-08 13:00:00,47.119998931884766,47.29999923706055,46.619998931884766,46.720001220703125,1408756
2026-06-08 13:15:00,47.060001373291016,47.279998779296875,46.900001525878906,47.119998931884766,729651
2026-06-08 13:30:00,47.81999969482422,47.86000061035156,47.02000045776367,47.040000915527344,1062172
2026-06-08 13:45:00,47.7599983215332,48.20000076293945,47.7400016784668,47.79999923706055,2680684
2026-06-08 14:00:00,48.70000076293945,49.2599983215332,47.5,47.7599983215332,5596052
2026-06-08 14:15:00,48.540000915527344,48.81999969482422,48.279998779296875,48.720001220703125,1935074
2026-06-08 14:30:00,48.439998626708984,48.70000076293945,48.400001525878906,48.58000183105469,1378448
2026-06-08 14:45:00,48.439998626708984,48.47999954223633,48.08000183105469,48.400001525878906,1211112
2026-06-08 15:00:00,49.65999984741211,50.20000076293945,48.41999816894531,48.439998626708984,5533622
2026-06-08 15:15:00,50.20000076293945,50.29999923706055,49.599998474121094,49.65999984741211,3556552
2026-06-08 15:30:00,49.41999816894531,50.20000076293945,49.279998779296875,50.20000076293945,2117333
2026-06-08 15:45:00,49.540000915527344,49.68000030517578,49.34000015258789,49.400001525878906,969710
2026-06-08 16:00:00,49.220001220703125,49.619998931884766,49.20000076293945,49.540000915527344,868011
2026-06-08 16:15:00,48.900001525878906,49.29999923706055,48.84000015258789,49.2400016784668,1501585
2026-06-08 16:30:00,48.900001525878906,49.13999938964844,48.84000015258789,48.900001525878906,953942
2026-06-08 16:45:00,48.2599983215332,48.900001525878906,48.20000076293945,48.900001525878906,1755424
2026-06-08 17:00:00,48.81999969482422,48.880001068115234,48.2599983215332,48.279998779296875,1174062
2026-06-08 17:15:00,48.2400016784668,48.84000015258789,48.13999938964844,48.81999969482422,1079918
2026-06-08 17:30:00,47.97999954223633,48.31999969482422,47.86000061035156,48.20000076293945,1692596
2026-06-08 17:45:00,46.959999084472656,48.02000045776367,46.81999969482422,48.0,3367734
2026-06-09 09:45:00,47.13999938964844,47.13999938964844,47.13999938964844,47.13999938964844,0
2026-06-09 10:00:00,47.81999969482422,48.47999954223633,47.15999984741211,47.15999984741211,5299623
2026-06-09 10:15:00,47.13999938964844,47.81999969482422,47.08000183105469,47.81999969482422,2367606
2026-06-09 10:30:00,47.439998626708984,47.58000183105469,47.099998474121094,47.119998931884766,1549431
2026-06-09 10:45:00,47.5,47.720001220703125,47.31999969482422,47.439998626708984,735262
2026-06-09 11:00:00,47.880001068115234,47.959999084472656,47.52000045776367,47.52000045776367,735158
2026-06-09 11:15:00,48.2400016784668,48.36000061035156,47.7599983215332,47.880001068115234,1033620
2026-06-09 11:30:00,48.040000915527344,48.2599983215332,47.7400016784668,48.2400016784668,898258
2026-06-09 11:45:00,48.08000183105469,48.34000015258789,47.939998626708984,48.040000915527344,1052681
2026-06-09 12:00:00,47.959999084472656,48.15999984741211,47.91999816894531,48.060001373291016,409067
2026-06-09 12:15:00,47.720001220703125,48.0,47.70000076293945,47.959999084472656,623910
2026-06-09 12:30:00,47.86000061035156,47.91999816894531,47.599998474121094,47.720001220703125,526802
2026-06-09 12:45:00,47.959999084472656,48.099998474121094,47.84000015258789,47.86000061035156,610196
2026-06-09 13:00:00,47.959999084472656,48.040000915527344,47.86000061035156,47.939998626708984,218337
2026-06-09 13:15:00,48.08000183105469,48.29999923706055,47.939998626708984,47.959999084472656,868909
2026-06-09 13:30:00,48.18000030517578,48.2400016784668,47.959999084472656,48.119998931884766,709831
2026-06-09 13:45:00,47.91999816894531,48.36000061035156,47.900001525878906,48.18000030517578,786351
2026-06-09 14:00:00,47.779998779296875,47.91999816894531,47.7599983215332,47.900001525878906,450346
2026-06-09 14:15:00,47.619998931884766,47.79999923706055,47.58000183105469,47.7599983215332,595451
2026-06-09 14:30:00,47.779998779296875,47.779998779296875,47.540000915527344,47.619998931884766,421213
2026-06-09 14:45:00,47.560001373291016,47.959999084472656,47.560001373291016,47.7599983215332,574097
2026-06-09 15:00:00,47.41999816894531,47.70000076293945,47.34000015258789,47.560001373291016,630474
2026-06-09 15:15:00,46.959999084472656,47.47999954223633,46.900001525878906,47.400001525878906,934497
2026-06-09 15:30:00,46.97999954223633,47.13999938964844,46.560001373291016,46.939998626708984,1736796
2026-06-09 15:45:00,46.959999084472656,47.099998474121094,46.880001068115234,46.97999954223633,937243
2026-06-09 16:00:00,47.0,47.099998474121094,46.84000015258789,46.959999084472656,532540
2026-06-09 16:15:00,47.060001373291016,47.29999923706055,46.959999084472656,47.02000045776367,844355
2026-06-09 16:30:00,46.70000076293945,47.099998474121094,46.65999984741211,47.060001373291016,786590
2026-06-09 16:45:00,46.63999938964844,46.939998626708984,46.560001373291016,46.720001220703125,1117617
2026-06-09 17:00:00,47.380001068115234,47.779998779296875,46.619998931884766,46.619998931884766,2930262
2026-06-09 17:15:00,46.91999816894531,47.439998626708984,46.84000015258789,47.36000061035156,1045440
2026-06-09 17:30:00,46.70000076293945,46.91999816894531,46.68000030517578,46.900001525878906,837910
2026-06-09 17:45:00,46.900001525878906,46.97999954223633,46.599998474121094,46.70000076293945,1437571
2026-06-10 09:45:00,46.939998626708984,46.939998626708984,46.939998626708984,46.939998626708984,0
2026-06-10 10:00:00,46.779998779296875,47.47999954223633,46.70000076293945,46.959999084472656,3001184
2026-06-10 10:15:00,46.81999969482422,47.13999938964844,46.7400016784668,46.7599983215332,944485
2026-06-10 10:30:00,46.720001220703125,46.959999084472656,46.65999984741211,46.84000015258789,1100460
2026-06-10 10:45:00,46.65999984741211,46.84000015258789,46.41999816894531,46.720001220703125,1224342
2026-06-10 11:00:00,46.13999938964844,46.65999984741211,46.099998474121094,46.65999984741211,1148393
2026-06-10 11:15:00,45.959999084472656,46.15999984741211,45.84000015258789,46.13999938964844,1266902
2026-06-10 11:30:00,45.91999816894531,46.36000061035156,45.880001068115234,45.959999084472656,708616
2026-06-10 11:45:00,45.619998931884766,46.040000915527344,45.599998474121094,45.939998626708984,947415
2026-06-10 12:00:00,45.619998931884766,45.70000076293945,45.279998779296875,45.619998931884766,1540256
2026-06-10 12:15:00,45.58000183105469,45.68000030517578,45.5,45.63999938964844,541698
2026-06-10 12:30:00,45.400001525878906,45.720001220703125,45.380001068115234,45.58000183105469,682286
2026-06-10 12:45:00,45.41999816894531,45.47999954223633,45.279998779296875,45.400001525878906,527766
2026-06-10 13:00:00,45.459999084472656,45.560001373291016,45.36000061035156,45.400001525878906,387746
2026-06-10 13:15:00,45.5,45.560001373291016,45.41999816894531,45.459999084472656,230653
2026-06-10 13:30:00,45.720001220703125,45.97999954223633,45.47999954223633,45.47999954223633,894257
2026-06-10 13:45:00,45.65999984741211,45.79999923706055,45.599998474121094,45.70000076293945,341127
2026-06-10 14:00:00,45.540000915527344,45.68000030517578,45.459999084472656,45.63999938964844,462959
2026-06-10 14:15:00,45.52000045776367,45.68000030517578,45.47999954223633,45.52000045776367,566611
2026-06-10 14:30:00,45.2400016784668,45.540000915527344,45.060001373291016,45.5,727445
2026-06-10 14:45:00,45.2599983215332,45.29999923706055,45.099998474121094,45.220001220703125,396823
2026-06-10 15:00:00,45.36000061035156,45.459999084472656,45.20000076293945,45.2599983215332,379360
2026-06-10 15:15:00,45.2400016784668,45.380001068115234,45.220001220703125,45.34000015258789,270807
2026-06-10 15:30:00,45.279998779296875,45.619998931884766,45.2400016784668,45.2400016784668,707380
2026-06-10 15:45:00,45.31999969482422,45.540000915527344,45.2400016784668,45.2599983215332,441990
2026-06-10 16:00:00,45.400001525878906,45.439998626708984,45.2400016784668,45.31999969482422,302415
2026-06-10 16:15:00,45.34000015258789,45.41999816894531,45.31999969482422,45.380001068115234,203707
2026-06-10 16:30:00,45.52000045776367,45.58000183105469,45.279998779296875,45.34000015258789,450286
2026-06-10 16:45:00,45.79999923706055,45.84000015258789,45.459999084472656,45.5,1217281
2026-06-10 17:00:00,45.84000015258789,46.15999984741211,45.65999984741211,45.79999923706055,2165527
2026-06-10 17:15:00,45.58000183105469,45.900001525878906,45.560001373291016,45.84000015258789,610379
2026-06-10 17:30:00,45.47999954223633,45.63999938964844,45.34000015258789,45.58000183105469,928479
2026-06-10 17:45:00,46.900001525878906,47.29999923706055,45.459999084472656,45.5,4921018
2026-06-11 09:45:00,47.13999938964844,47.13999938964844,47.13999938964844,47.13999938964844,0
2026-06-11 10:00:00,48.0,48.15999984741211,47.15999984741211,47.15999984741211,5821406
2026-06-11 10:15:00,49.040000915527344,49.099998474121094,47.880001068115234,48.0,5384915
2026-06-11 10:30:00,48.68000030517578,49.15999984741211,48.58000183105469,49.0,1848941
2026-06-11 10:45:00,48.68000030517578,48.7400016784668,48.29999923706055,48.65999984741211,1636638
2026-06-11 11:00:00,48.880001068115234,49.060001373291016,48.63999938964844,48.70000076293945,2495912
2026-06-11 11:15:00,48.7400016784668,48.939998626708984,48.65999984741211,48.880001068115234,837049
2026-06-11 11:30:00,48.79999923706055,49.08000183105469,48.459999084472656,48.7400016784668,1703160
2026-06-11 11:45:00,48.599998474121094,48.900001525878906,48.560001373291016,48.79999923706055,928925
2026-06-11 12:00:00,48.400001525878906,48.619998931884766,48.380001068115234,48.599998474121094,826683
2026-06-11 12:15:00,47.70000076293945,48.439998626708984,47.63999938964844,48.380001068115234,1910791
2026-06-11 12:30:00,47.560001373291016,47.779998779296875,47.41999816894531,47.70000076293945,1399752
2026-06-11 12:45:00,47.36000061035156,47.63999938964844,47.2599983215332,47.599998474121094,1114593
2026-06-11 13:00:00,47.560001373291016,47.63999938964844,47.29999923706055,47.34000015258789,738471
2026-06-11 13:15:00,47.400001525878906,47.81999969482422,47.400001525878906,47.599998474121094,778186
2026-06-11 13:30:00,47.68000030517578,47.720001220703125,47.400001525878906,47.400001525878906,590304
2026-06-11 13:45:00,47.63999938964844,47.81999969482422,47.36000061035156,47.68000030517578,809569
2026-06-11 14:00:00,48.279998779296875,48.41999816894531,47.58000183105469,47.63999938964844,2261341
2026-06-11 14:15:00,48.400001525878906,48.400001525878906,47.959999084472656,48.2599983215332,892096
2026-06-11 14:30:00,48.040000915527344,48.400001525878906,48.040000915527344,48.400001525878906,522945
2026-06-11 14:45:00,47.84000015258789,48.060001373291016,47.70000076293945,48.060001373291016,594224
2026-06-11 15:00:00,47.599998474121094,47.86000061035156,47.560001373291016,47.84000015258789,376397
2026-06-11 15:15:00,47.29999923706055,47.63999938964844,47.060001373291016,47.599998474121094,1363349
2026-06-11 15:30:00,46.720001220703125,47.400001525878906,46.599998474121094,47.34000015258789,1811787
2026-06-11 15:45:00,46.52000045776367,47.18000030517578,46.52000045776367,46.720001220703125,1463089
2026-06-11 16:00:00,46.36000061035156,46.7400016784668,46.2599983215332,46.52000045776367,1583700
2026-06-11 16:15:00,46.040000915527344,46.439998626708984,45.97999954223633,46.36000061035156,1695275
2026-06-11 16:30:00,46.41999816894531,46.560001373291016,46.0,46.040000915527344,1162262
2026-06-11 16:45:00,46.31999969482422,46.91999816894531,46.29999923706055,46.380001068115234,1439101
2026-06-11 17:00:00,46.459999084472656,46.68000030517578,46.2599983215332,46.31999969482422,549996
2026-06-11 17:15:00,46.5,46.68000030517578,46.400001525878906,46.439998626708984,515768
2026-06-11 17:30:00,47.220001220703125,47.459999084472656,46.400001525878906,46.5,1904917
2026-06-11 17:45:00,46.959999084472656,47.380001068115234,46.880001068115234,47.2400016784668,1733377
2026-06-12 09:45:00,48.0,48.0,48.0,48.0,0
2026-06-12 10:00:00,47.58000183105469,48.400001525878906,47.58000183105469,48.02000045776367,3505869
2026-06-12 10:15:00,47.47999954223633,47.779998779296875,47.34000015258789,47.58000183105469,1891479
2026-06-12 10:30:00,47.65999984741211,47.880001068115234,47.41999816894531,47.459999084472656,1169004
2026-06-12 10:45:00,47.63999938964844,47.880001068115234,47.58000183105469,47.63999938964844,725953
2026-06-12 11:00:00,47.97999954223633,48.060001373291016,47.599998474121094,47.63999938964844,1108211
2026-06-12 11:15:00,47.70000076293945,48.02000045776367,47.68000030517578,47.97999954223633,1084796
2026-06-12 11:30:00,47.84000015258789,47.91999816894531,47.720001220703125,47.720001220703125,545381
2026-06-12 11:45:00,47.779998779296875,47.959999084472656,47.779998779296875,47.84000015258789,571238
2026-06-12 12:00:00,47.779998779296875,47.880001068115234,47.7400016784668,47.779998779296875,301114
2026-06-12 12:15:00,47.65999984741211,47.79999923706055,47.63999938964844,47.779998779296875,409789
2026-06-12 12:30:00,47.599998474121094,47.70000076293945,47.41999816894531,47.65999984741211,721644
2026-06-12 12:45:00,47.540000915527344,47.619998931884766,47.540000915527344,47.599998474121094,286256
2026-06-12 13:00:00,47.540000915527344,47.68000030517578,47.5,47.540000915527344,412654
2026-06-12 13:15:00,47.279998779296875,47.540000915527344,47.18000030517578,47.52000045776367,512881
2026-06-12 13:30:00,47.52000045776367,47.560001373291016,47.279998779296875,47.279998779296875,302479
2026-06-12 13:45:00,47.63999938964844,47.65999984741211,47.400001525878906,47.52000045776367,295078
2026-06-12 14:00:00,47.619998931884766,47.79999923706055,47.58000183105469,47.63999938964844,630210
2026-06-12 14:15:00,47.619998931884766,47.63999938964844,47.58000183105469,47.619998931884766,201281
2026-06-12 14:30:00,47.41999816894531,47.63999938964844,47.29999923706055,47.619998931884766,624696
2026-06-12 14:45:00,47.459999084472656,47.52000045776367,47.31999969482422,47.439998626708984,420009
2026-06-12 15:00:00,47.34000015258789,47.439998626708984,47.29999923706055,47.439998626708984,213327
2026-06-12 15:15:00,47.41999816894531,47.439998626708984,47.29999923706055,47.34000015258789,302061
2026-06-12 15:30:00,47.380001068115234,47.47999954223633,47.31999969482422,47.41999816894531,220851
2026-06-12 15:45:00,47.0,47.380001068115234,46.939998626708984,47.36000061035156,1035992
2026-06-12 16:00:00,46.97999954223633,47.13999938964844,46.880001068115234,46.959999084472656,753205
2026-06-12 16:15:00,46.900001525878906,47.0,46.84000015258789,46.97999954223633,502587
2026-06-12 16:30:00,46.79999923706055,46.97999954223633,46.79999923706055,46.900001525878906,573080
2026-06-12 16:45:00,46.220001220703125,46.86000061035156,46.119998931884766,46.79999923706055,1798264
2026-06-12 17:00:00,46.20000076293945,46.439998626708984,46.13999938964844,46.15999984741211,979823
2026-06-12 17:15:00,46.58000183105469,46.599998474121094,46.18000030517578,46.18000030517578,644643
2026-06-12 17:30:00,46.439998626708984,46.599998474121094,46.400001525878906,46.560001373291016,719270
2026-06-12 17:45:00,46.119998931884766,46.5,46.060001373291016,46.439998626708984,1426869
2026-06-15 09:45:00,47.02000045776367,47.02000045776367,47.02000045776367,47.02000045776367,0
2026-06-15 10:00:00,47.0,47.400001525878906,46.97999954223633,47.040000915527344,3604181
2026-06-15 10:15:00,47.060001373291016,47.119998931884766,46.84000015258789,47.02000045776367,1392327
2026-06-15 10:30:00,46.880001068115234,47.119998931884766,46.84000015258789,47.040000915527344,1275028
2026-06-15 10:45:00,46.81999969482422,47.20000076293945,46.7599983215332,46.86000061035156,1215138
2026-06-15 11:00:00,46.79999923706055,46.86000061035156,46.779998779296875,46.84000015258789,488237
2026-06-15 11:15:00,46.84000015258789,46.880001068115234,46.720001220703125,46.79999923706055,462595
2026-06-15 11:30:00,47.0,47.08000183105469,46.79999923706055,46.86000061035156,812466
2026-06-15 11:45:00,46.84000015258789,47.02000045776367,46.81999969482422,47.0,283906
2026-06-15 12:00:00,46.900001525878906,46.939998626708984,46.84000015258789,46.86000061035156,240427
2026-06-15 12:15:00,46.97999954223633,47.13999938964844,46.880001068115234,46.900001525878906,616103
2026-06-15 12:30:00,46.86000061035156,47.060001373291016,46.81999969482422,46.97999954223633,411807
2026-06-15 12:45:00,46.900001525878906,46.939998626708984,46.84000015258789,46.86000061035156,257019
2026-06-15 13:00:00,46.880001068115234,46.97999954223633,46.84000015258789,46.900001525878906,440510
2026-06-15 13:15:00,46.900001525878906,46.959999084472656,46.79999923706055,46.880001068115234,372226
2026-06-15 13:30:00,46.900001525878906,47.060001373291016,46.84000015258789,46.880001068115234,721732
2026-06-15 13:45:00,47.20000076293945,47.619998931884766,46.880001068115234,46.900001525878906,2627186
2026-06-15 14:00:00,47.060001373291016,47.2400016784668,47.0,47.20000076293945,563100
2026-06-15 14:15:00,47.13999938964844,47.18000030517578,47.040000915527344,47.08000183105469,394236
2026-06-15 14:30:00,47.040000915527344,47.18000030517578,46.97999954223633,47.13999938964844,471859
2026-06-15 14:45:00,46.86000061035156,47.08000183105469,46.86000061035156,47.08000183105469,502284
2026-06-15 15:00:00,46.91999816894531,46.939998626708984,46.84000015258789,46.880001068115234,335262
2026-06-15 15:15:00,46.84000015258789,46.97999954223633,46.79999923706055,46.91999816894531,355095
2026-06-15 15:30:00,46.779998779296875,46.880001068115234,46.68000030517578,46.81999969482422,656635
2026-06-15 15:45:00,46.65999984741211,46.79999923706055,46.52000045776367,46.779998779296875,577824
2026-06-15 16:00:00,46.7599983215332,46.779998779296875,46.63999938964844,46.65999984741211,320141
2026-06-15 16:15:00,46.7400016784668,46.81999969482422,46.63999938964844,46.779998779296875,433242
2026-06-15 16:30:00,46.779998779296875,46.79999923706055,46.65999984741211,46.7400016784668,294704
2026-06-15 16:45:00,46.63999938964844,46.779998779296875,46.63999938964844,46.7599983215332,483850
2026-06-15 17:00:00,46.47999954223633,46.68000030517578,46.36000061035156,46.63999938964844,701263
2026-06-15 17:15:00,46.400001525878906,46.5,46.36000061035156,46.459999084472656,487312
2026-06-15 17:30:00,46.540000915527344,46.58000183105469,46.400001525878906,46.41999816894531,500189
2026-06-15 17:45:00,46.380001068115234,46.540000915527344,46.34000015258789,46.540000915527344,1395609
2026-06-16 09:45:00,46.599998474121094,46.599998474121094,46.599998474121094,46.599998474121094,0
2026-06-16 10:00:00,46.52000045776367,47.0,46.400001525878906,46.599998474121094,2266001
2026-06-16 10:15:00,46.36000061035156,46.599998474121094,46.31999969482422,46.5,1339370
2026-06-16 10:30:00,46.400001525878906,46.5,46.31999969482422,46.380001068115234,726970
2026-06-16 10:45:00,46.439998626708984,46.68000030517578,46.380001068115234,46.41999816894531,665671
2026-06-16 11:00:00,46.720001220703125,46.79999923706055,46.41999816894531,46.459999084472656,907572
2026-06-16 11:15:00,47.20000076293945,47.560001373291016,46.65999984741211,46.7400016784668,4572031
2026-06-16 11:30:00,47.65999984741211,47.84000015258789,47.20000076293945,47.20000076293945,3410909
2026-06-16 11:45:00,47.47999954223633,47.79999923706055,47.20000076293945,47.65999984741211,1419976
2026-06-16 12:00:00,47.36000061035156,47.540000915527344,47.13999938964844,47.47999954223633,825619
2026-06-16 12:15:00,47.34000015258789,47.439998626708984,47.220001220703125,47.34000015258789,671948
2026-06-16 12:30:00,47.779998779296875,47.779998779296875,47.20000076293945,47.34000015258789,772132
2026-06-16 12:45:00,47.84000015258789,48.0,47.68000030517578,47.7599983215332,3040678
2026-06-16 13:00:00,47.880001068115234,48.040000915527344,47.720001220703125,47.79999923706055,1571138
2026-06-16 13:15:00,47.720001220703125,47.91999816894531,47.63999938964844,47.86000061035156,803083
2026-06-16 13:30:00,47.720001220703125,47.79999923706055,47.540000915527344,47.720001220703125,685550
2026-06-16 13:45:00,47.52000045776367,47.7400016784668,47.459999084472656,47.7400016784668,581949
2026-06-16 14:00:00,47.2599983215332,47.52000045776367,47.2599983215332,47.52000045776367,820404
2026-06-16 14:15:00,47.18000030517578,47.279998779296875,47.13999938964844,47.2599983215332,695496
2026-06-16 14:30:00,47.13999938964844,47.220001220703125,47.060001373291016,47.20000076293945,568461
2026-06-16 14:45:00,46.880001068115234,47.15999984741211,46.79999923706055,47.15999984741211,980576
2026-06-16 15:00:00,46.779998779296875,46.939998626708984,46.720001220703125,46.880001068115234,688852
2026-06-16 15:15:00,46.70000076293945,46.79999923706055,46.65999984741211,46.779998779296875,486343
2026-06-16 15:30:00,46.70000076293945,46.79999923706055,46.63999938964844,46.720001220703125,599930
2026-06-16 15:45:00,46.720001220703125,46.7599983215332,46.619998931884766,46.68000030517578,435875
2026-06-16 16:00:00,46.720001220703125,46.79999923706055,46.70000076293945,46.720001220703125,300285
2026-06-16 16:15:00,46.81999969482422,47.13999938964844,46.63999938964844,46.7400016784668,1021078
2026-06-16 16:30:00,46.959999084472656,47.02000045776367,46.7400016784668,46.81999969482422,445029
2026-06-16 16:45:00,46.720001220703125,46.97999954223633,46.720001220703125,46.97999954223633,303387
2026-06-16 17:00:00,46.36000061035156,46.7400016784668,46.279998779296875,46.720001220703125,686115
2026-06-16 17:15:00,46.540000915527344,46.560001373291016,46.279998779296875,46.36000061035156,901611
2026-06-16 17:30:00,46.68000030517578,47.0,46.459999084472656,46.540000915527344,1117906
2026-06-16 17:45:00,46.81999969482422,46.900001525878906,46.68000030517578,46.720001220703125,1261432
2026-06-17 09:45:00,48.0,48.0,48.0,48.0,0
2026-06-17 10:00:00,49.2400016784668,49.70000076293945,47.7400016784668,47.959999084472656,14643138
2026-06-17 10:15:00,48.939998626708984,49.560001373291016,48.58000183105469,49.220001220703125,4784455
2026-06-17 10:30:00,49.20000076293945,49.20000076293945,48.70000076293945,48.900001525878906,2301529
2026-06-17 10:45:00,48.97999954223633,49.459999084472656,48.84000015258789,49.15999984741211,2084771
2026-06-17 11:00:00,49.52000045776367,49.619998931884766,48.959999084472656,48.959999084472656,2774207
2026-06-17 11:15:00,48.97999954223633,49.52000045776367,48.91999816894531,49.52000045776367,1510694
2026-06-17 11:30:00,49.20000076293945,49.31999969482422,48.779998779296875,48.97999954223633,1547127
2026-06-17 11:45:00,49.08000183105469,49.20000076293945,49.02000045776367,49.18000030517578,668244
2026-06-17 12:00:00,48.81999969482422,49.20000076293945,48.79999923706055,49.040000915527344,1202984
2026-06-17 12:15:00,48.560001373291016,48.84000015258789,48.36000061035156,48.81999969482422,1909313
2026-06-17 12:30:00,48.41999816894531,48.65999984741211,48.119998931884766,48.560001373291016,1612793
2026-06-17 12:45:00,48.47999954223633,48.7599983215332,48.380001068115234,48.41999816894531,1183640
2026-06-17 13:00:00,48.5,48.5,48.2599983215332,48.459999084472656,751557
2026-06-17 13:15:00,48.380001068115234,48.540000915527344,48.31999969482422,48.5,517003
2026-06-17 13:30:00,48.439998626708984,48.560001373291016,48.29999923706055,48.380001068115234,476928
2026-06-17 13:45:00,48.18000030517578,48.439998626708984,48.099998474121094,48.41999816894531,1033726
2026-06-17 14:00:00,48.279998779296875,48.439998626708984,48.119998931884766,48.15999984741211,523075
2026-06-17 14:15:00,48.119998931884766,48.31999969482422,48.08000183105469,48.279998779296875,539371
2026-06-17 14:30:00,47.81999969482422,48.119998931884766,47.779998779296875,48.119998931884766,1218538
2026-06-17 14:45:00,47.7599983215332,47.900001525878906,47.68000030517578,47.81999969482422,849119
2026-06-17 15:00:00,48.58000183105469,49.0,47.720001220703125,47.7599983215332,5457371
2026-06-17 15:15:00,48.65999984741211,48.7599983215332,48.220001220703125,48.58000183105469,1427633
2026-06-17 15:30:00,48.380001068115234,48.65999984741211,48.279998779296875,48.63999938964844,789539
2026-06-17 15:45:00,48.13999938964844,48.5,48.099998474121094,48.400001525878906,857561
2026-06-17 16:00:00,48.439998626708984,48.459999084472656,48.099998474121094,48.13999938964844,685283
2026-06-17 16:15:00,48.459999084472656,48.81999969482422,48.34000015258789,48.47999954223633,1535439
2026-06-17 16:30:00,48.2400016784668,48.459999084472656,48.099998474121094,48.459999084472656,928613
2026-06-17 16:45:00,48.0,48.279998779296875,47.939998626708984,48.279998779296875,664922
2026-06-17 17:00:00,47.41999816894531,48.08000183105469,47.31999969482422,48.02000045776367,1886403
2026-06-17 17:15:00,47.08000183105469,47.5,46.959999084472656,47.459999084472656,2019316
2026-06-17 17:30:00,47.540000915527344,48.08000183105469,47.02000045776367,47.119998931884766,1952041
2026-06-17 17:45:00,47.47999954223633,47.540000915527344,47.2400016784668,47.540000915527344,1785762
2026-06-18 09:45:00,47.79999923706055,47.79999923706055,47.79999923706055,47.79999923706055,0
2026-06-18 10:00:00,47.36000061035156,48.040000915527344,47.08000183105469,47.81999969482422,5340205
2026-06-18 10:15:00,47.040000915527344,47.380001068115234,47.0,47.36000061035156,1859792
2026-06-18 10:30:00,47.02000045776367,47.08000183105469,46.900001525878906,47.060001373291016,1363403
2026-06-18 10:45:00,46.84000015258789,47.08000183105469,46.63999938964844,47.040000915527344,2028739
2026-06-18 11:00:00,47.2400016784668,47.5,46.81999969482422,46.81999969482422,1919251
2026-06-18 11:15:00,47.220001220703125,47.29999923706055,47.119998931884766,47.2400016784668,647522
2026-06-18 11:30:00,47.13999938964844,47.2599983215332,47.099998474121094,47.220001220703125,362839
2026-06-18 11:45:00,47.040000915527344,47.18000030517578,47.02000045776367,47.13999938964844,609929
2026-06-18 12:00:00,47.15999984741211,47.2400016784668,46.97999954223633,47.040000915527344,443263
2026-06-18 12:15:00,47.119998931884766,47.20000076293945,47.08000183105469,47.15999984741211,357456
2026-06-18 12:30:00,47.439998626708984,47.459999084472656,47.099998474121094,47.119998931884766,826557
2026-06-18 12:45:00,47.2599983215332,47.560001373291016,47.18000030517578,47.439998626708984,774978
2026-06-18 13:00:00,47.2599983215332,47.279998779296875,47.18000030517578,47.2599983215332,349076
2026-06-18 13:15:00,47.060001373291016,47.2599983215332,47.02000045776367,47.2400016784668,589131
2026-06-18 13:30:00,46.939998626708984,47.099998474121094,46.880001068115234,47.060001373291016,736640
2026-06-18 13:45:00,47.060001373291016,47.20000076293945,46.86000061035156,46.91999816894531,451047
2026-06-18 14:00:00,46.84000015258789,47.060001373291016,46.79999923706055,47.060001373291016,637469
2026-06-18 14:15:00,46.79999923706055,46.91999816894531,46.7400016784668,46.86000061035156,553761
2026-06-18 14:30:00,46.79999923706055,46.91999816894531,46.720001220703125,46.79999923706055,421587
2026-06-18 14:45:00,46.79999923706055,46.84000015258789,46.720001220703125,46.81999969482422,258885
2026-06-18 15:00:00,46.900001525878906,46.959999084472656,46.7400016784668,46.779998779296875,354456
2026-06-18 15:15:00,47.0,47.220001220703125,46.86000061035156,46.880001068115234,530207
2026-06-18 15:30:00,47.099998474121094,47.13999938964844,46.939998626708984,46.959999084472656,274159
2026-06-18 15:45:00,47.040000915527344,47.18000030517578,46.959999084472656,47.099998474121094,577668
2026-06-18 16:00:00,47.08000183105469,47.119998931884766,47.0,47.060001373291016,450395
2026-06-18 16:15:00,46.939998626708984,47.099998474121094,46.86000061035156,47.08000183105469,793567
2026-06-18 16:30:00,46.84000015258789,46.939998626708984,46.81999969482422,46.91999816894531,693687
2026-06-18 16:45:00,46.7599983215332,46.84000015258789,46.7400016784668,46.84000015258789,653941
2026-06-18 17:00:00,46.779998779296875,46.939998626708984,46.720001220703125,46.779998779296875,740453
2026-06-18 17:15:00,46.86000061035156,46.91999816894531,46.7599983215332,46.779998779296875,576689
2026-06-18 17:30:00,46.86000061035156,46.900001525878906,46.720001220703125,46.84000015258789,941015
2026-06-18 17:45:00,46.779998779296875,46.880001068115234,46.70000076293945,46.86000061035156,1346671
2026-06-19 09:45:00,46.81999969482422,46.81999969482422,46.81999969482422,46.81999969482422,0
2026-06-19 10:00:00,47.70000076293945,47.91999816894531,46.779998779296875,46.81999969482422,7681061
2026-06-19 10:15:00,47.34000015258789,47.70000076293945,47.13999938964844,47.70000076293945,2311335
2026-06-19 10:30:00,47.58000183105469,47.63999938964844,47.18000030517578,47.31999969482422,1384173
2026-06-19 10:45:00,47.2400016784668,47.619998931884766,47.20000076293945,47.58000183105469,862537
2026-06-19 11:00:00,47.13999938964844,47.34000015258789,47.119998931884766,47.2400016784668,575387
2026-06-19 11:15:00,47.18000030517578,47.220001220703125,47.040000915527344,47.13999938964844,684257
2026-06-19 11:30:00,47.060001373291016,47.18000030517578,47.02000045776367,47.15999984741211,824600
2026-06-19 11:45:00,46.91999816894531,47.060001373291016,46.779998779296875,47.060001373291016,1224841
2026-06-19 12:00:00,46.84000015258789,46.97999954223633,46.84000015258789,46.900001525878906,444265
2026-06-19 12:15:00,46.880001068115234,46.959999084472656,46.81999969482422,46.86000061035156,233728
2026-06-19 12:30:00,46.900001525878906,46.939998626708984,46.84000015258789,46.900001525878906,195600
2026-06-19 12:45:00,46.91999816894531,46.939998626708984,46.86000061035156,46.900001525878906,171503
2026-06-19 13:00:00,46.880001068115234,46.939998626708984,46.84000015258789,46.91999816894531,211235
2026-06-19 13:15:00,46.939998626708984,47.08000183105469,46.81999969482422,46.84000015258789,474925
2026-06-19 13:30:00,46.900001525878906,46.939998626708984,46.84000015258789,46.91999816894531,142312
2026-06-19 13:45:00,46.86000061035156,46.959999084472656,46.86000061035156,46.900001525878906,191769
2026-06-19 14:00:00,47.08000183105469,47.220001220703125,46.81999969482422,46.86000061035156,924208
2026-06-19 14:15:00,46.939998626708984,47.099998474121094,46.939998626708984,47.060001373291016,235923
2026-06-19 14:30:00,46.97999954223633,47.040000915527344,46.880001068115234,46.97999954223633,220990
2026-06-19 14:45:00,47.0,47.08000183105469,46.939998626708984,46.97999954223633,254326
2026-06-19 15:00:00,47.099998474121094,47.15999984741211,46.939998626708984,46.97999954223633,335111
2026-06-19 15:15:00,47.0,47.099998474121094,47.0,47.099998474121094,248828
2026-06-19 15:30:00,46.959999084472656,47.099998474121094,46.900001525878906,47.040000915527344,404367
2026-06-19 15:45:00,47.040000915527344,47.279998779296875,46.900001525878906,46.97999954223633,1181905
2026-06-19 16:00:00,46.939998626708984,47.13999938964844,46.91999816894531,47.060001373291016,811697
2026-06-19 16:15:00,46.939998626708984,47.02000045776367,46.900001525878906,46.91999816894531,554650
2026-06-19 16:30:00,47.02000045776367,47.13999938964844,46.900001525878906,46.939998626708984,809076
2026-06-19 16:45:00,46.959999084472656,47.060001373291016,46.91999816894531,47.02000045776367,706985
2026-06-19 17:00:00,46.91999816894531,47.13999938964844,46.84000015258789,46.959999084472656,981396
2026-06-19 17:15:00,47.20000076293945,47.63999938964844,46.91999816894531,46.91999816894531,4096909
2026-06-19 17:30:00,46.959999084472656,47.31999969482422,46.79999923706055,47.20000076293945,1602202
2026-06-19 17:45:00,46.84000015258789,47.0,46.79999923706055,46.959999084472656,1348814
2026-06-22 09:45:00,46.959999084472656,46.959999084472656,46.959999084472656,46.959999084472656,0
2026-06-22 10:00:00,46.900001525878906,47.18000030517578,46.68000030517578,46.97999954223633,2390586
2026-06-22 10:15:00,46.939998626708984,47.040000915527344,46.79999923706055,46.900001525878906,837091
2026-06-22 10:30:00,46.81999969482422,46.97999954223633,46.779998779296875,46.91999816894531,779252
2026-06-22 10:45:00,46.84000015258789,46.91999816894531,46.7599983215332,46.84000015258789,578805
2026-06-22 11:00:00,46.70000076293945,46.81999969482422,46.5,46.81999969482422,1282037
2026-06-22 11:15:00,46.619998931884766,46.720001220703125,46.540000915527344,46.70000076293945,506598
2026-06-22 11:30:00,46.65999984741211,46.720001220703125,46.560001373291016,46.599998474121094,519384
2026-06-22 11:45:00,46.619998931884766,46.720001220703125,46.400001525878906,46.70000076293945,718026
2026-06-22 12:00:00,46.63999938964844,46.720001220703125,46.540000915527344,46.619998931884766,478738
2026-06-22 12:15:00,46.65999984741211,46.84000015258789,46.58000183105469,46.63999938964844,653479
2026-06-22 12:30:00,46.560001373291016,46.68000030517578,46.540000915527344,46.65999984741211,700693
2026-06-22 12:45:00,46.52000045776367,46.619998931884766,46.5,46.560001373291016,457811
2026-06-22 13:00:00,46.599998474121094,46.619998931884766,46.5,46.5,191216
2026-06-22 13:15:00,46.560001373291016,46.63999938964844,46.5,46.560001373291016,226348
2026-06-22 13:30:00,46.599998474121094,46.63999938964844,46.52000045776367,46.560001373291016,190118
2026-06-22 13:45:00,46.68000030517578,46.70000076293945,46.599998474121094,46.619998931884766,378004
2026-06-22 14:00:00,46.63999938964844,46.70000076293945,46.599998474121094,46.70000076293945,210696
2026-06-22 14:15:00,46.540000915527344,46.63999938964844,46.52000045776367,46.63999938964844,238802
2026-06-22 14:30:00,46.79999923706055,47.060001373291016,46.47999954223633,46.52000045776367,1136456
2026-06-22 14:45:00,46.65999984741211,46.86000061035156,46.58000183105469,46.81999969482422,461323
2026-06-22 15:00:00,46.63999938964844,46.68000030517578,46.619998931884766,46.65999984741211,154172
2026-06-22 15:15:00,46.599998474121094,46.68000030517578,46.599998474121094,46.63999938964844,151034
2026-06-22 15:30:00,46.599998474121094,46.619998931884766,46.5,46.599998474121094,387161
2026-06-22 15:45:00,46.540000915527344,46.599998474121094,46.5,46.599998474121094,222788
2026-06-22 16:00:00,46.540000915527344,46.599998474121094,46.41999816894531,46.540000915527344,443962
2026-06-22 16:15:00,46.560001373291016,46.58000183105469,46.52000045776367,46.560001373291016,146794
2026-06-22 16:30:00,46.5,46.65999984741211,46.5,46.560001373291016,225308
2026-06-22 16:45:00,46.560001373291016,46.599998474121094,46.5,46.5,168842
2026-06-22 17:00:00,46.560001373291016,46.58000183105469,46.52000045776367,46.540000915527344,459040
2026-06-22 17:15:00,46.459999084472656,46.58000183105469,46.439998626708984,46.560001373291016,355414
2026-06-22 17:30:00,45.97999954223633,46.459999084472656,45.939998626708984,46.439998626708984,1280962
2026-06-22 17:45:00,45.439998626708984,46.0,45.34000015258789,45.97999954223633,2543429
2026-06-23 09:45:00,44.97999954223633,44.97999954223633,44.97999954223633,44.97999954223633,0
2026-06-23 10:00:00,44.119998931884766,45.040000915527344,44.060001373291016,44.97999954223633,4740865
2026-06-23 10:15:00,43.79999923706055,44.119998931884766,43.70000076293945,44.119998931884766,3620002
2026-06-23 10:30:00,43.459999084472656,43.84000015258789,43.41999816894531,43.79999923706055,2289103
2026-06-23 10:45:00,43.619998931884766,43.880001068115234,43.400001525878906,43.439998626708984,1894857
2026-06-23 11:00:00,43.58000183105469,43.619998931884766,43.47999954223633,43.619998931884766,408277
2026-06-23 11:15:00,43.58000183105469,43.619998931884766,43.52000045776367,43.599998474121094,409703
2026-06-23 11:30:00,43.68000030517578,43.68000030517578,43.5,43.58000183105469,431604
2026-06-23 11:45:00,43.58000183105469,43.779998779296875,43.560001373291016,43.65999984741211,596027
2026-06-23 12:00:00,43.47999954223633,43.65999984741211,43.47999954223633,43.58000183105469,562810
2026-06-23 12:15:00,43.599998474121094,43.63999938964844,43.47999954223633,43.47999954223633,402531
2026-06-23 12:30:00,43.58000183105469,43.599998474121094,43.540000915527344,43.599998474121094,170564
2026-06-23 12:45:00,43.599998474121094,43.619998931884766,43.560001373291016,43.58000183105469,222909
2026-06-23 13:00:00,43.65999984741211,43.720001220703125,43.58000183105469,43.599998474121094,343053
2026-06-23 13:15:00,43.779998779296875,43.79999923706055,43.63999938964844,43.68000030517578,346347
2026-06-23 13:30:00,43.65999984741211,43.779998779296875,43.58000183105469,43.779998779296875,284192
2026-06-23 13:45:00,43.65999984741211,43.70000076293945,43.52000045776367,43.63999938964844,529652
2026-06-23 14:00:00,43.63999938964844,43.70000076293945,43.599998474121094,43.65999984741211,144664
2026-06-23 14:15:00,43.65999984741211,43.720001220703125,43.58000183105469,43.63999938964844,374277
2026-06-23 14:30:00,43.560001373291016,43.65999984741211,43.540000915527344,43.65999984741211,351486
2026-06-23 14:45:00,43.380001068115234,43.58000183105469,43.2599983215332,43.560001373291016,825370
2026-06-23 15:00:00,43.15999984741211,43.380001068115234,43.040000915527344,43.380001068115234,835782
2026-06-23 15:15:00,42.880001068115234,43.13999938964844,42.81999969482422,43.13999938964844,1094654
2026-06-23 15:30:00,42.91999816894531,42.959999084472656,42.79999923706055,42.880001068115234,657692
2026-06-23 15:45:00,42.86000061035156,43.0,42.84000015258789,42.91999816894531,739771
2026-06-23 16:00:00,42.7599983215332,42.939998626708984,42.7400016784668,42.86000061035156,330830
2026-06-23 16:15:00,42.939998626708984,43.0,42.720001220703125,42.7599983215332,638317
2026-06-23 16:30:00,42.540000915527344,42.959999084472656,42.34000015258789,42.91999816894531,1332620
2026-06-23 16:45:00,42.7400016784668,42.7599983215332,42.52000045776367,42.540000915527344,759990
2026-06-23 17:00:00,42.70000076293945,42.86000061035156,42.68000030517578,42.7599983215332,537110
2026-06-23 17:15:00,42.560001373291016,42.70000076293945,42.47999954223633,42.70000076293945,819430
2026-06-23 17:30:00,42.63999938964844,42.65999984741211,42.52000045776367,42.560001373291016,651015
2026-06-23 17:45:00,42.720001220703125,42.779998779296875,42.58000183105469,42.619998931884766,1276478
2026-06-24 09:45:00,42.68000030517578,42.68000030517578,42.68000030517578,42.68000030517578,0
2026-06-24 10:00:00,43.439998626708984,43.599998474121094,42.439998626708984,42.70000076293945,4239311
2026-06-24 10:15:00,42.779998779296875,43.47999954223633,42.70000076293945,43.400001525878906,1652072
2026-06-24 10:30:00,42.560001373291016,42.81999969482422,42.540000915527344,42.779998779296875,698524
2026-06-24 10:45:00,42.63999938964844,42.779998779296875,42.52000045776367,42.560001373291016,442470
2026-06-24 11:00:00,42.91999816894531,42.939998626708984,42.599998474121094,42.63999938964844,505405
2026-06-24 11:15:00,42.91999816894531,43.2400016784668,42.81999969482422,42.939998626708984,1016956
2026-06-24 11:30:00,42.959999084472656,43.060001373291016,42.900001525878906,42.939998626708984,214720
2026-06-24 11:45:00,43.119998931884766,43.119998931884766,42.91999816894531,42.959999084472656,360231
2026-06-24 12:00:00,43.13999938964844,43.279998779296875,43.060001373291016,43.099998474121094,647741
2026-06-24 12:15:00,43.13999938964844,43.41999816894531,43.099998474121094,43.119998931884766,902800
2026-06-24 12:30:00,42.97999954223633,43.119998931884766,42.91999816894531,43.119998931884766,369356
2026-06-24 12:45:00,42.900001525878906,43.02000045776367,42.79999923706055,42.97999954223633,273243
2026-06-24 13:00:00,42.65999984741211,42.880001068115234,42.560001373291016,42.86000061035156,537772
2026-06-24 13:15:00,42.70000076293945,42.7400016784668,42.63999938964844,42.65999984741211,233299
2026-06-24 13:30:00,42.7400016784668,42.81999969482422,42.65999984741211,42.70000076293945,148296
2026-06-24 13:45:00,42.63999938964844,42.7400016784668,42.599998474121094,42.720001220703125,322005
2026-06-24 14:00:00,42.63999938964844,42.70000076293945,42.619998931884766,42.65999984741211,259219
2026-06-24 14:15:00,42.619998931884766,42.68000030517578,42.599998474121094,42.65999984741211,237076
2026-06-24 14:30:00,42.560001373291016,42.619998931884766,42.5,42.599998474121094,477412
2026-06-24 14:45:00,42.47999954223633,42.63999938964844,42.459999084472656,42.560001373291016,295494
2026-06-24 15:00:00,42.380001068115234,42.5,42.31999969482422,42.47999954223633,424352
2026-06-24 15:15:00,42.459999084472656,42.459999084472656,42.29999923706055,42.380001068115234,328439
2026-06-24 15:30:00,42.41999816894531,42.5,42.400001525878906,42.439998626708984,171311
2026-06-24 15:45:00,42.36000061035156,42.459999084472656,42.29999923706055,42.439998626708984,237727
2026-06-24 16:00:00,42.41999816894531,42.720001220703125,42.34000015258789,42.380001068115234,570133
2026-06-24 16:15:00,42.540000915527344,42.540000915527344,42.31999969482422,42.400001525878906,290537
2026-06-24 16:30:00,42.41999816894531,42.79999923706055,42.400001525878906,42.52000045776367,647299
2026-06-24 16:45:00,42.540000915527344,42.560001373291016,42.279998779296875,42.439998626708984,478163
2026-06-24 17:00:00,42.86000061035156,43.18000030517578,42.5,42.560001373291016,1217416
2026-06-24 17:15:00,42.7599983215332,42.959999084472656,42.65999984741211,42.86000061035156,599829
2026-06-24 17:30:00,42.29999923706055,42.779998779296875,42.2400016784668,42.779998779296875,857820
2026-06-24 17:45:00,42.0,42.31999969482422,41.880001068115234,42.29999923706055,1276279
2026-06-25 09:45:00,42.099998474121094,42.099998474121094,42.099998474121094,42.099998474121094,0
2026-06-25 10:00:00,42.18000030517578,42.5,42.08000183105469,42.119998931884766,1498045
2026-06-25 10:15:00,42.279998779296875,42.380001068115234,42.13999938964844,42.18000030517578,587593
2026-06-25 10:30:00,42.220001220703125,42.34000015258789,42.20000076293945,42.279998779296875,463998
2026-06-25 10:45:00,42.119998931884766,42.2400016784668,42.02000045776367,42.2400016784668,680238
2026-06-25 11:00:00,41.91999816894531,42.13999938964844,41.91999816894531,42.119998931884766,547033
2026-06-25 11:15:00,41.91999816894531,41.959999084472656,41.84000015258789,41.939998626708984,405760
2026-06-25 11:30:00,41.880001068115234,41.939998626708984,41.79999923706055,41.91999816894531,479362
2026-06-25 11:45:00,41.900001525878906,42.040000915527344,41.86000061035156,41.900001525878906,257870
2026-06-25 12:00:00,41.880001068115234,41.959999084472656,41.880001068115234,41.91999816894531,101813
2026-06-25 12:15:00,41.720001220703125,41.91999816894531,41.68000030517578,41.880001068115234,358151
2026-06-25 12:30:00,41.29999923706055,41.720001220703125,41.29999923706055,41.720001220703125,623450
2026-06-25 12:45:00,40.84000015258789,41.31999969482422,40.58000183105469,41.31999969482422,1901069
2026-06-25 13:00:00,40.84000015258789,40.97999954223633,40.7400016784668,40.84000015258789,1215788
2026-06-25 13:15:00,40.97999954223633,41.02000045776367,40.779998779296875,40.84000015258789,468077
2026-06-25 13:30:00,40.79999923706055,40.97999954223633,40.7599983215332,40.959999084472656,520515
2026-06-25 13:45:00,40.779998779296875,40.84000015258789,40.7599983215332,40.79999923706055,430353
2026-06-25 14:00:00,40.68000030517578,40.81999969482422,40.619998931884766,40.79999923706055,708033
2026-06-25 14:15:00,40.63999938964844,40.720001220703125,40.52000045776367,40.70000076293945,738757
2026-06-25 14:30:00,40.599998474121094,40.70000076293945,40.58000183105469,40.63999938964844,231495
2026-06-25 14:45:00,40.52000045776367,40.68000030517578,40.47999954223633,40.599998474121094,323426
2026-06-25 15:00:00,40.58000183105469,40.68000030517578,40.5,40.52000045776367,457967
2026-06-25 15:15:00,40.619998931884766,40.63999938964844,40.52000045776367,40.58000183105469,257658
2026-06-25 15:30:00,40.7599983215332,40.7599983215332,40.58000183105469,40.599998474121094,383404
2026-06-25 15:45:00,40.619998931884766,40.779998779296875,40.58000183105469,40.7599983215332,336554
2026-06-25 16:00:00,40.47999954223633,40.619998931884766,40.400001525878906,40.599998474121094,340535
2026-06-25 16:15:00,40.47999954223633,40.540000915527344,40.41999816894531,40.47999954223633,245903
2026-06-25 16:30:00,40.34000015258789,40.540000915527344,40.31999969482422,40.47999954223633,408935
2026-06-25 16:45:00,40.0,40.380001068115234,40.0,40.34000015258789,977526
2026-06-25 17:00:00,39.81999969482422,39.880001068115234,39.63999938964844,39.70000076293945,1588034
2026-06-25 17:15:00,40.02000045776367,40.119998931884766,39.79999923706055,39.81999969482422,1185449
2026-06-25 17:30:00,39.939998626708984,40.18000030517578,39.900001525878906,40.02000045776367,712250
2026-06-25 17:45:00,40.0,40.0,39.68000030517578,39.939998626708984,1751789
2026-06-26 09:45:00,40.040000915527344,40.040000915527344,40.040000915527344,40.040000915527344,0
2026-06-26 10:00:00,39.7599983215332,40.20000076293945,39.70000076293945,40.060001373291016,1845468
2026-06-26 10:15:00,39.65999984741211,39.939998626708984,39.619998931884766,39.7400016784668,996411
2026-06-26 10:30:00,39.720001220703125,39.84000015258789,39.540000915527344,39.63999938964844,897960
2026-06-26 10:45:00,39.7400016784668,39.79999923706055,39.63999938964844,39.720001220703125,454853
2026-06-26 11:00:00,39.720001220703125,39.779998779296875,39.619998931884766,39.7400016784668,419065
2026-06-26 11:15:00,39.7400016784668,39.880001068115234,39.70000076293945,39.720001220703125,418180
2026-06-26 11:30:00,39.41999816894531,39.7599983215332,39.36000061035156,39.7599983215332,964525
2026-06-26 11:45:00,39.560001373291016,39.65999984741211,39.36000061035156,39.41999816894531,431271
2026-06-26 12:00:00,39.65999984741211,39.79999923706055,39.5,39.560001373291016,553881
2026-06-26 12:15:00,39.560001373291016,39.70000076293945,39.540000915527344,39.65999984741211,297057
2026-06-26 12:30:00,39.58000183105469,39.68000030517578,39.540000915527344,39.560001373291016,185515
2026-06-26 12:45:00,39.58000183105469,39.70000076293945,39.5,39.560001373291016,308664
2026-06-26 13:00:00,39.41999816894531,39.58000183105469,39.400001525878906,39.58000183105469,284307
2026-06-26 13:15:00,39.47999954223633,39.5,39.41999816894531,39.439998626708984,151569
2026-06-26 13:30:00,39.459999084472656,39.47999954223633,39.400001525878906,39.459999084472656,127800
2026-06-26 13:45:00,39.52000045776367,39.619998931884766,39.439998626708984,39.459999084472656,171360
2026-06-26 14:00:00,39.58000183105469,39.599998474121094,39.5,39.52000045776367,189638
2026-06-26 14:15:00,39.52000045776367,39.58000183105469,39.41999816894531,39.58000183105469,256141
2026-06-26 14:30:00,39.459999084472656,39.540000915527344,39.41999816894531,39.52000045776367,151174
2026-06-26 14:45:00,39.13999938964844,39.5,39.13999938964844,39.459999084472656,750526
2026-06-26 15:00:00,39.119998931884766,39.220001220703125,39.02000045776367,39.13999938964844,725489
2026-06-26 15:15:00,39.18000030517578,39.20000076293945,39.040000915527344,39.119998931884766,354219
2026-06-26 15:30:00,39.13999938964844,39.2400016784668,39.119998931884766,39.15999984741211,351206
2026-06-26 15:45:00,39.20000076293945,39.220001220703125,39.040000915527344,39.13999938964844,400311
2026-06-26 16:00:00,39.060001373291016,39.20000076293945,38.939998626708984,39.18000030517578,571476
2026-06-26 16:15:00,39.0,39.119998931884766,38.97999954223633,39.08000183105469,428661
2026-06-26 16:30:00,39.18000030517578,39.279998779296875,39.0,39.02000045776367,621859
2026-06-26 16:45:00,39.279998779296875,39.380001068115234,39.08000183105469,39.18000030517578,448626
2026-06-26 17:00:00,39.34000015258789,39.400001525878906,39.18000030517578,39.279998779296875,499274
2026-06-26 17:15:00,39.220001220703125,39.47999954223633,39.220001220703125,39.36000061035156,638887
2026-06-26 17:30:00,39.34000015258789,39.380001068115234,39.220001220703125,39.220001220703125,555044
2026-06-26 17:45:00,39.70000076293945,39.79999923706055,39.34000015258789,39.36000061035156,1477445
2026-06-29 09:45:00,40.0,40.0,40.0,40.0,0
2026-06-29 10:00:00,40.2400016784668,40.599998474121094,39.91999816894531,39.97999954223633,2814533
2026-06-29 10:15:00,40.099998474121094,40.2400016784668,39.97999954223633,40.2400016784668,1250906
2026-06-29 10:30:00,39.7400016784668,40.08000183105469,39.65999984741211,40.08000183105469,864905
2026-06-29 10:45:00,39.65999984741211,39.779998779296875,39.58000183105469,39.720001220703125,627759
2026-06-29 11:00:00,39.31999969482422,39.65999984741211,39.279998779296875,39.65999984741211,986131
2026-06-29 11:15:00,39.119998931884766,39.380001068115234,39.040000915527344,39.34000015258789,1122080
2026-06-29 11:30:00,39.099998474121094,39.220001220703125,39.08000183105469,39.119998931884766,356158
2026-06-29 11:45:00,39.02000045776367,39.119998931884766,38.97999954223633,39.099998474121094,529832
2026-06-29 12:00:00,39.040000915527344,39.08000183105469,38.939998626708984,39.0,478841
2026-06-29 12:15:00,39.0,39.13999938964844,38.959999084472656,39.040000915527344,486633
2026-06-29 12:30:00,38.900001525878906,39.02000045776367,38.84000015258789,39.0,837792
2026-06-29 12:45:00,38.939998626708984,38.939998626708984,38.84000015258789,38.900001525878906,459619
2026-06-29 13:00:00,39.380001068115234,39.70000076293945,38.880001068115234,38.939998626708984,1705540
2026-06-29 13:15:00,39.939998626708984,40.31999969482422,39.34000015258789,39.400001525878906,2659939
2026-06-29 13:30:00,40.119998931884766,40.619998931884766,39.900001525878906,39.959999084472656,3624482
2026-06-29 13:45:00,40.15999984741211,40.380001068115234,39.959999084472656,40.15999984741211,1602276
2026-06-29 14:00:00,40.91999816894531,41.119998931884766,40.119998931884766,40.13999938964844,3777453
2026-06-29 14:15:00,40.939998626708984,41.119998931884766,40.599998474121094,40.959999084472656,2221352
2026-06-29 14:30:00,40.81999969482422,41.08000183105469,40.5,40.91999816894531,1735398
2026-06-29 14:45:00,40.2400016784668,40.81999969482422,40.220001220703125,40.81999969482422,1291700
2026-06-29 15:00:00,40.2400016784668,40.34000015258789,40.15999984741211,40.2599983215332,433230
2026-06-29 15:15:00,40.29999923706055,40.34000015258789,40.13999938964844,40.2599983215332,358847
2026-06-29 15:30:00,40.060001373291016,40.36000061035156,40.040000915527344,40.29999923706055,406081
2026-06-29 15:45:00,40.18000030517578,40.2400016784668,39.900001525878906,40.060001373291016,969950
2026-06-29 16:00:00,40.13999938964844,40.36000061035156,40.119998931884766,40.20000076293945,590463
2026-06-29 16:15:00,40.380001068115234,40.65999984741211,40.13999938964844,40.13999938964844,1285573
2026-06-29 16:30:00,40.560001373291016,40.84000015258789,40.380001068115234,40.380001068115234,814097
2026-06-29 16:45:00,40.459999084472656,40.939998626708984,40.400001525878906,40.560001373291016,1112836
2026-06-29 17:00:00,40.2400016784668,40.560001373291016,40.18000030517578,40.47999954223633,867473
2026-06-29 17:15:00,40.36000061035156,40.5,40.15999984741211,40.2599983215332,755871
2026-06-29 17:30:00,40.400001525878906,40.52000045776367,40.31999969482422,40.36000061035156,551497
2026-06-29 17:45:00,40.599998474121094,40.63999938964844,40.36000061035156,40.400001525878906,1183409
2026-06-30 09:45:00,40.58000183105469,40.58000183105469,40.58000183105469,40.58000183105469,0
2026-06-30 10:00:00,40.540000915527344,40.84000015258789,40.15999984741211,40.599998474121094,2901587
2026-06-30 10:15:00,40.380001068115234,40.599998474121094,40.34000015258789,40.52000045776367,1194912
2026-06-30 10:30:00,40.18000030517578,40.47999954223633,40.02000045776367,40.380001068115234,1299818
2026-06-30 10:45:00,39.97999954223633,40.29999923706055,39.939998626708984,40.18000030517578,942295
2026-06-30 11:00:00,39.5,40.0,39.380001068115234,39.97999954223633,2237852
2026-06-30 11:15:00,39.400001525878906,39.5,39.040000915527344,39.47999954223633,1169952
2026-06-30 11:30:00,39.2599983215332,39.47999954223633,39.18000030517578,39.400001525878906,890718
2026-06-30 11:45:00,39.2400016784668,39.2599983215332,39.13999938964844,39.2599983215332,697388
2026-06-30 12:00:00,39.13999938964844,39.29999923706055,39.08000183105469,39.2400016784668,471915
2026-06-30 12:15:00,38.97999954223633,39.18000030517578,38.900001525878906,39.13999938964844,776539
2026-06-30 12:30:00,38.97999954223633,39.060001373291016,38.900001525878906,38.97999954223633,523923
2026-06-30 12:45:00,38.959999084472656,39.0,38.81999969482422,38.97999954223633,688194
2026-06-30 13:00:00,38.880001068115234,38.97999954223633,38.86000061035156,38.959999084472656,253523
2026-06-30 13:15:00,39.040000915527344,39.099998474121094,38.86000061035156,38.880001068115234,445038
2026-06-30 13:30:00,38.959999084472656,39.040000915527344,38.880001068115234,39.02000045776367,459552
2026-06-30 13:45:00,38.900001525878906,39.0,38.86000061035156,38.959999084472656,439804
2026-06-30 14:00:00,38.79999923706055,38.900001525878906,38.7400016784668,38.900001525878906,660651
2026-06-30 14:15:00,38.560001373291016,38.81999969482422,38.560001373291016,38.79999923706055,886983
2026-06-30 14:30:00,38.619998931884766,38.720001220703125,38.52000045776367,38.560001373291016,475368
2026-06-30 14:45:00,38.63999938964844,38.63999938964844,38.560001373291016,38.619998931884766,408271
2026-06-30 15:00:00,38.15999984741211,38.65999984741211,38.08000183105469,38.63999938964844,1295701
2026-06-30 15:15:00,38.0,38.15999984741211,37.959999084472656,38.13999938964844,1194543
2026-06-30 15:30:00,38.08000183105469,38.08000183105469,37.880001068115234,37.97999954223633,814433
2026-06-30 15:45:00,37.68000030517578,38.13999938964844,37.47999954223633,38.08000183105469,1694592
2026-06-30 16:00:00,37.79999923706055,37.939998626708984,37.560001373291016,37.70000076293945,1181861
2026-06-30 16:15:00,37.900001525878906,38.08000183105469,37.720001220703125,37.79999923706055,911445
2026-06-30 16:30:00,37.65999984741211,37.900001525878906,37.599998474121094,37.880001068115234,763069
2026-06-30 16:45:00,37.5,37.65999984741211,37.41999816894531,37.65999984741211,1020645
2026-06-30 17:00:00,37.099998474121094,37.52000045776367,37.0,37.5,1827202
2026-06-30 17:15:00,37.02000045776367,37.2400016784668,36.97999954223633,37.099998474121094,1301504
2026-06-30 17:30:00,36.939998626708984,37.2400016784668,36.900001525878906,37.02000045776367,1259344
2026-06-30 17:45:00,36.86000061035156,37.15999984741211,36.65999984741211,36.939998626708984,2886322
2026-07-01 09:45:00,36.70000076293945,36.70000076293945,36.70000076293945,36.70000076293945,0
2026-07-01 10:00:00,37.880001068115234,38.47999954223633,36.52000045776367,36.70000076293945,8388604
2026-07-01 10:15:00,37.959999084472656,38.31999969482422,37.7599983215332,37.880001068115234,3054231
2026-07-01 10:30:00,38.02000045776367,38.08000183105469,37.68000030517578,37.939998626708984,1517541
2026-07-01 10:45:00,37.68000030517578,38.040000915527344,37.65999984741211,38.040000915527344,818896
2026-07-01 11:00:00,37.63999938964844,37.7599983215332,37.540000915527344,37.70000076293945,742943
2026-07-01 11:15:00,37.34000015258789,37.65999984741211,37.29999923706055,37.63999938964844,1127285
2026-07-01 11:30:00,37.380001068115234,37.540000915527344,37.34000015258789,37.36000061035156,599977
2026-07-01 11:45:00,36.720001220703125,37.36000061035156,36.5,37.36000061035156,2576876
2026-07-01 12:00:00,36.220001220703125,36.7599983215332,36.18000030517578,36.70000076293945,2469353
2026-07-01 12:15:00,36.79999923706055,37.36000061035156,35.86000061035156,36.2400016784668,4296495
2026-07-01 12:30:00,36.68000030517578,37.099998474121094,36.58000183105469,36.79999923706055,3349806
2026-07-01 12:45:00,36.68000030517578,36.7400016784668,36.380001068115234,36.65999984741211,1356351
2026-07-01 13:00:00,36.65999984741211,36.880001068115234,36.58000183105469,36.68000030517578,897300
2026-07-01 13:15:00,36.619998931884766,36.900001525878906,36.5,36.65999984741211,1096603
2026-07-01 13:30:00,36.720001220703125,36.84000015258789,36.599998474121094,36.63999938964844,549745
2026-07-01 13:45:00,36.7599983215332,36.79999923706055,36.68000030517578,36.7400016784668,447712
2026-07-01 14:00:00,36.7400016784668,37.18000030517578,36.70000076293945,36.7599983215332,1700894
2026-07-01 14:15:00,36.900001525878906,36.97999954223633,36.65999984741211,36.7599983215332,1118052
2026-07-01 14:30:00,36.86000061035156,36.97999954223633,36.79999923706055,36.900001525878906,650841
2026-07-01 14:45:00,36.7400016784668,36.880001068115234,36.560001373291016,36.86000061035156,540061
2026-07-01 15:00:00,36.65999984741211,36.7599983215332,36.599998474121094,36.7400016784668,435890
2026-07-01 15:15:00,36.58000183105469,36.79999923706055,36.5,36.65999984741211,750084
2026-07-01 15:30:00,36.47999954223633,36.68000030517578,36.459999084472656,36.58000183105469,892171
2026-07-01 15:45:00,36.540000915527344,36.540000915527344,36.41999816894531,36.47999954223633,602435
2026-07-01 16:00:00,36.400001525878906,36.52000045776367,36.279998779296875,36.52000045776367,475168
2026-07-01 16:15:00,36.619998931884766,36.63999938964844,36.34000015258789,36.36000061035156,608222
2026-07-01 16:30:00,36.79999923706055,36.900001525878906,36.619998931884766,36.619998931884766,1159581
2026-07-01 16:45:00,36.70000076293945,36.81999969482422,36.619998931884766,36.79999923706055,800811
2026-07-01 17:00:00,36.880001068115234,36.959999084472656,36.63999938964844,36.70000076293945,1240371
2026-07-01 17:15:00,36.81999969482422,37.099998474121094,36.779998779296875,36.880001068115234,1792377
2026-07-01 17:30:00,36.7599983215332,37.31999969482422,36.70000076293945,36.84000015258789,2931079
2026-07-01 17:45:00,36.91999816894531,37.0,36.68000030517578,36.779998779296875,1716059
2026-07-02 09:45:00,37.20000076293945,37.20000076293945,37.20000076293945,37.20000076293945,0
2026-07-02 10:00:00,37.400001525878906,38.15999984741211,37.20000076293945,37.220001220703125,4762165
2026-07-02 10:15:00,37.380001068115234,37.5,37.2599983215332,37.439998626708984,1071696
2026-07-02 10:30:00,37.41999816894531,37.5,37.31999969482422,37.36000061035156,397971
2026-07-02 10:45:00,37.380001068115234,37.47999954223633,37.34000015258789,37.41999816894531,396963
2026-07-02 11:00:00,37.279998779296875,37.400001525878906,37.2599983215332,37.400001525878906,457613
2026-07-02 11:15:00,37.13999938964844,37.29999923706055,37.08000183105469,37.279998779296875,641157
2026-07-02 11:30:00,37.2599983215332,37.279998779296875,37.099998474121094,37.13999938964844,513455
2026-07-02 11:45:00,37.18000030517578,37.279998779296875,37.15999984741211,37.2400016784668,461587
2026-07-02 12:00:00,37.060001373291016,37.18000030517578,36.97999954223633,37.18000030517578,670128
2026-07-02 12:15:00,37.0,37.099998474121094,36.97999954223633,37.060001373291016,280314
2026-07-02 12:30:00,36.91999816894531,37.040000915527344,36.900001525878906,37.0,502166
2026-07-02 12:45:00,37.040000915527344,37.08000183105469,36.84000015258789,36.900001525878906,553472
2026-07-02 13:00:00,37.119998931884766,37.400001525878906,37.0,37.060001373291016,1172595
2026-07-02 13:15:00,37.13999938964844,37.18000030517578,37.0,37.099998474121094,775506
2026-07-02 13:30:00,37.13999938964844,37.380001068115234,37.040000915527344,37.119998931884766,1012730
2026-07-02 13:45:00,37.0,37.13999938964844,36.939998626708984,37.099998474121094,526940
2026-07-02 14:00:00,36.939998626708984,37.0,36.900001525878906,37.0,772204
2026-07-02 14:15:00,36.959999084472656,36.959999084472656,36.81999969482422,36.939998626708984,632431
2026-07-02 14:30:00,36.91999816894531,37.02000045776367,36.900001525878906,36.959999084472656,441685
2026-07-02 14:45:00,36.779998779296875,36.91999816894531,36.7400016784668,36.900001525878906,586960
2026-07-02 15:00:00,36.880001068115234,37.099998474121094,36.7599983215332,36.779998779296875,375423
2026-07-02 15:15:00,36.939998626708984,36.959999084472656,36.81999969482422,36.880001068115234,283374
2026-07-02 15:30:00,36.86000061035156,37.02000045776367,36.81999969482422,36.939998626708984,413045
2026-07-02 15:45:00,36.86000061035156,36.91999816894531,36.81999969482422,36.86000061035156,372427
2026-07-02 16:00:00,36.540000915527344,36.86000061035156,36.459999084472656,36.84000015258789,1260451
2026-07-02 16:15:00,36.47999954223633,36.65999984741211,36.459999084472656,36.52000045776367,569651
2026-07-02 16:30:00,36.36000061035156,36.5,36.34000015258789,36.47999954223633,790428
2026-07-02 16:45:00,36.279998779296875,36.380001068115234,36.13999938964844,36.36000061035156,883920
2026-07-02 17:00:00,36.31999969482422,36.380001068115234,36.18000030517578,36.29999923706055,590544
2026-07-02 17:15:00,36.0,36.31999969482422,35.91999816894531,36.31999969482422,1520449
2026-07-02 17:30:00,36.15999984741211,36.279998779296875,35.97999954223633,36.0,989181
2026-07-02 17:45:00,35.97999954223633,36.18000030517578,35.91999816894531,36.15999984741211,1488037
2026-07-03 09:45:00,36.20000076293945,36.20000076293945,36.20000076293945,36.20000076293945,0
2026-07-03 10:00:00,36.040000915527344,36.41999816894531,35.79999923706055,36.20000076293945,2266601
2026-07-03 10:15:00,35.900001525878906,36.040000915527344,35.63999938964844,36.040000915527344,1700877
2026-07-03 10:30:00,35.959999084472656,36.060001373291016,35.79999923706055,35.900001525878906,724385
2026-07-03 10:45:00,36.0,36.060001373291016,35.91999816894531,35.959999084472656,655373
2026-07-03 11:00:00,35.86000061035156,36.0,35.7599983215332,36.0,466962
2026-07-03 11:15:00,35.79999923706055,35.900001525878906,35.7599983215332,35.86000061035156,373983
2026-07-03 11:30:00,36.02000045776367,36.119998931884766,35.79999923706055,35.79999923706055,937399
2026-07-03 11:45:00,36.02000045776367,36.099998474121094,35.959999084472656,36.02000045776367,540930
2026-07-03 12:00:00,36.02000045776367,36.040000915527344,35.91999816894531,36.02000045776367,222430
2026-07-03 12:15:00,36.040000915527344,36.099998474121094,35.91999816894531,36.0,500050
2026-07-03 12:30:00,36.2599983215332,36.400001525878906,36.02000045776367,36.060001373291016,1535777
2026-07-03 12:45:00,36.560001373291016,36.58000183105469,36.220001220703125,36.2599983215332,1455399
2026-07-03 13:00:00,36.560001373291016,36.599998474121094,36.36000061035156,36.560001373291016,1031939
2026-07-03 13:15:00,36.880001068115234,36.880001068115234,36.439998626708984,36.560001373291016,1186796
2026-07-03 13:30:00,36.81999969482422,37.08000183105469,36.70000076293945,36.86000061035156,2279227
2026-07-03 13:45:00,36.81999969482422,36.900001525878906,36.63999938964844,36.81999969482422,897024
2026-07-03 14:00:00,36.68000030517578,36.84000015258789,36.47999954223633,36.81999969482422,1438712
2026-07-03 14:15:00,36.959999084472656,37.18000030517578,36.599998474121094,36.68000030517578,3082813
2026-07-03 14:30:00,36.779998779296875,37.2400016784668,36.7599983215332,36.959999084472656,2213998
2026-07-03 14:45:00,36.84000015258789,36.91999816894531,36.7400016784668,36.779998779296875,567211
2026-07-03 15:00:00,37.0,37.02000045776367,36.65999984741211,36.84000015258789,622519
2026-07-03 15:15:00,37.099998474121094,37.15999984741211,36.959999084472656,37.02000045776367,1539309
2026-07-03 15:30:00,37.099998474121094,37.2400016784668,36.880001068115234,37.099998474121094,1098872
2026-07-03 15:45:00,36.880001068115234,37.099998474121094,36.779998779296875,37.099998474121094,879184
2026-07-03 16:00:00,36.79999923706055,36.86000061035156,36.7599983215332,36.86000061035156,362502
2026-07-03 16:15:00,36.880001068115234,36.939998626708984,36.81999969482422,36.81999969482422,361761
2026-07-03 16:30:00,36.7400016784668,37.0,36.720001220703125,36.900001525878906,660038
2026-07-03 16:45:00,36.779998779296875,36.86000061035156,36.68000030517578,36.7400016784668,458270
2026-07-03 17:00:00,36.68000030517578,36.939998626708984,36.540000915527344,36.779998779296875,1097177
2026-07-03 17:15:00,36.439998626708984,36.68000030517578,36.41999816894531,36.68000030517578,849991
2026-07-03 17:30:00,36.459999084472656,36.47999954223633,36.380001068115234,36.41999816894531,632419
2026-07-03 17:45:00,36.439998626708984,36.5,36.36000061035156,36.439998626708984,1090812
2026-07-06 09:45:00,36.86000061035156,36.86000061035156,36.86000061035156,36.86000061035156,0
2026-07-06 10:00:00,37.58000183105469,37.599998474121094,36.599998474121094,36.880001068115234,4300989
2026-07-06 10:15:00,37.15999984741211,37.63999938964844,37.02000045776367,37.58000183105469,2687863
2026-07-06 10:30:00,37.15999984741211,37.34000015258789,37.13999938964844,37.20000076293945,482888
2026-07-06 10:45:00,37.20000076293945,37.220001220703125,37.099998474121094,37.15999984741211,551666
2026-07-06 11:00:00,37.36000061035156,37.400001525878906,37.20000076293945,37.20000076293945,600148
2026-07-06 11:15:00,37.400001525878906,37.41999816894531,37.15999984741211,37.36000061035156,336981
2026-07-06 11:30:00,37.2599983215332,37.52000045776367,37.2400016784668,37.41999816894531,638640
2026-07-06 11:45:00,37.2599983215332,37.34000015258789,37.20000076293945,37.2599983215332,394005
2026-07-06 12:00:00,37.13999938964844,37.29999923706055,37.119998931884766,37.279998779296875,364542
2026-07-06 12:15:00,37.08000183105469,37.13999938964844,37.02000045776367,37.119998931884766,326366
2026-07-06 12:30:00,37.060001373291016,37.08000183105469,36.939998626708984,37.08000183105469,415640
2026-07-06 12:45:00,36.880001068115234,37.08000183105469,36.880001068115234,37.060001373291016,405425
2026-07-06 13:00:00,36.81999969482422,36.900001525878906,36.7599983215332,36.880001068115234,297582
2026-07-06 13:15:00,36.939998626708984,36.939998626708984,36.81999969482422,36.84000015258789,132315
2026-07-06 13:30:00,36.86000061035156,36.959999084472656,36.81999969482422,36.939998626708984,212723
2026-07-06 13:45:00,36.900001525878906,36.959999084472656,36.86000061035156,36.86000061035156,102108
2026-07-06 14:00:00,36.79999923706055,36.91999816894531,36.7599983215332,36.900001525878906,183731
2026-07-06 14:15:00,36.7599983215332,36.81999969482422,36.68000030517578,36.79999923706055,289701
2026-07-06 14:30:00,36.720001220703125,36.79999923706055,36.70000076293945,36.7400016784668,179836
2026-07-06 14:45:00,36.7400016784668,36.7599983215332,36.70000076293945,36.720001220703125,125341
2026-07-06 15:00:00,36.65999984741211,36.7400016784668,36.58000183105469,36.7400016784668,339469
2026-07-06 15:15:00,36.65999984741211,36.720001220703125,36.599998474121094,36.65999984741211,264729
2026-07-06 15:30:00,36.47999954223633,36.65999984741211,36.47999954223633,36.65999984741211,484146
2026-07-06 15:45:00,36.380001068115234,36.5,36.31999969482422,36.5,633958
2026-07-06 16:00:00,36.41999816894531,36.47999954223633,36.20000076293945,36.400001525878906,807972
2026-07-06 16:15:00,36.29999923706055,36.41999816894531,36.29999923706055,36.41999816894531,220036
2026-07-06 16:30:00,36.380001068115234,36.459999084472656,36.2599983215332,36.29999923706055,339434
2026-07-06 16:45:00,36.41999816894531,36.41999816894531,36.31999969482422,36.400001525878906,263897
2026-07-06 17:00:00,36.459999084472656,36.5,36.36000061035156,36.41999816894531,288667
2026-07-06 17:15:00,36.380001068115234,36.540000915527344,36.34000015258789,36.439998626708984,570977
2026-07-06 17:30:00,36.279998779296875,36.41999816894531,36.20000076293945,36.380001068115234,799383
2026-07-06 17:45:00,36.2599983215332,36.34000015258789,36.20000076293945,36.279998779296875,763903
2026-07-07 09:45:00,36.2599983215332,36.2599983215332,36.2599983215332,36.2599983215332,0
2026-07-07 10:00:00,35.900001525878906,36.2599983215332,35.79999923706055,36.2599983215332,2166604
2026-07-07 10:15:00,36.099998474121094,36.15999984741211,35.880001068115234,35.91999816894531,698746
2026-07-07 10:30:00,35.959999084472656,36.099998474121094,35.939998626708984,36.08000183105469,538550
2026-07-07 10:45:00,35.720001220703125,35.959999084472656,35.619998931884766,35.959999084472656,1069396
2026-07-07 11:00:00,35.7599983215332,35.79999923706055,35.63999938964844,35.720001220703125,627158
2026-07-07 11:15:00,35.599998474121094,35.7599983215332,35.540000915527344,35.7599983215332,734183
2026-07-07 11:30:00,35.65999984741211,35.68000030517578,35.5,35.599998474121094,521853
2026-07-07 11:45:00,35.560001373291016,35.68000030517578,35.540000915527344,35.65999984741211,373746
2026-07-07 12:00:00,35.63999938964844,35.68000030517578,35.47999954223633,35.560001373291016,594962
2026-07-07 12:15:00,35.63999938964844,35.70000076293945,35.599998474121094,35.65999984741211,169826
2026-07-07 12:30:00,35.63999938964844,35.65999984741211,35.58000183105469,35.65999984741211,211455
2026-07-07 12:45:00,35.560001373291016,35.63999938964844,35.52000045776367,35.63999938964844,166691
2026-07-07 13:00:00,35.52000045776367,35.599998474121094,35.5,35.540000915527344,346298
2026-07-07 13:15:00,35.459999084472656,35.540000915527344,35.439998626708984,35.540000915527344,394700
2026-07-07 13:30:00,35.540000915527344,35.540000915527344,35.439998626708984,35.459999084472656,304496
2026-07-07 13:45:00,35.599998474121094,35.619998931884766,35.52000045776367,35.540000915527344,257098
2026-07-07 14:00:00,35.68000030517578,35.70000076293945,35.560001373291016,35.619998931884766,297388
2026-07-07 14:15:00,35.599998474121094,35.7599983215332,35.599998474121094,35.68000030517578,394269
2026-07-07 14:30:00,35.619998931884766,35.65999984741211,35.540000915527344,35.599998474121094,311565
2026-07-07 14:45:00,35.65999984741211,35.70000076293945,35.58000183105469,35.619998931884766,368328
2026-07-07 15:00:00,35.70000076293945,35.720001220703125,35.619998931884766,35.65999984741211,217679
2026-07-07 15:15:00,35.7400016784668,35.779998779296875,35.65999984741211,35.70000076293945,297631
2026-07-07 15:30:00,35.7400016784668,35.779998779296875,35.70000076293945,35.7599983215332,155583
2026-07-07 15:45:00,35.84000015258789,35.84000015258789,35.68000030517578,35.7400016784668,382041
2026-07-07 16:00:00,35.880001068115234,36.02000045776367,35.7400016784668,35.84000015258789,893565
2026-07-07 16:15:00,35.70000076293945,35.86000061035156,35.63999938964844,35.86000061035156,456326
2026-07-07 16:30:00,35.68000030517578,35.779998779296875,35.65999984741211,35.68000030517578,234247
2026-07-07 16:45:00,35.52000045776367,35.68000030517578,35.47999954223633,35.68000030517578,692348
2026-07-07 17:00:00,35.52000045776367,35.63999938964844,35.459999084472656,35.52000045776367,515588
2026-07-07 17:15:00,35.459999084472656,35.540000915527344,35.400001525878906,35.52000045776367,590895
2026-07-07 17:30:00,35.439998626708984,35.540000915527344,35.400001525878906,35.47999954223633,670439
2026-07-07 17:45:00,35.47999954223633,35.540000915527344,35.400001525878906,35.439998626708984,882462
2026-07-08 09:45:00,35.29999923706055,35.29999923706055,35.29999923706055,35.29999923706055,0
2026-07-08 10:00:00,35.2400016784668,35.459999084472656,34.939998626708984,35.31999969482422,1741855
2026-07-08 10:15:00,35.20000076293945,35.279998779296875,34.959999084472656,35.220001220703125,680482
2026-07-08 10:30:00,34.939998626708984,35.279998779296875,34.91999816894531,35.20000076293945,1139449
2026-07-08 10:45:00,34.08000183105469,34.939998626708984,34.0,34.939998626708984,3453878
2026-07-08 11:00:00,33.540000915527344,34.2599983215332,33.540000915527344,34.099998474121094,2983390
2026-07-08 11:15:00,33.15999984741211,33.52000045776367,32.7599983215332,33.52000045776367,3732182
2026-07-08 11:30:00,33.099998474121094,33.41999816894531,33.0,33.18000030517578,2878163
2026-07-08 11:45:00,33.060001373291016,33.15999984741211,32.900001525878906,33.119998931884766,2048549
2026-07-08 12:00:00,32.720001220703125,33.08000183105469,32.63999938964844,33.08000183105469,2384885
2026-07-08 12:15:00,32.81999969482422,32.86000061035156,32.58000183105469,32.720001220703125,2231203
2026-07-08 12:30:00,32.2599983215332,32.84000015258789,32.15999984741211,32.81999969482422,2647635
2026-07-08 12:45:00,32.47999954223633,32.58000183105469,32.220001220703125,32.29999923706055,2361801
2026-07-08 13:00:00,32.439998626708984,32.47999954223633,32.2599983215332,32.47999954223633,880068
2026-07-08 13:15:00,32.31999969482422,32.5,32.2400016784668,32.459999084472656,1166831
2026-07-08 13:30:00,32.2599983215332,32.34000015258789,32.119998931884766,32.31999969482422,1429885
2026-07-08 13:45:00,32.119998931884766,32.279998779296875,32.040000915527344,32.2400016784668,1807078
2026-07-08 14:00:00,32.18000030517578,32.220001220703125,32.060001373291016,32.119998931884766,1583002
2026-07-08 14:15:00,32.220001220703125,32.29999923706055,32.099998474121094,32.18000030517578,1484658
2026-07-08 14:30:00,32.099998474121094,32.220001220703125,32.040000915527344,32.220001220703125,2597129
2026-07-08 14:45:00,32.08000183105469,32.15999984741211,32.060001373291016,32.119998931884766,1912392
2026-07-08 15:00:00,31.979999542236328,32.119998931884766,31.979999542236328,32.08000183105469,2456015
2026-07-08 15:15:00,31.979999542236328,31.979999542236328,31.979999542236328,31.979999542236328,221277
2026-07-08 15:30:00,31.979999542236328,31.979999542236328,31.979999542236328,31.979999542236328,262730
2026-07-08 15:45:00,31.979999542236328,31.979999542236328,31.979999542236328,31.979999542236328,193312
2026-07-08 16:00:00,31.979999542236328,31.979999542236328,31.979999542236328,31.979999542236328,118404
2026-07-08 16:15:00,31.979999542236328,31.979999542236328,31.979999542236328,31.979999542236328,139499
2026-07-08 16:30:00,31.979999542236328,31.979999542236328,31.979999542236328,31.979999542236328,432414
2026-07-08 16:45:00,31.979999542236328,31.979999542236328,31.979999542236328,31.979999542236328,206176
2026-07-08 17:00:00,31.979999542236328,31.979999542236328,31.979999542236328,31.979999542236328,128463
2026-07-08 17:15:00,31.979999542236328,31.979999542236328,31.979999542236328,31.979999542236328,251997
2026-07-08 17:30:00,31.979999542236328,31.979999542236328,31.979999542236328,31.979999542236328,183610
2026-07-08 17:45:00,31.979999542236328,31.979999542236328,31.979999542236328,31.979999542236328,506208
2026-07-09 09:45:00,30.579999923706055,30.579999923706055,30.579999923706055,30.579999923706055,0
2026-07-09 10:00:00,30.760000228881836,31.559999465942383,30.399999618530273,31.479999542236328,6605858
2026-07-09 10:15:00,30.65999984741211,30.940000534057617,30.479999542236328,30.719999313354492,2430789
2026-07-09 10:30:00,30.81999969482422,30.81999969482422,30.420000076293945,30.639999389648438,2083250
2026-07-09 10:45:00,30.860000610351562,30.920000076293945,30.719999313354492,30.81999969482422,1218056
2026-07-09 11:00:00,30.81999969482422,31.0,30.719999313354492,30.860000610351562,1187753
2026-07-09 11:15:00,31.020000457763672,31.059999465942383,30.760000228881836,30.84000015258789,811079
2026-07-09 11:30:00,31.100000381469727,31.200000762939453,31.0,31.020000457763672,1233539
2026-07-09 11:45:00,31.040000915527344,31.31999969482422,30.959999084472656,31.100000381469727,1184595
2026-07-09 12:00:00,30.899999618530273,31.040000915527344,30.719999313354492,31.040000915527344,872702
2026-07-09 12:15:00,31.040000915527344,31.260000228881836,30.799999237060547,30.899999618530273,1069929
2026-07-09 12:30:00,30.979999542236328,31.059999465942383,30.899999618530273,31.059999465942383,551794
2026-07-09 12:45:00,30.940000534057617,31.020000457763672,30.780000686645508,30.959999084472656,878800
2026-07-09 13:00:00,30.899999618530273,31.0,30.8799991607666,30.940000534057617,437597
2026-07-09 13:15:00,30.719999313354492,30.940000534057617,30.600000381469727,30.899999618530273,916703
2026-07-09 13:30:00,30.65999984741211,30.959999084472656,30.65999984741211,30.700000762939453,1452824
2026-07-09 13:45:00,30.65999984741211,30.700000762939453,30.520000457763672,30.65999984741211,845872
2026-07-09 14:00:00,30.68000030517578,30.760000228881836,30.6200008392334,30.639999389648438,491642
2026-07-09 14:15:00,30.639999389648438,30.719999313354492,30.600000381469727,30.68000030517578,305531
2026-07-09 14:30:00,30.65999984741211,30.68000030517578,30.579999923706055,30.639999389648438,420293
2026-07-09 14:45:00,30.719999313354492,30.739999771118164,30.639999389648438,30.65999984741211,269331
2026-07-09 15:00:00,30.81999969482422,30.860000610351562,30.700000762939453,30.719999313354492,356419
2026-07-09 15:15:00,30.799999237060547,30.84000015258789,30.600000381469727,30.81999969482422,617394
2026-07-09 15:30:00,30.760000228881836,30.84000015258789,30.739999771118164,30.799999237060547,305054
2026-07-09 15:45:00,30.719999313354492,30.780000686645508,30.65999984741211,30.760000228881836,406408
2026-07-09 16:00:00,30.719999313354492,30.799999237060547,30.65999984741211,30.739999771118164,389764
2026-07-09 16:15:00,30.84000015258789,30.84000015258789,30.700000762939453,30.739999771118164,311717
2026-07-09 16:30:00,30.780000686645508,30.84000015258789,30.760000228881836,30.81999969482422,407857
2026-07-09 16:45:00,30.760000228881836,30.799999237060547,30.65999984741211,30.780000686645508,398733
2026-07-09 17:00:00,30.860000610351562,30.920000076293945,30.719999313354492,30.760000228881836,644728
2026-07-09 17:15:00,30.68000030517578,30.899999618530273,30.65999984741211,30.8799991607666,600928
2026-07-09 17:30:00,30.860000610351562,30.8799991607666,30.68000030517578,30.700000762939453,667325
2026-07-09 17:45:00,30.84000015258789,30.899999618530273,30.719999313354492,30.860000610351562,1095855
2026-07-10 09:45:00,31.040000915527344,31.040000915527344,31.040000915527344,31.040000915527344,0
2026-07-10 10:00:00,30.68000030517578,31.280000686645508,30.6200008392334,31.040000915527344,2556018
2026-07-10 10:15:00,31.100000381469727,31.200000762939453,30.600000381469727,30.65999984741211,2110846
2026-07-10 10:30:00,31.200000762939453,31.239999771118164,31.040000915527344,31.1200008392334,1406366
2026-07-10 10:45:00,31.34000015258789,31.440000534057617,31.100000381469727,31.200000762939453,1580616
2026-07-10 11:00:00,31.479999542236328,31.579999923706055,31.260000228881836,31.360000610351562,1282211
2026-07-10 11:15:00,31.399999618530273,31.600000381469727,31.34000015258789,31.479999542236328,1468927
2026-07-10 11:30:00,31.440000534057617,31.559999465942383,31.200000762939453,31.3799991607666,1169875
2026-07-10 11:45:00,31.579999923706055,31.639999389648438,31.459999084472656,31.459999084472656,836990
2026-07-10 12:00:00,31.280000686645508,31.6200008392334,31.280000686645508,31.579999923706055,841482
2026-07-10 12:15:00,31.3799991607666,31.440000534057617,31.280000686645508,31.299999237060547,374860
2026-07-10 12:30:00,31.420000076293945,31.440000534057617,31.34000015258789,31.399999618530273,216161
2026-07-10 12:45:00,31.559999465942383,31.559999465942383,31.420000076293945,31.420000076293945,387862
2026-07-10 13:00:00,31.18000030517578,31.559999465942383,31.15999984741211,31.540000915527344,701310
2026-07-10 13:15:00,31.219999313354492,31.260000228881836,31.1200008392334,31.18000030517578,656439
2026-07-10 13:30:00,31.059999465942383,31.219999313354492,31.020000457763672,31.219999313354492,607039
2026-07-10 13:45:00,31.280000686645508,31.34000015258789,31.059999465942383,31.079999923706055,489865
2026-07-10 14:00:00,31.34000015258789,31.360000610351562,31.219999313354492,31.280000686645508,368100
2026-07-10 14:15:00,31.420000076293945,31.540000915527344,31.299999237060547,31.31999969482422,427207
2026-07-10 14:30:00,31.479999542236328,31.520000457763672,31.34000015258789,31.420000076293945,674987
2026-07-10 14:45:00,31.15999984741211,31.479999542236328,31.059999465942383,31.479999542236328,1163706
2026-07-10 15:00:00,31.399999618530273,31.479999542236328,30.959999084472656,31.18000030517578,1277158
2026-07-10 15:15:00,31.360000610351562,31.459999084472656,31.299999237060547,31.420000076293945,628782
2026-07-10 15:30:00,31.420000076293945,31.479999542236328,31.31999969482422,31.3799991607666,425500
2026-07-10 15:45:00,31.520000457763672,31.520000457763672,31.360000610351562,31.440000534057617,500879
2026-07-10 16:00:00,31.540000915527344,31.68000030517578,31.420000076293945,31.5,829381
2026-07-10 16:15:00,31.579999923706055,31.600000381469727,31.479999542236328,31.559999465942383,529126
2026-07-10 16:30:00,31.399999618530273,31.579999923706055,31.3799991607666,31.579999923706055,469878
2026-07-10 16:45:00,31.260000228881836,31.399999618530273,31.18000030517578,31.3799991607666,1000118
2026-07-10 17:00:00,31.280000686645508,31.31999969482422,31.219999313354492,31.280000686645508,294031
2026-07-10 17:15:00,31.280000686645508,31.34000015258789,31.219999313354492,31.260000228881836,332837
2026-07-10 17:30:00,31.219999313354492,31.31999969482422,31.1200008392334,31.299999237060547,771770
2026-07-10 17:45:00,31.239999771118164,31.299999237060547,31.15999984741211,31.219999313354492,1079592
2026-07-13 09:45:00,32.97999954223633,32.97999954223633,32.97999954223633,32.97999954223633,0
2026-07-13 10:00:00,34.41999816894531,34.41999816894531,32.560001373291016,32.97999954223633,7924576
2026-07-13 10:15:00,34.41999816894531,34.41999816894531,34.41999816894531,34.41999816894531,286130
2026-07-13 10:30:00,34.41999816894531,34.41999816894531,34.41999816894531,34.41999816894531,140853
2026-07-13 10:45:00,34.41999816894531,34.41999816894531,34.41999816894531,34.41999816894531,115803
2026-07-13 11:00:00,34.41999816894531,34.41999816894531,34.41999816894531,34.41999816894531,38401
2026-07-13 11:15:00,34.41999816894531,34.41999816894531,34.41999816894531,34.41999816894531,122680
2026-07-13 11:30:00,34.41999816894531,34.41999816894531,34.41999816894531,34.41999816894531,84057
2026-07-13 11:45:00,34.41999816894531,34.41999816894531,34.41999816894531,34.41999816894531,103083
2026-07-13 12:00:00,34.41999816894531,34.41999816894531,34.41999816894531,34.41999816894531,78630
2026-07-13 12:15:00,34.41999816894531,34.41999816894531,34.41999816894531,34.41999816894531,192266
2026-07-13 12:30:00,34.41999816894531,34.41999816894531,34.41999816894531,34.41999816894531,66296
2026-07-13 12:45:00,34.41999816894531,34.41999816894531,34.41999816894531,34.41999816894531,36661
2026-07-13 13:00:00,34.41999816894531,34.41999816894531,34.41999816894531,34.41999816894531,18937
2026-07-13 13:15:00,34.41999816894531,34.41999816894531,34.41999816894531,34.41999816894531,17504
2026-07-13 13:30:00,34.41999816894531,34.41999816894531,34.41999816894531,34.41999816894531,33820
2026-07-13 13:45:00,34.41999816894531,34.41999816894531,34.41999816894531,34.41999816894531,24919
2026-07-13 14:00:00,34.41999816894531,34.41999816894531,34.41999816894531,34.41999816894531,14988
2026-07-13 14:15:00,34.41999816894531,34.41999816894531,34.41999816894531,34.41999816894531,19028
2026-07-13 14:30:00,34.41999816894531,34.41999816894531,34.41999816894531,34.41999816894531,10823
2026-07-13 14:45:00,34.41999816894531,34.41999816894531,34.41999816894531,34.41999816894531,7232
2026-07-13 15:00:00,34.41999816894531,34.41999816894531,34.41999816894531,34.41999816894531,11002
2026-07-13 15:15:00,34.41999816894531,34.41999816894531,34.41999816894531,34.41999816894531,19680
2026-07-13 15:30:00,34.41999816894531,34.41999816894531,34.41999816894531,34.41999816894531,30599
2026-07-13 15:45:00,34.41999816894531,34.41999816894531,34.41999816894531,34.41999816894531,7918
2026-07-13 16:00:00,34.41999816894531,34.41999816894531,34.41999816894531,34.41999816894531,44821
2026-07-13 16:15:00,34.41999816894531,34.41999816894531,34.41999816894531,34.41999816894531,10826
2026-07-13 16:30:00,34.41999816894531,34.41999816894531,34.41999816894531,34.41999816894531,118664
2026-07-13 16:45:00,34.41999816894531,34.41999816894531,34.41999816894531,34.41999816894531,34402
2026-07-13 17:00:00,34.41999816894531,34.41999816894531,34.41999816894531,34.41999816894531,22979
2026-07-13 17:15:00,34.41999816894531,34.41999816894531,34.41999816894531,34.41999816894531,410537
2026-07-13 17:30:00,34.41999816894531,34.41999816894531,34.41999816894531,34.41999816894531,56072
2026-07-13 17:45:00,34.41999816894531,34.41999816894531,34.41999816894531,34.41999816894531,51296
2026-07-14 09:45:00,35.70000076293945,35.70000076293945,35.70000076293945,35.70000076293945,0
2026-07-14 10:00:00,36.220001220703125,36.900001525878906,35.5,35.599998474121094,20595454
2026-07-14 10:15:00,36.7400016784668,36.97999954223633,35.84000015258789,36.220001220703125,7392127
2026-07-14 10:30:00,36.7599983215332,36.86000061035156,36.31999969482422,36.7400016784668,3869180
2026-07-14 10:45:00,36.279998779296875,36.779998779296875,36.20000076293945,36.7599983215332,2523337
2026-07-14 11:00:00,36.540000915527344,36.58000183105469,36.099998474121094,36.279998779296875,1937442
2026-07-14 11:15:00,36.2400016784668,36.540000915527344,36.20000076293945,36.540000915527344,887281
2026-07-14 11:30:00,35.7599983215332,36.2400016784668,35.47999954223633,36.220001220703125,3548188
2026-07-14 11:45:00,35.81999969482422,35.880001068115234,35.65999984741211,35.779998779296875,1785535
2026-07-14 12:00:00,35.439998626708984,35.81999969482422,35.31999969482422,35.81999969482422,1848847
2026-07-14 12:15:00,35.36000061035156,35.439998626708984,35.2400016784668,35.41999816894531,1685199
2026-07-14 12:30:00,35.439998626708984,35.63999938964844,35.2400016784668,35.380001068115234,1860971
2026-07-14 12:45:00,35.02000045776367,35.47999954223633,34.939998626708984,35.41999816894531,2144533
2026-07-14 13:00:00,34.779998779296875,35.099998474121094,34.68000030517578,35.02000045776367,2809093
2026-07-14 13:15:00,34.7599983215332,34.779998779296875,34.58000183105469,34.779998779296875,1579679
2026-07-14 13:30:00,34.779998779296875,34.81999969482422,34.41999816894531,34.7400016784668,1482157
2026-07-14 13:45:00,35.119998931884766,35.31999969482422,34.779998779296875,34.79999923706055,3622863
2026-07-14 14:00:00,35.119998931884766,35.5,35.040000915527344,35.119998931884766,2203174
2026-07-14 14:15:00,35.2400016784668,35.34000015258789,35.099998474121094,35.119998931884766,659010
2026-07-14 14:30:00,34.86000061035156,35.2400016784668,34.779998779296875,35.2400016784668,1155422
2026-07-14 14:45:00,34.939998626708984,34.97999954223633,34.779998779296875,34.86000061035156,949494
2026-07-14 15:00:00,34.79999923706055,34.97999954223633,34.779998779296875,34.959999084472656,552378
2026-07-14 15:15:00,34.7400016784668,34.84000015258789,34.70000076293945,34.79999923706055,601311
2026-07-14 15:30:00,34.7400016784668,34.91999816894531,34.720001220703125,34.7400016784668,861181
2026-07-14 15:45:00,35.91999816894531,36.02000045776367,34.720001220703125,34.7400016784668,4976048
2026-07-14 16:00:00,35.34000015258789,36.13999938964844,35.29999923706055,35.91999816894531,3883558
2026-07-14 16:15:00,35.279998779296875,35.400001525878906,35.20000076293945,35.34000015258789,1220167
2026-07-14 16:30:00,35.2599983215332,35.31999969482422,35.119998931884766,35.279998779296875,652987
2026-07-14 16:45:00,35.18000030517578,35.34000015258789,35.040000915527344,35.2599983215332,1201508
2026-07-14 17:00:00,35.2400016784668,35.63999938964844,35.060001373291016,35.220001220703125,1461776
2026-07-14 17:15:00,35.08000183105469,35.400001525878906,35.060001373291016,35.2400016784668,886735
2026-07-14 17:30:00,35.220001220703125,35.459999084472656,35.08000183105469,35.099998474121094,1788126
2026-07-14 17:45:00,34.97999954223633,35.70000076293945,34.91999816894531,35.220001220703125,3012681
2026-07-16 09:45:00,35.439998626708984,35.439998626708984,35.439998626708984,35.439998626708984,0
2026-07-16 10:00:00,34.63999938964844,35.68000030517578,34.63999938964844,35.439998626708984,4010104
2026-07-16 10:15:00,34.18000030517578,34.79999923706055,34.0,34.63999938964844,2975169
2026-07-16 10:30:00,34.2599983215332,34.29999923706055,34.099998474121094,34.15999984741211,1709695
2026-07-16 10:45:00,34.2400016784668,34.36000061035156,34.119998931884766,34.2599983215332,1082156
2026-07-16 11:00:00,34.18000030517578,34.2599983215332,34.02000045776367,34.2599983215332,1162611
2026-07-16 11:15:00,34.2400016784668,34.279998779296875,34.13999938964844,34.15999984741211,728510
2026-07-16 11:30:00,34.2400016784668,34.34000015258789,34.15999984741211,34.2400016784668,551387
2026-07-16 11:45:00,34.2400016784668,34.279998779296875,34.18000030517578,34.2400016784668,421284
2026-07-16 12:00:00,34.20000076293945,34.279998779296875,34.18000030517578,34.2400016784668,551517
2026-07-16 12:15:00,34.15999984741211,34.220001220703125,34.13999938964844,34.20000076293945,499799
2026-07-16 12:30:00,34.220001220703125,34.380001068115234,33.880001068115234,34.15999984741211,2274845
2026-07-16 12:45:00,34.18000030517578,34.2400016784668,34.15999984741211,34.220001220703125,518962
2026-07-16 13:00:00,34.18000030517578,34.220001220703125,34.099998474121094,34.18000030517578,438221
2026-07-16 13:15:00,34.18000030517578,34.2400016784668,34.15999984741211,34.18000030517578,290806
2026-07-16 13:30:00,34.15999984741211,34.20000076293945,34.119998931884766,34.18000030517578,319793
2026-07-16 13:45:00,34.13999938964844,34.15999984741211,34.060001373291016,34.15999984741211,521813
2026-07-16 14:00:00,34.099998474121094,34.13999938964844,34.040000915527344,34.13999938964844,340432
2026-07-16 14:15:00,34.099998474121094,34.119998931884766,34.040000915527344,34.08000183105469,326294
2026-07-16 14:30:00,34.08000183105469,34.13999938964844,34.08000183105469,34.099998474121094,373657
2026-07-16 14:45:00,34.099998474121094,34.099998474121094,34.0,34.08000183105469,583378
2026-07-16 15:00:00,34.060001373291016,34.099998474121094,34.02000045776367,34.099998474121094,492402
2026-07-16 15:15:00,34.099998474121094,34.119998931884766,34.060001373291016,34.08000183105469,548100
2026-07-16 15:30:00,34.08000183105469,34.119998931884766,34.0,34.099998474121094,828966
2026-07-16 15:45:00,34.040000915527344,34.099998474121094,34.0,34.08000183105469,365579
2026-07-16 16:00:00,33.939998626708984,34.040000915527344,33.939998626708984,34.040000915527344,504456
2026-07-16 16:15:00,33.959999084472656,33.97999954223633,33.900001525878906,33.959999084472656,314152
2026-07-16 16:30:00,34.040000915527344,34.060001373291016,33.959999084472656,33.97999954223633,297580
2026-07-16 16:45:00,34.08000183105469,34.099998474121094,34.02000045776367,34.040000915527344,260257
2026-07-16 17:00:00,34.599998474121094,34.86000061035156,34.060001373291016,34.060001373291016,1997241
2026-07-16 17:15:00,34.15999984741211,34.619998931884766,34.08000183105469,34.599998474121094,1498735
2026-07-16 17:30:00,34.400001525878906,34.459999084472656,34.060001373291016,34.15999984741211,832193
2026-07-16 17:45:00,34.20000076293945,34.5,34.13999938964844,34.400001525878906,1433415
2026-07-17 12:00:00,33.02000045776367,33.040000915527344,32.959999084472656,33.0,89082
2026-07-17 12:15:00,33.08000183105469,33.099998474121094,32.91999816894531,33.02000045776367,485224
2026-07-17 12:30:00,33.040000915527344,33.119998931884766,33.0,33.099998474121094,218056
2026-07-17 12:45:00,32.959999084472656,33.040000915527344,32.91999816894531,33.02000045776367,448522
2026-07-17 13:00:00,32.97999954223633,33.060001373291016,32.939998626708984,32.959999084472656,389951
2026-07-17 13:15:00,32.959999084472656,33.0,32.939998626708984,32.97999954223633,177630
2026-07-17 13:30:00,32.91999816894531,32.959999084472656,32.900001525878906,32.959999084472656,233818
2026-07-17 13:45:00,33.15999984741211,33.220001220703125,32.86000061035156,32.91999816894531,899110
2026-07-17 14:00:00,33.0,33.15999984741211,32.97999954223633,33.15999984741211,372458
2026-07-17 14:15:00,32.939998626708984,33.02000045776367,32.91999816894531,33.0,203254
2026-07-17 14:30:00,32.959999084472656,32.97999954223633,32.91999816894531,32.91999816894531,160841
2026-07-17 14:45:00,32.97999954223633,33.0,32.939998626708984,32.939998626708984,145074
2026-07-17 15:00:00,33.060001373291016,33.060001373291016,32.939998626708984,32.97999954223633,149041
2026-07-17 15:15:00,33.720001220703125,33.97999954223633,33.02000045776367,33.060001373291016,3284913
2026-07-17 15:30:00,33.279998779296875,33.779998779296875,33.2400016784668,33.7400016784668,1461000
2026-07-17 15:45:00,33.18000030517578,33.279998779296875,33.18000030517578,33.279998779296875,376194
2026-07-17 16:00:00,33.220001220703125,33.220001220703125,33.119998931884766,33.18000030517578,242698
2026-07-17 16:15:00,33.15999984741211,33.220001220703125,33.099998474121094,33.220001220703125,276752
2026-07-17 16:30:00,33.099998474121094,33.20000076293945,33.099998474121094,33.15999984741211,226424
2026-07-17 16:45:00,33.18000030517578,33.20000076293945,33.08000183105469,33.119998931884766,220961
2026-07-17 17:00:00,33.13999938964844,33.18000030517578,33.119998931884766,33.18000030517578,164474
2026-07-17 17:15:00,33.20000076293945,33.220001220703125,33.119998931884766,33.13999938964844,225680
2026-07-17 17:30:00,33.18000030517578,33.380001068115234,33.099998474121094,33.18000030517578,606967
2026-07-17 17:45:00,33.15999984741211,33.279998779296875,33.099998474121094,33.15999984741211,1107440
2026-07-20 09:45:00,33.18000030517578,33.18000030517578,33.18000030517578,33.18000030517578,0
2026-07-20 10:00:00,32.959999084472656,33.29999923706055,32.939998626708984,33.20000076293945,1545636
2026-07-20 10:15:00,32.939998626708984,33.0,32.540000915527344,32.959999084472656,1450388
2026-07-20 10:30:00,32.900001525878906,33.099998474121094,32.84000015258789,32.939998626708984,843538
2026-07-20 10:45:00,32.720001220703125,32.900001525878906,32.63999938964844,32.900001525878906,982089
2026-07-20 11:00:00,32.619998931884766,32.720001220703125,32.560001373291016,32.70000076293945,529417
2026-07-20 11:15:00,32.70000076293945,32.7400016784668,32.619998931884766,32.619998931884766,300910
2026-07-20 11:30:00,32.79999923706055,32.81999969482422,32.65999984741211,32.70000076293945,475592
2026-07-20 11:45:00,32.7599983215332,32.79999923706055,32.720001220703125,32.7599983215332,178291
2026-07-20 12:00:00,32.7599983215332,32.81999969482422,32.7400016784668,32.779998779296875,287162
2026-07-20 12:15:00,32.880001068115234,32.880001068115234,32.7599983215332,32.7599983215332,342420
2026-07-20 12:30:00,32.900001525878906,32.959999084472656,32.880001068115234,32.880001068115234,285357
2026-07-20 12:45:00,33.2400016784668,33.29999923706055,32.84000015258789,32.880001068115234,1915859
2026-07-20 13:00:00,33.2599983215332,33.540000915527344,33.220001220703125,33.2400016784668,1121792
2026-07-20 13:15:00,33.380001068115234,33.380001068115234,33.18000030517578,33.2599983215332,475949
2026-07-20 13:30:00,33.2400016784668,33.41999816894531,33.220001220703125,33.380001068115234,390614
2026-07-20 13:45:00,33.29999923706055,33.31999969482422,33.220001220703125,33.2400016784668,268216
2026-07-20 14:00:00,33.2400016784668,33.34000015258789,33.220001220703125,33.29999923706055,343280
2026-07-20 14:15:00,33.2400016784668,33.34000015258789,33.220001220703125,33.2400016784668,211197
2026-07-20 14:30:00,33.279998779296875,33.31999969482422,33.220001220703125,33.2400016784668,195209
2026-07-20 14:45:00,33.2400016784668,33.31999969482422,33.2400016784668,33.279998779296875,242868
2026-07-20 15:00:00,33.36000061035156,33.439998626708984,33.18000030517578,33.2599983215332,599431
2026-07-20 15:15:00,33.08000183105469,33.400001525878906,33.0,33.34000015258789,1067769
2026-07-20 15:30:00,33.040000915527344,33.119998931884766,33.02000045776367,33.08000183105469,202923
2026-07-20 15:45:00,33.0,33.08000183105469,32.97999954223633,33.040000915527344,325259
2026-07-20 16:00:00,32.91999816894531,33.060001373291016,32.880001068115234,33.0,307590
2026-07-20 16:15:00,32.939998626708984,33.02000045776367,32.91999816894531,32.91999816894531,356647
2026-07-20 16:30:00,32.959999084472656,33.02000045776367,32.939998626708984,32.939998626708984,238053
2026-07-20 16:45:00,32.86000061035156,32.959999084472656,32.81999969482422,32.959999084472656,362959
2026-07-20 17:00:00,32.959999084472656,33.0,32.84000015258789,32.84000015258789,349536
2026-07-20 17:15:00,32.900001525878906,32.97999954223633,32.779998779296875,32.959999084472656,561876
2026-07-20 17:30:00,32.79999923706055,32.939998626708984,32.779998779296875,32.880001068115234,553751
2026-07-20 17:45:00,32.65999984741211,32.84000015258789,32.63999938964844,32.779998779296875,1171108
2026-07-21 09:45:00,32.63999938964844,32.63999938964844,32.63999938964844,32.63999938964844,0
2026-07-21 10:00:00,32.34000015258789,32.79999923706055,32.2599983215332,32.65999984741211,1569267
2026-07-21 10:15:00,32.560001373291016,32.619998931884766,32.29999923706055,32.34000015258789,718715
2026-07-21 10:30:00,32.599998474121094,32.68000030517578,32.459999084472656,32.560001373291016,814824
2026-07-21 10:45:00,32.619998931884766,32.720001220703125,32.47999954223633,32.599998474121094,497686
2026-07-21 11:00:00,32.5,32.779998779296875,32.5,32.619998931884766,1049556
2026-07-21 11:15:00,32.619998931884766,32.65999984741211,32.5,32.5,499522
2026-07-21 11:30:00,32.540000915527344,32.619998931884766,32.5,32.619998931884766,325147
2026-07-21 11:45:00,32.459999084472656,32.540000915527344,32.459999084472656,32.540000915527344,280756
2026-07-21 12:00:00,32.52000045776367,32.560001373291016,32.41999816894531,32.439998626708984,359308
2026-07-21 12:15:00,32.58000183105469,32.58000183105469,32.47999954223633,32.52000045776367,188952
2026-07-21 12:30:00,32.63999938964844,32.65999984741211,32.540000915527344,32.58000183105469,364492
2026-07-21 12:45:00,32.58000183105469,32.65999984741211,32.560001373291016,32.619998931884766,151635
2026-07-21 13:00:00,32.68000030517578,32.779998779296875,32.560001373291016,32.58000183105469,652253
2026-07-21 13:15:00,32.58000183105469,32.68000030517578,32.540000915527344,32.68000030517578,293999
2026-07-21 13:30:00,32.5,32.619998931884766,32.5,32.599998474121094,319828
2026-07-21 13:45:00,32.560001373291016,32.599998474121094,32.5,32.52000045776367,256063
2026-07-21 14:00:00,32.52000045776367,32.619998931884766,32.47999954223633,32.58000183105469,626543
2026-07-21 14:15:00,32.31999969482422,32.5,32.31999969482422,32.5,438609
2026-07-21 14:30:00,32.36000061035156,32.439998626708984,32.29999923706055,32.31999969482422,303256
2026-07-21 14:45:00,32.2599983215332,32.41999816894531,32.2599983215332,32.36000061035156,346509
2026-07-21 15:00:00,32.380001068115234,32.439998626708984,32.2599983215332,32.279998779296875,330352
2026-07-21 15:15:00,32.20000076293945,32.380001068115234,32.18000030517578,32.36000061035156,326805
2026-07-21 15:30:00,32.060001373291016,32.220001220703125,32.060001373291016,32.20000076293945,371092
2026-07-21 15:45:00,32.119998931884766,32.15999984741211,32.060001373291016,32.060001373291016,249477
2026-07-21 16:00:00,32.29999923706055,32.29999923706055,32.099998474121094,32.119998931884766,346009
2026-07-21 16:15:00,32.31999969482422,32.400001525878906,32.20000076293945,32.29999923706055,360245
2026-07-21 16:30:00,32.15999984741211,32.31999969482422,32.15999984741211,32.31999969482422,240987
2026-07-21 16:45:00,32.2400016784668,32.31999969482422,32.15999984741211,32.18000030517578,417000
2026-07-21 17:00:00,32.2599983215332,32.279998779296875,32.18000030517578,32.220001220703125,223072
2026-07-21 17:15:00,32.36000061035156,32.36000061035156,32.20000076293945,32.2599983215332,292376
2026-07-21 17:30:00,32.34000015258789,32.380001068115234,32.29999923706055,32.34000015258789,391005
2026-07-21 17:45:00,32.31999969482422,32.380001068115234,32.279998779296875,32.36000061035156,702697
2026-07-22 09:45:00,32.31999969482422,32.31999969482422,32.31999969482422,32.31999969482422,0
2026-07-22 10:00:00,32.47999954223633,32.619998931884766,32.2599983215332,32.36000061035156,1238129
2026-07-22 10:15:00,32.380001068115234,32.63999938964844,32.36000061035156,32.5,908039
2026-07-22 10:30:00,32.2599983215332,32.400001525878906,32.13999938964844,32.400001525878906,772662
2026-07-22 10:45:00,32.400001525878906,32.41999816894531,32.2599983215332,32.279998779296875,671400
2026-07-22 11:00:00,32.34000015258789,32.400001525878906,32.29999923706055,32.380001068115234,291440
2026-07-22 11:15:00,32.400001525878906,32.400001525878906,32.29999923706055,32.36000061035156,354062
2026-07-22 11:30:00,32.279998779296875,32.459999084472656,32.2400016784668,32.41999816894531,409479
2026-07-22 11:45:00,32.380001068115234,32.5,32.2599983215332,32.29999923706055,459587
2026-07-22 12:00:00,32.36000061035156,32.41999816894531,32.34000015258789,32.380001068115234,244285
2026-07-22 12:15:00,32.29999923706055,32.400001525878906,32.29999923706055,32.36000061035156,156697
2026-07-22 12:30:00,32.31999969482422,32.34000015258789,32.2400016784668,32.31999969482422,332071
2026-07-22 12:45:00,32.31999969482422,32.34000015258789,32.2400016784668,32.29999923706055,215100
2026-07-22 13:00:00,32.36000061035156,32.36000061035156,32.279998779296875,32.31999969482422,137438
2026-07-22 13:15:00,32.400001525878906,32.41999816894531,32.34000015258789,32.34000015258789,318266
2026-07-22 13:30:00,33.08000183105469,33.18000030517578,32.380001068115234,32.400001525878906,2957305
2026-07-22 13:45:00,33.099998474121094,33.31999969482422,32.720001220703125,33.099998474121094,2926808
2026-07-22 14:00:00,33.040000915527344,33.2400016784668,32.939998626708984,33.099998474121094,1412559
2026-07-22 14:15:00,33.29999923706055,33.29999923706055,32.959999084472656,33.040000915527344,1013181
2026-07-22 14:30:00,33.560001373291016,33.900001525878906,33.2400016784668,33.279998779296875,4115741
2026-07-22 14:45:00,33.65999984741211,33.7400016784668,33.31999969482422,33.560001373291016,1615664
2026-07-22 15:00:00,33.5,33.70000076293945,33.459999084472656,33.65999984741211,650434
2026-07-22 15:15:00,33.29999923706055,33.599998474121094,33.279998779296875,33.52000045776367,645922
2026-07-22 15:30:00,33.2599983215332,33.34000015258789,33.040000915527344,33.29999923706055,1393161
2026-07-22 15:45:00,33.20000076293945,33.34000015258789,33.18000030517578,33.2599983215332,479247
2026-07-22 16:00:00,33.13999938964844,33.279998779296875,33.119998931884766,33.220001220703125,344865
2026-07-22 16:15:00,33.2400016784668,33.2599983215332,32.97999954223633,33.13999938964844,529241
2026-07-22 16:30:00,33.34000015258789,33.459999084472656,33.2400016784668,33.2400016784668,910707
2026-07-22 16:45:00,33.560001373291016,33.65999984741211,33.29999923706055,33.34000015258789,938768
2026-07-22 17:00:00,33.380001068115234,33.65999984741211,33.36000061035156,33.540000915527344,915321
2026-07-22 17:15:00,33.36000061035156,33.400001525878906,33.220001220703125,33.400001525878906,358386
2026-07-22 17:30:00,33.439998626708984,33.65999984741211,33.34000015258789,33.36000061035156,1142640
2026-07-22 17:45:00,33.29999923706055,33.5,33.220001220703125,33.459999084472656,1365097
2026-07-23 09:45:00,33.439998626708984,33.439998626708984,33.439998626708984,33.439998626708984,0
2026-07-23 10:00:00,33.560001373291016,33.81999969482422,33.2599983215332,33.459999084472656,2014963
2026-07-23 10:15:00,34.0,34.0,33.36000061035156,33.58000183105469,1599403
2026-07-23 10:30:00,34.18000030517578,34.459999084472656,33.84000015258789,34.040000915527344,2716941
2026-07-23 10:45:00,34.040000915527344,34.279998779296875,33.900001525878906,34.18000030517578,948471
2026-07-23 11:00:00,33.959999084472656,34.13999938964844,33.900001525878906,34.060001373291016,531813
2026-07-23 11:15:00,33.81999969482422,33.97999954223633,33.7599983215332,33.97999954223633,708394
2026-07-23 11:30:00,33.619998931884766,33.79999923706055,33.599998474121094,33.79999923706055,593515
2026-07-23 11:45:00,33.7400016784668,33.79999923706055,33.619998931884766,33.619998931884766,382843
2026-07-23 12:00:00,33.79999923706055,33.86000061035156,33.70000076293945,33.7599983215332,246262
2026-07-23 12:15:00,33.779998779296875,33.79999923706055,33.7400016784668,33.79999923706055,198967
2026-07-23 12:30:00,33.63999938964844,33.81999969482422,33.619998931884766,33.779998779296875,1067859
2026-07-23 12:45:00,33.619998931884766,33.63999938964844,33.560001373291016,33.63999938964844,344192
2026-07-23 13:00:00,33.52000045776367,33.619998931884766,33.5,33.619998931884766,490095
2026-07-23 13:15:00,33.5,33.58000183105469,33.439998626708984,33.540000915527344,887705
2026-07-23 13:30:00,33.47999954223633,33.540000915527344,33.41999816894531,33.47999954223633,249440
2026-07-23 13:45:00,33.439998626708984,33.47999954223633,33.380001068115234,33.459999084472656,312758
2026-07-23 14:00:00,33.2400016784668,33.439998626708984,33.20000076293945,33.439998626708984,887213
2026-07-23 14:15:00,33.040000915527344,33.279998779296875,33.0,33.2599983215332,767683
2026-07-23 14:30:00,33.220001220703125,33.2599983215332,32.939998626708984,33.040000915527344,721920
2026-07-23 14:45:00,33.279998779296875,33.380001068115234,33.13999938964844,33.220001220703125,542562
2026-07-23 15:00:00,33.20000076293945,33.279998779296875,33.18000030517578,33.279998779296875,245286
2026-07-23 15:15:00,33.02000045776367,33.2599983215332,32.959999084472656,33.220001220703125,532531
2026-07-23 15:30:00,33.02000045776367,33.13999938964844,32.97999954223633,33.02000045776367,383942
2026-07-23 15:45:00,33.060001373291016,33.099998474121094,33.0,33.02000045776367,242526
2026-07-23 16:00:00,33.0,33.060001373291016,32.97999954223633,33.040000915527344,221862
2026-07-23 16:15:00,33.20000076293945,33.2599983215332,32.97999954223633,33.02000045776367,357960
2026-07-23 16:30:00,33.13999938964844,33.20000076293945,33.13999938964844,33.20000076293945,139835
2026-07-23 16:45:00,33.060001373291016,33.15999984741211,33.060001373291016,33.13999938964844,156583
2026-07-23 17:00:00,33.0,33.099998474121094,32.959999084472656,33.060001373291016,384861
2026-07-23 17:15:00,33.119998931884766,33.13999938964844,32.939998626708984,33.0,385159
2026-07-23 17:30:00,33.29999923706055,33.400001525878906,33.08000183105469,33.099998474121094,1047359
2026-07-23 17:45:00,33.099998474121094,33.380001068115234,33.040000915527344,33.31999969482422,848075
2026-07-24 09:45:00,34.900001525878906,34.900001525878906,34.900001525878906,34.900001525878906,0
2026-07-24 10:00:00,34.13999938964844,35.459999084472656,34.060001373291016,34.900001525878906,9234318
2026-07-24 10:15:00,34.040000915527344,34.15999984741211,33.7400016784668,34.15999984741211,2745279
2026-07-24 10:30:00,33.939998626708984,34.20000076293945,33.880001068115234,34.040000915527344,1222317
2026-07-24 10:45:00,33.79999923706055,33.959999084472656,33.779998779296875,33.91999816894531,594318
2026-07-24 11:00:00,33.7599983215332,33.84000015258789,33.70000076293945,33.79999923706055,832642
2026-07-24 11:15:00,33.65999984741211,33.7599983215332,33.599998474121094,33.7599983215332,601829
2026-07-24 11:30:00,33.65999984741211,33.70000076293945,33.58000183105469,33.65999984741211,434850
2026-07-24 11:45:00,33.599998474121094,33.65999984741211,33.58000183105469,33.63999938964844,357543
2026-07-24 12:00:00,33.52000045776367,33.65999984741211,33.5,33.599998474121094,289499
2026-07-24 12:15:00,33.5,33.540000915527344,33.41999816894531,33.52000045776367,532600
2026-07-24 12:30:00,33.5,33.540000915527344,33.47999954223633,33.5,259860
2026-07-24 12:45:00,33.63999938964844,33.779998779296875,33.5,33.5,547639
2026-07-24 13:00:00,33.599998474121094,33.65999984741211,33.560001373291016,33.619998931884766,229898
2026-07-24 13:15:00,33.560001373291016,33.7599983215332,33.5,33.619998931884766,307207
2026-07-24 13:30:00,34.2599983215332,34.540000915527344,33.52000045776367,33.560001373291016,2485128
2026-07-24 13:45:00,33.900001525878906,34.2599983215332,33.79999923706055,34.2400016784668,1269399
2026-07-24 14:00:00,34.060001373291016,34.20000076293945,33.84000015258789,33.900001525878906,622388
2026-07-24 14:15:00,34.060001373291016,34.13999938964844,34.02000045776367,34.040000915527344,422343
2026-07-24 14:30:00,33.79999923706055,34.08000183105469,33.5,34.060001373291016,795226
2026-07-24 14:45:00,33.81999969482422,33.86000061035156,33.779998779296875,33.79999923706055,264073
2026-07-24 15:00:00,34.15999984741211,34.2400016784668,33.79999923706055,33.79999923706055,524594
2026-07-24 15:15:00,33.91999816894531,34.15999984741211,33.880001068115234,34.15999984741211,557044
2026-07-24 15:30:00,33.880001068115234,33.959999084472656,33.84000015258789,33.91999816894531,270930
2026-07-24 15:45:00,33.86000061035156,34.02000045776367,33.84000015258789,33.86000061035156,269460
2026-07-24 16:00:00,33.65999984741211,33.900001525878906,33.619998931884766,33.86000061035156,468200
2026-07-24 16:15:00,33.619998931884766,33.720001220703125,33.540000915527344,33.65999984741211,473235
2026-07-24 16:30:00,33.599998474121094,33.720001220703125,33.560001373291016,33.63999938964844,334745
2026-07-24 16:45:00,33.52000045776367,33.63999938964844,33.5,33.599998474121094,304953
2026-07-24 17:00:00,33.540000915527344,33.599998474121094,33.47999954223633,33.540000915527344,351993
2026-07-24 17:15:00,33.459999084472656,33.58000183105469,33.36000061035156,33.58000183105469,627705
2026-07-24 17:30:00,33.91999816894531,34.119998931884766,33.31999969482422,33.439998626708984,1990057
2026-07-24 17:45:00,33.65999984741211,34.0,33.63999938964844,33.91999816894531,1082842
2026-07-27 09:45:00,34.0,34.0,34.0,34.0,0
2026-07-27 10:00:00,35.2400016784668,35.880001068115234,34.02000045776367,34.02000045776367,10896227
2026-07-27 10:15:00,35.560001373291016,35.720001220703125,35.220001220703125,35.2400016784668,3785330
2026-07-27 10:30:00,35.70000076293945,35.7599983215332,35.29999923706055,35.540000915527344,2258477
2026-07-27 10:45:00,35.540000915527344,35.70000076293945,35.36000061035156,35.70000076293945,1644320
2026-07-27 11:00:00,35.02000045776367,35.63999938964844,34.97999954223633,35.540000915527344,2521421
2026-07-27 11:15:00,35.18000030517578,35.279998779296875,34.939998626708984,35.02000045776367,1597493
2026-07-27 11:30:00,35.31999969482422,35.36000061035156,35.02000045776367,35.18000030517578,1918038
2026-07-27 11:45:00,35.15999984741211,35.400001525878906,35.15999984741211,35.31999969482422,629509
2026-07-27 12:00:00,34.959999084472656,35.15999984741211,34.900001525878906,35.15999984741211,818302
2026-07-27 12:15:00,35.02000045776367,35.060001373291016,34.880001068115234,34.959999084472656,436964
2026-07-27 12:30:00,35.13999938964844,35.15999984741211,35.0,35.040000915527344,340285
2026-07-27 12:45:00,35.040000915527344,35.220001220703125,35.02000045776367,35.13999938964844,387327
2026-07-27 13:00:00,35.099998474121094,35.119998931884766,34.84000015258789,35.040000915527344,696207
2026-07-27 13:15:00,35.279998779296875,35.380001068115234,35.040000915527344,35.08000183105469,870691
2026-07-27 13:30:00,35.20000076293945,35.34000015258789,35.15999984741211,35.2599983215332,437138
2026-07-27 13:45:00,35.47999954223633,35.599998474121094,35.13999938964844,35.20000076293945,1200680
2026-07-27 14:00:00,35.36000061035156,35.58000183105469,35.29999923706055,35.47999954223633,734959
2026-07-27 14:15:00,35.2400016784668,35.380001068115234,35.08000183105469,35.34000015258789,751515
2026-07-27 14:30:00,35.31999969482422,35.34000015258789,35.18000030517578,35.2400016784668,370162
2026-07-27 14:45:00,35.5,35.68000030517578,35.279998779296875,35.29999923706055,871260
2026-07-27 15:00:00,35.439998626708984,35.65999984741211,35.400001525878906,35.47999954223633,770422
2026-07-27 15:15:00,35.36000061035156,35.52000045776367,35.29999923706055,35.439998626708984,591056
2026-07-27 15:30:00,35.34000015258789,35.439998626708984,35.31999969482422,35.34000015258789,266887
2026-07-27 15:45:00,35.20000076293945,35.47999954223633,35.18000030517578,35.34000015258789,606209
2026-07-27 16:00:00,34.900001525878906,35.2400016784668,34.81999969482422,35.20000076293945,1167014
2026-07-27 16:15:00,34.81999969482422,34.939998626708984,34.779998779296875,34.880001068115234,531659
2026-07-27 16:30:00,34.7599983215332,34.959999084472656,34.7400016784668,34.81999969482422,448056
2026-07-27 16:45:00,34.599998474121094,34.86000061035156,34.560001373291016,34.7599983215332,785902
2026-07-27 17:00:00,34.58000183105469,34.720001220703125,34.52000045776367,34.619998931884766,657199
2026-07-27 17:15:00,34.5,34.720001220703125,34.459999084472656,34.58000183105469,557062
2026-07-27 17:30:00,34.68000030517578,34.70000076293945,34.400001525878906,34.5,736567
2026-07-27 17:45:00,34.560001373291016,34.7400016784668,34.400001525878906,34.68000030517578,1014374
2026-07-28 09:45:00,34.599998474121094,34.599998474121094,34.599998474121094,34.599998474121094,0
2026-07-28 10:00:00,35.099998474121094,35.13999938964844,34.220001220703125,34.619998931884766,3086206
2026-07-28 10:15:00,34.7599983215332,35.220001220703125,34.599998474121094,35.13999938964844,2564778
2026-07-28 10:30:00,34.41999816894531,34.79999923706055,34.380001068115234,34.7599983215332,889622
2026-07-28 10:45:00,34.41999816894531,34.68000030517578,34.36000061035156,34.41999816894531,574792
2026-07-28 11:00:00,34.20000076293945,34.459999084472656,34.20000076293945,34.41999816894531,544789
2026-07-28 11:15:00,34.2599983215332,34.5,34.060001373291016,34.20000076293945,899961
2026-07-28 11:30:00,34.380001068115234,34.41999816894531,34.220001220703125,34.2400016784668,205602
2026-07-28 11:45:00,34.31999969482422,34.380001068115234,34.279998779296875,34.380001068115234,172921
2026-07-28 12:00:00,34.279998779296875,34.41999816894531,34.2599983215332,34.31999969482422,264979
2026-07-28 12:15:00,34.099998474121094,34.279998779296875,34.02000045776367,34.279998779296875,354293
2026-07-28 12:30:00,34.20000076293945,34.279998779296875,34.0,34.060001373291016,405262
2026-07-28 12:45:00,34.20000076293945,34.36000061035156,34.20000076293945,34.220001220703125,326568
2026-07-28 13:00:00,34.15999984741211,34.2400016784668,34.15999984741211,34.220001220703125,160739
2026-07-28 13:15:00,34.060001373291016,34.20000076293945,34.060001373291016,34.18000030517578,196324
2026-07-28 13:30:00,33.84000015258789,34.099998474121094,33.7599983215332,34.060001373291016,1002461
2026-07-28 13:45:00,33.81999969482422,34.0,33.779998779296875,33.84000015258789,410943
2026-07-28 14:00:00,33.86000061035156,33.86000061035156,33.7599983215332,33.84000015258789,422075
2026-07-28 14:15:00,33.599998474121094,33.86000061035156,33.599998474121094,33.86000061035156,445937
2026-07-28 14:30:00,33.720001220703125,33.7400016784668,33.58000183105469,33.619998931884766,268051
2026-07-28 14:45:00,33.560001373291016,33.7400016784668,33.540000915527344,33.720001220703125,539790
2026-07-28 15:00:00,33.720001220703125,33.7400016784668,33.540000915527344,33.540000915527344,494142
2026-07-28 15:15:00,33.70000076293945,33.81999969482422,33.5,33.70000076293945,531409
2026-07-28 15:30:00,33.65999984741211,33.7599983215332,33.63999938964844,33.68000030517578,120378
2026-07-28 15:45:00,33.79999923706055,33.84000015258789,33.63999938964844,33.65999984741211,241537
2026-07-28 16:00:00,33.7599983215332,33.81999969482422,33.70000076293945,33.79999923706055,67020
2026-07-28 16:15:00,33.63999938964844,33.91999816894531,33.63999938964844,33.779998779296875,516033
2026-07-28 16:30:00,33.65999984741211,33.70000076293945,33.599998474121094,33.65999984741211,194685
2026-07-28 16:45:00,33.5,33.68000030517578,33.47999954223633,33.65999984741211,451739
2026-07-28 17:00:00,33.439998626708984,33.540000915527344,33.2400016784668,33.540000915527344,715832
2026-07-28 17:15:00,33.400001525878906,33.439998626708984,33.2599983215332,33.41999816894531,291444
2026-07-28 17:30:00,33.380001068115234,33.540000915527344,33.36000061035156,33.41999816894531,357436
2026-07-28 17:45:00,32.880001068115234,33.400001525878906,32.880001068115234,33.380001068115234,702289
2026-07-29 09:45:00,32.900001525878906,32.900001525878906,32.900001525878906,32.900001525878906,0
2026-07-29 10:00:00,31.940000534057617,33.0,31.81999969482422,32.91999816894531,2781636
2026-07-29 10:15:00,31.540000915527344,32.0,31.540000915527344,31.940000534057617,2041041
2026-07-29 10:30:00,31.65999984741211,31.760000228881836,31.520000457763672,31.559999465942383,849744
2026-07-29 10:45:00,31.68000030517578,31.719999313354492,31.639999389648438,31.68000030517578,373498
2026-07-29 11:00:00,31.559999465942383,31.719999313354492,31.540000915527344,31.68000030517578,607532
2026-07-29 11:15:00,31.579999923706055,31.6200008392334,31.459999084472656,31.559999465942383,600358
2026-07-29 11:30:00,31.719999313354492,31.719999313354492,31.540000915527344,31.579999923706055,315970
2026-07-29 11:45:00,31.780000686645508,31.799999237060547,31.719999313354492,31.719999313354492,298720
2026-07-29 12:00:00,31.68000030517578,31.780000686645508,31.68000030517578,31.760000228881836,182827
2026-07-29 12:15:00,31.719999313354492,31.719999313354492,31.639999389648438,31.68000030517578,181285
2026-07-29 12:30:00,31.739999771118164,31.760000228881836,31.65999984741211,31.700000762939453,212605
2026-07-29 12:45:00,31.760000228881836,31.780000686645508,31.700000762939453,31.760000228881836,225409
2026-07-29 13:00:00,31.700000762939453,31.760000228881836,31.68000030517578,31.760000228881836,173386
2026-07-29 13:15:00,31.719999313354492,31.719999313354492,31.65999984741211,31.700000762939453,93968
2026-07-29 13:30:00,31.65999984741211,31.719999313354492,31.6200008392334,31.700000762939453,378249
2026-07-29 13:45:00,31.579999923706055,31.8799991607666,31.559999465942383,31.65999984741211,1351634
2026-07-29 14:00:00,31.420000076293945,31.579999923706055,31.3799991607666,31.579999923706055,597713
2026-07-29 14:15:00,31.479999542236328,31.520000457763672,31.3799991607666,31.420000076293945,235106
2026-07-29 14:30:00,31.5,31.5,31.399999618530273,31.479999542236328,251343
2026-07-29 14:45:00,31.479999542236328,31.559999465942383,31.459999084472656,31.520000457763672,164569
2026-07-29 15:00:00,31.479999542236328,31.5,31.420000076293945,31.479999542236328,115821
2026-07-29 15:15:00,31.31999969482422,31.479999542236328,31.260000228881836,31.479999542236328,386569
2026-07-29 15:30:00,31.399999618530273,31.420000076293945,31.280000686645508,31.31999969482422,165943
2026-07-29 15:45:00,31.3799991607666,31.459999084472656,31.34000015258789,31.399999618530273,111830
2026-07-29 16:00:00,31.440000534057617,31.459999084472656,31.34000015258789,31.3799991607666,203012
2026-07-29 16:15:00,31.559999465942383,31.719999313354492,31.360000610351562,31.440000534057617,640355
2026-07-29 16:30:00,31.559999465942383,31.65999984741211,31.420000076293945,31.559999465942383,387075
2026-07-29 16:45:00,31.420000076293945,31.559999465942383,31.3799991607666,31.559999465942383,230892
2026-07-29 17:00:00,31.260000228881836,31.420000076293945,31.260000228881836,31.420000076293945,233186
2026-07-29 17:15:00,31.479999542236328,31.520000457763672,31.280000686645508,31.299999237060547,348852
2026-07-29 17:30:00,31.399999618530273,31.6200008392334,31.34000015258789,31.459999084472656,703190
2026-07-29 17:45:00,31.440000534057617,31.559999465942383,31.299999237060547,31.399999618530273,902117
2026-07-30 09:45:00,31.520000457763672,31.520000457763672,31.520000457763672,31.520000457763672,0
2026-07-30 10:00:00,31.3799991607666,31.719999313354492,31.020000457763672,31.559999465942383,1642348
2026-07-30 10:15:00,31.239999771118164,32.2400016784668,31.18000030517578,31.360000610351562,5358832
2026-07-30 10:30:00,31.100000381469727,31.260000228881836,31.040000915527344,31.219999313354492,824961
2026-07-30 10:45:00,31.200000762939453,31.34000015258789,31.079999923706055,31.100000381469727,463623
2026-07-30 11:00:00,31.219999313354492,31.31999969482422,31.18000030517578,31.200000762939453,651404
2026-07-30 11:15:00,31.139999389648438,31.219999313354492,31.059999465942383,31.219999313354492,582862
2026-07-30 11:30:00,31.18000030517578,31.420000076293945,31.1200008392334,31.139999389648438,984264
2026-07-30 11:45:00,31.1200008392334,31.219999313354492,31.1200008392334,31.18000030517578,258060
2026-07-30 12:00:00,31.18000030517578,31.18000030517578,31.100000381469727,31.1200008392334,259766
2026-07-30 12:15:00,31.31999969482422,31.31999969482422,31.139999389648438,31.15999984741211,381228
2026-07-30 12:30:00,31.18000030517578,31.299999237060547,31.100000381469727,31.299999237060547,391881
2026-07-30 12:45:00,31.1200008392334,31.200000762939453,31.1200008392334,31.18000030517578,171513
2026-07-30 13:00:00,31.079999923706055,31.139999389648438,31.059999465942383,31.1200008392334,417186
2026-07-30 13:15:00,31.200000762939453,31.219999313354492,31.079999923706055,31.079999923706055,192871
2026-07-30 13:30:00,31.200000762939453,31.260000228881836,31.18000030517578,31.219999313354492,207697
2026-07-30 13:45:00,31.260000228881836,31.3799991607666,31.18000030517578,31.200000762939453,503136
2026-07-30 14:00:00,31.18000030517578,31.299999237060547,31.15999984741211,31.260000228881836,263984
2026-07-30 14:15:00,31.18000030517578,31.219999313354492,31.15999984741211,31.15999984741211,75306
2026-07-30 14:30:00,31.100000381469727,31.18000030517578,31.040000915527344,31.18000030517578,407167
2026-07-30 14:45:00,31.0,31.100000381469727,30.959999084472656,31.100000381469727,331535
2026-07-30 15:00:00,30.860000610351562,31.0,30.760000228881836,31.0,511984
2026-07-30 15:15:00,30.84000015258789,30.940000534057617,30.81999969482422,30.860000610351562,224604
2026-07-30 15:30:00,30.780000686645508,30.84000015258789,30.719999313354492,30.84000015258789,177628
2026-07-30 15:45:00,30.65999984741211,30.860000610351562,30.639999389648438,30.780000686645508,432338
2026-07-30 16:00:00,30.65999984741211,30.760000228881836,30.639999389648438,30.65999984741211,260887
2026-07-30 16:15:00,30.579999923706055,30.700000762939453,30.5,30.65999984741211,589715
2026-07-30 16:30:00,30.579999923706055,30.600000381469727,30.520000457763672,30.579999923706055,191179
2026-07-30 16:45:00,30.520000457763672,30.68000030517578,30.459999084472656,30.579999923706055,477604
2026-07-30 17:00:00,30.600000381469727,30.68000030517578,30.399999618530273,30.520000457763672,606398
2026-07-30 17:15:00,30.65999984741211,30.739999771118164,30.600000381469727,30.6200008392334,284663
2026-07-30 17:30:00,30.799999237060547,30.81999969482422,30.639999389648438,30.65999984741211,332657
2026-07-30 17:45:00,30.739999771118164,30.8799991607666,30.68000030517578,30.799999237060547,931395
2026-07-31 09:45:00,30.920000076293945,30.920000076293945,30.920000076293945,30.920000076293945,0
2026-07-31 10:00:00,31.079999923706055,31.1200008392334,30.799999237060547,30.979999542236328,1002423
2026-07-31 10:15:00,30.700000762939453,31.18000030517578,30.639999389648438,31.079999923706055,1135985
2026-07-31 10:30:00,30.700000762939453,30.799999237060547,30.639999389648438,30.719999313354492,427482
2026-07-31 10:45:00,30.68000030517578,30.780000686645508,30.68000030517578,30.700000762939453,198900
2026-07-31 11:00:00,30.360000610351562,30.68000030517578,30.360000610351562,30.68000030517578,904365
2026-07-31 11:15:00,29.780000686645508,30.3799991607666,29.459999084472656,30.360000610351562,2340285
2026-07-31 11:30:00,29.600000381469727,29.81999969482422,29.579999923706055,29.799999237060547,967360
2026-07-31 11:45:00,29.459999084472656,29.600000381469727,29.459999084472656,29.600000381469727,988385
2026-07-31 12:00:00,29.520000457763672,29.579999923706055,29.420000076293945,29.479999542236328,637079
2026-07-31 12:15:00,29.559999465942383,29.6200008392334,29.520000457763672,29.520000457763672,435417
2026-07-31 12:30:00,29.639999389648438,29.639999389648438,29.520000457763672,29.559999465942383,245504
2026-07-31 12:45:00,29.65999984741211,29.65999984741211,29.540000915527344,29.6200008392334,334257
2026-07-31 13:00:00,29.65999984741211,29.700000762939453,29.559999465942383,29.65999984741211,372845
2026-07-31 13:15:00,29.639999389648438,29.68000030517578,29.6200008392334,29.68000030517578,122464
2026-07-31 13:30:00,29.65999984741211,29.700000762939453,29.6200008392334,29.639999389648438,169449
2026-07-31 13:45:00,29.65999984741211,29.760000228881836,29.6200008392334,29.65999984741211,278167
2026-07-31 14:00:00,29.65999984741211,29.700000762939453,29.6200008392334,29.639999389648438,142884
2026-07-31 14:15:00,29.68000030517578,29.739999771118164,29.6200008392334,29.65999984741211,127378
2026-07-31 14:30:00,29.600000381469727,29.700000762939453,29.579999923706055,29.700000762939453,408720
2026-07-31 14:45:00,29.6200008392334,29.65999984741211,29.559999465942383,29.6200008392334,201877
2026-07-31 15:00:00,29.5,29.639999389648438,29.459999084472656,29.6200008392334,462213
2026-07-31 15:15:00,29.520000457763672,29.520000457763672,29.440000534057617,29.5,339584
2026-07-31 15:30:00,29.579999923706055,29.579999923706055,29.440000534057617,29.5,204356
2026-07-31 15:45:00,29.65999984741211,29.719999313354492,29.559999465942383,29.559999465942383,263469
2026-07-31 16:00:00,29.920000076293945,29.959999084472656,29.6200008392334,29.65999984741211,774702
2026-07-31 16:15:00,29.979999542236328,30.059999465942383,29.940000534057617,29.940000534057617,457568
2026-07-31 16:30:00,30.100000381469727,30.200000762939453,29.979999542236328,30.0,789136
2026-07-31 16:45:00,30.139999389648438,30.139999389648438,29.920000076293945,30.100000381469727,504192
2026-07-31 17:00:00,30.219999313354492,30.5,30.100000381469727,30.139999389648438,942228
2026-07-31 17:15:00,30.239999771118164,30.5,30.219999313354492,30.360000610351562,569773
2026-07-31 17:45:00,30.239999771118164,30.260000228881836,30.200000762939453,30.239999771118164,80459
2026-08-03 09:45:00,31.219999313354492,31.219999313354492,31.219999313354492,31.219999313354492,0
2026-08-03 10:00:00,30.719999313354492,31.280000686645508,30.700000762939453,31.219999313354492,1417434
2026-08-03 10:15:00,30.420000076293945,30.700000762939453,30.280000686645508,30.700000762939453,1424410
2026-08-03 10:30:00,30.420000076293945,30.559999465942383,30.360000610351562,30.420000076293945,411312
2026-08-03 10:45:00,30.34000015258789,30.459999084472656,30.299999237060547,30.420000076293945,377913
2026-08-03 11:00:00,30.299999237060547,30.3799991607666,30.239999771118164,30.34000015258789,375795
2026-08-03 11:15:00,30.299999237060547,30.34000015258789,30.260000228881836,30.31999969482422,325783
2026-08-03 11:30:00,30.34000015258789,30.3799991607666,30.280000686645508,30.299999237060547,142961
2026-08-03 11:45:00,30.360000610351562,30.399999618530273,30.280000686645508,30.34000015258789,297479
2026-08-03 12:00:00,30.399999618530273,30.420000076293945,30.31999969482422,30.360000610351562,174732
2026-08-03 12:15:00,30.420000076293945,30.459999084472656,30.31999969482422,30.399999618530273,239137
2026-08-03 12:30:00,30.31999969482422,30.420000076293945,30.280000686645508,30.420000076293945,258512
2026-08-03 12:45:00,30.31999969482422,30.34000015258789,30.280000686645508,30.31999969482422,314699
2026-08-03 13:00:00,30.280000686645508,30.31999969482422,30.239999771118164,30.31999969482422,388794
2026-08-03 13:15:00,30.200000762939453,30.280000686645508,30.1200008392334,30.280000686645508,369227
2026-08-03 13:30:00,30.139999389648438,30.219999313354492,30.1200008392334,30.200000762939453,218082
2026-08-03 13:45:00,30.059999465942383,30.139999389648438,29.979999542236328,30.139999389648438,483271
2026-08-03 14:00:00,30.100000381469727,30.1200008392334,30.040000915527344,30.059999465942383,226035
2026-08-03 14:15:00,30.059999465942383,30.100000381469727,30.020000457763672,30.100000381469727,157188
2026-08-03 14:30:00,30.079999923706055,30.139999389648438,30.040000915527344,30.040000915527344,128180
2026-08-03 14:45:00,30.100000381469727,30.139999389648438,30.059999465942383,30.100000381469727,140609
2026-08-03 15:00:00,30.059999465942383,30.139999389648438,30.059999465942383,30.100000381469727,147046
2026-08-03 15:15:00,30.020000457763672,30.100000381469727,30.020000457763672,30.079999923706055,208190
2026-08-03 15:30:00,30.020000457763672,30.079999923706055,30.0,30.020000457763672,143041
2026-08-03 15:45:00,30.0,30.020000457763672,29.940000534057617,30.020000457763672,277659
2026-08-03 16:00:00,29.959999084472656,30.040000915527344,29.959999084472656,30.0,143255
2026-08-03 16:15:00,29.940000534057617,30.0,29.920000076293945,29.959999084472656,309396
2026-08-03 16:30:00,29.799999237060547,29.979999542236328,29.739999771118164,29.920000076293945,590809
2026-08-03 16:45:00,29.899999618530273,29.899999618530273,29.780000686645508,29.799999237060547,265873
2026-08-03 17:00:00,29.899999618530273,29.920000076293945,29.81999969482422,29.899999618530273,236699
2026-08-03 17:15:00,29.920000076293945,30.0,29.860000610351562,29.920000076293945,370560
2026-08-03 17:30:00,29.940000534057617,30.059999465942383,29.899999618530273,29.920000076293945,498434
2026-08-03 17:45:00,29.959999084472656,30.079999923706055,29.920000076293945,29.959999084472656,801442
2026-08-04 09:45:00,30.040000915527344,30.040000915527344,30.040000915527344,30.040000915527344,0
2026-08-04 10:00:00,29.940000534057617,30.18000030517578,29.780000686645508,30.040000915527344,1380947
2026-08-04 10:15:00,30.079999923706055,30.139999389648438,29.8799991607666,29.940000534057617,642986
2026-08-04 10:30:00,30.18000030517578,30.260000228881836,30.020000457763672,30.059999465942383,513380
2026-08-04 10:45:00,30.1200008392334,30.200000762939453,30.079999923706055,30.18000030517578,326445
2026-08-04 11:00:00,30.260000228881836,30.260000228881836,30.079999923706055,30.1200008392334,203504
2026-08-04 11:15:00,30.059999465942383,30.239999771118164,30.040000915527344,30.239999771118164,254978
2026-08-04 11:30:00,30.299999237060547,30.299999237060547,30.059999465942383,30.079999923706055,373056
2026-08-04 11:45:00,30.1200008392334,30.299999237060547,30.1200008392334,30.299999237060547,441045
2026-08-04 12:00:00,29.979999542236328,30.139999389648438,29.920000076293945,30.139999389648438,361432
2026-08-04 12:15:00,30.020000457763672,30.040000915527344,29.940000534057617,29.959999084472656,296271
2026-08-04 12:30:00,30.020000457763672,30.040000915527344,29.940000534057617,30.020000457763672,179404
2026-08-04 12:45:00,30.0,30.020000457763672,29.959999084472656,30.020000457763672,201722
2026-08-04 13:00:00,30.059999465942383,30.059999465942383,29.979999542236328,30.0,93207
2026-08-04 13:15:00,30.0,30.079999923706055,29.979999542236328,30.059999465942383,129411
2026-08-04 13:30:00,30.040000915527344,30.059999465942383,30.0,30.020000457763672,75410
2026-08-04 13:45:00,30.059999465942383,30.100000381469727,30.020000457763672,30.040000915527344,187627
2026-08-04 14:00:00,30.1200008392334,30.139999389648438,30.040000915527344,30.059999465942383,245205
2026-08-04 14:15:00,30.1200008392334,30.15999984741211,30.079999923706055,30.1200008392334,210905
2026-08-04 14:30:00,30.18000030517578,30.18000030517578,30.100000381469727,30.1200008392334,139662
2026-08-04 14:45:00,30.280000686645508,30.31999969482422,30.18000030517578,30.18000030517578,710921
2026-08-04 15:00:00,30.200000762939453,30.299999237060547,30.100000381469727,30.280000686645508,301967
2026-08-04 15:15:00,30.280000686645508,30.299999237060547,30.15999984741211,30.200000762939453,185078
2026-08-04 15:30:00,30.299999237060547,30.399999618530273,30.280000686645508,30.280000686645508,635992
2026-08-04 15:45:00,30.260000228881836,30.34000015258789,30.239999771118164,30.31999969482422,181936
2026-08-04 16:00:00,30.1200008392334,30.299999237060547,30.079999923706055,30.280000686645508,347643
2026-08-04 16:15:00,30.260000228881836,30.260000228881836,30.1200008392334,30.1200008392334,107056
2026-08-04 16:30:00,30.299999237060547,30.34000015258789,30.200000762939453,30.280000686645508,331712
2026-08-04 16:45:00,30.239999771118164,30.299999237060547,30.219999313354492,30.299999237060547,172981
2026-08-04 17:00:00,30.31999969482422,30.34000015258789,30.219999313354492,30.239999771118164,176605
2026-08-04 17:15:00,30.299999237060547,30.3799991607666,30.280000686645508,30.299999237060547,317098
2026-08-04 17:30:00,30.260000228881836,30.31999969482422,30.219999313354492,30.299999237060547,703115
2026-08-04 17:45:00,30.239999771118164,30.260000228881836,30.18000030517578,30.260000228881836,606877
2026-08-05 09:45:00,30.1200008392334,30.1200008392334,30.1200008392334,30.1200008392334,0
2026-08-05 10:00:00,29.940000534057617,30.299999237060547,29.860000610351562,30.1200008392334,1693476
2026-08-05 10:15:00,29.899999618530273,30.020000457763672,29.8799991607666,29.920000076293945,865684
2026-08-05 10:30:00,30.020000457763672,30.079999923706055,29.899999618530273,29.920000076293945,426250
2026-08-05 10:45:00,30.020000457763672,30.040000915527344,29.959999084472656,30.020000457763672,237174
2026-08-05 11:00:00,30.020000457763672,30.040000915527344,30.0,30.020000457763672,188008
2026-08-05 11:15:00,30.0,30.040000915527344,29.940000534057617,30.020000457763672,428515
2026-08-05 11:30:00,29.979999542236328,30.020000457763672,29.920000076293945,29.979999542236328,250126
2026-08-05 11:45:00,29.940000534057617,29.979999542236328,29.920000076293945,29.959999084472656,221931
2026-08-05 12:00:00,29.899999618530273,30.0,29.8799991607666,29.940000534057617,370335
2026-08-05 12:15:00,29.860000610351562,29.920000076293945,29.81999969482422,29.899999618530273,289516
2026-08-05 12:30:00,29.8799991607666,29.899999618530273,29.780000686645508,29.860000610351562,363796
2026-08-05 12:45:00,29.799999237060547,29.8799991607666,29.799999237060547,29.860000610351562,294109
2026-08-05 13:00:00,29.700000762939453,29.81999969482422,29.639999389648438,29.780000686645508,564594
2026-08-05 13:15:00,29.760000228881836,29.760000228881836,29.68000030517578,29.700000762939453,152885
2026-08-05 13:30:00,29.65999984741211,29.760000228881836,29.6200008392334,29.760000228881836,284256
2026-08-05 13:45:00,29.6200008392334,29.68000030517578,29.600000381469727,29.639999389648438,184208
2026-08-05 14:00:00,29.520000457763672,29.6200008392334,29.5,29.6200008392334,267838
2026-08-05 14:15:00,29.479999542236328,29.600000381469727,29.459999084472656,29.520000457763672,301210
2026-08-05 14:30:00,29.540000915527344,29.579999923706055,29.440000534057617,29.5,206032
2026-08-05 14:45:00,29.5,29.559999465942383,29.459999084472656,29.540000915527344,236318
2026-08-05 15:00:00,29.559999465942383,29.579999923706055,29.5,29.5,170984
2026-08-05 15:15:00,29.639999389648438,29.68000030517578,29.540000915527344,29.559999465942383,142224
2026-08-05 15:30:00,29.639999389648438,29.719999313354492,29.600000381469727,29.639999389648438,264521
2026-08-05 15:45:00,29.600000381469727,29.68000030517578,29.540000915527344,29.639999389648438,279375
2026-08-05 16:00:00,29.579999923706055,29.639999389648438,29.540000915527344,29.579999923706055,196981
2026-08-05 16:15:00,29.579999923706055,29.579999923706055,29.559999465942383,29.579999923706055,152027
2026-08-05 16:30:00,29.579999923706055,29.600000381469727,29.520000457763672,29.559999465942383,253925
2026-08-05 16:45:00,29.520000457763672,29.579999923706055,29.459999084472656,29.579999923706055,437841
2026-08-05 17:00:00,29.540000915527344,29.559999465942383,29.479999542236328,29.520000457763672,573276
2026-08-05 17:15:00,29.440000534057617,29.540000915527344,29.3799991607666,29.540000915527344,685077
2026-08-05 17:30:00,29.579999923706055,29.600000381469727,29.420000076293945,29.420000076293945,754340
2026-08-05 17:45:00,29.459999084472656,29.579999923706055,29.420000076293945,29.579999923706055,896521
2026-08-06 09:45:00,29.540000915527344,29.540000915527344,29.540000915527344,29.540000915527344,0
2026-08-06 10:00:00,29.520000457763672,30.059999465942383,29.479999542236328,29.559999465942383,1359594
2026-08-06 10:15:00,29.600000381469727,29.700000762939453,29.520000457763672,29.540000915527344,504053
2026-08-06 10:30:00,29.540000915527344,29.6200008392334,29.5,29.600000381469727,284661
2026-08-06 10:45:00,29.559999465942383,29.559999465942383,29.5,29.540000915527344,235795
2026-08-06 11:00:00,29.360000610351562,29.559999465942383,29.31999969482422,29.559999465942383,593944
2026-08-06 11:15:00,29.520000457763672,29.520000457763672,29.360000610351562,29.360000610351562,481182
2026-08-06 11:30:00,29.459999084472656,29.520000457763672,29.440000534057617,29.520000457763672,280718
2026-08-06 11:45:00,29.5,29.520000457763672,29.440000534057617,29.479999542236328,322116
2026-08-06 12:00:00,29.600000381469727,29.600000381469727,29.459999084472656,29.5,323401
2026-08-06 12:15:00,29.559999465942383,29.6200008392334,29.540000915527344,29.600000381469727,143567
2026-08-06 12:30:00,29.520000457763672,29.579999923706055,29.479999542236328,29.559999465942383,225455
2026-08-06 12:45:00,29.6200008392334,29.639999389648438,29.5,29.5,189186
2026-08-06 13:00:00,29.65999984741211,29.700000762939453,29.579999923706055,29.639999389648438,406901
2026-08-06 13:15:00,29.65999984741211,29.739999771118164,29.6200008392334,29.65999984741211,598154
2026-08-06 13:30:00,29.540000915527344,29.65999984741211,29.520000457763672,29.639999389648438,284877
2026-08-06 13:45:00,29.479999542236328,29.540000915527344,29.459999084472656,29.540000915527344,221985
2026-08-06 14:00:00,29.440000534057617,29.520000457763672,29.399999618530273,29.479999542236328,396828
2026-08-06 14:15:00,29.459999084472656,29.479999542236328,29.399999618530273,29.440000534057617,174972
2026-08-06 14:30:00,29.440000534057617,29.459999084472656,29.3799991607666,29.459999084472656,322028
2026-08-06 14:45:00,29.399999618530273,29.479999542236328,29.3799991607666,29.440000534057617,130538
2026-08-06 15:00:00,29.399999618530273,29.440000534057617,29.360000610351562,29.420000076293945,148451
2026-08-06 15:15:00,29.3799991607666,29.440000534057617,29.34000015258789,29.399999618530273,364678
2026-08-06 15:30:00,29.399999618530273,29.440000534057617,29.360000610351562,29.3799991607666,212277
2026-08-06 15:45:00,29.479999542236328,29.5,29.360000610351562,29.399999618530273,188676
2026-08-06 16:00:00,29.360000610351562,29.540000915527344,29.34000015258789,29.5,305409
2026-08-06 16:15:00,29.3799991607666,29.399999618530273,29.34000015258789,29.360000610351562,212056
2026-08-06 16:30:00,29.399999618530273,29.5,29.3799991607666,29.3799991607666,242399
2026-08-06 16:45:00,29.3799991607666,29.420000076293945,29.360000610351562,29.420000076293945,272662
2026-08-06 17:00:00,29.420000076293945,29.540000915527344,29.3799991607666,29.3799991607666,349889
2026-08-06 17:15:00,29.420000076293945,29.440000534057617,29.3799991607666,29.440000534057617,148098
2026-08-06 17:30:00,29.459999084472656,29.5,29.399999618530273,29.420000076293945,535058
2026-08-06 17:45:00,29.31999969482422,29.520000457763672,29.219999313354492,29.459999084472656,1132902
2026-08-07 09:45:00,29.719999313354492,29.719999313354492,29.719999313354492,29.719999313354492,0
2026-08-07 10:00:00,29.559999465942383,29.799999237060547,29.399999618530273,29.700000762939453,1146421
2026-08-07 10:15:00,29.579999923706055,29.700000762939453,29.559999465942383,29.559999465942383,570579
2026-08-07 10:30:00,29.479999542236328,29.639999389648438,29.459999084472656,29.579999923706055,840045
2026-08-07 10:45:00,29.6200008392334,29.6200008392334,29.459999084472656,29.479999542236328,275382
2026-08-07 11:00:00,29.520000457763672,29.68000030517578,29.5,29.6200008392334,420141
2026-08-07 11:15:00,29.739999771118164,29.799999237060547,29.5,29.5,597871
2026-08-07 11:30:00,30.200000762939453,30.479999542236328,29.739999771118164,29.739999771118164,3401083
2026-08-07 11:45:00,29.899999618530273,30.239999771118164,29.8799991607666,30.239999771118164,1189307
2026-08-07 12:00:00,29.81999969482422,29.899999618530273,29.760000228881836,29.8799991607666,488162
2026-08-07 12:15:00,29.81999969482422,29.8799991607666,29.760000228881836,29.84000015258789,237026
2026-08-07 12:30:00,29.739999771118164,29.81999969482422,29.719999313354492,29.799999237060547,387207
2026-08-07 12:45:00,29.700000762939453,29.760000228881836,29.68000030517578,29.719999313354492,237667
2026-08-07 13:00:00,29.68000030517578,29.719999313354492,29.600000381469727,29.700000762939453,314630
2026-08-07 13:15:00,29.65999984741211,29.700000762939453,29.6200008392334,29.68000030517578,152227
2026-08-07 13:30:00,29.639999389648438,29.700000762939453,29.6200008392334,29.68000030517578,102138
2026-08-07 13:45:00,29.639999389648438,29.68000030517578,29.6200008392334,29.639999389648438,174719
2026-08-07 14:00:00,29.700000762939453,29.760000228881836,29.600000381469727,29.65999984741211,182337
2026-08-07 14:15:00,29.540000915527344,29.700000762939453,29.520000457763672,29.700000762939453,250351
2026-08-07 14:30:00,29.520000457763672,29.579999923706055,29.459999084472656,29.540000915527344,323012
2026-08-07 14:45:00,29.559999465942383,29.559999465942383,29.440000534057617,29.520000457763672,268681
2026-08-07 15:00:00,29.520000457763672,29.559999465942383,29.459999084472656,29.559999465942383,302826
2026-08-07 15:15:00,29.639999389648438,29.68000030517578,29.479999542236328,29.520000457763672,262102
2026-08-07 15:30:00,29.68000030517578,29.719999313354492,29.600000381469727,29.639999389648438,258685
2026-08-07 15:45:00,29.81999969482422,29.81999969482422,29.68000030517578,29.68000030517578,296372
2026-08-07 16:00:00,29.81999969482422,29.8799991607666,29.799999237060547,29.81999969482422,456081
2026-08-07 16:15:00,29.68000030517578,29.81999969482422,29.65999984741211,29.81999969482422,290883
2026-08-07 16:30:00,29.6200008392334,29.719999313354492,29.559999465942383,29.700000762939453,224602
2026-08-07 16:45:00,29.6200008392334,29.639999389648438,29.540000915527344,29.6200008392334,326105
2026-08-07 17:00:00,29.520000457763672,29.65999984741211,29.5,29.6200008392334,256044
2026-08-07 17:15:00,29.719999313354492,29.739999771118164,29.5,29.520000457763672,306480
2026-08-07 17:30:00,29.579999923706055,29.739999771118164,29.579999923706055,29.719999313354492,407004
2026-08-07 17:45:00,29.65999984741211,29.719999313354492,29.579999923706055,29.579999923706055,813637
2026-08-10 09:45:00,29.760000228881836,29.760000228881836,29.760000228881836,29.760000228881836,0
2026-08-10 10:00:00,29.899999618530273,29.959999084472656,29.600000381469727,29.760000228881836,1039267
2026-08-10 10:15:00,29.959999084472656,29.959999084472656,29.780000686645508,29.899999618530273,475408
2026-08-10 10:30:00,29.979999542236328,30.1200008392334,29.940000534057617,29.959999084472656,801084
2026-08-10 10:45:00,29.920000076293945,30.0,29.81999969482422,29.979999542236328,398359
2026-08-10 11:00:00,30.1200008392334,30.299999237060547,29.899999618530273,29.920000076293945,665615
2026-08-10 11:15:00,30.139999389648438,30.239999771118164,30.059999465942383,30.1200008392334,596733
2026-08-10 11:30:00,30.100000381469727,30.200000762939453,30.079999923706055,30.139999389648438,252937
2026-08-10 11:45:00,30.139999389648438,30.15999984741211,30.079999923706055,30.100000381469727,206616
2026-08-10 12:00:00,30.139999389648438,30.299999237060547,30.059999465942383,30.139999389648438,469474
2026-08-10 12:15:00,30.219999313354492,30.239999771118164,30.139999389648438,30.139999389648438,141681
2026-08-10 12:30:00,30.299999237060547,30.34000015258789,30.15999984741211,30.219999313354492,500561
2026-08-10 12:45:00,30.979999542236328,31.0,30.200000762939453,30.299999237060547,2255133
2026-08-10 13:00:00,30.579999923706055,31.079999923706055,30.540000915527344,30.959999084472656,1442924
2026-08-10 13:15:00,30.68000030517578,30.68000030517578,30.559999465942383,30.579999923706055,355419
2026-08-10 13:30:00,30.579999923706055,30.719999313354492,30.520000457763672,30.68000030517578,307566
2026-08-10 13:45:00,30.84000015258789,30.860000610351562,30.5,30.579999923706055,564919
2026-08-10 14:00:00,30.84000015258789,31.040000915527344,30.719999313354492,30.860000610351562,1401545
2026-08-10 14:15:00,30.719999313354492,30.959999084472656,30.700000762939453,30.84000015258789,806721
2026-08-10 14:30:00,30.65999984741211,30.780000686645508,30.600000381469727,30.719999313354492,329587
2026-08-10 14:45:00,30.6200008392334,30.719999313354492,30.600000381469727,30.65999984741211,339116
2026-08-10 15:00:00,30.540000915527344,30.6200008392334,30.5,30.600000381469727,357828
2026-08-10 15:15:00,30.520000457763672,30.600000381469727,30.5,30.559999465942383,196743
2026-08-10 15:30:00,30.780000686645508,30.799999237060547,30.5,30.520000457763672,416172
2026-08-10 15:45:00,30.719999313354492,30.899999618530273,30.700000762939453,30.799999237060547,540071
2026-08-10 16:00:00,30.540000915527344,30.799999237060547,30.5,30.739999771118164,206520
2026-08-10 16:15:00,30.6200008392334,30.639999389648438,30.459999084472656,30.559999465942383,280739
2026-08-10 16:30:00,30.700000762939453,30.719999313354492,30.540000915527344,30.639999389648438,191968
2026-08-10 16:45:00,30.559999465942383,30.700000762939453,30.5,30.700000762939453,409612
2026-08-10 17:00:00,30.700000762939453,30.799999237060547,30.479999542236328,30.540000915527344,526708
2026-08-10 17:15:00,30.65999984741211,30.700000762939453,30.520000457763672,30.700000762939453,348859
2026-08-10 17:30:00,30.559999465942383,30.719999313354492,30.5,30.68000030517578,702491
2026-08-10 17:45:00,30.559999465942383,30.700000762939453,30.520000457763672,30.579999923706055,868760
2026-08-11 09:45:00,30.540000915527344,30.540000915527344,30.540000915527344,30.540000915527344,0
2026-08-11 10:00:00,29.920000076293945,30.719999313354492,29.84000015258789,30.559999465942383,1683382
2026-08-11 10:15:00,29.81999969482422,30.0,29.760000228881836,29.920000076293945,1333740
2026-08-11 10:30:00,29.780000686645508,29.81999969482422,29.700000762939453,29.81999969482422,354330
2026-08-11 10:45:00,29.739999771118164,29.780000686645508,29.600000381469727,29.780000686645508,492320
2026-08-11 11:00:00,29.68000030517578,29.780000686645508,29.6200008392334,29.739999771118164,292755
2026-08-11 11:15:00,29.639999389648438,29.700000762939453,29.6200008392334,29.639999389648438,233125
2026-08-11 11:30:00,29.65999984741211,29.700000762939453,29.600000381469727,29.6200008392334,326253
2026-08-11 11:45:00,29.68000030517578,29.719999313354492,29.639999389648438,29.65999984741211,183024
2026-08-11 12:00:00,29.6200008392334,29.700000762939453,29.600000381469727,29.700000762939453,290398
2026-08-11 12:15:00,29.6200008392334,29.639999389648438,29.579999923706055,29.6200008392334,153719
2026-08-11 12:30:00,29.68000030517578,29.719999313354492,29.600000381469727,29.600000381469727,194310
2026-08-11 12:45:00,29.700000762939453,29.739999771118164,29.65999984741211,29.68000030517578,147768
2026-08-11 13:00:00,29.719999313354492,29.719999313354492,29.65999984741211,29.700000762939453,128617
2026-08-11 13:15:00,29.65999984741211,29.719999313354492,29.6200008392334,29.719999313354492,224529
2026-08-11 13:30:00,29.68000030517578,29.719999313354492,29.6200008392334,29.65999984741211,250518
2026-08-11 13:45:00,29.639999389648438,29.700000762939453,29.639999389648438,29.68000030517578,110192
2026-08-11 14:00:00,29.65999984741211,29.700000762939453,29.6200008392334,29.639999389648438,362694
2026-08-11 14:15:00,29.719999313354492,29.81999969482422,29.600000381469727,29.65999984741211,499662
2026-08-11 14:30:00,29.739999771118164,29.739999771118164,29.700000762939453,29.700000762939453,118844
2026-08-11 14:45:00,29.719999313354492,29.780000686645508,29.65999984741211,29.760000228881836,179946
2026-08-11 15:00:00,29.700000762939453,29.760000228881836,29.65999984741211,29.700000762939453,147849
2026-08-11 15:15:00,29.700000762939453,29.700000762939453,29.639999389648438,29.700000762939453,229588
2026-08-11 15:30:00,29.81999969482422,30.200000762939453,29.6200008392334,29.700000762939453,1373443
2026-08-11 15:45:00,29.700000762939453,29.860000610351562,29.700000762939453,29.84000015258789,345080
2026-08-11 16:00:00,29.700000762939453,29.799999237060547,29.700000762939453,29.700000762939453,213514
2026-08-11 16:15:00,29.780000686645508,30.0,29.639999389648438,29.719999313354492,790849
2026-08-11 16:30:00,29.639999389648438,29.799999237060547,29.639999389648438,29.780000686645508,310527
2026-08-11 16:45:00,29.639999389648438,29.65999984741211,29.600000381469727,29.639999389648438,257077
2026-08-11 17:00:00,29.639999389648438,29.700000762939453,29.600000381469727,29.639999389648438,139852
2026-08-11 17:15:00,29.780000686645508,29.780000686645508,29.639999389648438,29.639999389648438,247327
2026-08-11 17:30:00,29.760000228881836,29.799999237060547,29.719999313354492,29.760000228881836,323500
2026-08-11 17:45:00,29.68000030517578,29.860000610351562,29.65999984741211,29.780000686645508,750773
2026-08-12 09:45:00,29.700000762939453,29.700000762939453,29.700000762939453,29.700000762939453,0
2026-08-12 10:00:00,29.540000915527344,29.799999237060547,29.5,29.700000762939453,853748
2026-08-12 10:15:00,29.479999542236328,29.540000915527344,29.420000076293945,29.540000915527344,510222
2026-08-12 10:30:00,29.719999313354492,29.760000228881836,29.440000534057617,29.479999542236328,414170
2026-08-12 10:45:00,29.65999984741211,29.780000686645508,29.639999389648438,29.719999313354492,534111
2026-08-12 11:00:00,29.65999984741211,29.68000030517578,29.540000915527344,29.65999984741211,413683
2026-08-12 11:15:00,29.639999389648438,29.719999313354492,29.600000381469727,29.65999984741211,218700
2026-08-12 11:30:00,29.700000762939453,29.719999313354492,29.639999389648438,29.639999389648438,209737
2026-08-12 11:45:00,29.739999771118164,29.739999771118164,29.65999984741211,29.700000762939453,210573
2026-08-12 12:00:00,29.84000015258789,29.979999542236328,29.719999313354492,29.719999313354492,731959
2026-08-12 12:15:00,30.15999984741211,30.200000762939453,29.799999237060547,29.84000015258789,909584
2026-08-12 12:30:00,30.18000030517578,30.219999313354492,30.100000381469727,30.15999984741211,992224
2026-08-12 12:45:00,30.31999969482422,30.3799991607666,30.15999984741211,30.200000762939453,1234168
2026-08-12 13:00:00,30.559999465942383,30.600000381469727,30.280000686645508,30.31999969482422,922779
2026-08-12 13:15:00,30.440000534057617,30.559999465942383,30.399999618530273,30.559999465942383,605867
2026-08-12 13:30:00,30.260000228881836,30.440000534057617,30.260000228881836,30.440000534057617,410915
2026-08-12 13:45:00,30.239999771118164,30.34000015258789,30.139999389648438,30.280000686645508,396199
2026-08-12 14:00:00,30.219999313354492,30.239999771118164,30.15999984741211,30.239999771118164,220323
2026-08-12 14:15:00,30.200000762939453,30.299999237060547,30.18000030517578,30.219999313354492,254556
2026-08-12 14:30:00,30.219999313354492,30.280000686645508,30.18000030517578,30.219999313354492,215368
2026-08-12 14:45:00,30.239999771118164,30.299999237060547,30.219999313354492,30.239999771118164,207817
2026-08-12 15:00:00,30.31999969482422,30.360000610351562,30.18000030517578,30.219999313354492,174748
2026-08-12 15:15:00,30.440000534057617,30.459999084472656,30.280000686645508,30.31999969482422,362049
2026-08-12 15:30:00,30.219999313354492,30.440000534057617,30.200000762939453,30.440000534057617,277548
2026-08-12 15:45:00,30.280000686645508,30.31999969482422,30.200000762939453,30.219999313354492,170140
2026-08-12 16:00:00,30.34000015258789,30.420000076293945,30.260000228881836,30.260000228881836,325690
2026-08-12 16:15:00,30.280000686645508,30.360000610351562,30.280000686645508,30.34000015258789,153781
2026-08-12 16:30:00,30.299999237060547,30.31999969482422,30.239999771118164,30.280000686645508,306607
2026-08-12 16:45:00,30.260000228881836,30.299999237060547,30.139999389648438,30.280000686645508,387742
2026-08-12 17:00:00,30.100000381469727,30.280000686645508,30.059999465942383,30.260000228881836,454365
2026-08-12 17:15:00,30.079999923706055,30.15999984741211,30.059999465942383,30.1200008392334,300917
2026-08-12 17:30:00,30.0,30.100000381469727,30.0,30.100000381469727,605227
2026-08-12 17:45:00,29.920000076293945,30.059999465942383,29.8799991607666,30.0,1062691
2026-08-13 09:45:00,29.799999237060547,29.799999237060547,29.799999237060547,29.799999237060547,0
2026-08-13 10:00:00,30.0,30.299999237060547,29.739999771118164,29.799999237060547,1326476
2026-08-13 10:15:00,30.059999465942383,30.100000381469727,29.920000076293945,30.020000457763672,601946
2026-08-13 10:30:00,29.979999542236328,30.059999465942383,29.920000076293945,30.040000915527344,480125
2026-08-13 10:45:00,29.780000686645508,29.979999542236328,29.780000686645508,29.959999084472656,474900
2026-08-13 11:00:00,29.799999237060547,29.8799991607666,29.719999313354492,29.780000686645508,360691
2026-08-13 11:15:00,29.920000076293945,29.959999084472656,29.799999237060547,29.799999237060547,258618
2026-08-13 11:30:00,29.940000534057617,29.979999542236328,29.8799991607666,29.899999618530273,351582
2026-08-13 11:45:00,29.860000610351562,29.959999084472656,29.860000610351562,29.940000534057617,171050
2026-08-13 12:00:00,29.81999969482422,29.8799991607666,29.799999237060547,29.860000610351562,133907
2026-08-13 12:15:00,29.940000534057617,29.940000534057617,29.799999237060547,29.81999969482422,177289
2026-08-13 12:30:00,30.219999313354492,30.299999237060547,29.920000076293945,29.940000534057617,1283101
2026-08-13 12:45:00,30.18000030517578,30.260000228881836,30.100000381469727,30.239999771118164,529781
2026-08-13 13:00:00,30.219999313354492,30.299999237060547,30.139999389648438,30.15999984741211,761966
2026-08-13 13:15:00,30.260000228881836,30.34000015258789,30.219999313354492,30.239999771118164,395829
2026-08-13 13:30:00,30.18000030517578,30.3799991607666,30.139999389648438,30.260000228881836,488507
2026-08-13 13:45:00,30.899999618530273,31.059999465942383,30.18000030517578,30.18000030517578,2664856
2026-08-13 14:00:00,30.760000228881836,30.940000534057617,30.600000381469727,30.899999618530273,1564234
2026-08-13 14:15:00,30.739999771118164,30.860000610351562,30.639999389648438,30.760000228881836,739083
2026-08-13 14:30:00,30.940000534057617,31.0,30.700000762939453,30.739999771118164,790914
2026-08-13 14:45:00,32.060001373291016,32.13999938964844,30.860000610351562,30.940000534057617,4804735
2026-08-13 15:00:00,31.920000076293945,32.34000015258789,31.860000610351562,32.060001373291016,4849693
2026-08-13 15:15:00,31.739999771118164,32.439998626708984,31.719999313354492,31.920000076293945,3394423
2026-08-13 15:30:00,31.639999389648438,31.899999618530273,31.600000381469727,31.760000228881836,1380010
2026-08-13 15:45:00,31.799999237060547,31.81999969482422,31.540000915527344,31.639999389648438,1050020
2026-08-13 16:00:00,31.799999237060547,31.81999969482422,31.600000381469727,31.81999969482422,665853
2026-08-13 16:15:00,31.719999313354492,31.81999969482422,31.6200008392334,31.799999237060547,730070
2026-08-13 16:30:00,31.639999389648438,31.760000228881836,31.639999389648438,31.700000762939453,277016
2026-08-13 16:45:00,31.459999084472656,31.65999984741211,31.420000076293945,31.639999389648438,967269
2026-08-13 17:00:00,31.559999465942383,31.639999389648438,31.479999542236328,31.479999542236328,383251
2026-08-13 17:15:00,31.639999389648438,31.65999984741211,31.479999542236328,31.559999465942383,412781
2026-08-13 17:30:00,31.5,31.65999984741211,31.420000076293945,31.639999389648438,636148
2026-08-13 17:45:00,31.299999237060547,31.520000457763672,31.260000228881836,31.5,893038
2026-08-14 09:45:00,31.200000762939453,31.200000762939453,31.200000762939453,31.200000762939453,0
2026-08-14 10:00:00,31.299999237060547,31.5,31.020000457763672,31.219999313354492,1778638
2026-08-14 10:15:00,31.420000076293945,31.440000534057617,31.100000381469727,31.280000686645508,981094
2026-08-14 10:30:00,31.200000762939453,31.459999084472656,31.1200008392334,31.420000076293945,924074
2026-08-14 10:45:00,31.200000762939453,31.260000228881836,31.139999389648438,31.200000762939453,428078
2026-08-14 11:00:00,31.059999465942383,31.200000762939453,31.059999465942383,31.200000762939453,410999
2026-08-14 11:15:00,30.979999542236328,31.100000381469727,30.940000534057617,31.059999465942383,620154
2026-08-14 11:30:00,30.959999084472656,31.0,30.920000076293945,30.959999084472656,527994
2026-08-14 11:45:00,30.8799991607666,30.959999084472656,30.860000610351562,30.940000534057617,351370
2026-08-14 12:00:00,31.479999542236328,31.579999923706055,30.84000015258789,30.8799991607666,1155629
2026-08-14 12:15:00,31.5,31.520000457763672,31.260000228881836,31.459999084472656,1201352
2026-08-14 12:30:00,32.099998474121094,32.41999816894531,31.399999618530273,31.520000457763672,4499214
2026-08-14 12:45:00,32.18000030517578,32.31999969482422,32.08000183105469,32.099998474121094,1248775
2026-08-14 13:00:00,32.13999938964844,32.20000076293945,31.940000534057617,32.18000030517578,1011094
2026-08-14 13:15:00,32.0,32.15999984741211,31.940000534057617,32.13999938964844,328246
2026-08-14 13:30:00,31.899999618530273,32.0,31.860000610351562,31.979999542236328,397578
2026-08-14 13:45:00,31.940000534057617,32.0,31.860000610351562,31.920000076293945,376406
2026-08-14 14:00:00,31.959999084472656,32.0,31.8799991607666,31.940000534057617,245063
2026-08-14 14:15:00,32.02000045776367,32.060001373291016,31.899999618530273,31.959999084472656,484289
2026-08-14 14:30:00,31.959999084472656,32.08000183105469,31.959999084472656,32.040000915527344,292748
2026-08-14 14:45:00,31.8799991607666,31.979999542236328,31.760000228881836,31.959999084472656,455413
2026-08-14 15:00:00,31.799999237060547,31.899999618530273,31.760000228881836,31.8799991607666,385001
2026-08-14 15:15:00,32.02000045776367,32.040000915527344,31.639999389648438,31.799999237060547,561353
2026-08-14 15:30:00,32.13999938964844,32.220001220703125,31.959999084472656,32.02000045776367,532583
2026-08-14 15:45:00,33.18000030517578,33.18000030517578,32.13999938964844,32.13999938964844,4382994
2026-08-14 16:00:00,32.900001525878906,33.29999923706055,32.79999923706055,33.18000030517578,2635256
2026-08-14 16:15:00,32.599998474121094,32.91999816894531,32.560001373291016,32.900001525878906,805838
2026-08-14 16:30:00,32.599998474121094,32.63999938964844,32.41999816894531,32.599998474121094,676552
2026-08-14 16:45:00,32.779998779296875,32.97999954223633,32.58000183105469,32.599998474121094,1036289
2026-08-14 17:00:00,32.7400016784668,32.79999923706055,32.599998474121094,32.79999923706055,350741
2026-08-14 17:15:00,32.63999938964844,32.880001068115234,32.52000045776367,32.7400016784668,722157
2026-08-14 17:30:00,32.5,32.65999984741211,32.400001525878906,32.63999938964844,660407
2026-08-14 17:45:00,32.599998474121094,32.779998779296875,32.5,32.52000045776367,799449
2026-08-17 09:45:00,33.13999938964844,33.13999938964844,33.13999938964844,33.13999938964844,0
2026-08-17 10:00:00,32.599998474121094,33.63999938964844,32.599998474121094,33.15999984741211,2367511
2026-08-17 10:15:00,32.91999816894531,32.97999954223633,32.5,32.599998474121094,1577255
2026-08-17 10:30:00,32.959999084472656,33.599998474121094,32.900001525878906,32.900001525878906,2532602
2026-08-17 10:45:00,32.779998779296875,32.959999084472656,32.720001220703125,32.939998626708984,810983
2026-08-17 11:00:00,32.720001220703125,32.779998779296875,32.52000045776367,32.779998779296875,657710
2026-08-17 11:15:00,32.70000076293945,32.79999923706055,32.63999938964844,32.70000076293945,289566
2026-08-17 11:30:00,32.7400016784668,32.79999923706055,32.68000030517578,32.70000076293945,418169
2026-08-17 11:45:00,32.720001220703125,32.81999969482422,32.720001220703125,32.7599983215332,191266
2026-08-17 12:00:00,32.68000030517578,32.7400016784668,32.63999938964844,32.720001220703125,206788
2026-08-17 12:15:00,32.900001525878906,32.97999954223633,32.68000030517578,32.68000030517578,388014
2026-08-17 12:30:00,32.7599983215332,33.0,32.7599983215332,32.900001525878906,304732
2026-08-17 12:45:00,32.599998474121094,32.7599983215332,32.58000183105469,32.7599983215332,443040
2026-08-17 13:00:00,32.599998474121094,32.68000030517578,32.5,32.619998931884766,429926
2026-08-17 13:15:00,32.7599983215332,32.81999969482422,32.5,32.63999938964844,556393
2026-08-17 13:30:00,33.0,33.08000183105469,32.52000045776367,32.7599983215332,532353
2026-08-17 13:45:00,32.880001068115234,33.119998931884766,32.779998779296875,32.97999954223633,719124
2026-08-17 14:00:00,32.79999923706055,32.900001525878906,32.7400016784668,32.86000061035156,190911
2026-08-17 14:15:00,32.65999984741211,32.7599983215332,32.619998931884766,32.7599983215332,206172
2026-08-17 14:30:00,32.560001373291016,32.70000076293945,32.52000045776367,32.68000030517578,316654
2026-08-17 14:45:00,32.34000015258789,32.58000183105469,32.29999923706055,32.560001373291016,562753
2026-08-17 15:00:00,32.18000030517578,32.36000061035156,32.119998931884766,32.34000015258789,434281
2026-08-17 15:15:00,32.08000183105469,32.18000030517578,31.979999542236328,32.18000030517578,386271
2026-08-17 15:30:00,31.959999084472656,32.08000183105469,31.940000534057617,32.08000183105469,330964
2026-08-17 15:45:00,31.719999313354492,31.979999542236328,31.68000030517578,31.959999084472656,585975
2026-08-17 16:00:00,31.700000762939453,31.739999771118164,31.6200008392334,31.719999313354492,345475
2026-08-17 16:15:00,31.81999969482422,31.81999969482422,31.600000381469727,31.700000762939453,226524
2026-08-17 16:30:00,31.979999542236328,32.13999938964844,31.84000015258789,31.84000015258789,598096
2026-08-17 16:45:00,32.400001525878906,32.47999954223633,31.8799991607666,31.979999542236328,452553
2026-08-17 17:00:00,32.36000061035156,32.41999816894531,32.20000076293945,32.400001525878906,371081
2026-08-17 17:15:00,32.5,32.779998779296875,32.36000061035156,32.36000061035156,828772
2026-08-17 17:30:00,32.5,32.79999923706055,32.400001525878906,32.5,1290893
2026-08-17 17:45:00,32.15999984741211,32.63999938964844,32.08000183105469,32.540000915527344,1026954
2026-08-18 09:45:00,32.02000045776367,32.02000045776367,32.02000045776367,32.02000045776367,0
2026-08-18 10:00:00,31.739999771118164,32.13999938964844,31.600000381469727,32.02000045776367,1510997
2026-08-18 10:15:00,31.920000076293945,32.599998474121094,31.760000228881836,31.760000228881836,1526141
2026-08-18 10:30:00,32.0,32.08000183105469,31.920000076293945,31.940000534057617,288434
2026-08-18 10:45:00,31.959999084472656,32.040000915527344,31.84000015258789,32.02000045776367,326512
2026-08-18 11:00:00,31.899999618530273,32.08000183105469,31.860000610351562,31.959999084472656,291934
2026-08-18 11:15:00,31.860000610351562,31.899999618530273,31.780000686645508,31.899999618530273,224801
2026-08-18 11:30:00,31.81999969482422,31.8799991607666,31.799999237060547,31.860000610351562,184145
2026-08-18 11:45:00,31.600000381469727,31.799999237060547,31.600000381469727,31.799999237060547,357776
2026-08-18 12:00:00,31.639999389648438,31.719999313354492,31.600000381469727,31.600000381469727,297567
2026-08-18 12:15:00,31.65999984741211,31.719999313354492,31.600000381469727,31.639999389648438,156930
2026-08-18 12:30:00,31.719999313354492,31.739999771118164,31.639999389648438,31.65999984741211,77627
2026-08-18 12:45:00,31.739999771118164,31.81999969482422,31.719999313354492,31.719999313354492,186894
2026-08-18 13:00:00,31.65999984741211,31.760000228881836,31.65999984741211,31.760000228881836,134499
2026-08-18 13:15:00,31.719999313354492,31.760000228881836,31.600000381469727,31.68000030517578,221741
2026-08-18 13:30:00,31.639999389648438,31.739999771118164,31.5,31.739999771118164,544582
2026-08-18 13:45:00,31.579999923706055,31.739999771118164,31.540000915527344,31.639999389648438,226493
2026-08-18 14:00:00,31.6200008392334,31.6200008392334,31.559999465942383,31.579999923706055,80772
2026-08-18 14:15:00,31.6200008392334,31.65999984741211,31.600000381469727,31.6200008392334,59650
2026-08-18 14:30:00,31.600000381469727,31.68000030517578,31.579999923706055,31.6200008392334,164190
2026-08-18 14:45:00,31.559999465942383,31.6200008392334,31.559999465942383,31.600000381469727,170265
2026-08-18 15:00:00,31.540000915527344,31.600000381469727,31.520000457763672,31.579999923706055,126823
2026-08-18 15:15:00,31.559999465942383,31.559999465942383,31.5,31.540000915527344,157182
2026-08-18 15:30:00,31.68000030517578,31.68000030517578,31.540000915527344,31.559999465942383,86104
2026-08-18 15:45:00,31.579999923706055,31.65999984741211,31.559999465942383,31.65999984741211,113253
2026-08-18 16:00:00,31.540000915527344,31.579999923706055,31.520000457763672,31.579999923706055,73021
2026-08-18 16:15:00,31.440000534057617,31.540000915527344,31.420000076293945,31.520000457763672,221070
2026-08-18 16:30:00,31.399999618530273,31.559999465942383,31.34000015258789,31.420000076293945,276409
2026-08-18 16:45:00,31.239999771118164,31.479999542236328,31.1200008392334,31.399999618530273,361182
2026-08-18 17:00:00,31.15999984741211,31.260000228881836,31.020000457763672,31.239999771118164,625367
2026-08-18 17:15:00,31.1200008392334,31.200000762939453,31.079999923706055,31.15999984741211,239836
2026-08-18 17:30:00,31.479999542236328,31.540000915527344,31.059999465942383,31.100000381469727,516782
2026-08-18 17:45:00,31.200000762939453,31.520000457763672,31.15999984741211,31.520000457763672,697881
2026-08-19 09:45:00,31.100000381469727,31.100000381469727,31.100000381469727,31.100000381469727,0
2026-08-19 10:00:00,29.559999465942383,31.18000030517578,29.559999465942383,31.100000381469727,538123
2026-08-19 10:15:00,30.68000030517578,31.079999923706055,30.5,30.5,1866020
2026-08-19 10:30:00,30.81999969482422,31.0,30.68000030517578,30.68000030517578,451553
2026-08-19 10:45:00,30.739999771118164,30.860000610351562,30.719999313354492,30.84000015258789,138775
