Datetime,Close,High,Low,Open,Volume
2026-06-01 09:45:00,16.0,16.0,16.0,16.0,0
2026-06-01 10:00:00,16.690000534057617,16.75,15.979999542236328,15.979999542236328,1262530
2026-06-01 10:15:00,16.8799991607666,16.959999084472656,16.610000610351562,16.68000030517578,1186370
2026-06-01 10:30:00,16.889999389648438,17.079999923706055,16.739999771118164,16.850000381469727,991542
2026-06-01 10:45:00,16.81999969482422,17.020000457763672,16.799999237060547,16.8700008392334,608519
2026-06-01 11:00:00,16.850000381469727,16.969999313354492,16.780000686645508,16.829999923706055,328546
2026-06-01 11:15:00,16.860000610351562,16.940000534057617,16.780000686645508,16.799999237060547,174157
2026-06-01 11:30:00,16.809999465942383,16.93000030517578,16.780000686645508,16.8799991607666,112386
2026-06-01 11:45:00,16.770000457763672,16.829999923706055,16.760000228881836,16.790000915527344,155046
2026-06-01 12:00:00,16.770000457763672,16.790000915527344,16.75,16.790000915527344,109350
2026-06-01 12:15:00,16.899999618530273,16.950000762939453,16.790000915527344,16.790000915527344,282256
2026-06-01 12:30:00,16.8799991607666,16.940000534057617,16.8799991607666,16.889999389648438,108017
2026-06-01 12:45:00,16.799999237060547,16.899999618530273,16.790000915527344,16.899999618530273,116422
2026-06-01 13:00:00,16.780000686645508,16.84000015258789,16.780000686645508,16.799999237060547,85076
2026-06-01 13:15:00,16.739999771118164,16.860000610351562,16.690000534057617,16.780000686645508,289984
2026-06-01 13:30:00,16.790000915527344,16.8700008392334,16.729999542236328,16.739999771118164,73723
2026-06-01 13:45:00,16.760000228881836,16.799999237060547,16.700000762939453,16.780000686645508,100797
2026-06-01 14:00:00,16.739999771118164,16.790000915527344,16.709999084472656,16.760000228881836,52769
2026-06-01 14:15:00,16.739999771118164,16.799999237060547,16.709999084472656,16.739999771118164,89221
2026-06-01 14:30:00,16.639999389648438,16.799999237060547,16.639999389648438,16.739999771118164,194578
2026-06-01 14:45:00,16.639999389648438,16.65999984741211,16.600000381469727,16.6299991607666,131869
2026-06-01 15:00:00,16.600000381469727,16.700000762939453,16.600000381469727,16.639999389648438,94530
2026-06-01 15:15:00,16.670000076293945,16.709999084472656,16.579999923706055,16.6299991607666,131070
2026-06-01 15:30:00,16.739999771118164,16.770000457763672,16.6299991607666,16.670000076293945,161848
2026-06-01 15:45:00,16.690000534057617,16.739999771118164,16.690000534057617,16.719999313354492,100091
2026-06-01 16:00:00,16.6299991607666,16.729999542236328,16.6299991607666,16.719999313354492,54552
2026-06-01 16:15:00,16.5,16.65999984741211,16.469999313354492,16.639999389648438,180650
2026-06-01 16:30:00,16.459999084472656,16.530000686645508,16.389999389648438,16.479999542236328,187369
2026-06-01 16:45:00,16.43000030517578,16.559999465942383,16.389999389648438,16.43000030517578,260887
2026-06-01 17:00:00,16.510000228881836,16.530000686645508,16.389999389648438,16.43000030517578,265455
2026-06-01 17:15:00,16.440000534057617,16.510000228881836,16.3700008392334,16.510000228881836,211356
2026-06-01 17:30:00,16.559999465942383,16.610000610351562,16.399999618530273,16.43000030517578,235458
2026-06-01 17:45:00,16.530000686645508,16.6299991607666,16.489999771118164,16.559999465942383,243781
2026-06-02 09:45:00,16.600000381469727,16.600000381469727,16.600000381469727,16.600000381469727,0
2026-06-02 10:00:00,16.639999389648438,16.780000686645508,16.559999465942383,16.600000381469727,361066
2026-06-02 10:15:00,16.6200008392334,16.709999084472656,16.530000686645508,16.610000610351562,443288
2026-06-02 10:30:00,16.549999237060547,16.610000610351562,16.479999542236328,16.610000610351562,156440
2026-06-02 10:45:00,16.510000228881836,16.559999465942383,16.479999542236328,16.530000686645508,160069
2026-06-02 11:00:00,16.479999542236328,16.530000686645508,16.440000534057617,16.530000686645508,205667
2026-06-02 11:15:00,16.760000228881836,16.90999984741211,16.459999084472656,16.5,597256
2026-06-02 11:30:00,16.700000762939453,16.81999969482422,16.690000534057617,16.75,249439
2026-06-02 11:45:00,16.920000076293945,16.969999313354492,16.610000610351562,16.719999313354492,340320
2026-06-02 12:00:00,17.1200008392334,17.190000534057617,16.790000915527344,16.920000076293945,789227
2026-06-02 12:15:00,16.84000015258789,17.1299991607666,16.790000915527344,17.100000381469727,367655
2026-06-02 12:30:00,16.8700008392334,16.8700008392334,16.809999465942383,16.84000015258789,111409
2026-06-02 12:45:00,16.93000030517578,16.959999084472656,16.809999465942383,16.860000610351562,128814
2026-06-02 13:00:00,16.90999984741211,16.950000762939453,16.8700008392334,16.93000030517578,42008
2026-06-02 13:15:00,16.899999618530273,17.06999969482422,16.8799991607666,16.889999389648438,325465
2026-06-02 13:30:00,16.860000610351562,16.90999984741211,16.860000610351562,16.899999618530273,43634
2026-06-02 13:45:00,16.8700008392334,16.920000076293945,16.850000381469727,16.8700008392334,63835
2026-06-02 14:00:00,16.850000381469727,16.899999618530273,16.829999923706055,16.8700008392334,68089
2026-06-02 14:15:00,16.850000381469727,16.889999389648438,16.84000015258789,16.850000381469727,78611
2026-06-02 14:30:00,16.959999084472656,16.959999084472656,16.860000610351562,16.860000610351562,76541
2026-06-02 14:45:00,16.940000534057617,16.959999084472656,16.90999984741211,16.959999084472656,58507
2026-06-02 15:00:00,16.90999984741211,16.979999542236328,16.90999984741211,16.940000534057617,37507
2026-06-02 15:15:00,16.959999084472656,17.049999237060547,16.8799991607666,16.940000534057617,250168
2026-06-02 15:30:00,16.959999084472656,17.0,16.940000534057617,16.950000762939453,78840
2026-06-02 15:45:00,17.020000457763672,17.040000915527344,16.959999084472656,16.969999313354492,64795
2026-06-02 16:00:00,17.0,17.030000686645508,16.969999313354492,17.010000228881836,88848
2026-06-02 16:15:00,17.079999923706055,17.079999923706055,17.0,17.0,108882
2026-06-02 16:30:00,17.15999984741211,17.190000534057617,17.040000915527344,17.079999923706055,306588
2026-06-02 16:45:00,17.1299991607666,17.229999542236328,17.100000381469727,17.149999618530273,308874
2026-06-02 17:00:00,17.010000228881836,17.200000762939453,17.0,17.139999389648438,218836
2026-06-02 17:15:00,16.959999084472656,17.06999969482422,16.920000076293945,17.010000228881836,191631
2026-06-02 17:30:00,16.90999984741211,17.040000915527344,16.90999984741211,16.979999542236328,222342
2026-06-02 17:45:00,16.93000030517578,16.959999084472656,16.850000381469727,16.920000076293945,554970
2026-06-03 09:45:00,16.969999313354492,16.969999313354492,16.969999313354492,16.969999313354492,0
2026-06-03 10:00:00,16.90999984741211,17.049999237060547,16.639999389648438,16.959999084472656,1005006
2026-06-03 10:15:00,17.1299991607666,17.170000076293945,16.850000381469727,16.90999984741211,337171
2026-06-03 10:30:00,17.100000381469727,17.190000534057617,17.059999465942383,17.100000381469727,232409
2026-06-03 10:45:00,17.170000076293945,17.190000534057617,17.079999923706055,17.100000381469727,174557
2026-06-03 11:00:00,17.06999969482422,17.170000076293945,17.059999465942383,17.170000076293945,97362
2026-06-03 11:15:00,16.989999771118164,17.06999969482422,16.93000030517578,17.049999237060547,289240
2026-06-03 11:30:00,16.989999771118164,17.049999237060547,16.940000534057617,16.989999771118164,106420
2026-06-03 11:45:00,16.93000030517578,17.010000228881836,16.920000076293945,17.010000228881836,142698
2026-06-03 12:00:00,16.899999618530273,16.959999084472656,16.899999618530273,16.93000030517578,72141
2026-06-03 12:15:00,16.860000610351562,16.90999984741211,16.799999237060547,16.90999984741211,137795
2026-06-03 12:30:00,16.809999465942383,16.8700008392334,16.799999237060547,16.8700008392334,78307
2026-06-03 12:45:00,16.739999771118164,16.809999465942383,16.739999771118164,16.809999465942383,113492
2026-06-03 13:00:00,16.75,16.8799991607666,16.709999084472656,16.739999771118164,173943
2026-06-03 13:15:00,16.700000762939453,16.790000915527344,16.700000762939453,16.790000915527344,58012
2026-06-03 13:30:00,16.719999313354492,16.739999771118164,16.649999618530273,16.700000762939453,99554
2026-06-03 13:45:00,16.780000686645508,16.809999465942383,16.65999984741211,16.690000534057617,111082
2026-06-03 14:00:00,16.729999542236328,16.920000076293945,16.719999313354492,16.770000457763672,165290
2026-06-03 14:15:00,16.799999237060547,16.829999923706055,16.75,16.770000457763672,122517
2026-06-03 14:30:00,16.799999237060547,16.84000015258789,16.780000686645508,16.799999237060547,46677
2026-06-03 14:45:00,16.829999923706055,16.860000610351562,16.790000915527344,16.799999237060547,102896
2026-06-03 15:00:00,16.799999237060547,16.829999923706055,16.770000457763672,16.829999923706055,68849
2026-06-03 15:15:00,16.790000915527344,16.799999237060547,16.75,16.799999237060547,39454
2026-06-03 15:30:00,16.75,16.799999237060547,16.75,16.790000915527344,52109
2026-06-03 15:45:00,16.68000030517578,16.770000457763672,16.68000030517578,16.760000228881836,120536
2026-06-03 16:00:00,16.700000762939453,16.719999313354492,16.690000534057617,16.700000762939453,39671
2026-06-03 16:15:00,16.700000762939453,16.780000686645508,16.579999923706055,16.719999313354492,219762
2026-06-03 16:30:00,16.56999969482422,16.709999084472656,16.56999969482422,16.700000762939453,178751
2026-06-03 16:45:00,16.540000915527344,16.56999969482422,16.489999771118164,16.56999969482422,164503
2026-06-03 17:00:00,16.510000228881836,16.540000915527344,16.479999542236328,16.540000915527344,76636
2026-06-03 17:15:00,16.43000030517578,16.510000228881836,16.360000610351562,16.510000228881836,185664
2026-06-03 17:30:00,16.329999923706055,16.450000762939453,16.31999969482422,16.43000030517578,187276
2026-06-03 17:45:00,16.280000686645508,16.3700008392334,16.280000686645508,16.350000381469727,259661
2026-06-04 09:45:00,16.280000686645508,16.280000686645508,16.280000686645508,16.280000686645508,0
2026-06-04 10:00:00,16.479999542236328,16.600000381469727,16.280000686645508,16.280000686645508,462425
2026-06-04 10:15:00,16.469999313354492,16.670000076293945,16.469999313354492,16.479999542236328,330783
2026-06-04 10:30:00,16.43000030517578,16.56999969482422,16.420000076293945,16.469999313354492,136010
2026-06-04 10:45:00,16.229999542236328,16.43000030517578,16.229999542236328,16.420000076293945,240665
2026-06-04 11:00:00,16.030000686645508,16.260000228881836,16.030000686645508,16.25,324173
2026-06-04 11:15:00,15.979999542236328,16.079999923706055,15.920000076293945,16.030000686645508,309769
2026-06-04 11:30:00,15.970000267028809,16.020000457763672,15.9399995803833,15.960000038146973,96412
2026-06-04 11:45:00,16.0,16.030000686645508,15.949999809265137,15.970000267028809,125945
2026-06-04 12:00:00,16.079999923706055,16.100000381469727,15.989999771118164,16.0,153350
2026-06-04 12:15:00,16.1299991607666,16.15999984741211,16.049999237060547,16.06999969482422,121263
2026-06-04 12:30:00,16.139999389648438,16.18000030517578,16.110000610351562,16.1299991607666,33750
2026-06-04 12:45:00,16.139999389648438,16.219999313354492,16.1200008392334,16.149999618530273,70909
2026-06-04 13:00:00,16.139999389648438,16.149999618530273,16.06999969482422,16.1200008392334,37088
2026-06-04 13:15:00,16.09000015258789,16.1299991607666,16.06999969482422,16.1200008392334,12328
2026-06-04 13:30:00,16.040000915527344,16.06999969482422,16.0,16.06999969482422,101925
2026-06-04 13:45:00,16.059999465942383,16.149999618530273,16.020000457763672,16.040000915527344,68559
2026-06-04 14:00:00,16.059999465942383,16.06999969482422,16.010000228881836,16.06999969482422,81544
2026-06-04 14:15:00,16.100000381469727,16.1200008392334,16.020000457763672,16.049999237060547,75024
2026-06-04 14:30:00,16.059999465942383,16.110000610351562,15.920000076293945,16.100000381469727,115167
2026-06-04 14:45:00,16.239999771118164,16.290000915527344,16.079999923706055,16.079999923706055,211119
2026-06-04 15:00:00,16.170000076293945,16.260000228881836,16.139999389648438,16.25,134175
2026-06-04 15:15:00,16.1299991607666,16.239999771118164,16.09000015258789,16.18000030517578,70994
2026-06-04 15:30:00,16.18000030517578,16.200000762939453,16.1299991607666,16.139999389648438,34028
2026-06-04 15:45:00,16.15999984741211,16.209999084472656,16.139999389648438,16.18000030517578,77299
2026-06-04 16:00:00,16.25,16.299999237060547,16.15999984741211,16.15999984741211,66717
2026-06-04 16:15:00,16.200000762939453,16.260000228881836,16.200000762939453,16.239999771118164,28576
2026-06-04 16:30:00,16.030000686645508,16.200000762939453,16.010000228881836,16.200000762939453,97538
2026-06-04 16:45:00,16.079999923706055,16.110000610351562,16.010000228881836,16.030000686645508,65520
2026-06-04 17:00:00,15.989999771118164,16.110000610351562,15.989999771118164,16.09000015258789,68781
2026-06-04 17:15:00,15.920000076293945,16.0,15.920000076293945,15.989999771118164,240872
2026-06-04 17:30:00,15.949999809265137,16.030000686645508,15.899999618530273,15.90999984741211,164516
2026-06-04 17:45:00,16.049999237060547,16.049999237060547,15.949999809265137,15.949999809265137,92379
2026-06-05 09:45:00,16.049999237060547,16.049999237060547,16.049999237060547,16.049999237060547,0
2026-06-05 10:00:00,16.15999984741211,16.190000534057617,16.0,16.040000915527344,248207
2026-06-05 10:15:00,16.09000015258789,16.270000457763672,16.040000915527344,16.15999984741211,625351
2026-06-05 10:30:00,16.15999984741211,16.219999313354492,16.059999465942383,16.06999969482422,236686
2026-06-05 10:45:00,16.040000915527344,16.200000762939453,16.020000457763672,16.139999389648438,129730
2026-06-05 11:00:00,16.049999237060547,16.059999465942383,15.979999542236328,16.030000686645508,202001
2026-06-05 11:15:00,16.059999465942383,16.09000015258789,16.020000457763672,16.049999237060547,26092
2026-06-05 11:30:00,16.059999465942383,16.110000610351562,16.030000686645508,16.059999465942383,26004
2026-06-05 11:45:00,16.06999969482422,16.1299991607666,16.049999237060547,16.059999465942383,22008
2026-06-05 12:00:00,16.139999389648438,16.15999984741211,16.049999237060547,16.059999465942383,60989
2026-06-05 12:15:00,16.09000015258789,16.139999389648438,16.059999465942383,16.139999389648438,50970
2026-06-05 12:30:00,16.100000381469727,16.100000381469727,16.079999923706055,16.09000015258789,36861
2026-06-05 12:45:00,16.079999923706055,16.110000610351562,16.06999969482422,16.09000015258789,23450
2026-06-05 13:00:00,16.010000228881836,16.06999969482422,16.010000228881836,16.06999969482422,28178
2026-06-05 13:15:00,15.960000038146973,16.010000228881836,15.960000038146973,16.010000228881836,42131
2026-06-05 13:30:00,16.010000228881836,16.030000686645508,15.960000038146973,15.970000267028809,30813
2026-06-05 13:45:00,16.0,16.030000686645508,15.960000038146973,16.010000228881836,33679
2026-06-05 14:00:00,15.989999771118164,16.0,15.960000038146973,16.0,40459
2026-06-05 14:15:00,15.9399995803833,15.979999542236328,15.90999984741211,15.960000038146973,77754
2026-06-05 14:30:00,15.920000076293945,15.960000038146973,15.880000114440918,15.949999809265137,41800
2026-06-05 14:45:00,15.899999618530273,16.190000534057617,15.75,15.920000076293945,176973
2026-06-05 15:00:00,15.890000343322754,15.90999984741211,15.859999656677246,15.899999618530273,51506
2026-06-05 15:15:00,15.960000038146973,15.970000267028809,15.880000114440918,15.880000114440918,42419
2026-06-05 15:30:00,15.989999771118164,16.010000228881836,15.960000038146973,15.970000267028809,90251
2026-06-05 15:45:00,15.869999885559082,15.989999771118164,15.84000015258789,15.989999771118164,99550
2026-06-05 16:00:00,15.960000038146973,15.979999542236328,15.850000381469727,15.880000114440918,152558
2026-06-05 16:15:00,15.920000076293945,15.960000038146973,15.869999885559082,15.960000038146973,64968
2026-06-05 16:30:00,15.890000343322754,15.949999809265137,15.859999656677246,15.930000305175781,40063
2026-06-05 16:45:00,15.850000381469727,15.890000343322754,15.850000381469727,15.890000343322754,41111
2026-06-05 17:00:00,15.829999923706055,15.880000114440918,15.829999923706055,15.850000381469727,50070
2026-06-05 17:15:00,15.869999885559082,15.890000343322754,15.84000015258789,15.850000381469727,27731
2026-06-05 17:30:00,15.859999656677246,15.90999984741211,15.850000381469727,15.880000114440918,73083
2026-06-05 17:45:00,15.880000114440918,15.890000343322754,15.84000015258789,15.859999656677246,124613
2026-06-08 09:45:00,15.850000381469727,15.850000381469727,15.850000381469727,15.850000381469727,0
2026-06-08 10:00:00,15.729999542236328,15.84000015258789,15.40999984741211,15.84000015258789,350559
2026-06-08 10:15:00,15.710000038146973,15.739999771118164,15.649999618530273,15.729999542236328,73437
2026-06-08 10:30:00,15.6899995803833,15.739999771118164,15.649999618530273,15.710000038146973,88124
2026-06-08 10:45:00,15.609999656677246,15.729999542236328,15.579999923706055,15.670000076293945,208023
2026-06-08 11:00:00,15.539999961853027,15.699999809265137,15.210000038146973,15.600000381469727,415662
2026-06-08 11:15:00,15.529999732971191,15.569999694824219,15.529999732971191,15.529999732971191,38244
2026-06-08 11:30:00,15.520000457763672,15.550000190734863,15.479999542236328,15.539999961853027,64011
2026-06-08 11:45:00,15.569999694824219,15.59000015258789,15.5,15.520000457763672,83441
2026-06-08 12:00:00,15.609999656677246,15.65999984741211,15.5600004196167,15.59000015258789,147516
2026-06-08 12:15:00,15.59000015258789,15.640000343322754,15.579999923706055,15.609999656677246,77432
2026-06-08 12:30:00,15.550000190734863,15.600000381469727,15.510000228881836,15.600000381469727,60781
2026-06-08 12:45:00,15.529999732971191,15.579999923706055,15.510000228881836,15.550000190734863,60984
2026-06-08 13:00:00,15.550000190734863,15.579999923706055,15.5,15.529999732971191,33734
2026-06-08 13:15:00,15.529999732971191,15.569999694824219,15.520000457763672,15.5600004196167,24997
2026-06-08 13:30:00,15.579999923706055,15.609999656677246,15.420000076293945,15.550000190734863,155272
2026-06-08 13:45:00,15.520000457763672,15.579999923706055,15.460000038146973,15.579999923706055,146136
2026-06-08 14:00:00,15.539999961853027,15.569999694824219,15.470000267028809,15.520000457763672,89567
2026-06-08 14:15:00,15.59000015258789,15.59000015258789,15.520000457763672,15.5600004196167,70414
2026-06-08 14:30:00,15.569999694824219,15.630000114440918,15.569999694824219,15.600000381469727,161749
2026-06-08 14:45:00,15.600000381469727,15.630000114440918,15.550000190734863,15.569999694824219,76094
2026-06-08 15:00:00,15.569999694824219,15.609999656677246,15.569999694824219,15.600000381469727,30237
2026-06-08 15:15:00,15.619999885559082,15.619999885559082,15.5600004196167,15.59000015258789,31032
2026-06-08 15:30:00,15.640000343322754,15.640000343322754,15.59000015258789,15.609999656677246,40049
2026-06-08 15:45:00,15.630000114440918,15.649999618530273,15.600000381469727,15.640000343322754,38779
2026-06-08 16:00:00,15.59000015258789,15.640000343322754,15.59000015258789,15.630000114440918,128470
2026-06-08 16:15:00,15.609999656677246,15.619999885559082,15.579999923706055,15.600000381469727,56351
2026-06-08 16:30:00,15.5600004196167,15.630000114440918,15.550000190734863,15.609999656677246,90831
2026-06-08 16:45:00,15.550000190734863,15.569999694824219,15.510000228881836,15.569999694824219,63298
2026-06-08 17:00:00,15.550000190734863,15.579999923706055,15.489999771118164,15.550000190734863,176351
2026-06-08 17:15:00,15.510000228881836,15.550000190734863,15.479999542236328,15.539999961853027,52696
2026-06-08 17:30:00,15.5,15.529999732971191,15.489999771118164,15.529999732971191,80020
2026-06-08 17:45:00,15.5,15.520000457763672,15.479999542236328,15.520000457763672,123365
2026-06-09 09:45:00,15.479999542236328,15.479999542236328,15.479999542236328,15.479999542236328,0
2026-06-09 10:00:00,15.430000305175781,15.579999923706055,15.420000076293945,15.5,246866
2026-06-09 10:15:00,15.4399995803833,15.489999771118164,15.40999984741211,15.430000305175781,114071
2026-06-09 10:30:00,15.359999656677246,15.460000038146973,15.359999656677246,15.430000305175781,87320
2026-06-09 10:45:00,15.369999885559082,15.420000076293945,15.369999885559082,15.369999885559082,29415
2026-06-09 11:00:00,15.369999885559082,15.420000076293945,15.350000381469727,15.369999885559082,49100
2026-06-09 11:15:00,15.390000343322754,15.420000076293945,15.359999656677246,15.380000114440918,40974
2026-06-09 11:30:00,15.40999984741211,15.569999694824219,15.380000114440918,15.390000343322754,222501
2026-06-09 11:45:00,15.4399995803833,15.470000267028809,15.399999618530273,15.40999984741211,53592
2026-06-09 12:00:00,15.449999809265137,15.479999542236328,15.449999809265137,15.460000038146973,31015
2026-06-09 12:15:00,15.479999542236328,15.529999732971191,15.449999809265137,15.470000267028809,107415
2026-06-09 12:30:00,15.4399995803833,15.520000457763672,15.430000305175781,15.489999771118164,94658
2026-06-09 12:45:00,15.390000343322754,15.4399995803833,15.390000343322754,15.4399995803833,39837
2026-06-09 13:00:00,15.319999694824219,15.399999618530273,15.15999984741211,15.390000343322754,120408
2026-06-09 13:15:00,15.279999732971191,15.350000381469727,15.270000457763672,15.350000381469727,172356
2026-06-09 13:30:00,15.229999542236328,15.300000190734863,15.220000267028809,15.300000190734863,109659
2026-06-09 13:45:00,15.289999961853027,15.289999961853027,15.239999771118164,15.25,51115
2026-06-09 14:00:00,15.220000267028809,15.300000190734863,15.199999809265137,15.289999961853027,57099
2026-06-09 14:15:00,15.220000267028809,15.260000228881836,15.199999809265137,15.220000267028809,57097
2026-06-09 14:30:00,15.229999542236328,15.260000228881836,15.210000038146973,15.25,41098
2026-06-09 14:45:00,15.220000267028809,15.239999771118164,15.199999809265137,15.239999771118164,60843
2026-06-09 15:00:00,15.140000343322754,15.229999542236328,15.119999885559082,15.229999542236328,82391
2026-06-09 15:15:00,15.100000381469727,15.15999984741211,15.039999961853027,15.149999618530273,94263
2026-06-09 15:30:00,15.109999656677246,15.130000114440918,15.069999694824219,15.109999656677246,80457
2026-06-09 15:45:00,15.039999961853027,15.119999885559082,15.020000457763672,15.109999656677246,67366
2026-06-09 16:00:00,14.979999542236328,15.039999961853027,14.970000267028809,15.039999961853027,264519
2026-06-09 16:15:00,15.010000228881836,15.029999732971191,14.970000267028809,14.979999542236328,46075
2026-06-09 16:30:00,14.970000267028809,15.029999732971191,14.970000267028809,15.029999732971191,90356
2026-06-09 16:45:00,14.960000038146973,15.100000381469727,14.9399995803833,14.989999771118164,66667
2026-06-09 17:00:00,14.90999984741211,14.970000267028809,14.899999618530273,14.970000267028809,100002
2026-06-09 17:15:00,14.829999923706055,14.920000076293945,14.800000190734863,14.920000076293945,233990
2026-06-09 17:30:00,14.869999885559082,14.890000343322754,14.829999923706055,14.850000381469727,76744
2026-06-09 17:45:00,14.90999984741211,14.949999809265137,14.829999923706055,14.880000114440918,243510
2026-06-10 09:45:00,14.800000190734863,14.800000190734863,14.800000190734863,14.800000190734863,0
2026-06-10 10:00:00,14.739999771118164,14.869999885559082,14.729999542236328,14.789999961853027,162492
2026-06-10 10:15:00,14.75,14.800000190734863,14.699999809265137,14.739999771118164,93814
2026-06-10 10:30:00,14.670000076293945,14.75,14.65999984741211,14.75,76402
2026-06-10 10:45:00,14.710000038146973,14.720000267028809,14.649999618530273,14.670000076293945,33620
2026-06-10 11:00:00,14.630000114440918,14.710000038146973,14.630000114440918,14.710000038146973,79111
2026-06-10 11:15:00,14.529999732971191,14.630000114440918,14.489999771118164,14.630000114440918,178845
2026-06-10 11:30:00,14.529999732971191,14.59000015258789,14.520000457763672,14.550000190734863,91838
2026-06-10 11:45:00,14.510000228881836,14.5600004196167,14.5,14.550000190734863,75917
2026-06-10 12:00:00,14.550000190734863,14.5600004196167,14.430000305175781,14.510000228881836,106918
2026-06-10 12:15:00,14.630000114440918,14.640000343322754,14.5600004196167,14.5600004196167,93143
2026-06-10 12:30:00,14.640000343322754,14.699999809265137,14.619999885559082,14.630000114440918,96661
2026-06-10 12:45:00,14.770000457763672,14.770000457763672,14.640000343322754,14.649999618530273,95052
2026-06-10 13:00:00,14.75,14.770000457763672,14.720000267028809,14.770000457763672,73550
2026-06-10 13:15:00,14.729999542236328,14.75,14.710000038146973,14.720000267028809,57922
2026-06-10 13:30:00,14.760000228881836,14.760000228881836,14.720000267028809,14.729999542236328,20986
2026-06-10 13:45:00,14.75,14.760000228881836,14.710000038146973,14.760000228881836,28900
2026-06-10 14:00:00,14.699999809265137,14.75,14.649999618530273,14.75,69128
2026-06-10 14:15:00,14.670000076293945,14.739999771118164,14.670000076293945,14.710000038146973,28519
2026-06-10 14:30:00,14.609999656677246,14.710000038146973,14.579999923706055,14.699999809265137,53634
2026-06-10 14:45:00,14.569999694824219,14.670000076293945,14.5600004196167,14.640000343322754,96811
2026-06-10 15:00:00,14.619999885559082,14.640000343322754,14.569999694824219,14.579999923706055,57064
2026-06-10 15:15:00,14.630000114440918,14.640000343322754,14.600000381469727,14.619999885559082,18145
2026-06-10 15:30:00,14.680000305175781,14.720000267028809,14.619999885559082,14.630000114440918,76258
2026-06-10 15:45:00,14.680000305175781,14.699999809265137,14.619999885559082,14.6899995803833,65775
2026-06-10 16:00:00,14.670000076293945,14.699999809265137,14.640000343322754,14.680000305175781,34529
2026-06-10 16:15:00,14.640000343322754,14.670000076293945,14.630000114440918,14.670000076293945,32499
2026-06-10 16:30:00,14.75,14.760000228881836,14.630000114440918,14.65999984741211,74544
2026-06-10 16:45:00,14.65999984741211,14.779999732971191,14.65999984741211,14.75,201869
2026-06-10 17:00:00,14.630000114440918,14.6899995803833,14.600000381469727,14.670000076293945,101334
2026-06-10 17:15:00,14.630000114440918,14.649999618530273,14.579999923706055,14.649999618530273,92883
2026-06-10 17:30:00,14.619999885559082,14.630000114440918,14.529999732971191,14.630000114440918,258169
2026-06-10 17:45:00,14.619999885559082,14.630000114440918,14.59000015258789,14.619999885559082,165236
2026-06-11 09:45:00,14.670000076293945,14.670000076293945,14.670000076293945,14.670000076293945,0
2026-06-11 10:00:00,14.65999984741211,14.739999771118164,14.579999923706055,14.670000076293945,120804
2026-06-11 10:15:00,14.779999732971191,14.789999961853027,14.649999618530273,14.670000076293945,259801
2026-06-11 10:30:00,14.779999732971191,14.829999923706055,14.760000228881836,14.779999732971191,117036
2026-06-11 10:45:00,14.760000228881836,14.819999694824219,14.739999771118164,14.789999961853027,96502
2026-06-11 11:00:00,14.729999542236328,14.789999961853027,14.729999542236328,14.760000228881836,35170
2026-06-11 11:15:00,14.670000076293945,14.739999771118164,14.670000076293945,14.739999771118164,58197
2026-06-11 11:30:00,14.779999732971191,14.800000190734863,14.670000076293945,14.680000305175781,59198
2026-06-11 11:45:00,14.760000228881836,14.789999961853027,14.75,14.789999961853027,69460
2026-06-11 12:00:00,14.699999809265137,14.770000457763672,14.699999809265137,14.760000228881836,55691
2026-06-11 12:15:00,14.59000015258789,14.710000038146973,14.59000015258789,14.710000038146973,153422
2026-06-11 12:30:00,14.59000015258789,14.619999885559082,14.579999923706055,14.59000015258789,69346
2026-06-11 12:45:00,14.579999923706055,14.619999885559082,14.579999923706055,14.600000381469727,69422
2026-06-11 13:00:00,14.550000190734863,14.619999885559082,14.539999961853027,14.59000015258789,52994
2026-06-11 13:15:00,14.5600004196167,14.579999923706055,14.550000190734863,14.5600004196167,44888
2026-06-11 13:30:00,14.569999694824219,14.579999923706055,14.539999961853027,14.5600004196167,23110
2026-06-11 13:45:00,14.5600004196167,14.59000015258789,14.539999961853027,14.579999923706055,56454
2026-06-11 14:00:00,14.609999656677246,14.630000114440918,14.569999694824219,14.59000015258789,51902
2026-06-11 14:15:00,14.720000267028809,14.720000267028809,14.59000015258789,14.609999656677246,98171
2026-06-11 14:30:00,14.640000343322754,14.75,14.640000343322754,14.729999542236328,75552
2026-06-11 14:45:00,14.65999984741211,14.670000076293945,14.600000381469727,14.640000343322754,42305
2026-06-11 15:00:00,14.59000015258789,14.670000076293945,14.59000015258789,14.65999984741211,125896
2026-06-11 15:15:00,14.34000015258789,14.59000015258789,14.3100004196167,14.59000015258789,658668
2026-06-11 15:30:00,14.15999984741211,14.34000015258789,14.130000114440918,14.34000015258789,358154
2026-06-11 15:45:00,14.210000038146973,14.220000267028809,14.140000343322754,14.15999984741211,129539
2026-06-11 16:00:00,14.260000228881836,14.279999732971191,14.180000305175781,14.210000038146973,173676
2026-06-11 16:15:00,14.229999542236328,14.279999732971191,14.180000305175781,14.279999732971191,44780
2026-06-11 16:30:00,14.300000190734863,14.300000190734863,14.229999542236328,14.229999542236328,100488
2026-06-11 16:45:00,14.289999961853027,14.34000015258789,14.25,14.300000190734863,109014
2026-06-11 17:00:00,14.270000457763672,14.329999923706055,14.270000457763672,14.289999961853027,34699
2026-06-11 17:15:00,14.34000015258789,14.34000015258789,14.279999732971191,14.279999732971191,43294
2026-06-11 17:30:00,14.34000015258789,14.359999656677246,14.25,14.34000015258789,162214
2026-06-11 17:45:00,14.390000343322754,14.649999618530273,14.319999694824219,14.34000015258789,126757
2026-06-12 09:45:00,14.600000381469727,14.600000381469727,14.600000381469727,14.600000381469727,0
2026-06-12 10:00:00,14.520000457763672,14.760000228881836,14.470000267028809,14.670000076293945,258385
2026-06-12 10:15:00,14.529999732971191,14.5600004196167,14.460000038146973,14.520000457763672,135268
2026-06-12 10:30:00,14.640000343322754,14.699999809265137,14.529999732971191,14.529999732971191,182323
2026-06-12 10:45:00,14.619999885559082,14.649999618530273,14.600000381469727,14.630000114440918,59625
2026-06-12 11:00:00,14.920000076293945,14.9399995803833,14.609999656677246,14.609999656677246,374489
2026-06-12 11:15:00,14.890000343322754,14.930000305175781,14.850000381469727,14.920000076293945,88059
2026-06-12 11:30:00,14.920000076293945,14.989999771118164,14.859999656677246,14.890000343322754,341807
2026-06-12 11:45:00,15.010000228881836,15.050000190734863,14.9399995803833,14.9399995803833,242924
2026-06-12 12:00:00,15.130000114440918,15.15999984741211,14.979999542236328,15.0,490258
2026-06-12 12:15:00,15.069999694824219,15.130000114440918,15.029999732971191,15.100000381469727,156681
2026-06-12 12:30:00,15.039999961853027,15.0600004196167,14.989999771118164,15.0600004196167,51210
2026-06-12 12:45:00,14.970000267028809,15.039999961853027,14.930000305175781,15.039999961853027,65733
2026-06-12 13:00:00,14.970000267028809,14.970000267028809,14.9399995803833,14.949999809265137,44211
2026-06-12 13:15:00,14.789999961853027,14.970000267028809,14.779999732971191,14.970000267028809,148378
2026-06-12 13:30:00,14.890000343322754,14.920000076293945,14.800000190734863,14.8100004196167,110832
2026-06-12 13:45:00,14.869999885559082,14.920000076293945,14.859999656677246,14.899999618530273,32257
2026-06-12 14:00:00,14.899999618530273,14.920000076293945,14.869999885559082,14.869999885559082,46866
2026-06-12 14:15:00,14.890000343322754,14.9399995803833,14.890000343322754,14.920000076293945,29200
2026-06-12 14:30:00,14.869999885559082,14.960000038146973,14.859999656677246,14.890000343322754,35658
2026-06-12 14:45:00,14.869999885559082,14.899999618530273,14.869999885559082,14.880000114440918,28184
2026-06-12 15:00:00,14.880000114440918,14.920000076293945,14.859999656677246,14.880000114440918,101677
2026-06-12 15:15:00,14.949999809265137,14.989999771118164,14.850000381469727,14.880000114440918,42583
2026-06-12 15:30:00,15.020000457763672,15.020000457763672,14.920000076293945,14.949999809265137,99949
2026-06-12 15:45:00,14.970000267028809,15.050000190734863,14.949999809265137,15.020000457763672,78362
2026-06-12 16:00:00,14.970000267028809,15.029999732971191,14.930000305175781,14.949999809265137,165302
2026-06-12 16:15:00,15.0,15.050000190734863,14.949999809265137,14.989999771118164,56241
2026-06-12 16:30:00,14.8100004196167,15.010000228881836,14.8100004196167,15.0,170736
2026-06-12 16:45:00,14.6899995803833,14.829999923706055,14.6899995803833,14.800000190734863,221996
2026-06-12 17:00:00,14.670000076293945,14.75,14.65999984741211,14.6899995803833,122179
2026-06-12 17:15:00,14.739999771118164,14.800000190734863,14.670000076293945,14.670000076293945,120966
2026-06-12 17:30:00,14.8100004196167,14.84000015258789,14.75,14.75,77679
2026-06-12 17:45:00,15.039999961853027,15.039999961853027,14.789999961853027,14.8100004196167,115529
2026-06-15 09:45:00,15.4399995803833,15.4399995803833,15.4399995803833,15.4399995803833,0
2026-06-15 10:00:00,15.460000038146973,15.520000457763672,15.210000038146973,15.4399995803833,623912
2026-06-15 10:15:00,15.380000114440918,15.489999771118164,15.369999885559082,15.489999771118164,212984
2026-06-15 10:30:00,15.399999618530273,15.550000190734863,15.350000381469727,15.399999618530273,156694
2026-06-15 10:45:00,15.369999885559082,15.420000076293945,15.25,15.40999984741211,107341
2026-06-15 11:00:00,15.359999656677246,15.430000305175781,15.350000381469727,15.369999885559082,84930
2026-06-15 11:15:00,15.369999885559082,15.399999618530273,15.329999923706055,15.359999656677246,78579
2026-06-15 11:30:00,15.300000190734863,15.359999656677246,15.300000190734863,15.359999656677246,30018
2026-06-15 11:45:00,15.25,15.380000114440918,15.239999771118164,15.329999923706055,68941
2026-06-15 12:00:00,15.239999771118164,15.270000457763672,15.210000038146973,15.260000228881836,36455
2026-06-15 12:15:00,15.289999961853027,15.3100004196167,15.210000038146973,15.239999771118164,81768
2026-06-15 12:30:00,15.199999809265137,15.329999923706055,15.1899995803833,15.270000457763672,71912
2026-06-15 12:45:00,15.229999542236328,15.260000228881836,15.1899995803833,15.210000038146973,121184
2026-06-15 13:00:00,15.1899995803833,15.25,15.170000076293945,15.239999771118164,42784
2026-06-15 13:15:00,15.210000038146973,15.25,15.1899995803833,15.1899995803833,70740
2026-06-15 13:30:00,15.260000228881836,15.260000228881836,15.210000038146973,15.220000267028809,139223
2026-06-15 13:45:00,15.239999771118164,15.260000228881836,15.220000267028809,15.260000228881836,61925
2026-06-15 14:00:00,15.220000267028809,15.239999771118164,15.180000305175781,15.239999771118164,98115
2026-06-15 14:15:00,15.199999809265137,15.260000228881836,15.199999809265137,15.239999771118164,77276
2026-06-15 14:30:00,15.1899995803833,15.239999771118164,15.180000305175781,15.199999809265137,37808
2026-06-15 14:45:00,15.180000305175781,15.210000038146973,15.180000305175781,15.199999809265137,95056
2026-06-15 15:00:00,15.15999984741211,15.199999809265137,15.149999618530273,15.199999809265137,97271
2026-06-15 15:15:00,15.199999809265137,15.199999809265137,15.149999618530273,15.170000076293945,32517
2026-06-15 15:30:00,15.25,15.260000228881836,15.1899995803833,15.199999809265137,59622
2026-06-15 15:45:00,15.229999542236328,15.270000457763672,15.220000267028809,15.270000457763672,32426
2026-06-15 16:00:00,15.220000267028809,15.229999542236328,15.1899995803833,15.229999542236328,33644
2026-06-15 16:15:00,15.229999542236328,15.25,15.229999542236328,15.229999542236328,35630
2026-06-15 16:30:00,15.199999809265137,15.25,15.199999809265137,15.25,51083
2026-06-15 16:45:00,15.220000267028809,15.229999542236328,15.1899995803833,15.1899995803833,16661
2026-06-15 17:00:00,15.210000038146973,15.300000190734863,15.210000038146973,15.229999542236328,103502
2026-06-15 17:15:00,15.199999809265137,15.239999771118164,15.199999809265137,15.210000038146973,43587
2026-06-15 17:30:00,15.210000038146973,15.220000267028809,15.180000305175781,15.210000038146973,55410
2026-06-15 17:45:00,15.199999809265137,15.229999542236328,15.1899995803833,15.220000267028809,91861
2026-06-16 09:45:00,15.199999809265137,15.199999809265137,15.199999809265137,15.199999809265137,0
2026-06-16 10:00:00,15.1899995803833,15.25,15.109999656677246,15.199999809265137,157962
2026-06-16 10:15:00,15.220000267028809,15.25,15.149999618530273,15.1899995803833,55419
2026-06-16 10:30:00,15.15999984741211,15.220000267028809,15.15999984741211,15.220000267028809,58226
2026-06-16 10:45:00,15.199999809265137,15.210000038146973,15.149999618530273,15.15999984741211,68722
2026-06-16 11:00:00,15.1899995803833,15.210000038146973,15.170000076293945,15.210000038146973,49520
2026-06-16 11:15:00,15.0600004196167,15.1899995803833,15.039999961853027,15.1899995803833,161796
2026-06-16 11:30:00,15.039999961853027,15.0600004196167,14.970000267028809,15.0600004196167,142281
2026-06-16 11:45:00,15.079999923706055,15.09000015258789,15.039999961853027,15.039999961853027,19552
2026-06-16 12:00:00,15.130000114440918,15.15999984741211,15.079999923706055,15.079999923706055,107381
2026-06-16 12:15:00,15.149999618530273,15.15999984741211,15.109999656677246,15.149999618530273,45039
2026-06-16 12:30:00,15.130000114440918,15.15999984741211,15.119999885559082,15.149999618530273,49075
2026-06-16 12:45:00,15.079999923706055,15.130000114440918,15.079999923706055,15.130000114440918,41775
2026-06-16 13:00:00,15.100000381469727,15.109999656677246,15.050000190734863,15.069999694824219,53668
2026-06-16 13:15:00,15.119999885559082,15.15999984741211,15.09000015258789,15.100000381469727,214271
2026-06-16 13:30:00,15.109999656677246,15.130000114440918,15.09000015258789,15.130000114440918,35234
2026-06-16 13:45:00,15.09000015258789,15.119999885559082,15.09000015258789,15.119999885559082,13023
2026-06-16 14:00:00,15.050000190734863,15.100000381469727,15.050000190734863,15.100000381469727,21608
2026-06-16 14:15:00,15.039999961853027,15.069999694824219,15.039999961853027,15.069999694824219,16081
2026-06-16 14:30:00,15.029999732971191,15.050000190734863,15.010000228881836,15.029999732971191,72364
2026-06-16 14:45:00,14.970000267028809,15.029999732971191,14.920000076293945,15.029999732971191,93965
2026-06-16 15:00:00,15.0600004196167,15.100000381469727,14.970000267028809,14.970000267028809,62444
2026-06-16 15:15:00,15.020000457763672,15.079999923706055,14.989999771118164,15.0600004196167,25308
2026-06-16 15:30:00,15.079999923706055,15.100000381469727,15.029999732971191,15.029999732971191,49148
2026-06-16 15:45:00,15.100000381469727,15.119999885559082,15.039999961853027,15.079999923706055,53466
2026-06-16 16:00:00,15.130000114440918,15.140000343322754,15.09000015258789,15.100000381469727,43225
2026-06-16 16:15:00,15.130000114440918,15.149999618530273,15.100000381469727,15.149999618530273,25761
2026-06-16 16:30:00,15.109999656677246,15.220000267028809,15.109999656677246,15.140000343322754,78191
2026-06-16 16:45:00,15.119999885559082,15.149999618530273,15.100000381469727,15.140000343322754,60796
2026-06-16 17:00:00,15.079999923706055,15.140000343322754,15.079999923706055,15.140000343322754,8421
2026-06-16 17:15:00,15.09000015258789,15.09000015258789,15.039999961853027,15.079999923706055,38100
2026-06-16 17:30:00,15.0600004196167,15.09000015258789,15.0600004196167,15.079999923706055,18869
2026-06-16 17:45:00,15.029999732971191,15.069999694824219,15.029999732971191,15.069999694824219,130022
2026-06-17 09:45:00,15.039999961853027,15.039999961853027,15.039999961853027,15.039999961853027,0
2026-06-17 10:00:00,15.109999656677246,15.25,15.039999961853027,15.039999961853027,208872
2026-06-17 10:15:00,15.119999885559082,15.229999542236328,15.029999732971191,15.079999923706055,113326
2026-06-17 10:30:00,15.130000114440918,15.140000343322754,15.079999923706055,15.130000114440918,50160
2026-06-17 10:45:00,15.09000015258789,15.130000114440918,15.0600004196167,15.130000114440918,19653
2026-06-17 11:00:00,15.050000190734863,15.119999885559082,15.050000190734863,15.100000381469727,115092
2026-06-17 11:15:00,15.029999732971191,15.079999923706055,15.029999732971191,15.069999694824219,69913
2026-06-17 11:30:00,15.039999961853027,15.0600004196167,15.029999732971191,15.039999961853027,39517
2026-06-17 11:45:00,15.029999732971191,15.050000190734863,15.010000228881836,15.039999961853027,67993
2026-06-17 12:00:00,15.029999732971191,15.039999961853027,15.0,15.039999961853027,12706
2026-06-17 12:15:00,15.0,15.029999732971191,14.979999542236328,15.029999732971191,61071
2026-06-17 12:30:00,15.020000457763672,15.020000457763672,14.960000038146973,15.0,36079
2026-06-17 12:45:00,15.010000228881836,15.029999732971191,14.989999771118164,15.029999732971191,23661
2026-06-17 13:00:00,15.0,15.09000015258789,14.960000038146973,15.020000457763672,36216
2026-06-17 13:15:00,14.989999771118164,15.039999961853027,14.979999542236328,15.010000228881836,27937
2026-06-17 13:30:00,14.989999771118164,15.020000457763672,14.979999542236328,15.010000228881836,11945
2026-06-17 13:45:00,14.960000038146973,15.010000228881836,14.949999809265137,15.0,34107
2026-06-17 14:00:00,14.9399995803833,14.979999542236328,14.9399995803833,14.979999542236328,57503
2026-06-17 14:15:00,14.920000076293945,14.970000267028809,14.920000076293945,14.9399995803833,36182
2026-06-17 14:30:00,14.9399995803833,14.9399995803833,14.90999984741211,14.930000305175781,25364
2026-06-17 14:45:00,14.880000114440918,14.9399995803833,14.8100004196167,14.9399995803833,66698
2026-06-17 15:00:00,14.920000076293945,14.920000076293945,14.890000343322754,14.899999618530273,28504
2026-06-17 15:15:00,14.920000076293945,14.9399995803833,14.899999618530273,14.930000305175781,14329
2026-06-17 15:30:00,14.890000343322754,14.930000305175781,14.890000343322754,14.920000076293945,5747
2026-06-17 15:45:00,14.930000305175781,14.9399995803833,14.890000343322754,14.90999984741211,8199
2026-06-17 16:00:00,14.920000076293945,14.930000305175781,14.899999618530273,14.930000305175781,6798
2026-06-17 16:15:00,14.930000305175781,14.949999809265137,14.90999984741211,14.930000305175781,43590
2026-06-17 16:30:00,14.890000343322754,14.949999809265137,14.869999885559082,14.949999809265137,42456
2026-06-17 16:45:00,14.84000015258789,14.890000343322754,14.84000015258789,14.890000343322754,18695
2026-06-17 17:00:00,14.800000190734863,14.859999656677246,14.770000457763672,14.84000015258789,96792
2026-06-17 17:15:00,14.75,14.800000190734863,14.739999771118164,14.800000190734863,74973
2026-06-17 17:30:00,14.779999732971191,14.819999694824219,14.779999732971191,14.789999961853027,78009
2026-06-17 17:45:00,14.789999961853027,14.819999694824219,14.6899995803833,14.800000190734863,157935
2026-06-18 09:45:00,14.800000190734863,14.800000190734863,14.800000190734863,14.800000190734863,0
2026-06-18 10:00:00,14.90999984741211,14.90999984741211,14.819999694824219,14.819999694824219,84471
2026-06-18 10:15:00,14.819999694824219,14.899999618530273,14.8100004196167,14.899999618530273,136719
2026-06-18 10:30:00,14.859999656677246,14.880000114440918,14.819999694824219,14.829999923706055,46488
2026-06-18 10:45:00,14.970000267028809,15.010000228881836,14.850000381469727,14.859999656677246,201882
2026-06-18 11:00:00,14.960000038146973,15.0600004196167,14.9399995803833,14.970000267028809,48710
2026-06-18 11:15:00,14.930000305175781,14.989999771118164,14.930000305175781,14.970000267028809,48644
2026-06-18 11:30:00,14.979999542236328,14.979999542236328,14.920000076293945,14.949999809265137,45872
2026-06-18 11:45:00,14.970000267028809,14.989999771118164,14.949999809265137,14.979999542236328,37557
2026-06-18 12:00:00,15.020000457763672,15.020000457763672,14.970000267028809,14.979999542236328,53526
2026-06-18 12:15:00,14.949999809265137,15.029999732971191,14.949999809265137,15.029999732971191,19591
2026-06-18 12:30:00,14.930000305175781,14.979999542236328,14.930000305175781,14.979999542236328,45717
2026-06-18 12:45:00,14.920000076293945,14.949999809265137,14.899999618530273,14.949999809265137,23081
2026-06-18 13:00:00,14.9399995803833,14.960000038146973,14.899999618530273,14.9399995803833,64343
2026-06-18 13:15:00,14.920000076293945,14.9399995803833,14.890000343322754,14.9399995803833,24085
2026-06-18 13:30:00,14.859999656677246,14.90999984741211,14.850000381469727,14.90999984741211,18400
2026-06-18 13:45:00,14.84000015258789,14.869999885559082,14.84000015258789,14.869999885559082,31417
2026-06-18 14:00:00,14.75,14.859999656677246,14.729999542236328,14.859999656677246,138279
2026-06-18 14:15:00,14.800000190734863,14.800000190734863,14.710000038146973,14.75,83500
2026-06-18 14:30:00,14.779999732971191,14.8100004196167,14.770000457763672,14.800000190734863,34889
2026-06-18 14:45:00,14.770000457763672,14.789999961853027,14.75,14.789999961853027,33436
2026-06-18 15:00:00,14.770000457763672,14.800000190734863,14.75,14.779999732971191,14438
2026-06-18 15:15:00,14.779999732971191,14.779999732971191,14.75,14.779999732971191,22846
2026-06-18 15:30:00,14.770000457763672,14.8100004196167,14.760000228881836,14.779999732971191,59876
2026-06-18 15:45:00,14.789999961853027,14.800000190734863,14.770000457763672,14.789999961853027,7280
2026-06-18 16:00:00,14.819999694824219,14.84000015258789,14.779999732971191,14.800000190734863,19221
2026-06-18 16:15:00,14.869999885559082,14.869999885559082,14.800000190734863,14.819999694824219,46481
2026-06-18 16:30:00,14.880000114440918,14.880000114440918,14.84000015258789,14.880000114440918,21141
2026-06-18 16:45:00,14.899999618530273,14.90999984741211,14.869999885559082,14.890000343322754,9865
2026-06-18 17:00:00,14.90999984741211,14.930000305175781,14.899999618530273,14.899999618530273,41466
2026-06-18 17:15:00,14.890000343322754,14.920000076293945,14.880000114440918,14.899999618530273,20588
2026-06-18 17:30:00,14.90999984741211,14.9399995803833,14.880000114440918,14.90999984741211,89755
2026-06-18 17:45:00,14.920000076293945,14.9399995803833,14.880000114440918,14.90999984741211,67086
2026-06-19 09:45:00,14.8100004196167,14.8100004196167,14.8100004196167,14.8100004196167,0
2026-06-19 10:00:00,15.0,15.079999923706055,14.789999961853027,14.850000381469727,257325
2026-06-19 10:15:00,14.930000305175781,15.109999656677246,14.930000305175781,15.029999732971191,104146
2026-06-19 10:30:00,14.920000076293945,14.930000305175781,14.859999656677246,14.920000076293945,28695
2026-06-19 10:45:00,14.859999656677246,14.949999809265137,14.850000381469727,14.930000305175781,72883
2026-06-19 11:00:00,14.949999809265137,14.960000038146973,14.859999656677246,14.859999656677246,63140
2026-06-19 11:15:00,14.930000305175781,14.949999809265137,14.920000076293945,14.949999809265137,15354
2026-06-19 11:30:00,14.920000076293945,14.9399995803833,14.90999984741211,14.9399995803833,11920
2026-06-19 11:45:00,14.9399995803833,14.9399995803833,14.90999984741211,14.930000305175781,29074
2026-06-19 12:00:00,14.930000305175781,14.960000038146973,14.920000076293945,14.9399995803833,18890
2026-06-19 12:15:00,14.979999542236328,14.989999771118164,14.920000076293945,14.930000305175781,77325
2026-06-19 12:30:00,14.989999771118164,15.020000457763672,14.979999542236328,15.0,81807
2026-06-19 12:45:00,14.970000267028809,15.0,14.960000038146973,15.0,17933
2026-06-19 13:00:00,14.890000343322754,14.970000267028809,14.880000114440918,14.970000267028809,52540
2026-06-19 13:15:00,14.850000381469727,14.899999618530273,14.850000381469727,14.890000343322754,38522
2026-06-19 13:30:00,14.819999694824219,14.859999656677246,14.8100004196167,14.859999656677246,44038
2026-06-19 13:45:00,14.8100004196167,14.84000015258789,14.800000190734863,14.84000015258789,39360
2026-06-19 14:00:00,14.800000190734863,14.819999694824219,14.789999961853027,14.819999694824219,46010
2026-06-19 14:15:00,14.739999771118164,14.8100004196167,14.739999771118164,14.8100004196167,70028
2026-06-19 14:30:00,14.770000457763672,14.770000457763672,14.720000267028809,14.75,39312
2026-06-19 14:45:00,14.770000457763672,14.770000457763672,14.739999771118164,14.770000457763672,52419
2026-06-19 15:00:00,14.760000228881836,14.779999732971191,14.739999771118164,14.770000457763672,30279
2026-06-19 15:15:00,14.779999732971191,14.800000190734863,14.739999771118164,14.760000228881836,35001
2026-06-19 15:30:00,14.800000190734863,14.800000190734863,14.760000228881836,14.779999732971191,20664
2026-06-19 15:45:00,14.869999885559082,14.90999984741211,14.800000190734863,14.800000190734863,58867
2026-06-19 16:00:00,14.8100004196167,14.890000343322754,14.789999961853027,14.880000114440918,73865
2026-06-19 16:15:00,14.8100004196167,14.859999656677246,14.779999732971191,14.8100004196167,53153
2026-06-19 16:30:00,14.819999694824219,14.829999923706055,14.789999961853027,14.8100004196167,40308
2026-06-19 16:45:00,14.800000190734863,14.850000381469727,14.800000190734863,14.819999694824219,33864
2026-06-19 17:00:00,14.819999694824219,14.829999923706055,14.800000190734863,14.819999694824219,4145
2026-06-19 17:15:00,14.8100004196167,14.829999923706055,14.779999732971191,14.829999923706055,54480
2026-06-19 17:30:00,14.739999771118164,14.819999694824219,14.739999771118164,14.8100004196167,37869
2026-06-19 17:45:00,14.800000190734863,14.800000190734863,14.720000267028809,14.770000457763672,112293
2026-06-22 09:45:00,14.430000305175781,14.430000305175781,14.430000305175781,14.430000305175781,0
2026-06-22 10:00:00,14.710000038146973,14.739999771118164,14.5,14.5,248385
2026-06-22 10:15:00,14.779999732971191,14.779999732971191,14.699999809265137,14.710000038146973,63807
2026-06-22 10:30:00,14.760000228881836,14.779999732971191,14.729999542236328,14.779999732971191,26545
2026-06-22 10:45:00,14.729999542236328,14.770000457763672,14.720000267028809,14.75,51789
2026-06-22 11:00:00,14.710000038146973,14.739999771118164,14.6899995803833,14.729999542236328,36843
2026-06-22 11:15:00,14.699999809265137,14.729999542236328,14.680000305175781,14.729999542236328,56521
2026-06-22 11:30:00,14.670000076293945,14.710000038146973,14.65999984741211,14.710000038146973,16186
2026-06-22 11:45:00,14.670000076293945,14.6899995803833,14.65999984741211,14.6899995803833,15980
2026-06-22 12:00:00,14.699999809265137,14.729999542236328,14.649999618530273,14.65999984741211,30918
2026-06-22 12:15:00,14.670000076293945,14.720000267028809,14.649999618530273,14.710000038146973,30547
2026-06-22 12:30:00,14.699999809265137,14.699999809265137,14.670000076293945,14.699999809265137,17510
2026-06-22 12:45:00,14.680000305175781,14.720000267028809,14.670000076293945,14.720000267028809,8655
2026-06-22 13:00:00,14.710000038146973,14.720000267028809,14.670000076293945,14.680000305175781,22534
2026-06-22 13:15:00,14.75,14.75,14.6899995803833,14.710000038146973,28439
2026-06-22 13:30:00,14.670000076293945,14.739999771118164,14.649999618530273,14.739999771118164,21250
2026-06-22 13:45:00,14.670000076293945,14.6899995803833,14.649999618530273,14.670000076293945,8850
2026-06-22 14:00:00,14.649999618530273,14.6899995803833,14.619999885559082,14.6899995803833,42454
2026-06-22 14:15:00,14.630000114440918,14.6899995803833,14.630000114440918,14.670000076293945,45740
2026-06-22 14:30:00,14.670000076293945,14.710000038146973,14.649999618530273,14.649999618530273,52120
2026-06-22 14:45:00,14.640000343322754,14.680000305175781,14.630000114440918,14.680000305175781,11855
2026-06-22 15:00:00,14.649999618530273,14.670000076293945,14.640000343322754,14.649999618530273,6486
2026-06-22 15:15:00,14.640000343322754,14.65999984741211,14.640000343322754,14.65999984741211,5978
2026-06-22 15:30:00,14.640000343322754,14.649999618530273,14.619999885559082,14.640000343322754,17036
2026-06-22 15:45:00,14.609999656677246,14.649999618530273,14.59000015258789,14.649999618530273,53727
2026-06-22 16:00:00,14.59000015258789,14.619999885559082,14.59000015258789,14.600000381469727,28415
2026-06-22 16:15:00,14.609999656677246,14.609999656677246,14.59000015258789,14.59000015258789,19125
2026-06-22 16:30:00,14.569999694824219,14.640000343322754,14.569999694824219,14.619999885559082,22208
2026-06-22 16:45:00,14.579999923706055,14.600000381469727,14.5600004196167,14.569999694824219,20012
2026-06-22 17:00:00,14.609999656677246,14.609999656677246,14.569999694824219,14.59000015258789,12812
2026-06-22 17:15:00,14.569999694824219,14.630000114440918,14.510000228881836,14.630000114440918,97149
2026-06-22 17:30:00,14.5600004196167,14.569999694824219,14.510000228881836,14.569999694824219,129956
2026-06-22 17:45:00,14.550000190734863,14.5600004196167,14.520000457763672,14.5600004196167,127297
2026-06-23 09:45:00,14.300000190734863,14.300000190734863,14.300000190734863,14.300000190734863,0
2026-06-23 10:00:00,14.329999923706055,14.390000343322754,14.239999771118164,14.279999732971191,312638
2026-06-23 10:15:00,14.40999984741211,14.4399995803833,14.319999694824219,14.329999923706055,77779
2026-06-23 10:30:00,14.350000381469727,14.420000076293945,14.34000015258789,14.420000076293945,64360
2026-06-23 10:45:00,14.34000015258789,14.369999885559082,14.329999923706055,14.350000381469727,42077
2026-06-23 11:00:00,14.34000015258789,14.34000015258789,14.300000190734863,14.34000015258789,28486
2026-06-23 11:15:00,14.300000190734863,14.369999885559082,14.300000190734863,14.34000015258789,30599
2026-06-23 11:30:00,14.369999885559082,14.369999885559082,14.329999923706055,14.34000015258789,57145
2026-06-23 11:45:00,14.4399995803833,14.449999809265137,14.350000381469727,14.369999885559082,31337
2026-06-23 12:00:00,14.420000076293945,14.510000228881836,14.399999618530273,14.449999809265137,75462
2026-06-23 12:15:00,14.449999809265137,14.460000038146973,14.420000076293945,14.420000076293945,19804
2026-06-23 12:30:00,14.479999542236328,14.479999542236328,14.4399995803833,14.460000038146973,43750
2026-06-23 12:45:00,14.449999809265137,14.5,14.449999809265137,14.489999771118164,22820
2026-06-23 13:00:00,14.460000038146973,14.489999771118164,14.430000305175781,14.449999809265137,39209
2026-06-23 13:15:00,14.489999771118164,14.5,14.479999542236328,14.489999771118164,11489
2026-06-23 13:30:00,14.489999771118164,14.5,14.470000267028809,14.5,36024
2026-06-23 13:45:00,14.5,14.539999961853027,14.430000305175781,14.489999771118164,193471
2026-06-23 14:00:00,14.520000457763672,14.550000190734863,14.489999771118164,14.520000457763672,40811
2026-06-23 14:15:00,14.529999732971191,14.579999923706055,14.520000457763672,14.550000190734863,31821
2026-06-23 14:30:00,14.510000228881836,14.579999923706055,14.5,14.539999961853027,33907
2026-06-23 14:45:00,14.489999771118164,14.550000190734863,14.460000038146973,14.539999961853027,18770
2026-06-23 15:00:00,14.430000305175781,14.460000038146973,14.430000305175781,14.460000038146973,19637
2026-06-23 15:15:00,14.380000114440918,14.449999809265137,14.380000114440918,14.449999809265137,57921
2026-06-23 15:30:00,14.380000114440918,14.390000343322754,14.350000381469727,14.390000343322754,30651
2026-06-23 15:45:00,14.460000038146973,14.470000267028809,14.369999885559082,14.369999885559082,62909
2026-06-23 16:00:00,14.449999809265137,14.470000267028809,14.430000305175781,14.460000038146973,34035
2026-06-23 16:15:00,14.430000305175781,14.470000267028809,14.420000076293945,14.470000267028809,35394
2026-06-23 16:30:00,14.4399995803833,14.470000267028809,14.430000305175781,14.430000305175781,7618
2026-06-23 16:45:00,14.449999809265137,14.489999771118164,14.399999618530273,14.470000267028809,25423
2026-06-23 17:00:00,14.4399995803833,14.470000267028809,14.420000076293945,14.460000038146973,1535
2026-06-23 17:15:00,14.4399995803833,14.449999809265137,14.40999984741211,14.449999809265137,4770
2026-06-23 17:30:00,14.420000076293945,14.449999809265137,14.390000343322754,14.430000305175781,77638
2026-06-23 17:45:00,14.4399995803833,14.489999771118164,14.40999984741211,14.430000305175781,69921
2026-06-24 09:45:00,14.460000038146973,14.460000038146973,14.460000038146973,14.460000038146973,0
2026-06-24 10:00:00,14.40999984741211,14.460000038146973,14.34000015258789,14.449999809265137,99828
2026-06-24 10:15:00,14.3100004196167,14.40999984741211,14.260000228881836,14.399999618530273,74679
2026-06-24 10:30:00,14.279999732971191,14.350000381469727,14.25,14.300000190734863,23079
2026-06-24 10:45:00,14.329999923706055,14.350000381469727,14.279999732971191,14.300000190734863,20863
2026-06-24 11:00:00,14.3100004196167,14.399999618530273,14.300000190734863,14.319999694824219,38537
2026-06-24 11:15:00,14.279999732971191,14.329999923706055,14.260000228881836,14.319999694824219,75416
2026-06-24 11:30:00,14.279999732971191,14.289999961853027,14.260000228881836,14.279999732971191,22773
2026-06-24 11:45:00,14.270000457763672,14.279999732971191,14.25,14.279999732971191,29563
2026-06-24 12:00:00,14.289999961853027,14.289999961853027,14.25,14.270000457763672,21296
2026-06-24 12:15:00,14.300000190734863,14.3100004196167,14.289999961853027,14.289999961853027,22070
2026-06-24 12:30:00,14.25,14.3100004196167,14.199999809265137,14.300000190734863,108424
2026-06-24 12:45:00,14.25,14.260000228881836,14.229999542236328,14.25,34732
2026-06-24 13:00:00,14.260000228881836,14.270000457763672,14.239999771118164,14.25,31942
2026-06-24 13:15:00,14.3100004196167,14.479999542236328,14.210000038146973,14.270000457763672,107165
2026-06-24 13:30:00,14.279999732971191,14.319999694824219,14.279999732971191,14.319999694824219,29024
2026-06-24 13:45:00,14.25,14.279999732971191,14.239999771118164,14.279999732971191,34486
2026-06-24 14:00:00,14.260000228881836,14.270000457763672,14.239999771118164,14.25,31449
2026-06-24 14:15:00,14.239999771118164,14.260000228881836,14.239999771118164,14.260000228881836,55581
2026-06-24 14:30:00,14.239999771118164,14.25,14.229999542236328,14.239999771118164,9729
2026-06-24 14:45:00,14.229999542236328,14.260000228881836,14.229999542236328,14.239999771118164,44865
2026-06-24 15:00:00,14.210000038146973,14.25,14.199999809265137,14.229999542236328,51914
2026-06-24 15:15:00,14.210000038146973,14.25,14.199999809265137,14.220000267028809,74511
2026-06-24 15:30:00,14.229999542236328,14.229999542236328,14.1899995803833,14.199999809265137,62722
2026-06-24 15:45:00,14.220000267028809,14.229999542236328,14.199999809265137,14.220000267028809,61635
2026-06-24 16:00:00,14.210000038146973,14.229999542236328,14.1899995803833,14.220000267028809,54256
2026-06-24 16:15:00,14.199999809265137,14.239999771118164,14.180000305175781,14.210000038146973,101674
2026-06-24 16:30:00,14.229999542236328,14.319999694824219,14.199999809265137,14.199999809265137,129996
2026-06-24 16:45:00,14.25,14.270000457763672,14.210000038146973,14.220000267028809,42669
2026-06-24 17:00:00,14.220000267028809,14.279999732971191,14.199999809265137,14.25,250874
2026-06-24 17:15:00,14.229999542236328,14.25,14.1899995803833,14.1899995803833,30611
2026-06-24 17:30:00,14.140000343322754,14.25,14.130000114440918,14.239999771118164,149696
2026-06-24 17:45:00,14.109999656677246,14.180000305175781,14.050000190734863,14.180000305175781,222346
2026-06-25 09:45:00,14.289999961853027,14.289999961853027,14.289999961853027,14.289999961853027,0
2026-06-25 10:00:00,14.229999542236328,14.289999961853027,14.220000267028809,14.279999732971191,76881
2026-06-25 10:15:00,14.260000228881836,14.289999961853027,14.220000267028809,14.229999542236328,51255
2026-06-25 10:30:00,14.15999984741211,14.289999961853027,14.119999885559082,14.270000457763672,168840
2026-06-25 10:45:00,14.25,14.319999694824219,14.130000114440918,14.170000076293945,195492
2026-06-25 11:00:00,14.220000267028809,14.270000457763672,14.199999809265137,14.239999771118164,40812
2026-06-25 11:15:00,14.170000076293945,14.220000267028809,14.15999984741211,14.210000038146973,72416
2026-06-25 11:30:00,14.170000076293945,14.180000305175781,14.140000343322754,14.180000305175781,116063
2026-06-25 11:45:00,14.180000305175781,14.180000305175781,14.149999618530273,14.170000076293945,9723
2026-06-25 12:00:00,14.170000076293945,14.180000305175781,14.149999618530273,14.180000305175781,38470
2026-06-25 12:15:00,14.100000381469727,14.15999984741211,14.09000015258789,14.149999618530273,51965
2026-06-25 12:30:00,14.0600004196167,14.109999656677246,14.0600004196167,14.100000381469727,75781
2026-06-25 12:45:00,14.039999961853027,14.09000015258789,14.010000228881836,14.069999694824219,117419
2026-06-25 13:00:00,14.0,14.050000190734863,14.0,14.050000190734863,36847
2026-06-25 13:15:00,14.010000228881836,14.029999732971191,13.989999771118164,14.0,84786
2026-06-25 13:30:00,14.0,14.029999732971191,14.0,14.010000228881836,47154
2026-06-25 13:45:00,14.029999732971191,14.029999732971191,14.0,14.0,28866
2026-06-25 14:00:00,13.979999542236328,14.039999961853027,13.970000267028809,14.029999732971191,58101
2026-06-25 14:15:00,14.0,14.020000457763672,13.970000267028809,13.970000267028809,49936
2026-06-25 14:30:00,14.0,14.010000228881836,13.989999771118164,14.0,27350
2026-06-25 14:45:00,13.979999542236328,14.0,13.949999809265137,14.0,30358
2026-06-25 15:00:00,13.979999542236328,13.989999771118164,13.90999984741211,13.960000038146973,67155
2026-06-25 15:15:00,13.979999542236328,13.989999771118164,13.90999984741211,13.989999771118164,74881
2026-06-25 15:30:00,14.0,14.020000457763672,13.960000038146973,13.979999542236328,51028
2026-06-25 15:45:00,13.979999542236328,14.010000228881836,13.979999542236328,14.010000228881836,44547
2026-06-25 16:00:00,13.970000267028809,13.979999542236328,13.960000038146973,13.979999542236328,9053
2026-06-25 16:15:00,13.9399995803833,13.979999542236328,13.930000305175781,13.970000267028809,32840
2026-06-25 16:30:00,13.920000076293945,13.949999809265137,13.920000076293945,13.930000305175781,53960
2026-06-25 16:45:00,13.899999618530273,13.930000305175781,13.869999885559082,13.930000305175781,62713
2026-06-25 17:00:00,13.890000343322754,13.90999984741211,13.869999885559082,13.869999885559082,88051
2026-06-25 17:15:00,13.920000076293945,13.949999809265137,13.869999885559082,13.869999885559082,60762
2026-06-25 17:30:00,13.890000343322754,13.930000305175781,13.869999885559082,13.920000076293945,31850
2026-06-25 17:45:00,13.930000305175781,13.930000305175781,13.859999656677246,13.890000343322754,110360
2026-06-26 09:45:00,13.979999542236328,13.979999542236328,13.979999542236328,13.979999542236328,0
2026-06-26 10:00:00,13.960000038146973,14.050000190734863,13.930000305175781,13.979999542236328,83369
2026-06-26 10:15:00,13.869999885559082,13.960000038146973,13.869999885559082,13.960000038146973,47702
2026-06-26 10:30:00,13.90999984741211,13.920000076293945,13.869999885559082,13.869999885559082,54204
2026-06-26 10:45:00,13.90999984741211,13.9399995803833,13.890000343322754,13.899999618530273,16612
2026-06-26 11:00:00,13.880000114440918,13.920000076293945,13.869999885559082,13.920000076293945,18210
2026-06-26 11:15:00,13.859999656677246,13.890000343322754,13.850000381469727,13.880000114440918,20503
2026-06-26 11:30:00,13.859999656677246,13.869999885559082,13.819999694824219,13.850000381469727,48786
2026-06-26 11:45:00,13.850000381469727,13.859999656677246,13.829999923706055,13.859999656677246,16724
2026-06-26 12:00:00,13.859999656677246,13.869999885559082,13.829999923706055,13.829999923706055,19950
2026-06-26 12:15:00,13.859999656677246,13.869999885559082,13.84000015258789,13.869999885559082,18781
2026-06-26 12:30:00,13.84000015258789,13.859999656677246,13.84000015258789,13.850000381469727,15349
2026-06-26 12:45:00,13.84000015258789,13.850000381469727,13.829999923706055,13.84000015258789,18710
2026-06-26 13:00:00,13.829999923706055,13.850000381469727,13.819999694824219,13.84000015258789,22395
2026-06-26 13:15:00,13.84000015258789,13.850000381469727,13.829999923706055,13.829999923706055,10087
2026-06-26 13:30:00,13.850000381469727,13.859999656677246,13.829999923706055,13.850000381469727,20537
2026-06-26 13:45:00,13.890000343322754,13.890000343322754,13.859999656677246,13.869999885559082,13751
2026-06-26 14:00:00,13.899999618530273,13.899999618530273,13.869999885559082,13.890000343322754,20254
2026-06-26 14:15:00,13.850000381469727,13.880000114440918,13.829999923706055,13.869999885559082,73357
2026-06-26 14:30:00,13.829999923706055,13.859999656677246,13.789999961853027,13.850000381469727,105042
2026-06-26 14:45:00,13.789999961853027,13.829999923706055,13.789999961853027,13.829999923706055,23914
2026-06-26 15:00:00,13.760000228881836,13.800000190734863,13.760000228881836,13.789999961853027,79586
2026-06-26 15:15:00,13.779999732971191,13.789999961853027,13.75,13.770000457763672,24328
2026-06-26 15:30:00,13.789999961853027,13.8100004196167,13.75,13.779999732971191,43659
2026-06-26 15:45:00,13.789999961853027,13.789999961853027,13.779999732971191,13.779999732971191,5075
2026-06-26 16:00:00,13.770000457763672,13.819999694824219,13.770000457763672,13.789999961853027,34194
2026-06-26 16:15:00,13.770000457763672,13.789999961853027,13.760000228881836,13.789999961853027,25143
2026-06-26 16:30:00,13.779999732971191,13.779999732971191,13.75,13.779999732971191,31447
2026-06-26 16:45:00,13.800000190734863,13.800000190734863,13.779999732971191,13.779999732971191,8476
2026-06-26 17:00:00,13.770000457763672,13.800000190734863,13.760000228881836,13.800000190734863,32512
2026-06-26 17:15:00,13.770000457763672,13.789999961853027,13.770000457763672,13.770000457763672,45074
2026-06-26 17:30:00,13.819999694824219,13.819999694824219,13.770000457763672,13.770000457763672,48120
2026-06-26 17:45:00,13.819999694824219,13.829999923706055,13.789999961853027,13.8100004196167,184376
2026-06-29 09:45:00,13.819999694824219,13.819999694824219,13.819999694824219,13.819999694824219,0
2026-06-29 10:00:00,13.880000114440918,13.9399995803833,13.770000457763672,13.84000015258789,107258
2026-06-29 10:15:00,13.880000114440918,13.90999984741211,13.850000381469727,13.899999618530273,46155
2026-06-29 10:30:00,13.829999923706055,13.890000343322754,13.8100004196167,13.880000114440918,24117
2026-06-29 10:45:00,13.819999694824219,13.850000381469727,13.8100004196167,13.8100004196167,16813
2026-06-29 11:00:00,13.800000190734863,13.84000015258789,13.779999732971191,13.829999923706055,49155
2026-06-29 11:15:00,13.789999961853027,13.800000190734863,13.760000228881836,13.789999961853027,44539
2026-06-29 11:30:00,13.800000190734863,13.829999923706055,13.789999961853027,13.789999961853027,31677
2026-06-29 11:45:00,13.770000457763672,13.800000190734863,13.770000457763672,13.800000190734863,26031
2026-06-29 12:00:00,13.729999542236328,13.770000457763672,13.680000305175781,13.770000457763672,72058
2026-06-29 12:15:00,13.729999542236328,13.800000190734863,13.729999542236328,13.739999771118164,62113
2026-06-29 12:30:00,13.720000267028809,13.75,13.720000267028809,13.75,19258
2026-06-29 12:45:00,13.710000038146973,13.729999542236328,13.699999809265137,13.729999542236328,41685
2026-06-29 13:00:00,13.75,13.75,13.710000038146973,13.710000038146973,18907
2026-06-29 13:15:00,13.729999542236328,13.729999542236328,13.710000038146973,13.720000267028809,2321
2026-06-29 13:30:00,13.710000038146973,13.729999542236328,13.710000038146973,13.720000267028809,21561
2026-06-29 13:45:00,13.75,13.75,13.699999809265137,13.710000038146973,12857
2026-06-29 14:00:00,13.739999771118164,13.770000457763672,13.739999771118164,13.739999771118164,15213
2026-06-29 14:15:00,13.720000267028809,13.739999771118164,13.720000267028809,13.739999771118164,15417
2026-06-29 14:30:00,13.710000038146973,13.720000267028809,13.670000076293945,13.720000267028809,77706
2026-06-29 14:45:00,13.6899995803833,13.699999809265137,13.6899995803833,13.699999809265137,20950
2026-06-29 15:00:00,13.680000305175781,13.699999809265137,13.680000305175781,13.6899995803833,31456
2026-06-29 15:15:00,13.680000305175781,13.699999809265137,13.65999984741211,13.680000305175781,24767
2026-06-29 15:30:00,13.680000305175781,13.720000267028809,13.670000076293945,13.680000305175781,64403
2026-06-29 15:45:00,13.65999984741211,13.710000038146973,13.59000015258789,13.6899995803833,87484
2026-06-29 16:00:00,13.640000343322754,13.680000305175781,13.630000114440918,13.670000076293945,96874
2026-06-29 16:15:00,13.630000114440918,13.649999618530273,13.600000381469727,13.630000114440918,65295
2026-06-29 16:30:00,13.640000343322754,13.65999984741211,13.600000381469727,13.619999885559082,21626
2026-06-29 16:45:00,13.649999618530273,13.649999618530273,13.630000114440918,13.640000343322754,11398
2026-06-29 17:00:00,13.609999656677246,13.649999618530273,13.609999656677246,13.649999618530273,22687
2026-06-29 17:15:00,13.649999618530273,13.649999618530273,13.59000015258789,13.609999656677246,124972
2026-06-29 17:30:00,13.670000076293945,13.819999694824219,13.649999618530273,13.649999618530273,38244
2026-06-29 17:45:00,13.65999984741211,13.670000076293945,13.619999885559082,13.670000076293945,32970
2026-06-30 09:45:00,13.649999618530273,13.649999618530273,13.649999618530273,13.649999618530273,0
2026-06-30 10:00:00,13.699999809265137,13.720000267028809,13.640000343322754,13.680000305175781,115652
2026-06-30 10:15:00,13.739999771118164,13.75,13.65999984741211,13.699999809265137,78016
2026-06-30 10:30:00,13.6899995803833,13.739999771118164,13.6899995803833,13.739999771118164,29699
2026-06-30 10:45:00,13.680000305175781,13.710000038146973,13.680000305175781,13.699999809265137,29986
2026-06-30 11:00:00,13.680000305175781,13.699999809265137,13.670000076293945,13.699999809265137,16888
2026-06-30 11:15:00,13.729999542236328,13.770000457763672,13.649999618530273,13.65999984741211,203955
2026-06-30 11:30:00,13.6899995803833,13.729999542236328,13.680000305175781,13.720000267028809,83027
2026-06-30 11:45:00,13.680000305175781,13.699999809265137,13.670000076293945,13.6899995803833,8095
2026-06-30 12:00:00,13.729999542236328,13.729999542236328,13.680000305175781,13.6899995803833,53000
2026-06-30 12:15:00,13.720000267028809,13.720000267028809,13.699999809265137,13.720000267028809,15283
2026-06-30 12:30:00,13.699999809265137,13.720000267028809,13.680000305175781,13.720000267028809,123586
2026-06-30 12:45:00,13.720000267028809,13.720000267028809,13.680000305175781,13.699999809265137,31673
2026-06-30 13:00:00,13.680000305175781,13.729999542236328,13.680000305175781,13.699999809265137,40319
2026-06-30 13:15:00,13.6899995803833,13.6899995803833,13.670000076293945,13.670000076293945,25931
2026-06-30 13:30:00,13.680000305175781,13.6899995803833,13.65999984741211,13.6899995803833,7220
2026-06-30 13:45:00,13.65999984741211,13.6899995803833,13.65999984741211,13.680000305175781,9974
2026-06-30 14:00:00,13.65999984741211,13.670000076293945,13.640000343322754,13.65999984741211,38167
2026-06-30 14:15:00,13.65999984741211,13.680000305175781,13.640000343322754,13.65999984741211,21480
2026-06-30 14:30:00,13.65999984741211,13.670000076293945,13.640000343322754,13.649999618530273,13968
2026-06-30 14:45:00,13.670000076293945,13.6899995803833,13.65999984741211,13.65999984741211,27979
2026-06-30 15:00:00,13.600000381469727,13.670000076293945,13.600000381469727,13.670000076293945,85462
2026-06-30 15:15:00,13.59000015258789,13.6899995803833,13.59000015258789,13.609999656677246,45275
2026-06-30 15:30:00,13.640000343322754,13.640000343322754,13.609999656677246,13.619999885559082,17519
2026-06-30 15:45:00,13.729999542236328,13.75,13.619999885559082,13.640000343322754,134672
2026-06-30 16:00:00,13.680000305175781,13.710000038146973,13.640000343322754,13.710000038146973,37787
2026-06-30 16:15:00,13.65999984741211,13.680000305175781,13.649999618530273,13.65999984741211,4931
2026-06-30 16:30:00,13.640000343322754,13.65999984741211,13.619999885559082,13.65999984741211,12018
2026-06-30 16:45:00,13.619999885559082,13.630000114440918,13.600000381469727,13.619999885559082,14409
2026-06-30 17:00:00,13.600000381469727,13.619999885559082,13.539999961853027,13.619999885559082,51955
2026-06-30 17:15:00,13.569999694824219,13.609999656677246,13.550000190734863,13.609999656677246,24970
2026-06-30 17:30:00,13.59000015258789,13.670000076293945,13.569999694824219,13.569999694824219,48762
2026-06-30 17:45:00,13.619999885559082,13.739999771118164,13.59000015258789,13.59000015258789,98215
2026-07-01 09:45:00,13.930000305175781,13.930000305175781,13.930000305175781,13.930000305175781,0
2026-07-01 10:00:00,13.6899995803833,13.930000305175781,13.640000343322754,13.920000076293945,335424
2026-07-01 10:15:00,13.829999923706055,13.84000015258789,13.649999618530273,13.6899995803833,108109
2026-07-01 10:30:00,13.819999694824219,13.84000015258789,13.729999542236328,13.819999694824219,120646
2026-07-01 10:45:00,13.770000457763672,13.819999694824219,13.75,13.800000190734863,60559
2026-07-01 11:00:00,13.720000267028809,13.770000457763672,13.649999618530273,13.760000228881836,69787
2026-07-01 11:15:00,13.699999809265137,13.729999542236328,13.680000305175781,13.729999542236328,22615
2026-07-01 11:30:00,13.710000038146973,13.729999542236328,13.699999809265137,13.720000267028809,5464
2026-07-01 11:45:00,13.710000038146973,13.760000228881836,13.699999809265137,13.699999809265137,110869
2026-07-01 12:00:00,13.680000305175781,13.720000267028809,13.680000305175781,13.710000038146973,18145
2026-07-01 12:15:00,13.699999809265137,13.699999809265137,13.65999984741211,13.680000305175781,19674
2026-07-01 12:30:00,13.680000305175781,13.710000038146973,13.670000076293945,13.699999809265137,100421
2026-07-01 12:45:00,13.720000267028809,13.720000267028809,13.680000305175781,13.6899995803833,9454
2026-07-01 13:00:00,13.6899995803833,13.739999771118164,13.6899995803833,13.699999809265137,26933
2026-07-01 13:15:00,13.699999809265137,13.739999771118164,13.6899995803833,13.6899995803833,21863
2026-07-01 13:30:00,13.65999984741211,13.720000267028809,13.649999618530273,13.720000267028809,25421
2026-07-01 13:45:00,13.720000267028809,13.739999771118164,13.670000076293945,13.6899995803833,76029
2026-07-01 14:00:00,13.6899995803833,13.720000267028809,13.649999618530273,13.699999809265137,79531
2026-07-01 14:15:00,13.710000038146973,13.720000267028809,13.619999885559082,13.699999809265137,103628
2026-07-01 14:30:00,13.699999809265137,13.729999542236328,13.680000305175781,13.710000038146973,82134
2026-07-01 14:45:00,13.680000305175781,13.699999809265137,13.680000305175781,13.6899995803833,3326
2026-07-01 15:00:00,13.6899995803833,13.6899995803833,13.670000076293945,13.670000076293945,46916
2026-07-01 15:15:00,13.649999618530273,13.6899995803833,13.649999618530273,13.6899995803833,26426
2026-07-01 15:30:00,13.680000305175781,13.680000305175781,13.640000343322754,13.65999984741211,37921
2026-07-01 15:45:00,13.640000343322754,13.729999542236328,13.619999885559082,13.680000305175781,102718
2026-07-01 16:00:00,13.630000114440918,13.640000343322754,13.609999656677246,13.640000343322754,31618
2026-07-01 16:15:00,13.680000305175781,13.6899995803833,13.630000114440918,13.640000343322754,40705
2026-07-01 16:30:00,13.6899995803833,13.710000038146973,13.65999984741211,13.680000305175781,21480
2026-07-01 16:45:00,13.630000114440918,13.729999542236328,13.619999885559082,13.6899995803833,165267
2026-07-01 17:00:00,13.619999885559082,13.649999618530273,13.609999656677246,13.640000343322754,67501
2026-07-01 17:15:00,13.600000381469727,13.649999618530273,13.579999923706055,13.619999885559082,136385
2026-07-01 17:30:00,13.539999961853027,13.619999885559082,13.520000457763672,13.600000381469727,189998
2026-07-01 17:45:00,13.59000015258789,13.619999885559082,13.5600004196167,13.5600004196167,113768
2026-07-02 09:45:00,13.600000381469727,13.600000381469727,13.600000381469727,13.600000381469727,0
2026-07-02 10:00:00,13.59000015258789,13.649999618530273,13.579999923706055,13.600000381469727,34857
2026-07-02 10:15:00,13.630000114440918,13.65999984741211,13.59000015258789,13.59000015258789,117710
2026-07-02 10:30:00,13.6899995803833,13.6899995803833,13.630000114440918,13.630000114440918,33047
2026-07-02 10:45:00,13.6899995803833,13.699999809265137,13.680000305175781,13.6899995803833,40278
2026-07-02 11:00:00,13.699999809265137,13.710000038146973,13.6899995803833,13.699999809265137,15593
2026-07-02 11:15:00,13.729999542236328,13.739999771118164,13.710000038146973,13.710000038146973,40168
2026-07-02 11:30:00,13.710000038146973,13.739999771118164,13.699999809265137,13.729999542236328,24953
2026-07-02 11:45:00,13.710000038146973,13.729999542236328,13.699999809265137,13.710000038146973,74138
2026-07-02 12:00:00,13.6899995803833,13.720000267028809,13.680000305175781,13.710000038146973,76376
2026-07-02 12:15:00,13.670000076293945,13.6899995803833,13.670000076293945,13.6899995803833,28180
2026-07-02 12:30:00,13.670000076293945,13.670000076293945,13.649999618530273,13.670000076293945,16907
2026-07-02 12:45:00,13.640000343322754,13.670000076293945,13.609999656677246,13.670000076293945,21197
2026-07-02 13:00:00,13.640000343322754,13.6899995803833,13.619999885559082,13.640000343322754,44853
2026-07-02 13:15:00,13.649999618530273,13.670000076293945,13.640000343322754,13.65999984741211,9709
2026-07-02 13:30:00,13.729999542236328,13.779999732971191,13.649999618530273,13.649999618530273,214732
2026-07-02 13:45:00,13.670000076293945,13.739999771118164,13.670000076293945,13.729999542236328,18398
2026-07-02 14:00:00,13.640000343322754,13.6899995803833,13.619999885559082,13.6899995803833,31960
2026-07-02 14:15:00,13.739999771118164,13.739999771118164,13.630000114440918,13.649999618530273,101318
2026-07-02 14:30:00,13.640000343322754,13.670000076293945,13.630000114440918,13.670000076293945,16305
2026-07-02 14:45:00,13.609999656677246,13.65999984741211,13.609999656677246,13.649999618530273,161359
2026-07-02 15:00:00,13.609999656677246,13.619999885559082,13.600000381469727,13.609999656677246,59283
2026-07-02 15:15:00,13.630000114440918,13.649999618530273,13.609999656677246,13.619999885559082,30337
2026-07-02 15:30:00,13.649999618530273,13.65999984741211,13.619999885559082,13.630000114440918,10302
2026-07-02 15:45:00,13.670000076293945,13.729999542236328,13.649999618530273,13.649999618530273,61641
2026-07-02 16:00:00,13.619999885559082,13.670000076293945,13.609999656677246,13.670000076293945,33850
2026-07-02 16:15:00,13.630000114440918,13.640000343322754,13.609999656677246,13.619999885559082,40778
2026-07-02 16:30:00,13.75,13.850000381469727,13.609999656677246,13.630000114440918,273804
2026-07-02 16:45:00,13.729999542236328,13.779999732971191,13.729999542236328,13.770000457763672,76977
2026-07-02 17:00:00,13.819999694824219,13.890000343322754,13.75,13.75,217220
2026-07-02 17:15:00,13.899999618530273,13.989999771118164,13.800000190734863,13.859999656677246,234409
2026-07-02 17:30:00,13.880000114440918,13.979999542236328,13.850000381469727,13.899999618530273,118727
2026-07-02 17:45:00,13.779999732971191,13.880000114440918,13.779999732971191,13.880000114440918,127129
2026-07-03 09:45:00,13.8100004196167,13.8100004196167,13.8100004196167,13.8100004196167,0
2026-07-03 10:00:00,13.859999656677246,13.890000343322754,13.739999771118164,13.880000114440918,135319
2026-07-03 10:15:00,13.770000457763672,13.880000114440918,13.739999771118164,13.850000381469727,154911
2026-07-03 10:30:00,13.779999732971191,13.800000190734863,13.729999542236328,13.770000457763672,38827
2026-07-03 10:45:00,13.819999694824219,13.829999923706055,13.770000457763672,13.779999732971191,21779
2026-07-03 11:00:00,13.84000015258789,13.850000381469727,13.770000457763672,13.819999694824219,35408
2026-07-03 11:15:00,13.770000457763672,13.859999656677246,13.760000228881836,13.84000015258789,61091
2026-07-03 11:30:00,13.760000228881836,13.800000190734863,13.739999771118164,13.800000190734863,138797
2026-07-03 11:45:00,13.789999961853027,13.819999694824219,13.760000228881836,13.760000228881836,15222
2026-07-03 12:00:00,13.789999961853027,13.829999923706055,13.770000457763672,13.789999961853027,39092
2026-07-03 12:15:00,13.770000457763672,13.800000190734863,13.770000457763672,13.789999961853027,26899
2026-07-03 12:30:00,13.8100004196167,13.8100004196167,13.770000457763672,13.770000457763672,8042
2026-07-03 12:45:00,13.770000457763672,13.819999694824219,13.770000457763672,13.800000190734863,30960
2026-07-03 13:00:00,13.789999961853027,13.789999961853027,13.760000228881836,13.770000457763672,31975
2026-07-03 13:15:00,13.789999961853027,13.899999618530273,13.779999732971191,13.789999961853027,71837
2026-07-03 13:30:00,13.760000228881836,13.789999961853027,13.760000228881836,13.789999961853027,15577
2026-07-03 13:45:00,13.760000228881836,13.779999732971191,13.75,13.779999732971191,26842
2026-07-03 14:00:00,13.729999542236328,13.770000457763672,13.729999542236328,13.75,21709
2026-07-03 14:15:00,13.760000228881836,13.760000228881836,13.710000038146973,13.720000267028809,28347
2026-07-03 14:30:00,13.710000038146973,13.770000457763672,13.710000038146973,13.770000457763672,22494
2026-07-03 14:45:00,13.75,13.760000228881836,13.649999618530273,13.699999809265137,141434
2026-07-03 15:00:00,13.710000038146973,13.75,13.699999809265137,13.75,13272
2026-07-03 15:15:00,13.6899995803833,13.720000267028809,13.670000076293945,13.699999809265137,38136
2026-07-03 15:30:00,13.670000076293945,13.779999732971191,13.670000076293945,13.710000038146973,122053
2026-07-03 15:45:00,13.729999542236328,13.739999771118164,13.670000076293945,13.670000076293945,36284
2026-07-03 16:00:00,13.720000267028809,13.739999771118164,13.710000038146973,13.739999771118164,26546
2026-07-03 16:15:00,13.729999542236328,13.760000228881836,13.710000038146973,13.720000267028809,47109
2026-07-03 16:30:00,13.720000267028809,13.739999771118164,13.699999809265137,13.729999542236328,23083
2026-07-03 16:45:00,13.710000038146973,13.729999542236328,13.699999809265137,13.720000267028809,14746
2026-07-03 17:00:00,13.739999771118164,13.739999771118164,13.680000305175781,13.699999809265137,19006
2026-07-03 17:15:00,13.710000038146973,13.75,13.710000038146973,13.75,18687
2026-07-03 17:30:00,13.739999771118164,13.739999771118164,13.699999809265137,13.710000038146973,16731
2026-07-03 17:45:00,13.680000305175781,13.75,13.670000076293945,13.739999771118164,119333
2026-07-06 09:45:00,13.710000038146973,13.710000038146973,13.710000038146973,13.710000038146973,0
2026-07-06 10:00:00,13.760000228881836,13.819999694824219,13.710000038146973,13.75,182886
2026-07-06 10:15:00,13.819999694824219,13.819999694824219,13.760000228881836,13.760000228881836,152950
2026-07-06 10:30:00,13.739999771118164,13.829999923706055,13.710000038146973,13.819999694824219,75774
2026-07-06 10:45:00,13.75,13.800000190734863,13.720000267028809,13.739999771118164,52298
2026-07-06 11:00:00,13.75,13.760000228881836,13.729999542236328,13.75,48428
2026-07-06 11:15:00,13.739999771118164,13.770000457763672,13.739999771118164,13.75,43202
2026-07-06 11:30:00,13.760000228881836,13.779999732971191,13.720000267028809,13.729999542236328,66964
2026-07-06 11:45:00,13.739999771118164,13.770000457763672,13.699999809265137,13.760000228881836,61078
2026-07-06 12:00:00,13.779999732971191,13.800000190734863,13.739999771118164,13.760000228881836,33005
2026-07-06 12:15:00,13.770000457763672,13.779999732971191,13.739999771118164,13.760000228881836,24453
2026-07-06 12:30:00,13.739999771118164,13.770000457763672,13.729999542236328,13.770000457763672,24650
2026-07-06 12:45:00,13.739999771118164,13.760000228881836,13.739999771118164,13.739999771118164,12349
2026-07-06 13:00:00,13.770000457763672,13.770000457763672,13.729999542236328,13.739999771118164,21826
2026-07-06 13:15:00,13.760000228881836,13.779999732971191,13.75,13.770000457763672,13502
2026-07-06 13:30:00,13.75,13.770000457763672,13.75,13.760000228881836,5004
2026-07-06 13:45:00,13.710000038146973,13.739999771118164,13.710000038146973,13.739999771118164,43931
2026-07-06 14:00:00,13.729999542236328,13.729999542236328,13.699999809265137,13.720000267028809,42008
2026-07-06 14:15:00,13.84000015258789,13.899999618530273,13.729999542236328,13.729999542236328,272918
2026-07-06 14:30:00,13.770000457763672,13.84000015258789,13.770000457763672,13.84000015258789,86984
2026-07-06 14:45:00,13.699999809265137,13.770000457763672,13.65999984741211,13.770000457763672,167329
2026-07-06 15:00:00,13.640000343322754,13.699999809265137,13.630000114440918,13.699999809265137,99678
2026-07-06 15:15:00,13.630000114440918,13.65999984741211,13.619999885559082,13.649999618530273,63202
2026-07-06 15:30:00,13.579999923706055,13.649999618530273,13.579999923706055,13.619999885559082,100053
2026-07-06 15:45:00,13.5600004196167,13.59000015258789,13.550000190734863,13.59000015258789,81240
2026-07-06 16:00:00,13.550000190734863,13.569999694824219,13.529999732971191,13.5600004196167,43470
2026-07-06 16:15:00,13.550000190734863,13.5600004196167,13.539999961853027,13.550000190734863,13930
2026-07-06 16:30:00,13.5600004196167,13.569999694824219,13.539999961853027,13.550000190734863,23758
2026-07-06 16:45:00,13.539999961853027,13.5600004196167,13.5,13.5600004196167,141680
2026-07-06 17:00:00,13.520000457763672,13.5600004196167,13.489999771118164,13.539999961853027,141788
2026-07-06 17:15:00,13.520000457763672,13.569999694824219,13.479999542236328,13.520000457763672,48762
2026-07-06 17:30:00,13.520000457763672,13.539999961853027,13.5,13.510000228881836,71617
2026-07-06 17:45:00,13.489999771118164,13.529999732971191,13.479999542236328,13.520000457763672,78296
2026-07-07 09:45:00,13.460000038146973,13.460000038146973,13.460000038146973,13.460000038146973,0
2026-07-07 10:00:00,13.399999618530273,13.520000457763672,13.390000343322754,13.470000267028809,113617
2026-07-07 10:15:00,13.470000267028809,13.479999542236328,13.399999618530273,13.40999984741211,29467
2026-07-07 10:30:00,13.460000038146973,13.470000267028809,13.4399995803833,13.460000038146973,47990
2026-07-07 10:45:00,13.420000076293945,13.470000267028809,13.40999984741211,13.460000038146973,28631
2026-07-07 11:00:00,13.40999984741211,13.430000305175781,13.399999618530273,13.420000076293945,49208
2026-07-07 11:15:00,13.430000305175781,13.430000305175781,13.399999618530273,13.40999984741211,28277
2026-07-07 11:30:00,13.399999618530273,13.430000305175781,13.390000343322754,13.430000305175781,54513
2026-07-07 11:45:00,13.390000343322754,13.420000076293945,13.380000114440918,13.399999618530273,69315
2026-07-07 12:00:00,13.380000114440918,13.420000076293945,13.369999885559082,13.380000114440918,36551
2026-07-07 12:15:00,13.40999984741211,13.40999984741211,13.369999885559082,13.390000343322754,36962
2026-07-07 12:30:00,13.390000343322754,13.399999618530273,13.380000114440918,13.399999618530273,15441
2026-07-07 12:45:00,13.390000343322754,13.399999618530273,13.380000114440918,13.390000343322754,2629
2026-07-07 13:00:00,13.40999984741211,13.420000076293945,13.390000343322754,13.390000343322754,14074
2026-07-07 13:15:00,13.420000076293945,13.420000076293945,13.390000343322754,13.40999984741211,17464
2026-07-07 13:30:00,13.40999984741211,13.420000076293945,13.390000343322754,13.40999984741211,11000
2026-07-07 13:45:00,13.4399995803833,13.4399995803833,13.420000076293945,13.420000076293945,14131
2026-07-07 14:00:00,13.449999809265137,13.460000038146973,13.420000076293945,13.430000305175781,21646
2026-07-07 14:15:00,13.420000076293945,13.460000038146973,13.420000076293945,13.460000038146973,25247
2026-07-07 14:30:00,13.4399995803833,13.449999809265137,13.40999984741211,13.420000076293945,14321
2026-07-07 14:45:00,13.4399995803833,13.449999809265137,13.430000305175781,13.4399995803833,21407
2026-07-07 15:00:00,13.470000267028809,13.5,13.449999809265137,13.449999809265137,83491
2026-07-07 15:15:00,13.5,13.5,13.430000305175781,13.470000267028809,114873
2026-07-07 15:30:00,13.489999771118164,13.5,13.4399995803833,13.470000267028809,55206
2026-07-07 15:45:00,13.510000228881836,13.520000457763672,13.470000267028809,13.489999771118164,39635
2026-07-07 16:00:00,13.529999732971191,13.649999618530273,13.510000228881836,13.510000228881836,267166
2026-07-07 16:15:00,13.4399995803833,13.550000190734863,13.4399995803833,13.539999961853027,162707
2026-07-07 16:30:00,13.420000076293945,13.460000038146973,13.399999618530273,13.4399995803833,154297
2026-07-07 16:45:00,13.350000381469727,13.430000305175781,13.34000015258789,13.40999984741211,171995
2026-07-07 17:00:00,13.359999656677246,13.369999885559082,13.34000015258789,13.350000381469727,55377
2026-07-07 17:15:00,13.319999694824219,13.359999656677246,13.3100004196167,13.359999656677246,90464
2026-07-07 17:30:00,13.329999923706055,13.34000015258789,13.300000190734863,13.319999694824219,64524
2026-07-07 17:45:00,13.399999618530273,13.430000305175781,13.319999694824219,13.329999923706055,93002
2026-07-08 09:45:00,13.34000015258789,13.34000015258789,13.34000015258789,13.34000015258789,0
2026-07-08 10:00:00,13.279999732971191,13.380000114440918,13.15999984741211,13.34000015258789,107194
2026-07-08 10:15:00,13.359999656677246,13.390000343322754,13.25,13.270000457763672,50029
2026-07-08 10:30:00,13.399999618530273,13.40999984741211,13.34000015258789,13.359999656677246,49515
2026-07-08 10:45:00,13.390000343322754,13.40999984741211,13.369999885559082,13.390000343322754,32896
2026-07-08 11:00:00,13.359999656677246,13.390000343322754,13.350000381469727,13.380000114440918,25354
2026-07-08 11:15:00,13.25,13.399999618530273,13.239999771118164,13.369999885559082,75072
2026-07-08 11:30:00,13.229999542236328,13.260000228881836,13.199999809265137,13.239999771118164,59286
2026-07-08 11:45:00,13.220000267028809,13.220000267028809,13.199999809265137,13.199999809265137,23326
2026-07-08 12:00:00,13.170000076293945,13.210000038146973,13.15999984741211,13.199999809265137,23892
2026-07-08 12:15:00,13.199999809265137,13.199999809265137,13.149999618530273,13.1899995803833,27988
2026-07-08 12:30:00,13.239999771118164,13.279999732971191,13.1899995803833,13.199999809265137,82149
2026-07-08 12:45:00,13.229999542236328,13.25,13.229999542236328,13.239999771118164,18434
2026-07-08 13:00:00,13.1899995803833,13.25,13.180000305175781,13.25,23574
2026-07-08 13:15:00,13.199999809265137,13.220000267028809,13.180000305175781,13.1899995803833,17477
2026-07-08 13:30:00,13.170000076293945,13.229999542236328,13.170000076293945,13.210000038146973,45971
2026-07-08 13:45:00,13.199999809265137,13.210000038146973,13.149999618530273,13.170000076293945,44115
2026-07-08 14:00:00,13.210000038146973,13.229999542236328,13.1899995803833,13.1899995803833,23362
2026-07-08 14:15:00,13.270000457763672,13.270000457763672,13.199999809265137,13.229999542236328,45857
2026-07-08 14:30:00,13.229999542236328,13.25,13.199999809265137,13.25,23935
2026-07-08 14:45:00,13.229999542236328,13.239999771118164,13.220000267028809,13.239999771118164,20137
2026-07-08 15:00:00,13.220000267028809,13.229999542236328,13.210000038146973,13.210000038146973,16328
2026-07-08 15:15:00,13.239999771118164,13.260000228881836,13.239999771118164,13.239999771118164,33494
2026-07-08 15:30:00,13.239999771118164,13.260000228881836,13.229999542236328,13.25,22447
2026-07-08 15:45:00,13.1899995803833,13.239999771118164,13.1899995803833,13.229999542236328,26000
2026-07-08 16:00:00,13.199999809265137,13.199999809265137,13.170000076293945,13.1899995803833,14577
2026-07-08 16:15:00,13.199999809265137,13.199999809265137,13.180000305175781,13.1899995803833,9992
2026-07-08 16:30:00,13.199999809265137,13.210000038146973,13.170000076293945,13.199999809265137,19354
2026-07-08 16:45:00,13.199999809265137,13.210000038146973,13.180000305175781,13.199999809265137,24244
2026-07-08 17:00:00,13.220000267028809,13.25,13.199999809265137,13.199999809265137,56700
2026-07-08 17:15:00,13.229999542236328,13.270000457763672,13.220000267028809,13.239999771118164,39707
2026-07-08 17:30:00,13.3100004196167,13.319999694824219,13.199999809265137,13.229999542236328,190680
2026-07-08 17:45:00,13.210000038146973,13.350000381469727,13.1899995803833,13.300000190734863,140132
2026-07-09 09:45:00,13.210000038146973,13.210000038146973,13.210000038146973,13.210000038146973,0
2026-07-09 10:00:00,13.220000267028809,13.329999923706055,13.210000038146973,13.239999771118164,37752
2026-07-09 10:15:00,13.270000457763672,13.279999732971191,13.210000038146973,13.229999542236328,67094
2026-07-09 10:30:00,13.300000190734863,13.300000190734863,13.229999542236328,13.270000457763672,35222
2026-07-09 10:45:00,13.289999961853027,13.3100004196167,13.239999771118164,13.3100004196167,45679
2026-07-09 11:00:00,13.25,13.279999732971191,13.25,13.279999732971191,14381
2026-07-09 11:15:00,13.260000228881836,13.279999732971191,13.25,13.260000228881836,11187
2026-07-09 11:30:00,13.279999732971191,13.279999732971191,13.260000228881836,13.260000228881836,4533
2026-07-09 11:45:00,13.270000457763672,13.279999732971191,13.25,13.260000228881836,21227
2026-07-09 12:00:00,13.239999771118164,13.279999732971191,13.210000038146973,13.279999732971191,7598
2026-07-09 12:15:00,13.229999542236328,13.239999771118164,13.220000267028809,13.220000267028809,29231
2026-07-09 12:30:00,13.180000305175781,13.229999542236328,13.15999984741211,13.220000267028809,79583
2026-07-09 12:45:00,13.220000267028809,13.220000267028809,13.109999656677246,13.170000076293945,107408
2026-07-09 13:00:00,13.170000076293945,13.210000038146973,13.170000076293945,13.210000038146973,22996
2026-07-09 13:15:00,13.1899995803833,13.199999809265137,13.170000076293945,13.170000076293945,18024
2026-07-09 13:30:00,13.119999885559082,13.1899995803833,13.109999656677246,13.1899995803833,47719
2026-07-09 13:45:00,13.09000015258789,13.119999885559082,13.09000015258789,13.119999885559082,35919
2026-07-09 14:00:00,13.079999923706055,13.109999656677246,13.079999923706055,13.100000381469727,22018
2026-07-09 14:15:00,13.109999656677246,13.109999656677246,13.069999694824219,13.079999923706055,22346
2026-07-09 14:30:00,13.100000381469727,13.109999656677246,13.079999923706055,13.09000015258789,16254
2026-07-09 14:45:00,13.100000381469727,13.109999656677246,13.100000381469727,13.100000381469727,25547
2026-07-09 15:00:00,13.130000114440918,13.130000114440918,13.109999656677246,13.109999656677246,21455
2026-07-09 15:15:00,13.130000114440918,13.140000343322754,13.109999656677246,13.119999885559082,12401
2026-07-09 15:30:00,13.149999618530273,13.15999984741211,13.140000343322754,13.149999618530273,24399
2026-07-09 15:45:00,13.119999885559082,13.149999618530273,13.109999656677246,13.149999618530273,45665
2026-07-09 16:00:00,13.140000343322754,13.15999984741211,13.119999885559082,13.119999885559082,9306
2026-07-09 16:15:00,13.119999885559082,13.140000343322754,13.119999885559082,13.140000343322754,32948
2026-07-09 16:30:00,13.130000114440918,13.140000343322754,13.119999885559082,13.119999885559082,36220
2026-07-09 16:45:00,13.100000381469727,13.130000114440918,13.100000381469727,13.130000114440918,30388
2026-07-09 17:00:00,13.09000015258789,13.109999656677246,13.069999694824219,13.100000381469727,56073
2026-07-09 17:15:00,13.069999694824219,13.09000015258789,13.0600004196167,13.09000015258789,28181
2026-07-09 17:30:00,13.119999885559082,13.119999885559082,13.069999694824219,13.069999694824219,18232
2026-07-09 17:45:00,13.109999656677246,13.140000343322754,13.109999656677246,13.119999885559082,76371
2026-07-10 09:45:00,13.220000267028809,13.220000267028809,13.220000267028809,13.220000267028809,0
2026-07-10 10:00:00,13.319999694824219,13.420000076293945,13.199999809265137,13.220000267028809,119897
2026-07-10 10:15:00,13.359999656677246,13.369999885559082,13.34000015258789,13.34000015258789,61386
2026-07-10 10:30:00,13.319999694824219,13.369999885559082,13.319999694824219,13.350000381469727,46504
2026-07-10 10:45:00,13.329999923706055,13.359999656677246,13.319999694824219,13.329999923706055,42592
2026-07-10 11:00:00,13.380000114440918,13.40999984741211,13.359999656677246,13.359999656677246,43487
2026-07-10 11:15:00,13.359999656677246,13.380000114440918,13.359999656677246,13.380000114440918,22188
2026-07-10 11:30:00,13.329999923706055,13.359999656677246,13.3100004196167,13.359999656677246,20239
2026-07-10 11:45:00,13.329999923706055,13.34000015258789,13.3100004196167,13.329999923706055,21446
2026-07-10 12:00:00,13.260000228881836,13.319999694824219,13.239999771118164,13.319999694824219,53089
2026-07-10 12:15:00,13.319999694824219,13.319999694824219,13.270000457763672,13.279999732971191,50027
2026-07-10 12:30:00,13.279999732971191,13.319999694824219,13.260000228881836,13.319999694824219,24953
2026-07-10 12:45:00,13.289999961853027,13.3100004196167,13.270000457763672,13.279999732971191,14724
2026-07-10 13:00:00,13.25,13.319999694824219,13.25,13.279999732971191,39406
2026-07-10 13:15:00,13.25,13.260000228881836,13.210000038146973,13.25,13986
2026-07-10 13:30:00,13.25,13.270000457763672,13.25,13.260000228881836,12113
2026-07-10 13:45:00,13.270000457763672,13.270000457763672,13.239999771118164,13.25,4744
2026-07-10 14:00:00,13.260000228881836,13.279999732971191,13.260000228881836,13.260000228881836,13284
2026-07-10 14:15:00,13.289999961853027,13.289999961853027,13.25,13.260000228881836,29654
2026-07-10 14:30:00,13.300000190734863,13.300000190734863,13.279999732971191,13.289999961853027,5013
2026-07-10 14:45:00,13.319999694824219,13.329999923706055,13.289999961853027,13.289999961853027,13525
2026-07-10 15:00:00,13.359999656677246,13.380000114440918,13.300000190734863,13.300000190734863,51561
2026-07-10 15:15:00,13.369999885559082,13.390000343322754,13.350000381469727,13.359999656677246,62391
2026-07-10 15:30:00,13.399999618530273,13.4399995803833,13.380000114440918,13.390000343322754,75923
2026-07-10 15:45:00,13.40999984741211,13.40999984741211,13.34000015258789,13.399999618530273,62648
2026-07-10 16:00:00,13.359999656677246,13.40999984741211,13.359999656677246,13.390000343322754,10169
2026-07-10 16:15:00,13.34000015258789,13.380000114440918,13.34000015258789,13.359999656677246,37806
2026-07-10 16:30:00,13.390000343322754,13.390000343322754,13.329999923706055,13.350000381469727,29217
2026-07-10 16:45:00,13.369999885559082,13.40999984741211,13.359999656677246,13.359999656677246,20925
2026-07-10 17:00:00,13.390000343322754,13.399999618530273,13.380000114440918,13.380000114440918,14783
2026-07-10 17:15:00,13.399999618530273,13.40999984741211,13.380000114440918,13.390000343322754,16922
2026-07-10 17:30:00,13.329999923706055,13.399999618530273,13.329999923706055,13.390000343322754,74553
2026-07-10 17:45:00,13.380000114440918,13.390000343322754,13.329999923706055,13.359999656677246,146681
2026-07-13 09:45:00,13.329999923706055,13.329999923706055,13.329999923706055,13.329999923706055,0
2026-07-13 10:00:00,13.270000457763672,13.4399995803833,13.239999771118164,13.329999923706055,75255
2026-07-13 10:15:00,13.350000381469727,13.4399995803833,13.270000457763672,13.279999732971191,107251
2026-07-13 10:30:00,13.34000015258789,13.40999984741211,13.279999732971191,13.359999656677246,76923
2026-07-13 10:45:00,13.270000457763672,13.350000381469727,13.270000457763672,13.329999923706055,33545
2026-07-13 11:00:00,13.319999694824219,13.319999694824219,13.260000228881836,13.270000457763672,80149
2026-07-13 11:15:00,13.289999961853027,13.34000015258789,13.289999961853027,13.329999923706055,53426
2026-07-13 11:30:00,13.270000457763672,13.279999732971191,13.260000228881836,13.279999732971191,27531
2026-07-13 11:45:00,13.25,13.270000457763672,13.239999771118164,13.270000457763672,25512
2026-07-13 12:00:00,13.270000457763672,13.270000457763672,13.220000267028809,13.25,49015
2026-07-13 12:15:00,13.279999732971191,13.279999732971191,13.239999771118164,13.270000457763672,23795
2026-07-13 12:30:00,13.260000228881836,13.270000457763672,13.25,13.260000228881836,24380
2026-07-13 12:45:00,13.229999542236328,13.260000228881836,13.229999542236328,13.260000228881836,33356
2026-07-13 13:00:00,13.220000267028809,13.229999542236328,13.220000267028809,13.220000267028809,20361
2026-07-13 13:15:00,13.220000267028809,13.229999542236328,13.210000038146973,13.220000267028809,17936
2026-07-13 13:30:00,13.25,13.279999732971191,13.1899995803833,13.210000038146973,63664
2026-07-13 13:45:00,13.229999542236328,13.25,13.220000267028809,13.25,15567
2026-07-13 14:00:00,13.260000228881836,13.270000457763672,13.220000267028809,13.239999771118164,29177
2026-07-13 14:15:00,13.25,13.260000228881836,13.239999771118164,13.260000228881836,17317
2026-07-13 14:30:00,13.279999732971191,13.279999732971191,13.25,13.260000228881836,51024
2026-07-13 14:45:00,13.25,13.279999732971191,13.25,13.279999732971191,4855
2026-07-13 15:00:00,13.260000228881836,13.260000228881836,13.25,13.25,5247
2026-07-13 15:15:00,13.199999809265137,13.25,13.199999809265137,13.25,13921
2026-07-13 15:30:00,13.199999809265137,13.210000038146973,13.1899995803833,13.210000038146973,40208
2026-07-13 15:45:00,13.199999809265137,13.210000038146973,13.1899995803833,13.1899995803833,11329
2026-07-13 16:00:00,13.210000038146973,13.220000267028809,13.199999809265137,13.199999809265137,25446
2026-07-13 16:15:00,13.220000267028809,13.220000267028809,13.1899995803833,13.199999809265137,38241
2026-07-13 16:30:00,13.199999809265137,13.220000267028809,13.1899995803833,13.220000267028809,27236
2026-07-13 16:45:00,13.199999809265137,13.199999809265137,13.180000305175781,13.1899995803833,83469
2026-07-13 17:00:00,13.199999809265137,13.220000267028809,13.140000343322754,13.210000038146973,81126
2026-07-13 17:15:00,13.210000038146973,13.220000267028809,13.15999984741211,13.1899995803833,37919
2026-07-13 17:30:00,13.220000267028809,13.220000267028809,13.1899995803833,13.210000038146973,45301
2026-07-13 17:45:00,13.3100004196167,13.3100004196167,13.199999809265137,13.220000267028809,335767
2026-07-14 09:45:00,13.289999961853027,13.289999961853027,13.289999961853027,13.289999961853027,0
2026-07-14 10:00:00,13.260000228881836,13.289999961853027,13.199999809265137,13.270000457763672,46966
2026-07-14 10:15:00,13.229999542236328,13.279999732971191,13.229999542236328,13.270000457763672,28476
2026-07-14 10:30:00,13.270000457763672,13.270000457763672,13.229999542236328,13.229999542236328,40465
2026-07-14 10:45:00,13.260000228881836,13.260000228881836,13.210000038146973,13.260000228881836,48246
2026-07-14 11:00:00,13.25,13.270000457763672,13.239999771118164,13.270000457763672,24253
2026-07-14 11:15:00,13.279999732971191,13.279999732971191,13.239999771118164,13.25,28592
2026-07-14 11:30:00,13.300000190734863,13.300000190734863,13.279999732971191,13.289999961853027,18091
2026-07-14 11:45:00,13.279999732971191,13.300000190734863,13.270000457763672,13.300000190734863,17575
2026-07-14 12:00:00,13.270000457763672,13.279999732971191,13.270000457763672,13.279999732971191,9370
2026-07-14 12:15:00,13.270000457763672,13.289999961853027,13.260000228881836,13.279999732971191,3293
2026-07-14 12:30:00,13.260000228881836,13.279999732971191,13.260000228881836,13.279999732971191,12701
2026-07-14 12:45:00,13.260000228881836,13.279999732971191,13.260000228881836,13.270000457763672,7753
2026-07-14 13:00:00,13.270000457763672,13.270000457763672,13.260000228881836,13.260000228881836,28399
2026-07-14 13:15:00,13.25,13.270000457763672,13.239999771118164,13.260000228881836,44715
2026-07-14 13:30:00,13.260000228881836,13.270000457763672,13.25,13.25,8091
2026-07-14 13:45:00,13.270000457763672,13.270000457763672,13.270000457763672,13.270000457763672,2420
2026-07-14 14:00:00,13.239999771118164,13.270000457763672,13.239999771118164,13.270000457763672,9483
2026-07-14 14:15:00,13.239999771118164,13.260000228881836,13.239999771118164,13.239999771118164,24126
2026-07-14 14:30:00,13.220000267028809,13.239999771118164,13.220000267028809,13.239999771118164,19225
2026-07-14 14:45:00,13.25,13.25,13.220000267028809,13.220000267028809,9504
2026-07-14 15:00:00,13.229999542236328,13.25,13.220000267028809,13.25,39770
2026-07-14 15:15:00,13.229999542236328,13.229999542236328,13.220000267028809,13.229999542236328,4859
2026-07-14 15:30:00,13.210000038146973,13.25,13.210000038146973,13.229999542236328,25792
2026-07-14 15:45:00,13.229999542236328,13.229999542236328,13.210000038146973,13.210000038146973,52639
2026-07-14 16:00:00,13.220000267028809,13.239999771118164,13.220000267028809,13.229999542236328,9084
2026-07-14 16:15:00,13.229999542236328,13.239999771118164,13.220000267028809,13.220000267028809,10803
2026-07-14 16:30:00,13.220000267028809,13.239999771118164,13.220000267028809,13.229999542236328,22273
2026-07-14 16:45:00,13.210000038146973,13.220000267028809,13.210000038146973,13.220000267028809,13479
2026-07-14 17:00:00,13.220000267028809,13.220000267028809,13.199999809265137,13.220000267028809,3603
2026-07-14 17:15:00,13.220000267028809,13.220000267028809,13.199999809265137,13.220000267028809,53357
2026-07-14 17:30:00,13.199999809265137,13.229999542236328,13.180000305175781,13.210000038146973,53255
2026-07-14 17:45:00,13.1899995803833,13.199999809265137,13.180000305175781,13.199999809265137,63358
2026-07-16 09:45:00,13.199999809265137,13.199999809265137,13.199999809265137,13.199999809265137,0
2026-07-16 10:00:00,13.300000190734863,13.300000190734863,13.1899995803833,13.199999809265137,100271
2026-07-16 10:15:00,13.34000015258789,13.369999885559082,13.289999961853027,13.300000190734863,105251
2026-07-16 10:30:00,13.350000381469727,13.359999656677246,13.319999694824219,13.319999694824219,27287
2026-07-16 10:45:00,13.369999885559082,13.369999885559082,13.350000381469727,13.350000381469727,25420
2026-07-16 11:00:00,13.399999618530273,13.399999618530273,13.329999923706055,13.369999885559082,39823
2026-07-16 11:15:00,13.350000381469727,13.420000076293945,13.350000381469727,13.399999618530273,27821
2026-07-16 11:30:00,13.359999656677246,13.380000114440918,13.34000015258789,13.34000015258789,8600
2026-07-16 11:45:00,13.390000343322754,13.40999984741211,13.359999656677246,13.359999656677246,76698
2026-07-16 12:00:00,13.359999656677246,13.399999618530273,13.359999656677246,13.390000343322754,11566
2026-07-16 12:15:00,13.390000343322754,13.390000343322754,13.359999656677246,13.390000343322754,12953
2026-07-16 12:30:00,13.380000114440918,13.40999984741211,13.359999656677246,13.399999618530273,9799
2026-07-16 12:45:00,13.380000114440918,13.390000343322754,13.359999656677246,13.380000114440918,13107
2026-07-16 13:00:00,13.369999885559082,13.390000343322754,13.359999656677246,13.380000114440918,5546
2026-07-16 13:15:00,13.380000114440918,13.399999618530273,13.369999885559082,13.390000343322754,16823
2026-07-16 13:30:00,13.369999885559082,13.380000114440918,13.34000015258789,13.380000114440918,55376
2026-07-16 13:45:00,13.380000114440918,13.40999984741211,13.369999885559082,13.369999885559082,27154
2026-07-16 14:00:00,13.399999618530273,13.40999984741211,13.369999885559082,13.399999618530273,7740
2026-07-16 14:15:00,13.4399995803833,13.449999809265137,13.380000114440918,13.399999618530273,62674
2026-07-16 14:30:00,13.420000076293945,13.460000038146973,13.420000076293945,13.420000076293945,18335
2026-07-16 14:45:00,13.430000305175781,13.430000305175781,13.390000343322754,13.430000305175781,37395
2026-07-16 15:00:00,13.40999984741211,13.489999771118164,13.399999618530273,13.40999984741211,35809
2026-07-16 15:15:00,13.4399995803833,13.4399995803833,13.399999618530273,13.420000076293945,18815
2026-07-16 15:30:00,13.430000305175781,13.4399995803833,13.430000305175781,13.4399995803833,26928
2026-07-16 15:45:00,13.430000305175781,13.449999809265137,13.430000305175781,13.430000305175781,29299
2026-07-16 16:00:00,13.449999809265137,13.460000038146973,13.420000076293945,13.420000076293945,47121
2026-07-16 16:15:00,13.449999809265137,13.479999542236328,13.449999809265137,13.449999809265137,14232
2026-07-16 16:30:00,13.460000038146973,13.470000267028809,13.449999809265137,13.460000038146973,7309
2026-07-16 16:45:00,13.449999809265137,13.479999542236328,13.40999984741211,13.460000038146973,38254
2026-07-16 17:00:00,13.430000305175781,13.470000267028809,13.430000305175781,13.460000038146973,10411
2026-07-16 17:15:00,13.479999542236328,13.479999542236328,13.420000076293945,13.449999809265137,21167
2026-07-16 17:30:00,13.420000076293945,13.470000267028809,13.399999618530273,13.470000267028809,55104
2026-07-16 17:45:00,13.460000038146973,13.470000267028809,13.420000076293945,13.430000305175781,27401
2026-07-17 09:45:00,13.510000228881836,13.510000228881836,13.510000228881836,13.510000228881836,0
2026-07-17 10:00:00,13.369999885559082,13.550000190734863,13.350000381469727,13.510000228881836,78323
2026-07-17 10:15:00,13.329999923706055,13.369999885559082,13.3100004196167,13.369999885559082,57791
2026-07-17 10:30:00,13.279999732971191,13.34000015258789,13.279999732971191,13.329999923706055,37990
2026-07-17 10:45:00,13.289999961853027,13.3100004196167,13.279999732971191,13.279999732971191,22085
2026-07-17 11:00:00,13.319999694824219,13.329999923706055,13.289999961853027,13.3100004196167,45934
2026-07-17 11:15:00,13.3100004196167,13.350000381469727,13.3100004196167,13.3100004196167,55469
2026-07-17 11:30:00,13.300000190734863,13.34000015258789,13.289999961853027,13.319999694824219,30450
2026-07-17 11:45:00,13.289999961853027,13.34000015258789,13.289999961853027,13.319999694824219,23606
2026-07-17 12:00:00,13.279999732971191,13.319999694824219,13.279999732971191,13.3100004196167,30282
2026-07-17 12:15:00,13.300000190734863,13.300000190734863,13.279999732971191,13.279999732971191,4830
2026-07-17 12:30:00,13.289999961853027,13.3100004196167,13.279999732971191,13.300000190734863,18632
2026-07-17 12:45:00,13.270000457763672,13.300000190734863,13.260000228881836,13.289999961853027,15303
2026-07-17 13:00:00,13.260000228881836,13.279999732971191,13.260000228881836,13.270000457763672,6583
2026-07-17 13:15:00,13.270000457763672,13.270000457763672,13.239999771118164,13.260000228881836,26524
2026-07-17 13:30:00,13.279999732971191,13.279999732971191,13.270000457763672,13.270000457763672,11490
2026-07-17 13:45:00,13.270000457763672,13.279999732971191,13.199999809265137,13.270000457763672,27385
2026-07-17 14:00:00,13.279999732971191,13.289999961853027,13.239999771118164,13.270000457763672,30760
2026-07-17 14:15:00,13.300000190734863,13.319999694824219,13.239999771118164,13.25,65449
2026-07-17 14:30:00,13.289999961853027,13.300000190734863,13.270000457763672,13.300000190734863,15737
2026-07-17 14:45:00,13.289999961853027,13.300000190734863,13.270000457763672,13.300000190734863,6860
2026-07-17 15:00:00,13.279999732971191,13.300000190734863,13.279999732971191,13.300000190734863,4524
2026-07-17 15:15:00,13.260000228881836,13.289999961853027,13.260000228881836,13.279999732971191,5186
2026-07-17 15:30:00,13.3100004196167,13.3100004196167,13.279999732971191,13.279999732971191,39390
2026-07-17 15:45:00,13.319999694824219,13.319999694824219,13.300000190734863,13.3100004196167,19620
2026-07-17 16:00:00,13.300000190734863,13.3100004196167,13.289999961853027,13.300000190734863,9060
2026-07-17 16:15:00,13.289999961853027,13.3100004196167,13.289999961853027,13.300000190734863,5175
2026-07-17 16:30:00,13.300000190734863,13.3100004196167,13.289999961853027,13.300000190734863,10494
2026-07-17 16:45:00,13.329999923706055,13.329999923706055,13.300000190734863,13.3100004196167,26475
2026-07-17 17:00:00,13.300000190734863,13.329999923706055,13.300000190734863,13.319999694824219,27093
2026-07-17 17:15:00,13.319999694824219,13.329999923706055,13.3100004196167,13.3100004196167,17833
2026-07-17 17:30:00,13.300000190734863,13.34000015258789,13.239999771118164,13.319999694824219,60232
2026-07-17 17:45:00,13.270000457763672,13.300000190734863,13.270000457763672,13.289999961853027,63382
2026-07-20 09:45:00,13.300000190734863,13.300000190734863,13.300000190734863,13.300000190734863,0
2026-07-20 10:00:00,13.319999694824219,13.329999923706055,13.289999961853027,13.300000190734863,18274
2026-07-20 10:15:00,13.34000015258789,13.34000015258789,13.289999961853027,13.319999694824219,49912
2026-07-20 10:30:00,13.399999618530273,13.4399995803833,13.329999923706055,13.34000015258789,73719
2026-07-20 10:45:00,13.40999984741211,13.40999984741211,13.359999656677246,13.369999885559082,22932
2026-07-20 11:00:00,13.359999656677246,13.390000343322754,13.329999923706055,13.380000114440918,26508
2026-07-20 11:15:00,13.350000381469727,13.369999885559082,13.329999923706055,13.359999656677246,10261
2026-07-20 11:30:00,13.329999923706055,13.369999885559082,13.329999923706055,13.350000381469727,13186
2026-07-20 11:45:00,13.319999694824219,13.329999923706055,13.300000190734863,13.329999923706055,36041
2026-07-20 12:00:00,13.319999694824219,13.34000015258789,13.3100004196167,13.329999923706055,17241
2026-07-20 12:15:00,13.3100004196167,13.34000015258789,13.3100004196167,13.329999923706055,11527
2026-07-20 12:30:00,13.350000381469727,13.369999885559082,13.3100004196167,13.329999923706055,18478
2026-07-20 12:45:00,13.359999656677246,13.359999656677246,13.329999923706055,13.350000381469727,22514
2026-07-20 13:00:00,13.350000381469727,13.369999885559082,13.350000381469727,13.350000381469727,12924
2026-07-20 13:15:00,13.34000015258789,13.34000015258789,13.319999694824219,13.34000015258789,18170
2026-07-20 13:30:00,13.329999923706055,13.34000015258789,13.319999694824219,13.34000015258789,20748
2026-07-20 13:45:00,13.329999923706055,13.359999656677246,13.329999923706055,13.329999923706055,6917
2026-07-20 14:00:00,13.40999984741211,13.40999984741211,13.329999923706055,13.329999923706055,61389
2026-07-20 14:15:00,13.40999984741211,13.40999984741211,13.390000343322754,13.40999984741211,23648
2026-07-20 14:30:00,13.449999809265137,13.449999809265137,13.40999984741211,13.40999984741211,32048
2026-07-20 14:45:00,13.460000038146973,13.460000038146973,13.420000076293945,13.449999809265137,11380
2026-07-20 15:00:00,13.4399995803833,13.489999771118164,13.359999656677246,13.460000038146973,44203
2026-07-20 15:15:00,13.4399995803833,13.479999542236328,13.4399995803833,13.449999809265137,3986
2026-07-20 15:30:00,13.449999809265137,13.460000038146973,13.4399995803833,13.4399995803833,17787
2026-07-20 15:45:00,13.4399995803833,13.449999809265137,13.430000305175781,13.449999809265137,7929
2026-07-20 16:00:00,13.470000267028809,13.479999542236328,13.430000305175781,13.4399995803833,7879
2026-07-20 16:15:00,13.420000076293945,13.4399995803833,13.399999618530273,13.430000305175781,24359
2026-07-20 16:30:00,13.399999618530273,13.4399995803833,13.399999618530273,13.430000305175781,11254
2026-07-20 16:45:00,13.390000343322754,13.430000305175781,13.369999885559082,13.390000343322754,14720
2026-07-20 17:00:00,13.399999618530273,13.399999618530273,13.369999885559082,13.390000343322754,16462
2026-07-20 17:15:00,13.380000114440918,13.399999618530273,13.369999885559082,13.390000343322754,27450
2026-07-20 17:30:00,13.380000114440918,13.380000114440918,13.34000015258789,13.380000114440918,49032
2026-07-20 17:45:00,13.350000381469727,13.390000343322754,13.300000190734863,13.359999656677246,102134
2026-07-21 09:45:00,13.479999542236328,13.479999542236328,13.479999542236328,13.479999542236328,0
2026-07-21 10:00:00,13.399999618530273,13.529999732971191,13.390000343322754,13.470000267028809,74477
2026-07-21 10:15:00,13.449999809265137,13.470000267028809,13.390000343322754,13.390000343322754,15266
2026-07-21 10:30:00,13.640000343322754,13.670000076293945,13.449999809265137,13.460000038146973,258894
2026-07-21 10:45:00,13.6899995803833,13.770000457763672,13.539999961853027,13.619999885559082,763721
2026-07-21 11:00:00,13.550000190734863,13.6899995803833,13.550000190734863,13.6899995803833,153221
2026-07-21 11:15:00,13.529999732971191,13.579999923706055,13.529999732971191,13.569999694824219,20840
2026-07-21 11:30:00,13.529999732971191,13.550000190734863,13.510000228881836,13.550000190734863,26161
2026-07-21 11:45:00,13.510000228881836,13.529999732971191,13.5,13.529999732971191,29766
2026-07-21 12:00:00,13.510000228881836,13.6899995803833,13.470000267028809,13.510000228881836,72975
2026-07-21 12:15:00,13.539999961853027,13.550000190734863,13.5,13.520000457763672,67502
2026-07-21 12:30:00,13.5,13.529999732971191,13.489999771118164,13.520000457763672,22123
2026-07-21 12:45:00,13.460000038146973,13.479999542236328,13.449999809265137,13.470000267028809,25550
2026-07-21 13:00:00,13.489999771118164,13.489999771118164,13.449999809265137,13.460000038146973,36492
2026-07-21 13:15:00,13.510000228881836,13.510000228881836,13.430000305175781,13.460000038146973,96829
2026-07-21 13:30:00,13.529999732971191,13.550000190734863,13.479999542236328,13.489999771118164,25241
2026-07-21 13:45:00,13.520000457763672,13.529999732971191,13.5,13.529999732971191,13440
2026-07-21 14:00:00,13.510000228881836,13.550000190734863,13.510000228881836,13.520000457763672,92545
2026-07-21 14:15:00,13.5,13.539999961853027,13.5,13.510000228881836,34715
2026-07-21 14:30:00,13.479999542236328,13.510000228881836,13.4399995803833,13.489999771118164,42763
2026-07-21 14:45:00,13.489999771118164,13.510000228881836,13.460000038146973,13.479999542236328,32026
2026-07-21 15:00:00,13.4399995803833,13.470000267028809,13.430000305175781,13.470000267028809,17079
2026-07-21 15:15:00,13.40999984741211,13.449999809265137,13.399999618530273,13.4399995803833,29534
2026-07-21 15:30:00,13.359999656677246,13.40999984741211,13.350000381469727,13.40999984741211,40170
2026-07-21 15:45:00,13.350000381469727,13.380000114440918,13.34000015258789,13.359999656677246,23599
2026-07-21 16:00:00,13.350000381469727,13.380000114440918,13.350000381469727,13.369999885559082,12033
2026-07-21 16:15:00,13.369999885559082,13.369999885559082,13.34000015258789,13.359999656677246,3209
2026-07-21 16:30:00,13.329999923706055,13.350000381469727,13.329999923706055,13.350000381469727,21578
2026-07-21 16:45:00,13.350000381469727,13.359999656677246,13.319999694824219,13.329999923706055,16867
2026-07-21 17:00:00,13.329999923706055,13.350000381469727,13.3100004196167,13.350000381469727,27831
2026-07-21 17:15:00,13.350000381469727,13.359999656677246,13.319999694824219,13.329999923706055,15508
2026-07-21 17:30:00,13.4399995803833,13.449999809265137,13.329999923706055,13.34000015258789,89263
2026-07-21 17:45:00,13.449999809265137,13.520000457763672,13.390000343322754,13.4399995803833,200348
2026-07-22 09:45:00,13.449999809265137,13.449999809265137,13.449999809265137,13.449999809265137,0
2026-07-22 10:00:00,13.510000228881836,13.520000457763672,13.4399995803833,13.5,38672
2026-07-22 10:15:00,13.5,13.529999732971191,13.5,13.510000228881836,19360
2026-07-22 10:30:00,13.449999809265137,13.510000228881836,13.449999809265137,13.5,23026
2026-07-22 10:45:00,13.479999542236328,13.510000228881836,13.460000038146973,13.460000038146973,19050
2026-07-22 11:00:00,13.510000228881836,13.579999923706055,13.470000267028809,13.470000267028809,21250
2026-07-22 11:15:00,13.479999542236328,13.510000228881836,13.449999809265137,13.510000228881836,17021
2026-07-22 11:30:00,13.5,13.510000228881836,13.479999542236328,13.479999542236328,22077
2026-07-22 11:45:00,13.510000228881836,13.510000228881836,13.489999771118164,13.5,8072
2026-07-22 12:00:00,13.510000228881836,13.529999732971191,13.5,13.510000228881836,9897
2026-07-22 12:15:00,13.5,13.520000457763672,13.5,13.510000228881836,8380
2026-07-22 12:30:00,13.489999771118164,13.520000457763672,13.489999771118164,13.5,26768
2026-07-22 12:45:00,13.489999771118164,13.5,13.489999771118164,13.489999771118164,8047
2026-07-22 13:00:00,13.460000038146973,13.5,13.4399995803833,13.489999771118164,44916
2026-07-22 13:15:00,13.449999809265137,13.460000038146973,13.430000305175781,13.460000038146973,57452
2026-07-22 13:30:00,13.449999809265137,13.470000267028809,13.420000076293945,13.449999809265137,22036
2026-07-22 13:45:00,13.449999809265137,13.470000267028809,13.4399995803833,13.4399995803833,28219
2026-07-22 14:00:00,13.4399995803833,13.449999809265137,13.430000305175781,13.449999809265137,5268
2026-07-22 14:15:00,13.4399995803833,13.460000038146973,13.420000076293945,13.430000305175781,54690
2026-07-22 14:30:00,13.430000305175781,13.470000267028809,13.430000305175781,13.4399995803833,2159
2026-07-22 14:45:00,13.399999618530273,13.460000038146973,13.399999618530273,13.420000076293945,27537
2026-07-22 15:00:00,13.420000076293945,13.420000076293945,13.380000114440918,13.399999618530273,40559
2026-07-22 15:15:00,13.520000457763672,13.520000457763672,13.40999984741211,13.430000305175781,85177
2026-07-22 15:30:00,13.470000267028809,13.529999732971191,13.470000267028809,13.510000228881836,90773
2026-07-22 15:45:00,13.4399995803833,13.5,13.4399995803833,13.470000267028809,52154
2026-07-22 16:00:00,13.4399995803833,13.460000038146973,13.4399995803833,13.449999809265137,13417
2026-07-22 16:15:00,13.5,13.520000457763672,13.420000076293945,13.4399995803833,82947
2026-07-22 16:30:00,13.5,13.520000457763672,13.479999542236328,13.520000457763672,41504
2026-07-22 16:45:00,13.460000038146973,13.510000228881836,13.449999809265137,13.510000228881836,68563
2026-07-22 17:00:00,13.5,13.520000457763672,13.449999809265137,13.460000038146973,52534
2026-07-22 17:15:00,13.520000457763672,13.539999961853027,13.470000267028809,13.520000457763672,157779
2026-07-22 17:30:00,13.5600004196167,13.5600004196167,13.520000457763672,13.520000457763672,128964
2026-07-22 17:45:00,13.569999694824219,13.630000114440918,13.550000190734863,13.569999694824219,121841
2026-07-23 09:45:00,13.529999732971191,13.529999732971191,13.529999732971191,13.529999732971191,0
2026-07-23 10:00:00,13.5600004196167,13.600000381469727,13.479999542236328,13.529999732971191,52201
2026-07-23 10:15:00,13.649999618530273,13.699999809265137,13.5600004196167,13.5600004196167,99889
2026-07-23 10:30:00,13.619999885559082,13.680000305175781,13.619999885559082,13.65999984741211,48348
2026-07-23 10:45:00,13.600000381469727,13.630000114440918,13.579999923706055,13.609999656677246,47197
2026-07-23 11:00:00,13.609999656677246,13.630000114440918,13.5600004196167,13.619999885559082,34739
2026-07-23 11:15:00,13.640000343322754,13.640000343322754,13.59000015258789,13.600000381469727,31199
2026-07-23 11:30:00,13.619999885559082,13.649999618530273,13.619999885559082,13.640000343322754,16104
2026-07-23 11:45:00,13.59000015258789,13.630000114440918,13.569999694824219,13.630000114440918,60321
2026-07-23 12:00:00,13.569999694824219,13.600000381469727,13.569999694824219,13.59000015258789,18524
2026-07-23 12:15:00,13.59000015258789,13.59000015258789,13.5600004196167,13.569999694824219,10817
2026-07-23 12:30:00,13.569999694824219,13.59000015258789,13.5600004196167,13.569999694824219,13234
2026-07-23 12:45:00,13.579999923706055,13.59000015258789,13.569999694824219,13.569999694824219,17862
2026-07-23 13:00:00,13.569999694824219,13.579999923706055,13.5600004196167,13.569999694824219,7767
2026-07-23 13:15:00,13.569999694824219,13.569999694824219,13.5600004196167,13.5600004196167,11366
2026-07-23 13:30:00,13.5600004196167,13.59000015258789,13.5600004196167,13.579999923706055,3537
2026-07-23 13:45:00,13.579999923706055,13.59000015258789,13.5600004196167,13.59000015258789,11837
2026-07-23 14:00:00,13.569999694824219,13.59000015258789,13.569999694824219,13.59000015258789,28162
2026-07-23 14:15:00,13.539999961853027,13.579999923706055,13.539999961853027,13.569999694824219,18134
2026-07-23 14:30:00,13.489999771118164,13.539999961853027,13.489999771118164,13.539999961853027,23393
2026-07-23 14:45:00,13.520000457763672,13.539999961853027,13.5,13.5,34100
2026-07-23 15:00:00,13.5,13.520000457763672,13.489999771118164,13.5,23089
2026-07-23 15:15:00,13.539999961853027,13.59000015258789,13.5,13.5,47766
2026-07-23 15:30:00,13.460000038146973,13.539999961853027,13.460000038146973,13.539999961853027,28229
2026-07-23 15:45:00,13.449999809265137,13.489999771118164,13.380000114440918,13.460000038146973,79625
2026-07-23 16:00:00,13.470000267028809,13.489999771118164,13.430000305175781,13.449999809265137,35815
2026-07-23 16:15:00,13.5,13.520000457763672,13.460000038146973,13.460000038146973,39441
2026-07-23 16:30:00,13.529999732971191,13.529999732971191,13.5,13.5,26022
2026-07-23 16:45:00,13.569999694824219,13.600000381469727,13.529999732971191,13.529999732971191,67337
2026-07-23 17:00:00,13.539999961853027,13.569999694824219,13.539999961853027,13.550000190734863,15409
2026-07-23 17:15:00,13.529999732971191,13.550000190734863,13.520000457763672,13.529999732971191,26221
2026-07-23 17:30:00,13.520000457763672,13.539999961853027,13.520000457763672,13.529999732971191,36194
2026-07-23 17:45:00,13.539999961853027,13.59000015258789,13.510000228881836,13.520000457763672,88190
2026-07-24 09:45:00,13.520000457763672,13.520000457763672,13.520000457763672,13.520000457763672,0
2026-07-24 10:00:00,13.510000228881836,13.6899995803833,13.4399995803833,13.520000457763672,84059
2026-07-24 10:15:00,13.569999694824219,13.65999984741211,13.539999961853027,13.550000190734863,24823
2026-07-24 10:30:00,13.640000343322754,13.649999618530273,13.609999656677246,13.609999656677246,18620
2026-07-24 10:45:00,13.640000343322754,13.640000343322754,13.600000381469727,13.630000114440918,14328
2026-07-24 11:00:00,13.600000381469727,13.640000343322754,13.600000381469727,13.630000114440918,18143
2026-07-24 11:15:00,13.65999984741211,13.680000305175781,13.619999885559082,13.619999885559082,88956
2026-07-24 11:30:00,13.6899995803833,13.710000038146973,13.65999984741211,13.670000076293945,85975
2026-07-24 11:45:00,13.710000038146973,13.710000038146973,13.65999984741211,13.6899995803833,68342
2026-07-24 12:00:00,13.65999984741211,13.710000038146973,13.65999984741211,13.710000038146973,61657
2026-07-24 12:15:00,13.680000305175781,13.6899995803833,13.65999984741211,13.65999984741211,8218
2026-07-24 12:30:00,13.609999656677246,13.65999984741211,13.609999656677246,13.65999984741211,24422
2026-07-24 12:45:00,13.5600004196167,13.609999656677246,13.399999618530273,13.609999656677246,55422
2026-07-24 13:00:00,13.5600004196167,13.579999923706055,13.520000457763672,13.579999923706055,57105
2026-07-24 13:15:00,13.529999732971191,13.5600004196167,13.529999732971191,13.550000190734863,9721
2026-07-24 13:30:00,13.59000015258789,13.600000381469727,13.529999732971191,13.529999732971191,26866
2026-07-24 13:45:00,13.579999923706055,13.609999656677246,13.579999923706055,13.59000015258789,34623
2026-07-24 14:00:00,13.59000015258789,13.600000381469727,13.5600004196167,13.579999923706055,19944
2026-07-24 14:15:00,13.579999923706055,13.600000381469727,13.569999694824219,13.59000015258789,5834
2026-07-24 14:30:00,13.579999923706055,13.59000015258789,13.5600004196167,13.579999923706055,18041
2026-07-24 14:45:00,13.539999961853027,13.59000015258789,13.539999961853027,13.579999923706055,14304
2026-07-24 15:00:00,13.550000190734863,13.569999694824219,13.539999961853027,13.539999961853027,10910
2026-07-24 15:15:00,13.550000190734863,13.5600004196167,13.520000457763672,13.539999961853027,58131
2026-07-24 15:30:00,13.529999732971191,13.529999732971191,13.529999732971191,13.529999732971191,2736
2026-07-24 15:45:00,13.550000190734863,13.569999694824219,13.529999732971191,13.529999732971191,21922
2026-07-24 16:00:00,13.539999961853027,13.569999694824219,13.539999961853027,13.550000190734863,38018
2026-07-24 16:15:00,13.550000190734863,13.579999923706055,13.550000190734863,13.5600004196167,7443
2026-07-24 16:30:00,13.529999732971191,13.550000190734863,13.510000228881836,13.539999961853027,52839
2026-07-24 16:45:00,13.529999732971191,13.539999961853027,13.5,13.529999732971191,46600
2026-07-24 17:00:00,13.569999694824219,13.579999923706055,13.539999961853027,13.539999961853027,35821
2026-07-24 17:15:00,13.600000381469727,13.600000381469727,13.569999694824219,13.579999923706055,35494
2026-07-24 17:30:00,13.59000015258789,13.59000015258789,13.579999923706055,13.59000015258789,11123
2026-07-24 17:45:00,13.5600004196167,13.600000381469727,13.529999732971191,13.579999923706055,64456
2026-07-27 09:45:00,14.0,14.0,14.0,14.0,0
2026-07-27 10:00:00,13.84000015258789,14.050000190734863,13.640000343322754,13.8100004196167,278273
2026-07-27 10:15:00,13.779999732971191,13.869999885559082,13.770000457763672,13.829999923706055,82141
2026-07-27 10:30:00,13.720000267028809,13.779999732971191,13.619999885559082,13.770000457763672,82568
2026-07-27 10:45:00,13.680000305175781,13.770000457763672,13.680000305175781,13.710000038146973,66891
2026-07-27 11:00:00,13.619999885559082,13.6899995803833,13.600000381469727,13.680000305175781,90287
2026-07-27 11:15:00,13.699999809265137,13.699999809265137,13.609999656677246,13.619999885559082,44025
2026-07-27 11:30:00,13.670000076293945,13.699999809265137,13.630000114440918,13.699999809265137,28471
2026-07-27 11:45:00,13.6899995803833,13.699999809265137,13.65999984741211,13.65999984741211,20566
2026-07-27 12:00:00,13.640000343322754,13.6899995803833,13.619999885559082,13.6899995803833,18664
2026-07-27 12:15:00,13.649999618530273,13.649999618530273,13.630000114440918,13.649999618530273,18039
2026-07-27 12:30:00,13.569999694824219,13.640000343322754,13.539999961853027,13.630000114440918,87312
2026-07-27 12:45:00,13.550000190734863,13.579999923706055,13.539999961853027,13.579999923706055,6876
2026-07-27 13:00:00,13.5,13.550000190734863,13.449999809265137,13.550000190734863,69002
2026-07-27 13:15:00,13.5,13.510000228881836,13.470000267028809,13.5,19472
2026-07-27 13:30:00,13.470000267028809,13.5,13.460000038146973,13.489999771118164,25859
2026-07-27 13:45:00,13.470000267028809,13.470000267028809,13.470000267028809,13.470000267028809,7564
2026-07-27 14:00:00,13.460000038146973,13.470000267028809,13.4399995803833,13.470000267028809,18184
2026-07-27 14:15:00,13.4399995803833,13.479999542236328,13.4399995803833,13.460000038146973,13706
2026-07-27 14:30:00,13.470000267028809,13.479999542236328,13.430000305175781,13.4399995803833,24000
2026-07-27 14:45:00,13.479999542236328,13.489999771118164,13.460000038146973,13.489999771118164,19669
2026-07-27 15:00:00,13.4399995803833,13.470000267028809,13.4399995803833,13.460000038146973,44005
2026-07-27 15:15:00,13.420000076293945,13.4399995803833,13.399999618530273,13.4399995803833,39271
2026-07-27 15:30:00,13.4399995803833,13.4399995803833,13.399999618530273,13.420000076293945,24745
2026-07-27 15:45:00,13.399999618530273,13.4399995803833,13.399999618530273,13.4399995803833,19863
2026-07-27 16:00:00,13.34000015258789,13.390000343322754,13.34000015258789,13.390000343322754,37720
2026-07-27 16:15:00,13.380000114440918,13.380000114440918,13.350000381469727,13.350000381469727,16523
2026-07-27 16:30:00,13.359999656677246,13.390000343322754,13.350000381469727,13.380000114440918,14743
2026-07-27 16:45:00,13.300000190734863,13.359999656677246,13.300000190734863,13.34000015258789,85465
2026-07-27 17:00:00,13.25,13.279999732971191,13.199999809265137,13.199999809265137,101686
2026-07-27 17:15:00,13.239999771118164,13.270000457763672,13.229999542236328,13.239999771118164,29375
2026-07-27 17:30:00,13.210000038146973,13.239999771118164,13.199999809265137,13.229999542236328,58540
2026-07-27 17:45:00,13.229999542236328,13.270000457763672,13.199999809265137,13.220000267028809,80119
2026-07-28 09:45:00,13.100000381469727,13.100000381469727,13.100000381469727,13.100000381469727,0
2026-07-28 10:00:00,13.180000305175781,13.279999732971191,13.109999656677246,13.1899995803833,53690
2026-07-28 10:15:00,13.210000038146973,13.210000038146973,13.149999618530273,13.180000305175781,20708
2026-07-28 10:30:00,13.199999809265137,13.199999809265137,13.170000076293945,13.199999809265137,32146
2026-07-28 10:45:00,13.140000343322754,13.199999809265137,13.119999885559082,13.1899995803833,48315
2026-07-28 11:00:00,13.140000343322754,13.140000343322754,13.109999656677246,13.140000343322754,37838
2026-07-28 11:15:00,13.140000343322754,13.149999618530273,13.130000114440918,13.140000343322754,21369
2026-07-28 11:30:00,13.140000343322754,13.149999618530273,13.130000114440918,13.140000343322754,22858
2026-07-28 11:45:00,13.130000114440918,13.149999618530273,13.119999885559082,13.149999618530273,28679
2026-07-28 12:00:00,13.100000381469727,13.130000114440918,13.09000015258789,13.130000114440918,57844
2026-07-28 12:15:00,13.130000114440918,13.130000114440918,13.100000381469727,13.109999656677246,9367
2026-07-28 12:30:00,13.130000114440918,13.130000114440918,13.100000381469727,13.130000114440918,20076
2026-07-28 12:45:00,13.109999656677246,13.130000114440918,13.09000015258789,13.109999656677246,35734
2026-07-28 13:00:00,13.109999656677246,13.109999656677246,13.09000015258789,13.109999656677246,29385
2026-07-28 13:15:00,13.069999694824219,13.109999656677246,13.039999961853027,13.109999656677246,23895
2026-07-28 13:30:00,13.0600004196167,13.079999923706055,13.050000190734863,13.069999694824219,46114
2026-07-28 13:45:00,13.079999923706055,13.09000015258789,13.050000190734863,13.0600004196167,29381
2026-07-28 14:00:00,13.050000190734863,13.09000015258789,13.050000190734863,13.09000015258789,16822
2026-07-28 14:15:00,13.050000190734863,13.069999694824219,13.050000190734863,13.069999694824219,12464
2026-07-28 14:30:00,13.0600004196167,13.069999694824219,13.039999961853027,13.050000190734863,21634
2026-07-28 14:45:00,13.0600004196167,13.0600004196167,13.039999961853027,13.0600004196167,6658
2026-07-28 15:00:00,13.029999732971191,13.0600004196167,13.020000457763672,13.0600004196167,54835
2026-07-28 15:15:00,13.029999732971191,13.029999732971191,13.010000228881836,13.029999732971191,34955
2026-07-28 15:30:00,13.010000228881836,13.020000457763672,12.970000267028809,13.020000457763672,67844
2026-07-28 15:45:00,13.0,13.010000228881836,12.979999542236328,13.010000228881836,18628
2026-07-28 16:00:00,13.010000228881836,13.010000228881836,13.0,13.0,12633
2026-07-28 16:15:00,13.020000457763672,13.020000457763672,13.0,13.010000228881836,32963
2026-07-28 16:30:00,13.0,13.020000457763672,13.0,13.020000457763672,19716
2026-07-28 16:45:00,12.970000267028809,13.0,12.960000038146973,12.989999771118164,29472
2026-07-28 17:00:00,12.979999542236328,12.989999771118164,12.970000267028809,12.970000267028809,17103
2026-07-28 17:15:00,12.979999542236328,13.0,12.970000267028809,12.989999771118164,18260
2026-07-28 17:30:00,12.989999771118164,13.010000228881836,12.979999542236328,12.979999542236328,18038
2026-07-28 17:45:00,13.0,13.020000457763672,12.979999542236328,13.0,58495
2026-07-29 09:45:00,13.050000190734863,13.050000190734863,13.050000190734863,13.050000190734863,0
2026-07-29 10:00:00,13.020000457763672,13.050000190734863,12.979999542236328,13.0,44475
2026-07-29 10:15:00,12.970000267028809,13.010000228881836,12.970000267028809,13.010000228881836,42979
2026-07-29 10:30:00,12.970000267028809,12.989999771118164,12.970000267028809,12.970000267028809,18214
2026-07-29 10:45:00,12.979999542236328,12.989999771118164,12.949999809265137,12.979999542236328,33506
2026-07-29 11:00:00,12.949999809265137,12.979999542236328,12.949999809265137,12.979999542236328,14880
2026-07-29 11:15:00,12.899999618530273,12.960000038146973,12.899999618530273,12.960000038146973,22874
2026-07-29 11:30:00,12.920000076293945,12.930000305175781,12.899999618530273,12.899999618530273,17049
2026-07-29 11:45:00,12.890000343322754,12.930000305175781,12.829999923706055,12.920000076293945,70462
2026-07-29 12:00:00,12.869999885559082,12.890000343322754,12.869999885559082,12.890000343322754,9781
2026-07-29 12:15:00,12.890000343322754,12.890000343322754,12.869999885559082,12.880000114440918,11790
2026-07-29 12:30:00,12.869999885559082,12.880000114440918,12.859999656677246,12.880000114440918,15785
2026-07-29 12:45:00,12.930000305175781,12.930000305175781,12.869999885559082,12.869999885559082,26216
2026-07-29 13:00:00,12.920000076293945,12.930000305175781,12.890000343322754,12.930000305175781,21662
2026-07-29 13:15:00,12.899999618530273,12.920000076293945,12.880000114440918,12.920000076293945,12103
2026-07-29 13:30:00,12.869999885559082,12.899999618530273,12.859999656677246,12.899999618530273,15842
2026-07-29 13:45:00,12.859999656677246,12.890000343322754,12.850000381469727,12.880000114440918,12397
2026-07-29 14:00:00,12.859999656677246,12.880000114440918,12.84000015258789,12.880000114440918,10961
2026-07-29 14:15:00,12.819999694824219,12.859999656677246,12.819999694824219,12.859999656677246,26501
2026-07-29 14:30:00,12.850000381469727,12.850000381469727,12.800000190734863,12.819999694824219,37864
2026-07-29 14:45:00,12.869999885559082,12.90999984741211,12.850000381469727,12.859999656677246,20568
2026-07-29 15:00:00,12.930000305175781,12.930000305175781,12.84000015258789,12.859999656677246,53677
2026-07-29 15:15:00,12.90999984741211,12.930000305175781,12.859999656677246,12.930000305175781,20472
2026-07-29 15:30:00,12.930000305175781,12.930000305175781,12.869999885559082,12.869999885559082,19892
2026-07-29 15:45:00,12.920000076293945,12.960000038146973,12.90999984741211,12.9399995803833,27143
2026-07-29 16:00:00,12.960000038146973,12.989999771118164,12.920000076293945,12.920000076293945,38011
2026-07-29 16:15:00,13.0600004196167,13.0600004196167,12.930000305175781,12.960000038146973,43551
2026-07-29 16:30:00,13.010000228881836,13.109999656677246,13.0,13.0600004196167,67184
2026-07-29 16:45:00,13.010000228881836,13.039999961853027,12.979999542236328,12.989999771118164,27360
2026-07-29 17:00:00,12.949999809265137,13.039999961853027,12.949999809265137,13.010000228881836,50563
2026-07-29 17:15:00,13.0,13.050000190734863,12.949999809265137,12.949999809265137,48832
2026-07-29 17:30:00,12.979999542236328,13.029999732971191,12.979999542236328,13.0,43210
2026-07-29 17:45:00,12.90999984741211,12.979999542236328,12.869999885559082,12.979999542236328,79758
2026-07-30 09:45:00,12.890000343322754,12.890000343322754,12.890000343322754,12.890000343322754,0
2026-07-30 10:00:00,12.920000076293945,12.930000305175781,12.859999656677246,12.880000114440918,51337
2026-07-30 10:15:00,12.989999771118164,13.0600004196167,12.920000076293945,12.930000305175781,105719
2026-07-30 10:30:00,12.930000305175781,13.0,12.890000343322754,13.0,45287
2026-07-30 10:45:00,12.960000038146973,13.0,12.930000305175781,12.930000305175781,41159
2026-07-30 11:00:00,12.989999771118164,13.0,12.960000038146973,12.970000267028809,23403
2026-07-30 11:15:00,13.039999961853027,13.050000190734863,12.979999542236328,12.989999771118164,14618
2026-07-30 11:30:00,13.020000457763672,13.039999961853027,13.010000228881836,13.020000457763672,15457
2026-07-30 11:45:00,13.020000457763672,13.020000457763672,12.979999542236328,13.020000457763672,11782
2026-07-30 12:00:00,13.039999961853027,13.039999961853027,13.0,13.0,19415
2026-07-30 12:15:00,13.020000457763672,13.0600004196167,13.010000228881836,13.010000228881836,13434
2026-07-30 12:30:00,13.15999984741211,13.220000267028809,13.020000457763672,13.020000457763672,83608
2026-07-30 12:45:00,13.15999984741211,13.210000038146973,13.15999984741211,13.15999984741211,62848
2026-07-30 13:00:00,13.109999656677246,13.180000305175781,13.109999656677246,13.149999618530273,57480
2026-07-30 13:15:00,13.100000381469727,13.130000114440918,13.100000381469727,13.109999656677246,39624
2026-07-30 13:30:00,13.119999885559082,13.119999885559082,13.09000015258789,13.100000381469727,18924
2026-07-30 13:45:00,13.140000343322754,13.140000343322754,13.100000381469727,13.119999885559082,34515
2026-07-30 14:00:00,13.079999923706055,13.140000343322754,13.079999923706055,13.119999885559082,27543
2026-07-30 14:15:00,13.079999923706055,13.109999656677246,13.029999732971191,13.079999923706055,47804
2026-07-30 14:30:00,13.0600004196167,13.079999923706055,13.0600004196167,13.079999923706055,14695
2026-07-30 14:45:00,13.039999961853027,13.0600004196167,12.970000267028809,13.0600004196167,28885
2026-07-30 15:00:00,13.020000457763672,13.029999732971191,13.0,13.029999732971191,7539
2026-07-30 15:15:00,12.989999771118164,13.010000228881836,12.949999809265137,13.010000228881836,59669
2026-07-30 15:30:00,12.960000038146973,12.989999771118164,12.960000038146973,12.989999771118164,14395
2026-07-30 15:45:00,12.930000305175781,12.960000038146973,12.920000076293945,12.960000038146973,39737
2026-07-30 16:00:00,12.930000305175781,13.0,12.920000076293945,12.930000305175781,43077
2026-07-30 16:15:00,12.9399995803833,12.9399995803833,12.899999618530273,12.9399995803833,58582
2026-07-30 16:30:00,12.970000267028809,12.989999771118164,12.90999984741211,12.9399995803833,27025
2026-07-30 16:45:00,12.949999809265137,12.989999771118164,12.949999809265137,12.979999542236328,38823
2026-07-30 17:00:00,12.979999542236328,12.989999771118164,12.920000076293945,12.9399995803833,39562
2026-07-30 17:15:00,12.989999771118164,13.020000457763672,12.970000267028809,12.979999542236328,50849
2026-07-30 17:30:00,12.960000038146973,12.989999771118164,12.9399995803833,12.989999771118164,19953
2026-07-30 17:45:00,12.949999809265137,12.970000267028809,12.90999984741211,12.960000038146973,77467
2026-07-31 09:45:00,12.970000267028809,12.970000267028809,12.970000267028809,12.970000267028809,0
2026-07-31 10:00:00,13.069999694824219,13.069999694824219,12.989999771118164,13.050000190734863,16822
2026-07-31 10:15:00,13.0,13.100000381469727,13.0,13.069999694824219,43063
2026-07-31 10:30:00,13.020000457763672,13.029999732971191,13.0,13.0,12915
2026-07-31 10:45:00,13.0,13.029999732971191,13.0,13.020000457763672,11501
2026-07-31 11:00:00,12.970000267028809,13.0,12.970000267028809,13.0,14688
2026-07-31 11:15:00,12.9399995803833,12.970000267028809,12.920000076293945,12.970000267028809,14337
2026-07-31 11:30:00,12.859999656677246,12.949999809265137,12.850000381469727,12.9399995803833,27233
2026-07-31 11:45:00,12.84000015258789,12.859999656677246,12.829999923706055,12.850000381469727,36270
2026-07-31 12:00:00,12.789999961853027,12.84000015258789,12.720000267028809,12.84000015258789,64344
2026-07-31 12:15:00,12.819999694824219,12.819999694824219,12.779999732971191,12.789999961853027,27462
2026-07-31 12:30:00,12.789999961853027,12.819999694824219,12.789999961853027,12.819999694824219,17692
2026-07-31 12:45:00,12.760000228881836,12.789999961853027,12.760000228881836,12.789999961853027,21745
2026-07-31 13:00:00,12.770000457763672,12.789999961853027,12.729999542236328,12.760000228881836,15612
2026-07-31 13:15:00,12.800000190734863,12.800000190734863,12.770000457763672,12.779999732971191,5071
2026-07-31 13:30:00,12.789999961853027,12.800000190734863,12.779999732971191,12.789999961853027,2393
2026-07-31 13:45:00,12.779999732971191,12.800000190734863,12.770000457763672,12.789999961853027,24120
2026-07-31 14:00:00,12.739999771118164,12.779999732971191,12.739999771118164,12.770000457763672,7230
2026-07-31 14:15:00,12.6899995803833,12.770000457763672,12.6899995803833,12.739999771118164,95776
2026-07-31 14:30:00,12.6899995803833,12.699999809265137,12.680000305175781,12.699999809265137,46924
2026-07-31 14:45:00,12.65999984741211,12.699999809265137,12.630000114440918,12.6899995803833,117679
2026-07-31 15:00:00,12.680000305175781,12.680000305175781,12.649999618530273,12.649999618530273,41533
2026-07-31 15:15:00,12.649999618530273,12.6899995803833,12.649999618530273,12.65999984741211,26092
2026-07-31 15:30:00,12.600000381469727,12.65999984741211,12.59000015258789,12.640000343322754,85214
2026-07-31 15:45:00,12.649999618530273,12.649999618530273,12.600000381469727,12.600000381469727,36345
2026-07-31 16:00:00,12.779999732971191,12.779999732971191,12.65999984741211,12.65999984741211,48365
2026-07-31 16:15:00,12.84000015258789,12.84000015258789,12.789999961853027,12.789999961853027,61041
2026-07-31 16:30:00,12.729999542236328,12.829999923706055,12.710000038146973,12.8100004196167,74045
2026-07-31 16:45:00,12.75,12.75,12.720000267028809,12.729999542236328,29150
2026-07-31 17:00:00,12.729999542236328,12.779999732971191,12.729999542236328,12.75,64803
2026-07-31 17:15:00,12.729999542236328,12.770000457763672,12.729999542236328,12.760000228881836,15883
2026-07-31 17:45:00,12.720000267028809,12.729999542236328,12.720000267028809,12.729999542236328,7581
2026-08-03 09:45:00,12.880000114440918,12.880000114440918,12.880000114440918,12.880000114440918,0
2026-08-03 10:00:00,13.020000457763672,13.09000015258789,12.880000114440918,12.949999809265137,76352
2026-08-03 10:15:00,12.930000305175781,13.020000457763672,12.920000076293945,13.020000457763672,44999
2026-08-03 10:30:00,13.020000457763672,13.119999885559082,12.920000076293945,12.930000305175781,94951
2026-08-03 10:45:00,13.149999618530273,13.15999984741211,13.029999732971191,13.029999732971191,160628
2026-08-03 11:00:00,13.149999618530273,13.1899995803833,13.130000114440918,13.149999618530273,54305
2026-08-03 11:15:00,13.25,13.319999694824219,13.15999984741211,13.15999984741211,175746
2026-08-03 11:30:00,13.220000267028809,13.279999732971191,13.220000267028809,13.25,52846
2026-08-03 11:45:00,13.170000076293945,13.229999542236328,13.140000343322754,13.229999542236328,57615
2026-08-03 12:00:00,13.25,13.25,13.149999618530273,13.170000076293945,29419
2026-08-03 12:15:00,13.149999618530273,13.260000228881836,13.149999618530273,13.229999542236328,48483
2026-08-03 12:30:00,13.140000343322754,13.170000076293945,13.140000343322754,13.149999618530273,9392
2026-08-03 12:45:00,13.140000343322754,13.1899995803833,13.130000114440918,13.140000343322754,5662
2026-08-03 13:00:00,13.15999984741211,13.170000076293945,13.130000114440918,13.130000114440918,21747
2026-08-03 13:15:00,13.119999885559082,13.15999984741211,13.119999885559082,13.15999984741211,17069
2026-08-03 13:30:00,13.140000343322754,13.170000076293945,13.109999656677246,13.119999885559082,28208
2026-08-03 13:45:00,13.140000343322754,13.140000343322754,13.119999885559082,13.140000343322754,6538
2026-08-03 14:00:00,13.109999656677246,13.130000114440918,13.100000381469727,13.130000114440918,4550
2026-08-03 14:15:00,13.119999885559082,13.119999885559082,13.100000381469727,13.109999656677246,22305
2026-08-03 14:30:00,13.149999618530273,13.180000305175781,13.100000381469727,13.100000381469727,29572
2026-08-03 14:45:00,13.199999809265137,13.210000038146973,13.140000343322754,13.149999618530273,41229
2026-08-03 15:00:00,13.180000305175781,13.199999809265137,13.180000305175781,13.199999809265137,5625
2026-08-03 15:15:00,13.210000038146973,13.229999542236328,13.180000305175781,13.1899995803833,59703
2026-08-03 15:30:00,13.199999809265137,13.220000267028809,13.199999809265137,13.210000038146973,17603
2026-08-03 15:45:00,13.210000038146973,13.210000038146973,13.1899995803833,13.199999809265137,6536
2026-08-03 16:00:00,13.220000267028809,13.25,13.210000038146973,13.210000038146973,44314
2026-08-03 16:15:00,13.220000267028809,13.25,13.210000038146973,13.220000267028809,11659
2026-08-03 16:30:00,13.170000076293945,13.220000267028809,13.170000076293945,13.220000267028809,22425
2026-08-03 16:45:00,13.199999809265137,13.199999809265137,13.15999984741211,13.1899995803833,12198
2026-08-03 17:00:00,13.199999809265137,13.210000038146973,13.170000076293945,13.180000305175781,12685
2026-08-03 17:15:00,13.220000267028809,13.220000267028809,13.180000305175781,13.199999809265137,11602
2026-08-03 17:30:00,13.170000076293945,13.220000267028809,13.170000076293945,13.199999809265137,37049
2026-08-03 17:45:00,13.180000305175781,13.199999809265137,13.149999618530273,13.170000076293945,45796
2026-08-04 09:45:00,13.220000267028809,13.220000267028809,13.220000267028809,13.220000267028809,0
2026-08-04 10:00:00,13.300000190734863,13.329999923706055,13.180000305175781,13.199999809265137,102800
2026-08-04 10:15:00,13.3100004196167,13.380000114440918,13.279999732971191,13.300000190734863,102350
2026-08-04 10:30:00,13.289999961853027,13.34000015258789,13.279999732971191,13.319999694824219,30489
2026-08-04 10:45:00,13.489999771118164,13.520000457763672,13.289999961853027,13.289999961853027,163291
2026-08-04 11:00:00,13.350000381469727,13.529999732971191,13.3100004196167,13.5,115734
2026-08-04 11:15:00,13.380000114440918,13.4399995803833,13.359999656677246,13.420000076293945,105006
2026-08-04 11:30:00,13.479999542236328,13.510000228881836,13.40999984741211,13.40999984741211,85773
2026-08-04 11:45:00,13.470000267028809,13.529999732971191,13.460000038146973,13.479999542236328,118321
2026-08-04 12:00:00,13.449999809265137,13.5,13.449999809265137,13.470000267028809,23148
2026-08-04 12:15:00,13.449999809265137,13.470000267028809,13.4399995803833,13.460000038146973,21376
2026-08-04 12:30:00,13.460000038146973,13.460000038146973,13.449999809265137,13.460000038146973,10807
2026-08-04 12:45:00,13.4399995803833,13.470000267028809,13.4399995803833,13.449999809265137,17416
2026-08-04 13:00:00,13.359999656677246,13.479999542236328,13.329999923706055,13.449999809265137,176238
2026-08-04 13:15:00,13.350000381469727,13.390000343322754,13.350000381469727,13.390000343322754,20773
2026-08-04 13:30:00,13.350000381469727,13.369999885559082,13.350000381469727,13.359999656677246,6052
2026-08-04 13:45:00,13.34000015258789,13.380000114440918,13.34000015258789,13.380000114440918,14988
2026-08-04 14:00:00,13.279999732971191,13.34000015258789,13.279999732971191,13.34000015258789,85990
2026-08-04 14:15:00,13.25,13.300000190734863,13.239999771118164,13.279999732971191,34603
2026-08-04 14:30:00,13.1899995803833,13.260000228881836,13.15999984741211,13.25,188385
2026-08-04 14:45:00,13.319999694824219,13.34000015258789,13.1899995803833,13.1899995803833,327535
2026-08-04 15:00:00,13.279999732971191,13.319999694824219,13.279999732971191,13.319999694824219,37257
2026-08-04 15:15:00,13.34000015258789,13.350000381469727,13.289999961853027,13.289999961853027,61691
2026-08-04 15:30:00,13.449999809265137,13.5,13.350000381469727,13.350000381469727,104304
2026-08-04 15:45:00,13.489999771118164,13.520000457763672,13.449999809265137,13.449999809265137,188517
2026-08-04 16:00:00,13.529999732971191,13.550000190734863,13.479999542236328,13.489999771118164,124231
2026-08-04 16:15:00,13.569999694824219,13.569999694824219,13.520000457763672,13.520000457763672,152304
2026-08-04 16:30:00,13.539999961853027,13.569999694824219,13.539999961853027,13.569999694824219,69972
2026-08-04 16:45:00,13.5600004196167,13.569999694824219,13.529999732971191,13.550000190734863,11984
2026-08-04 17:00:00,13.5600004196167,13.5600004196167,13.529999732971191,13.5600004196167,6496
2026-08-04 17:15:00,13.5600004196167,13.569999694824219,13.550000190734863,13.5600004196167,41300
2026-08-04 17:30:00,13.529999732971191,13.5600004196167,13.520000457763672,13.5600004196167,33969
2026-08-04 17:45:00,13.529999732971191,13.539999961853027,13.5,13.529999732971191,67689
2026-08-05 09:45:00,13.520000457763672,13.520000457763672,13.520000457763672,13.520000457763672,0
2026-08-05 10:00:00,13.520000457763672,13.609999656677246,13.449999809265137,13.520000457763672,87514
2026-08-05 10:15:00,13.520000457763672,13.5600004196167,13.489999771118164,13.5,81008
2026-08-05 10:30:00,13.460000038146973,13.520000457763672,13.460000038146973,13.520000457763672,63006
2026-08-05 10:45:00,13.479999542236328,13.479999542236328,13.449999809265137,13.460000038146973,33182
2026-08-05 11:00:00,13.4399995803833,13.5,13.4399995803833,13.479999542236328,15510
2026-08-05 11:15:00,13.420000076293945,13.489999771118164,13.390000343322754,13.449999809265137,39922
2026-08-05 11:30:00,13.40999984741211,13.420000076293945,13.390000343322754,13.420000076293945,16610
2026-08-05 11:45:00,13.460000038146973,13.470000267028809,13.420000076293945,13.420000076293945,70128
2026-08-05 12:00:00,13.449999809265137,13.460000038146973,13.430000305175781,13.460000038146973,4670
2026-08-05 12:15:00,13.449999809265137,13.449999809265137,13.40999984741211,13.449999809265137,61443
2026-08-05 12:30:00,13.40999984741211,13.449999809265137,13.40999984741211,13.449999809265137,8737
2026-08-05 12:45:00,13.449999809265137,13.449999809265137,13.40999984741211,13.420000076293945,25591
2026-08-05 13:00:00,13.369999885559082,13.460000038146973,13.369999885559082,13.449999809265137,83084
2026-08-05 13:15:00,13.380000114440918,13.399999618530273,13.359999656677246,13.399999618530273,49495
2026-08-05 13:30:00,13.390000343322754,13.390000343322754,13.369999885559082,13.390000343322754,14119
2026-08-05 13:45:00,13.399999618530273,13.399999618530273,13.390000343322754,13.399999618530273,40476
2026-08-05 14:00:00,13.460000038146973,13.460000038146973,13.390000343322754,13.399999618530273,115494
2026-08-05 14:15:00,13.529999732971191,13.579999923706055,13.460000038146973,13.460000038146973,66914
2026-08-05 14:30:00,13.489999771118164,13.5600004196167,13.489999771118164,13.5600004196167,36455
2026-08-05 14:45:00,13.489999771118164,13.5,13.479999542236328,13.5,7145
2026-08-05 15:00:00,13.550000190734863,13.550000190734863,13.489999771118164,13.5,10647
2026-08-05 15:15:00,13.579999923706055,13.59000015258789,13.539999961853027,13.550000190734863,53944
2026-08-05 15:30:00,13.539999961853027,13.59000015258789,13.539999961853027,13.59000015258789,13447
2026-08-05 15:45:00,13.510000228881836,13.550000190734863,13.510000228881836,13.550000190734863,23153
2026-08-05 16:00:00,13.5,13.529999732971191,13.5,13.529999732971191,33502
2026-08-05 16:15:00,13.5,13.539999961853027,13.5,13.539999961853027,4780
2026-08-05 16:30:00,13.489999771118164,13.529999732971191,13.489999771118164,13.5,21275
2026-08-05 16:45:00,13.489999771118164,13.5,13.420000076293945,13.489999771118164,65330
2026-08-05 17:00:00,13.5,13.5,13.470000267028809,13.489999771118164,27610
2026-08-05 17:15:00,13.449999809265137,13.5,13.449999809265137,13.489999771118164,8827
2026-08-05 17:30:00,13.40999984741211,13.460000038146973,13.390000343322754,13.460000038146973,49129
2026-08-05 17:45:00,13.399999618530273,13.430000305175781,13.390000343322754,13.430000305175781,49635
2026-08-06 09:45:00,13.609999656677246,13.609999656677246,13.609999656677246,13.609999656677246,0
2026-08-06 10:00:00,13.420000076293945,13.539999961853027,13.40999984741211,13.539999961853027,94657
2026-08-06 10:15:00,13.430000305175781,13.449999809265137,13.420000076293945,13.420000076293945,19685
2026-08-06 10:30:00,13.40999984741211,13.430000305175781,13.399999618530273,13.430000305175781,9927
2026-08-06 10:45:00,13.40999984741211,13.420000076293945,13.399999618530273,13.40999984741211,19675
2026-08-06 11:00:00,13.380000114440918,13.40999984741211,13.380000114440918,13.40999984741211,15620
2026-08-06 11:15:00,13.399999618530273,13.399999618530273,13.369999885559082,13.380000114440918,14598
2026-08-06 11:30:00,13.430000305175781,13.4399995803833,13.420000076293945,13.420000076293945,3459
2026-08-06 11:45:00,13.4399995803833,13.4399995803833,13.40999984741211,13.430000305175781,5607
2026-08-06 12:00:00,13.359999656677246,13.420000076293945,13.350000381469727,13.420000076293945,52539
2026-08-06 12:15:00,13.300000190734863,13.380000114440918,13.300000190734863,13.369999885559082,108200
2026-08-06 12:30:00,13.319999694824219,13.350000381469727,13.3100004196167,13.3100004196167,23382
2026-08-06 12:45:00,13.329999923706055,13.329999923706055,13.3100004196167,13.319999694824219,15954
2026-08-06 13:00:00,13.329999923706055,13.350000381469727,13.319999694824219,13.329999923706055,15984
2026-08-06 13:15:00,13.350000381469727,13.380000114440918,13.329999923706055,13.34000015258789,27198
2026-08-06 13:30:00,13.350000381469727,13.380000114440918,13.350000381469727,13.369999885559082,13013
2026-08-06 13:45:00,13.329999923706055,13.369999885559082,13.329999923706055,13.350000381469727,15097
2026-08-06 14:00:00,13.329999923706055,13.359999656677246,13.300000190734863,13.329999923706055,52086
2026-08-06 14:15:00,13.369999885559082,13.369999885559082,13.329999923706055,13.329999923706055,26600
2026-08-06 14:30:00,13.399999618530273,13.420000076293945,13.359999656677246,13.359999656677246,31625
2026-08-06 14:45:00,13.359999656677246,13.399999618530273,13.359999656677246,13.399999618530273,5319
2026-08-06 15:00:00,13.369999885559082,13.390000343322754,13.359999656677246,13.359999656677246,27938
2026-08-06 15:15:00,13.350000381469727,13.350000381469727,13.350000381469727,13.350000381469727,5903
2026-08-06 15:30:00,13.34000015258789,13.359999656677246,13.34000015258789,13.359999656677246,12290
2026-08-06 15:45:00,13.319999694824219,13.350000381469727,13.3100004196167,13.34000015258789,70605
2026-08-06 16:00:00,13.34000015258789,13.350000381469727,13.3100004196167,13.319999694824219,43609
2026-08-06 16:15:00,13.369999885559082,13.380000114440918,13.350000381469727,13.359999656677246,35870
2026-08-06 16:30:00,13.390000343322754,13.390000343322754,13.359999656677246,13.369999885559082,7615
2026-08-06 16:45:00,13.40999984741211,13.510000228881836,13.390000343322754,13.390000343322754,119711
2026-08-06 17:00:00,13.399999618530273,13.40999984741211,13.369999885559082,13.40999984741211,45280
2026-08-06 17:15:00,13.380000114440918,13.420000076293945,13.380000114440918,13.40999984741211,12098
2026-08-06 17:30:00,13.399999618530273,13.4399995803833,13.390000343322754,13.40999984741211,12794
2026-08-06 17:45:00,13.399999618530273,13.4399995803833,13.399999618530273,13.420000076293945,39973
2026-08-07 09:45:00,13.350000381469727,13.350000381469727,13.350000381469727,13.350000381469727,0
2026-08-07 10:00:00,13.5,13.539999961853027,13.350000381469727,13.369999885559082,65578
2026-08-07 10:15:00,13.539999961853027,13.569999694824219,13.5,13.5,59834
2026-08-07 10:30:00,13.489999771118164,13.539999961853027,13.489999771118164,13.539999961853027,9258
2026-08-07 10:45:00,13.460000038146973,13.489999771118164,13.460000038146973,13.489999771118164,35560
2026-08-07 11:00:00,13.5,13.510000228881836,13.479999542236328,13.489999771118164,16009
2026-08-07 11:15:00,13.489999771118164,13.5,13.479999542236328,13.5,51099
2026-08-07 11:30:00,13.460000038146973,13.489999771118164,13.449999809265137,13.479999542236328,18692
2026-08-07 11:45:00,13.40999984741211,13.460000038146973,13.399999618530273,13.460000038146973,48055
2026-08-07 12:00:00,13.40999984741211,13.430000305175781,13.390000343322754,13.40999984741211,41594
2026-08-07 12:15:00,13.460000038146973,13.460000038146973,13.420000076293945,13.430000305175781,16874
2026-08-07 12:30:00,13.619999885559082,13.630000114440918,13.460000038146973,13.460000038146973,105443
2026-08-07 12:45:00,13.5600004196167,13.630000114440918,13.5600004196167,13.630000114440918,50437
2026-08-07 13:00:00,13.600000381469727,13.619999885559082,13.5600004196167,13.59000015258789,32295
2026-08-07 13:15:00,13.630000114440918,13.65999984741211,13.579999923706055,13.600000381469727,56789
2026-08-07 13:30:00,13.609999656677246,13.6899995803833,13.609999656677246,13.649999618530273,40660
2026-08-07 13:45:00,13.640000343322754,13.65999984741211,13.600000381469727,13.619999885559082,13369
2026-08-07 14:00:00,13.630000114440918,13.65999984741211,13.630000114440918,13.649999618530273,20616
2026-08-07 14:15:00,13.609999656677246,13.640000343322754,13.539999961853027,13.640000343322754,30643
2026-08-07 14:30:00,13.619999885559082,13.619999885559082,13.600000381469727,13.609999656677246,698
2026-08-07 14:45:00,13.619999885559082,13.619999885559082,13.59000015258789,13.619999885559082,17095
2026-08-07 15:00:00,13.640000343322754,13.640000343322754,13.59000015258789,13.640000343322754,35906
2026-08-07 15:15:00,13.640000343322754,13.649999618530273,13.619999885559082,13.649999618530273,30591
2026-08-07 15:30:00,13.640000343322754,13.65999984741211,13.609999656677246,13.640000343322754,13631
2026-08-07 15:45:00,13.630000114440918,13.649999618530273,13.609999656677246,13.640000343322754,17189
2026-08-07 16:00:00,13.600000381469727,13.630000114440918,13.59000015258789,13.630000114440918,12515
2026-08-07 16:15:00,13.59000015258789,13.609999656677246,13.579999923706055,13.600000381469727,9679
2026-08-07 16:30:00,13.5600004196167,13.600000381469727,13.550000190734863,13.600000381469727,63844
2026-08-07 16:45:00,13.550000190734863,13.579999923706055,13.550000190734863,13.579999923706055,6528
2026-08-07 17:00:00,13.529999732971191,13.579999923706055,13.529999732971191,13.5600004196167,33535
2026-08-07 17:15:00,13.550000190734863,13.579999923706055,13.520000457763672,13.550000190734863,17033
2026-08-07 17:30:00,13.649999618530273,13.649999618530273,13.550000190734863,13.579999923706055,49488
2026-08-07 17:45:00,13.680000305175781,13.680000305175781,13.640000343322754,13.649999618530273,117270
2026-08-10 09:45:00,13.65999984741211,13.65999984741211,13.65999984741211,13.65999984741211,0
2026-08-10 10:00:00,13.65999984741211,13.670000076293945,13.569999694824219,13.649999618530273,127599
2026-08-10 10:15:00,13.65999984741211,13.75,13.649999618530273,13.670000076293945,133859
2026-08-10 10:30:00,13.65999984741211,13.729999542236328,13.649999618530273,13.670000076293945,56178
2026-08-10 10:45:00,13.670000076293945,13.6899995803833,13.649999618530273,13.65999984741211,26854
2026-08-10 11:00:00,13.649999618530273,13.6899995803833,13.640000343322754,13.6899995803833,23360
2026-08-10 11:15:00,13.670000076293945,13.75,13.65999984741211,13.680000305175781,15344
2026-08-10 11:30:00,13.6899995803833,13.699999809265137,13.65999984741211,13.699999809265137,14273
2026-08-10 11:45:00,13.6899995803833,13.760000228881836,13.6899995803833,13.6899995803833,42643
2026-08-10 12:00:00,13.609999656677246,13.710000038146973,13.609999656677246,13.710000038146973,32879
2026-08-10 12:15:00,13.670000076293945,13.710000038146973,13.65999984741211,13.670000076293945,11369
2026-08-10 12:30:00,13.65999984741211,13.680000305175781,13.65999984741211,13.680000305175781,5075
2026-08-10 12:45:00,13.619999885559082,13.680000305175781,13.619999885559082,13.649999618530273,50708
2026-08-10 13:00:00,13.630000114440918,13.649999618530273,13.59000015258789,13.649999618530273,100805
2026-08-10 13:15:00,13.619999885559082,13.640000343322754,13.609999656677246,13.640000343322754,31155
2026-08-10 13:30:00,13.670000076293945,13.670000076293945,13.619999885559082,13.630000114440918,31744
2026-08-10 13:45:00,13.819999694824219,13.850000381469727,13.680000305175781,13.680000305175781,147406
2026-08-10 14:00:00,13.829999923706055,13.84000015258789,13.760000228881836,13.84000015258789,97097
2026-08-10 14:15:00,13.760000228881836,13.829999923706055,13.760000228881836,13.8100004196167,67820
2026-08-10 14:30:00,13.770000457763672,13.800000190734863,13.760000228881836,13.800000190734863,20986
2026-08-10 14:45:00,13.800000190734863,13.800000190734863,13.770000457763672,13.800000190734863,5426
2026-08-10 15:00:00,13.760000228881836,13.800000190734863,13.670000076293945,13.789999961853027,48670
2026-08-10 15:15:00,13.789999961853027,13.819999694824219,13.699999809265137,13.760000228881836,26099
2026-08-10 15:30:00,13.819999694824219,13.829999923706055,13.770000457763672,13.819999694824219,31543
2026-08-10 15:45:00,13.75,13.829999923706055,13.680000305175781,13.8100004196167,23444
2026-08-10 16:00:00,13.739999771118164,13.789999961853027,13.729999542236328,13.789999961853027,8840
2026-08-10 16:15:00,13.75,13.770000457763672,13.720000267028809,13.770000457763672,11020
2026-08-10 16:30:00,13.720000267028809,13.760000228881836,13.699999809265137,13.760000228881836,16281
2026-08-10 16:45:00,13.699999809265137,13.729999542236328,13.699999809265137,13.720000267028809,25711
2026-08-10 17:00:00,13.699999809265137,13.720000267028809,13.680000305175781,13.720000267028809,13296
2026-08-10 17:15:00,13.699999809265137,13.729999542236328,13.6899995803833,13.710000038146973,9448
2026-08-10 17:30:00,13.680000305175781,13.720000267028809,13.680000305175781,13.710000038146973,37565
2026-08-10 17:45:00,13.640000343322754,13.699999809265137,13.609999656677246,13.680000305175781,90246
2026-08-11 09:45:00,13.710000038146973,13.710000038146973,13.710000038146973,13.710000038146973,0
2026-08-11 10:00:00,13.550000190734863,13.6899995803833,13.529999732971191,13.6899995803833,80232
2026-08-11 10:15:00,13.470000267028809,13.5600004196167,13.460000038146973,13.5600004196167,45612
2026-08-11 10:30:00,13.529999732971191,13.529999732971191,13.449999809265137,13.479999542236328,84526
2026-08-11 10:45:00,13.520000457763672,13.529999732971191,13.489999771118164,13.529999732971191,9876
2026-08-11 11:00:00,13.510000228881836,13.529999732971191,13.489999771118164,13.520000457763672,5206
2026-08-11 11:15:00,13.520000457763672,13.520000457763672,13.489999771118164,13.510000228881836,13807
2026-08-11 11:30:00,13.59000015258789,13.59000015258789,13.510000228881836,13.520000457763672,42641
2026-08-11 11:45:00,13.579999923706055,13.630000114440918,13.40999984741211,13.59000015258789,74256
2026-08-11 12:00:00,13.539999961853027,13.579999923706055,13.539999961853027,13.579999923706055,22489
2026-08-11 12:15:00,13.539999961853027,13.5600004196167,13.529999732971191,13.539999961853027,5039
2026-08-11 12:30:00,13.539999961853027,13.579999923706055,13.539999961853027,13.550000190734863,13276
2026-08-11 12:45:00,13.5600004196167,13.5600004196167,13.520000457763672,13.539999961853027,14905
2026-08-11 13:00:00,13.609999656677246,13.640000343322754,13.5600004196167,13.5600004196167,69871
2026-08-11 13:15:00,13.550000190734863,13.600000381469727,13.550000190734863,13.600000381469727,18360
2026-08-11 13:30:00,13.539999961853027,13.579999923706055,13.539999961853027,13.569999694824219,22202
2026-08-11 13:45:00,13.600000381469727,13.65999984741211,13.539999961853027,13.579999923706055,98722
2026-08-11 14:00:00,13.600000381469727,13.640000343322754,13.550000190734863,13.619999885559082,75768
2026-08-11 14:15:00,13.5600004196167,13.600000381469727,13.539999961853027,13.59000015258789,20909
2026-08-11 14:30:00,13.5600004196167,13.579999923706055,13.550000190734863,13.5600004196167,9573
2026-08-11 14:45:00,13.5600004196167,13.619999885559082,13.539999961853027,13.569999694824219,177103
2026-08-11 15:00:00,13.619999885559082,13.649999618530273,13.579999923706055,13.579999923706055,26630
2026-08-11 15:15:00,13.65999984741211,13.65999984741211,13.609999656677246,13.630000114440918,60585
2026-08-11 15:30:00,13.609999656677246,13.65999984741211,13.59000015258789,13.65999984741211,39599
2026-08-11 15:45:00,13.630000114440918,13.640000343322754,13.609999656677246,13.609999656677246,12482
2026-08-11 16:00:00,13.649999618530273,13.65999984741211,13.59000015258789,13.640000343322754,108253
2026-08-11 16:15:00,13.65999984741211,13.65999984741211,13.609999656677246,13.65999984741211,38885
2026-08-11 16:30:00,13.600000381469727,13.65999984741211,13.600000381469727,13.65999984741211,14229
2026-08-11 16:45:00,13.539999961853027,13.630000114440918,13.539999961853027,13.609999656677246,153521
2026-08-11 17:00:00,13.539999961853027,13.5600004196167,13.529999732971191,13.5600004196167,41147
2026-08-11 17:15:00,13.529999732971191,13.5600004196167,13.529999732971191,13.539999961853027,18316
2026-08-11 17:30:00,13.5,13.550000190734863,13.5,13.539999961853027,36923
2026-08-11 17:45:00,13.489999771118164,13.520000457763672,13.4399995803833,13.5,97162
2026-08-12 09:45:00,13.510000228881836,13.510000228881836,13.510000228881836,13.510000228881836,0
2026-08-12 10:00:00,13.390000343322754,13.510000228881836,13.380000114440918,13.510000228881836,87529
2026-08-12 10:15:00,13.380000114440918,13.380000114440918,13.329999923706055,13.380000114440918,46855
2026-08-12 10:30:00,13.350000381469727,13.380000114440918,13.350000381469727,13.380000114440918,43167
2026-08-12 10:45:00,13.350000381469727,13.369999885559082,13.350000381469727,13.369999885559082,5853
2026-08-12 11:00:00,13.319999694824219,13.359999656677246,13.289999961853027,13.359999656677246,44824
2026-08-12 11:15:00,13.229999542236328,13.319999694824219,13.229999542236328,13.319999694824219,77689
2026-08-12 11:30:00,13.229999542236328,13.319999694824219,13.199999809265137,13.25,943680
2026-08-12 11:45:00,13.220000267028809,13.270000457763672,13.1899995803833,13.260000228881836,53251
2026-08-12 12:00:00,13.210000038146973,13.239999771118164,13.210000038146973,13.229999542236328,43963
2026-08-12 12:15:00,13.220000267028809,13.239999771118164,13.199999809265137,13.229999542236328,39423
2026-08-12 12:30:00,13.270000457763672,13.289999961853027,13.220000267028809,13.239999771118164,38340
2026-08-12 12:45:00,13.260000228881836,13.279999732971191,13.25,13.260000228881836,25927
2026-08-12 13:00:00,13.279999732971191,13.289999961853027,13.25,13.270000457763672,25729
2026-08-12 13:15:00,13.260000228881836,13.300000190734863,13.260000228881836,13.300000190734863,24628
2026-08-12 13:30:00,13.270000457763672,13.289999961853027,13.25,13.289999961853027,58135
2026-08-12 13:45:00,13.270000457763672,13.300000190734863,13.270000457763672,13.289999961853027,81323
2026-08-12 14:00:00,13.25,13.300000190734863,13.25,13.300000190734863,7551
2026-08-12 14:15:00,13.239999771118164,13.270000457763672,13.229999542236328,13.270000457763672,21364
2026-08-12 14:30:00,13.229999542236328,13.239999771118164,13.220000267028809,13.239999771118164,35341
2026-08-12 14:45:00,13.229999542236328,13.239999771118164,13.229999542236328,13.229999542236328,24878
2026-08-12 15:00:00,13.25,13.270000457763672,13.229999542236328,13.25,52927
2026-08-12 15:15:00,13.350000381469727,13.430000305175781,13.239999771118164,13.25,240494
2026-08-12 15:30:00,13.380000114440918,13.390000343322754,13.34000015258789,13.380000114440918,71283
2026-08-12 15:45:00,13.359999656677246,13.390000343322754,13.350000381469727,13.350000381469727,23593
2026-08-12 16:00:00,13.380000114440918,13.40999984741211,13.359999656677246,13.369999885559082,25653
2026-08-12 16:15:00,13.399999618530273,13.420000076293945,13.380000114440918,13.390000343322754,24618
2026-08-12 16:30:00,13.399999618530273,13.40999984741211,13.380000114440918,13.399999618530273,8804
2026-08-12 16:45:00,13.380000114440918,13.40999984741211,13.359999656677246,13.40999984741211,19271
2026-08-12 17:00:00,13.34000015258789,13.369999885559082,13.329999923706055,13.369999885559082,62460
2026-08-12 17:15:00,13.279999732971191,13.369999885559082,13.260000228881836,13.350000381469727,135339
2026-08-12 17:30:00,13.229999542236328,13.289999961853027,13.229999542236328,13.289999961853027,117637
2026-08-12 17:45:00,13.229999542236328,13.260000228881836,13.210000038146973,13.239999771118164,138655
2026-08-13 09:45:00,13.229999542236328,13.229999542236328,13.229999542236328,13.229999542236328,0
2026-08-13 10:00:00,13.369999885559082,13.460000038146973,13.270000457763672,13.279999732971191,128774
2026-08-13 10:15:00,13.479999542236328,13.5,13.34000015258789,13.369999885559082,196563
2026-08-13 10:30:00,13.460000038146973,13.5,13.460000038146973,13.479999542236328,37175
2026-08-13 10:45:00,13.430000305175781,13.5,13.430000305175781,13.470000267028809,54003
2026-08-13 11:00:00,13.430000305175781,13.4399995803833,13.390000343322754,13.430000305175781,22098
2026-08-13 11:15:00,13.399999618530273,13.430000305175781,13.399999618530273,13.420000076293945,32208
2026-08-13 11:30:00,13.399999618530273,13.40999984741211,13.390000343322754,13.40999984741211,6137
2026-08-13 11:45:00,13.40999984741211,13.4399995803833,13.399999618530273,13.40999984741211,60259
2026-08-13 12:00:00,13.399999618530273,13.40999984741211,13.399999618530273,13.40999984741211,16140
2026-08-13 12:15:00,13.470000267028809,13.489999771118164,13.399999618530273,13.40999984741211,40646
2026-08-13 12:30:00,13.460000038146973,13.479999542236328,13.460000038146973,13.470000267028809,15977
2026-08-13 12:45:00,13.479999542236328,13.479999542236328,13.460000038146973,13.470000267028809,9369
2026-08-13 13:00:00,13.449999809265137,13.479999542236328,13.449999809265137,13.479999542236328,18563
2026-08-13 13:15:00,13.4399995803833,13.470000267028809,13.430000305175781,13.470000267028809,12842
2026-08-13 13:30:00,13.460000038146973,13.460000038146973,13.4399995803833,13.460000038146973,7368
2026-08-13 13:45:00,13.460000038146973,13.470000267028809,13.40999984741211,13.460000038146973,60448
2026-08-13 14:00:00,13.460000038146973,13.479999542236328,13.449999809265137,13.460000038146973,30396
2026-08-13 14:15:00,13.489999771118164,13.569999694824219,13.460000038146973,13.479999542236328,127918
2026-08-13 14:30:00,13.510000228881836,13.520000457763672,13.5,13.5,20735
2026-08-13 14:45:00,13.550000190734863,13.550000190734863,13.510000228881836,13.520000457763672,18756
2026-08-13 15:00:00,13.550000190734863,13.5600004196167,13.529999732971191,13.550000190734863,52328
2026-08-13 15:15:00,13.539999961853027,13.5600004196167,13.520000457763672,13.550000190734863,63950
2026-08-13 15:30:00,13.539999961853027,13.5600004196167,13.539999961853027,13.550000190734863,3968
2026-08-13 15:45:00,13.59000015258789,13.600000381469727,13.539999961853027,13.550000190734863,51046
2026-08-13 16:00:00,13.65999984741211,13.65999984741211,13.600000381469727,13.600000381469727,90426
2026-08-13 16:15:00,13.609999656677246,13.65999984741211,13.579999923706055,13.65999984741211,15752
2026-08-13 16:30:00,13.449999809265137,13.630000114440918,13.449999809265137,13.609999656677246,218248
2026-08-13 16:45:00,13.380000114440918,13.470000267028809,13.380000114440918,13.470000267028809,97691
2026-08-13 17:00:00,13.399999618530273,13.420000076293945,13.390000343322754,13.399999618530273,41958
2026-08-13 17:15:00,13.329999923706055,13.420000076293945,13.319999694824219,13.420000076293945,203379
2026-08-13 17:30:00,13.300000190734863,13.369999885559082,13.289999961853027,13.329999923706055,272013
2026-08-13 17:45:00,13.279999732971191,13.319999694824219,13.25,13.319999694824219,186411
2026-08-14 09:45:00,13.4399995803833,13.4399995803833,13.4399995803833,13.4399995803833,0
2026-08-14 10:00:00,13.359999656677246,13.470000267028809,13.300000190734863,13.399999618530273,211340
2026-08-14 10:15:00,13.34000015258789,13.380000114440918,13.329999923706055,13.359999656677246,79543
2026-08-14 10:30:00,13.350000381469727,13.350000381469727,13.300000190734863,13.329999923706055,44171
2026-08-14 10:45:00,13.329999923706055,13.359999656677246,13.329999923706055,13.350000381469727,11303
2026-08-14 11:00:00,13.3100004196167,13.350000381469727,13.289999961853027,13.350000381469727,60556
2026-08-14 11:15:00,13.289999961853027,13.3100004196167,13.270000457763672,13.300000190734863,53813
2026-08-14 11:30:00,13.300000190734863,13.3100004196167,13.270000457763672,13.289999961853027,88966
2026-08-14 11:45:00,13.300000190734863,13.319999694824219,13.289999961853027,13.300000190734863,14422
2026-08-14 12:00:00,13.300000190734863,13.319999694824219,13.289999961853027,13.3100004196167,11733
2026-08-14 12:15:00,13.3100004196167,13.319999694824219,13.279999732971191,13.319999694824219,37659
2026-08-14 12:30:00,13.329999923706055,13.34000015258789,13.3100004196167,13.3100004196167,13675
2026-08-14 12:45:00,13.350000381469727,13.350000381469727,13.3100004196167,13.329999923706055,30267
2026-08-14 13:00:00,13.329999923706055,13.380000114440918,13.319999694824219,13.359999656677246,23109
2026-08-14 13:15:00,13.34000015258789,13.350000381469727,13.329999923706055,13.34000015258789,10134
2026-08-14 13:30:00,13.319999694824219,13.34000015258789,13.319999694824219,13.34000015258789,2898
2026-08-14 13:45:00,13.369999885559082,13.380000114440918,13.329999923706055,13.329999923706055,29902
2026-08-14 14:00:00,13.369999885559082,13.380000114440918,13.350000381469727,13.369999885559082,8993
2026-08-14 14:15:00,13.369999885559082,13.399999618530273,13.350000381469727,13.380000114440918,52380
2026-08-14 14:30:00,13.369999885559082,13.390000343322754,13.350000381469727,13.390000343322754,26794
2026-08-14 14:45:00,13.380000114440918,13.380000114440918,13.34000015258789,13.369999885559082,14839
2026-08-14 15:00:00,13.329999923706055,13.380000114440918,13.329999923706055,13.380000114440918,55308
2026-08-14 15:15:00,13.3100004196167,13.350000381469727,13.279999732971191,13.350000381469727,63969
2026-08-14 15:30:00,13.350000381469727,13.369999885559082,13.319999694824219,13.319999694824219,55660
2026-08-14 15:45:00,13.350000381469727,13.369999885559082,13.350000381469727,13.369999885559082,7058
2026-08-14 16:00:00,13.359999656677246,13.369999885559082,13.34000015258789,13.359999656677246,17855
2026-08-14 16:15:00,13.359999656677246,13.359999656677246,13.34000015258789,13.359999656677246,13463
2026-08-14 16:30:00,13.319999694824219,13.359999656677246,13.319999694824219,13.359999656677246,39258
2026-08-14 16:45:00,13.319999694824219,13.350000381469727,13.300000190734863,13.350000381469727,47938
2026-08-14 17:00:00,13.3100004196167,13.34000015258789,13.289999961853027,13.329999923706055,52304
2026-08-14 17:15:00,13.279999732971191,13.319999694824219,13.279999732971191,13.3100004196167,62540
2026-08-14 17:30:00,13.239999771118164,13.300000190734863,13.229999542236328,13.300000190734863,85481
2026-08-14 17:45:00,13.210000038146973,13.260000228881836,13.199999809265137,13.25,138058
2026-08-17 09:45:00,12.869999885559082,12.869999885559082,12.869999885559082,12.869999885559082,0
2026-08-17 10:00:00,13.220000267028809,13.229999542236328,12.890000343322754,12.890000343322754,188750
2026-08-17 10:15:00,13.109999656677246,13.229999542236328,13.109999656677246,13.220000267028809,99038
2026-08-17 10:30:00,13.079999923706055,13.109999656677246,13.039999961853027,13.109999656677246,84451
2026-08-17 10:45:00,13.0600004196167,13.09000015258789,13.039999961853027,13.079999923706055,58084
2026-08-17 11:00:00,12.989999771118164,13.0600004196167,12.979999542236328,13.050000190734863,93953
2026-08-17 11:15:00,13.010000228881836,13.010000228881836,12.949999809265137,12.989999771118164,88039
2026-08-17 11:30:00,12.989999771118164,13.010000228881836,12.979999542236328,13.010000228881836,22476
2026-08-17 11:45:00,12.989999771118164,13.020000457763672,12.960000038146973,12.989999771118164,52340
2026-08-17 12:00:00,12.989999771118164,13.010000228881836,12.989999771118164,12.989999771118164,7636
2026-08-17 12:15:00,12.989999771118164,13.0,12.989999771118164,12.989999771118164,15106
2026-08-17 12:30:00,13.0,13.010000228881836,12.989999771118164,12.989999771118164,4764
2026-08-17 12:45:00,12.979999542236328,12.989999771118164,12.970000267028809,12.979999542236328,16438
2026-08-17 13:00:00,12.970000267028809,12.989999771118164,12.949999809265137,12.979999542236328,46990
2026-08-17 13:15:00,12.989999771118164,13.0,12.960000038146973,12.960000038146973,64000
2026-08-17 13:30:00,12.970000267028809,13.0,12.970000267028809,12.989999771118164,40757
2026-08-17 13:45:00,12.970000267028809,12.979999542236328,12.960000038146973,12.970000267028809,26744
2026-08-17 14:00:00,12.960000038146973,12.970000267028809,12.949999809265137,12.970000267028809,21724
2026-08-17 14:15:00,12.949999809265137,12.960000038146973,12.9399995803833,12.960000038146973,40970
2026-08-17 14:30:00,12.960000038146973,12.970000267028809,12.9399995803833,12.960000038146973,9606
2026-08-17 14:45:00,12.970000267028809,12.970000267028809,12.949999809265137,12.960000038146973,5650
2026-08-17 15:00:00,12.960000038146973,12.970000267028809,12.949999809265137,12.970000267028809,21782
2026-08-17 15:15:00,12.970000267028809,13.010000228881836,12.949999809265137,12.960000038146973,79193
2026-08-17 15:30:00,12.9399995803833,12.979999542236328,12.930000305175781,12.970000267028809,51547
2026-08-17 15:45:00,12.9399995803833,12.9399995803833,12.930000305175781,12.9399995803833,39743
2026-08-17 16:00:00,12.9399995803833,12.9399995803833,12.920000076293945,12.9399995803833,40807
2026-08-17 16:15:00,12.930000305175781,12.9399995803833,12.90999984741211,12.9399995803833,73515
2026-08-17 16:30:00,12.9399995803833,12.949999809265137,12.920000076293945,12.9399995803833,6702
2026-08-17 16:45:00,12.949999809265137,12.949999809265137,12.930000305175781,12.9399995803833,19760
2026-08-17 17:00:00,12.960000038146973,12.970000267028809,12.9399995803833,12.960000038146973,21892
2026-08-17 17:15:00,12.989999771118164,13.0,12.949999809265137,12.960000038146973,107017
2026-08-17 17:30:00,12.960000038146973,13.010000228881836,12.960000038146973,12.989999771118164,39427
2026-08-17 17:45:00,12.979999542236328,12.989999771118164,12.960000038146973,12.960000038146973,55573
2026-08-18 09:45:00,13.0600004196167,13.0600004196167,13.0600004196167,13.0600004196167,0
2026-08-18 10:00:00,13.09000015258789,13.149999618530273,13.0,13.029999732971191,149141
2026-08-18 10:15:00,13.029999732971191,13.09000015258789,13.0,13.09000015258789,43055
2026-08-18 10:30:00,13.029999732971191,13.0600004196167,13.029999732971191,13.039999961853027,15925
2026-08-18 10:45:00,13.039999961853027,13.039999961853027,13.010000228881836,13.029999732971191,15463
2026-08-18 11:00:00,13.039999961853027,13.0600004196167,13.039999961853027,13.039999961853027,38392
2026-08-18 11:15:00,13.020000457763672,13.050000190734863,13.0,13.050000190734863,85482
2026-08-18 11:30:00,13.010000228881836,13.029999732971191,13.010000228881836,13.020000457763672,9346
2026-08-18 11:45:00,12.989999771118164,13.020000457763672,12.970000267028809,13.010000228881836,23426
2026-08-18 12:00:00,12.970000267028809,13.010000228881836,12.960000038146973,13.0,31351
2026-08-18 12:15:00,12.949999809265137,12.979999542236328,12.949999809265137,12.960000038146973,30536
2026-08-18 12:30:00,12.960000038146973,12.960000038146973,12.960000038146973,12.960000038146973,3079
2026-08-18 12:45:00,12.979999542236328,12.979999542236328,12.960000038146973,12.970000267028809,13526
2026-08-18 13:00:00,12.970000267028809,12.979999542236328,12.9399995803833,12.960000038146973,40865
2026-08-18 13:15:00,12.979999542236328,12.979999542236328,12.960000038146973,12.960000038146973,14557
2026-08-18 13:30:00,12.979999542236328,13.010000228881836,12.970000267028809,12.970000267028809,38795
2026-08-18 13:45:00,12.989999771118164,12.989999771118164,12.979999542236328,12.989999771118164,6958
2026-08-18 14:00:00,12.979999542236328,13.0,12.979999542236328,12.989999771118164,20136
2026-08-18 14:15:00,12.979999542236328,13.0,12.979999542236328,12.989999771118164,21905
2026-08-18 14:30:00,13.010000228881836,13.010000228881836,12.949999809265137,12.970000267028809,265114
2026-08-18 14:45:00,13.0,13.010000228881836,13.0,13.010000228881836,5920
2026-08-18 15:00:00,13.0,13.010000228881836,12.989999771118164,12.989999771118164,16211
2026-08-18 15:15:00,13.0,13.0,12.979999542236328,12.979999542236328,9055
2026-08-18 15:30:00,13.0,13.0,12.979999542236328,12.989999771118164,4844
2026-08-18 15:45:00,13.020000457763672,13.039999961853027,13.0,13.0,119441
2026-08-18 16:00:00,13.020000457763672,13.069999694824219,13.020000457763672,13.029999732971191,80075
2026-08-18 16:15:00,12.989999771118164,13.039999961853027,12.989999771118164,13.020000457763672,28065
2026-08-18 16:30:00,13.0,13.0,12.989999771118164,13.0,19933
2026-08-18 16:45:00,13.020000457763672,13.029999732971191,12.989999771118164,13.0,16007
2026-08-18 17:00:00,13.0600004196167,13.0600004196167,13.0,13.020000457763672,28053
2026-08-18 17:15:00,13.010000228881836,13.0600004196167,13.0,13.050000190734863,55947
2026-08-18 17:30:00,13.0,13.029999732971191,12.989999771118164,13.020000457763672,41917
2026-08-18 17:45:00,12.970000267028809,13.0600004196167,12.970000267028809,13.0,173409
2026-08-19 09:45:00,13.109999656677246,13.109999656677246,13.109999656677246,13.109999656677246,0
2026-08-19 10:00:00,13.0600004196167,13.15999984741211,13.020000457763672,13.029999732971191,93126
2026-08-19 10:15:00,13.020000457763672,13.069999694824219,13.010000228881836,13.0600004196167,28171
2026-08-19 10:30:00,13.039999961853027,13.0600004196167,13.010000228881836,13.029999732971191,28960
2026-08-19 10:45:00,13.039999961853027,13.0600004196167,13.020000457763672,13.0600004196167,12525
