Datetime,Close,High,Low,Open,Volume
2026-06-01 09:45:00,3.8299999237060547,3.8299999237060547,3.8299999237060547,3.8299999237060547,0
2026-06-01 10:00:00,3.890000104904175,3.9100000858306885,3.819999933242798,3.8399999141693115,22100969
2026-06-01 10:15:00,4.03000020980835,4.050000190734863,3.880000114440918,3.890000104904175,20212054
2026-06-01 10:30:00,4.070000171661377,4.119999885559082,4.010000228881836,4.03000020980835,20522344
2026-06-01 10:45:00,4.050000190734863,4.110000133514404,4.050000190734863,4.079999923706055,10326120
2026-06-01 11:00:00,4.03000020980835,4.070000171661377,3.9600000381469727,4.050000190734863,10554542
2026-06-01 11:15:00,4.0,4.03000020980835,3.990000009536743,4.019999980926514,3846644
2026-06-01 11:30:00,4.010000228881836,4.019999980926514,3.990000009536743,4.010000228881836,2953582
2026-06-01 11:45:00,4.0,4.010000228881836,3.990000009536743,4.0,2354251
2026-06-01 12:00:00,4.0,4.019999980926514,4.0,4.010000228881836,3448561
2026-06-01 12:15:00,4.0,4.010000228881836,4.0,4.010000228881836,824973
2026-06-01 12:30:00,4.019999980926514,4.03000020980835,4.0,4.010000228881836,2783117
2026-06-01 12:45:00,4.0,4.03000020980835,4.0,4.019999980926514,3252903
2026-06-01 13:00:00,4.0,4.010000228881836,3.9700000286102295,4.010000228881836,3666291
2026-06-01 13:15:00,4.010000228881836,4.019999980926514,4.0,4.010000228881836,1696005
2026-06-01 13:30:00,4.050000190734863,4.050000190734863,4.0,4.010000228881836,4057058
2026-06-01 13:45:00,4.070000171661377,4.119999885559082,4.039999961853027,4.050000190734863,14822408
2026-06-01 14:00:00,4.079999923706055,4.099999904632568,4.059999942779541,4.070000171661377,4044952
2026-06-01 14:15:00,4.070000171661377,4.099999904632568,4.070000171661377,4.090000152587891,4517450
2026-06-01 14:30:00,4.090000152587891,4.090000152587891,4.059999942779541,4.079999923706055,1954780
2026-06-01 14:45:00,4.059999942779541,4.090000152587891,4.059999942779541,4.090000152587891,3328837
2026-06-01 15:00:00,4.050000190734863,4.070000171661377,4.039999961853027,4.059999942779541,2162358
2026-06-01 15:15:00,4.050000190734863,4.059999942779541,4.03000020980835,4.050000190734863,1865484
2026-06-01 15:30:00,4.050000190734863,4.059999942779541,4.039999961853027,4.050000190734863,1255036
2026-06-01 15:45:00,4.059999942779541,4.059999942779541,4.039999961853027,4.050000190734863,1405236
2026-06-01 16:00:00,4.019999980926514,4.070000171661377,4.010000228881836,4.059999942779541,3707106
2026-06-01 16:15:00,4.0,4.059999942779541,3.990000009536743,4.019999980926514,9942910
2026-06-01 16:30:00,3.9800000190734863,4.0,3.9600000381469727,3.990000009536743,9376090
2026-06-01 16:45:00,3.9100000858306885,4.0,3.9000000953674316,3.9800000190734863,7770783
2026-06-01 17:00:00,4.0,4.0,3.9100000858306885,3.9100000858306885,5928249
2026-06-01 17:15:00,4.039999961853027,4.050000190734863,3.990000009536743,4.0,6745885
2026-06-01 17:30:00,4.039999961853027,4.059999942779541,4.03000020980835,4.039999961853027,4087348
2026-06-01 17:45:00,4.0,4.059999942779541,3.9800000190734863,4.039999961853027,7436112
2026-06-02 09:45:00,4.039999961853027,4.039999961853027,4.039999961853027,4.039999961853027,0
2026-06-02 10:00:00,4.03000020980835,4.110000133514404,4.03000020980835,4.050000190734863,11944150
2026-06-02 10:15:00,4.03000020980835,4.039999961853027,4.0,4.03000020980835,5022179
2026-06-02 10:30:00,4.119999885559082,4.139999866485596,4.03000020980835,4.03000020980835,11301753
2026-06-02 10:45:00,4.090000152587891,4.119999885559082,4.079999923706055,4.119999885559082,3613573
2026-06-02 11:00:00,4.070000171661377,4.110000133514404,4.070000171661377,4.079999923706055,4003989
2026-06-02 11:15:00,4.019999980926514,4.079999923706055,4.010000228881836,4.070000171661377,6376172
2026-06-02 11:30:00,3.990000009536743,4.03000020980835,3.9800000190734863,4.019999980926514,5160648
2026-06-02 11:45:00,4.0,4.010000228881836,3.9800000190734863,3.990000009536743,3342362
2026-06-02 12:00:00,4.010000228881836,4.03000020980835,3.990000009536743,4.0,2763670
2026-06-02 12:15:00,4.0,4.019999980926514,3.990000009536743,4.010000228881836,2070644
2026-06-02 12:30:00,3.9800000190734863,4.019999980926514,3.9700000286102295,3.990000009536743,5751466
2026-06-02 12:45:00,4.050000190734863,4.070000171661377,3.9700000286102295,3.9800000190734863,7342537
2026-06-02 13:00:00,4.059999942779541,4.059999942779541,4.050000190734863,4.059999942779541,1341271
2026-06-02 13:15:00,4.059999942779541,4.079999923706055,4.059999942779541,4.059999942779541,1934446
2026-06-02 13:30:00,4.070000171661377,4.079999923706055,4.059999942779541,4.059999942779541,1710716
2026-06-02 13:45:00,4.070000171661377,4.090000152587891,4.059999942779541,4.070000171661377,3235183
2026-06-02 14:00:00,4.070000171661377,4.079999923706055,4.059999942779541,4.070000171661377,1201082
2026-06-02 14:15:00,4.190000057220459,4.190000057220459,4.070000171661377,4.079999923706055,16162100
2026-06-02 14:30:00,4.210000038146973,4.260000228881836,4.170000076293945,4.190000057220459,29143083
2026-06-02 14:45:00,4.150000095367432,4.239999771118164,4.139999866485596,4.21999979019165,11339619
2026-06-02 15:00:00,4.139999866485596,4.179999828338623,4.139999866485596,4.150000095367432,7668665
2026-06-02 15:15:00,4.059999942779541,4.159999847412109,4.03000020980835,4.139999866485596,19989807
2026-06-02 15:30:00,4.070000171661377,4.070000171661377,4.019999980926514,4.059999942779541,13831435
2026-06-02 15:45:00,4.139999866485596,4.150000095367432,4.059999942779541,4.070000171661377,11875514
2026-06-02 16:00:00,4.099999904632568,4.170000076293945,4.079999923706055,4.139999866485596,8332493
2026-06-02 16:15:00,4.130000114440918,4.130000114440918,4.050000190734863,4.099999904632568,11150982
2026-06-02 16:30:00,4.230000019073486,4.260000228881836,4.119999885559082,4.119999885559082,22709767
2026-06-02 16:45:00,4.25,4.289999961853027,4.199999809265137,4.230000019073486,12184735
2026-06-02 17:00:00,4.28000020980835,4.309999942779541,4.230000019073486,4.260000228881836,22374667
2026-06-02 17:15:00,4.28000020980835,4.309999942779541,4.25,4.28000020980835,15031497
2026-06-02 17:30:00,4.300000190734863,4.309999942779541,4.230000019073486,4.28000020980835,13267878
2026-06-02 17:45:00,4.239999771118164,4.329999923706055,4.21999979019165,4.300000190734863,13097055
2026-06-03 09:45:00,4.269999980926514,4.269999980926514,4.269999980926514,4.269999980926514,0
2026-06-03 10:00:00,4.440000057220459,4.449999809265137,4.260000228881836,4.260000228881836,34471095
2026-06-03 10:15:00,4.510000228881836,4.650000095367432,4.420000076293945,4.440000057220459,34081678
2026-06-03 10:30:00,4.460000038146973,4.519999980926514,4.440000057220459,4.5,10598316
2026-06-03 10:45:00,4.440000057220459,4.460000038146973,4.429999828338623,4.449999809265137,4682620
2026-06-03 11:00:00,4.420000076293945,4.46999979019165,4.389999866485596,4.440000057220459,5207949
2026-06-03 11:15:00,4.489999771118164,4.510000228881836,4.420000076293945,4.420000076293945,7526835
2026-06-03 11:30:00,4.46999979019165,4.5,4.460000038146973,4.5,2538339
2026-06-03 11:45:00,4.46999979019165,4.480000019073486,4.449999809265137,4.46999979019165,2632196
2026-06-03 12:00:00,4.550000190734863,4.579999923706055,4.46999979019165,4.46999979019165,7534421
2026-06-03 12:15:00,4.559999942779541,4.590000152587891,4.539999961853027,4.550000190734863,4750398
2026-06-03 12:30:00,4.590000152587891,4.610000133514404,4.550000190734863,4.570000171661377,6782514
2026-06-03 12:45:00,4.579999923706055,4.610000133514404,4.570000171661377,4.599999904632568,4886204
2026-06-03 13:00:00,4.570000171661377,4.599999904632568,4.559999942779541,4.579999923706055,4414106
2026-06-03 13:15:00,4.590000152587891,4.590000152587891,4.550000190734863,4.559999942779541,2605577
2026-06-03 13:30:00,4.610000133514404,4.639999866485596,4.579999923706055,4.590000152587891,8757154
2026-06-03 13:45:00,4.610000133514404,4.639999866485596,4.599999904632568,4.619999885559082,5128596
2026-06-03 14:00:00,4.570000171661377,4.619999885559082,4.550000190734863,4.610000133514404,3342234
2026-06-03 14:15:00,4.550000190734863,4.570000171661377,4.550000190734863,4.570000171661377,972812
2026-06-03 14:30:00,4.610000133514404,4.610000133514404,4.550000190734863,4.550000190734863,3178746
2026-06-03 14:45:00,4.590000152587891,4.619999885559082,4.590000152587891,4.610000133514404,2723258
2026-06-03 15:00:00,4.650000095367432,4.679999828338623,4.590000152587891,4.590000152587891,33064497
2026-06-03 15:15:00,4.630000114440918,4.679999828338623,4.610000133514404,4.659999847412109,23782735
2026-06-03 15:30:00,4.610000133514404,4.619999885559082,4.599999904632568,4.619999885559082,3649243
2026-06-03 15:45:00,4.619999885559082,4.630000114440918,4.599999904632568,4.619999885559082,2516426
2026-06-03 16:00:00,4.610000133514404,4.619999885559082,4.590000152587891,4.610000133514404,3929267
2026-06-03 16:15:00,4.610000133514404,4.630000114440918,4.570000171661377,4.599999904632568,5155963
2026-06-03 16:30:00,4.559999942779541,4.619999885559082,4.550000190734863,4.619999885559082,3695501
2026-06-03 16:45:00,4.53000020980835,4.570000171661377,4.510000228881836,4.559999942779541,4994296
2026-06-03 17:00:00,4.539999961853027,4.550000190734863,4.519999980926514,4.519999980926514,4116862
2026-06-03 17:15:00,4.53000020980835,4.550000190734863,4.519999980926514,4.539999961853027,2474377
2026-06-03 17:30:00,4.519999980926514,4.539999961853027,4.5,4.519999980926514,5204944
2026-06-03 17:45:00,4.5,4.559999942779541,4.480000019073486,4.519999980926514,9317348
2026-06-04 09:45:00,4.639999866485596,4.639999866485596,4.639999866485596,4.639999866485596,0
2026-06-04 10:00:00,4.599999904632568,4.710000038146973,4.579999923706055,4.639999866485596,23316962
2026-06-04 10:15:00,4.480000019073486,4.599999904632568,4.46999979019165,4.590000152587891,12609235
2026-06-04 10:30:00,4.460000038146973,4.510000228881836,4.440000057220459,4.489999771118164,10349547
2026-06-04 10:45:00,4.400000095367432,4.460000038146973,4.400000095367432,4.449999809265137,3904529
2026-06-04 11:00:00,4.269999980926514,4.400000095367432,4.210000038146973,4.400000095367432,27251187
2026-06-04 11:15:00,4.179999828338623,4.269999980926514,4.179999828338623,4.269999980926514,7809282
2026-06-04 11:30:00,4.269999980926514,4.300000190734863,4.110000133514404,4.150000095367432,23732508
2026-06-04 11:45:00,4.300000190734863,4.329999923706055,4.25,4.269999980926514,10032219
2026-06-04 12:00:00,4.260000228881836,4.340000152587891,4.260000228881836,4.289999961853027,7789063
2026-06-04 12:15:00,4.300000190734863,4.340000152587891,4.25,4.260000228881836,5348370
2026-06-04 12:30:00,4.349999904632568,4.380000114440918,4.289999961853027,4.300000190734863,8423508
2026-06-04 12:45:00,4.329999923706055,4.389999866485596,4.329999923706055,4.349999904632568,4168418
2026-06-04 13:00:00,4.28000020980835,4.349999904632568,4.269999980926514,4.329999923706055,5779673
2026-06-04 13:15:00,4.28000020980835,4.309999942779541,4.260000228881836,4.28000020980835,2811408
2026-06-04 13:30:00,4.269999980926514,4.320000171661377,4.260000228881836,4.269999980926514,2801616
2026-06-04 13:45:00,4.269999980926514,4.300000190734863,4.260000228881836,4.28000020980835,1504489
2026-06-04 14:00:00,4.269999980926514,4.28000020980835,4.25,4.269999980926514,1288142
2026-06-04 14:15:00,4.260000228881836,4.28000020980835,4.25,4.269999980926514,1860788
2026-06-04 14:30:00,4.269999980926514,4.289999961853027,4.239999771118164,4.269999980926514,2251589
2026-06-04 14:45:00,4.360000133514404,4.360000133514404,4.269999980926514,4.269999980926514,4406262
2026-06-04 15:00:00,4.309999942779541,4.360000133514404,4.300000190734863,4.360000133514404,4360303
2026-06-04 15:15:00,4.309999942779541,4.320000171661377,4.289999961853027,4.309999942779541,1338983
2026-06-04 15:30:00,4.340000152587891,4.369999885559082,4.300000190734863,4.309999942779541,3289207
2026-06-04 15:45:00,4.340000152587891,4.360000133514404,4.28000020980835,4.349999904632568,7268366
2026-06-04 16:00:00,4.269999980926514,4.329999923706055,4.25,4.329999923706055,6948891
2026-06-04 16:15:00,4.25,4.269999980926514,4.239999771118164,4.269999980926514,2613263
2026-06-04 16:30:00,4.260000228881836,4.269999980926514,4.230000019073486,4.260000228881836,3805066
2026-06-04 16:45:00,4.260000228881836,4.269999980926514,4.239999771118164,4.25,2749041
2026-06-04 17:00:00,4.230000019073486,4.260000228881836,4.190000057220459,4.25,6410310
2026-06-04 17:15:00,4.190000057220459,4.230000019073486,4.179999828338623,4.21999979019165,2840045
2026-06-04 17:30:00,4.190000057220459,4.21999979019165,4.179999828338623,4.190000057220459,3150125
2026-06-04 17:45:00,4.210000038146973,4.21999979019165,4.179999828338623,4.199999809265137,4292800
2026-06-05 09:45:00,4.21999979019165,4.21999979019165,4.21999979019165,4.21999979019165,0
2026-06-05 10:00:00,4.199999809265137,4.269999980926514,4.179999828338623,4.21999979019165,7853845
2026-06-05 10:15:00,4.230000019073486,4.239999771118164,4.170000076293945,4.190000057220459,5482541
2026-06-05 10:30:00,4.239999771118164,4.289999961853027,4.21999979019165,4.21999979019165,5142622
2026-06-05 10:45:00,4.25,4.289999961853027,4.230000019073486,4.239999771118164,3032398
2026-06-05 11:00:00,4.320000171661377,4.320000171661377,4.21999979019165,4.25,4294401
2026-06-05 11:15:00,4.269999980926514,4.329999923706055,4.260000228881836,4.320000171661377,6963788
2026-06-05 11:30:00,4.28000020980835,4.329999923706055,4.269999980926514,4.28000020980835,6943854
2026-06-05 11:45:00,4.269999980926514,4.289999961853027,4.260000228881836,4.28000020980835,2680941
2026-06-05 12:00:00,4.269999980926514,4.289999961853027,4.260000228881836,4.260000228881836,1772095
2026-06-05 12:15:00,4.269999980926514,4.309999942779541,4.25,4.28000020980835,3026573
2026-06-05 12:30:00,4.269999980926514,4.269999980926514,4.25,4.269999980926514,1296624
2026-06-05 12:45:00,4.260000228881836,4.28000020980835,4.260000228881836,4.269999980926514,1518665
2026-06-05 13:00:00,4.260000228881836,4.269999980926514,4.260000228881836,4.269999980926514,613504
2026-06-05 13:15:00,4.25,4.269999980926514,4.25,4.260000228881836,1313694
2026-06-05 13:30:00,4.260000228881836,4.269999980926514,4.25,4.260000228881836,1111352
2026-06-05 13:45:00,4.25,4.260000228881836,4.239999771118164,4.25,1027075
2026-06-05 14:00:00,4.25,4.28000020980835,4.25,4.25,1328192
2026-06-05 14:15:00,4.260000228881836,4.289999961853027,4.25,4.25,2334622
2026-06-05 14:30:00,4.239999771118164,4.28000020980835,4.21999979019165,4.260000228881836,2045658
2026-06-05 14:45:00,4.239999771118164,4.260000228881836,4.21999979019165,4.25,3034815
2026-06-05 15:00:00,4.269999980926514,4.329999923706055,4.239999771118164,4.239999771118164,7254970
2026-06-05 15:15:00,4.420000076293945,4.420000076293945,4.260000228881836,4.28000020980835,15500867
2026-06-05 15:30:00,4.360000133514404,4.449999809265137,4.349999904632568,4.420000076293945,9655540
2026-06-05 15:45:00,4.320000171661377,4.380000114440918,4.320000171661377,4.360000133514404,4881519
2026-06-05 16:00:00,4.289999961853027,4.329999923706055,4.269999980926514,4.329999923706055,5398810
2026-06-05 16:15:00,4.309999942779541,4.309999942779541,4.28000020980835,4.289999961853027,3289058
2026-06-05 16:30:00,4.28000020980835,4.320000171661377,4.28000020980835,4.300000190734863,1566343
2026-06-05 16:45:00,4.289999961853027,4.300000190734863,4.28000020980835,4.289999961853027,1716810
2026-06-05 17:00:00,4.300000190734863,4.309999942779541,4.28000020980835,4.289999961853027,2948814
2026-06-05 17:15:00,4.269999980926514,4.300000190734863,4.25,4.289999961853027,2287129
2026-06-05 17:30:00,4.25,4.269999980926514,4.239999771118164,4.260000228881836,3185513
2026-06-05 17:45:00,4.21999979019165,4.260000228881836,4.210000038146973,4.239999771118164,5645407
2026-06-08 09:45:00,4.199999809265137,4.199999809265137,4.199999809265137,4.199999809265137,0
2026-06-08 10:00:00,4.210000038146973,4.210000038146973,4.110000133514404,4.199999809265137,6839412
2026-06-08 10:15:00,4.150000095367432,4.21999979019165,4.119999885559082,4.210000038146973,4795114
2026-06-08 10:30:00,4.110000133514404,4.150000095367432,4.090000152587891,4.150000095367432,6820902
2026-06-08 10:45:00,4.130000114440918,4.139999866485596,4.090000152587891,4.110000133514404,4695714
2026-06-08 11:00:00,4.119999885559082,4.150000095367432,4.099999904632568,4.119999885559082,3232369
2026-06-08 11:15:00,4.119999885559082,4.130000114440918,4.099999904632568,4.110000133514404,1646596
2026-06-08 11:30:00,4.119999885559082,4.130000114440918,4.110000133514404,4.130000114440918,1204152
2026-06-08 11:45:00,4.130000114440918,4.130000114440918,4.099999904632568,4.119999885559082,2313851
2026-06-08 12:00:00,4.079999923706055,4.139999866485596,4.070000171661377,4.130000114440918,2421295
2026-06-08 12:15:00,4.079999923706055,4.090000152587891,4.050000190734863,4.079999923706055,4042130
2026-06-08 12:30:00,4.070000171661377,4.079999923706055,4.050000190734863,4.070000171661377,2519425
2026-06-08 12:45:00,4.070000171661377,4.070000171661377,4.039999961853027,4.059999942779541,1072090
2026-06-08 13:00:00,4.079999923706055,4.090000152587891,4.059999942779541,4.070000171661377,1381465
2026-06-08 13:15:00,4.119999885559082,4.130000114440918,4.070000171661377,4.079999923706055,2596548
2026-06-08 13:30:00,4.099999904632568,4.119999885559082,4.079999923706055,4.110000133514404,1402759
2026-06-08 13:45:00,4.099999904632568,4.099999904632568,4.090000152587891,4.099999904632568,544811
2026-06-08 14:00:00,4.110000133514404,4.110000133514404,4.079999923706055,4.099999904632568,1215142
2026-06-08 14:15:00,4.099999904632568,4.110000133514404,4.090000152587891,4.110000133514404,1623512
2026-06-08 14:30:00,4.110000133514404,4.119999885559082,4.099999904632568,4.110000133514404,1648800
2026-06-08 14:45:00,4.090000152587891,4.110000133514404,4.090000152587891,4.110000133514404,1915632
2026-06-08 15:00:00,4.099999904632568,4.110000133514404,4.090000152587891,4.099999904632568,1272445
2026-06-08 15:15:00,4.079999923706055,4.099999904632568,4.079999923706055,4.099999904632568,1668239
2026-06-08 15:30:00,4.079999923706055,4.090000152587891,4.070000171661377,4.079999923706055,1935883
2026-06-08 15:45:00,4.099999904632568,4.099999904632568,4.070000171661377,4.079999923706055,1502164
2026-06-08 16:00:00,4.059999942779541,4.099999904632568,4.059999942779541,4.099999904632568,1193631
2026-06-08 16:15:00,4.050000190734863,4.079999923706055,4.050000190734863,4.070000171661377,3253217
2026-06-08 16:30:00,4.039999961853027,4.070000171661377,4.03000020980835,4.050000190734863,4982889
2026-06-08 16:45:00,4.039999961853027,4.050000190734863,4.019999980926514,4.03000020980835,3403080
2026-06-08 17:00:00,4.059999942779541,4.059999942779541,4.03000020980835,4.039999961853027,1206526
2026-06-08 17:15:00,4.050000190734863,4.059999942779541,4.03000020980835,4.059999942779541,1970329
2026-06-08 17:30:00,4.059999942779541,4.059999942779541,4.03000020980835,4.039999961853027,3404685
2026-06-08 17:45:00,4.039999961853027,4.059999942779541,4.03000020980835,4.059999942779541,5013081
2026-06-09 09:45:00,4.03000020980835,4.03000020980835,4.03000020980835,4.03000020980835,0
2026-06-09 10:00:00,4.039999961853027,4.070000171661377,3.990000009536743,4.019999980926514,8127285
2026-06-09 10:15:00,4.050000190734863,4.079999923706055,4.039999961853027,4.039999961853027,4332996
2026-06-09 10:30:00,4.039999961853027,4.059999942779541,4.03000020980835,4.050000190734863,1252845
2026-06-09 10:45:00,4.050000190734863,4.050000190734863,4.03000020980835,4.039999961853027,1734294
2026-06-09 11:00:00,4.070000171661377,4.070000171661377,4.03000020980835,4.050000190734863,2460522
2026-06-09 11:15:00,4.039999961853027,4.070000171661377,4.03000020980835,4.070000171661377,1908022
2026-06-09 11:30:00,4.03000020980835,4.039999961853027,4.019999980926514,4.03000020980835,1157405
2026-06-09 11:45:00,4.039999961853027,4.039999961853027,4.019999980926514,4.03000020980835,861630
2026-06-09 12:00:00,4.059999942779541,4.059999942779541,4.039999961853027,4.039999961853027,821511
2026-06-09 12:15:00,4.079999923706055,4.110000133514404,4.050000190734863,4.059999942779541,5135792
2026-06-09 12:30:00,4.079999923706055,4.079999923706055,4.059999942779541,4.070000171661377,1376961
2026-06-09 12:45:00,4.079999923706055,4.110000133514404,4.059999942779541,4.070000171661377,3571058
2026-06-09 13:00:00,4.079999923706055,4.079999923706055,4.059999942779541,4.079999923706055,1400874
2026-06-09 13:15:00,4.050000190734863,4.079999923706055,4.050000190734863,4.079999923706055,982868
2026-06-09 13:30:00,4.050000190734863,4.070000171661377,4.050000190734863,4.059999942779541,1274200
2026-06-09 13:45:00,3.940000057220459,4.050000190734863,3.9000000953674316,4.050000190734863,20510006
2026-06-09 14:00:00,3.9000000953674316,3.940000057220459,3.869999885559082,3.930000066757202,7097123
2026-06-09 14:15:00,3.9000000953674316,3.9100000858306885,3.869999885559082,3.9100000858306885,5239650
2026-06-09 14:30:00,3.9100000858306885,3.9200000762939453,3.880000114440918,3.9000000953674316,2857647
2026-06-09 14:45:00,3.940000057220459,3.940000057220459,3.9100000858306885,3.9100000858306885,1837464
2026-06-09 15:00:00,3.9000000953674316,3.940000057220459,3.890000104904175,3.940000057220459,2017553
2026-06-09 15:15:00,3.9200000762939453,3.950000047683716,3.890000104904175,3.890000104904175,3192267
2026-06-09 15:30:00,3.9600000381469727,3.9600000381469727,3.9200000762939453,3.9200000762939453,2165951
2026-06-09 15:45:00,3.950000047683716,3.9600000381469727,3.940000057220459,3.9600000381469727,1180479
2026-06-09 16:00:00,3.9200000762939453,3.950000047683716,3.9200000762939453,3.950000047683716,1851264
2026-06-09 16:15:00,3.950000047683716,3.950000047683716,3.9200000762939453,3.9200000762939453,1089211
2026-06-09 16:30:00,3.9600000381469727,3.9800000190734863,3.940000057220459,3.950000047683716,2695474
2026-06-09 16:45:00,3.930000066757202,3.9700000286102295,3.930000066757202,3.950000047683716,4113182
2026-06-09 17:00:00,3.9600000381469727,3.9700000286102295,3.930000066757202,3.930000066757202,1052398
2026-06-09 17:15:00,3.950000047683716,3.9600000381469727,3.9200000762939453,3.950000047683716,4504534
2026-06-09 17:30:00,3.930000066757202,3.950000047683716,3.9200000762939453,3.950000047683716,2158542
2026-06-09 17:45:00,3.9200000762939453,3.930000066757202,3.9200000762939453,3.930000066757202,3964869
2026-06-10 09:45:00,3.9100000858306885,3.9100000858306885,3.9100000858306885,3.9100000858306885,0
2026-06-10 10:00:00,3.9100000858306885,3.950000047683716,3.890000104904175,3.9100000858306885,4065169
2026-06-10 10:15:00,3.9100000858306885,3.9200000762939453,3.9000000953674316,3.9200000762939453,1913535
2026-06-10 10:30:00,3.890000104904175,3.9200000762939453,3.869999885559082,3.9100000858306885,2701678
2026-06-10 10:45:00,3.869999885559082,3.9000000953674316,3.8499999046325684,3.890000104904175,2924440
2026-06-10 11:00:00,3.8499999046325684,3.880000114440918,3.8499999046325684,3.880000114440918,2435101
2026-06-10 11:15:00,3.859999895095825,3.890000104904175,3.8299999237060547,3.8499999046325684,3400953
2026-06-10 11:30:00,3.890000104904175,3.9200000762939453,3.8299999237060547,3.8499999046325684,3608053
2026-06-10 11:45:00,4.019999980926514,4.059999942779541,3.880000114440918,3.880000114440918,10907201
2026-06-10 12:00:00,4.039999961853027,4.090000152587891,3.990000009536743,4.010000228881836,14644236
2026-06-10 12:15:00,4.019999980926514,4.050000190734863,4.010000228881836,4.03000020980835,3096303
2026-06-10 12:30:00,4.0,4.03000020980835,3.9800000190734863,4.019999980926514,3057155
2026-06-10 12:45:00,4.0,4.0,3.9800000190734863,4.0,1064307
2026-06-10 13:00:00,3.990000009536743,4.0,3.9800000190734863,4.0,920233
2026-06-10 13:15:00,3.9700000286102295,4.0,3.9700000286102295,3.990000009536743,1296716
2026-06-10 13:30:00,3.9800000190734863,3.990000009536743,3.9700000286102295,3.9800000190734863,448132
2026-06-10 13:45:00,3.9600000381469727,3.9800000190734863,3.9200000762939453,3.9800000190734863,2384041
2026-06-10 14:00:00,3.930000066757202,3.950000047683716,3.930000066757202,3.950000047683716,2967649
2026-06-10 14:15:00,3.940000057220459,3.940000057220459,3.9200000762939453,3.930000066757202,1887224
2026-06-10 14:30:00,3.880000114440918,3.930000066757202,3.869999885559082,3.930000066757202,1646805
2026-06-10 14:45:00,3.880000114440918,3.890000104904175,3.869999885559082,3.890000104904175,1997113
2026-06-10 15:00:00,3.859999895095825,3.880000114440918,3.8499999046325684,3.880000114440918,3053650
2026-06-10 15:15:00,3.859999895095825,3.859999895095825,3.8499999046325684,3.8499999046325684,661087
2026-06-10 15:30:00,3.869999885559082,3.890000104904175,3.8499999046325684,3.859999895095825,2002664
2026-06-10 15:45:00,3.869999885559082,3.880000114440918,3.859999895095825,3.859999895095825,1276476
2026-06-10 16:00:00,3.890000104904175,3.930000066757202,3.859999895095825,3.880000114440918,3272684
2026-06-10 16:15:00,3.9000000953674316,3.9100000858306885,3.859999895095825,3.890000104904175,2340599
2026-06-10 16:30:00,3.9000000953674316,3.9100000858306885,3.890000104904175,3.9100000858306885,1269728
2026-06-10 16:45:00,3.890000104904175,3.9200000762939453,3.890000104904175,3.9100000858306885,1541694
2026-06-10 17:00:00,3.890000104904175,3.9000000953674316,3.880000114440918,3.890000104904175,781989
2026-06-10 17:15:00,3.880000114440918,3.9000000953674316,3.869999885559082,3.9000000953674316,1848460
2026-06-10 17:30:00,3.869999885559082,3.890000104904175,3.869999885559082,3.880000114440918,1264862
2026-06-10 17:45:00,3.8499999046325684,3.890000104904175,3.8299999237060547,3.869999885559082,4658585
2026-06-11 09:45:00,3.869999885559082,3.869999885559082,3.869999885559082,3.869999885559082,0
2026-06-11 10:00:00,3.869999885559082,3.9000000953674316,3.8499999046325684,3.859999895095825,4134007
2026-06-11 10:15:00,3.869999885559082,3.880000114440918,3.859999895095825,3.869999885559082,2973341
2026-06-11 10:30:00,3.880000114440918,3.9000000953674316,3.869999885559082,3.880000114440918,2314016
2026-06-11 10:45:00,3.880000114440918,3.890000104904175,3.869999885559082,3.890000104904175,2012665
2026-06-11 11:00:00,3.880000114440918,3.890000104904175,3.869999885559082,3.880000114440918,964643
2026-06-11 11:15:00,3.9100000858306885,3.9100000858306885,3.880000114440918,3.880000114440918,3117123
2026-06-11 11:30:00,3.9100000858306885,3.930000066757202,3.9000000953674316,3.9100000858306885,2762592
2026-06-11 11:45:00,3.890000104904175,3.9200000762939453,3.890000104904175,3.9100000858306885,630452
2026-06-11 12:00:00,3.869999885559082,3.9000000953674316,3.869999885559082,3.890000104904175,2072084
2026-06-11 12:15:00,3.869999885559082,3.890000104904175,3.869999885559082,3.869999885559082,1067619
2026-06-11 12:30:00,3.859999895095825,3.880000114440918,3.859999895095825,3.869999885559082,1415058
2026-06-11 12:45:00,3.859999895095825,3.869999885559082,3.8499999046325684,3.869999885559082,861535
2026-06-11 13:00:00,3.880000114440918,3.880000114440918,3.859999895095825,3.869999885559082,1227725
2026-06-11 13:15:00,3.869999885559082,3.890000104904175,3.869999885559082,3.880000114440918,666782
2026-06-11 13:30:00,3.869999885559082,3.880000114440918,3.869999885559082,3.869999885559082,532166
2026-06-11 13:45:00,3.859999895095825,3.880000114440918,3.859999895095825,3.880000114440918,644563
2026-06-11 14:00:00,3.880000114440918,3.890000104904175,3.859999895095825,3.859999895095825,1716679
2026-06-11 14:15:00,3.890000104904175,3.9000000953674316,3.880000114440918,3.880000114440918,1986489
2026-06-11 14:30:00,3.9100000858306885,3.940000057220459,3.890000104904175,3.9000000953674316,5134610
2026-06-11 14:45:00,3.9200000762939453,3.940000057220459,3.9100000858306885,3.9200000762939453,1419715
2026-06-11 15:00:00,3.9100000858306885,3.9200000762939453,3.890000104904175,3.9200000762939453,1140864
2026-06-11 15:15:00,3.880000114440918,3.9100000858306885,3.869999885559082,3.9100000858306885,1443110
2026-06-11 15:30:00,3.8299999237060547,3.869999885559082,3.819999933242798,3.869999885559082,4930865
2026-06-11 15:45:00,3.809999942779541,3.8399999141693115,3.7899999618530273,3.8399999141693115,2919852
2026-06-11 16:00:00,3.799999952316284,3.819999933242798,3.7899999618530273,3.799999952316284,3460723
2026-06-11 16:15:00,3.7799999713897705,3.809999942779541,3.759999990463257,3.809999942779541,1713872
2026-06-11 16:30:00,3.7899999618530273,3.799999952316284,3.7799999713897705,3.7899999618530273,836213
2026-06-11 16:45:00,3.7899999618530273,3.819999933242798,3.7899999618530273,3.799999952316284,2470423
2026-06-11 17:00:00,3.7799999713897705,3.799999952316284,3.759999990463257,3.7899999618530273,2484687
2026-06-11 17:15:00,3.7699999809265137,3.7899999618530273,3.759999990463257,3.7799999713897705,1868696
2026-06-11 17:30:00,3.7899999618530273,3.7899999618530273,3.740000009536743,3.759999990463257,4769887
2026-06-11 17:45:00,3.75,3.7899999618530273,3.75,3.7899999618530273,4273291
2026-06-12 09:45:00,3.809999942779541,3.809999942779541,3.809999942779541,3.809999942779541,0
2026-06-12 10:00:00,3.9200000762939453,3.950000047683716,3.809999942779541,3.819999933242798,14236485
2026-06-12 10:15:00,3.890000104904175,3.930000066757202,3.8399999141693115,3.9200000762939453,12156354
2026-06-12 10:30:00,3.880000114440918,3.9000000953674316,3.880000114440918,3.880000114440918,1877531
2026-06-12 10:45:00,3.880000114440918,3.9000000953674316,3.869999885559082,3.880000114440918,1240458
2026-06-12 11:00:00,3.930000066757202,3.930000066757202,3.869999885559082,3.880000114440918,4182588
2026-06-12 11:15:00,3.930000066757202,3.930000066757202,3.9000000953674316,3.9200000762939453,1818754
2026-06-12 11:30:00,3.930000066757202,3.950000047683716,3.9100000858306885,3.930000066757202,1808796
2026-06-12 11:45:00,3.9100000858306885,3.940000057220459,3.890000104904175,3.930000066757202,2167282
2026-06-12 12:00:00,3.9100000858306885,3.930000066757202,3.9100000858306885,3.9200000762939453,978355
2026-06-12 12:15:00,3.9100000858306885,3.9200000762939453,3.9000000953674316,3.9200000762939453,760696
2026-06-12 12:30:00,3.9000000953674316,3.9100000858306885,3.9000000953674316,3.9100000858306885,884734
2026-06-12 12:45:00,3.9100000858306885,3.9100000858306885,3.9000000953674316,3.9100000858306885,802884
2026-06-12 13:00:00,3.9100000858306885,3.9100000858306885,3.890000104904175,3.9100000858306885,407986
2026-06-12 13:15:00,3.880000114440918,3.9100000858306885,3.880000114440918,3.9000000953674316,1970234
2026-06-12 13:30:00,3.890000104904175,3.9000000953674316,3.880000114440918,3.890000104904175,233780
2026-06-12 13:45:00,3.890000104904175,3.9000000953674316,3.880000114440918,3.890000104904175,554101
2026-06-12 14:00:00,3.890000104904175,3.9000000953674316,3.880000114440918,3.890000104904175,298870
2026-06-12 14:15:00,3.890000104904175,3.9000000953674316,3.880000114440918,3.9000000953674316,517871
2026-06-12 14:30:00,3.9100000858306885,3.9200000762939453,3.880000114440918,3.890000104904175,1383371
2026-06-12 14:45:00,3.9000000953674316,3.9200000762939453,3.9000000953674316,3.9100000858306885,955450
2026-06-12 15:00:00,3.9000000953674316,3.9100000858306885,3.890000104904175,3.9100000858306885,869947
2026-06-12 15:15:00,3.9000000953674316,3.9100000858306885,3.890000104904175,3.9100000858306885,550419
2026-06-12 15:30:00,3.880000114440918,3.9000000953674316,3.880000114440918,3.9000000953674316,1062144
2026-06-12 15:45:00,3.8499999046325684,3.890000104904175,3.8399999141693115,3.890000104904175,3069589
2026-06-12 16:00:00,3.8399999141693115,3.859999895095825,3.8299999237060547,3.8499999046325684,2885628
2026-06-12 16:15:00,3.8299999237060547,3.8399999141693115,3.819999933242798,3.8299999237060547,2359584
2026-06-12 16:30:00,3.819999933242798,3.8499999046325684,3.809999942779541,3.8299999237060547,2870541
2026-06-12 16:45:00,3.7799999713897705,3.819999933242798,3.7699999809265137,3.819999933242798,2721038
2026-06-12 17:00:00,3.7699999809265137,3.7899999618530273,3.75,3.7699999809265137,2711793
2026-06-12 17:15:00,3.859999895095825,3.859999895095825,3.7699999809265137,3.7699999809265137,4503223
2026-06-12 17:30:00,3.9700000286102295,3.9800000190734863,3.8499999046325684,3.859999895095825,11859714
2026-06-12 17:45:00,3.9600000381469727,4.039999961853027,3.9000000953674316,3.9800000190734863,24310482
2026-06-15 09:45:00,4.010000228881836,4.010000228881836,4.010000228881836,4.010000228881836,0
2026-06-15 10:00:00,4.079999923706055,4.199999809265137,4.0,4.0,13379308
2026-06-15 10:15:00,4.099999904632568,4.110000133514404,4.039999961853027,4.079999923706055,9049334
2026-06-15 10:30:00,4.119999885559082,4.119999885559082,4.079999923706055,4.099999904632568,4581174
2026-06-15 10:45:00,4.050000190734863,4.119999885559082,4.050000190734863,4.119999885559082,3700045
2026-06-15 11:00:00,4.050000190734863,4.070000171661377,4.03000020980835,4.050000190734863,3286652
2026-06-15 11:15:00,4.03000020980835,4.050000190734863,4.03000020980835,4.050000190734863,1609521
2026-06-15 11:30:00,4.039999961853027,4.039999961853027,4.019999980926514,4.039999961853027,1685345
2026-06-15 11:45:00,4.099999904632568,4.119999885559082,4.010000228881836,4.03000020980835,6623678
2026-06-15 12:00:00,4.070000171661377,4.099999904632568,4.070000171661377,4.099999904632568,1264365
2026-06-15 12:15:00,4.090000152587891,4.110000133514404,4.070000171661377,4.070000171661377,2006564
2026-06-15 12:30:00,4.090000152587891,4.099999904632568,4.079999923706055,4.099999904632568,1067311
2026-06-15 12:45:00,4.079999923706055,4.099999904632568,4.079999923706055,4.090000152587891,305010
2026-06-15 13:00:00,4.119999885559082,4.179999828338623,4.070000171661377,4.079999923706055,8060638
2026-06-15 13:15:00,4.130000114440918,4.139999866485596,4.110000133514404,4.119999885559082,2080926
2026-06-15 13:30:00,4.130000114440918,4.139999866485596,4.099999904632568,4.130000114440918,1474303
2026-06-15 13:45:00,4.179999828338623,4.199999809265137,4.130000114440918,4.130000114440918,9855949
2026-06-15 14:00:00,4.150000095367432,4.179999828338623,4.139999866485596,4.179999828338623,2402759
2026-06-15 14:15:00,4.159999847412109,4.170000076293945,4.139999866485596,4.150000095367432,1628477
2026-06-15 14:30:00,4.170000076293945,4.179999828338623,4.159999847412109,4.170000076293945,1241667
2026-06-15 14:45:00,4.159999847412109,4.179999828338623,4.159999847412109,4.170000076293945,1534344
2026-06-15 15:00:00,4.159999847412109,4.170000076293945,4.139999866485596,4.159999847412109,1485099
2026-06-15 15:15:00,4.119999885559082,4.159999847412109,4.110000133514404,4.150000095367432,1656649
2026-06-15 15:30:00,4.130000114440918,4.139999866485596,4.110000133514404,4.119999885559082,836454
2026-06-15 15:45:00,4.130000114440918,4.139999866485596,4.119999885559082,4.130000114440918,645017
2026-06-15 16:00:00,4.119999885559082,4.130000114440918,4.110000133514404,4.130000114440918,437922
2026-06-15 16:15:00,4.110000133514404,4.119999885559082,4.110000133514404,4.110000133514404,705932
2026-06-15 16:30:00,4.119999885559082,4.130000114440918,4.099999904632568,4.119999885559082,865155
2026-06-15 16:45:00,4.139999866485596,4.150000095367432,4.110000133514404,4.119999885559082,1642715
2026-06-15 17:00:00,4.139999866485596,4.190000057220459,4.130000114440918,4.130000114440918,3002919
2026-06-15 17:15:00,4.139999866485596,4.150000095367432,4.139999866485596,4.139999866485596,1613046
2026-06-15 17:30:00,4.130000114440918,4.150000095367432,4.119999885559082,4.150000095367432,2394513
2026-06-15 17:45:00,4.150000095367432,4.159999847412109,4.130000114440918,4.130000114440918,2868432
2026-06-16 09:45:00,4.170000076293945,4.170000076293945,4.170000076293945,4.170000076293945,0
2026-06-16 10:00:00,4.190000057220459,4.210000038146973,4.130000114440918,4.159999847412109,13303435
2026-06-16 10:15:00,4.139999866485596,4.199999809265137,4.119999885559082,4.190000057220459,9305722
2026-06-16 10:30:00,4.150000095367432,4.159999847412109,4.099999904632568,4.139999866485596,4810459
2026-06-16 10:45:00,4.159999847412109,4.170000076293945,4.150000095367432,4.159999847412109,2262892
2026-06-16 11:00:00,4.159999847412109,4.170000076293945,4.139999866485596,4.159999847412109,1918904
2026-06-16 11:15:00,4.139999866485596,4.159999847412109,4.139999866485596,4.159999847412109,1902740
2026-06-16 11:30:00,4.119999885559082,4.139999866485596,4.110000133514404,4.139999866485596,1818690
2026-06-16 11:45:00,4.130000114440918,4.130000114440918,4.099999904632568,4.110000133514404,2154316
2026-06-16 12:00:00,4.119999885559082,4.139999866485596,4.119999885559082,4.119999885559082,1033598
2026-06-16 12:15:00,4.110000133514404,4.130000114440918,4.110000133514404,4.119999885559082,477135
2026-06-16 12:30:00,4.119999885559082,4.119999885559082,4.110000133514404,4.110000133514404,865588
2026-06-16 12:45:00,4.110000133514404,4.130000114440918,4.099999904632568,4.110000133514404,1875923
2026-06-16 13:00:00,4.119999885559082,4.119999885559082,4.099999904632568,4.110000133514404,961984
2026-06-16 13:15:00,4.119999885559082,4.139999866485596,4.110000133514404,4.119999885559082,1197837
2026-06-16 13:30:00,4.139999866485596,4.170000076293945,4.119999885559082,4.119999885559082,2378125
2026-06-16 13:45:00,4.119999885559082,4.139999866485596,4.110000133514404,4.130000114440918,1075128
2026-06-16 14:00:00,4.110000133514404,4.119999885559082,4.099999904632568,4.110000133514404,1170020
2026-06-16 14:15:00,4.110000133514404,4.119999885559082,4.099999904632568,4.099999904632568,1094926
2026-06-16 14:30:00,4.099999904632568,4.119999885559082,4.099999904632568,4.110000133514404,983587
2026-06-16 14:45:00,4.070000171661377,4.110000133514404,4.059999942779541,4.099999904632568,2691676
2026-06-16 15:00:00,4.070000171661377,4.079999923706055,4.059999942779541,4.070000171661377,1161137
2026-06-16 15:15:00,4.059999942779541,4.079999923706055,4.050000190734863,4.070000171661377,1144726
2026-06-16 15:30:00,4.059999942779541,4.070000171661377,4.050000190734863,4.059999942779541,826496
2026-06-16 15:45:00,4.050000190734863,4.070000171661377,4.039999961853027,4.070000171661377,2707580
2026-06-16 16:00:00,4.059999942779541,4.059999942779541,4.039999961853027,4.059999942779541,821401
2026-06-16 16:15:00,4.050000190734863,4.070000171661377,4.039999961853027,4.059999942779541,1971825
2026-06-16 16:30:00,4.059999942779541,4.090000152587891,4.050000190734863,4.059999942779541,1629445
2026-06-16 16:45:00,4.070000171661377,4.079999923706055,4.059999942779541,4.059999942779541,1235351
2026-06-16 17:00:00,4.059999942779541,4.079999923706055,4.059999942779541,4.070000171661377,707283
2026-06-16 17:15:00,4.059999942779541,4.079999923706055,4.050000190734863,4.059999942779541,1785431
2026-06-16 17:30:00,4.059999942779541,4.070000171661377,4.039999961853027,4.050000190734863,3925400
2026-06-16 17:45:00,4.210000038146973,4.230000019073486,4.039999961853027,4.059999942779541,11261967
2026-06-17 09:45:00,4.190000057220459,4.190000057220459,4.190000057220459,4.190000057220459,0
2026-06-17 10:00:00,4.239999771118164,4.269999980926514,4.150000095367432,4.179999828338623,12788742
2026-06-17 10:15:00,4.230000019073486,4.25,4.21999979019165,4.25,1901938
2026-06-17 10:30:00,4.289999961853027,4.300000190734863,4.21999979019165,4.230000019073486,10799582
2026-06-17 10:45:00,4.269999980926514,4.289999961853027,4.260000228881836,4.289999961853027,3774585
2026-06-17 11:00:00,4.230000019073486,4.300000190734863,4.21999979019165,4.260000228881836,8526746
2026-06-17 11:15:00,4.25,4.260000228881836,4.21999979019165,4.230000019073486,2590964
2026-06-17 11:30:00,4.230000019073486,4.25,4.21999979019165,4.25,1192767
2026-06-17 11:45:00,4.21999979019165,4.230000019073486,4.210000038146973,4.230000019073486,1723864
2026-06-17 12:00:00,4.21999979019165,4.230000019073486,4.199999809265137,4.210000038146973,1448458
2026-06-17 12:15:00,4.199999809265137,4.21999979019165,4.179999828338623,4.210000038146973,2320841
2026-06-17 12:30:00,4.199999809265137,4.210000038146973,4.190000057220459,4.190000057220459,1835613
2026-06-17 12:45:00,4.199999809265137,4.21999979019165,4.199999809265137,4.210000038146973,1188476
2026-06-17 13:00:00,4.210000038146973,4.21999979019165,4.199999809265137,4.210000038146973,936822
2026-06-17 13:15:00,4.210000038146973,4.210000038146973,4.199999809265137,4.199999809265137,665426
2026-06-17 13:30:00,4.179999828338623,4.210000038146973,4.159999847412109,4.210000038146973,3428363
2026-06-17 13:45:00,4.190000057220459,4.199999809265137,4.170000076293945,4.179999828338623,2328035
2026-06-17 14:00:00,4.159999847412109,4.190000057220459,4.159999847412109,4.190000057220459,455753
2026-06-17 14:15:00,4.159999847412109,4.170000076293945,4.150000095367432,4.170000076293945,1722824
2026-06-17 14:30:00,4.170000076293945,4.179999828338623,4.159999847412109,4.170000076293945,764368
2026-06-17 14:45:00,4.179999828338623,4.179999828338623,4.159999847412109,4.159999847412109,1022543
2026-06-17 15:00:00,4.179999828338623,4.179999828338623,4.159999847412109,4.179999828338623,1341262
2026-06-17 15:15:00,4.179999828338623,4.190000057220459,4.170000076293945,4.179999828338623,1778635
2026-06-17 15:30:00,4.170000076293945,4.190000057220459,4.150000095367432,4.179999828338623,1977369
2026-06-17 15:45:00,4.170000076293945,4.170000076293945,4.159999847412109,4.159999847412109,103988
2026-06-17 16:00:00,4.179999828338623,4.190000057220459,4.159999847412109,4.170000076293945,641621
2026-06-17 16:15:00,4.170000076293945,4.179999828338623,4.150000095367432,4.170000076293945,1083775
2026-06-17 16:30:00,4.170000076293945,4.179999828338623,4.159999847412109,4.170000076293945,1279846
2026-06-17 16:45:00,4.159999847412109,4.170000076293945,4.150000095367432,4.159999847412109,1278399
2026-06-17 17:00:00,4.159999847412109,4.170000076293945,4.150000095367432,4.159999847412109,1781824
2026-06-17 17:15:00,4.139999866485596,4.170000076293945,4.130000114440918,4.159999847412109,1829415
2026-06-17 17:30:00,4.159999847412109,4.179999828338623,4.139999866485596,4.139999866485596,2025273
2026-06-17 17:45:00,4.139999866485596,4.170000076293945,4.119999885559082,4.159999847412109,2800678
2026-06-18 09:45:00,4.110000133514404,4.110000133514404,4.110000133514404,4.110000133514404,0
2026-06-18 10:00:00,4.099999904632568,4.139999866485596,4.090000152587891,4.119999885559082,3458245
2026-06-18 10:15:00,4.110000133514404,4.110000133514404,4.070000171661377,4.099999904632568,3796497
2026-06-18 10:30:00,4.090000152587891,4.110000133514404,4.079999923706055,4.110000133514404,2831968
2026-06-18 10:45:00,4.079999923706055,4.110000133514404,4.070000171661377,4.090000152587891,1999878
2026-06-18 11:00:00,4.090000152587891,4.090000152587891,4.070000171661377,4.079999923706055,975227
2026-06-18 11:15:00,4.079999923706055,4.090000152587891,4.070000171661377,4.090000152587891,1265744
2026-06-18 11:30:00,4.090000152587891,4.090000152587891,4.070000171661377,4.090000152587891,1180249
2026-06-18 11:45:00,4.090000152587891,4.099999904632568,4.079999923706055,4.090000152587891,652661
2026-06-18 12:00:00,4.090000152587891,4.090000152587891,4.079999923706055,4.079999923706055,460387
2026-06-18 12:15:00,4.090000152587891,4.099999904632568,4.079999923706055,4.090000152587891,1099388
2026-06-18 12:30:00,4.079999923706055,4.090000152587891,4.059999942779541,4.090000152587891,1980692
2026-06-18 12:45:00,4.079999923706055,4.079999923706055,4.059999942779541,4.070000171661377,623364
2026-06-18 13:00:00,4.059999942779541,4.079999923706055,4.050000190734863,4.070000171661377,1393556
2026-06-18 13:15:00,4.050000190734863,4.059999942779541,4.03000020980835,4.059999942779541,2142268
2026-06-18 13:30:00,4.050000190734863,4.059999942779541,4.03000020980835,4.059999942779541,861837
2026-06-18 13:45:00,4.039999961853027,4.059999942779541,4.039999961853027,4.050000190734863,1195582
2026-06-18 14:00:00,4.03000020980835,4.050000190734863,4.019999980926514,4.039999961853027,2395202
2026-06-18 14:15:00,4.039999961853027,4.039999961853027,4.019999980926514,4.03000020980835,837306
2026-06-18 14:30:00,4.050000190734863,4.050000190734863,4.03000020980835,4.03000020980835,709029
2026-06-18 14:45:00,4.039999961853027,4.050000190734863,4.03000020980835,4.050000190734863,482767
2026-06-18 15:00:00,4.03000020980835,4.039999961853027,4.03000020980835,4.039999961853027,532886
2026-06-18 15:15:00,4.039999961853027,4.050000190734863,4.03000020980835,4.039999961853027,536546
2026-06-18 15:30:00,4.039999961853027,4.050000190734863,4.03000020980835,4.050000190734863,1014467
2026-06-18 15:45:00,4.03000020980835,4.039999961853027,4.019999980926514,4.039999961853027,2020482
2026-06-18 16:00:00,4.019999980926514,4.039999961853027,4.0,4.039999961853027,4113824
2026-06-18 16:15:00,4.019999980926514,4.019999980926514,4.0,4.010000228881836,2589307
2026-06-18 16:30:00,4.010000228881836,4.019999980926514,4.0,4.019999980926514,3516023
2026-06-18 16:45:00,3.9800000190734863,4.010000228881836,3.9800000190734863,4.010000228881836,1745826
2026-06-18 17:00:00,4.0,4.0,3.9800000190734863,3.990000009536743,1488413
2026-06-18 17:15:00,4.010000228881836,4.010000228881836,3.990000009536743,4.0,1759110
2026-06-18 17:30:00,4.019999980926514,4.059999942779541,4.010000228881836,4.010000228881836,2460884
2026-06-18 17:45:00,4.019999980926514,4.03000020980835,4.010000228881836,4.019999980926514,1560165
2026-06-19 09:45:00,4.039999961853027,4.039999961853027,4.039999961853027,4.039999961853027,0
2026-06-19 10:00:00,4.079999923706055,4.099999904632568,4.019999980926514,4.03000020980835,13032173
2026-06-19 10:15:00,3.990000009536743,4.079999923706055,3.990000009536743,4.070000171661377,6150783
2026-06-19 10:30:00,4.0,4.0,3.9700000286102295,4.0,3229644
2026-06-19 10:45:00,4.039999961853027,4.039999961853027,3.990000009536743,4.0,2083884
2026-06-19 11:00:00,4.03000020980835,4.039999961853027,4.019999980926514,4.039999961853027,1959463
2026-06-19 11:15:00,4.03000020980835,4.039999961853027,4.019999980926514,4.03000020980835,827657
2026-06-19 11:30:00,3.990000009536743,4.039999961853027,3.9800000190734863,4.039999961853027,4804410
2026-06-19 11:45:00,4.0,4.010000228881836,3.9800000190734863,3.990000009536743,1387210
2026-06-19 12:00:00,4.010000228881836,4.019999980926514,3.990000009536743,4.0,1842875
2026-06-19 12:15:00,4.010000228881836,4.039999961853027,4.010000228881836,4.019999980926514,3311567
2026-06-19 12:30:00,4.019999980926514,4.03000020980835,4.019999980926514,4.019999980926514,810417
2026-06-19 12:45:00,4.019999980926514,4.039999961853027,4.019999980926514,4.019999980926514,751062
2026-06-19 13:00:00,4.019999980926514,4.03000020980835,4.019999980926514,4.03000020980835,430873
2026-06-19 13:15:00,4.03000020980835,4.03000020980835,4.019999980926514,4.019999980926514,250072
2026-06-19 13:30:00,4.010000228881836,4.03000020980835,4.010000228881836,4.019999980926514,534471
2026-06-19 13:45:00,4.019999980926514,4.019999980926514,4.010000228881836,4.010000228881836,275620
2026-06-19 14:00:00,4.010000228881836,4.019999980926514,4.010000228881836,4.019999980926514,308738
2026-06-19 14:15:00,4.010000228881836,4.019999980926514,4.010000228881836,4.010000228881836,327603
2026-06-19 14:30:00,4.019999980926514,4.019999980926514,4.010000228881836,4.010000228881836,340195
2026-06-19 14:45:00,4.03000020980835,4.03000020980835,4.010000228881836,4.019999980926514,804571
2026-06-19 15:00:00,4.03000020980835,4.03000020980835,4.019999980926514,4.03000020980835,372178
2026-06-19 15:15:00,4.019999980926514,4.03000020980835,4.010000228881836,4.019999980926514,958948
2026-06-19 15:30:00,4.019999980926514,4.03000020980835,4.010000228881836,4.019999980926514,244661
2026-06-19 15:45:00,4.019999980926514,4.03000020980835,4.010000228881836,4.019999980926514,1411502
2026-06-19 16:00:00,4.03000020980835,4.03000020980835,4.019999980926514,4.019999980926514,994953
2026-06-19 16:15:00,4.03000020980835,4.03000020980835,4.019999980926514,4.019999980926514,159949
2026-06-19 16:30:00,4.010000228881836,4.03000020980835,4.010000228881836,4.019999980926514,590573
2026-06-19 16:45:00,3.9600000381469727,4.010000228881836,3.950000047683716,4.010000228881836,6037954
2026-06-19 17:00:00,3.950000047683716,3.9700000286102295,3.940000057220459,3.9600000381469727,2853259
2026-06-19 17:15:00,3.950000047683716,3.9700000286102295,3.940000057220459,3.950000047683716,2229757
2026-06-19 17:30:00,3.9700000286102295,3.9700000286102295,3.950000047683716,3.9600000381469727,1240313
2026-06-19 17:45:00,3.9600000381469727,3.9800000190734863,3.950000047683716,3.9700000286102295,2656919
2026-06-22 09:45:00,4.03000020980835,4.03000020980835,4.03000020980835,4.03000020980835,0
2026-06-22 10:00:00,4.050000190734863,4.079999923706055,3.9800000190734863,4.039999961853027,5792241
2026-06-22 10:15:00,4.03000020980835,4.050000190734863,4.019999980926514,4.050000190734863,1595139
2026-06-22 10:30:00,4.03000020980835,4.050000190734863,4.03000020980835,4.03000020980835,1401755
2026-06-22 10:45:00,4.03000020980835,4.039999961853027,4.019999980926514,4.039999961853027,835473
2026-06-22 11:00:00,4.019999980926514,4.03000020980835,4.010000228881836,4.019999980926514,717122
2026-06-22 11:15:00,4.019999980926514,4.03000020980835,4.010000228881836,4.019999980926514,563254
2026-06-22 11:30:00,4.050000190734863,4.050000190734863,4.019999980926514,4.03000020980835,1370789
2026-06-22 11:45:00,4.03000020980835,4.039999961853027,4.03000020980835,4.039999961853027,253786
2026-06-22 12:00:00,4.039999961853027,4.039999961853027,4.03000020980835,4.039999961853027,260193
2026-06-22 12:15:00,4.019999980926514,4.039999961853027,4.019999980926514,4.039999961853027,936959
2026-06-22 12:30:00,4.03000020980835,4.039999961853027,4.010000228881836,4.03000020980835,1848413
2026-06-22 12:45:00,4.039999961853027,4.039999961853027,4.03000020980835,4.03000020980835,884002
2026-06-22 13:00:00,4.039999961853027,4.050000190734863,4.03000020980835,4.039999961853027,660442
2026-06-22 13:15:00,4.039999961853027,4.039999961853027,4.03000020980835,4.039999961853027,1309504
2026-06-22 13:30:00,4.039999961853027,4.039999961853027,4.03000020980835,4.039999961853027,202367
2026-06-22 13:45:00,4.059999942779541,4.070000171661377,4.03000020980835,4.03000020980835,4688156
2026-06-22 14:00:00,4.090000152587891,4.099999904632568,4.059999942779541,4.059999942779541,5662676
2026-06-22 14:15:00,4.090000152587891,4.110000133514404,4.079999923706055,4.090000152587891,3975059
2026-06-22 14:30:00,4.079999923706055,4.099999904632568,4.070000171661377,4.090000152587891,973594
2026-06-22 14:45:00,4.090000152587891,4.110000133514404,4.079999923706055,4.079999923706055,2187204
2026-06-22 15:00:00,4.099999904632568,4.099999904632568,4.079999923706055,4.079999923706055,1287059
2026-06-22 15:15:00,4.099999904632568,4.099999904632568,4.079999923706055,4.099999904632568,1452075
2026-06-22 15:30:00,4.099999904632568,4.110000133514404,4.079999923706055,4.099999904632568,632241
2026-06-22 15:45:00,4.090000152587891,4.110000133514404,4.079999923706055,4.090000152587891,1445552
2026-06-22 16:00:00,4.070000171661377,4.099999904632568,4.050000190734863,4.099999904632568,3336997
2026-06-22 16:15:00,4.090000152587891,4.090000152587891,4.050000190734863,4.059999942779541,4961274
2026-06-22 16:30:00,4.079999923706055,4.090000152587891,4.079999923706055,4.090000152587891,585355
2026-06-22 16:45:00,4.079999923706055,4.090000152587891,4.079999923706055,4.079999923706055,348897
2026-06-22 17:00:00,4.079999923706055,4.079999923706055,4.070000171661377,4.079999923706055,465095
2026-06-22 17:15:00,4.070000171661377,4.090000152587891,4.070000171661377,4.079999923706055,1463002
2026-06-22 17:30:00,4.050000190734863,4.079999923706055,4.039999961853027,4.079999923706055,2414394
2026-06-22 17:45:00,4.059999942779541,4.070000171661377,4.039999961853027,4.039999961853027,3363350
2026-06-23 09:45:00,4.039999961853027,4.039999961853027,4.039999961853027,4.039999961853027,0
2026-06-23 10:00:00,4.039999961853027,4.050000190734863,4.03000020980835,4.039999961853027,4829776
2026-06-23 10:15:00,4.039999961853027,4.050000190734863,4.019999980926514,4.039999961853027,2790515
2026-06-23 10:30:00,3.990000009536743,4.039999961853027,3.990000009536743,4.03000020980835,2984580
2026-06-23 10:45:00,4.0,4.019999980926514,3.990000009536743,4.0,2371946
2026-06-23 11:00:00,4.010000228881836,4.019999980926514,4.0,4.0,888803
2026-06-23 11:15:00,4.019999980926514,4.019999980926514,4.0,4.010000228881836,974376
2026-06-23 11:30:00,4.03000020980835,4.03000020980835,4.010000228881836,4.019999980926514,1710750
2026-06-23 11:45:00,4.03000020980835,4.039999961853027,4.019999980926514,4.019999980926514,1079823
2026-06-23 12:00:00,4.03000020980835,4.039999961853027,4.019999980926514,4.03000020980835,1767974
2026-06-23 12:15:00,4.019999980926514,4.03000020980835,4.019999980926514,4.03000020980835,146231
2026-06-23 12:30:00,4.03000020980835,4.03000020980835,4.019999980926514,4.019999980926514,193045
2026-06-23 12:45:00,4.03000020980835,4.03000020980835,4.019999980926514,4.03000020980835,372058
2026-06-23 13:00:00,4.03000020980835,4.039999961853027,4.019999980926514,4.019999980926514,862549
2026-06-23 13:15:00,4.03000020980835,4.039999961853027,4.019999980926514,4.03000020980835,1423123
2026-06-23 13:30:00,4.019999980926514,4.03000020980835,4.019999980926514,4.03000020980835,178604
2026-06-23 13:45:00,4.019999980926514,4.03000020980835,4.019999980926514,4.019999980926514,74909
2026-06-23 14:00:00,4.019999980926514,4.03000020980835,4.019999980926514,4.019999980926514,587955
2026-06-23 14:15:00,4.03000020980835,4.03000020980835,4.019999980926514,4.03000020980835,488531
2026-06-23 14:30:00,4.03000020980835,4.03000020980835,4.019999980926514,4.03000020980835,1399062
2026-06-23 14:45:00,4.0,4.03000020980835,3.990000009536743,4.03000020980835,2466083
2026-06-23 15:00:00,4.0,4.0,3.990000009536743,4.0,624291
2026-06-23 15:15:00,3.990000009536743,4.0,3.990000009536743,4.0,1239545
2026-06-23 15:30:00,3.9800000190734863,4.0,3.9800000190734863,4.0,2004453
2026-06-23 15:45:00,3.9800000190734863,3.990000009536743,3.9800000190734863,3.990000009536743,1820133
2026-06-23 16:00:00,3.9800000190734863,3.990000009536743,3.9800000190734863,3.990000009536743,150532
2026-06-23 16:15:00,3.9800000190734863,3.990000009536743,3.9700000286102295,3.9800000190734863,1732243
2026-06-23 16:30:00,3.9800000190734863,3.990000009536743,3.9700000286102295,3.9800000190734863,795832
2026-06-23 16:45:00,3.9800000190734863,3.990000009536743,3.9700000286102295,3.9800000190734863,1128881
2026-06-23 17:00:00,3.9800000190734863,3.990000009536743,3.9700000286102295,3.9800000190734863,688014
2026-06-23 17:15:00,3.9600000381469727,3.9800000190734863,3.9600000381469727,3.9700000286102295,2237768
2026-06-23 17:30:00,3.9700000286102295,3.9700000286102295,3.950000047683716,3.9700000286102295,1446741
2026-06-23 17:45:00,3.950000047683716,3.9700000286102295,3.950000047683716,3.9600000381469727,5016461
2026-06-24 09:45:00,3.950000047683716,3.950000047683716,3.950000047683716,3.950000047683716,0
2026-06-24 10:00:00,3.880000114440918,3.9700000286102295,3.859999895095825,3.950000047683716,7242081
2026-06-24 10:15:00,3.880000114440918,3.9000000953674316,3.859999895095825,3.880000114440918,6863840
2026-06-24 10:30:00,3.880000114440918,3.890000104904175,3.869999885559082,3.880000114440918,2031431
2026-06-24 10:45:00,3.880000114440918,3.9000000953674316,3.880000114440918,3.880000114440918,1036100
2026-06-24 11:00:00,3.880000114440918,3.890000104904175,3.869999885559082,3.880000114440918,763539
2026-06-24 11:15:00,3.880000114440918,3.880000114440918,3.869999885559082,3.869999885559082,494754
2026-06-24 11:30:00,3.9100000858306885,3.940000057220459,3.869999885559082,3.869999885559082,3011559
2026-06-24 11:45:00,3.9200000762939453,3.9200000762939453,3.9100000858306885,3.9100000858306885,204611
2026-06-24 12:00:00,3.9000000953674316,3.9200000762939453,3.890000104904175,3.9200000762939453,1352856
2026-06-24 12:15:00,3.9000000953674316,3.9000000953674316,3.890000104904175,3.9000000953674316,389866
2026-06-24 12:30:00,3.869999885559082,3.9000000953674316,3.869999885559082,3.9000000953674316,1482787
2026-06-24 12:45:00,3.880000114440918,3.890000104904175,3.869999885559082,3.869999885559082,476270
2026-06-24 13:00:00,3.890000104904175,3.890000104904175,3.869999885559082,3.880000114440918,744500
2026-06-24 13:15:00,3.880000114440918,3.9000000953674316,3.859999895095825,3.890000104904175,2145163
2026-06-24 13:30:00,3.869999885559082,3.890000104904175,3.869999885559082,3.890000104904175,376973
2026-06-24 13:45:00,3.880000114440918,3.880000114440918,3.859999895095825,3.869999885559082,216342
2026-06-24 14:00:00,3.869999885559082,3.880000114440918,3.859999895095825,3.880000114440918,420868
2026-06-24 14:15:00,3.869999885559082,3.869999885559082,3.859999895095825,3.869999885559082,419423
2026-06-24 14:30:00,3.869999885559082,3.869999885559082,3.859999895095825,3.869999885559082,70092
2026-06-24 14:45:00,3.859999895095825,3.869999885559082,3.859999895095825,3.869999885559082,139991
2026-06-24 15:00:00,3.8499999046325684,3.859999895095825,3.8399999141693115,3.8499999046325684,3810007
2026-06-24 15:15:00,3.8499999046325684,3.8499999046325684,3.8299999237060547,3.8499999046325684,2230999
2026-06-24 15:30:00,3.859999895095825,3.859999895095825,3.8399999141693115,3.8399999141693115,816468
2026-06-24 15:45:00,3.869999885559082,3.880000114440918,3.8499999046325684,3.859999895095825,1178104
2026-06-24 16:00:00,3.859999895095825,3.880000114440918,3.8499999046325684,3.869999885559082,535679
2026-06-24 16:15:00,3.869999885559082,3.869999885559082,3.8499999046325684,3.859999895095825,294191
2026-06-24 16:30:00,3.869999885559082,3.880000114440918,3.8499999046325684,3.8499999046325684,584454
2026-06-24 16:45:00,3.880000114440918,3.880000114440918,3.8499999046325684,3.859999895095825,774398
2026-06-24 17:00:00,3.8499999046325684,3.880000114440918,3.8399999141693115,3.880000114440918,2094882
2026-06-24 17:15:00,3.859999895095825,3.869999885559082,3.8399999141693115,3.8499999046325684,2202266
2026-06-24 17:30:00,3.8499999046325684,3.859999895095825,3.8399999141693115,3.8499999046325684,745542
2026-06-24 17:45:00,3.8399999141693115,3.859999895095825,3.8299999237060547,3.8499999046325684,3343567
2026-06-25 09:45:00,3.880000114440918,3.880000114440918,3.880000114440918,3.880000114440918,0
2026-06-25 10:00:00,3.9000000953674316,3.940000057220459,3.880000114440918,3.890000104904175,3852669
2026-06-25 10:15:00,3.9000000953674316,3.9100000858306885,3.880000114440918,3.9000000953674316,1860983
2026-06-25 10:30:00,3.9000000953674316,3.9200000762939453,3.890000104904175,3.9000000953674316,2464504
2026-06-25 10:45:00,3.890000104904175,3.9000000953674316,3.869999885559082,3.9000000953674316,1783653
2026-06-25 11:00:00,3.880000114440918,3.890000104904175,3.869999885559082,3.890000104904175,828300
2026-06-25 11:15:00,3.880000114440918,3.9000000953674316,3.869999885559082,3.880000114440918,1498840
2026-06-25 11:30:00,3.880000114440918,3.890000104904175,3.869999885559082,3.880000114440918,581053
2026-06-25 11:45:00,3.880000114440918,3.880000114440918,3.859999895095825,3.880000114440918,753472
2026-06-25 12:00:00,3.869999885559082,3.880000114440918,3.869999885559082,3.880000114440918,320720
2026-06-25 12:15:00,3.8499999046325684,3.890000104904175,3.8499999046325684,3.880000114440918,1270374
2026-06-25 12:30:00,3.8399999141693115,3.859999895095825,3.8399999141693115,3.859999895095825,720868
2026-06-25 12:45:00,3.9100000858306885,3.9700000286102295,3.8399999141693115,3.8499999046325684,9298670
2026-06-25 13:00:00,3.9800000190734863,4.010000228881836,3.9000000953674316,3.9100000858306885,11932301
2026-06-25 13:15:00,3.9800000190734863,3.990000009536743,3.950000047683716,3.9700000286102295,4059088
2026-06-25 13:30:00,3.9700000286102295,3.9800000190734863,3.940000057220459,3.9700000286102295,2512503
2026-06-25 13:45:00,3.9100000858306885,3.9700000286102295,3.9000000953674316,3.9700000286102295,4008272
2026-06-25 14:00:00,3.890000104904175,3.9200000762939453,3.880000114440918,3.9000000953674316,2458913
2026-06-25 14:15:00,3.9000000953674316,3.9000000953674316,3.880000114440918,3.890000104904175,933274
2026-06-25 14:30:00,3.9000000953674316,3.9000000953674316,3.869999885559082,3.890000104904175,1796654
2026-06-25 14:45:00,3.880000114440918,3.9000000953674316,3.869999885559082,3.890000104904175,776381
2026-06-25 15:00:00,3.869999885559082,3.880000114440918,3.869999885559082,3.880000114440918,371275
2026-06-25 15:15:00,3.890000104904175,3.890000104904175,3.869999885559082,3.869999885559082,708987
2026-06-25 15:30:00,3.9000000953674316,3.9000000953674316,3.880000114440918,3.890000104904175,893029
2026-06-25 15:45:00,3.880000114440918,3.9000000953674316,3.869999885559082,3.9000000953674316,455889
2026-06-25 16:00:00,3.890000104904175,3.890000104904175,3.869999885559082,3.880000114440918,415247
2026-06-25 16:15:00,3.880000114440918,3.890000104904175,3.880000114440918,3.880000114440918,1019851
2026-06-25 16:30:00,3.869999885559082,3.890000104904175,3.859999895095825,3.880000114440918,852730
2026-06-25 16:45:00,3.859999895095825,3.869999885559082,3.859999895095825,3.869999885559082,801506
2026-06-25 17:00:00,3.859999895095825,3.880000114440918,3.859999895095825,3.869999885559082,585721
2026-06-25 17:15:00,3.859999895095825,3.869999885559082,3.8499999046325684,3.859999895095825,693076
2026-06-25 17:30:00,3.859999895095825,3.869999885559082,3.8399999141693115,3.869999885559082,994057
2026-06-25 17:45:00,3.869999885559082,3.880000114440918,3.8399999141693115,3.859999895095825,1510819
2026-06-26 09:45:00,3.890000104904175,3.890000104904175,3.890000104904175,3.890000104904175,0
2026-06-26 10:00:00,3.869999885559082,3.9000000953674316,3.859999895095825,3.9000000953674316,2067106
2026-06-26 10:15:00,3.859999895095825,3.880000114440918,3.8499999046325684,3.869999885559082,1501244
2026-06-26 10:30:00,3.859999895095825,3.880000114440918,3.8399999141693115,3.859999895095825,773649
2026-06-26 10:45:00,3.7899999618530273,3.869999885559082,3.7799999713897705,3.859999895095825,6957935
2026-06-26 11:00:00,3.8299999237060547,3.8399999141693115,3.7899999618530273,3.799999952316284,4059226
2026-06-26 11:15:00,3.859999895095825,3.869999885559082,3.819999933242798,3.819999933242798,1672540
2026-06-26 11:30:00,3.8499999046325684,3.859999895095825,3.8399999141693115,3.859999895095825,545704
2026-06-26 11:45:00,3.8499999046325684,3.8499999046325684,3.8399999141693115,3.8499999046325684,358842
2026-06-26 12:00:00,3.8499999046325684,3.8499999046325684,3.8299999237060547,3.8399999141693115,638602
2026-06-26 12:15:00,3.8499999046325684,3.8499999046325684,3.8399999141693115,3.8499999046325684,296581
2026-06-26 12:30:00,3.8399999141693115,3.8499999046325684,3.8299999237060547,3.8499999046325684,853229
2026-06-26 12:45:00,3.8299999237060547,3.8499999046325684,3.8299999237060547,3.8399999141693115,700110
2026-06-26 13:00:00,3.8499999046325684,3.8499999046325684,3.8299999237060547,3.8399999141693115,592478
2026-06-26 13:15:00,3.8399999141693115,3.8499999046325684,3.8399999141693115,3.8499999046325684,146633
2026-06-26 13:30:00,3.8299999237060547,3.8499999046325684,3.8299999237060547,3.8399999141693115,551483
2026-06-26 13:45:00,3.819999933242798,3.8399999141693115,3.819999933242798,3.8299999237060547,604385
2026-06-26 14:00:00,3.8399999141693115,3.8499999046325684,3.819999933242798,3.819999933242798,1319596
2026-06-26 14:15:00,3.8399999141693115,3.8399999141693115,3.819999933242798,3.8399999141693115,254578
2026-06-26 14:30:00,3.8399999141693115,3.8399999141693115,3.8299999237060547,3.8299999237060547,523575
2026-06-26 14:45:00,3.8399999141693115,3.8399999141693115,3.8299999237060547,3.8299999237060547,1098362
2026-06-26 15:00:00,3.8499999046325684,3.8499999046325684,3.819999933242798,3.8299999237060547,1420309
2026-06-26 15:15:00,3.8499999046325684,3.869999885559082,3.8499999046325684,3.8499999046325684,2134462
2026-06-26 15:30:00,3.8499999046325684,3.859999895095825,3.8399999141693115,3.8499999046325684,432303
2026-06-26 15:45:00,3.880000114440918,3.9100000858306885,3.8399999141693115,3.8499999046325684,3224984
2026-06-26 16:00:00,3.880000114440918,3.890000104904175,3.869999885559082,3.880000114440918,1598244
2026-06-26 16:15:00,3.880000114440918,3.880000114440918,3.869999885559082,3.880000114440918,686836
2026-06-26 16:30:00,3.880000114440918,3.890000104904175,3.869999885559082,3.880000114440918,1710149
2026-06-26 16:45:00,4.03000020980835,4.079999923706055,3.869999885559082,3.880000114440918,21913247
2026-06-26 17:00:00,3.9800000190734863,4.039999961853027,3.940000057220459,4.03000020980835,8600664
2026-06-26 17:15:00,3.9700000286102295,4.0,3.9600000381469727,3.9800000190734863,3309234
2026-06-26 17:30:00,3.9800000190734863,3.990000009536743,3.9600000381469727,3.9600000381469727,1832059
2026-06-26 17:45:00,3.9800000190734863,4.0,3.9700000286102295,3.990000009536743,3159972
2026-06-29 09:45:00,4.010000228881836,4.010000228881836,4.010000228881836,4.010000228881836,0
2026-06-29 10:00:00,3.990000009536743,4.019999980926514,3.9700000286102295,4.010000228881836,4224681
2026-06-29 10:15:00,3.9700000286102295,4.0,3.9600000381469727,4.0,2757954
2026-06-29 10:30:00,3.930000066757202,3.9800000190734863,3.9100000858306885,3.9700000286102295,4483154
2026-06-29 10:45:00,3.9000000953674316,3.930000066757202,3.890000104904175,3.930000066757202,4284237
2026-06-29 11:00:00,3.9100000858306885,3.9100000858306885,3.890000104904175,3.9100000858306885,883560
2026-06-29 11:15:00,3.890000104904175,3.9100000858306885,3.880000114440918,3.9100000858306885,1877665
2026-06-29 11:30:00,3.9000000953674316,3.9000000953674316,3.890000104904175,3.890000104904175,565289
2026-06-29 11:45:00,3.9000000953674316,3.9000000953674316,3.890000104904175,3.890000104904175,580687
2026-06-29 12:00:00,3.9000000953674316,3.9100000858306885,3.890000104904175,3.9000000953674316,644464
2026-06-29 12:15:00,3.9000000953674316,3.9100000858306885,3.890000104904175,3.9000000953674316,474040
2026-06-29 12:30:00,3.9200000762939453,3.950000047683716,3.880000114440918,3.9000000953674316,3100140
2026-06-29 12:45:00,3.9000000953674316,3.9200000762939453,3.880000114440918,3.9200000762939453,1283680
2026-06-29 13:00:00,3.890000104904175,3.9100000858306885,3.890000104904175,3.890000104904175,463373
2026-06-29 13:15:00,3.880000114440918,3.9000000953674316,3.880000114440918,3.890000104904175,1254354
2026-06-29 13:30:00,3.869999885559082,3.880000114440918,3.8499999046325684,3.880000114440918,3113676
2026-06-29 13:45:00,3.869999885559082,3.869999885559082,3.8399999141693115,3.869999885559082,3542056
2026-06-29 14:00:00,3.869999885559082,3.880000114440918,3.859999895095825,3.869999885559082,984364
2026-06-29 14:15:00,3.869999885559082,3.869999885559082,3.8499999046325684,3.869999885559082,750462
2026-06-29 14:30:00,3.8499999046325684,3.869999885559082,3.8499999046325684,3.859999895095825,1113253
2026-06-29 14:45:00,3.859999895095825,3.859999895095825,3.8399999141693115,3.8499999046325684,725662
2026-06-29 15:00:00,3.8399999141693115,3.859999895095825,3.8299999237060547,3.859999895095825,1160177
2026-06-29 15:15:00,3.8499999046325684,3.8499999046325684,3.8399999141693115,3.8399999141693115,1135255
2026-06-29 15:30:00,3.8399999141693115,3.8499999046325684,3.8399999141693115,3.8399999141693115,408027
2026-06-29 15:45:00,3.8499999046325684,3.8499999046325684,3.8399999141693115,3.8399999141693115,338616
2026-06-29 16:00:00,3.8499999046325684,3.859999895095825,3.8399999141693115,3.8499999046325684,450223
2026-06-29 16:15:00,3.8399999141693115,3.8499999046325684,3.8399999141693115,3.8399999141693115,286993
2026-06-29 16:30:00,3.8399999141693115,3.8499999046325684,3.8399999141693115,3.8499999046325684,1451515
2026-06-29 16:45:00,3.8299999237060547,3.8499999046325684,3.8299999237060547,3.8399999141693115,886801
2026-06-29 17:00:00,3.8299999237060547,3.8399999141693115,3.809999942779541,3.8399999141693115,1099548
2026-06-29 17:15:00,3.819999933242798,3.8299999237060547,3.809999942779541,3.8299999237060547,1185731
2026-06-29 17:30:00,3.8399999141693115,3.890000104904175,3.809999942779541,3.819999933242798,4156340
2026-06-29 17:45:00,3.809999942779541,3.8399999141693115,3.809999942779541,3.8399999141693115,2653983
2026-06-30 09:45:00,3.819999933242798,3.819999933242798,3.819999933242798,3.819999933242798,0
2026-06-30 10:00:00,3.8299999237060547,3.859999895095825,3.819999933242798,3.8299999237060547,2827750
2026-06-30 10:15:00,3.819999933242798,3.8299999237060547,3.809999942779541,3.819999933242798,1821921
2026-06-30 10:30:00,3.8299999237060547,3.8299999237060547,3.819999933242798,3.819999933242798,666692
2026-06-30 10:45:00,3.819999933242798,3.8299999237060547,3.819999933242798,3.8299999237060547,501503
2026-06-30 11:00:00,3.819999933242798,3.8299999237060547,3.809999942779541,3.819999933242798,578183
2026-06-30 11:15:00,3.8299999237060547,3.8299999237060547,3.809999942779541,3.819999933242798,361162
2026-06-30 11:30:00,3.809999942779541,3.8299999237060547,3.809999942779541,3.819999933242798,454029
2026-06-30 11:45:00,3.799999952316284,3.819999933242798,3.799999952316284,3.809999942779541,553039
2026-06-30 12:00:00,3.809999942779541,3.819999933242798,3.799999952316284,3.809999942779541,409521
2026-06-30 12:15:00,3.819999933242798,3.8299999237060547,3.809999942779541,3.809999942779541,434523
2026-06-30 12:30:00,3.819999933242798,3.819999933242798,3.809999942779541,3.809999942779541,269332
2026-06-30 12:45:00,3.819999933242798,3.819999933242798,3.799999952316284,3.819999933242798,980746
2026-06-30 13:00:00,3.819999933242798,3.8299999237060547,3.809999942779541,3.809999942779541,371457
2026-06-30 13:15:00,3.809999942779541,3.8299999237060547,3.809999942779541,3.819999933242798,686124
2026-06-30 13:30:00,3.819999933242798,3.8299999237060547,3.809999942779541,3.809999942779541,911564
2026-06-30 13:45:00,3.819999933242798,3.8299999237060547,3.809999942779541,3.819999933242798,1052082
2026-06-30 14:00:00,3.8299999237060547,3.8299999237060547,3.809999942779541,3.809999942779541,595620
2026-06-30 14:15:00,3.809999942779541,3.8299999237060547,3.809999942779541,3.8299999237060547,1190816
2026-06-30 14:30:00,3.8299999237060547,3.8399999141693115,3.809999942779541,3.819999933242798,2348125
2026-06-30 14:45:00,3.799999952316284,3.8299999237060547,3.799999952316284,3.8299999237060547,2151717
2026-06-30 15:00:00,3.799999952316284,3.809999942779541,3.7899999618530273,3.799999952316284,1568887
2026-06-30 15:15:00,3.799999952316284,3.799999952316284,3.7799999713897705,3.799999952316284,1262800
2026-06-30 15:30:00,3.7699999809265137,3.799999952316284,3.7699999809265137,3.799999952316284,3179562
2026-06-30 15:45:00,3.7899999618530273,3.7899999618530273,3.7699999809265137,3.7799999713897705,844410
2026-06-30 16:00:00,3.809999942779541,3.809999942779541,3.7799999713897705,3.7899999618530273,1474231
2026-06-30 16:15:00,3.809999942779541,3.8299999237060547,3.7799999713897705,3.799999952316284,2829436
2026-06-30 16:30:00,3.809999942779541,3.819999933242798,3.799999952316284,3.819999933242798,1085657
2026-06-30 16:45:00,3.819999933242798,3.8399999141693115,3.809999942779541,3.809999942779541,1735310
2026-06-30 17:00:00,3.809999942779541,3.8299999237060547,3.809999942779541,3.819999933242798,1140599
2026-06-30 17:15:00,3.7899999618530273,3.809999942779541,3.7799999713897705,3.809999942779541,2992185
2026-06-30 17:30:00,3.799999952316284,3.809999942779541,3.7799999713897705,3.7899999618530273,2448979
2026-06-30 17:45:00,3.809999942779541,3.819999933242798,3.7899999618530273,3.809999942779541,2547768
2026-07-01 09:45:00,3.819999933242798,3.819999933242798,3.819999933242798,3.819999933242798,0
2026-07-01 10:00:00,3.9000000953674316,3.930000066757202,3.809999942779541,3.809999942779541,10265262
2026-07-01 10:15:00,3.880000114440918,3.9000000953674316,3.880000114440918,3.9000000953674316,3350613
2026-07-01 10:30:00,3.880000114440918,3.890000104904175,3.869999885559082,3.880000114440918,6595879
2026-07-01 10:45:00,3.869999885559082,3.880000114440918,3.859999895095825,3.880000114440918,1165184
2026-07-01 11:00:00,3.869999885559082,3.890000104904175,3.869999885559082,3.880000114440918,1117393
2026-07-01 11:15:00,3.880000114440918,3.890000104904175,3.869999885559082,3.869999885559082,808398
2026-07-01 11:30:00,3.880000114440918,3.9000000953674316,3.880000114440918,3.890000104904175,1016061
2026-07-01 11:45:00,3.880000114440918,3.890000104904175,3.880000114440918,3.890000104904175,423462
2026-07-01 12:00:00,3.859999895095825,3.890000104904175,3.859999895095825,3.890000104904175,1053898
2026-07-01 12:15:00,3.869999885559082,3.869999885559082,3.8499999046325684,3.859999895095825,496994
2026-07-01 12:30:00,3.859999895095825,3.880000114440918,3.859999895095825,3.859999895095825,433357
2026-07-01 12:45:00,3.869999885559082,3.869999885559082,3.8499999046325684,3.869999885559082,706814
2026-07-01 13:00:00,3.869999885559082,3.869999885559082,3.859999895095825,3.869999885559082,624629
2026-07-01 13:15:00,3.859999895095825,3.869999885559082,3.8499999046325684,3.869999885559082,789875
2026-07-01 13:30:00,3.859999895095825,3.869999885559082,3.859999895095825,3.869999885559082,363144
2026-07-01 13:45:00,3.869999885559082,3.880000114440918,3.859999895095825,3.859999895095825,703766
2026-07-01 14:00:00,3.890000104904175,3.890000104904175,3.869999885559082,3.869999885559082,1402505
2026-07-01 14:15:00,3.9000000953674316,3.9100000858306885,3.880000114440918,3.890000104904175,2336641
2026-07-01 14:30:00,3.890000104904175,3.9100000858306885,3.869999885559082,3.9100000858306885,1314862
2026-07-01 14:45:00,3.890000104904175,3.890000104904175,3.880000114440918,3.880000114440918,238758
2026-07-01 15:00:00,3.880000114440918,3.890000104904175,3.869999885559082,3.890000104904175,890382
2026-07-01 15:15:00,3.859999895095825,3.880000114440918,3.859999895095825,3.869999885559082,719772
2026-07-01 15:30:00,3.880000114440918,3.9000000953674316,3.859999895095825,3.869999885559082,2747194
2026-07-01 15:45:00,3.869999885559082,3.890000104904175,3.869999885559082,3.890000104904175,459223
2026-07-01 16:00:00,3.869999885559082,3.880000114440918,3.859999895095825,3.869999885559082,859623
2026-07-01 16:15:00,3.859999895095825,3.869999885559082,3.8499999046325684,3.859999895095825,868292
2026-07-01 16:30:00,3.859999895095825,3.869999885559082,3.859999895095825,3.859999895095825,391893
2026-07-01 16:45:00,3.869999885559082,3.880000114440918,3.859999895095825,3.859999895095825,876508
2026-07-01 17:00:00,3.869999885559082,3.880000114440918,3.869999885559082,3.880000114440918,647851
2026-07-01 17:15:00,3.869999885559082,3.880000114440918,3.869999885559082,3.869999885559082,1038141
2026-07-01 17:30:00,3.880000114440918,3.890000104904175,3.869999885559082,3.869999885559082,1114658
2026-07-01 17:45:00,3.9100000858306885,3.9200000762939453,3.869999885559082,3.880000114440918,5354536
2026-07-02 09:45:00,3.9000000953674316,3.9000000953674316,3.9000000953674316,3.9000000953674316,0
2026-07-02 10:00:00,3.890000104904175,3.9100000858306885,3.880000114440918,3.9100000858306885,1327779
2026-07-02 10:15:00,3.890000104904175,3.9000000953674316,3.880000114440918,3.890000104904175,1143930
2026-07-02 10:30:00,3.890000104904175,3.890000104904175,3.869999885559082,3.890000104904175,1157426
2026-07-02 10:45:00,3.880000114440918,3.9000000953674316,3.880000114440918,3.890000104904175,843126
2026-07-02 11:00:00,3.880000114440918,3.890000104904175,3.869999885559082,3.880000114440918,2006418
2026-07-02 11:15:00,3.869999885559082,3.890000104904175,3.869999885559082,3.869999885559082,764728
2026-07-02 11:30:00,3.880000114440918,3.880000114440918,3.859999895095825,3.880000114440918,869134
2026-07-02 11:45:00,3.869999885559082,3.880000114440918,3.869999885559082,3.880000114440918,315536
2026-07-02 12:00:00,3.859999895095825,3.869999885559082,3.859999895095825,3.869999885559082,585728
2026-07-02 12:15:00,3.869999885559082,3.890000104904175,3.859999895095825,3.869999885559082,1751140
2026-07-02 12:30:00,3.859999895095825,3.869999885559082,3.859999895095825,3.869999885559082,355543
2026-07-02 12:45:00,3.859999895095825,3.869999885559082,3.8499999046325684,3.859999895095825,1483440
2026-07-02 13:00:00,3.869999885559082,3.880000114440918,3.8499999046325684,3.859999895095825,901071
2026-07-02 13:15:00,3.859999895095825,3.880000114440918,3.859999895095825,3.869999885559082,636286
2026-07-02 13:30:00,3.859999895095825,3.880000114440918,3.8499999046325684,3.859999895095825,1089925
2026-07-02 13:45:00,3.8499999046325684,3.859999895095825,3.8499999046325684,3.859999895095825,224996
2026-07-02 14:00:00,3.869999885559082,3.880000114440918,3.8499999046325684,3.859999895095825,1169107
2026-07-02 14:15:00,3.859999895095825,3.880000114440918,3.859999895095825,3.880000114440918,600638
2026-07-02 14:30:00,3.9000000953674316,3.9200000762939453,3.869999885559082,3.869999885559082,3907088
2026-07-02 14:45:00,3.950000047683716,3.9600000381469727,3.890000104904175,3.9000000953674316,3586026
2026-07-02 15:00:00,3.9700000286102295,3.9800000190734863,3.930000066757202,3.9600000381469727,5032137
2026-07-02 15:15:00,3.950000047683716,3.9800000190734863,3.950000047683716,3.9800000190734863,3823175
2026-07-02 15:30:00,3.9700000286102295,3.9700000286102295,3.930000066757202,3.950000047683716,3095886
2026-07-02 15:45:00,3.9700000286102295,3.990000009536743,3.950000047683716,3.9700000286102295,2797199
2026-07-02 16:00:00,3.950000047683716,3.9800000190734863,3.930000066757202,3.9700000286102295,2389348
2026-07-02 16:15:00,3.950000047683716,3.950000047683716,3.930000066757202,3.940000057220459,1088054
2026-07-02 16:30:00,3.950000047683716,3.9600000381469727,3.940000057220459,3.940000057220459,1154548
2026-07-02 16:45:00,3.930000066757202,3.9600000381469727,3.9200000762939453,3.950000047683716,3379232
2026-07-02 17:00:00,3.9200000762939453,3.930000066757202,3.9200000762939453,3.930000066757202,556843
2026-07-02 17:15:00,3.9200000762939453,3.930000066757202,3.9200000762939453,3.9200000762939453,460185
2026-07-02 17:30:00,3.9100000858306885,3.930000066757202,3.9100000858306885,3.930000066757202,1261555
2026-07-02 17:45:00,3.9200000762939453,3.930000066757202,3.9100000858306885,3.9100000858306885,2151423
2026-07-03 09:45:00,3.9100000858306885,3.9100000858306885,3.9100000858306885,3.9100000858306885,0
2026-07-03 10:00:00,3.9100000858306885,3.930000066757202,3.9000000953674316,3.9200000762939453,2011144
2026-07-03 10:15:00,3.9000000953674316,3.9100000858306885,3.890000104904175,3.9100000858306885,1535734
2026-07-03 10:30:00,3.9000000953674316,3.940000057220459,3.890000104904175,3.9100000858306885,2838033
2026-07-03 10:45:00,3.9200000762939453,3.940000057220459,3.890000104904175,3.890000104904175,1329436
2026-07-03 11:00:00,3.9100000858306885,3.9200000762939453,3.9000000953674316,3.9200000762939453,1125606
2026-07-03 11:15:00,3.9000000953674316,3.9200000762939453,3.9000000953674316,3.9100000858306885,370510
2026-07-03 11:30:00,3.9100000858306885,3.9100000858306885,3.9000000953674316,3.9000000953674316,228068
2026-07-03 11:45:00,3.869999885559082,3.9100000858306885,3.859999895095825,3.9000000953674316,3432605
2026-07-03 12:00:00,3.859999895095825,3.869999885559082,3.809999942779541,3.869999885559082,8650237
2026-07-03 12:15:00,3.869999885559082,3.890000104904175,3.8499999046325684,3.859999895095825,2574577
2026-07-03 12:30:00,3.869999885559082,3.880000114440918,3.859999895095825,3.869999885559082,527894
2026-07-03 12:45:00,3.880000114440918,3.880000114440918,3.869999885559082,3.869999885559082,373351
2026-07-03 13:00:00,3.880000114440918,3.890000104904175,3.880000114440918,3.880000114440918,231243
2026-07-03 13:15:00,3.880000114440918,3.890000104904175,3.880000114440918,3.880000114440918,282994
2026-07-03 13:30:00,3.890000104904175,3.890000104904175,3.880000114440918,3.880000114440918,385379
2026-07-03 13:45:00,3.890000104904175,3.9000000953674316,3.880000114440918,3.890000104904175,598720
2026-07-03 14:00:00,3.9000000953674316,3.9000000953674316,3.890000104904175,3.9000000953674316,797333
2026-07-03 14:15:00,3.9000000953674316,3.9100000858306885,3.890000104904175,3.9000000953674316,2078648
2026-07-03 14:30:00,3.9000000953674316,3.9000000953674316,3.890000104904175,3.9000000953674316,229352
2026-07-03 14:45:00,3.890000104904175,3.9000000953674316,3.890000104904175,3.9000000953674316,166265
2026-07-03 15:00:00,3.9100000858306885,3.9100000858306885,3.880000114440918,3.9000000953674316,689236
2026-07-03 15:15:00,3.890000104904175,3.9100000858306885,3.890000104904175,3.9100000858306885,265498
2026-07-03 15:30:00,3.869999885559082,3.9000000953674316,3.8499999046325684,3.890000104904175,1684648
2026-07-03 15:45:00,3.880000114440918,3.890000104904175,3.880000114440918,3.880000114440918,537103
2026-07-03 16:00:00,3.869999885559082,3.890000104904175,3.869999885559082,3.890000104904175,1139252
2026-07-03 16:15:00,3.869999885559082,3.880000114440918,3.869999885559082,3.869999885559082,505651
2026-07-03 16:30:00,3.859999895095825,3.880000114440918,3.859999895095825,3.859999895095825,1070978
2026-07-03 16:45:00,3.869999885559082,3.869999885559082,3.859999895095825,3.869999885559082,910071
2026-07-03 17:00:00,3.869999885559082,3.880000114440918,3.8499999046325684,3.869999885559082,1516890
2026-07-03 17:15:00,3.859999895095825,3.880000114440918,3.8499999046325684,3.869999885559082,1360880
2026-07-03 17:30:00,3.859999895095825,3.869999885559082,3.8499999046325684,3.8499999046325684,1336469
2026-07-03 17:45:00,3.859999895095825,3.869999885559082,3.8499999046325684,3.859999895095825,2241616
2026-07-06 09:45:00,3.869999885559082,3.869999885559082,3.869999885559082,3.869999885559082,0
2026-07-06 10:00:00,3.880000114440918,3.9100000858306885,3.8499999046325684,3.880000114440918,3827208
2026-07-06 10:15:00,3.880000114440918,3.880000114440918,3.8499999046325684,3.880000114440918,1544548
2026-07-06 10:30:00,3.869999885559082,3.880000114440918,3.859999895095825,3.880000114440918,980741
2026-07-06 10:45:00,3.880000114440918,3.880000114440918,3.859999895095825,3.869999885559082,1179476
2026-07-06 11:00:00,3.869999885559082,3.880000114440918,3.869999885559082,3.869999885559082,588117
2026-07-06 11:15:00,3.869999885559082,3.880000114440918,3.859999895095825,3.869999885559082,1638342
2026-07-06 11:30:00,3.859999895095825,3.880000114440918,3.859999895095825,3.859999895095825,1033004
2026-07-06 11:45:00,3.869999885559082,3.880000114440918,3.859999895095825,3.859999895095825,750122
2026-07-06 12:00:00,3.859999895095825,3.880000114440918,3.859999895095825,3.880000114440918,418920
2026-07-06 12:15:00,3.859999895095825,3.869999885559082,3.8499999046325684,3.869999885559082,752776
2026-07-06 12:30:00,3.8499999046325684,3.869999885559082,3.8499999046325684,3.859999895095825,458475
2026-07-06 12:45:00,3.8499999046325684,3.859999895095825,3.8399999141693115,3.8499999046325684,1772851
2026-07-06 13:00:00,3.8499999046325684,3.859999895095825,3.8399999141693115,3.8499999046325684,1001358
2026-07-06 13:15:00,3.859999895095825,3.859999895095825,3.8499999046325684,3.859999895095825,99353
2026-07-06 13:30:00,3.8499999046325684,3.859999895095825,3.8499999046325684,3.859999895095825,928203
2026-07-06 13:45:00,3.8499999046325684,3.8499999046325684,3.8399999141693115,3.8499999046325684,316449
2026-07-06 14:00:00,3.869999885559082,3.869999885559082,3.8399999141693115,3.8399999141693115,829029
2026-07-06 14:15:00,3.859999895095825,3.869999885559082,3.8499999046325684,3.869999885559082,325274
2026-07-06 14:30:00,3.8499999046325684,3.859999895095825,3.8499999046325684,3.859999895095825,859531
2026-07-06 14:45:00,3.8399999141693115,3.859999895095825,3.8399999141693115,3.859999895095825,774387
2026-07-06 15:00:00,3.869999885559082,3.869999885559082,3.8399999141693115,3.8399999141693115,1199449
2026-07-06 15:15:00,3.859999895095825,3.869999885559082,3.8499999046325684,3.869999885559082,1584121
2026-07-06 15:30:00,3.859999895095825,3.859999895095825,3.8499999046325684,3.8499999046325684,418206
2026-07-06 15:45:00,3.859999895095825,3.869999885559082,3.8499999046325684,3.859999895095825,1278553
2026-07-06 16:00:00,3.859999895095825,3.869999885559082,3.8499999046325684,3.859999895095825,394878
2026-07-06 16:15:00,3.8499999046325684,3.859999895095825,3.8499999046325684,3.859999895095825,416277
2026-07-06 16:30:00,3.8499999046325684,3.859999895095825,3.8499999046325684,3.8499999046325684,497632
2026-07-06 16:45:00,3.819999933242798,3.8499999046325684,3.799999952316284,3.8499999046325684,5331878
2026-07-06 17:00:00,3.7899999618530273,3.819999933242798,3.7899999618530273,3.819999933242798,2667277
2026-07-06 17:15:00,3.809999942779541,3.809999942779541,3.7899999618530273,3.799999952316284,1540243
2026-07-06 17:30:00,3.7899999618530273,3.809999942779541,3.7899999618530273,3.809999942779541,1054384
2026-07-06 17:45:00,3.799999952316284,3.799999952316284,3.7899999618530273,3.7899999618530273,2131859
2026-07-07 09:45:00,3.809999942779541,3.809999942779541,3.809999942779541,3.809999942779541,0
2026-07-07 10:00:00,3.740000009536743,3.809999942779541,3.7300000190734863,3.809999942779541,3584108
2026-07-07 10:15:00,3.759999990463257,3.7699999809265137,3.7300000190734863,3.7300000190734863,2299634
2026-07-07 10:30:00,3.799999952316284,3.809999942779541,3.7699999809265137,3.7699999809265137,6822260
2026-07-07 10:45:00,3.7699999809265137,3.809999942779541,3.759999990463257,3.799999952316284,2994488
2026-07-07 11:00:00,3.7799999713897705,3.7899999618530273,3.7699999809265137,3.7699999809265137,1016676
2026-07-07 11:15:00,3.7899999618530273,3.7899999618530273,3.7699999809265137,3.7799999713897705,822860
2026-07-07 11:30:00,3.7699999809265137,3.7899999618530273,3.759999990463257,3.7899999618530273,921156
2026-07-07 11:45:00,3.7699999809265137,3.7799999713897705,3.759999990463257,3.7799999713897705,419135
2026-07-07 12:00:00,3.75,3.7699999809265137,3.75,3.759999990463257,1034168
2026-07-07 12:15:00,3.75,3.759999990463257,3.75,3.75,506247
2026-07-07 12:30:00,3.759999990463257,3.7899999618530273,3.75,3.75,950415
2026-07-07 12:45:00,3.75,3.7699999809265137,3.75,3.759999990463257,978342
2026-07-07 13:00:00,3.740000009536743,3.759999990463257,3.7300000190734863,3.75,1257286
2026-07-07 13:15:00,3.75,3.759999990463257,3.740000009536743,3.740000009536743,701085
2026-07-07 13:30:00,3.7300000190734863,3.75,3.7300000190734863,3.75,1241958
2026-07-07 13:45:00,3.740000009536743,3.75,3.7300000190734863,3.740000009536743,949297
2026-07-07 14:00:00,3.759999990463257,3.7699999809265137,3.740000009536743,3.740000009536743,1518978
2026-07-07 14:15:00,3.75,3.7699999809265137,3.75,3.7699999809265137,581858
2026-07-07 14:30:00,3.740000009536743,3.759999990463257,3.7300000190734863,3.75,805282
2026-07-07 14:45:00,3.740000009536743,3.740000009536743,3.7300000190734863,3.740000009536743,408420
2026-07-07 15:00:00,3.75,3.75,3.7300000190734863,3.740000009536743,843478
2026-07-07 15:15:00,3.7300000190734863,3.75,3.7200000286102295,3.75,666243
2026-07-07 15:30:00,3.7200000286102295,3.7300000190734863,3.7200000286102295,3.7300000190734863,711994
2026-07-07 15:45:00,3.7300000190734863,3.7300000190734863,3.7200000286102295,3.7300000190734863,427928
2026-07-07 16:00:00,3.7200000286102295,3.7300000190734863,3.7200000286102295,3.7300000190734863,492486
2026-07-07 16:15:00,3.7100000381469727,3.740000009536743,3.690000057220459,3.7200000286102295,5224328
2026-07-07 16:30:00,3.6700000762939453,3.7100000381469727,3.6600000858306885,3.7100000381469727,3420189
2026-07-07 16:45:00,3.619999885559082,3.6700000762939453,3.609999895095825,3.6600000858306885,5964171
2026-07-07 17:00:00,3.440000057220459,3.630000114440918,3.440000057220459,3.619999885559082,18070032
2026-07-07 17:15:00,3.4800000190734863,3.5,3.4200000762939453,3.440000057220459,11485507
2026-07-07 17:30:00,3.4600000381469727,3.5199999809265137,3.440000057220459,3.490000009536743,10685191
2026-07-07 17:45:00,3.5799999237060547,3.619999885559082,3.440000057220459,3.4600000381469727,12000672
2026-07-08 09:45:00,3.630000114440918,3.630000114440918,3.630000114440918,3.630000114440918,0
2026-07-08 10:00:00,3.549999952316284,3.630000114440918,3.549999952316284,3.630000114440918,4671493
2026-07-08 10:15:00,3.609999895095825,3.609999895095825,3.5399999618530273,3.559999942779541,2993303
2026-07-08 10:30:00,3.5799999237060547,3.609999895095825,3.569999933242798,3.609999895095825,910708
2026-07-08 10:45:00,3.5899999141693115,3.5999999046325684,3.569999933242798,3.5799999237060547,1994766
2026-07-08 11:00:00,3.6500000953674316,3.6700000762939453,3.5899999141693115,3.5899999141693115,6276313
2026-07-08 11:15:00,3.549999952316284,3.6500000953674316,3.549999952316284,3.640000104904175,5166633
2026-07-08 11:30:00,3.5299999713897705,3.559999942779541,3.5199999809265137,3.549999952316284,3136306
2026-07-08 11:45:00,3.549999952316284,3.559999942779541,3.5299999713897705,3.5399999618530273,1434098
2026-07-08 12:00:00,3.5399999618530273,3.549999952316284,3.5299999713897705,3.549999952316284,268489
2026-07-08 12:15:00,3.5299999713897705,3.5399999618530273,3.5199999809265137,3.5399999618530273,1389933
2026-07-08 12:30:00,3.5199999809265137,3.5399999618530273,3.5199999809265137,3.5299999713897705,1658157
2026-07-08 12:45:00,3.5199999809265137,3.5299999713897705,3.509999990463257,3.5199999809265137,621387
2026-07-08 13:00:00,3.5199999809265137,3.5199999809265137,3.509999990463257,3.5199999809265137,499646
2026-07-08 13:15:00,3.5,3.5199999809265137,3.4800000190734863,3.5199999809265137,1975777
2026-07-08 13:30:00,3.490000009536743,3.5,3.4800000190734863,3.5,833968
2026-07-08 13:45:00,3.4800000190734863,3.5,3.4700000286102295,3.4800000190734863,1089363
2026-07-08 14:00:00,3.490000009536743,3.490000009536743,3.4700000286102295,3.4800000190734863,1068854
2026-07-08 14:15:00,3.4700000286102295,3.490000009536743,3.450000047683716,3.490000009536743,2173512
2026-07-08 14:30:00,3.4700000286102295,3.4800000190734863,3.4600000381469727,3.4800000190734863,1787764
2026-07-08 14:45:00,3.4700000286102295,3.4700000286102295,3.4600000381469727,3.4700000286102295,2297605
2026-07-08 15:00:00,3.4600000381469727,3.4700000286102295,3.450000047683716,3.4600000381469727,1718967
2026-07-08 15:15:00,3.4800000190734863,3.4800000190734863,3.450000047683716,3.4600000381469727,1441738
2026-07-08 15:30:00,3.490000009536743,3.5,3.4800000190734863,3.4800000190734863,662243
2026-07-08 15:45:00,3.4800000190734863,3.490000009536743,3.4700000286102295,3.490000009536743,664450
2026-07-08 16:00:00,3.490000009536743,3.509999990463257,3.4800000190734863,3.4800000190734863,1885167
2026-07-08 16:15:00,3.5,3.5,3.4800000190734863,3.490000009536743,707058
2026-07-08 16:30:00,3.5,3.509999990463257,3.4800000190734863,3.5,880365
2026-07-08 16:45:00,3.5,3.5,3.490000009536743,3.5,541630
2026-07-08 17:00:00,3.490000009536743,3.509999990463257,3.4800000190734863,3.5,1617202
2026-07-08 17:15:00,3.490000009536743,3.5,3.4800000190734863,3.490000009536743,1265654
2026-07-08 17:30:00,3.4800000190734863,3.490000009536743,3.4700000286102295,3.4800000190734863,1463508
2026-07-08 17:45:00,3.4600000381469727,3.4800000190734863,3.450000047683716,3.4700000286102295,3893422
2026-07-09 09:45:00,3.490000009536743,3.490000009536743,3.490000009536743,3.490000009536743,0
2026-07-09 10:00:00,3.450000047683716,3.5,3.440000057220459,3.490000009536743,3307568
2026-07-09 10:15:00,3.490000009536743,3.5,3.430000066757202,3.450000047683716,6083239
2026-07-09 10:30:00,3.5199999809265137,3.5199999809265137,3.4800000190734863,3.4800000190734863,3469793
2026-07-09 10:45:00,3.5,3.5199999809265137,3.5,3.509999990463257,1292270
2026-07-09 11:00:00,3.5199999809265137,3.5199999809265137,3.490000009536743,3.509999990463257,800586
2026-07-09 11:15:00,3.509999990463257,3.5199999809265137,3.5,3.5199999809265137,1208724
2026-07-09 11:30:00,3.5199999809265137,3.5199999809265137,3.5,3.509999990463257,494202
2026-07-09 11:45:00,3.5,3.5199999809265137,3.4800000190734863,3.5199999809265137,2767822
2026-07-09 12:00:00,3.5,3.509999990463257,3.490000009536743,3.490000009536743,783109
2026-07-09 12:15:00,3.5,3.5,3.490000009536743,3.5,214032
2026-07-09 12:30:00,3.490000009536743,3.5,3.4800000190734863,3.5,376957
2026-07-09 12:45:00,3.509999990463257,3.509999990463257,3.490000009536743,3.5,625797
2026-07-09 13:00:00,3.490000009536743,3.509999990463257,3.490000009536743,3.5,1176917
2026-07-09 13:15:00,3.4700000286102295,3.5,3.4700000286102295,3.5,1482067
2026-07-09 13:30:00,3.4700000286102295,3.4800000190734863,3.4600000381469727,3.4700000286102295,454649
2026-07-09 13:45:00,3.4700000286102295,3.4800000190734863,3.450000047683716,3.4600000381469727,1879070
2026-07-09 14:00:00,3.4800000190734863,3.490000009536743,3.4700000286102295,3.4700000286102295,601802
2026-07-09 14:15:00,3.4700000286102295,3.490000009536743,3.4700000286102295,3.4800000190734863,892350
2026-07-09 14:30:00,3.4700000286102295,3.4800000190734863,3.4600000381469727,3.4700000286102295,308265
2026-07-09 14:45:00,3.4800000190734863,3.4800000190734863,3.4700000286102295,3.4800000190734863,164297
2026-07-09 15:00:00,3.490000009536743,3.490000009536743,3.4800000190734863,3.4800000190734863,114793
2026-07-09 15:15:00,3.4700000286102295,3.490000009536743,3.4600000381469727,3.4800000190734863,574509
2026-07-09 15:30:00,3.4700000286102295,3.4800000190734863,3.4700000286102295,3.4700000286102295,347665
2026-07-09 15:45:00,3.4700000286102295,3.4800000190734863,3.4700000286102295,3.4800000190734863,74854
2026-07-09 16:00:00,3.4700000286102295,3.4800000190734863,3.4600000381469727,3.4700000286102295,1028086
2026-07-09 16:15:00,3.4700000286102295,3.4800000190734863,3.4600000381469727,3.4700000286102295,1031104
2026-07-09 16:30:00,3.4800000190734863,3.4800000190734863,3.4600000381469727,3.4700000286102295,493654
2026-07-09 16:45:00,3.4800000190734863,3.4800000190734863,3.4600000381469727,3.4700000286102295,758481
2026-07-09 17:00:00,3.4700000286102295,3.4800000190734863,3.4600000381469727,3.4800000190734863,663471
2026-07-09 17:15:00,3.4600000381469727,3.4800000190734863,3.450000047683716,3.4700000286102295,830434
2026-07-09 17:30:00,3.4700000286102295,3.4700000286102295,3.450000047683716,3.4600000381469727,515229
2026-07-09 17:45:00,3.4600000381469727,3.4800000190734863,3.450000047683716,3.4700000286102295,1193199
2026-07-10 09:45:00,3.450000047683716,3.450000047683716,3.450000047683716,3.450000047683716,0
2026-07-10 10:00:00,3.4600000381469727,3.4600000381469727,3.4000000953674316,3.450000047683716,3351204
2026-07-10 10:15:00,3.4800000190734863,3.4800000190734863,3.450000047683716,3.4700000286102295,1017969
2026-07-10 10:30:00,3.4800000190734863,3.490000009536743,3.4600000381469727,3.4700000286102295,1137356
2026-07-10 10:45:00,3.4800000190734863,3.4800000190734863,3.4600000381469727,3.4800000190734863,537970
2026-07-10 11:00:00,3.490000009536743,3.490000009536743,3.4700000286102295,3.4800000190734863,547901
2026-07-10 11:15:00,3.4800000190734863,3.5,3.4800000190734863,3.490000009536743,1210620
2026-07-10 11:30:00,3.4700000286102295,3.4800000190734863,3.4700000286102295,3.4800000190734863,561979
2026-07-10 11:45:00,3.4800000190734863,3.4800000190734863,3.4600000381469727,3.4600000381469727,757801
2026-07-10 12:00:00,3.4700000286102295,3.4800000190734863,3.4600000381469727,3.4800000190734863,590484
2026-07-10 12:15:00,3.4800000190734863,3.4800000190734863,3.4600000381469727,3.4700000286102295,716884
2026-07-10 12:30:00,3.4700000286102295,3.490000009536743,3.4700000286102295,3.4800000190734863,164455
2026-07-10 12:45:00,3.4700000286102295,3.4800000190734863,3.4700000286102295,3.4700000286102295,319542
2026-07-10 13:00:00,3.440000057220459,3.4700000286102295,3.440000057220459,3.4600000381469727,1171258
2026-07-10 13:15:00,3.450000047683716,3.4600000381469727,3.440000057220459,3.440000057220459,823377
2026-07-10 13:30:00,3.440000057220459,3.450000047683716,3.430000066757202,3.450000047683716,1314953
2026-07-10 13:45:00,3.450000047683716,3.4600000381469727,3.440000057220459,3.440000057220459,676363
2026-07-10 14:00:00,3.4600000381469727,3.4800000190734863,3.450000047683716,3.4600000381469727,1787697
2026-07-10 14:15:00,3.4700000286102295,3.4700000286102295,3.450000047683716,3.4600000381469727,451582
2026-07-10 14:30:00,3.4700000286102295,3.4700000286102295,3.4600000381469727,3.4700000286102295,621584
2026-07-10 14:45:00,3.4700000286102295,3.4800000190734863,3.4600000381469727,3.4700000286102295,588902
2026-07-10 15:00:00,3.4800000190734863,3.490000009536743,3.4600000381469727,3.4700000286102295,943226
2026-07-10 15:15:00,3.5,3.509999990463257,3.4700000286102295,3.4800000190734863,2201391
2026-07-10 15:30:00,3.490000009536743,3.5,3.4800000190734863,3.5,518478
2026-07-10 15:45:00,3.4800000190734863,3.5,3.4800000190734863,3.4800000190734863,727548
2026-07-10 16:00:00,3.5,3.5,3.4800000190734863,3.490000009536743,302531
2026-07-10 16:15:00,3.490000009536743,3.5,3.490000009536743,3.5,499346
2026-07-10 16:30:00,3.490000009536743,3.490000009536743,3.4800000190734863,3.490000009536743,869992
2026-07-10 16:45:00,3.490000009536743,3.490000009536743,3.4700000286102295,3.490000009536743,798817
2026-07-10 17:00:00,3.4700000286102295,3.5,3.4600000381469727,3.4800000190734863,1395389
2026-07-10 17:15:00,3.4700000286102295,3.4700000286102295,3.4600000381469727,3.4700000286102295,831359
2026-07-10 17:30:00,3.4600000381469727,3.4700000286102295,3.450000047683716,3.4700000286102295,1725308
2026-07-10 17:45:00,3.5,3.5,3.450000047683716,3.4700000286102295,2255982
2026-07-13 09:45:00,3.509999990463257,3.509999990463257,3.509999990463257,3.509999990463257,0
2026-07-13 10:00:00,3.569999933242798,3.6500000953674316,3.5,3.509999990463257,15759014
2026-07-13 10:15:00,3.5999999046325684,3.6600000858306885,3.569999933242798,3.5799999237060547,11694439
2026-07-13 10:30:00,3.559999942779541,3.609999895095825,3.549999952316284,3.5999999046325684,7579346
2026-07-13 10:45:00,3.609999895095825,3.619999885559082,3.549999952316284,3.559999942779541,3222190
2026-07-13 11:00:00,3.619999885559082,3.630000114440918,3.5799999237060547,3.5999999046325684,5511334
2026-07-13 11:15:00,3.609999895095825,3.619999885559082,3.5999999046325684,3.619999885559082,2372772
2026-07-13 11:30:00,3.5999999046325684,3.609999895095825,3.5999999046325684,3.5999999046325684,694257
2026-07-13 11:45:00,3.619999885559082,3.630000114440918,3.5999999046325684,3.609999895095825,2135210
2026-07-13 12:00:00,3.640000104904175,3.640000104904175,3.609999895095825,3.619999885559082,3088440
2026-07-13 12:15:00,3.5999999046325684,3.640000104904175,3.5799999237060547,3.640000104904175,1828919
2026-07-13 12:30:00,3.609999895095825,3.609999895095825,3.5899999141693115,3.5899999141693115,666313
2026-07-13 12:45:00,3.5899999141693115,3.609999895095825,3.5799999237060547,3.5999999046325684,836816
2026-07-13 13:00:00,3.5799999237060547,3.5999999046325684,3.5799999237060547,3.5899999141693115,857809
2026-07-13 13:15:00,3.5899999141693115,3.609999895095825,3.5799999237060547,3.5799999237060547,1188031
2026-07-13 13:30:00,3.609999895095825,3.609999895095825,3.5799999237060547,3.5899999141693115,849679
2026-07-13 13:45:00,3.609999895095825,3.609999895095825,3.5999999046325684,3.609999895095825,356089
2026-07-13 14:00:00,3.5999999046325684,3.619999885559082,3.5999999046325684,3.609999895095825,912843
2026-07-13 14:15:00,3.609999895095825,3.630000114440918,3.5999999046325684,3.5999999046325684,1192282
2026-07-13 14:30:00,3.619999885559082,3.619999885559082,3.609999895095825,3.609999895095825,444864
2026-07-13 14:45:00,3.5999999046325684,3.619999885559082,3.5899999141693115,3.619999885559082,389184
2026-07-13 15:00:00,3.5999999046325684,3.5999999046325684,3.5799999237060547,3.5999999046325684,677970
2026-07-13 15:15:00,3.5999999046325684,3.609999895095825,3.5899999141693115,3.5899999141693115,545037
2026-07-13 15:30:00,3.559999942779541,3.5999999046325684,3.559999942779541,3.5999999046325684,1515177
2026-07-13 15:45:00,3.549999952316284,3.559999942779541,3.5399999618530273,3.559999942779541,730310
2026-07-13 16:00:00,3.5299999713897705,3.549999952316284,3.5199999809265137,3.549999952316284,1149940
2026-07-13 16:15:00,3.5299999713897705,3.5399999618530273,3.5299999713897705,3.5299999713897705,294110
2026-07-13 16:30:00,3.5299999713897705,3.5399999618530273,3.5199999809265137,3.5299999713897705,591242
2026-07-13 16:45:00,3.5299999713897705,3.5399999618530273,3.5299999713897705,3.5399999618530273,242665
2026-07-13 17:00:00,3.549999952316284,3.549999952316284,3.5299999713897705,3.5299999713897705,903206
2026-07-13 17:15:00,3.5399999618530273,3.559999942779541,3.5299999713897705,3.549999952316284,550508
2026-07-13 17:30:00,3.5299999713897705,3.5399999618530273,3.5299999713897705,3.5399999618530273,923686
2026-07-13 17:45:00,3.549999952316284,3.559999942779541,3.5299999713897705,3.5299999713897705,1232753
2026-07-14 09:45:00,3.549999952316284,3.549999952316284,3.549999952316284,3.549999952316284,0
2026-07-14 10:00:00,3.549999952316284,3.5899999141693115,3.5399999618530273,3.549999952316284,4209682
2026-07-14 10:15:00,3.5399999618530273,3.559999942779541,3.5299999713897705,3.549999952316284,1345334
2026-07-14 10:30:00,3.549999952316284,3.559999942779541,3.5399999618530273,3.549999952316284,1233654
2026-07-14 10:45:00,3.5399999618530273,3.559999942779541,3.5299999713897705,3.559999942779541,633907
2026-07-14 11:00:00,3.5299999713897705,3.549999952316284,3.5299999713897705,3.5299999713897705,585691
2026-07-14 11:15:00,3.549999952316284,3.559999942779541,3.5299999713897705,3.5399999618530273,815695
2026-07-14 11:30:00,3.549999952316284,3.5899999141693115,3.549999952316284,3.559999942779541,4434915
2026-07-14 11:45:00,3.559999942779541,3.559999942779541,3.549999952316284,3.559999942779541,588935
2026-07-14 12:00:00,3.559999942779541,3.559999942779541,3.5399999618530273,3.549999952316284,1552110
2026-07-14 12:15:00,3.5399999618530273,3.559999942779541,3.5399999618530273,3.559999942779541,1107792
2026-07-14 12:30:00,3.5299999713897705,3.5399999618530273,3.5299999713897705,3.5399999618530273,536177
2026-07-14 12:45:00,3.549999952316284,3.559999942779541,3.5299999713897705,3.5299999713897705,1464277
2026-07-14 13:00:00,3.549999952316284,3.549999952316284,3.5399999618530273,3.5399999618530273,568273
2026-07-14 13:15:00,3.5399999618530273,3.549999952316284,3.5399999618530273,3.5399999618530273,655622
2026-07-14 13:30:00,3.5399999618530273,3.549999952316284,3.5399999618530273,3.5399999618530273,239371
2026-07-14 13:45:00,3.559999942779541,3.5899999141693115,3.5399999618530273,3.5399999618530273,4675406
2026-07-14 14:00:00,3.5799999237060547,3.5799999237060547,3.549999952316284,3.569999933242798,781359
2026-07-14 14:15:00,3.569999933242798,3.5799999237060547,3.569999933242798,3.569999933242798,290950
2026-07-14 14:30:00,3.559999942779541,3.5799999237060547,3.559999942779541,3.5799999237060547,509673
2026-07-14 14:45:00,3.569999933242798,3.5799999237060547,3.559999942779541,3.569999933242798,1325614
2026-07-14 15:00:00,3.569999933242798,3.569999933242798,3.559999942779541,3.569999933242798,157986
2026-07-14 15:15:00,3.559999942779541,3.569999933242798,3.559999942779541,3.569999933242798,231173
2026-07-14 15:30:00,3.559999942779541,3.569999933242798,3.549999952316284,3.559999942779541,655904
2026-07-14 15:45:00,3.569999933242798,3.569999933242798,3.549999952316284,3.559999942779541,826457
2026-07-14 16:00:00,3.5799999237060547,3.5899999141693115,3.559999942779541,3.559999942779541,1320000
2026-07-14 16:15:00,3.5999999046325684,3.609999895095825,3.559999942779541,3.5799999237060547,2836695
2026-07-14 16:30:00,3.609999895095825,3.609999895095825,3.5899999141693115,3.5999999046325684,1002818
2026-07-14 16:45:00,3.5999999046325684,3.609999895095825,3.5899999141693115,3.609999895095825,2858856
2026-07-14 17:00:00,3.5899999141693115,3.5999999046325684,3.5899999141693115,3.5999999046325684,155934
2026-07-14 17:15:00,3.5999999046325684,3.5999999046325684,3.5799999237060547,3.5899999141693115,1553769
2026-07-14 17:30:00,3.5799999237060547,3.5999999046325684,3.569999933242798,3.5899999141693115,1212564
2026-07-14 17:45:00,3.5999999046325684,3.609999895095825,3.569999933242798,3.5799999237060547,2314495
2026-07-16 09:45:00,3.630000114440918,3.630000114440918,3.630000114440918,3.630000114440918,0
2026-07-16 10:00:00,3.6700000762939453,3.680000066757202,3.609999895095825,3.630000114440918,4914341
2026-07-16 10:15:00,3.6700000762939453,3.680000066757202,3.640000104904175,3.680000066757202,2237800
2026-07-16 10:30:00,3.6700000762939453,3.680000066757202,3.6500000953674316,3.6700000762939453,1222863
2026-07-16 10:45:00,3.6600000858306885,3.6700000762939453,3.6600000858306885,3.6700000762939453,1282155
2026-07-16 11:00:00,3.680000066757202,3.680000066757202,3.6600000858306885,3.6700000762939453,922053
2026-07-16 11:15:00,3.680000066757202,3.690000057220459,3.6700000762939453,3.680000066757202,746744
2026-07-16 11:30:00,3.6700000762939453,3.680000066757202,3.6600000858306885,3.680000066757202,714118
2026-07-16 11:45:00,3.6700000762939453,3.6700000762939453,3.6600000858306885,3.6700000762939453,150067
2026-07-16 12:00:00,3.680000066757202,3.690000057220459,3.6600000858306885,3.6700000762939453,807066
2026-07-16 12:15:00,3.6700000762939453,3.680000066757202,3.6600000858306885,3.680000066757202,451926
2026-07-16 12:30:00,3.6500000953674316,3.6700000762939453,3.630000114440918,3.6700000762939453,1678049
2026-07-16 12:45:00,3.640000104904175,3.6600000858306885,3.5999999046325684,3.6500000953674316,1924011
2026-07-16 13:00:00,3.6600000858306885,3.6600000858306885,3.630000114440918,3.640000104904175,780599
2026-07-16 13:15:00,3.6500000953674316,3.6700000762939453,3.6500000953674316,3.6600000858306885,1100465
2026-07-16 13:30:00,3.6700000762939453,3.680000066757202,3.6500000953674316,3.6600000858306885,1065391
2026-07-16 13:45:00,3.6700000762939453,3.690000057220459,3.6700000762939453,3.680000066757202,755151
2026-07-16 14:00:00,3.6600000858306885,3.680000066757202,3.6500000953674316,3.680000066757202,1590763
2026-07-16 14:15:00,3.640000104904175,3.6700000762939453,3.640000104904175,3.6700000762939453,405940
2026-07-16 14:30:00,3.6500000953674316,3.6500000953674316,3.630000114440918,3.640000104904175,748563
2026-07-16 14:45:00,3.619999885559082,3.6500000953674316,3.619999885559082,3.6500000953674316,971499
2026-07-16 15:00:00,3.609999895095825,3.630000114440918,3.5999999046325684,3.619999885559082,1176975
2026-07-16 15:15:00,3.619999885559082,3.619999885559082,3.5999999046325684,3.619999885559082,508994
2026-07-16 15:30:00,3.5899999141693115,3.619999885559082,3.5799999237060547,3.619999885559082,2010575
2026-07-16 15:45:00,3.569999933242798,3.5899999141693115,3.559999942779541,3.5899999141693115,1576102
2026-07-16 16:00:00,3.559999942779541,3.609999895095825,3.559999942779541,3.569999933242798,2061534
2026-07-16 16:15:00,3.569999933242798,3.569999933242798,3.559999942779541,3.559999942779541,566716
2026-07-16 16:30:00,3.5799999237060547,3.5899999141693115,3.549999952316284,3.569999933242798,3325482
2026-07-16 16:45:00,3.5899999141693115,3.609999895095825,3.569999933242798,3.5899999141693115,3055316
2026-07-16 17:00:00,3.5399999618530273,3.5999999046325684,3.5399999618530273,3.5899999141693115,4445708
2026-07-16 17:15:00,3.549999952316284,3.559999942779541,3.5399999618530273,3.549999952316284,1465777
2026-07-16 17:30:00,3.5799999237060547,3.5799999237060547,3.5299999713897705,3.549999952316284,2918715
2026-07-16 17:45:00,3.569999933242798,3.5799999237060547,3.559999942779541,3.569999933242798,2175250
2026-07-17 12:00:00,3.4700000286102295,3.4700000286102295,3.4600000381469727,3.4600000381469727,26479
2026-07-17 12:15:00,3.4600000381469727,3.4700000286102295,3.440000057220459,3.4700000286102295,3692201
2026-07-17 12:30:00,3.450000047683716,3.4600000381469727,3.440000057220459,3.4600000381469727,882953
2026-07-17 12:45:00,3.450000047683716,3.4600000381469727,3.440000057220459,3.450000047683716,769247
2026-07-17 13:00:00,3.450000047683716,3.4600000381469727,3.440000057220459,3.4600000381469727,621157
2026-07-17 13:15:00,3.450000047683716,3.450000047683716,3.430000066757202,3.440000057220459,902802
2026-07-17 13:30:00,3.440000057220459,3.450000047683716,3.440000057220459,3.450000047683716,996700
2026-07-17 13:45:00,3.440000057220459,3.450000047683716,3.4200000762939453,3.440000057220459,1546765
2026-07-17 14:00:00,3.450000047683716,3.450000047683716,3.430000066757202,3.440000057220459,119750
2026-07-17 14:15:00,3.440000057220459,3.450000047683716,3.430000066757202,3.450000047683716,687492
2026-07-17 14:30:00,3.450000047683716,3.450000047683716,3.430000066757202,3.440000057220459,682887
2026-07-17 14:45:00,3.440000057220459,3.4600000381469727,3.4200000762939453,3.440000057220459,3005372
2026-07-17 15:00:00,3.430000066757202,3.440000057220459,3.430000066757202,3.430000066757202,89787
2026-07-17 15:15:00,3.440000057220459,3.440000057220459,3.430000066757202,3.440000057220459,320273
2026-07-17 15:30:00,3.440000057220459,3.440000057220459,3.430000066757202,3.440000057220459,346276
2026-07-17 15:45:00,3.440000057220459,3.440000057220459,3.430000066757202,3.440000057220459,255410
2026-07-17 16:00:00,3.450000047683716,3.450000047683716,3.440000057220459,3.440000057220459,1317329
2026-07-17 16:15:00,3.440000057220459,3.450000047683716,3.440000057220459,3.450000047683716,391839
2026-07-17 16:30:00,3.450000047683716,3.450000047683716,3.440000057220459,3.440000057220459,298964
2026-07-17 16:45:00,3.450000047683716,3.4600000381469727,3.4200000762939453,3.450000047683716,1186202
2026-07-17 17:00:00,3.440000057220459,3.450000047683716,3.430000066757202,3.450000047683716,368304
2026-07-17 17:15:00,3.450000047683716,3.4600000381469727,3.430000066757202,3.440000057220459,922602
2026-07-17 17:30:00,3.450000047683716,3.4600000381469727,3.440000057220459,3.440000057220459,1761092
2026-07-17 17:45:00,3.430000066757202,3.450000047683716,3.4100000858306885,3.440000057220459,3729138
2026-07-20 09:45:00,3.4200000762939453,3.4200000762939453,3.4200000762939453,3.4200000762939453,0
2026-07-20 10:00:00,3.390000104904175,3.430000066757202,3.390000104904175,3.430000066757202,3135582
2026-07-20 10:15:00,3.440000057220459,3.440000057220459,3.369999885559082,3.4000000953674316,2960137
2026-07-20 10:30:00,3.450000047683716,3.4600000381469727,3.430000066757202,3.440000057220459,3412920
2026-07-20 10:45:00,3.430000066757202,3.4600000381469727,3.430000066757202,3.450000047683716,1271878
2026-07-20 11:00:00,3.450000047683716,3.450000047683716,3.430000066757202,3.440000057220459,954845
2026-07-20 11:15:00,3.440000057220459,3.450000047683716,3.440000057220459,3.440000057220459,918805
2026-07-20 11:30:00,3.440000057220459,3.450000047683716,3.4200000762939453,3.450000047683716,1051497
2026-07-20 11:45:00,3.440000057220459,3.4700000286102295,3.4200000762939453,3.430000066757202,1462173
2026-07-20 12:00:00,3.450000047683716,3.4600000381469727,3.430000066757202,3.440000057220459,977644
2026-07-20 12:15:00,3.440000057220459,3.440000057220459,3.430000066757202,3.440000057220459,1064226
2026-07-20 12:30:00,3.430000066757202,3.440000057220459,3.4200000762939453,3.430000066757202,557077
2026-07-20 12:45:00,3.430000066757202,3.430000066757202,3.4200000762939453,3.430000066757202,145086
2026-07-20 13:00:00,3.430000066757202,3.430000066757202,3.4200000762939453,3.4200000762939453,265550
2026-07-20 13:15:00,3.430000066757202,3.430000066757202,3.4200000762939453,3.4200000762939453,777133
2026-07-20 13:30:00,3.4200000762939453,3.430000066757202,3.4100000858306885,3.4200000762939453,262977
2026-07-20 13:45:00,3.4100000858306885,3.4200000762939453,3.4000000953674316,3.4200000762939453,1275330
2026-07-20 14:00:00,3.4200000762939453,3.4200000762939453,3.4000000953674316,3.4000000953674316,669469
2026-07-20 14:15:00,3.4200000762939453,3.4200000762939453,3.4100000858306885,3.4200000762939453,197898
2026-07-20 14:30:00,3.4200000762939453,3.430000066757202,3.4100000858306885,3.4200000762939453,484281
2026-07-20 14:45:00,3.4200000762939453,3.430000066757202,3.4100000858306885,3.4200000762939453,738411
2026-07-20 15:00:00,3.430000066757202,3.430000066757202,3.4100000858306885,3.4200000762939453,431049
2026-07-20 15:15:00,3.4100000858306885,3.430000066757202,3.4000000953674316,3.4200000762939453,2211148
2026-07-20 15:30:00,3.4100000858306885,3.4100000858306885,3.4000000953674316,3.4100000858306885,2115602
2026-07-20 15:45:00,3.4000000953674316,3.4200000762939453,3.380000114440918,3.4100000858306885,2652673
2026-07-20 16:00:00,3.4000000953674316,3.4000000953674316,3.390000104904175,3.4000000953674316,293377
2026-07-20 16:15:00,3.390000104904175,3.4000000953674316,3.380000114440918,3.4000000953674316,907209
2026-07-20 16:30:00,3.380000114440918,3.390000104904175,3.369999885559082,3.390000104904175,655791
2026-07-20 16:45:00,3.380000114440918,3.380000114440918,3.369999885559082,3.380000114440918,648895
2026-07-20 17:00:00,3.390000104904175,3.390000104904175,3.359999895095825,3.380000114440918,1370314
2026-07-20 17:15:00,3.380000114440918,3.390000104904175,3.359999895095825,3.390000104904175,898678
2026-07-20 17:30:00,3.390000104904175,3.4000000953674316,3.369999885559082,3.380000114440918,2222031
2026-07-20 17:45:00,3.380000114440918,3.4100000858306885,3.369999885559082,3.390000104904175,3250705
2026-07-21 09:45:00,3.4000000953674316,3.4000000953674316,3.4000000953674316,3.4000000953674316,0
2026-07-21 10:00:00,3.4100000858306885,3.4200000762939453,3.390000104904175,3.4100000858306885,2348219
2026-07-21 10:15:00,3.4100000858306885,3.430000066757202,3.4000000953674316,3.4200000762939453,1874579
2026-07-21 10:30:00,3.440000057220459,3.5199999809265137,3.4000000953674316,3.4000000953674316,10809681
2026-07-21 10:45:00,3.440000057220459,3.450000047683716,3.4200000762939453,3.440000057220459,1726325
2026-07-21 11:00:00,3.430000066757202,3.440000057220459,3.4200000762939453,3.440000057220459,788354
2026-07-21 11:15:00,3.440000057220459,3.4600000381469727,3.430000066757202,3.430000066757202,2127786
2026-07-21 11:30:00,3.430000066757202,3.450000047683716,3.4200000762939453,3.440000057220459,2666829
2026-07-21 11:45:00,3.440000057220459,3.450000047683716,3.4200000762939453,3.430000066757202,1241567
2026-07-21 12:00:00,3.4600000381469727,3.4600000381469727,3.430000066757202,3.440000057220459,2116849
2026-07-21 12:15:00,3.450000047683716,3.4600000381469727,3.440000057220459,3.450000047683716,1196142
2026-07-21 12:30:00,3.4600000381469727,3.4700000286102295,3.440000057220459,3.450000047683716,3399900
2026-07-21 12:45:00,3.4600000381469727,3.4700000286102295,3.440000057220459,3.450000047683716,3361871
2026-07-21 13:00:00,3.5799999237060547,3.630000114440918,3.4600000381469727,3.4700000286102295,23251114
2026-07-21 13:15:00,3.7100000381469727,3.7100000381469727,3.5799999237060547,3.5899999141693115,16614494
2026-07-21 13:30:00,3.7100000381469727,3.7100000381469727,3.7100000381469727,3.7100000381469727,9811624
2026-07-21 13:45:00,3.7100000381469727,3.7100000381469727,3.7100000381469727,3.7100000381469727,827307
2026-07-21 14:00:00,3.7100000381469727,3.7100000381469727,3.7100000381469727,3.7100000381469727,962447
2026-07-21 14:15:00,3.7100000381469727,3.7100000381469727,3.7100000381469727,3.7100000381469727,674877
2026-07-21 14:30:00,3.7100000381469727,3.7100000381469727,3.7100000381469727,3.7100000381469727,364909
2026-07-21 14:45:00,3.7100000381469727,3.7100000381469727,3.7100000381469727,3.7100000381469727,226772
2026-07-21 15:00:00,3.7100000381469727,3.7100000381469727,3.7100000381469727,3.7100000381469727,46455
2026-07-21 15:15:00,3.7100000381469727,3.7100000381469727,3.7100000381469727,3.7100000381469727,122895
2026-07-21 15:30:00,3.7100000381469727,3.7100000381469727,3.7100000381469727,3.7100000381469727,158519
2026-07-21 15:45:00,3.7100000381469727,3.7100000381469727,3.7100000381469727,3.7100000381469727,3243060
2026-07-21 16:00:00,3.7100000381469727,3.7100000381469727,3.7100000381469727,3.7100000381469727,120143
2026-07-21 16:15:00,3.7100000381469727,3.7100000381469727,3.7100000381469727,3.7100000381469727,110095
2026-07-21 16:30:00,3.7100000381469727,3.7100000381469727,3.7100000381469727,3.7100000381469727,63414
2026-07-21 16:45:00,3.7100000381469727,3.7100000381469727,3.7100000381469727,3.7100000381469727,151049
2026-07-21 17:00:00,3.7100000381469727,3.7100000381469727,3.7100000381469727,3.7100000381469727,35646
2026-07-21 17:15:00,3.7100000381469727,3.7100000381469727,3.7100000381469727,3.7100000381469727,19130
2026-07-21 17:30:00,3.7100000381469727,3.7100000381469727,3.7100000381469727,3.7100000381469727,41140
2026-07-21 17:45:00,3.7100000381469727,3.7100000381469727,3.7100000381469727,3.7100000381469727,71468
2026-07-22 09:45:00,3.759999990463257,3.759999990463257,3.759999990463257,3.759999990463257,0
2026-07-22 10:00:00,3.8499999046325684,4.0,3.619999885559082,3.759999990463257,54300884
2026-07-22 10:15:00,4.0,4.019999980926514,3.809999942779541,3.8399999141693115,34227402
2026-07-22 10:30:00,3.930000066757202,4.010000228881836,3.9000000953674316,4.0,9693272
2026-07-22 10:45:00,3.940000057220459,3.940000057220459,3.9000000953674316,3.930000066757202,3990799
2026-07-22 11:00:00,3.9700000286102295,3.990000009536743,3.9200000762939453,3.940000057220459,4180727
2026-07-22 11:15:00,3.940000057220459,3.9800000190734863,3.9100000858306885,3.9700000286102295,2661012
2026-07-22 11:30:00,3.9600000381469727,3.9800000190734863,3.890000104904175,3.930000066757202,3850155
2026-07-22 11:45:00,3.950000047683716,3.9700000286102295,3.940000057220459,3.9700000286102295,1374365
2026-07-22 12:00:00,3.940000057220459,3.9600000381469727,3.930000066757202,3.950000047683716,1058881
2026-07-22 12:15:00,3.9800000190734863,3.9800000190734863,3.930000066757202,3.940000057220459,1650733
2026-07-22 12:30:00,3.9700000286102295,3.990000009536743,3.950000047683716,3.9700000286102295,2079786
2026-07-22 12:45:00,3.9600000381469727,3.9700000286102295,3.950000047683716,3.9700000286102295,1158596
2026-07-22 13:00:00,3.990000009536743,3.990000009536743,3.9600000381469727,3.9700000286102295,4507470
2026-07-22 13:15:00,4.070000171661377,4.079999923706055,3.9700000286102295,3.990000009536743,16306572
2026-07-22 13:30:00,4.070000171661377,4.079999923706055,4.050000190734863,4.070000171661377,9138480
2026-07-22 13:45:00,4.059999942779541,4.070000171661377,4.059999942779541,4.059999942779541,1746049
2026-07-22 14:00:00,4.050000190734863,4.070000171661377,4.03000020980835,4.059999942779541,4523940
2026-07-22 14:15:00,4.039999961853027,4.050000190734863,4.03000020980835,4.050000190734863,1753247
2026-07-22 14:30:00,4.03000020980835,4.050000190734863,4.019999980926514,4.039999961853027,1686710
2026-07-22 14:45:00,4.010000228881836,4.039999961853027,4.010000228881836,4.039999961853027,1730612
2026-07-22 15:00:00,4.019999980926514,4.03000020980835,4.0,4.010000228881836,1430244
2026-07-22 15:15:00,4.039999961853027,4.039999961853027,4.010000228881836,4.019999980926514,1908269
2026-07-22 15:30:00,4.03000020980835,4.039999961853027,4.019999980926514,4.039999961853027,2112520
2026-07-22 15:45:00,3.9800000190734863,4.039999961853027,3.950000047683716,4.03000020980835,6682628
2026-07-22 16:00:00,3.950000047683716,3.9800000190734863,3.930000066757202,3.9700000286102295,4489430
2026-07-22 16:15:00,3.9600000381469727,3.9700000286102295,3.930000066757202,3.950000047683716,2177377
2026-07-22 16:30:00,3.950000047683716,3.9700000286102295,3.940000057220459,3.9600000381469727,1542677
2026-07-22 16:45:00,3.990000009536743,3.990000009536743,3.940000057220459,3.950000047683716,5795249
2026-07-22 17:00:00,3.9700000286102295,3.990000009536743,3.950000047683716,3.9800000190734863,2258894
2026-07-22 17:15:00,3.9700000286102295,4.010000228881836,3.950000047683716,3.9700000286102295,4453577
2026-07-22 17:30:00,3.930000066757202,3.9800000190734863,3.930000066757202,3.9800000190734863,3205442
2026-07-22 17:45:00,3.950000047683716,3.9800000190734863,3.9200000762939453,3.940000057220459,8651752
2026-07-23 09:45:00,4.03000020980835,4.03000020980835,4.03000020980835,4.03000020980835,0
2026-07-23 10:00:00,4.139999866485596,4.170000076293945,3.9800000190734863,4.03000020980835,34001126
2026-07-23 10:15:00,4.059999942779541,4.159999847412109,4.019999980926514,4.139999866485596,19380877
2026-07-23 10:30:00,3.9800000190734863,4.070000171661377,3.940000057220459,4.050000190734863,10080265
2026-07-23 10:45:00,4.0,4.070000171661377,3.9700000286102295,3.990000009536743,7182704
2026-07-23 11:00:00,4.0,4.019999980926514,3.990000009536743,4.010000228881836,1642228
2026-07-23 11:15:00,4.010000228881836,4.019999980926514,4.0,4.0,1000222
2026-07-23 11:30:00,4.010000228881836,4.019999980926514,4.0,4.010000228881836,1815655
2026-07-23 11:45:00,4.010000228881836,4.039999961853027,3.990000009536743,4.019999980926514,2805910
2026-07-23 12:00:00,3.990000009536743,4.019999980926514,3.990000009536743,4.0,1117540
2026-07-23 12:15:00,4.0,4.010000228881836,3.990000009536743,4.0,1260620
2026-07-23 12:30:00,3.990000009536743,4.019999980926514,3.990000009536743,4.0,1156686
2026-07-23 12:45:00,4.0,4.010000228881836,3.990000009536743,3.990000009536743,780410
2026-07-23 13:00:00,3.990000009536743,4.010000228881836,3.9800000190734863,4.0,970667
2026-07-23 13:15:00,3.990000009536743,4.0,3.9800000190734863,3.990000009536743,1060464
2026-07-23 13:30:00,4.0,4.010000228881836,3.9700000286102295,3.990000009536743,4015920
2026-07-23 13:45:00,3.9800000190734863,4.0,3.9700000286102295,4.0,2077657
2026-07-23 14:00:00,3.9700000286102295,3.990000009536743,3.9700000286102295,3.9800000190734863,556835
2026-07-23 14:15:00,3.9700000286102295,3.9800000190734863,3.950000047683716,3.9700000286102295,1284907
2026-07-23 14:30:00,3.990000009536743,4.0,3.9700000286102295,3.9800000190734863,1549577
2026-07-23 14:45:00,3.990000009536743,4.0,3.9800000190734863,3.990000009536743,1117093
2026-07-23 15:00:00,3.990000009536743,4.0,3.9800000190734863,3.990000009536743,924685
2026-07-23 15:15:00,3.9800000190734863,3.990000009536743,3.9800000190734863,3.990000009536743,376265
2026-07-23 15:30:00,3.9600000381469727,3.9800000190734863,3.9600000381469727,3.9700000286102295,686417
2026-07-23 15:45:00,3.990000009536743,3.990000009536743,3.950000047683716,3.9700000286102295,729773
2026-07-23 16:00:00,3.9700000286102295,3.990000009536743,3.9600000381469727,3.990000009536743,790393
2026-07-23 16:15:00,3.9200000762939453,3.9800000190734863,3.9200000762939453,3.9700000286102295,2803534
2026-07-23 16:30:00,3.930000066757202,3.940000057220459,3.9100000858306885,3.930000066757202,2257601
2026-07-23 16:45:00,3.950000047683716,3.9700000286102295,3.9200000762939453,3.930000066757202,2520289
2026-07-23 17:00:00,3.950000047683716,3.9700000286102295,3.940000057220459,3.9600000381469727,1343831
2026-07-23 17:15:00,3.9600000381469727,3.9600000381469727,3.950000047683716,3.950000047683716,741117
2026-07-23 17:30:00,3.940000057220459,3.9700000286102295,3.940000057220459,3.950000047683716,1645774
2026-07-23 17:45:00,3.930000066757202,3.950000047683716,3.9100000858306885,3.940000057220459,3753731
2026-07-24 09:45:00,3.890000104904175,3.890000104904175,3.890000104904175,3.890000104904175,0
2026-07-24 10:00:00,3.880000114440918,3.9200000762939453,3.8299999237060547,3.9000000953674316,7581112
2026-07-24 10:15:00,3.880000114440918,3.9100000858306885,3.8499999046325684,3.880000114440918,3336027
2026-07-24 10:30:00,3.9200000762939453,3.940000057220459,3.869999885559082,3.880000114440918,4997407
2026-07-24 10:45:00,3.9200000762939453,3.930000066757202,3.9000000953674316,3.930000066757202,1401272
2026-07-24 11:00:00,3.9200000762939453,3.930000066757202,3.9100000858306885,3.9200000762939453,2537239
2026-07-24 11:15:00,3.9200000762939453,3.930000066757202,3.9000000953674316,3.9200000762939453,1546009
2026-07-24 11:30:00,3.930000066757202,3.9600000381469727,3.930000066757202,3.930000066757202,3562691
2026-07-24 11:45:00,3.9100000858306885,3.940000057220459,3.9000000953674316,3.930000066757202,1606289
2026-07-24 12:00:00,3.930000066757202,3.930000066757202,3.9100000858306885,3.9200000762939453,594102
2026-07-24 12:15:00,3.950000047683716,3.950000047683716,3.9200000762939453,3.9200000762939453,742694
2026-07-24 12:30:00,3.930000066757202,3.9600000381469727,3.9200000762939453,3.950000047683716,1487938
2026-07-24 12:45:00,3.9200000762939453,3.930000066757202,3.9200000762939453,3.9200000762939453,136151
2026-07-24 13:00:00,3.9100000858306885,3.930000066757202,3.9100000858306885,3.930000066757202,763994
2026-07-24 13:15:00,3.9100000858306885,3.9200000762939453,3.9100000858306885,3.9100000858306885,572758
2026-07-24 13:30:00,3.9200000762939453,3.9200000762939453,3.9000000953674316,3.9100000858306885,1096908
2026-07-24 13:45:00,3.9100000858306885,3.930000066757202,3.9000000953674316,3.9200000762939453,961048
2026-07-24 14:00:00,3.859999895095825,3.9100000858306885,3.859999895095825,3.9000000953674316,3086302
2026-07-24 14:15:00,3.8399999141693115,3.869999885559082,3.809999942779541,3.859999895095825,5629126
2026-07-24 14:30:00,3.8499999046325684,3.890000104904175,3.8299999237060547,3.8399999141693115,2081572
2026-07-24 14:45:00,3.859999895095825,3.859999895095825,3.8299999237060547,3.8499999046325684,1041861
2026-07-24 15:00:00,3.880000114440918,3.890000104904175,3.8499999046325684,3.859999895095825,1774134
2026-07-24 15:15:00,3.869999885559082,3.890000104904175,3.859999895095825,3.880000114440918,2697631
2026-07-24 15:30:00,3.869999885559082,3.869999885559082,3.8499999046325684,3.869999885559082,1528164
2026-07-24 15:45:00,3.869999885559082,3.880000114440918,3.8499999046325684,3.869999885559082,1046775
2026-07-24 16:00:00,3.890000104904175,3.9000000953674316,3.869999885559082,3.880000114440918,1756926
2026-07-24 16:15:00,3.9000000953674316,3.9000000953674316,3.859999895095825,3.890000104904175,2649673
2026-07-24 16:30:00,3.9100000858306885,3.9200000762939453,3.9000000953674316,3.9000000953674316,2984685
2026-07-24 16:45:00,3.9000000953674316,3.930000066757202,3.890000104904175,3.9100000858306885,3414962
2026-07-24 17:00:00,3.9000000953674316,3.9100000858306885,3.9000000953674316,3.9000000953674316,923663
2026-07-24 17:15:00,3.9100000858306885,3.9200000762939453,3.890000104904175,3.9000000953674316,1677092
2026-07-24 17:30:00,3.9000000953674316,3.9100000858306885,3.890000104904175,3.9100000858306885,1893004
2026-07-24 17:45:00,3.9100000858306885,3.9100000858306885,3.880000114440918,3.890000104904175,3286739
2026-07-27 09:45:00,3.930000066757202,3.930000066757202,3.930000066757202,3.930000066757202,0
2026-07-27 10:00:00,3.880000114440918,3.9600000381469727,3.859999895095825,3.940000057220459,3860576
2026-07-27 10:15:00,3.869999885559082,3.880000114440918,3.8299999237060547,3.880000114440918,3941769
2026-07-27 10:30:00,3.8399999141693115,3.869999885559082,3.8299999237060547,3.869999885559082,1506057
2026-07-27 10:45:00,3.799999952316284,3.8499999046325684,3.7899999618530273,3.8399999141693115,2356635
2026-07-27 11:00:00,3.7799999713897705,3.819999933242798,3.759999990463257,3.799999952316284,3572793
2026-07-27 11:15:00,3.7799999713897705,3.7899999618530273,3.740000009536743,3.7899999618530273,2877175
2026-07-27 11:30:00,3.7799999713897705,3.7899999618530273,3.7699999809265137,3.7799999713897705,1558788
2026-07-27 11:45:00,3.759999990463257,3.799999952316284,3.75,3.7699999809265137,3015037
2026-07-27 12:00:00,3.7300000190734863,3.7699999809265137,3.7200000286102295,3.7699999809265137,2435501
2026-07-27 12:15:00,3.740000009536743,3.740000009536743,3.7100000381469727,3.7300000190734863,1615851
2026-07-27 12:30:00,3.7200000286102295,3.75,3.7100000381469727,3.7300000190734863,1444613
2026-07-27 12:45:00,3.700000047683716,3.7200000286102295,3.690000057220459,3.7200000286102295,3117362
2026-07-27 13:00:00,3.700000047683716,3.7200000286102295,3.690000057220459,3.700000047683716,1591729
2026-07-27 13:15:00,3.7300000190734863,3.7300000190734863,3.700000047683716,3.7100000381469727,733760
2026-07-27 13:30:00,3.690000057220459,3.7300000190734863,3.690000057220459,3.7300000190734863,1455643
2026-07-27 13:45:00,3.690000057220459,3.700000047683716,3.6700000762939453,3.690000057220459,2210585
2026-07-27 14:00:00,3.6700000762939453,3.690000057220459,3.6700000762939453,3.690000057220459,1001535
2026-07-27 14:15:00,3.7100000381469727,3.7300000190734863,3.6700000762939453,3.680000066757202,2037413
2026-07-27 14:30:00,3.700000047683716,3.7200000286102295,3.700000047683716,3.7100000381469727,702081
2026-07-27 14:45:00,3.7100000381469727,3.7100000381469727,3.700000047683716,3.7100000381469727,322969
2026-07-27 15:00:00,3.700000047683716,3.7100000381469727,3.690000057220459,3.7100000381469727,1022598
2026-07-27 15:15:00,3.700000047683716,3.700000047683716,3.690000057220459,3.700000047683716,247976
2026-07-27 15:30:00,3.700000047683716,3.700000047683716,3.690000057220459,3.700000047683716,142330
2026-07-27 15:45:00,3.700000047683716,3.700000047683716,3.690000057220459,3.700000047683716,268569
2026-07-27 16:00:00,3.690000057220459,3.700000047683716,3.680000066757202,3.700000047683716,334845
2026-07-27 16:15:00,3.690000057220459,3.690000057220459,3.680000066757202,3.690000057220459,1068461
2026-07-27 16:30:00,3.7100000381469727,3.7200000286102295,3.680000066757202,3.680000066757202,1358034
2026-07-27 16:45:00,3.759999990463257,3.7799999713897705,3.7100000381469727,3.7100000381469727,4833865
2026-07-27 17:00:00,3.799999952316284,3.799999952316284,3.740000009536743,3.759999990463257,3539736
2026-07-27 17:15:00,3.759999990463257,3.8299999237060547,3.759999990463257,3.799999952316284,3287945
2026-07-27 17:30:00,3.7699999809265137,3.7899999618530273,3.75,3.75,1488826
2026-07-27 17:45:00,3.740000009536743,3.7699999809265137,3.690000057220459,3.7699999809265137,8966472
2026-07-28 09:45:00,3.7100000381469727,3.7100000381469727,3.7100000381469727,3.7100000381469727,0
2026-07-28 10:00:00,3.8299999237060547,3.8399999141693115,3.7100000381469727,3.7200000286102295,13967502
2026-07-28 10:15:00,3.809999942779541,3.880000114440918,3.799999952316284,3.8299999237060547,10918133
2026-07-28 10:30:00,3.8299999237060547,3.8499999046325684,3.809999942779541,3.819999933242798,1958899
2026-07-28 10:45:00,3.7899999618530273,3.8499999046325684,3.7799999713897705,3.8399999141693115,2076556
2026-07-28 11:00:00,3.7699999809265137,3.7899999618530273,3.7699999809265137,3.7899999618530273,1494613
2026-07-28 11:15:00,3.7699999809265137,3.7799999713897705,3.759999990463257,3.7699999809265137,2069932
2026-07-28 11:30:00,3.759999990463257,3.7799999713897705,3.75,3.759999990463257,644342
2026-07-28 11:45:00,3.75,3.7699999809265137,3.740000009536743,3.759999990463257,1590012
2026-07-28 12:00:00,3.740000009536743,3.759999990463257,3.7300000190734863,3.759999990463257,1151297
2026-07-28 12:15:00,3.7300000190734863,3.75,3.7200000286102295,3.740000009536743,1871849
2026-07-28 12:30:00,3.690000057220459,3.7300000190734863,3.6700000762939453,3.7300000190734863,3341271
2026-07-28 12:45:00,3.690000057220459,3.7100000381469727,3.690000057220459,3.690000057220459,466350
2026-07-28 13:00:00,3.700000047683716,3.740000009536743,3.690000057220459,3.690000057220459,2101105
2026-07-28 13:15:00,3.7100000381469727,3.7100000381469727,3.700000047683716,3.7100000381469727,456623
2026-07-28 13:30:00,3.7100000381469727,3.7200000286102295,3.700000047683716,3.700000047683716,628828
2026-07-28 13:45:00,3.7200000286102295,3.7200000286102295,3.700000047683716,3.7100000381469727,859034
2026-07-28 14:00:00,3.7100000381469727,3.7300000190734863,3.7100000381469727,3.7200000286102295,2278856
2026-07-28 14:15:00,3.700000047683716,3.7100000381469727,3.700000047683716,3.7100000381469727,434970
2026-07-28 14:30:00,3.690000057220459,3.7100000381469727,3.690000057220459,3.7100000381469727,1080973
2026-07-28 14:45:00,3.690000057220459,3.690000057220459,3.680000066757202,3.690000057220459,993679
2026-07-28 15:00:00,3.6700000762939453,3.690000057220459,3.6700000762939453,3.690000057220459,705077
2026-07-28 15:15:00,3.680000066757202,3.690000057220459,3.6700000762939453,3.6700000762939453,757682
2026-07-28 15:30:00,3.680000066757202,3.690000057220459,3.6700000762939453,3.680000066757202,246142
2026-07-28 15:45:00,3.690000057220459,3.690000057220459,3.680000066757202,3.690000057220459,293293
2026-07-28 16:00:00,3.680000066757202,3.690000057220459,3.680000066757202,3.690000057220459,205026
2026-07-28 16:15:00,3.680000066757202,3.700000047683716,3.6700000762939453,3.690000057220459,886821
2026-07-28 16:30:00,3.6600000858306885,3.680000066757202,3.6600000858306885,3.680000066757202,443978
2026-07-28 16:45:00,3.6600000858306885,3.6700000762939453,3.6500000953674316,3.6700000762939453,1007846
2026-07-28 17:00:00,3.680000066757202,3.690000057220459,3.6600000858306885,3.6600000858306885,625398
2026-07-28 17:15:00,3.609999895095825,3.690000057220459,3.609999895095825,3.680000066757202,4998161
2026-07-28 17:30:00,3.630000114440918,3.630000114440918,3.609999895095825,3.619999885559082,1378703
2026-07-28 17:45:00,3.640000104904175,3.6500000953674316,3.619999885559082,3.630000114440918,1958625
2026-07-29 09:45:00,3.6600000858306885,3.6600000858306885,3.6600000858306885,3.6600000858306885,0
2026-07-29 10:00:00,3.5999999046325684,3.6600000858306885,3.5899999141693115,3.6500000953674316,3060263
2026-07-29 10:15:00,3.5999999046325684,3.619999885559082,3.5899999141693115,3.5999999046325684,1256594
2026-07-29 10:30:00,3.609999895095825,3.619999885559082,3.5999999046325684,3.5999999046325684,969357
2026-07-29 10:45:00,3.5999999046325684,3.640000104904175,3.5799999237060547,3.609999895095825,2027017
2026-07-29 11:00:00,3.5899999141693115,3.609999895095825,3.5799999237060547,3.5899999141693115,792019
2026-07-29 11:15:00,3.559999942779541,3.5899999141693115,3.549999952316284,3.5799999237060547,2219389
2026-07-29 11:30:00,3.559999942779541,3.569999933242798,3.549999952316284,3.549999952316284,1181562
2026-07-29 11:45:00,3.569999933242798,3.569999933242798,3.549999952316284,3.559999942779541,813920
2026-07-29 12:00:00,3.5399999618530273,3.5799999237060547,3.509999990463257,3.5799999237060547,2297654
2026-07-29 12:15:00,3.549999952316284,3.549999952316284,3.5399999618530273,3.5399999618530273,485806
2026-07-29 12:30:00,3.559999942779541,3.559999942779541,3.5399999618530273,3.5399999618530273,599013
2026-07-29 12:45:00,3.569999933242798,3.569999933242798,3.549999952316284,3.559999942779541,530392
2026-07-29 13:00:00,3.569999933242798,3.569999933242798,3.559999942779541,3.569999933242798,412661
2026-07-29 13:15:00,3.559999942779541,3.569999933242798,3.549999952316284,3.569999933242798,328109
2026-07-29 13:30:00,3.5399999618530273,3.569999933242798,3.5399999618530273,3.559999942779541,287839
2026-07-29 13:45:00,3.549999952316284,3.559999942779541,3.5399999618530273,3.5399999618530273,843863
2026-07-29 14:00:00,3.5399999618530273,3.559999942779541,3.5399999618530273,3.559999942779541,341313
2026-07-29 14:15:00,3.5399999618530273,3.559999942779541,3.5399999618530273,3.549999952316284,310091
2026-07-29 14:30:00,3.5399999618530273,3.549999952316284,3.509999990463257,3.549999952316284,1690152
2026-07-29 14:45:00,3.5299999713897705,3.559999942779541,3.5299999713897705,3.5399999618530273,633049
2026-07-29 15:00:00,3.5299999713897705,3.549999952316284,3.5299999713897705,3.5399999618530273,568830
2026-07-29 15:15:00,3.509999990463257,3.5399999618530273,3.5,3.5299999713897705,2260754
2026-07-29 15:30:00,3.549999952316284,3.549999952316284,3.509999990463257,3.509999990463257,831160
2026-07-29 15:45:00,3.549999952316284,3.559999942779541,3.5299999713897705,3.5399999618530273,1487208
2026-07-29 16:00:00,3.5399999618530273,3.559999942779541,3.5399999618530273,3.549999952316284,600747
2026-07-29 16:15:00,3.5399999618530273,3.559999942779541,3.5399999618530273,3.5399999618530273,313122
2026-07-29 16:30:00,3.5399999618530273,3.549999952316284,3.5399999618530273,3.5399999618530273,301491
2026-07-29 16:45:00,3.5399999618530273,3.5399999618530273,3.5299999713897705,3.5399999618530273,381848
2026-07-29 17:00:00,3.509999990463257,3.5399999618530273,3.509999990463257,3.5299999713897705,1641523
2026-07-29 17:15:00,3.5299999713897705,3.5299999713897705,3.5,3.509999990463257,841002
2026-07-29 17:30:00,3.5299999713897705,3.5299999713897705,3.5199999809265137,3.5199999809265137,656042
2026-07-29 17:45:00,3.5,3.5299999713897705,3.490000009536743,3.5199999809265137,3532016
2026-07-30 09:45:00,3.5399999618530273,3.5399999618530273,3.5399999618530273,3.5399999618530273,0
2026-07-30 10:00:00,3.5,3.5299999713897705,3.4600000381469727,3.5199999809265137,2829096
2026-07-30 10:15:00,3.4700000286102295,3.5,3.450000047683716,3.5,1870494
2026-07-30 10:30:00,3.4100000858306885,3.4700000286102295,3.4000000953674316,3.4700000286102295,4559566
2026-07-30 10:45:00,3.4200000762939453,3.440000057220459,3.4100000858306885,3.4100000858306885,1063395
2026-07-30 11:00:00,3.440000057220459,3.440000057220459,3.4200000762939453,3.4200000762939453,582447
2026-07-30 11:15:00,3.440000057220459,3.450000047683716,3.430000066757202,3.440000057220459,821613
2026-07-30 11:30:00,3.440000057220459,3.4600000381469727,3.440000057220459,3.440000057220459,596626
2026-07-30 11:45:00,3.450000047683716,3.4600000381469727,3.440000057220459,3.450000047683716,877274
2026-07-30 12:00:00,3.4700000286102295,3.5,3.450000047683716,3.450000047683716,4374060
2026-07-30 12:15:00,3.4600000381469727,3.490000009536743,3.450000047683716,3.4700000286102295,1559732
2026-07-30 12:30:00,3.4600000381469727,3.4700000286102295,3.450000047683716,3.4600000381469727,517936
2026-07-30 12:45:00,3.4600000381469727,3.4700000286102295,3.450000047683716,3.450000047683716,935006
2026-07-30 13:00:00,3.440000057220459,3.4700000286102295,3.440000057220459,3.4600000381469727,1117604
2026-07-30 13:15:00,3.440000057220459,3.4600000381469727,3.440000057220459,3.440000057220459,505636
2026-07-30 13:30:00,3.440000057220459,3.4600000381469727,3.440000057220459,3.440000057220459,338799
2026-07-30 13:45:00,3.440000057220459,3.4600000381469727,3.440000057220459,3.450000047683716,814892
2026-07-30 14:00:00,3.440000057220459,3.450000047683716,3.430000066757202,3.440000057220459,520115
2026-07-30 14:15:00,3.430000066757202,3.450000047683716,3.430000066757202,3.440000057220459,453901
2026-07-30 14:30:00,3.430000066757202,3.450000047683716,3.430000066757202,3.430000066757202,424233
2026-07-30 14:45:00,3.4600000381469727,3.4600000381469727,3.430000066757202,3.440000057220459,844443
2026-07-30 15:00:00,3.440000057220459,3.4800000190734863,3.430000066757202,3.4600000381469727,2526298
2026-07-30 15:15:00,3.450000047683716,3.4700000286102295,3.440000057220459,3.440000057220459,789782
2026-07-30 15:30:00,3.4600000381469727,3.4600000381469727,3.440000057220459,3.4600000381469727,1026762
2026-07-30 15:45:00,3.430000066757202,3.490000009536743,3.4200000762939453,3.4600000381469727,2076185
2026-07-30 16:00:00,3.440000057220459,3.450000047683716,3.430000066757202,3.430000066757202,415041
2026-07-30 16:15:00,3.430000066757202,3.450000047683716,3.430000066757202,3.440000057220459,613010
2026-07-30 16:30:00,3.430000066757202,3.440000057220459,3.4100000858306885,3.440000057220459,779592
2026-07-30 16:45:00,3.430000066757202,3.450000047683716,3.430000066757202,3.440000057220459,402967
2026-07-30 17:00:00,3.440000057220459,3.450000047683716,3.4200000762939453,3.430000066757202,807398
2026-07-30 17:15:00,3.4200000762939453,3.440000057220459,3.4200000762939453,3.440000057220459,876299
2026-07-30 17:30:00,3.4000000953674316,3.430000066757202,3.390000104904175,3.4200000762939453,2739496
2026-07-30 17:45:00,3.390000104904175,3.4000000953674316,3.369999885559082,3.4000000953674316,2588583
2026-07-31 09:45:00,3.369999885559082,3.369999885559082,3.369999885559082,3.369999885559082,0
2026-07-31 10:00:00,3.430000066757202,3.4700000286102295,3.380000114440918,3.380000114440918,2978924
2026-07-31 10:15:00,3.4000000953674316,3.440000057220459,3.380000114440918,3.440000057220459,2934216
2026-07-31 10:30:00,3.390000104904175,3.4000000953674316,3.380000114440918,3.390000104904175,1652629
2026-07-31 10:45:00,3.390000104904175,3.4100000858306885,3.380000114440918,3.390000104904175,2058223
2026-07-31 11:00:00,3.369999885559082,3.390000104904175,3.369999885559082,3.390000104904175,1260056
2026-07-31 11:15:00,3.380000114440918,3.380000114440918,3.359999895095825,3.369999885559082,736933
2026-07-31 11:30:00,3.390000104904175,3.4100000858306885,3.359999895095825,3.380000114440918,2593578
2026-07-31 11:45:00,3.4000000953674316,3.4100000858306885,3.380000114440918,3.390000104904175,1143185
2026-07-31 12:00:00,3.390000104904175,3.4100000858306885,3.390000104904175,3.4000000953674316,991508
2026-07-31 12:15:00,3.390000104904175,3.4000000953674316,3.380000114440918,3.390000104904175,501966
2026-07-31 12:30:00,3.390000104904175,3.4100000858306885,3.380000114440918,3.390000104904175,1148986
2026-07-31 12:45:00,3.390000104904175,3.4000000953674316,3.390000104904175,3.390000104904175,169787
2026-07-31 13:00:00,3.4000000953674316,3.4000000953674316,3.390000104904175,3.4000000953674316,121328
2026-07-31 13:15:00,3.390000104904175,3.4000000953674316,3.390000104904175,3.4000000953674316,626851
2026-07-31 13:30:00,3.390000104904175,3.4000000953674316,3.390000104904175,3.4000000953674316,493959
2026-07-31 13:45:00,3.4000000953674316,3.4100000858306885,3.390000104904175,3.4000000953674316,1013991
2026-07-31 14:00:00,3.4100000858306885,3.4100000858306885,3.4000000953674316,3.4000000953674316,279102
2026-07-31 14:15:00,3.380000114440918,3.4100000858306885,3.359999895095825,3.4100000858306885,3251690
2026-07-31 14:30:00,3.359999895095825,3.380000114440918,3.3499999046325684,3.369999885559082,609094
2026-07-31 14:45:00,3.3499999046325684,3.359999895095825,3.3399999141693115,3.359999895095825,1353511
2026-07-31 15:00:00,3.359999895095825,3.369999885559082,3.359999895095825,3.359999895095825,410822
2026-07-31 15:15:00,3.380000114440918,3.380000114440918,3.3499999046325684,3.359999895095825,1124588
2026-07-31 15:30:00,3.380000114440918,3.380000114440918,3.359999895095825,3.380000114440918,743107
2026-07-31 15:45:00,3.4000000953674316,3.4000000953674316,3.369999885559082,3.369999885559082,319470
2026-07-31 16:00:00,3.4100000858306885,3.4200000762939453,3.390000104904175,3.390000104904175,1118822
2026-07-31 16:15:00,3.4200000762939453,3.430000066757202,3.4100000858306885,3.4200000762939453,809708
2026-07-31 16:30:00,3.4100000858306885,3.430000066757202,3.4000000953674316,3.430000066757202,967913
2026-07-31 16:45:00,3.4600000381469727,3.630000114440918,3.4200000762939453,3.4200000762939453,5323670
2026-07-31 17:00:00,3.450000047683716,3.4800000190734863,3.4200000762939453,3.4600000381469727,2155558
2026-07-31 17:15:00,3.450000047683716,3.4600000381469727,3.4200000762939453,3.450000047683716,1394504
2026-07-31 17:45:00,3.4600000381469727,3.4600000381469727,3.450000047683716,3.450000047683716,22856
2026-08-03 09:45:00,3.450000047683716,3.450000047683716,3.450000047683716,3.450000047683716,0
2026-08-03 10:00:00,3.430000066757202,3.4700000286102295,3.430000066757202,3.450000047683716,2708050
2026-08-03 10:15:00,3.390000104904175,3.440000057220459,3.390000104904175,3.430000066757202,1516869
2026-08-03 10:30:00,3.4000000953674316,3.4200000762939453,3.390000104904175,3.390000104904175,870006
2026-08-03 10:45:00,3.4000000953674316,3.4100000858306885,3.380000114440918,3.4000000953674316,1387201
2026-08-03 11:00:00,3.4100000858306885,3.4200000762939453,3.390000104904175,3.390000104904175,589269
2026-08-03 11:15:00,3.380000114440918,3.4100000858306885,3.369999885559082,3.4100000858306885,1386003
2026-08-03 11:30:00,3.369999885559082,3.380000114440918,3.3499999046325684,3.380000114440918,2059612
2026-08-03 11:45:00,3.359999895095825,3.369999885559082,3.3499999046325684,3.359999895095825,912703
2026-08-03 12:00:00,3.359999895095825,3.369999885559082,3.3499999046325684,3.369999885559082,949792
2026-08-03 12:15:00,3.359999895095825,3.369999885559082,3.3499999046325684,3.359999895095825,556892
2026-08-03 12:30:00,3.359999895095825,3.380000114440918,3.359999895095825,3.359999895095825,660890
2026-08-03 12:45:00,3.3499999046325684,3.369999885559082,3.3499999046325684,3.359999895095825,442058
2026-08-03 13:00:00,3.3499999046325684,3.359999895095825,3.3399999141693115,3.3499999046325684,1834173
2026-08-03 13:15:00,3.359999895095825,3.359999895095825,3.3399999141693115,3.3399999141693115,497823
2026-08-03 13:30:00,3.359999895095825,3.359999895095825,3.3499999046325684,3.359999895095825,163030
2026-08-03 13:45:00,3.359999895095825,3.369999885559082,3.3499999046325684,3.359999895095825,397417
2026-08-03 14:00:00,3.359999895095825,3.359999895095825,3.3499999046325684,3.3499999046325684,138915
2026-08-03 14:15:00,3.3399999141693115,3.359999895095825,3.3399999141693115,3.359999895095825,620390
2026-08-03 14:30:00,3.359999895095825,3.369999885559082,3.3399999141693115,3.3399999141693115,766610
2026-08-03 14:45:00,3.359999895095825,3.369999885559082,3.3499999046325684,3.359999895095825,110096
2026-08-03 15:00:00,3.359999895095825,3.359999895095825,3.3499999046325684,3.359999895095825,97665
2026-08-03 15:15:00,3.359999895095825,3.369999885559082,3.3499999046325684,3.3499999046325684,298366
2026-08-03 15:30:00,3.359999895095825,3.369999885559082,3.3499999046325684,3.359999895095825,790958
2026-08-03 15:45:00,3.359999895095825,3.369999885559082,3.359999895095825,3.359999895095825,100019
2026-08-03 16:00:00,3.359999895095825,3.369999885559082,3.359999895095825,3.359999895095825,326121
2026-08-03 16:15:00,3.359999895095825,3.359999895095825,3.3499999046325684,3.359999895095825,702387
2026-08-03 16:30:00,3.3499999046325684,3.359999895095825,3.3399999141693115,3.359999895095825,730852
2026-08-03 16:45:00,3.359999895095825,3.359999895095825,3.3499999046325684,3.3499999046325684,141114
2026-08-03 17:00:00,3.369999885559082,3.369999885559082,3.3499999046325684,3.359999895095825,2551405
2026-08-03 17:15:00,3.3399999141693115,3.369999885559082,3.3299999237060547,3.369999885559082,1096556
2026-08-03 17:30:00,3.359999895095825,3.359999895095825,3.3399999141693115,3.3499999046325684,1526737
2026-08-03 17:45:00,3.3399999141693115,3.380000114440918,3.3299999237060547,3.3499999046325684,2824252
2026-08-04 09:45:00,3.3499999046325684,3.3499999046325684,3.3499999046325684,3.3499999046325684,0
2026-08-04 10:00:00,3.3499999046325684,3.359999895095825,3.3399999141693115,3.3499999046325684,1517174
2026-08-04 10:15:00,3.369999885559082,3.369999885559082,3.3499999046325684,3.359999895095825,4948132
2026-08-04 10:30:00,3.369999885559082,3.380000114440918,3.3499999046325684,3.369999885559082,2027101
2026-08-04 10:45:00,3.3499999046325684,3.380000114440918,3.3499999046325684,3.369999885559082,647245
2026-08-04 11:00:00,3.359999895095825,3.369999885559082,3.3499999046325684,3.3499999046325684,478605
2026-08-04 11:15:00,3.3499999046325684,3.359999895095825,3.3399999141693115,3.359999895095825,1224155
2026-08-04 11:30:00,3.359999895095825,3.359999895095825,3.3399999141693115,3.3499999046325684,462206
2026-08-04 11:45:00,3.3399999141693115,3.359999895095825,3.3399999141693115,3.3499999046325684,352650
2026-08-04 12:00:00,3.3399999141693115,3.3499999046325684,3.3299999237060547,3.3499999046325684,1073504
2026-08-04 12:15:00,3.3299999237060547,3.3499999046325684,3.309999942779541,3.3499999046325684,9565047
2026-08-04 12:30:00,3.3299999237060547,3.3399999141693115,3.319999933242798,3.319999933242798,3419814
2026-08-04 12:45:00,3.319999933242798,3.3399999141693115,3.319999933242798,3.3299999237060547,1365826
2026-08-04 13:00:00,3.3299999237060547,3.3399999141693115,3.319999933242798,3.3299999237060547,713431
2026-08-04 13:15:00,3.3399999141693115,3.3499999046325684,3.3299999237060547,3.3299999237060547,1279725
2026-08-04 13:30:00,3.3499999046325684,3.3499999046325684,3.3399999141693115,3.3399999141693115,249561
2026-08-04 13:45:00,3.3499999046325684,3.3499999046325684,3.3399999141693115,3.3499999046325684,237327
2026-08-04 14:00:00,3.3499999046325684,3.3499999046325684,3.3399999141693115,3.3399999141693115,398527
2026-08-04 14:15:00,3.3399999141693115,3.3499999046325684,3.3299999237060547,3.3499999046325684,663096
2026-08-04 14:30:00,3.3399999141693115,3.3399999141693115,3.3299999237060547,3.3299999237060547,389860
2026-08-04 14:45:00,3.3499999046325684,3.359999895095825,3.3399999141693115,3.3499999046325684,1860121
2026-08-04 15:00:00,3.3399999141693115,3.359999895095825,3.3299999237060547,3.359999895095825,544489
2026-08-04 15:15:00,3.3399999141693115,3.3499999046325684,3.3299999237060547,3.3399999141693115,446880
2026-08-04 15:30:00,3.359999895095825,3.359999895095825,3.3399999141693115,3.3499999046325684,840954
2026-08-04 15:45:00,3.359999895095825,3.369999885559082,3.359999895095825,3.359999895095825,1950401
2026-08-04 16:00:00,3.3499999046325684,3.369999885559082,3.3399999141693115,3.359999895095825,481202
2026-08-04 16:15:00,3.369999885559082,3.369999885559082,3.3399999141693115,3.3499999046325684,865170
2026-08-04 16:30:00,3.3499999046325684,3.369999885559082,3.3499999046325684,3.369999885559082,983047
2026-08-04 16:45:00,3.359999895095825,3.359999895095825,3.3399999141693115,3.3499999046325684,1216464
2026-08-04 17:00:00,3.359999895095825,3.359999895095825,3.3399999141693115,3.3499999046325684,872579
2026-08-04 17:15:00,3.369999885559082,3.369999885559082,3.3499999046325684,3.359999895095825,1157261
2026-08-04 17:30:00,3.369999885559082,3.369999885559082,3.359999895095825,3.369999885559082,882312
2026-08-04 17:45:00,3.3499999046325684,3.369999885559082,3.3499999046325684,3.359999895095825,1685218
2026-08-05 09:45:00,3.380000114440918,3.380000114440918,3.380000114440918,3.380000114440918,0
2026-08-05 10:00:00,3.3399999141693115,3.390000104904175,3.3399999141693115,3.380000114440918,2974622
2026-08-05 10:15:00,3.3499999046325684,3.359999895095825,3.3299999237060547,3.3499999046325684,2208583
2026-08-05 10:30:00,3.3399999141693115,3.359999895095825,3.3299999237060547,3.3499999046325684,1492304
2026-08-05 10:45:00,3.319999933242798,3.3499999046325684,3.319999933242798,3.3399999141693115,2386844
2026-08-05 11:00:00,3.3299999237060547,3.3399999141693115,3.319999933242798,3.3299999237060547,912343
2026-08-05 11:15:00,3.3299999237060547,3.3299999237060547,3.319999933242798,3.319999933242798,1566672
2026-08-05 11:30:00,3.309999942779541,3.3299999237060547,3.309999942779541,3.3299999237060547,1335198
2026-08-05 11:45:00,3.309999942779541,3.3299999237060547,3.299999952316284,3.309999942779541,1701816
2026-08-05 12:00:00,3.319999933242798,3.319999933242798,3.309999942779541,3.309999942779541,109883
2026-08-05 12:15:00,3.309999942779541,3.319999933242798,3.309999942779541,3.309999942779541,463761
2026-08-05 12:30:00,3.319999933242798,3.319999933242798,3.299999952316284,3.309999942779541,755612
2026-08-05 12:45:00,3.309999942779541,3.319999933242798,3.299999952316284,3.319999933242798,364052
2026-08-05 13:00:00,3.299999952316284,3.319999933242798,3.299999952316284,3.299999952316284,520649
2026-08-05 13:15:00,3.309999942779541,3.319999933242798,3.299999952316284,3.299999952316284,392812
2026-08-05 13:30:00,3.299999952316284,3.309999942779541,3.299999952316284,3.309999942779541,181380
2026-08-05 13:45:00,3.309999942779541,3.309999942779541,3.299999952316284,3.299999952316284,116646
2026-08-05 14:00:00,3.299999952316284,3.309999942779541,3.2899999618530273,3.299999952316284,1003701
2026-08-05 14:15:00,3.299999952316284,3.309999942779541,3.299999952316284,3.309999942779541,168559
2026-08-05 14:30:00,3.309999942779541,3.309999942779541,3.299999952316284,3.309999942779541,265781
2026-08-05 14:45:00,3.299999952316284,3.309999942779541,3.2899999618530273,3.309999942779541,544637
2026-08-05 15:00:00,3.2899999618530273,3.299999952316284,3.2799999713897705,3.299999952316284,1377843
2026-08-05 15:15:00,3.299999952316284,3.299999952316284,3.2899999618530273,3.2899999618530273,473867
2026-08-05 15:30:00,3.299999952316284,3.299999952316284,3.2899999618530273,3.299999952316284,483687
2026-08-05 15:45:00,3.2899999618530273,3.309999942779541,3.2799999713897705,3.299999952316284,738697
2026-08-05 16:00:00,3.299999952316284,3.299999952316284,3.2799999713897705,3.2899999618530273,270813
2026-08-05 16:15:00,3.2899999618530273,3.299999952316284,3.2899999618530273,3.299999952316284,306782
2026-08-05 16:30:00,3.299999952316284,3.299999952316284,3.2799999713897705,3.299999952316284,826918
2026-08-05 16:45:00,3.2899999618530273,3.299999952316284,3.2899999618530273,3.299999952316284,83025
2026-08-05 17:00:00,3.299999952316284,3.299999952316284,3.2899999618530273,3.299999952316284,347190
2026-08-05 17:15:00,3.2699999809265137,3.299999952316284,3.2699999809265137,3.299999952316284,913513
2026-08-05 17:30:00,3.2699999809265137,3.2799999713897705,3.240000009536743,3.2799999713897705,2190146
2026-08-05 17:45:00,3.2699999809265137,3.2799999713897705,3.240000009536743,3.2799999713897705,2454059
2026-08-06 09:45:00,3.299999952316284,3.299999952316284,3.299999952316284,3.299999952316284,0
2026-08-06 10:00:00,3.2799999713897705,3.309999942779541,3.2699999809265137,3.299999952316284,2573822
2026-08-06 10:15:00,3.2899999618530273,3.299999952316284,3.2799999713897705,3.2799999713897705,1313879
2026-08-06 10:30:00,3.2899999618530273,3.299999952316284,3.2799999713897705,3.2899999618530273,936407
2026-08-06 10:45:00,3.2899999618530273,3.2899999618530273,3.2799999713897705,3.2899999618530273,564802
2026-08-06 11:00:00,3.299999952316284,3.299999952316284,3.2899999618530273,3.2899999618530273,444761
2026-08-06 11:15:00,3.309999942779541,3.309999942779541,3.2899999618530273,3.2899999618530273,841973
2026-08-06 11:30:00,3.2799999713897705,3.309999942779541,3.2799999713897705,3.299999952316284,1105111
2026-08-06 11:45:00,3.2899999618530273,3.299999952316284,3.2799999713897705,3.2799999713897705,612744
2026-08-06 12:00:00,3.299999952316284,3.299999952316284,3.2899999618530273,3.2899999618530273,512362
2026-08-06 12:15:00,3.319999933242798,3.319999933242798,3.299999952316284,3.299999952316284,538483
2026-08-06 12:30:00,3.3499999046325684,3.380000114440918,3.319999933242798,3.319999933242798,6698982
2026-08-06 12:45:00,3.369999885559082,3.4000000953674316,3.3499999046325684,3.359999895095825,5744212
2026-08-06 13:00:00,3.4000000953674316,3.4000000953674316,3.369999885559082,3.369999885559082,1938573
2026-08-06 13:15:00,3.3499999046325684,3.390000104904175,3.3499999046325684,3.390000104904175,1681219
2026-08-06 13:30:00,3.359999895095825,3.359999895095825,3.3399999141693115,3.359999895095825,1630775
2026-08-06 13:45:00,3.359999895095825,3.359999895095825,3.3399999141693115,3.359999895095825,896951
2026-08-06 14:00:00,3.3399999141693115,3.359999895095825,3.3399999141693115,3.359999895095825,279415
2026-08-06 14:15:00,3.3399999141693115,3.3499999046325684,3.3399999141693115,3.3499999046325684,294297
2026-08-06 14:30:00,3.3499999046325684,3.3499999046325684,3.3399999141693115,3.3399999141693115,121155
2026-08-06 14:45:00,3.3499999046325684,3.359999895095825,3.3399999141693115,3.3499999046325684,816789
2026-08-06 15:00:00,3.3299999237060547,3.3499999046325684,3.3299999237060547,3.3399999141693115,841485
2026-08-06 15:15:00,3.3399999141693115,3.3399999141693115,3.3299999237060547,3.3399999141693115,466651
2026-08-06 15:30:00,3.3299999237060547,3.3399999141693115,3.3299999237060547,3.3399999141693115,444000
2026-08-06 15:45:00,3.319999933242798,3.3399999141693115,3.319999933242798,3.3299999237060547,399402
2026-08-06 16:00:00,3.319999933242798,3.3399999141693115,3.319999933242798,3.3299999237060547,338310
2026-08-06 16:15:00,3.3399999141693115,3.3399999141693115,3.319999933242798,3.319999933242798,585010
2026-08-06 16:30:00,3.3299999237060547,3.3499999046325684,3.3299999237060547,3.3399999141693115,582456
2026-08-06 16:45:00,3.3399999141693115,3.3499999046325684,3.3399999141693115,3.3399999141693115,215133
2026-08-06 17:00:00,3.319999933242798,3.3399999141693115,3.319999933242798,3.3399999141693115,346992
2026-08-06 17:15:00,3.319999933242798,3.3299999237060547,3.319999933242798,3.3299999237060547,728856
2026-08-06 17:30:00,3.319999933242798,3.3299999237060547,3.299999952316284,3.319999933242798,1516096
2026-08-06 17:45:00,3.309999942779541,3.319999933242798,3.299999952316284,3.319999933242798,1619014
2026-08-07 09:45:00,3.309999942779541,3.309999942779541,3.309999942779541,3.309999942779541,0
2026-08-07 10:00:00,3.3299999237060547,3.3299999237060547,3.309999942779541,3.319999933242798,1301080
2026-08-07 10:15:00,3.319999933242798,3.3299999237060547,3.309999942779541,3.3299999237060547,1237328
2026-08-07 10:30:00,3.3299999237060547,3.3399999141693115,3.309999942779541,3.309999942779541,754104
2026-08-07 10:45:00,3.3299999237060547,3.3499999046325684,3.319999933242798,3.3399999141693115,1376490
2026-08-07 11:00:00,3.319999933242798,3.3399999141693115,3.309999942779541,3.3399999141693115,986568
2026-08-07 11:15:00,3.319999933242798,3.3299999237060547,3.319999933242798,3.319999933242798,353768
2026-08-07 11:30:00,3.319999933242798,3.3299999237060547,3.319999933242798,3.3299999237060547,679523
2026-08-07 11:45:00,3.309999942779541,3.3299999237060547,3.309999942779541,3.319999933242798,865561
2026-08-07 12:00:00,3.319999933242798,3.319999933242798,3.309999942779541,3.309999942779541,476304
2026-08-07 12:15:00,3.319999933242798,3.3299999237060547,3.309999942779541,3.309999942779541,723142
2026-08-07 12:30:00,3.309999942779541,3.319999933242798,3.309999942779541,3.309999942779541,89154
2026-08-07 12:45:00,3.309999942779541,3.319999933242798,3.309999942779541,3.309999942779541,142345
2026-08-07 13:00:00,3.299999952316284,3.319999933242798,3.299999952316284,3.309999942779541,496533
2026-08-07 13:15:00,3.319999933242798,3.319999933242798,3.309999942779541,3.309999942779541,775695
2026-08-07 13:30:00,3.309999942779541,3.319999933242798,3.309999942779541,3.319999933242798,112926
2026-08-07 13:45:00,3.319999933242798,3.319999933242798,3.309999942779541,3.319999933242798,363895
2026-08-07 14:00:00,3.319999933242798,3.3299999237060547,3.319999933242798,3.319999933242798,356907
2026-08-07 14:15:00,3.319999933242798,3.319999933242798,3.309999942779541,3.319999933242798,52814
2026-08-07 14:30:00,3.309999942779541,3.319999933242798,3.299999952316284,3.309999942779541,1666848
2026-08-07 14:45:00,3.319999933242798,3.319999933242798,3.299999952316284,3.309999942779541,461464
2026-08-07 15:00:00,3.299999952316284,3.319999933242798,3.299999952316284,3.319999933242798,314900
2026-08-07 15:15:00,3.299999952316284,3.309999942779541,3.299999952316284,3.309999942779541,165632
2026-08-07 15:30:00,3.3399999141693115,3.3399999141693115,3.309999942779541,3.309999942779541,1182937
2026-08-07 15:45:00,3.3299999237060547,3.3399999141693115,3.309999942779541,3.3399999141693115,1555692
2026-08-07 16:00:00,3.3299999237060547,3.3499999046325684,3.319999933242798,3.3299999237060547,1335983
2026-08-07 16:15:00,3.3299999237060547,3.3399999141693115,3.309999942779541,3.3299999237060547,1887861
2026-08-07 16:30:00,3.3299999237060547,3.3399999141693115,3.309999942779541,3.3299999237060547,1349833
2026-08-07 16:45:00,3.3499999046325684,3.3499999046325684,3.3299999237060547,3.3399999141693115,941103
2026-08-07 17:00:00,3.3499999046325684,3.380000114440918,3.3399999141693115,3.3499999046325684,3121231
2026-08-07 17:15:00,3.3499999046325684,3.369999885559082,3.3499999046325684,3.359999895095825,1748054
2026-08-07 17:30:00,3.359999895095825,3.369999885559082,3.3499999046325684,3.3499999046325684,1541610
2026-08-07 17:45:00,3.3499999046325684,3.380000114440918,3.3399999141693115,3.359999895095825,4400986
2026-08-10 09:45:00,3.3499999046325684,3.3499999046325684,3.3499999046325684,3.3499999046325684,0
2026-08-10 10:00:00,3.3399999141693115,3.380000114440918,3.3399999141693115,3.3499999046325684,1825078
2026-08-10 10:15:00,3.3399999141693115,3.3499999046325684,3.3299999237060547,3.3399999141693115,702648
2026-08-10 10:30:00,3.309999942779541,3.3499999046325684,3.309999942779541,3.3399999141693115,1165434
2026-08-10 10:45:00,3.309999942779541,3.319999933242798,3.309999942779541,3.319999933242798,820077
2026-08-10 11:00:00,3.309999942779541,3.319999933242798,3.309999942779541,3.309999942779541,792720
2026-08-10 11:15:00,3.299999952316284,3.3299999237060547,3.2899999618530273,3.309999942779541,2030722
2026-08-10 11:30:00,3.309999942779541,3.309999942779541,3.2899999618530273,3.299999952316284,1190679
2026-08-10 11:45:00,3.299999952316284,3.309999942779541,3.2899999618530273,3.299999952316284,1097216
2026-08-10 12:00:00,3.299999952316284,3.309999942779541,3.299999952316284,3.299999952316284,350106
2026-08-10 12:15:00,3.309999942779541,3.309999942779541,3.299999952316284,3.299999952316284,394061
2026-08-10 12:30:00,3.299999952316284,3.309999942779541,3.299999952316284,3.309999942779541,380334
2026-08-10 12:45:00,3.299999952316284,3.299999952316284,3.2899999618530273,3.299999952316284,409996
2026-08-10 13:00:00,3.299999952316284,3.299999952316284,3.2899999618530273,3.2899999618530273,555996
2026-08-10 13:15:00,3.299999952316284,3.309999942779541,3.299999952316284,3.309999942779541,225284
2026-08-10 13:30:00,3.299999952316284,3.299999952316284,3.2899999618530273,3.299999952316284,559801
2026-08-10 13:45:00,3.299999952316284,3.299999952316284,3.2899999618530273,3.299999952316284,333780
2026-08-10 14:00:00,3.309999942779541,3.319999933242798,3.2899999618530273,3.299999952316284,761517
2026-08-10 14:15:00,3.2899999618530273,3.309999942779541,3.2799999713897705,3.309999942779541,872442
2026-08-10 14:30:00,3.2799999713897705,3.2899999618530273,3.2699999809265137,3.2899999618530273,967865
2026-08-10 14:45:00,3.2699999809265137,3.2799999713897705,3.259999990463257,3.2799999713897705,1082864
2026-08-10 15:00:00,3.2699999809265137,3.2699999809265137,3.259999990463257,3.2699999809265137,844027
2026-08-10 15:15:00,3.2699999809265137,3.2799999713897705,3.259999990463257,3.2699999809265137,639029
2026-08-10 15:30:00,3.2799999713897705,3.2799999713897705,3.259999990463257,3.2699999809265137,477860
2026-08-10 15:45:00,3.2699999809265137,3.2799999713897705,3.259999990463257,3.2799999713897705,286971
2026-08-10 16:00:00,3.2699999809265137,3.2699999809265137,3.259999990463257,3.2699999809265137,374910
2026-08-10 16:15:00,3.259999990463257,3.2699999809265137,3.25,3.2699999809265137,1171301
2026-08-10 16:30:00,3.259999990463257,3.2699999809265137,3.25,3.2699999809265137,221258
2026-08-10 16:45:00,3.2699999809265137,3.2799999713897705,3.25,3.2699999809265137,1574058
2026-08-10 17:00:00,3.259999990463257,3.2699999809265137,3.25,3.259999990463257,866159
2026-08-10 17:15:00,3.259999990463257,3.2699999809265137,3.25,3.259999990463257,1097479
2026-08-10 17:30:00,3.259999990463257,3.2699999809265137,3.259999990463257,3.2699999809265137,570600
2026-08-10 17:45:00,3.259999990463257,3.2699999809265137,3.25,3.2699999809265137,1002975
2026-08-11 09:45:00,3.2899999618530273,3.2899999618530273,3.2899999618530273,3.2899999618530273,0
2026-08-11 10:00:00,3.25,3.2899999618530273,3.240000009536743,3.2799999713897705,3080684
2026-08-11 10:15:00,3.25,3.259999990463257,3.2300000190734863,3.25,1380144
2026-08-11 10:30:00,3.25,3.25,3.2300000190734863,3.240000009536743,671763
2026-08-11 10:45:00,3.240000009536743,3.25,3.2300000190734863,3.240000009536743,629155
2026-08-11 11:00:00,3.25,3.2699999809265137,3.2200000286102295,3.2300000190734863,1990750
2026-08-11 11:15:00,3.200000047683716,3.259999990463257,3.180000066757202,3.25,3500438
2026-08-11 11:30:00,3.200000047683716,3.200000047683716,3.190000057220459,3.200000047683716,995054
2026-08-11 11:45:00,3.180000066757202,3.2200000286102295,3.1700000762939453,3.190000057220459,3182430
2026-08-11 12:00:00,3.1600000858306885,3.180000066757202,3.1600000858306885,3.180000066757202,1691973
2026-08-11 12:15:00,3.1600000858306885,3.1700000762939453,3.1600000858306885,3.1600000858306885,721229
2026-08-11 12:30:00,3.1700000762939453,3.180000066757202,3.1500000953674316,3.1600000858306885,1922945
2026-08-11 12:45:00,3.180000066757202,3.180000066757202,3.1600000858306885,3.1700000762939453,670847
2026-08-11 13:00:00,3.1700000762939453,3.180000066757202,3.1700000762939453,3.1700000762939453,672617
2026-08-11 13:15:00,3.190000057220459,3.200000047683716,3.180000066757202,3.180000066757202,1560226
2026-08-11 13:30:00,3.1700000762939453,3.190000057220459,3.1700000762939453,3.190000057220459,488685
2026-08-11 13:45:00,3.180000066757202,3.180000066757202,3.1700000762939453,3.180000066757202,112213
2026-08-11 14:00:00,3.190000057220459,3.190000057220459,3.1700000762939453,3.180000066757202,1364172
2026-08-11 14:15:00,3.1700000762939453,3.190000057220459,3.1700000762939453,3.190000057220459,136956
2026-08-11 14:30:00,3.190000057220459,3.190000057220459,3.1700000762939453,3.1700000762939453,607965
2026-08-11 14:45:00,3.1700000762939453,3.190000057220459,3.1700000762939453,3.190000057220459,1088551
2026-08-11 15:00:00,3.180000066757202,3.190000057220459,3.1700000762939453,3.180000066757202,591582
2026-08-11 15:15:00,3.190000057220459,3.190000057220459,3.1700000762939453,3.190000057220459,983721
2026-08-11 15:30:00,3.200000047683716,3.200000047683716,3.180000066757202,3.190000057220459,444217
2026-08-11 15:45:00,3.200000047683716,3.200000047683716,3.190000057220459,3.200000047683716,168862
2026-08-11 16:00:00,3.190000057220459,3.200000047683716,3.190000057220459,3.200000047683716,336906
2026-08-11 16:15:00,3.200000047683716,3.2100000381469727,3.190000057220459,3.190000057220459,2056418
2026-08-11 16:30:00,3.180000066757202,3.2100000381469727,3.180000066757202,3.200000047683716,1842344
2026-08-11 16:45:00,3.180000066757202,3.190000057220459,3.1700000762939453,3.190000057220459,273786
2026-08-11 17:00:00,3.180000066757202,3.180000066757202,3.1700000762939453,3.180000066757202,147900
2026-08-11 17:15:00,3.1700000762939453,3.180000066757202,3.1700000762939453,3.180000066757202,165608
2026-08-11 17:30:00,3.180000066757202,3.190000057220459,3.1700000762939453,3.180000066757202,388934
2026-08-11 17:45:00,3.180000066757202,3.190000057220459,3.1700000762939453,3.180000066757202,705091
2026-08-12 09:45:00,3.180000066757202,3.180000066757202,3.180000066757202,3.180000066757202,0
2026-08-12 10:00:00,3.1700000762939453,3.190000057220459,3.1600000858306885,3.180000066757202,1053277
2026-08-12 10:15:00,3.1700000762939453,3.180000066757202,3.1600000858306885,3.1700000762939453,732829
2026-08-12 10:30:00,3.180000066757202,3.200000047683716,3.1600000858306885,3.180000066757202,1696945
2026-08-12 10:45:00,3.180000066757202,3.190000057220459,3.1700000762939453,3.180000066757202,868499
2026-08-12 11:00:00,3.1700000762939453,3.190000057220459,3.1700000762939453,3.180000066757202,504732
2026-08-12 11:15:00,3.1700000762939453,3.180000066757202,3.1700000762939453,3.180000066757202,304557
2026-08-12 11:30:00,3.190000057220459,3.190000057220459,3.1700000762939453,3.180000066757202,874896
2026-08-12 11:45:00,3.2200000286102295,3.25,3.180000066757202,3.180000066757202,5339148
2026-08-12 12:00:00,3.2300000190734863,3.25,3.2100000381469727,3.2200000286102295,1612928
2026-08-12 12:15:00,3.2300000190734863,3.240000009536743,3.2200000286102295,3.2300000190734863,560975
2026-08-12 12:30:00,3.259999990463257,3.259999990463257,3.2300000190734863,3.2300000190734863,765556
2026-08-12 12:45:00,3.25,3.2699999809265137,3.25,3.259999990463257,1204954
2026-08-12 13:00:00,3.240000009536743,3.259999990463257,3.240000009536743,3.25,978526
2026-08-12 13:15:00,3.259999990463257,3.259999990463257,3.240000009536743,3.25,1540675
2026-08-12 13:30:00,3.259999990463257,3.259999990463257,3.25,3.259999990463257,198412
2026-08-12 13:45:00,3.240000009536743,3.259999990463257,3.2300000190734863,3.259999990463257,475282
2026-08-12 14:00:00,3.240000009536743,3.25,3.2300000190734863,3.240000009536743,934705
2026-08-12 14:15:00,3.240000009536743,3.240000009536743,3.2300000190734863,3.240000009536743,78111
2026-08-12 14:30:00,3.2300000190734863,3.240000009536743,3.2300000190734863,3.240000009536743,262755
2026-08-12 14:45:00,3.240000009536743,3.240000009536743,3.2300000190734863,3.240000009536743,209715
2026-08-12 15:00:00,3.25,3.25,3.2300000190734863,3.240000009536743,209638
2026-08-12 15:15:00,3.240000009536743,3.25,3.240000009536743,3.25,179509
2026-08-12 15:30:00,3.240000009536743,3.25,3.2300000190734863,3.25,584304
2026-08-12 15:45:00,3.2200000286102295,3.2300000190734863,3.2100000381469727,3.2300000190734863,752829
2026-08-12 16:00:00,3.2200000286102295,3.2300000190734863,3.2100000381469727,3.2200000286102295,412052
2026-08-12 16:15:00,3.2200000286102295,3.2300000190734863,3.2100000381469727,3.2200000286102295,796226
2026-08-12 16:30:00,3.2100000381469727,3.2200000286102295,3.2100000381469727,3.2200000286102295,268337
2026-08-12 16:45:00,3.2200000286102295,3.2200000286102295,3.2100000381469727,3.2200000286102295,527906
2026-08-12 17:00:00,3.2200000286102295,3.2200000286102295,3.2100000381469727,3.2100000381469727,333569
2026-08-12 17:15:00,3.2200000286102295,3.2200000286102295,3.2100000381469727,3.2200000286102295,683230
2026-08-12 17:30:00,3.2100000381469727,3.2200000286102295,3.2100000381469727,3.2200000286102295,452530
2026-08-12 17:45:00,3.2200000286102295,3.2200000286102295,3.2100000381469727,3.2100000381469727,1367851
2026-08-13 09:45:00,3.2300000190734863,3.2300000190734863,3.2300000190734863,3.2300000190734863,0
2026-08-13 10:00:00,3.25,3.25,3.2300000190734863,3.2300000190734863,1051523
2026-08-13 10:15:00,3.240000009536743,3.259999990463257,3.2300000190734863,3.25,892631
2026-08-13 10:30:00,3.240000009536743,3.259999990463257,3.240000009536743,3.240000009536743,819970
2026-08-13 10:45:00,3.240000009536743,3.259999990463257,3.240000009536743,3.240000009536743,1166860
2026-08-13 11:00:00,3.240000009536743,3.25,3.2300000190734863,3.240000009536743,611616
2026-08-13 11:15:00,3.259999990463257,3.2699999809265137,3.240000009536743,3.25,1300832
2026-08-13 11:30:00,3.25,3.2699999809265137,3.25,3.259999990463257,2233948
2026-08-13 11:45:00,3.25,3.259999990463257,3.25,3.25,348371
2026-08-13 12:00:00,3.240000009536743,3.259999990463257,3.2300000190734863,3.25,890563
2026-08-13 12:15:00,3.2300000190734863,3.25,3.2300000190734863,3.240000009536743,1026628
2026-08-13 12:30:00,3.240000009536743,3.240000009536743,3.2300000190734863,3.240000009536743,485733
2026-08-13 12:45:00,3.240000009536743,3.240000009536743,3.2300000190734863,3.240000009536743,149948
2026-08-13 13:00:00,3.240000009536743,3.240000009536743,3.2300000190734863,3.2300000190734863,357666
2026-08-13 13:15:00,3.2300000190734863,3.240000009536743,3.2300000190734863,3.240000009536743,220587
2026-08-13 13:30:00,3.240000009536743,3.240000009536743,3.2300000190734863,3.2300000190734863,240952
2026-08-13 13:45:00,3.2300000190734863,3.240000009536743,3.2300000190734863,3.240000009536743,201076
2026-08-13 14:00:00,3.240000009536743,3.240000009536743,3.2300000190734863,3.2300000190734863,622295
2026-08-13 14:15:00,3.240000009536743,3.240000009536743,3.2300000190734863,3.240000009536743,165955
2026-08-13 14:30:00,3.2300000190734863,3.240000009536743,3.2300000190734863,3.240000009536743,290359
2026-08-13 14:45:00,3.2300000190734863,3.240000009536743,3.2300000190734863,3.240000009536743,276592
2026-08-13 15:00:00,3.25,3.25,3.2300000190734863,3.2300000190734863,1178560
2026-08-13 15:15:00,3.240000009536743,3.25,3.2300000190734863,3.25,555868
2026-08-13 15:30:00,3.240000009536743,3.240000009536743,3.2300000190734863,3.240000009536743,367837
2026-08-13 15:45:00,3.240000009536743,3.25,3.2300000190734863,3.240000009536743,509076
2026-08-13 16:00:00,3.25,3.259999990463257,3.2300000190734863,3.2300000190734863,1638075
2026-08-13 16:15:00,3.25,3.259999990463257,3.240000009536743,3.259999990463257,1209441
2026-08-13 16:30:00,3.240000009536743,3.25,3.240000009536743,3.25,61036
2026-08-13 16:45:00,3.2300000190734863,3.25,3.2300000190734863,3.240000009536743,521370
2026-08-13 17:00:00,3.25,3.25,3.2300000190734863,3.240000009536743,731844
2026-08-13 17:15:00,3.25,3.25,3.240000009536743,3.25,126357
2026-08-13 17:30:00,3.259999990463257,3.259999990463257,3.240000009536743,3.25,612731
2026-08-13 17:45:00,3.240000009536743,3.259999990463257,3.2300000190734863,3.259999990463257,2425134
2026-08-14 09:45:00,3.25,3.25,3.25,3.25,0
2026-08-14 10:00:00,3.2699999809265137,3.2799999713897705,3.240000009536743,3.240000009536743,2728469
2026-08-14 10:15:00,3.259999990463257,3.2699999809265137,3.25,3.259999990463257,711766
2026-08-14 10:30:00,3.240000009536743,3.259999990463257,3.2200000286102295,3.25,3402671
2026-08-14 10:45:00,3.240000009536743,3.25,3.2300000190734863,3.240000009536743,426904
2026-08-14 11:00:00,3.240000009536743,3.25,3.240000009536743,3.25,330023
2026-08-14 11:15:00,3.2300000190734863,3.2899999618530273,3.2300000190734863,3.25,3443178
2026-08-14 11:30:00,3.240000009536743,3.259999990463257,3.2300000190734863,3.240000009536743,1276464
2026-08-14 11:45:00,3.2300000190734863,3.25,3.2300000190734863,3.25,1168600
2026-08-14 12:00:00,3.2200000286102295,3.25,3.2200000286102295,3.2300000190734863,1416437
2026-08-14 12:15:00,3.2200000286102295,3.240000009536743,3.2100000381469727,3.2200000286102295,2773566
2026-08-14 12:30:00,3.2200000286102295,3.2200000286102295,3.2100000381469727,3.2100000381469727,865952
2026-08-14 12:45:00,3.2200000286102295,3.2200000286102295,3.2100000381469727,3.2200000286102295,341975
2026-08-14 13:00:00,3.2200000286102295,3.2200000286102295,3.2100000381469727,3.2100000381469727,84162
2026-08-14 13:15:00,3.2200000286102295,3.2200000286102295,3.2100000381469727,3.2100000381469727,102841
2026-08-14 13:30:00,3.2200000286102295,3.2200000286102295,3.2100000381469727,3.2200000286102295,153778
2026-08-14 13:45:00,3.2100000381469727,3.2200000286102295,3.2100000381469727,3.2100000381469727,247779
2026-08-14 14:00:00,3.2200000286102295,3.2200000286102295,3.2100000381469727,3.2200000286102295,359629
2026-08-14 14:15:00,3.2100000381469727,3.2200000286102295,3.200000047683716,3.2200000286102295,439532
2026-08-14 14:30:00,3.2100000381469727,3.2200000286102295,3.200000047683716,3.2100000381469727,704463
2026-08-14 14:45:00,3.190000057220459,3.2100000381469727,3.180000066757202,3.200000047683716,1932281
2026-08-14 15:00:00,3.180000066757202,3.190000057220459,3.1700000762939453,3.180000066757202,1436794
2026-08-14 15:15:00,3.1600000858306885,3.180000066757202,3.1500000953674316,3.180000066757202,2218569
2026-08-14 15:30:00,3.1700000762939453,3.1700000762939453,3.1500000953674316,3.1600000858306885,1271010
2026-08-14 15:45:00,3.1700000762939453,3.1700000762939453,3.1600000858306885,3.1700000762939453,282184
2026-08-14 16:00:00,3.1600000858306885,3.1700000762939453,3.1600000858306885,3.1700000762939453,1298774
2026-08-14 16:15:00,3.1600000858306885,3.1700000762939453,3.1500000953674316,3.1600000858306885,562435
2026-08-14 16:30:00,3.1700000762939453,3.1700000762939453,3.1500000953674316,3.1600000858306885,1007940
2026-08-14 16:45:00,3.1700000762939453,3.1700000762939453,3.1600000858306885,3.1700000762939453,163405
2026-08-14 17:00:00,3.1700000762939453,3.1700000762939453,3.1600000858306885,3.1700000762939453,874594
2026-08-14 17:15:00,3.180000066757202,3.180000066757202,3.1700000762939453,3.1700000762939453,347259
2026-08-14 17:30:00,3.180000066757202,3.180000066757202,3.1700000762939453,3.180000066757202,526084
2026-08-14 17:45:00,3.180000066757202,3.180000066757202,3.1700000762939453,3.180000066757202,925243
2026-08-17 09:45:00,3.200000047683716,3.200000047683716,3.200000047683716,3.200000047683716,0
2026-08-17 10:00:00,3.200000047683716,3.2200000286102295,3.180000066757202,3.200000047683716,2458577
2026-08-17 10:15:00,3.2200000286102295,3.240000009536743,3.200000047683716,3.200000047683716,1680694
2026-08-17 10:30:00,3.2100000381469727,3.2200000286102295,3.200000047683716,3.2200000286102295,872468
2026-08-17 10:45:00,3.190000057220459,3.2200000286102295,3.190000057220459,3.2100000381469727,948624
2026-08-17 11:00:00,3.190000057220459,3.200000047683716,3.190000057220459,3.190000057220459,594892
2026-08-17 11:15:00,3.190000057220459,3.200000047683716,3.180000066757202,3.190000057220459,1123460
2026-08-17 11:30:00,3.180000066757202,3.200000047683716,3.1700000762939453,3.200000047683716,1423366
2026-08-17 11:45:00,3.190000057220459,3.200000047683716,3.1700000762939453,3.180000066757202,805369
2026-08-17 12:00:00,3.180000066757202,3.190000057220459,3.180000066757202,3.180000066757202,184978
2026-08-17 12:15:00,3.180000066757202,3.2100000381469727,3.180000066757202,3.180000066757202,1764832
2026-08-17 12:30:00,3.200000047683716,3.200000047683716,3.180000066757202,3.190000057220459,1171890
2026-08-17 12:45:00,3.190000057220459,3.200000047683716,3.190000057220459,3.200000047683716,408667
2026-08-17 13:00:00,3.2100000381469727,3.2100000381469727,3.190000057220459,3.190000057220459,918634
2026-08-17 13:15:00,3.2100000381469727,3.240000009536743,3.200000047683716,3.2100000381469727,2700729
2026-08-17 13:30:00,3.2100000381469727,3.2300000190734863,3.2100000381469727,3.2100000381469727,1465323
2026-08-17 13:45:00,3.200000047683716,3.2200000286102295,3.200000047683716,3.2100000381469727,513979
2026-08-17 14:00:00,3.2100000381469727,3.2100000381469727,3.200000047683716,3.2100000381469727,105552
2026-08-17 14:15:00,3.190000057220459,3.2200000286102295,3.190000057220459,3.2100000381469727,1227256
2026-08-17 14:30:00,3.200000047683716,3.200000047683716,3.190000057220459,3.190000057220459,190339
2026-08-17 14:45:00,3.2100000381469727,3.2100000381469727,3.200000047683716,3.200000047683716,265381
2026-08-17 15:00:00,3.200000047683716,3.2100000381469727,3.190000057220459,3.2100000381469727,513875
2026-08-17 15:15:00,3.2100000381469727,3.2200000286102295,3.200000047683716,3.2100000381469727,448038
2026-08-17 15:30:00,3.200000047683716,3.2100000381469727,3.200000047683716,3.2100000381469727,394949
2026-08-17 15:45:00,3.190000057220459,3.200000047683716,3.190000057220459,3.200000047683716,156241
2026-08-17 16:00:00,3.2100000381469727,3.2100000381469727,3.190000057220459,3.200000047683716,448696
2026-08-17 16:15:00,3.200000047683716,3.2100000381469727,3.190000057220459,3.2100000381469727,444894
2026-08-17 16:30:00,3.200000047683716,3.2100000381469727,3.200000047683716,3.200000047683716,124540
2026-08-17 16:45:00,3.200000047683716,3.2100000381469727,3.200000047683716,3.200000047683716,192100
2026-08-17 17:00:00,3.200000047683716,3.200000047683716,3.190000057220459,3.200000047683716,166513
2026-08-17 17:15:00,3.190000057220459,3.200000047683716,3.190000057220459,3.190000057220459,890557
2026-08-17 17:30:00,3.200000047683716,3.2100000381469727,3.190000057220459,3.200000047683716,1378108
2026-08-17 17:45:00,3.190000057220459,3.200000047683716,3.180000066757202,3.200000047683716,612328
2026-08-18 09:45:00,3.240000009536743,3.240000009536743,3.240000009536743,3.240000009536743,0
2026-08-18 10:00:00,3.259999990463257,3.2699999809265137,3.200000047683716,3.240000009536743,4146392
2026-08-18 10:15:00,3.2699999809265137,3.3499999046325684,3.25,3.259999990463257,16751371
2026-08-18 10:30:00,3.2699999809265137,3.2899999618530273,3.25,3.2699999809265137,4139780
2026-08-18 10:45:00,3.259999990463257,3.2799999713897705,3.25,3.2699999809265137,2471786
2026-08-18 11:00:00,3.25,3.2699999809265137,3.25,3.2699999809265137,861513
2026-08-18 11:15:00,3.240000009536743,3.259999990463257,3.240000009536743,3.25,1577879
2026-08-18 11:30:00,3.240000009536743,3.259999990463257,3.2300000190734863,3.25,977778
2026-08-18 11:45:00,3.2300000190734863,3.240000009536743,3.2200000286102295,3.240000009536743,1116873
2026-08-18 12:00:00,3.2100000381469727,3.240000009536743,3.2100000381469727,3.240000009536743,1207146
2026-08-18 12:15:00,3.2200000286102295,3.2300000190734863,3.200000047683716,3.2100000381469727,1840439
2026-08-18 12:30:00,3.200000047683716,3.2200000286102295,3.190000057220459,3.2200000286102295,1505936
2026-08-18 12:45:00,3.2100000381469727,3.2100000381469727,3.200000047683716,3.2100000381469727,819129
2026-08-18 13:00:00,3.2100000381469727,3.2300000190734863,3.2100000381469727,3.2200000286102295,971888
2026-08-18 13:15:00,3.2100000381469727,3.2200000286102295,3.200000047683716,3.2100000381469727,706241
2026-08-18 13:30:00,3.240000009536743,3.240000009536743,3.2100000381469727,3.2100000381469727,1154209
2026-08-18 13:45:00,3.240000009536743,3.25,3.2300000190734863,3.240000009536743,1396638
2026-08-18 14:00:00,3.2100000381469727,3.240000009536743,3.200000047683716,3.240000009536743,1961687
2026-08-18 14:15:00,3.2100000381469727,3.2100000381469727,3.200000047683716,3.2100000381469727,486359
2026-08-18 14:30:00,3.2100000381469727,3.2200000286102295,3.200000047683716,3.200000047683716,397702
2026-08-18 14:45:00,3.2200000286102295,3.2300000190734863,3.200000047683716,3.2100000381469727,830058
2026-08-18 15:00:00,3.2100000381469727,3.2300000190734863,3.200000047683716,3.2300000190734863,1204601
2026-08-18 15:15:00,3.2100000381469727,3.2200000286102295,3.200000047683716,3.2100000381469727,487246
2026-08-18 15:30:00,3.2100000381469727,3.2200000286102295,3.200000047683716,3.2100000381469727,444454
2026-08-18 15:45:00,3.200000047683716,3.2100000381469727,3.190000057220459,3.2100000381469727,742173
2026-08-18 16:00:00,3.190000057220459,3.200000047683716,3.190000057220459,3.190000057220459,443525
2026-08-18 16:15:00,3.190000057220459,3.200000047683716,3.180000066757202,3.200000047683716,747971
2026-08-18 16:30:00,3.200000047683716,3.200000047683716,3.180000066757202,3.190000057220459,814105
2026-08-18 16:45:00,3.190000057220459,3.200000047683716,3.180000066757202,3.200000047683716,315466
2026-08-18 17:00:00,3.190000057220459,3.200000047683716,3.180000066757202,3.180000066757202,309888
2026-08-18 17:15:00,3.180000066757202,3.190000057220459,3.180000066757202,3.190000057220459,225893
2026-08-18 17:30:00,3.190000057220459,3.190000057220459,3.180000066757202,3.190000057220459,299524
2026-08-18 17:45:00,3.1700000762939453,3.190000057220459,3.1700000762939453,3.190000057220459,1555689
2026-08-19 09:45:00,3.2100000381469727,3.2100000381469727,3.2100000381469727,3.2100000381469727,0
2026-08-19 10:00:00,3.2200000286102295,3.25,3.200000047683716,3.2200000286102295,4435961
2026-08-19 10:15:00,3.2200000286102295,3.2300000190734863,3.200000047683716,3.2200000286102295,1044186
2026-08-19 10:30:00,3.3399999141693115,3.4100000858306885,3.2100000381469727,3.2200000286102295,21044791
2026-08-19 10:45:00,3.3499999046325684,3.359999895095825,3.3299999237060547,3.3399999141693115,3781035
