Datetime,Close,High,Low,Open,Volume
2026-06-01 09:45:00,91.0999984741211,91.0999984741211,91.0999984741211,91.0999984741211,0
2026-06-01 10:00:00,92.4000015258789,93.0,91.05000305175781,91.0999984741211,7026180
2026-06-01 10:15:00,91.3499984741211,92.4000015258789,91.0,92.4000015258789,4848194
2026-06-01 10:30:00,90.69999694824219,91.5,90.5999984741211,91.4000015258789,3155016
2026-06-01 10:45:00,90.94999694824219,91.0,90.69999694824219,90.69999694824219,1283069
2026-06-01 11:00:00,90.80000305175781,91.1500015258789,90.75,91.0,2578421
2026-06-01 11:15:00,90.6500015258789,90.80000305175781,90.5999984741211,90.80000305175781,1533256
2026-06-01 11:30:00,90.69999694824219,90.75,90.55000305175781,90.6500015258789,942971
2026-06-01 11:45:00,90.5,90.69999694824219,90.30000305175781,90.69999694824219,1522110
2026-06-01 12:00:00,90.6500015258789,90.75,90.44999694824219,90.44999694824219,730714
2026-06-01 12:15:00,90.6500015258789,90.75,90.55000305175781,90.6500015258789,536370
2026-06-01 12:30:00,90.69999694824219,90.69999694824219,90.5,90.6500015258789,1012338
2026-06-01 12:45:00,90.69999694824219,90.8499984741211,90.6500015258789,90.69999694824219,673254
2026-06-01 13:00:00,90.9000015258789,90.94999694824219,90.69999694824219,90.69999694824219,1076870
2026-06-01 13:15:00,90.9000015258789,91.05000305175781,90.8499984741211,90.9000015258789,1112148
2026-06-01 13:30:00,90.9000015258789,91.0,90.80000305175781,90.9000015258789,581849
2026-06-01 13:45:00,90.80000305175781,90.94999694824219,90.75,90.8499984741211,400215
2026-06-01 14:00:00,90.69999694824219,90.8499984741211,90.6500015258789,90.80000305175781,602492
2026-06-01 14:15:00,90.80000305175781,90.8499984741211,90.6500015258789,90.69999694824219,522413
2026-06-01 14:30:00,90.8499984741211,90.94999694824219,90.69999694824219,90.75,555782
2026-06-01 14:45:00,90.75,90.94999694824219,90.69999694824219,90.8499984741211,519183
2026-06-01 15:00:00,90.75,90.8499984741211,90.69999694824219,90.80000305175781,735228
2026-06-01 15:15:00,90.8499984741211,90.9000015258789,90.69999694824219,90.75,536720
2026-06-01 15:30:00,91.19999694824219,91.19999694824219,90.75,90.8499984741211,1162139
2026-06-01 15:45:00,91.1500015258789,91.19999694824219,90.94999694824219,91.19999694824219,1319876
2026-06-01 16:00:00,90.5999984741211,91.25,90.4000015258789,91.0999984741211,2750592
2026-06-01 16:15:00,89.8499984741211,90.69999694824219,89.69999694824219,90.5999984741211,4157658
2026-06-01 16:30:00,89.5,89.94999694824219,88.80000305175781,89.8499984741211,3949768
2026-06-01 16:45:00,89.0999984741211,89.6500015258789,89.05000305175781,89.5,1024158
2026-06-01 17:00:00,89.55000305175781,89.69999694824219,89.0,89.0999984741211,1433827
2026-06-01 17:15:00,89.4000015258789,89.80000305175781,89.25,89.5,1094879
2026-06-01 17:30:00,89.3499984741211,89.5999984741211,89.25,89.4000015258789,1138983
2026-06-01 17:45:00,89.0999984741211,89.4000015258789,89.05000305175781,89.4000015258789,1574499
2026-06-02 09:45:00,91.80000305175781,91.80000305175781,91.80000305175781,91.80000305175781,0
2026-06-02 10:00:00,91.80000305175781,92.0999984741211,91.25,91.8499984741211,9984895
2026-06-02 10:15:00,91.5999984741211,91.9000015258789,91.3499984741211,91.75,3130831
2026-06-02 10:30:00,91.55000305175781,91.69999694824219,91.4000015258789,91.5999984741211,1955004
2026-06-02 10:45:00,91.9000015258789,92.0,91.44999694824219,91.5,2110860
2026-06-02 11:00:00,91.6500015258789,91.94999694824219,91.55000305175781,91.9000015258789,1797340
2026-06-02 11:15:00,91.55000305175781,91.69999694824219,91.5,91.6500015258789,1213568
2026-06-02 11:30:00,91.6500015258789,91.8499984741211,91.5,91.55000305175781,551432
2026-06-02 11:45:00,91.6500015258789,91.69999694824219,91.5999984741211,91.6500015258789,218625
2026-06-02 12:00:00,91.80000305175781,91.80000305175781,91.55000305175781,91.6500015258789,474213
2026-06-02 12:15:00,91.69999694824219,91.80000305175781,91.5999984741211,91.75,337555
2026-06-02 12:30:00,91.5999984741211,91.69999694824219,91.5,91.6500015258789,390620
2026-06-02 12:45:00,91.5999984741211,91.75,91.5,91.5999984741211,525105
2026-06-02 13:00:00,91.69999694824219,91.80000305175781,91.5,91.5999984741211,661775
2026-06-02 13:15:00,91.6500015258789,91.75,91.5999984741211,91.69999694824219,232430
2026-06-02 13:30:00,91.9000015258789,91.94999694824219,91.5999984741211,91.6500015258789,850261
2026-06-02 13:45:00,91.80000305175781,91.94999694824219,91.75,91.8499984741211,560980
2026-06-02 14:00:00,92.30000305175781,92.4000015258789,91.80000305175781,91.8499984741211,3856815
2026-06-02 14:15:00,92.0,92.4000015258789,91.9000015258789,92.30000305175781,1500680
2026-06-02 14:30:00,91.94999694824219,92.05000305175781,91.8499984741211,92.0,666747
2026-06-02 14:45:00,91.9000015258789,92.0,91.8499984741211,91.94999694824219,340289
2026-06-02 15:00:00,92.5,92.5999984741211,91.8499984741211,91.9000015258789,1875889
2026-06-02 15:15:00,92.55000305175781,92.8499984741211,92.44999694824219,92.5,1766357
2026-06-02 15:30:00,92.55000305175781,92.6500015258789,92.25,92.5,1070952
2026-06-02 15:45:00,92.69999694824219,92.69999694824219,92.3499984741211,92.55000305175781,683569
2026-06-02 16:00:00,92.6500015258789,93.0,92.44999694824219,92.6500015258789,1595625
2026-06-02 16:15:00,92.44999694824219,92.69999694824219,92.44999694824219,92.5999984741211,705817
2026-06-02 16:30:00,92.5999984741211,92.6500015258789,92.44999694824219,92.5,1128875
2026-06-02 16:45:00,92.4000015258789,92.5999984741211,92.30000305175781,92.5999984741211,668745
2026-06-02 17:00:00,92.44999694824219,92.5999984741211,92.19999694824219,92.3499984741211,770915
2026-06-02 17:15:00,92.5999984741211,92.5999984741211,92.4000015258789,92.44999694824219,766644
2026-06-02 17:30:00,92.69999694824219,92.75,92.55000305175781,92.5999984741211,929276
2026-06-02 17:45:00,93.4000015258789,93.5,92.69999694824219,92.75,4252073
2026-06-03 09:45:00,92.69999694824219,92.69999694824219,92.69999694824219,92.69999694824219,0
2026-06-03 10:00:00,92.75,92.9000015258789,92.30000305175781,92.69999694824219,3655274
2026-06-03 10:15:00,92.69999694824219,92.80000305175781,92.3499984741211,92.75,2719430
2026-06-03 10:30:00,92.19999694824219,92.69999694824219,92.1500015258789,92.69999694824219,1992881
2026-06-03 10:45:00,92.4000015258789,92.5999984741211,92.0999984741211,92.1500015258789,1395612
2026-06-03 11:00:00,92.25,92.4000015258789,92.1500015258789,92.4000015258789,637199
2026-06-03 11:15:00,92.0999984741211,92.30000305175781,91.9000015258789,92.25,881353
2026-06-03 11:30:00,91.8499984741211,92.0999984741211,91.8499984741211,92.0999984741211,580794
2026-06-03 11:45:00,92.0,92.05000305175781,91.75,91.9000015258789,727335
2026-06-03 12:00:00,91.9000015258789,92.0999984741211,91.80000305175781,92.0,689926
2026-06-03 12:15:00,91.94999694824219,91.94999694824219,91.75,91.9000015258789,447548
2026-06-03 12:30:00,91.9000015258789,91.94999694824219,91.75,91.94999694824219,276375
2026-06-03 12:45:00,91.5999984741211,91.94999694824219,91.55000305175781,91.9000015258789,795157
2026-06-03 13:00:00,91.94999694824219,92.25,91.44999694824219,91.5999984741211,1609390
2026-06-03 13:15:00,91.94999694824219,92.0,91.80000305175781,91.94999694824219,537945
2026-06-03 13:30:00,91.8499984741211,92.0,91.8499984741211,91.94999694824219,299355
2026-06-03 13:45:00,91.94999694824219,92.1500015258789,91.8499984741211,91.8499984741211,685801
2026-06-03 14:00:00,91.9000015258789,92.0999984741211,91.8499984741211,91.94999694824219,574638
2026-06-03 14:15:00,91.8499984741211,92.0,91.75,91.94999694824219,491574
2026-06-03 14:30:00,92.0,92.05000305175781,91.8499984741211,91.8499984741211,512069
2026-06-03 14:45:00,92.19999694824219,92.30000305175781,91.94999694824219,92.05000305175781,2084401
2026-06-03 15:00:00,92.05000305175781,92.25,91.8499984741211,92.19999694824219,970937
2026-06-03 15:15:00,92.0999984741211,92.1500015258789,91.94999694824219,92.05000305175781,430688
2026-06-03 15:30:00,91.94999694824219,92.1500015258789,91.9000015258789,92.1500015258789,610899
2026-06-03 15:45:00,92.0,92.05000305175781,91.8499984741211,91.9000015258789,551766
2026-06-03 16:00:00,92.0,92.0999984741211,91.8499984741211,92.0,434704
2026-06-03 16:15:00,91.69999694824219,92.0,91.3499984741211,92.0,3092763
2026-06-03 16:30:00,91.19999694824219,91.75,91.0999984741211,91.69999694824219,1452345
2026-06-03 16:45:00,91.19999694824219,91.30000305175781,91.0,91.1500015258789,1217598
2026-06-03 17:00:00,91.0999984741211,91.3499984741211,91.05000305175781,91.1500015258789,631111
2026-06-03 17:15:00,91.0,91.19999694824219,90.80000305175781,91.0999984741211,1256769
2026-06-03 17:30:00,90.9000015258789,91.0,90.8499984741211,91.0,512324
2026-06-03 17:45:00,90.6500015258789,90.94999694824219,90.5999984741211,90.94999694824219,1797839
2026-06-04 09:45:00,91.19999694824219,91.19999694824219,91.19999694824219,91.19999694824219,0
2026-06-04 10:00:00,91.80000305175781,91.9000015258789,91.0999984741211,91.19999694824219,3322789
2026-06-04 10:15:00,91.80000305175781,92.19999694824219,91.75,91.8499984741211,1868255
2026-06-04 10:30:00,91.44999694824219,91.9000015258789,91.44999694824219,91.80000305175781,1244745
2026-06-04 10:45:00,91.1500015258789,91.5,90.94999694824219,91.4000015258789,1940169
2026-06-04 11:00:00,90.80000305175781,91.25,90.75,91.0999984741211,867594
2026-06-04 11:15:00,90.55000305175781,90.9000015258789,90.30000305175781,90.75,1462286
2026-06-04 11:30:00,90.5999984741211,90.80000305175781,90.4000015258789,90.5,731764
2026-06-04 11:45:00,90.25,90.6500015258789,90.0999984741211,90.5999984741211,751439
2026-06-04 12:00:00,90.19999694824219,90.44999694824219,90.1500015258789,90.25,772736
2026-06-04 12:15:00,90.44999694824219,90.44999694824219,90.0999984741211,90.19999694824219,628380
2026-06-04 12:30:00,90.55000305175781,90.75,90.30000305175781,90.44999694824219,681128
2026-06-04 12:45:00,90.6500015258789,90.80000305175781,90.55000305175781,90.5999984741211,495800
2026-06-04 13:00:00,90.3499984741211,90.5999984741211,90.30000305175781,90.5999984741211,217325
2026-06-04 13:15:00,90.19999694824219,90.4000015258789,90.0999984741211,90.3499984741211,454411
2026-06-04 13:30:00,90.0999984741211,90.25,90.05000305175781,90.25,575465
2026-06-04 13:45:00,90.1500015258789,90.25,90.05000305175781,90.1500015258789,282853
2026-06-04 14:00:00,90.25,90.30000305175781,90.05000305175781,90.1500015258789,424247
2026-06-04 14:15:00,90.75,90.94999694824219,90.19999694824219,90.25,1356858
2026-06-04 14:30:00,90.44999694824219,91.0999984741211,89.9000015258789,90.75,2954795
2026-06-04 14:45:00,90.9000015258789,91.0999984741211,90.4000015258789,90.4000015258789,1822706
2026-06-04 15:00:00,91.69999694824219,91.80000305175781,90.8499984741211,90.94999694824219,3644460
2026-06-04 15:15:00,92.0,92.25,91.6500015258789,91.6500015258789,3712643
2026-06-04 15:30:00,91.6500015258789,92.0999984741211,91.6500015258789,91.94999694824219,1144091
2026-06-04 15:45:00,91.5999984741211,91.69999694824219,91.44999694824219,91.6500015258789,769636
2026-06-04 16:00:00,91.5,91.69999694824219,91.44999694824219,91.5999984741211,625638
2026-06-04 16:15:00,91.55000305175781,91.5999984741211,91.44999694824219,91.5,361658
2026-06-04 16:30:00,91.44999694824219,91.80000305175781,91.30000305175781,91.55000305175781,1679499
2026-06-04 16:45:00,91.80000305175781,92.19999694824219,91.4000015258789,91.4000015258789,1968256
2026-06-04 17:00:00,91.6500015258789,91.9000015258789,91.5999984741211,91.80000305175781,309126
2026-06-04 17:15:00,91.6500015258789,91.69999694824219,91.5,91.6500015258789,715164
2026-06-04 17:30:00,91.80000305175781,92.0,91.5,91.6500015258789,1174237
2026-06-04 17:45:00,91.8499984741211,92.05000305175781,91.75,91.80000305175781,1310491
2026-06-05 09:45:00,92.05000305175781,92.05000305175781,92.05000305175781,92.05000305175781,0
2026-06-05 10:00:00,91.19999694824219,92.25,90.9000015258789,92.05000305175781,2855613
2026-06-05 10:15:00,91.05000305175781,91.4000015258789,91.0,91.19999694824219,1444911
2026-06-05 10:30:00,91.30000305175781,91.5999984741211,91.05000305175781,91.05000305175781,789742
2026-06-05 10:45:00,91.30000305175781,91.5,91.19999694824219,91.30000305175781,496944
2026-06-05 11:00:00,90.94999694824219,91.30000305175781,90.69999694824219,91.25,1305921
2026-06-05 11:15:00,91.19999694824219,91.19999694824219,90.9000015258789,90.94999694824219,411294
2026-06-05 11:30:00,91.19999694824219,91.3499984741211,91.0999984741211,91.1500015258789,561868
2026-06-05 11:45:00,90.8499984741211,91.19999694824219,90.8499984741211,91.1500015258789,533887
2026-06-05 12:00:00,90.9000015258789,91.0999984741211,90.69999694824219,90.8499984741211,773912
2026-06-05 12:15:00,90.80000305175781,90.94999694824219,90.75,90.94999694824219,389771
2026-06-05 12:30:00,90.8499984741211,90.9000015258789,90.75,90.80000305175781,256670
2026-06-05 12:45:00,90.8499984741211,90.94999694824219,90.75,90.8499984741211,284711
2026-06-05 13:00:00,90.75,90.8499984741211,90.6500015258789,90.80000305175781,347349
2026-06-05 13:15:00,90.69999694824219,90.8499984741211,90.69999694824219,90.69999694824219,167535
2026-06-05 13:30:00,90.69999694824219,90.75,90.5999984741211,90.75,439293
2026-06-05 13:45:00,90.69999694824219,90.75,90.5,90.75,359550
2026-06-05 14:00:00,90.69999694824219,90.75,90.55000305175781,90.69999694824219,1271505
2026-06-05 14:15:00,90.75,90.75,90.5,90.69999694824219,284141
2026-06-05 14:30:00,90.55000305175781,90.80000305175781,90.5,90.69999694824219,382387
2026-06-05 14:45:00,90.5999984741211,90.6500015258789,90.44999694824219,90.55000305175781,255821
2026-06-05 15:00:00,90.55000305175781,90.69999694824219,90.4000015258789,90.5999984741211,554477
2026-06-05 15:15:00,90.44999694824219,90.6500015258789,90.4000015258789,90.5999984741211,267188
2026-06-05 15:30:00,90.6500015258789,90.6500015258789,90.30000305175781,90.44999694824219,526266
2026-06-05 15:45:00,90.4000015258789,90.69999694824219,90.30000305175781,90.5999984741211,958476
2026-06-05 16:00:00,90.55000305175781,90.6500015258789,90.3499984741211,90.3499984741211,480572
2026-06-05 16:15:00,90.25,90.69999694824219,89.94999694824219,90.5,2256009
2026-06-05 16:30:00,90.05000305175781,90.3499984741211,90.05000305175781,90.25,605688
2026-06-05 16:45:00,90.05000305175781,90.30000305175781,89.94999694824219,90.05000305175781,1483999
2026-06-05 17:00:00,90.1500015258789,90.30000305175781,90.05000305175781,90.0999984741211,935910
2026-06-05 17:15:00,90.1500015258789,90.30000305175781,90.0,90.1500015258789,954175
2026-06-05 17:30:00,90.19999694824219,90.3499984741211,90.0999984741211,90.1500015258789,1210119
2026-06-05 17:45:00,90.0999984741211,90.25,90.0,90.19999694824219,1993115
2026-06-08 09:45:00,88.80000305175781,88.80000305175781,88.80000305175781,88.80000305175781,0
2026-06-08 10:00:00,89.4000015258789,89.44999694824219,88.80000305175781,88.80000305175781,1549022
2026-06-08 10:15:00,89.75,89.75,89.30000305175781,89.44999694824219,867497
2026-06-08 10:30:00,90.0,90.3499984741211,89.69999694824219,89.75,1271961
2026-06-08 10:45:00,89.9000015258789,90.30000305175781,89.8499984741211,90.05000305175781,845375
2026-06-08 11:00:00,89.80000305175781,90.19999694824219,89.75,89.94999694824219,505375
2026-06-08 11:15:00,89.9000015258789,90.0,89.75,89.80000305175781,242069
2026-06-08 11:30:00,89.75,89.94999694824219,89.4000015258789,89.9000015258789,346890
2026-06-08 11:45:00,89.75,90.0,89.69999694824219,89.75,240253
2026-06-08 12:00:00,89.69999694824219,89.80000305175781,89.5,89.75,359822
2026-06-08 12:15:00,89.6500015258789,89.80000305175781,89.5999984741211,89.69999694824219,141142
2026-06-08 12:30:00,89.9000015258789,89.94999694824219,89.55000305175781,89.6500015258789,467311
2026-06-08 12:45:00,89.5999984741211,89.9000015258789,89.5999984741211,89.8499984741211,268830
2026-06-08 13:00:00,89.69999694824219,89.8499984741211,89.5,89.5999984741211,294729
2026-06-08 13:15:00,89.6500015258789,89.69999694824219,89.5999984741211,89.6500015258789,157113
2026-06-08 13:30:00,89.94999694824219,90.05000305175781,89.6500015258789,89.69999694824219,416331
2026-06-08 13:45:00,90.25,90.3499984741211,89.9000015258789,89.94999694824219,680257
2026-06-08 14:00:00,90.69999694824219,90.80000305175781,90.0999984741211,90.19999694824219,1355890
2026-06-08 14:15:00,91.44999694824219,91.5,90.5999984741211,90.75,1866120
2026-06-08 14:30:00,91.25,91.5999984741211,91.0999984741211,91.5,1366060
2026-06-08 14:45:00,91.30000305175781,91.4000015258789,91.19999694824219,91.30000305175781,584955
2026-06-08 15:00:00,91.5999984741211,91.69999694824219,91.30000305175781,91.3499984741211,1075984
2026-06-08 15:15:00,91.6500015258789,91.6500015258789,91.5,91.5999984741211,368883
2026-06-08 15:30:00,91.69999694824219,91.80000305175781,91.55000305175781,91.6500015258789,634461
2026-06-08 15:45:00,91.75,91.80000305175781,91.55000305175781,91.75,835902
2026-06-08 16:00:00,91.80000305175781,91.8499984741211,91.5999984741211,91.75,747098
2026-06-08 16:15:00,91.80000305175781,91.94999694824219,91.69999694824219,91.80000305175781,716425
2026-06-08 16:30:00,91.55000305175781,91.8499984741211,91.5,91.80000305175781,547713
2026-06-08 16:45:00,91.5,91.6500015258789,91.4000015258789,91.55000305175781,413832
2026-06-08 17:00:00,91.75,91.9000015258789,91.5,91.55000305175781,707638
2026-06-08 17:15:00,91.5,91.80000305175781,91.5,91.75,741905
2026-06-08 17:30:00,91.5999984741211,91.80000305175781,91.44999694824219,91.44999694824219,879285
2026-06-08 17:45:00,91.6500015258789,91.69999694824219,91.44999694824219,91.5999984741211,960070
2026-06-09 09:45:00,91.55000305175781,91.55000305175781,91.55000305175781,91.55000305175781,0
2026-06-09 10:00:00,91.5,91.8499984741211,91.4000015258789,91.55000305175781,2076794
2026-06-09 10:15:00,91.25,91.6500015258789,91.19999694824219,91.5,1121605
2026-06-09 10:30:00,91.25,91.30000305175781,90.94999694824219,91.25,642493
2026-06-09 10:45:00,91.30000305175781,91.5999984741211,91.25,91.25,615327
2026-06-09 11:00:00,91.4000015258789,91.5,91.19999694824219,91.25,498075
2026-06-09 11:15:00,91.80000305175781,91.9000015258789,91.3499984741211,91.4000015258789,1324825
2026-06-09 11:30:00,91.80000305175781,92.05000305175781,91.6500015258789,91.80000305175781,1243337
2026-06-09 11:45:00,91.80000305175781,91.94999694824219,91.69999694824219,91.75,428482
2026-06-09 12:00:00,91.8499984741211,92.05000305175781,91.69999694824219,91.80000305175781,462182
2026-06-09 12:15:00,92.1500015258789,92.25,91.80000305175781,91.9000015258789,1493648
2026-06-09 12:30:00,92.75,92.8499984741211,92.1500015258789,92.19999694824219,2364442
2026-06-09 12:45:00,92.9000015258789,93.0,92.69999694824219,92.75,1063519
2026-06-09 13:00:00,93.0999984741211,93.1500015258789,92.69999694824219,92.9000015258789,1651578
2026-06-09 13:15:00,93.19999694824219,93.44999694824219,93.0999984741211,93.0999984741211,1403775
2026-06-09 13:30:00,93.0999984741211,93.25,92.9000015258789,93.19999694824219,795001
2026-06-09 13:45:00,92.55000305175781,93.0999984741211,92.55000305175781,93.0999984741211,737233
2026-06-09 14:00:00,92.44999694824219,92.6500015258789,92.4000015258789,92.5999984741211,291113
2026-06-09 14:15:00,92.30000305175781,92.5999984741211,92.25,92.44999694824219,311869
2026-06-09 14:30:00,92.0999984741211,92.30000305175781,92.05000305175781,92.30000305175781,800114
2026-06-09 14:45:00,92.05000305175781,92.19999694824219,91.94999694824219,92.0999984741211,503110
2026-06-09 15:00:00,91.9000015258789,92.0999984741211,91.75,92.05000305175781,576631
2026-06-09 15:15:00,91.75,92.0999984741211,91.6500015258789,91.8499984741211,579017
2026-06-09 15:30:00,91.69999694824219,91.80000305175781,91.55000305175781,91.75,546730
2026-06-09 15:45:00,91.4000015258789,91.80000305175781,91.3499984741211,91.6500015258789,1004860
2026-06-09 16:00:00,91.5999984741211,91.75,91.19999694824219,91.4000015258789,659817
2026-06-09 16:15:00,91.8499984741211,91.94999694824219,91.55000305175781,91.55000305175781,516950
2026-06-09 16:30:00,91.6500015258789,91.9000015258789,91.55000305175781,91.8499984741211,429210
2026-06-09 16:45:00,91.69999694824219,92.69999694824219,91.4000015258789,91.69999694824219,1846416
2026-06-09 17:00:00,91.6500015258789,92.0,91.5999984741211,91.69999694824219,903213
2026-06-09 17:15:00,91.55000305175781,91.8499984741211,91.44999694824219,91.6500015258789,1066728
2026-06-09 17:30:00,91.44999694824219,91.5999984741211,91.4000015258789,91.55000305175781,660250
2026-06-09 17:45:00,91.44999694824219,91.44999694824219,91.05000305175781,91.4000015258789,1031572
2026-06-10 09:45:00,91.19999694824219,91.19999694824219,91.19999694824219,91.19999694824219,0
2026-06-10 10:00:00,91.55000305175781,91.5999984741211,90.9000015258789,91.1500015258789,1420886
2026-06-10 10:15:00,91.44999694824219,91.75,91.44999694824219,91.55000305175781,1201159
2026-06-10 10:30:00,91.5,91.6500015258789,91.4000015258789,91.44999694824219,468071
2026-06-10 10:45:00,91.19999694824219,91.55000305175781,91.05000305175781,91.55000305175781,780016
2026-06-10 11:00:00,90.6500015258789,91.25,90.5999984741211,91.19999694824219,999409
2026-06-10 11:15:00,90.69999694824219,90.80000305175781,90.5,90.6500015258789,394845
2026-06-10 11:30:00,90.55000305175781,90.8499984741211,90.5,90.6500015258789,432003
2026-06-10 11:45:00,90.4000015258789,90.5999984741211,90.3499984741211,90.55000305175781,726463
2026-06-10 12:00:00,90.4000015258789,90.55000305175781,90.25,90.3499984741211,439122
2026-06-10 12:15:00,90.9000015258789,90.9000015258789,90.3499984741211,90.4000015258789,514373
2026-06-10 12:30:00,90.75,91.05000305175781,90.69999694824219,90.9000015258789,512227
2026-06-10 12:45:00,91.19999694824219,91.25,90.6500015258789,90.69999694824219,710747
2026-06-10 13:00:00,90.94999694824219,91.1500015258789,90.94999694824219,91.1500015258789,240299
2026-06-10 13:15:00,90.9000015258789,91.05000305175781,90.80000305175781,90.94999694824219,298228
2026-06-10 13:30:00,91.0999984741211,91.0999984741211,90.8499984741211,90.8499984741211,220769
2026-06-10 13:45:00,90.94999694824219,91.0999984741211,90.75,91.0999984741211,503226
2026-06-10 14:00:00,90.5999984741211,90.94999694824219,90.44999694824219,90.94999694824219,992199
2026-06-10 14:15:00,90.55000305175781,90.80000305175781,90.4000015258789,90.5999984741211,410152
2026-06-10 14:30:00,90.4000015258789,90.5999984741211,90.1500015258789,90.55000305175781,646652
2026-06-10 14:45:00,90.44999694824219,90.55000305175781,90.3499984741211,90.3499984741211,312140
2026-06-10 15:00:00,90.44999694824219,90.55000305175781,90.30000305175781,90.44999694824219,216541
2026-06-10 15:15:00,90.44999694824219,90.5,90.30000305175781,90.4000015258789,209242
2026-06-10 15:30:00,90.80000305175781,91.19999694824219,90.44999694824219,90.44999694824219,1342443
2026-06-10 15:45:00,90.75,90.94999694824219,90.69999694824219,90.80000305175781,201962
2026-06-10 16:00:00,90.8499984741211,90.94999694824219,90.6500015258789,90.69999694824219,421442
2026-06-10 16:15:00,90.94999694824219,91.05000305175781,90.75,90.80000305175781,280886
2026-06-10 16:30:00,91.75,91.80000305175781,90.9000015258789,90.9000015258789,1619869
2026-06-10 16:45:00,91.69999694824219,91.94999694824219,91.5,91.75,1839584
2026-06-10 17:00:00,91.5,91.69999694824219,91.44999694824219,91.69999694824219,587481
2026-06-10 17:15:00,91.4000015258789,91.69999694824219,91.3499984741211,91.55000305175781,990242
2026-06-10 17:30:00,91.44999694824219,91.6500015258789,91.3499984741211,91.3499984741211,927079
2026-06-10 17:45:00,91.30000305175781,91.69999694824219,91.25,91.44999694824219,922513
2026-06-11 09:45:00,91.0999984741211,91.0999984741211,91.0999984741211,91.0999984741211,0
2026-06-11 10:00:00,91.25,91.4000015258789,90.9000015258789,91.0999984741211,1303191
2026-06-11 10:15:00,91.8499984741211,91.9000015258789,91.05000305175781,91.19999694824219,1093162
2026-06-11 10:30:00,91.5,91.94999694824219,91.44999694824219,91.8499984741211,558108
2026-06-11 10:45:00,91.4000015258789,91.55000305175781,91.3499984741211,91.5,431117
2026-06-11 11:00:00,91.55000305175781,91.55000305175781,91.3499984741211,91.4000015258789,296165
2026-06-11 11:15:00,91.4000015258789,91.5999984741211,91.3499984741211,91.5,362265
2026-06-11 11:30:00,91.4000015258789,91.5,91.3499984741211,91.4000015258789,135885
2026-06-11 11:45:00,91.30000305175781,91.4000015258789,91.25,91.3499984741211,317555
2026-06-11 12:00:00,91.1500015258789,91.4000015258789,91.1500015258789,91.25,530971
2026-06-11 12:15:00,91.0,91.30000305175781,91.0,91.19999694824219,410107
2026-06-11 12:30:00,91.0,91.05000305175781,90.75,91.05000305175781,626552
2026-06-11 12:45:00,90.94999694824219,91.05000305175781,90.94999694824219,91.0,248256
2026-06-11 13:00:00,90.9000015258789,91.05000305175781,90.9000015258789,90.94999694824219,216497
2026-06-11 13:15:00,91.0,91.05000305175781,90.8499984741211,90.9000015258789,177284
2026-06-11 13:30:00,91.0999984741211,91.1500015258789,90.94999694824219,90.94999694824219,102168
2026-06-11 13:45:00,91.25,91.4000015258789,91.0999984741211,91.1500015258789,460882
2026-06-11 14:00:00,91.05000305175781,91.5999984741211,91.0,91.30000305175781,921727
2026-06-11 14:15:00,91.75,91.75,91.0,91.0999984741211,728061
2026-06-11 14:30:00,91.69999694824219,92.1500015258789,91.55000305175781,91.75,2324296
2026-06-11 14:45:00,91.55000305175781,91.75,91.55000305175781,91.69999694824219,353788
2026-06-11 15:00:00,91.4000015258789,91.75,91.3499984741211,91.5999984741211,341270
2026-06-11 15:15:00,90.94999694824219,91.4000015258789,90.69999694824219,91.3499984741211,1665528
2026-06-11 15:30:00,90.05000305175781,91.0,89.80000305175781,90.9000015258789,1381966
2026-06-11 15:45:00,90.19999694824219,90.3499984741211,90.0,90.0999984741211,648279
2026-06-11 16:00:00,90.3499984741211,90.44999694824219,90.0999984741211,90.19999694824219,397209
2026-06-11 16:15:00,90.3499984741211,90.44999694824219,89.94999694824219,90.3499984741211,618092
2026-06-11 16:30:00,90.75,90.80000305175781,90.19999694824219,90.3499984741211,1997740
2026-06-11 16:45:00,90.80000305175781,91.55000305175781,90.69999694824219,90.69999694824219,1775423
2026-06-11 17:00:00,90.5,90.94999694824219,90.44999694824219,90.80000305175781,606576
2026-06-11 17:15:00,90.69999694824219,90.9000015258789,90.44999694824219,90.5,478159
2026-06-11 17:30:00,91.30000305175781,91.5,90.6500015258789,90.75,1136064
2026-06-11 17:45:00,91.75,92.0999984741211,91.30000305175781,91.3499984741211,1959331
2026-06-12 09:45:00,93.5,93.5,93.5,93.5,0
2026-06-12 10:00:00,93.5,94.0,93.30000305175781,93.5,3641791
2026-06-12 10:15:00,93.05000305175781,93.5999984741211,93.0,93.5,1060950
2026-06-12 10:30:00,93.3499984741211,93.4000015258789,93.05000305175781,93.05000305175781,400282
2026-06-12 10:45:00,93.4000015258789,93.44999694824219,93.0999984741211,93.30000305175781,351505
2026-06-12 11:00:00,96.25,96.44999694824219,93.3499984741211,93.4000015258789,7215675
2026-06-12 11:15:00,95.8499984741211,96.25,95.30000305175781,96.25,3708810
2026-06-12 11:30:00,95.69999694824219,96.0,95.44999694824219,95.8499984741211,2143695
2026-06-12 11:45:00,95.80000305175781,96.25,95.55000305175781,95.69999694824219,2364433
2026-06-12 12:00:00,95.75,96.05000305175781,95.69999694824219,95.80000305175781,1524878
2026-06-12 12:15:00,95.9000015258789,96.05000305175781,95.69999694824219,95.80000305175781,490240
2026-06-12 12:30:00,96.0,96.0,95.8499984741211,95.9000015258789,361048
2026-06-12 12:45:00,95.5999984741211,96.0,95.5999984741211,96.0,337441
2026-06-12 13:00:00,95.69999694824219,95.80000305175781,95.5999984741211,95.6500015258789,489939
2026-06-12 13:15:00,95.1500015258789,95.75,95.0,95.69999694824219,1147050
2026-06-12 13:30:00,95.5,95.55000305175781,95.0999984741211,95.0999984741211,485698
2026-06-12 13:45:00,96.0,96.05000305175781,95.44999694824219,95.5,829399
2026-06-12 14:00:00,96.1500015258789,96.19999694824219,95.8499984741211,96.0,709734
2026-06-12 14:15:00,96.0,96.19999694824219,95.94999694824219,96.1500015258789,392732
2026-06-12 14:30:00,96.0,96.19999694824219,95.8499984741211,96.0,542726
2026-06-12 14:45:00,96.19999694824219,96.4000015258789,95.94999694824219,96.0,880690
2026-06-12 15:00:00,95.8499984741211,96.30000305175781,95.8499984741211,96.19999694824219,777191
2026-06-12 15:15:00,95.94999694824219,96.19999694824219,95.8499984741211,95.8499984741211,281148
2026-06-12 15:30:00,95.9000015258789,96.1500015258789,95.9000015258789,95.94999694824219,295648
2026-06-12 15:45:00,95.6500015258789,96.0,95.6500015258789,95.9000015258789,805294
2026-06-12 16:00:00,95.44999694824219,95.80000305175781,95.4000015258789,95.6500015258789,934610
2026-06-12 16:15:00,95.44999694824219,95.69999694824219,95.3499984741211,95.5,378874
2026-06-12 16:30:00,94.55000305175781,95.6500015258789,94.5,95.4000015258789,1793253
2026-06-12 16:45:00,94.0,94.69999694824219,94.0,94.55000305175781,1577711
2026-06-12 17:00:00,94.0,94.5999984741211,93.8499984741211,94.05000305175781,1656099
2026-06-12 17:15:00,94.55000305175781,94.8499984741211,93.94999694824219,93.94999694824219,1454329
2026-06-12 17:30:00,94.94999694824219,95.19999694824219,94.55000305175781,94.55000305175781,980762
2026-06-12 17:45:00,95.5999984741211,95.69999694824219,94.94999694824219,95.0,1032099
2026-06-15 09:45:00,100.5,100.5,100.5,100.5,0
2026-06-15 10:00:00,99.94999694824219,100.5999984741211,99.30000305175781,100.5,5203176
2026-06-15 10:15:00,99.30000305175781,99.94999694824219,99.0999984741211,99.94999694824219,1537835
2026-06-15 10:30:00,99.55000305175781,99.6500015258789,99.19999694824219,99.25,789328
2026-06-15 10:45:00,100.30000305175781,100.69999694824219,99.5,99.55000305175781,3765672
2026-06-15 11:00:00,100.0,101.0,99.94999694824219,100.19999694824219,2846123
2026-06-15 11:15:00,100.5,100.69999694824219,99.9000015258789,100.0999984741211,923282
2026-06-15 11:30:00,100.9000015258789,100.9000015258789,100.30000305175781,100.5,1167177
2026-06-15 11:45:00,100.5,101.0999984741211,100.4000015258789,100.80000305175781,1468431
2026-06-15 12:00:00,100.4000015258789,100.69999694824219,100.4000015258789,100.5,267255
2026-06-15 12:15:00,100.4000015258789,100.5,100.0,100.4000015258789,518848
2026-06-15 12:30:00,100.5999984741211,100.69999694824219,100.4000015258789,100.4000015258789,216968
2026-06-15 12:45:00,100.69999694824219,100.9000015258789,100.5,100.5999984741211,271395
2026-06-15 13:00:00,100.80000305175781,100.9000015258789,100.5999984741211,100.5999984741211,403480
2026-06-15 13:15:00,101.0,101.19999694824219,100.69999694824219,100.69999694824219,896537
2026-06-15 13:30:00,100.9000015258789,101.19999694824219,100.69999694824219,100.9000015258789,564736
2026-06-15 13:45:00,101.30000305175781,101.30000305175781,100.5999984741211,100.80000305175781,677633
2026-06-15 14:00:00,101.0999984741211,101.5,101.0999984741211,101.19999694824219,1043536
2026-06-15 14:15:00,101.4000015258789,101.4000015258789,101.0999984741211,101.19999694824219,566194
2026-06-15 14:30:00,101.5,101.69999694824219,101.30000305175781,101.4000015258789,620144
2026-06-15 14:45:00,101.5999984741211,101.9000015258789,101.4000015258789,101.5999984741211,1050411
2026-06-15 15:00:00,101.30000305175781,101.5,101.19999694824219,101.5,495816
2026-06-15 15:15:00,101.5,101.69999694824219,101.0999984741211,101.30000305175781,397977
2026-06-15 15:30:00,101.69999694824219,101.9000015258789,101.5,101.5999984741211,359815
2026-06-15 15:45:00,101.69999694824219,101.9000015258789,101.5999984741211,101.69999694824219,429082
2026-06-15 16:00:00,101.9000015258789,102.0999984741211,101.5999984741211,101.80000305175781,1045991
2026-06-15 16:15:00,101.69999694824219,102.0999984741211,101.5999984741211,101.9000015258789,961492
2026-06-15 16:30:00,101.5,101.80000305175781,101.5,101.69999694824219,506558
2026-06-15 16:45:00,101.5999984741211,101.80000305175781,101.5,101.5,479811
2026-06-15 17:00:00,101.80000305175781,102.0999984741211,101.4000015258789,101.69999694824219,1041423
2026-06-15 17:15:00,101.5999984741211,101.9000015258789,101.5,101.9000015258789,578846
2026-06-15 17:30:00,101.69999694824219,101.80000305175781,101.5,101.69999694824219,511671
2026-06-15 17:45:00,101.5999984741211,102.0,101.4000015258789,101.5999984741211,988991
2026-06-16 09:45:00,101.30000305175781,101.30000305175781,101.30000305175781,101.30000305175781,0
2026-06-16 10:00:00,101.5,101.69999694824219,100.5999984741211,101.30000305175781,3010984
2026-06-16 10:15:00,101.4000015258789,101.9000015258789,101.0999984741211,101.5,1747940
2026-06-16 10:30:00,100.69999694824219,101.5,100.5,101.4000015258789,1300253
2026-06-16 10:45:00,100.5,100.80000305175781,100.4000015258789,100.5999984741211,1301035
2026-06-16 11:00:00,100.80000305175781,101.0999984741211,100.4000015258789,100.5,1091147
2026-06-16 11:15:00,100.80000305175781,101.19999694824219,100.5999984741211,100.80000305175781,808337
2026-06-16 11:30:00,100.80000305175781,100.9000015258789,100.5,100.9000015258789,394475
2026-06-16 11:45:00,100.80000305175781,100.9000015258789,100.5999984741211,100.80000305175781,285959
2026-06-16 12:00:00,100.69999694824219,100.9000015258789,100.5,100.9000015258789,362719
2026-06-16 12:15:00,100.80000305175781,101.0,100.5999984741211,100.5999984741211,410071
2026-06-16 12:30:00,100.69999694824219,100.9000015258789,100.5999984741211,100.9000015258789,200073
2026-06-16 12:45:00,100.80000305175781,101.0,100.5999984741211,100.69999694824219,268055
2026-06-16 13:00:00,101.0,101.0999984741211,100.69999694824219,100.9000015258789,439098
2026-06-16 13:15:00,101.0,101.0999984741211,100.9000015258789,101.0,515294
2026-06-16 13:30:00,101.0,101.0999984741211,100.9000015258789,101.0999984741211,206940
2026-06-16 13:45:00,100.9000015258789,101.0999984741211,100.9000015258789,101.0999984741211,450048
2026-06-16 14:00:00,100.9000015258789,101.0,100.69999694824219,100.9000015258789,310810
2026-06-16 14:15:00,100.80000305175781,101.0,100.69999694824219,100.80000305175781,210824
2026-06-16 14:30:00,101.0999984741211,101.30000305175781,100.69999694824219,100.80000305175781,550404
2026-06-16 14:45:00,100.5999984741211,101.0999984741211,100.5,101.0999984741211,513149
2026-06-16 15:00:00,100.5999984741211,100.80000305175781,100.30000305175781,100.5999984741211,515032
2026-06-16 15:15:00,100.30000305175781,100.5999984741211,100.0999984741211,100.5,462804
2026-06-16 15:30:00,101.5,101.69999694824219,100.30000305175781,100.30000305175781,1370663
2026-06-16 15:45:00,101.30000305175781,101.69999694824219,101.0,101.4000015258789,1037819
2026-06-16 16:00:00,101.5,101.9000015258789,101.19999694824219,101.30000305175781,956933
2026-06-16 16:15:00,101.5,101.5999984741211,101.19999694824219,101.5,208367
2026-06-16 16:30:00,101.19999694824219,101.5999984741211,101.0,101.4000015258789,313235
2026-06-16 16:45:00,101.19999694824219,101.4000015258789,101.0999984741211,101.19999694824219,257131
2026-06-16 17:00:00,101.0,101.30000305175781,100.9000015258789,101.30000305175781,489314
2026-06-16 17:15:00,100.80000305175781,101.0,100.69999694824219,101.0,312441
2026-06-16 17:30:00,100.9000015258789,101.30000305175781,100.80000305175781,100.80000305175781,461584
2026-06-16 17:45:00,100.80000305175781,101.0999984741211,100.69999694824219,100.9000015258789,706905
2026-06-17 09:45:00,101.4000015258789,101.4000015258789,101.4000015258789,101.4000015258789,0
2026-06-17 10:00:00,100.69999694824219,101.80000305175781,100.5999984741211,101.5,1288770
2026-06-17 10:15:00,100.5999984741211,101.0999984741211,100.30000305175781,100.69999694824219,757551
2026-06-17 10:30:00,100.5,100.69999694824219,100.30000305175781,100.5999984741211,433883
2026-06-17 10:45:00,100.0999984741211,100.5999984741211,99.94999694824219,100.5,522242
2026-06-17 11:00:00,100.19999694824219,100.5,100.0999984741211,100.19999694824219,438466
2026-06-17 11:15:00,100.0,100.4000015258789,100.0,100.30000305175781,394814
2026-06-17 11:30:00,99.75,100.5,99.6500015258789,100.0,1448464
2026-06-17 11:45:00,99.94999694824219,100.0999984741211,99.6500015258789,99.69999694824219,343598
2026-06-17 12:00:00,99.8499984741211,100.0,99.75,99.94999694824219,225431
2026-06-17 12:15:00,99.9000015258789,99.94999694824219,99.75,99.9000015258789,129078
2026-06-17 12:30:00,100.0999984741211,100.0999984741211,99.9000015258789,99.94999694824219,110670
2026-06-17 12:45:00,100.19999694824219,100.19999694824219,99.94999694824219,100.0,152007
2026-06-17 13:00:00,100.19999694824219,100.30000305175781,100.0,100.19999694824219,168022
2026-06-17 13:15:00,100.19999694824219,100.4000015258789,100.0,100.30000305175781,142427
2026-06-17 13:30:00,100.19999694824219,100.19999694824219,100.0999984741211,100.19999694824219,116139
2026-06-17 13:45:00,100.0999984741211,100.30000305175781,100.0,100.30000305175781,131663
2026-06-17 14:00:00,99.5999984741211,100.19999694824219,99.55000305175781,100.0999984741211,787606
2026-06-17 14:15:00,99.1500015258789,99.6500015258789,99.05000305175781,99.5999984741211,749093
2026-06-17 14:30:00,99.19999694824219,99.25,98.8499984741211,99.1500015258789,659209
2026-06-17 14:45:00,99.30000305175781,99.3499984741211,99.0999984741211,99.19999694824219,201757
2026-06-17 15:00:00,99.6500015258789,99.8499984741211,99.25,99.25,522169
2026-06-17 15:15:00,99.94999694824219,100.19999694824219,99.5999984741211,99.6500015258789,429327
2026-06-17 15:30:00,100.0,100.19999694824219,99.8499984741211,99.94999694824219,491626
2026-06-17 15:45:00,99.55000305175781,100.0999984741211,99.44999694824219,99.94999694824219,348849
2026-06-17 16:00:00,99.55000305175781,99.69999694824219,99.5,99.55000305175781,143934
2026-06-17 16:15:00,100.4000015258789,100.5,99.55000305175781,99.55000305175781,772843
2026-06-17 16:30:00,100.4000015258789,100.5999984741211,99.80000305175781,100.4000015258789,1267021
2026-06-17 16:45:00,99.8499984741211,100.4000015258789,99.80000305175781,100.4000015258789,214452
2026-06-17 17:00:00,99.8499984741211,99.94999694824219,99.5999984741211,99.8499984741211,568181
2026-06-17 17:15:00,99.69999694824219,99.8499984741211,99.5,99.8499984741211,417404
2026-06-17 17:30:00,99.8499984741211,99.94999694824219,99.55000305175781,99.69999694824219,617398
2026-06-17 17:45:00,99.5999984741211,99.94999694824219,99.44999694824219,99.8499984741211,1152599
2026-06-18 09:45:00,100.19999694824219,100.19999694824219,100.19999694824219,100.19999694824219,0
2026-06-18 10:00:00,100.69999694824219,101.0,100.19999694824219,100.19999694824219,2625181
2026-06-18 10:15:00,100.69999694824219,100.9000015258789,100.30000305175781,100.69999694824219,1156740
2026-06-18 10:30:00,101.69999694824219,101.69999694824219,100.5,100.69999694824219,1764700
2026-06-18 10:45:00,101.5999984741211,102.0,101.30000305175781,101.69999694824219,1756685
2026-06-18 11:00:00,101.5999984741211,101.80000305175781,101.5,101.69999694824219,867883
2026-06-18 11:15:00,102.69999694824219,102.69999694824219,101.5,101.5999984741211,3191056
2026-06-18 11:30:00,103.0,103.30000305175781,102.4000015258789,102.5999984741211,3468707
2026-06-18 11:45:00,102.80000305175781,103.0999984741211,102.69999694824219,103.0999984741211,997606
2026-06-18 12:00:00,103.0,103.19999694824219,102.5999984741211,102.69999694824219,912063
2026-06-18 12:15:00,102.69999694824219,103.19999694824219,102.69999694824219,103.0,317732
2026-06-18 12:30:00,102.80000305175781,102.9000015258789,102.5999984741211,102.80000305175781,321786
2026-06-18 12:45:00,102.9000015258789,103.0999984741211,102.69999694824219,102.80000305175781,630486
2026-06-18 13:00:00,103.0,103.0,102.80000305175781,102.9000015258789,177436
2026-06-18 13:15:00,102.9000015258789,103.0,102.80000305175781,103.0,278214
2026-06-18 13:30:00,102.19999694824219,103.0,102.19999694824219,102.9000015258789,1178415
2026-06-18 13:45:00,102.30000305175781,102.30000305175781,102.0,102.19999694824219,626359
2026-06-18 14:00:00,101.80000305175781,102.30000305175781,101.69999694824219,102.30000305175781,950560
2026-06-18 14:15:00,101.9000015258789,101.9000015258789,101.5,101.80000305175781,528296
2026-06-18 14:30:00,101.80000305175781,102.0,101.5999984741211,101.80000305175781,415141
2026-06-18 14:45:00,101.9000015258789,101.9000015258789,101.5999984741211,101.80000305175781,256743
2026-06-18 15:00:00,101.9000015258789,101.9000015258789,101.5,101.9000015258789,436135
2026-06-18 15:15:00,101.69999694824219,101.9000015258789,101.5999984741211,101.80000305175781,213653
2026-06-18 15:30:00,102.0,102.19999694824219,101.5999984741211,101.69999694824219,643902
2026-06-18 15:45:00,102.30000305175781,102.4000015258789,102.0,102.0,646911
2026-06-18 16:00:00,102.5999984741211,102.69999694824219,102.30000305175781,102.30000305175781,856871
2026-06-18 16:15:00,102.5999984741211,102.9000015258789,102.4000015258789,102.5999984741211,466813
2026-06-18 16:30:00,102.5,102.5999984741211,102.30000305175781,102.5,333957
2026-06-18 16:45:00,102.5,102.69999694824219,102.4000015258789,102.4000015258789,261629
2026-06-18 17:00:00,102.69999694824219,102.9000015258789,102.4000015258789,102.4000015258789,917093
2026-06-18 17:15:00,103.0,103.0999984741211,102.5,102.5999984741211,1078794
2026-06-18 17:30:00,102.5,103.0,102.30000305175781,102.9000015258789,1499536
2026-06-18 17:45:00,102.80000305175781,102.80000305175781,102.4000015258789,102.4000015258789,1419478
2026-06-19 09:45:00,100.69999694824219,100.69999694824219,100.69999694824219,100.69999694824219,0
2026-06-19 10:00:00,101.4000015258789,101.5,100.4000015258789,100.69999694824219,2404982
2026-06-19 10:15:00,101.0,101.69999694824219,100.80000305175781,101.4000015258789,1107261
2026-06-19 10:30:00,101.0999984741211,101.0999984741211,100.69999694824219,101.0,693347
2026-06-19 10:45:00,100.69999694824219,101.19999694824219,100.69999694824219,101.0999984741211,283131
2026-06-19 11:00:00,100.9000015258789,101.0999984741211,100.69999694824219,100.80000305175781,419774
2026-06-19 11:15:00,100.9000015258789,101.0999984741211,100.80000305175781,101.0,164004
2026-06-19 11:30:00,101.0,101.30000305175781,100.80000305175781,100.9000015258789,255875
2026-06-19 11:45:00,101.0999984741211,101.30000305175781,100.80000305175781,101.0,387177
2026-06-19 12:00:00,101.0,101.19999694824219,100.9000015258789,101.0999984741211,378471
2026-06-19 12:15:00,101.0,101.19999694824219,100.9000015258789,100.9000015258789,362381
2026-06-19 12:30:00,101.0999984741211,101.0999984741211,100.80000305175781,100.9000015258789,496463
2026-06-19 12:45:00,101.0,101.19999694824219,100.9000015258789,101.19999694824219,362792
2026-06-19 13:00:00,100.9000015258789,101.0999984741211,100.9000015258789,100.9000015258789,297272
2026-06-19 13:15:00,101.0,101.0999984741211,100.9000015258789,100.9000015258789,170199
2026-06-19 13:30:00,100.5999984741211,101.0,100.30000305175781,101.0,769270
2026-06-19 13:45:00,100.4000015258789,100.5999984741211,100.19999694824219,100.5999984741211,335284
2026-06-19 14:00:00,100.5,100.5,100.19999694824219,100.4000015258789,135886
2026-06-19 14:15:00,100.4000015258789,100.5,100.30000305175781,100.4000015258789,157741
2026-06-19 14:30:00,100.5,100.69999694824219,100.4000015258789,100.4000015258789,100042
2026-06-19 14:45:00,100.5999984741211,100.80000305175781,100.30000305175781,100.5,412720
2026-06-19 15:00:00,100.69999694824219,100.9000015258789,100.5,100.5999984741211,318692
2026-06-19 15:15:00,100.69999694824219,100.9000015258789,100.5999984741211,100.69999694824219,174915
2026-06-19 15:30:00,100.5999984741211,100.9000015258789,100.4000015258789,100.69999694824219,261405
2026-06-19 15:45:00,101.4000015258789,102.5,100.5,100.5999984741211,4205372
2026-06-19 16:00:00,101.19999694824219,101.9000015258789,101.0999984741211,101.30000305175781,1158196
2026-06-19 16:15:00,101.4000015258789,101.5999984741211,101.0999984741211,101.30000305175781,505773
2026-06-19 16:30:00,101.19999694824219,101.4000015258789,101.0999984741211,101.30000305175781,462209
2026-06-19 16:45:00,101.0999984741211,101.4000015258789,101.0999984741211,101.30000305175781,349956
2026-06-19 17:00:00,101.19999694824219,101.30000305175781,100.9000015258789,101.0999984741211,553319
2026-06-19 17:15:00,101.0999984741211,101.30000305175781,101.0,101.19999694824219,311994
2026-06-19 17:30:00,100.80000305175781,101.30000305175781,100.4000015258789,101.19999694824219,1168950
2026-06-19 17:45:00,101.0999984741211,101.0999984741211,100.69999694824219,100.69999694824219,429401
2026-06-22 09:45:00,101.5,101.5,101.5,101.5,0
2026-06-22 10:00:00,101.4000015258789,101.69999694824219,101.0999984741211,101.5,1906954
2026-06-22 10:15:00,101.80000305175781,102.30000305175781,101.30000305175781,101.4000015258789,2338145
2026-06-22 10:30:00,101.5999984741211,102.0,101.5,101.80000305175781,641461
2026-06-22 10:45:00,101.5,101.69999694824219,101.4000015258789,101.5,311638
2026-06-22 11:00:00,101.5999984741211,101.69999694824219,101.30000305175781,101.5,362623
2026-06-22 11:15:00,101.0999984741211,101.5999984741211,100.9000015258789,101.5999984741211,849972
2026-06-22 11:30:00,101.4000015258789,101.4000015258789,100.9000015258789,101.0,430621
2026-06-22 11:45:00,101.5999984741211,101.69999694824219,101.0999984741211,101.30000305175781,461998
2026-06-22 12:00:00,101.69999694824219,102.0,101.5,101.5,1098137
2026-06-22 12:15:00,101.4000015258789,101.69999694824219,101.30000305175781,101.69999694824219,397726
2026-06-22 12:30:00,101.19999694824219,101.4000015258789,101.0999984741211,101.30000305175781,548833
2026-06-22 12:45:00,101.19999694824219,101.4000015258789,101.0999984741211,101.0999984741211,306532
2026-06-22 13:00:00,101.19999694824219,101.5999984741211,101.0999984741211,101.0999984741211,395846
2026-06-22 13:15:00,101.5,101.5999984741211,101.19999694824219,101.19999694824219,271981
2026-06-22 13:30:00,101.5,101.69999694824219,101.19999694824219,101.4000015258789,362625
2026-06-22 13:45:00,101.30000305175781,101.5999984741211,101.30000305175781,101.4000015258789,308188
2026-06-22 14:00:00,101.4000015258789,101.69999694824219,101.19999694824219,101.30000305175781,563624
2026-06-22 14:15:00,101.4000015258789,101.4000015258789,101.19999694824219,101.30000305175781,256187
2026-06-22 14:30:00,101.5,101.5999984741211,101.19999694824219,101.30000305175781,436394
2026-06-22 14:45:00,101.4000015258789,101.80000305175781,101.30000305175781,101.5999984741211,711620
2026-06-22 15:00:00,102.0999984741211,102.0999984741211,101.4000015258789,101.4000015258789,1425546
2026-06-22 15:15:00,102.19999694824219,102.4000015258789,102.0,102.0999984741211,1183732
2026-06-22 15:30:00,102.0999984741211,102.30000305175781,102.0,102.19999694824219,606633
2026-06-22 15:45:00,101.80000305175781,102.0999984741211,101.69999694824219,102.0,335672
2026-06-22 16:00:00,101.69999694824219,102.0,101.4000015258789,101.80000305175781,1019042
2026-06-22 16:15:00,102.0999984741211,102.0999984741211,101.5999984741211,101.69999694824219,262187
2026-06-22 16:30:00,101.69999694824219,102.19999694824219,101.5999984741211,102.0,897511
2026-06-22 16:45:00,101.69999694824219,102.0999984741211,101.5,101.5999984741211,492313
2026-06-22 17:00:00,101.80000305175781,102.0,101.5999984741211,101.69999694824219,558581
2026-06-22 17:15:00,101.69999694824219,102.0,101.5999984741211,101.69999694824219,303493
2026-06-22 17:30:00,101.5999984741211,102.0999984741211,101.5999984741211,101.69999694824219,1067264
2026-06-22 17:45:00,101.5999984741211,101.80000305175781,101.5999984741211,101.5999984741211,549072
2026-06-23 09:45:00,100.5,100.5,100.5,100.5,0
2026-06-23 10:00:00,100.80000305175781,101.30000305175781,100.4000015258789,100.5,1742831
2026-06-23 10:15:00,100.5,101.0,100.19999694824219,100.80000305175781,1032723
2026-06-23 10:30:00,99.80000305175781,100.5,99.75,100.5,1635373
2026-06-23 10:45:00,99.5,100.0,99.5,99.75,993130
2026-06-23 11:00:00,99.75,99.94999694824219,99.3499984741211,99.5,884706
2026-06-23 11:15:00,99.75,99.9000015258789,99.55000305175781,99.75,293015
2026-06-23 11:30:00,100.0,100.19999694824219,99.69999694824219,99.69999694824219,503006
2026-06-23 11:45:00,99.9000015258789,100.0,99.8499984741211,99.94999694824219,125442
2026-06-23 12:00:00,100.0,100.5,99.94999694824219,99.94999694824219,426071
2026-06-23 12:15:00,100.30000305175781,100.4000015258789,100.0,100.0999984741211,209791
2026-06-23 12:30:00,100.30000305175781,100.4000015258789,100.0999984741211,100.4000015258789,301370
2026-06-23 12:45:00,100.4000015258789,100.69999694824219,100.30000305175781,100.30000305175781,266947
2026-06-23 13:00:00,100.5999984741211,100.80000305175781,100.30000305175781,100.4000015258789,798469
2026-06-23 13:15:00,100.80000305175781,101.0,100.5999984741211,100.69999694824219,323912
2026-06-23 13:30:00,101.0999984741211,101.19999694824219,100.80000305175781,100.80000305175781,552773
2026-06-23 13:45:00,101.30000305175781,101.5,100.9000015258789,101.0999984741211,704057
2026-06-23 14:00:00,101.5,101.5999984741211,101.0999984741211,101.30000305175781,578408
2026-06-23 14:15:00,101.4000015258789,101.80000305175781,101.19999694824219,101.4000015258789,683890
2026-06-23 14:30:00,101.0,101.5,100.9000015258789,101.4000015258789,1181226
2026-06-23 14:45:00,100.4000015258789,101.0,100.4000015258789,100.9000015258789,891118
2026-06-23 15:00:00,100.69999694824219,100.69999694824219,100.30000305175781,100.5,671450
2026-06-23 15:15:00,100.0999984741211,100.69999694824219,100.0,100.69999694824219,742348
2026-06-23 15:30:00,99.25,100.0999984741211,99.1500015258789,100.0999984741211,2236513
2026-06-23 15:45:00,99.44999694824219,99.6500015258789,99.05000305175781,99.19999694824219,952838
2026-06-23 16:00:00,99.44999694824219,99.75,99.3499984741211,99.44999694824219,483641
2026-06-23 16:15:00,99.19999694824219,99.44999694824219,98.9000015258789,99.44999694824219,1143031
2026-06-23 16:30:00,99.19999694824219,99.44999694824219,99.0999984741211,99.19999694824219,464272
2026-06-23 16:45:00,99.55000305175781,99.55000305175781,99.19999694824219,99.19999694824219,431430
2026-06-23 17:00:00,99.6500015258789,99.6500015258789,99.4000015258789,99.55000305175781,577764
2026-06-23 17:15:00,99.30000305175781,99.5999984741211,99.19999694824219,99.5999984741211,478191
2026-06-23 17:30:00,99.19999694824219,99.3499984741211,99.0999984741211,99.25,414249
2026-06-23 17:45:00,99.19999694824219,99.30000305175781,98.80000305175781,99.19999694824219,1060744
2026-06-24 09:45:00,99.05000305175781,99.05000305175781,99.05000305175781,99.05000305175781,0
2026-06-24 10:00:00,99.6500015258789,99.80000305175781,98.80000305175781,99.05000305175781,1845842
2026-06-24 10:15:00,99.0,99.80000305175781,98.94999694824219,99.6500015258789,1264275
2026-06-24 10:30:00,99.0,99.19999694824219,98.80000305175781,98.94999694824219,564414
2026-06-24 10:45:00,98.75,99.05000305175781,98.5,99.0,703272
2026-06-24 11:00:00,98.8499984741211,98.9000015258789,98.5,98.75,1111103
2026-06-24 11:15:00,98.80000305175781,98.94999694824219,98.69999694824219,98.80000305175781,548643
2026-06-24 11:30:00,99.0,99.1500015258789,98.75,98.80000305175781,433409
2026-06-24 11:45:00,99.1500015258789,99.1500015258789,98.8499984741211,99.05000305175781,250464
2026-06-24 12:00:00,98.94999694824219,99.25,98.75,99.0999984741211,320109
2026-06-24 12:15:00,98.80000305175781,98.94999694824219,98.69999694824219,98.94999694824219,244398
2026-06-24 12:30:00,98.5999984741211,98.8499984741211,98.55000305175781,98.80000305175781,222919
2026-06-24 12:45:00,98.75,98.75,98.5999984741211,98.6500015258789,172621
2026-06-24 13:00:00,98.69999694824219,98.9000015258789,98.6500015258789,98.69999694824219,88197
2026-06-24 13:15:00,98.94999694824219,99.0,98.6500015258789,98.75,196367
2026-06-24 13:30:00,99.0,99.05000305175781,98.8499984741211,98.94999694824219,143486
2026-06-24 13:45:00,98.9000015258789,99.05000305175781,98.9000015258789,99.0,184890
2026-06-24 14:00:00,98.0999984741211,99.0,98.0999984741211,98.8499984741211,581043
2026-06-24 14:15:00,98.25,98.3499984741211,98.0999984741211,98.0999984741211,365534
2026-06-24 14:30:00,98.6500015258789,98.6500015258789,98.19999694824219,98.25,668934
2026-06-24 14:45:00,98.94999694824219,99.19999694824219,98.55000305175781,98.5999984741211,1196590
2026-06-24 15:00:00,99.0,99.25,98.94999694824219,98.94999694824219,644154
2026-06-24 15:15:00,99.19999694824219,99.4000015258789,98.8499984741211,99.0,723431
2026-06-24 15:30:00,99.0999984741211,99.30000305175781,99.0,99.19999694824219,525007
2026-06-24 15:45:00,99.55000305175781,99.5999984741211,99.05000305175781,99.05000305175781,597836
2026-06-24 16:00:00,99.19999694824219,99.6500015258789,99.19999694824219,99.55000305175781,698427
2026-06-24 16:15:00,99.44999694824219,99.5,99.1500015258789,99.19999694824219,192411
2026-06-24 16:30:00,99.1500015258789,99.80000305175781,99.05000305175781,99.44999694824219,962877
2026-06-24 16:45:00,100.19999694824219,100.19999694824219,99.1500015258789,99.1500015258789,1641303
2026-06-24 17:00:00,99.69999694824219,100.30000305175781,99.55000305175781,100.19999694824219,990811
2026-06-24 17:15:00,100.19999694824219,100.19999694824219,99.55000305175781,99.6500015258789,571003
2026-06-24 17:30:00,100.4000015258789,100.80000305175781,100.0,100.19999694824219,3010847
2026-06-24 17:45:00,100.0,100.4000015258789,100.0,100.30000305175781,1086711
2026-06-25 09:45:00,101.0,101.0,101.0,101.0,0
2026-06-25 10:00:00,100.9000015258789,101.30000305175781,100.69999694824219,101.0,2497970
2026-06-25 10:15:00,101.0,101.4000015258789,100.9000015258789,101.0,1382925
2026-06-25 10:30:00,100.80000305175781,101.30000305175781,100.69999694824219,101.0,1989034
2026-06-25 10:45:00,100.5999984741211,100.9000015258789,100.4000015258789,100.9000015258789,1242726
2026-06-25 11:00:00,100.5999984741211,100.9000015258789,100.5,100.69999694824219,470642
2026-06-25 11:15:00,100.4000015258789,100.69999694824219,100.30000305175781,100.69999694824219,402527
2026-06-25 11:30:00,100.4000015258789,100.5999984741211,100.0999984741211,100.4000015258789,1052767
2026-06-25 11:45:00,100.5999984741211,100.80000305175781,100.30000305175781,100.5,696648
2026-06-25 12:00:00,100.4000015258789,100.80000305175781,100.30000305175781,100.5999984741211,588912
2026-06-25 12:15:00,99.69999694824219,100.5,99.5,100.4000015258789,1442076
2026-06-25 12:30:00,99.5,99.9000015258789,99.30000305175781,99.75,991318
2026-06-25 12:45:00,99.30000305175781,99.55000305175781,99.25,99.44999694824219,575257
2026-06-25 13:00:00,99.05000305175781,99.3499984741211,99.05000305175781,99.25,425780
2026-06-25 13:15:00,98.94999694824219,99.0999984741211,98.9000015258789,99.0999984741211,471871
2026-06-25 13:30:00,98.80000305175781,99.0,98.80000305175781,99.0,690307
2026-06-25 13:45:00,98.8499984741211,99.0,98.5999984741211,98.80000305175781,437865
2026-06-25 14:00:00,98.25,98.94999694824219,98.25,98.9000015258789,823875
2026-06-25 14:15:00,98.4000015258789,98.44999694824219,98.1500015258789,98.30000305175781,683035
2026-06-25 14:30:00,98.19999694824219,98.55000305175781,98.19999694824219,98.44999694824219,614660
2026-06-25 14:45:00,97.75,98.25,97.69999694824219,98.25,1027145
2026-06-25 15:00:00,97.80000305175781,97.94999694824219,97.69999694824219,97.69999694824219,648505
2026-06-25 15:15:00,97.9000015258789,98.0,97.5999984741211,97.80000305175781,889555
2026-06-25 15:30:00,98.0999984741211,98.4000015258789,97.5999984741211,97.9000015258789,1165628
2026-06-25 15:45:00,97.94999694824219,98.30000305175781,97.9000015258789,98.0999984741211,496323
2026-06-25 16:00:00,97.75,98.0999984741211,97.5,97.9000015258789,464893
2026-06-25 16:15:00,97.80000305175781,97.94999694824219,97.6500015258789,97.75,239097
2026-06-25 16:30:00,97.44999694824219,97.94999694824219,97.30000305175781,97.8499984741211,753110
2026-06-25 16:45:00,97.4000015258789,97.5999984741211,97.19999694824219,97.4000015258789,563427
2026-06-25 17:00:00,97.19999694824219,97.8499984741211,97.1500015258789,97.4000015258789,847321
2026-06-25 17:15:00,97.5,97.75,97.1500015258789,97.19999694824219,679409
2026-06-25 17:30:00,97.25,97.80000305175781,97.19999694824219,97.44999694824219,1357267
2026-06-25 17:45:00,97.0,97.3499984741211,96.9000015258789,97.19999694824219,1310498
2026-06-26 09:45:00,97.05000305175781,97.05000305175781,97.05000305175781,97.05000305175781,0
2026-06-26 10:00:00,97.8499984741211,97.94999694824219,96.94999694824219,97.05000305175781,1792645
2026-06-26 10:15:00,97.0999984741211,97.94999694824219,96.8499984741211,97.9000015258789,2211653
2026-06-26 10:30:00,97.5999984741211,97.80000305175781,97.0,97.0,908361
2026-06-26 10:45:00,97.80000305175781,97.80000305175781,97.55000305175781,97.55000305175781,398260
2026-06-26 11:00:00,97.5,97.80000305175781,97.44999694824219,97.80000305175781,494722
2026-06-26 11:15:00,97.80000305175781,97.80000305175781,97.44999694824219,97.5,683438
2026-06-26 11:30:00,97.55000305175781,97.80000305175781,97.4000015258789,97.80000305175781,383094
2026-06-26 11:45:00,97.1500015258789,97.55000305175781,97.0999984741211,97.5,239866
2026-06-26 12:00:00,97.44999694824219,97.44999694824219,97.05000305175781,97.1500015258789,229341
2026-06-26 12:15:00,97.3499984741211,97.55000305175781,97.30000305175781,97.4000015258789,186424
2026-06-26 12:30:00,97.4000015258789,97.44999694824219,97.25,97.3499984741211,198606
2026-06-26 12:45:00,97.1500015258789,97.4000015258789,97.0999984741211,97.3499984741211,159615
2026-06-26 13:00:00,97.05000305175781,97.19999694824219,96.94999694824219,97.19999694824219,241128
2026-06-26 13:15:00,97.30000305175781,97.30000305175781,97.0999984741211,97.0999984741211,204498
2026-06-26 13:30:00,97.4000015258789,97.44999694824219,97.1500015258789,97.30000305175781,238716
2026-06-26 13:45:00,97.44999694824219,97.55000305175781,97.3499984741211,97.4000015258789,157099
2026-06-26 14:00:00,97.4000015258789,97.55000305175781,97.30000305175781,97.5,345295
2026-06-26 14:15:00,97.19999694824219,97.4000015258789,97.1500015258789,97.4000015258789,262333
2026-06-26 14:30:00,97.1500015258789,97.25,97.0,97.25,316158
2026-06-26 14:45:00,96.75,97.25,96.75,97.1500015258789,390615
2026-06-26 15:00:00,97.0,97.05000305175781,96.75,96.75,351021
2026-06-26 15:15:00,97.0999984741211,97.1500015258789,96.9000015258789,97.05000305175781,206998
2026-06-26 15:30:00,97.05000305175781,97.25,97.0,97.05000305175781,263806
2026-06-26 15:45:00,97.3499984741211,97.4000015258789,97.05000305175781,97.05000305175781,506879
2026-06-26 16:00:00,96.94999694824219,97.3499984741211,96.5999984741211,97.3499984741211,638859
2026-06-26 16:15:00,96.80000305175781,97.0,96.5999984741211,96.94999694824219,453641
2026-06-26 16:30:00,96.75,97.0,96.5999984741211,96.80000305175781,578883
2026-06-26 16:45:00,97.19999694824219,97.25,96.6500015258789,96.80000305175781,657078
2026-06-26 17:00:00,97.0999984741211,97.19999694824219,96.8499984741211,97.19999694824219,534907
2026-06-26 17:15:00,96.94999694824219,97.1500015258789,96.80000305175781,97.0999984741211,539195
2026-06-26 17:30:00,97.19999694824219,97.4000015258789,96.94999694824219,96.94999694824219,594228
2026-06-26 17:45:00,97.25,97.3499984741211,97.0999984741211,97.19999694824219,894427
2026-06-29 09:45:00,97.55000305175781,97.55000305175781,97.55000305175781,97.55000305175781,0
2026-06-29 10:00:00,98.05000305175781,98.0999984741211,97.25,97.55000305175781,1803104
2026-06-29 10:15:00,98.8499984741211,98.8499984741211,97.75,98.05000305175781,3220813
2026-06-29 10:30:00,98.4000015258789,98.94999694824219,98.3499984741211,98.80000305175781,1207999
2026-06-29 10:45:00,98.30000305175781,98.5,98.19999694824219,98.3499984741211,727681
2026-06-29 11:00:00,97.75,98.4000015258789,97.69999694824219,98.3499984741211,675377
2026-06-29 11:15:00,97.25,97.8499984741211,97.05000305175781,97.80000305175781,1536694
2026-06-29 11:30:00,97.19999694824219,97.5,97.1500015258789,97.1500015258789,566323
2026-06-29 11:45:00,97.25,97.44999694824219,97.0999984741211,97.19999694824219,452029
2026-06-29 12:00:00,97.44999694824219,97.5,97.25,97.25,342352
2026-06-29 12:15:00,97.5,97.6500015258789,97.4000015258789,97.44999694824219,497189
2026-06-29 12:30:00,97.55000305175781,97.80000305175781,97.44999694824219,97.55000305175781,342240
2026-06-29 12:45:00,97.4000015258789,97.6500015258789,97.3499984741211,97.55000305175781,364823
2026-06-29 13:00:00,97.44999694824219,97.80000305175781,97.3499984741211,97.4000015258789,1207071
2026-06-29 13:15:00,97.69999694824219,97.8499984741211,97.44999694824219,97.44999694824219,419601
2026-06-29 13:30:00,97.75,97.80000305175781,97.5,97.6500015258789,719473
2026-06-29 13:45:00,97.69999694824219,97.80000305175781,97.5999984741211,97.69999694824219,273730
2026-06-29 14:00:00,97.75,97.94999694824219,97.55000305175781,97.69999694824219,395607
2026-06-29 14:15:00,97.55000305175781,97.8499984741211,97.44999694824219,97.75,553461
2026-06-29 14:30:00,97.80000305175781,97.9000015258789,97.3499984741211,97.55000305175781,991934
2026-06-29 14:45:00,97.55000305175781,98.05000305175781,97.44999694824219,97.80000305175781,1254040
2026-06-29 15:00:00,97.3499984741211,97.5999984741211,97.19999694824219,97.55000305175781,665829
2026-06-29 15:15:00,97.4000015258789,97.44999694824219,97.25,97.4000015258789,355466
2026-06-29 15:30:00,97.44999694824219,97.44999694824219,97.30000305175781,97.3499984741211,149823
2026-06-29 15:45:00,97.3499984741211,97.44999694824219,97.1500015258789,97.4000015258789,544657
2026-06-29 16:00:00,97.05000305175781,97.5,97.0,97.3499984741211,365961
2026-06-29 16:15:00,97.0999984741211,97.19999694824219,96.94999694824219,97.05000305175781,331148
2026-06-29 16:30:00,97.5,97.55000305175781,96.94999694824219,97.1500015258789,684935
2026-06-29 16:45:00,97.5999984741211,97.6500015258789,97.1500015258789,97.5,1454697
2026-06-29 17:00:00,97.4000015258789,97.5999984741211,97.4000015258789,97.5999984741211,1847182
2026-06-29 17:15:00,97.44999694824219,97.55000305175781,97.30000305175781,97.4000015258789,787536
2026-06-29 17:30:00,97.5,97.6500015258789,97.4000015258789,97.44999694824219,852106
2026-06-29 17:45:00,97.19999694824219,97.55000305175781,97.19999694824219,97.5,1031157
2026-06-30 09:45:00,97.6500015258789,97.6500015258789,97.6500015258789,97.6500015258789,0
2026-06-30 10:00:00,97.69999694824219,98.1500015258789,97.3499984741211,97.5999984741211,2146843
2026-06-30 10:15:00,97.5,98.0,97.44999694824219,97.69999694824219,2074024
2026-06-30 10:30:00,97.4000015258789,97.8499984741211,97.3499984741211,97.5,1459514
2026-06-30 10:45:00,97.5,97.55000305175781,97.19999694824219,97.3499984741211,1400732
2026-06-30 11:00:00,97.44999694824219,97.55000305175781,97.3499984741211,97.5,690014
2026-06-30 11:15:00,97.6500015258789,97.9000015258789,97.4000015258789,97.44999694824219,2681497
2026-06-30 11:30:00,97.55000305175781,97.69999694824219,97.44999694824219,97.69999694824219,1253879
2026-06-30 11:45:00,97.5,97.69999694824219,97.3499984741211,97.55000305175781,740034
2026-06-30 12:00:00,97.55000305175781,97.69999694824219,97.5,97.55000305175781,585905
2026-06-30 12:15:00,97.4000015258789,97.5999984741211,97.4000015258789,97.55000305175781,382796
2026-06-30 12:30:00,97.4000015258789,97.44999694824219,97.30000305175781,97.44999694824219,432661
2026-06-30 12:45:00,97.0999984741211,97.4000015258789,97.0999984741211,97.4000015258789,501559
2026-06-30 13:00:00,97.19999694824219,97.3499984741211,97.05000305175781,97.0999984741211,543803
2026-06-30 13:15:00,97.0999984741211,97.25,97.0999984741211,97.19999694824219,218808
2026-06-30 13:30:00,97.1500015258789,97.19999694824219,97.05000305175781,97.0999984741211,128566
2026-06-30 13:45:00,97.30000305175781,97.4000015258789,97.0999984741211,97.1500015258789,357833
2026-06-30 14:00:00,97.0999984741211,97.3499984741211,97.0999984741211,97.3499984741211,232385
2026-06-30 14:15:00,97.25,97.3499984741211,97.0999984741211,97.0999984741211,293334
2026-06-30 14:30:00,97.05000305175781,97.25,97.05000305175781,97.25,300320
2026-06-30 14:45:00,97.0999984741211,97.1500015258789,96.9000015258789,97.05000305175781,568469
2026-06-30 15:00:00,96.9000015258789,97.0999984741211,96.6500015258789,97.05000305175781,595529
2026-06-30 15:15:00,96.9000015258789,97.0,96.80000305175781,96.9000015258789,470737
2026-06-30 15:30:00,97.0,97.0,96.8499984741211,96.9000015258789,210174
2026-06-30 15:45:00,97.19999694824219,97.30000305175781,96.94999694824219,97.0,623313
2026-06-30 16:00:00,97.1500015258789,97.30000305175781,97.0,97.19999694824219,342559
2026-06-30 16:15:00,97.0999984741211,97.25,97.05000305175781,97.1500015258789,399598
2026-06-30 16:30:00,97.1500015258789,97.3499984741211,97.05000305175781,97.1500015258789,638585
2026-06-30 16:45:00,97.19999694824219,97.25,97.05000305175781,97.1500015258789,365713
2026-06-30 17:00:00,97.05000305175781,97.19999694824219,96.94999694824219,97.1500015258789,330374
2026-06-30 17:15:00,96.8499984741211,97.0999984741211,96.5999984741211,97.0,1000505
2026-06-30 17:30:00,97.1500015258789,97.44999694824219,96.75,96.75,3247168
2026-06-30 17:45:00,97.19999694824219,97.30000305175781,97.05000305175781,97.1500015258789,2814065
2026-07-01 09:45:00,97.0999984741211,97.0999984741211,97.0999984741211,97.0999984741211,0
2026-07-01 10:00:00,96.69999694824219,97.25,96.3499984741211,97.0999984741211,2248547
2026-07-01 10:15:00,97.6500015258789,97.8499984741211,96.5999984741211,96.6500015258789,1781511
2026-07-01 10:30:00,97.5999984741211,97.80000305175781,97.19999694824219,97.6500015258789,714410
2026-07-01 10:45:00,98.19999694824219,98.19999694824219,97.5999984741211,97.5999984741211,1555717
2026-07-01 11:00:00,97.69999694824219,98.3499984741211,97.5999984741211,98.1500015258789,1061476
2026-07-01 11:15:00,97.55000305175781,97.75,97.5,97.69999694824219,389352
2026-07-01 11:30:00,97.6500015258789,97.69999694824219,97.3499984741211,97.5999984741211,652219
2026-07-01 11:45:00,97.25,97.69999694824219,97.19999694824219,97.69999694824219,618871
2026-07-01 12:00:00,97.25,97.30000305175781,96.94999694824219,97.25,691623
2026-07-01 12:15:00,97.25,97.30000305175781,97.1500015258789,97.25,247766
2026-07-01 12:30:00,97.19999694824219,97.30000305175781,97.0999984741211,97.25,324463
2026-07-01 12:45:00,97.3499984741211,97.4000015258789,97.1500015258789,97.1500015258789,405408
2026-07-01 13:00:00,97.69999694824219,97.75,97.3499984741211,97.4000015258789,1720908
2026-07-01 13:15:00,97.44999694824219,97.9000015258789,97.3499984741211,97.69999694824219,1439831
2026-07-01 13:30:00,97.6500015258789,97.75,97.4000015258789,97.4000015258789,931541
2026-07-01 13:45:00,97.4000015258789,97.6500015258789,97.4000015258789,97.5999984741211,771408
2026-07-01 14:00:00,97.25,97.5999984741211,97.1500015258789,97.4000015258789,769468
2026-07-01 14:15:00,97.6500015258789,97.75,97.1500015258789,97.19999694824219,1340002
2026-07-01 14:30:00,97.44999694824219,97.8499984741211,97.25,97.69999694824219,2185396
2026-07-01 14:45:00,98.0999984741211,98.25,97.4000015258789,97.44999694824219,4020171
2026-07-01 15:00:00,98.4000015258789,98.5999984741211,97.94999694824219,98.1500015258789,1719890
2026-07-01 15:15:00,98.0999984741211,98.44999694824219,97.94999694824219,98.4000015258789,1089597
2026-07-01 15:30:00,98.25,98.25,98.0,98.0999984741211,589560
2026-07-01 15:45:00,97.9000015258789,98.30000305175781,97.9000015258789,98.19999694824219,530832
2026-07-01 16:00:00,97.75,97.94999694824219,97.5,97.9000015258789,1975183
2026-07-01 16:15:00,98.0,98.0,97.55000305175781,97.80000305175781,1953856
2026-07-01 16:30:00,98.1500015258789,98.19999694824219,97.80000305175781,98.0,666688
2026-07-01 16:45:00,98.05000305175781,98.25,98.0,98.1500015258789,873140
2026-07-01 17:00:00,98.0,98.1500015258789,97.94999694824219,98.05000305175781,379349
2026-07-01 17:15:00,98.0999984741211,98.30000305175781,97.94999694824219,97.94999694824219,768737
2026-07-01 17:30:00,97.80000305175781,98.1500015258789,97.69999694824219,98.0999984741211,2345039
2026-07-01 17:45:00,97.9000015258789,98.0,97.75,97.8499984741211,1115415
2026-07-02 09:45:00,98.30000305175781,98.30000305175781,98.30000305175781,98.30000305175781,0
2026-07-02 10:00:00,98.5999984741211,98.80000305175781,97.9000015258789,98.30000305175781,2007798
2026-07-02 10:15:00,98.94999694824219,99.0999984741211,98.55000305175781,98.55000305175781,1968575
2026-07-02 10:30:00,98.9000015258789,99.05000305175781,98.75,98.9000015258789,579057
2026-07-02 10:45:00,98.55000305175781,98.94999694824219,98.44999694824219,98.9000015258789,643381
2026-07-02 11:00:00,98.8499984741211,98.9000015258789,98.44999694824219,98.5999984741211,391977
2026-07-02 11:15:00,98.80000305175781,99.0,98.75,98.8499984741211,246982
2026-07-02 11:30:00,98.44999694824219,98.80000305175781,98.25,98.80000305175781,1596644
2026-07-02 11:45:00,98.6500015258789,98.69999694824219,98.4000015258789,98.44999694824219,250774
2026-07-02 12:00:00,98.3499984741211,98.6500015258789,98.30000305175781,98.6500015258789,166499
2026-07-02 12:15:00,98.25,98.3499984741211,98.0999984741211,98.3499984741211,485113
2026-07-02 12:30:00,98.44999694824219,98.55000305175781,98.0999984741211,98.25,1031459
2026-07-02 12:45:00,98.19999694824219,98.4000015258789,98.1500015258789,98.4000015258789,334545
2026-07-02 13:00:00,98.1500015258789,98.25,97.94999694824219,98.25,494711
2026-07-02 13:15:00,98.0,98.1500015258789,97.9000015258789,98.1500015258789,353500
2026-07-02 13:30:00,98.1500015258789,98.3499984741211,98.0,98.05000305175781,379160
2026-07-02 13:45:00,98.0,98.25,97.9000015258789,98.19999694824219,684978
2026-07-02 14:00:00,97.55000305175781,98.1500015258789,97.44999694824219,97.94999694824219,1207661
2026-07-02 14:15:00,97.8499984741211,97.9000015258789,97.5,97.55000305175781,897656
2026-07-02 14:30:00,97.55000305175781,97.94999694824219,97.44999694824219,97.8499984741211,873506
2026-07-02 14:45:00,97.30000305175781,97.5999984741211,97.25,97.55000305175781,1072292
2026-07-02 15:00:00,97.5,97.55000305175781,97.25,97.3499984741211,291033
2026-07-02 15:15:00,97.5,97.55000305175781,97.44999694824219,97.5,100569
2026-07-02 15:30:00,97.6500015258789,97.9000015258789,97.5,97.5,639821
2026-07-02 15:45:00,97.55000305175781,97.80000305175781,97.3499984741211,97.5999984741211,455787
2026-07-02 16:00:00,96.94999694824219,97.69999694824219,96.9000015258789,97.5,979771
2026-07-02 16:15:00,96.8499984741211,97.05000305175781,96.69999694824219,96.94999694824219,1112099
2026-07-02 16:30:00,97.25,97.30000305175781,96.8499984741211,96.8499984741211,420612
2026-07-02 16:45:00,97.25,97.44999694824219,97.1500015258789,97.25,580327
2026-07-02 17:00:00,97.30000305175781,97.3499984741211,97.1500015258789,97.25,498002
2026-07-02 17:15:00,97.75,98.0999984741211,97.25,97.3499984741211,1835648
2026-07-02 17:30:00,97.5,97.9000015258789,97.30000305175781,97.80000305175781,1122321
2026-07-02 17:45:00,97.44999694824219,97.55000305175781,97.30000305175781,97.5,824567
2026-07-03 09:45:00,98.0999984741211,98.0999984741211,98.0999984741211,98.0999984741211,0
2026-07-03 10:00:00,96.75,98.19999694824219,96.4000015258789,98.0999984741211,3547848
2026-07-03 10:15:00,96.19999694824219,96.69999694824219,95.5999984741211,96.69999694824219,3817706
2026-07-03 10:30:00,96.30000305175781,96.3499984741211,95.80000305175781,96.1500015258789,1166290
2026-07-03 10:45:00,96.9000015258789,97.0999984741211,96.25,96.30000305175781,1383198
2026-07-03 11:00:00,96.44999694824219,96.94999694824219,96.4000015258789,96.8499984741211,727649
2026-07-03 11:15:00,96.5,96.5999984741211,96.30000305175781,96.5,481823
2026-07-03 11:30:00,96.69999694824219,96.69999694824219,96.5,96.5,178251
2026-07-03 11:45:00,96.75,96.9000015258789,96.5999984741211,96.69999694824219,449602
2026-07-03 12:00:00,96.6500015258789,96.75,96.55000305175781,96.75,240119
2026-07-03 12:15:00,96.3499984741211,96.9000015258789,96.3499984741211,96.69999694824219,844569
2026-07-03 12:30:00,96.4000015258789,96.44999694824219,96.19999694824219,96.3499984741211,498022
2026-07-03 12:45:00,96.3499984741211,96.44999694824219,96.25,96.4000015258789,199157
2026-07-03 13:00:00,96.30000305175781,96.4000015258789,96.05000305175781,96.30000305175781,401225
2026-07-03 13:15:00,96.19999694824219,96.3499984741211,96.1500015258789,96.30000305175781,172029
2026-07-03 13:30:00,96.25,96.4000015258789,96.05000305175781,96.19999694824219,255178
2026-07-03 13:45:00,96.0999984741211,96.30000305175781,96.05000305175781,96.19999694824219,221590
2026-07-03 14:00:00,95.80000305175781,96.0999984741211,95.80000305175781,96.0999984741211,521116
2026-07-03 14:15:00,96.05000305175781,96.0999984741211,95.80000305175781,95.80000305175781,138765
2026-07-03 14:30:00,95.94999694824219,96.19999694824219,95.9000015258789,96.05000305175781,244281
2026-07-03 14:45:00,95.9000015258789,96.0,95.80000305175781,95.9000015258789,269852
2026-07-03 15:00:00,95.5999984741211,95.9000015258789,95.55000305175781,95.9000015258789,687013
2026-07-03 15:15:00,95.80000305175781,95.80000305175781,95.55000305175781,95.6500015258789,434895
2026-07-03 15:30:00,95.0999984741211,95.80000305175781,94.94999694824219,95.80000305175781,1087093
2026-07-03 15:45:00,95.3499984741211,95.5,94.9000015258789,95.05000305175781,545359
2026-07-03 16:00:00,95.4000015258789,95.5999984741211,95.30000305175781,95.3499984741211,322978
2026-07-03 16:15:00,95.4000015258789,95.55000305175781,95.3499984741211,95.4000015258789,245986
2026-07-03 16:30:00,95.30000305175781,95.44999694824219,95.19999694824219,95.44999694824219,230253
2026-07-03 16:45:00,95.25,95.4000015258789,95.19999694824219,95.30000305175781,334422
2026-07-03 17:00:00,95.19999694824219,95.3499984741211,95.05000305175781,95.25,410005
2026-07-03 17:15:00,94.94999694824219,95.25,94.80000305175781,95.25,725759
2026-07-03 17:30:00,95.0,95.1500015258789,94.9000015258789,94.94999694824219,546148
2026-07-03 17:45:00,94.5999984741211,95.0,94.55000305175781,95.0,1550468
2026-07-06 09:45:00,94.80000305175781,94.80000305175781,94.80000305175781,94.80000305175781,0
2026-07-06 10:00:00,95.19999694824219,95.25,94.3499984741211,94.80000305175781,2199093
2026-07-06 10:15:00,96.80000305175781,96.9000015258789,95.0,95.1500015258789,3129420
2026-07-06 10:30:00,96.05000305175781,96.94999694824219,95.9000015258789,96.80000305175781,1960099
2026-07-06 10:45:00,96.44999694824219,96.5999984741211,95.9000015258789,96.0999984741211,2469515
2026-07-06 11:00:00,96.25,96.5,96.1500015258789,96.44999694824219,366193
2026-07-06 11:15:00,95.8499984741211,96.3499984741211,95.75,96.25,923676
2026-07-06 11:30:00,95.75,95.9000015258789,95.44999694824219,95.80000305175781,1106933
2026-07-06 11:45:00,95.5,95.75,95.30000305175781,95.75,847148
2026-07-06 12:00:00,95.6500015258789,95.69999694824219,95.19999694824219,95.5,1355086
2026-07-06 12:15:00,95.3499984741211,95.69999694824219,95.3499984741211,95.5999984741211,197214
2026-07-06 12:30:00,94.80000305175781,95.4000015258789,94.44999694824219,95.3499984741211,1728659
2026-07-06 12:45:00,94.69999694824219,94.94999694824219,94.6500015258789,94.80000305175781,510281
2026-07-06 13:00:00,94.94999694824219,94.94999694824219,94.69999694824219,94.69999694824219,312300
2026-07-06 13:15:00,95.0999984741211,95.1500015258789,94.94999694824219,94.94999694824219,458520
2026-07-06 13:30:00,94.55000305175781,95.1500015258789,94.4000015258789,95.0999984741211,1507019
2026-07-06 13:45:00,94.55000305175781,94.6500015258789,94.44999694824219,94.55000305175781,1545612
2026-07-06 14:00:00,94.55000305175781,94.6500015258789,94.4000015258789,94.55000305175781,478388
2026-07-06 14:15:00,94.5,94.55000305175781,94.4000015258789,94.55000305175781,249007
2026-07-06 14:30:00,94.19999694824219,94.55000305175781,94.0999984741211,94.5,785576
2026-07-06 14:45:00,94.30000305175781,94.4000015258789,94.1500015258789,94.1500015258789,508042
2026-07-06 15:00:00,94.25,94.5,94.1500015258789,94.30000305175781,624234
2026-07-06 15:15:00,94.25,94.44999694824219,94.1500015258789,94.30000305175781,599049
2026-07-06 15:30:00,94.1500015258789,94.30000305175781,94.05000305175781,94.25,712299
2026-07-06 15:45:00,94.19999694824219,94.30000305175781,94.05000305175781,94.0999984741211,337550
2026-07-06 16:00:00,94.05000305175781,94.3499984741211,93.94999694824219,94.19999694824219,714618
2026-07-06 16:15:00,93.44999694824219,94.05000305175781,93.30000305175781,94.0,1989300
2026-07-06 16:30:00,93.6500015258789,93.8499984741211,93.4000015258789,93.44999694824219,1289275
2026-07-06 16:45:00,94.0,94.1500015258789,93.6500015258789,93.69999694824219,1452788
2026-07-06 17:00:00,93.9000015258789,94.0,93.8499984741211,93.94999694824219,517218
2026-07-06 17:15:00,93.9000015258789,94.05000305175781,93.6500015258789,93.9000015258789,852088
2026-07-06 17:30:00,93.75,93.9000015258789,93.69999694824219,93.9000015258789,563252
2026-07-06 17:45:00,93.75,93.9000015258789,93.55000305175781,93.75,1910586
2026-07-07 09:45:00,93.55000305175781,93.55000305175781,93.55000305175781,93.55000305175781,0
2026-07-07 10:00:00,94.0,94.05000305175781,93.30000305175781,93.55000305175781,2308009
2026-07-07 10:15:00,94.3499984741211,94.44999694824219,93.9000015258789,94.0,1022429
2026-07-07 10:30:00,94.4000015258789,94.55000305175781,94.30000305175781,94.4000015258789,1079947
2026-07-07 10:45:00,94.0999984741211,94.44999694824219,93.8499984741211,94.4000015258789,1484989
2026-07-07 11:00:00,94.25,94.3499984741211,93.94999694824219,94.0999984741211,918929
2026-07-07 11:15:00,94.25,94.55000305175781,94.1500015258789,94.25,772515
2026-07-07 11:30:00,94.55000305175781,94.69999694824219,94.25,94.25,1310401
2026-07-07 11:45:00,94.55000305175781,94.6500015258789,94.44999694824219,94.55000305175781,588254
2026-07-07 12:00:00,94.44999694824219,94.69999694824219,94.3499984741211,94.6500015258789,557562
2026-07-07 12:15:00,94.30000305175781,94.55000305175781,94.30000305175781,94.5,336261
2026-07-07 12:30:00,94.4000015258789,94.4000015258789,94.19999694824219,94.3499984741211,355063
2026-07-07 12:45:00,94.30000305175781,94.5,94.25,94.4000015258789,411163
2026-07-07 13:00:00,94.3499984741211,94.4000015258789,94.30000305175781,94.30000305175781,153645
2026-07-07 13:15:00,94.4000015258789,94.44999694824219,94.3499984741211,94.3499984741211,138779
2026-07-07 13:30:00,94.5999984741211,94.5999984741211,94.4000015258789,94.4000015258789,800694
2026-07-07 13:45:00,94.75,94.9000015258789,94.4000015258789,94.5999984741211,1936168
2026-07-07 14:00:00,94.80000305175781,94.8499984741211,94.55000305175781,94.75,666299
2026-07-07 14:15:00,94.5999984741211,95.05000305175781,94.55000305175781,94.75,949791
2026-07-07 14:30:00,94.0,94.75,93.94999694824219,94.5999984741211,3330497
2026-07-07 14:45:00,94.0999984741211,94.0999984741211,93.9000015258789,94.0,1468099
2026-07-07 15:00:00,94.19999694824219,94.19999694824219,94.0,94.0999984741211,260393
2026-07-07 15:15:00,94.25,94.30000305175781,94.05000305175781,94.19999694824219,389380
2026-07-07 15:30:00,94.4000015258789,94.44999694824219,94.25,94.25,556367
2026-07-07 15:45:00,94.3499984741211,94.44999694824219,94.25,94.4000015258789,268596
2026-07-07 16:00:00,94.55000305175781,94.94999694824219,94.30000305175781,94.3499984741211,1695610
2026-07-07 16:15:00,94.25,94.55000305175781,94.1500015258789,94.5,723771
2026-07-07 16:30:00,94.19999694824219,94.3499984741211,94.05000305175781,94.25,464551
2026-07-07 16:45:00,94.0,94.25,93.9000015258789,94.19999694824219,641452
2026-07-07 17:00:00,93.44999694824219,94.30000305175781,93.4000015258789,94.0,1549476
2026-07-07 17:15:00,93.3499984741211,93.5,93.1500015258789,93.44999694824219,2288231
2026-07-07 17:30:00,92.94999694824219,93.4000015258789,92.9000015258789,93.30000305175781,1452876
2026-07-07 17:45:00,92.9000015258789,93.1500015258789,92.80000305175781,92.94999694824219,1886588
2026-07-08 09:45:00,92.44999694824219,92.44999694824219,92.44999694824219,92.44999694824219,0
2026-07-08 10:00:00,91.9000015258789,92.44999694824219,91.69999694824219,92.44999694824219,2805238
2026-07-08 10:15:00,92.05000305175781,92.1500015258789,91.6500015258789,91.8499984741211,1447510
2026-07-08 10:30:00,91.9000015258789,92.0999984741211,91.75,92.05000305175781,1213006
2026-07-08 10:45:00,91.9000015258789,92.1500015258789,91.80000305175781,91.9000015258789,1460013
2026-07-08 11:00:00,91.69999694824219,91.94999694824219,91.1500015258789,91.94999694824219,2639249
2026-07-08 11:15:00,90.0,91.75,89.8499984741211,91.69999694824219,3702505
2026-07-08 11:30:00,89.80000305175781,90.25,89.5,90.0,1911868
2026-07-08 11:45:00,89.94999694824219,90.19999694824219,89.69999694824219,89.80000305175781,1129512
2026-07-08 12:00:00,89.80000305175781,90.05000305175781,89.69999694824219,89.94999694824219,1011639
2026-07-08 12:15:00,90.3499984741211,90.4000015258789,89.75,89.80000305175781,857246
2026-07-08 12:30:00,90.5,90.6500015258789,90.25,90.30000305175781,1207547
2026-07-08 12:45:00,90.3499984741211,90.5999984741211,90.25,90.5,386092
2026-07-08 13:00:00,90.30000305175781,90.4000015258789,90.19999694824219,90.3499984741211,426833
2026-07-08 13:15:00,90.30000305175781,90.4000015258789,90.05000305175781,90.30000305175781,472568
2026-07-08 13:30:00,90.0999984741211,90.4000015258789,90.05000305175781,90.25,315861
2026-07-08 13:45:00,90.05000305175781,90.1500015258789,90.05000305175781,90.05000305175781,187326
2026-07-08 14:00:00,90.25,90.44999694824219,90.05000305175781,90.0999984741211,405803
2026-07-08 14:15:00,90.0999984741211,90.25,90.05000305175781,90.25,182185
2026-07-08 14:30:00,90.25,90.4000015258789,90.0,90.05000305175781,751233
2026-07-08 14:45:00,90.4000015258789,90.44999694824219,90.19999694824219,90.25,726499
2026-07-08 15:00:00,90.3499984741211,90.44999694824219,90.25,90.3499984741211,247823
2026-07-08 15:15:00,90.5,90.6500015258789,90.30000305175781,90.3499984741211,649500
2026-07-08 15:30:00,90.75,90.80000305175781,90.44999694824219,90.5,677969
2026-07-08 15:45:00,90.69999694824219,91.0,90.6500015258789,90.75,794681
2026-07-08 16:00:00,90.5999984741211,90.69999694824219,90.44999694824219,90.69999694824219,503569
2026-07-08 16:15:00,90.44999694824219,90.75,90.4000015258789,90.55000305175781,423366
2026-07-08 16:30:00,90.55000305175781,90.5999984741211,90.3499984741211,90.5,438377
2026-07-08 16:45:00,90.5999984741211,90.6500015258789,90.44999694824219,90.5,442631
2026-07-08 17:00:00,90.4000015258789,90.5999984741211,90.3499984741211,90.5999984741211,510583
2026-07-08 17:15:00,90.4000015258789,90.6500015258789,90.3499984741211,90.3499984741211,731950
2026-07-08 17:30:00,90.19999694824219,90.4000015258789,90.1500015258789,90.4000015258789,660577
2026-07-08 17:45:00,90.0,90.19999694824219,90.0,90.1500015258789,1185307
2026-07-09 09:45:00,90.75,90.75,90.75,90.75,0
2026-07-09 10:00:00,90.4000015258789,90.75,90.0,90.69999694824219,3853527
2026-07-09 10:15:00,90.30000305175781,90.5,90.1500015258789,90.4000015258789,1639754
2026-07-09 10:30:00,90.44999694824219,90.44999694824219,90.0999984741211,90.30000305175781,1069663
2026-07-09 10:45:00,90.0999984741211,90.5,90.05000305175781,90.44999694824219,791591
2026-07-09 11:00:00,90.0999984741211,90.25,90.0,90.0999984741211,472956
2026-07-09 11:15:00,90.1500015258789,90.25,90.0,90.1500015258789,416033
2026-07-09 11:30:00,89.94999694824219,90.3499984741211,89.9000015258789,90.1500015258789,1957354
2026-07-09 11:45:00,89.80000305175781,90.0,89.6500015258789,89.94999694824219,1183308
2026-07-09 12:00:00,89.80000305175781,90.0,89.75,89.80000305175781,707416
2026-07-09 12:15:00,89.8499984741211,89.9000015258789,89.75,89.75,277649
2026-07-09 12:30:00,89.8499984741211,90.05000305175781,89.80000305175781,89.80000305175781,535872
2026-07-09 12:45:00,90.0,90.05000305175781,89.80000305175781,89.9000015258789,209715
2026-07-09 13:00:00,89.80000305175781,90.0,89.80000305175781,90.0,256891
2026-07-09 13:15:00,89.6500015258789,89.8499984741211,89.55000305175781,89.80000305175781,600113
2026-07-09 13:30:00,89.4000015258789,89.5999984741211,89.30000305175781,89.5999984741211,1027704
2026-07-09 13:45:00,89.4000015258789,89.4000015258789,89.0999984741211,89.3499984741211,844826
2026-07-09 14:00:00,89.44999694824219,89.5999984741211,89.3499984741211,89.4000015258789,697733
2026-07-09 14:15:00,89.44999694824219,89.6500015258789,89.3499984741211,89.5,436979
2026-07-09 14:30:00,89.30000305175781,89.44999694824219,89.19999694824219,89.44999694824219,481853
2026-07-09 14:45:00,89.1500015258789,89.4000015258789,89.0999984741211,89.30000305175781,595060
2026-07-09 15:00:00,89.0999984741211,89.30000305175781,89.05000305175781,89.19999694824219,708169
2026-07-09 15:15:00,89.1500015258789,89.1500015258789,88.8499984741211,89.0999984741211,1538723
2026-07-09 15:30:00,89.1500015258789,89.30000305175781,88.94999694824219,89.1500015258789,787551
2026-07-09 15:45:00,89.0999984741211,89.1500015258789,89.0,89.0999984741211,313913
2026-07-09 16:00:00,89.19999694824219,89.30000305175781,89.0999984741211,89.1500015258789,388619
2026-07-09 16:15:00,89.0999984741211,89.25,89.05000305175781,89.19999694824219,347691
2026-07-09 16:30:00,89.05000305175781,89.0999984741211,88.75,89.0999984741211,782905
2026-07-09 16:45:00,89.0,89.0999984741211,88.8499984741211,89.05000305175781,618640
2026-07-09 17:00:00,89.05000305175781,89.19999694824219,88.94999694824219,89.0,762850
2026-07-09 17:15:00,88.94999694824219,89.05000305175781,88.75,89.05000305175781,996195
2026-07-09 17:30:00,89.3499984741211,89.4000015258789,88.9000015258789,88.9000015258789,1395485
2026-07-09 17:45:00,89.3499984741211,89.5,89.19999694824219,89.3499984741211,1923930
2026-07-10 09:45:00,89.25,89.25,89.25,89.25,0
2026-07-10 10:00:00,90.3499984741211,90.44999694824219,89.1500015258789,89.30000305175781,3415041
2026-07-10 10:15:00,90.44999694824219,90.5999984741211,90.25,90.4000015258789,1556986
2026-07-10 10:30:00,90.5999984741211,90.75,90.4000015258789,90.44999694824219,1699746
2026-07-10 10:45:00,90.55000305175781,90.75,90.44999694824219,90.5999984741211,1348399
2026-07-10 11:00:00,90.69999694824219,90.69999694824219,90.4000015258789,90.5,1540904
2026-07-10 11:15:00,90.69999694824219,90.8499984741211,90.5999984741211,90.6500015258789,1030946
2026-07-10 11:30:00,90.94999694824219,90.94999694824219,90.5999984741211,90.69999694824219,1118459
2026-07-10 11:45:00,91.05000305175781,91.0999984741211,90.8499984741211,90.9000015258789,868629
2026-07-10 12:00:00,91.44999694824219,91.55000305175781,91.0,91.0999984741211,1954029
2026-07-10 12:15:00,91.5,91.55000305175781,91.30000305175781,91.44999694824219,867568
2026-07-10 12:30:00,91.44999694824219,91.55000305175781,91.3499984741211,91.5,739385
2026-07-10 12:45:00,91.25,91.5999984741211,91.25,91.5,978661
2026-07-10 13:00:00,90.6500015258789,91.30000305175781,90.6500015258789,91.30000305175781,847044
2026-07-10 13:15:00,91.0,91.05000305175781,90.5,90.6500015258789,1024820
2026-07-10 13:30:00,90.6500015258789,91.0,90.55000305175781,91.0,2249165
2026-07-10 13:45:00,90.75,90.80000305175781,90.6500015258789,90.6500015258789,296339
2026-07-10 14:00:00,90.5,90.9000015258789,90.3499984741211,90.75,1607841
2026-07-10 14:15:00,90.44999694824219,90.5,90.4000015258789,90.44999694824219,326449
2026-07-10 14:30:00,90.44999694824219,90.6500015258789,90.19999694824219,90.44999694824219,1643078
2026-07-10 14:45:00,90.55000305175781,90.80000305175781,90.4000015258789,90.44999694824219,1405729
2026-07-10 15:00:00,90.80000305175781,90.94999694824219,90.44999694824219,90.5,798495
2026-07-10 15:15:00,90.75,90.9000015258789,90.6500015258789,90.8499984741211,471082
2026-07-10 15:30:00,90.80000305175781,90.8499984741211,90.6500015258789,90.75,575541
2026-07-10 15:45:00,90.8499984741211,90.94999694824219,90.69999694824219,90.75,678735
2026-07-10 16:00:00,91.0,91.05000305175781,90.69999694824219,90.9000015258789,564446
2026-07-10 16:15:00,90.75,91.05000305175781,90.75,91.0,744150
2026-07-10 16:30:00,91.19999694824219,91.30000305175781,90.69999694824219,90.80000305175781,1876894
2026-07-10 16:45:00,90.8499984741211,91.19999694824219,90.75,91.19999694824219,1583929
2026-07-10 17:00:00,90.9000015258789,91.0,90.6500015258789,90.8499984741211,1569084
2026-07-10 17:15:00,91.0,91.05000305175781,90.8499984741211,90.9000015258789,842691
2026-07-10 17:30:00,90.69999694824219,91.0,90.3499984741211,91.0,2643767
2026-07-10 17:45:00,90.5,90.75,90.5,90.69999694824219,1411200
2026-07-13 09:45:00,89.8499984741211,89.8499984741211,89.8499984741211,89.8499984741211,0
2026-07-13 10:00:00,89.75,89.8499984741211,89.0999984741211,89.80000305175781,2900088
2026-07-13 10:15:00,89.5,89.75,89.19999694824219,89.75,1980616
2026-07-13 10:30:00,89.9000015258789,89.94999694824219,89.3499984741211,89.5,971937
2026-07-13 10:45:00,89.6500015258789,89.9000015258789,89.6500015258789,89.8499984741211,489829
2026-07-13 11:00:00,89.94999694824219,90.0999984741211,89.5999984741211,89.6500015258789,569723
2026-07-13 11:15:00,89.6500015258789,89.94999694824219,89.5999984741211,89.94999694824219,518248
2026-07-13 11:30:00,89.8499984741211,90.0999984741211,89.55000305175781,89.6500015258789,1134205
2026-07-13 11:45:00,89.5,89.8499984741211,89.44999694824219,89.8499984741211,788180
2026-07-13 12:00:00,89.5999984741211,89.69999694824219,89.30000305175781,89.5,1212334
2026-07-13 12:15:00,89.5,89.75,89.5,89.5999984741211,313930
2026-07-13 12:30:00,89.69999694824219,89.69999694824219,89.5,89.5,229084
2026-07-13 12:45:00,89.75,89.75,89.55000305175781,89.69999694824219,150405
2026-07-13 13:00:00,89.55000305175781,89.75,89.5,89.75,248602
2026-07-13 13:15:00,89.9000015258789,90.0,89.55000305175781,89.55000305175781,1161145
2026-07-13 13:30:00,89.8499984741211,89.94999694824219,89.80000305175781,89.9000015258789,322037
2026-07-13 13:45:00,90.1500015258789,90.19999694824219,89.75,89.8499984741211,602283
2026-07-13 14:00:00,90.19999694824219,90.4000015258789,90.05000305175781,90.1500015258789,1162054
2026-07-13 14:15:00,90.0999984741211,90.19999694824219,89.94999694824219,90.19999694824219,399765
2026-07-13 14:30:00,90.1500015258789,90.1500015258789,90.0,90.0999984741211,236879
2026-07-13 14:45:00,90.05000305175781,90.19999694824219,90.0,90.1500015258789,414585
2026-07-13 15:00:00,90.0999984741211,90.1500015258789,89.80000305175781,90.05000305175781,834973
2026-07-13 15:15:00,89.55000305175781,90.1500015258789,89.5,90.1500015258789,1055636
2026-07-13 15:30:00,89.5,89.6500015258789,89.44999694824219,89.5,840390
2026-07-13 15:45:00,89.5999984741211,89.69999694824219,89.44999694824219,89.5,569274
2026-07-13 16:00:00,89.69999694824219,89.75,89.55000305175781,89.5999984741211,325679
2026-07-13 16:15:00,89.55000305175781,89.6500015258789,89.44999694824219,89.6500015258789,626633
2026-07-13 16:30:00,89.44999694824219,89.69999694824219,89.4000015258789,89.55000305175781,700659
2026-07-13 16:45:00,89.94999694824219,89.94999694824219,89.44999694824219,89.44999694824219,608177
2026-07-13 17:00:00,89.80000305175781,90.05000305175781,89.6500015258789,89.9000015258789,1028216
2026-07-13 17:15:00,89.69999694824219,89.80000305175781,89.55000305175781,89.80000305175781,685009
2026-07-13 17:30:00,89.44999694824219,89.75,89.4000015258789,89.69999694824219,1320596
2026-07-13 17:45:00,89.3499984741211,89.55000305175781,89.25,89.44999694824219,1428509
2026-07-14 09:45:00,89.0999984741211,89.0999984741211,89.0999984741211,89.0999984741211,0
2026-07-14 10:00:00,89.3499984741211,89.4000015258789,88.80000305175781,89.1500015258789,2059951
2026-07-14 10:15:00,89.05000305175781,89.3499984741211,88.6500015258789,89.3499984741211,1882723
2026-07-14 10:30:00,89.0,89.0999984741211,88.75,89.05000305175781,748073
2026-07-14 10:45:00,88.8499984741211,89.0,88.75,89.0,503389
2026-07-14 11:00:00,89.05000305175781,89.05000305175781,88.75,88.9000015258789,1198377
2026-07-14 11:15:00,89.30000305175781,89.3499984741211,89.0,89.05000305175781,1327337
2026-07-14 11:30:00,89.19999694824219,89.55000305175781,89.1500015258789,89.30000305175781,1531003
2026-07-14 11:45:00,89.25,89.30000305175781,89.1500015258789,89.25,640733
2026-07-14 12:00:00,89.5999984741211,89.5999984741211,89.19999694824219,89.25,606843
2026-07-14 12:15:00,89.69999694824219,89.80000305175781,89.5,89.5999984741211,960436
2026-07-14 12:30:00,89.5999984741211,89.80000305175781,89.5,89.69999694824219,2575508
2026-07-14 12:45:00,89.6500015258789,89.69999694824219,89.5,89.5999984741211,332057
2026-07-14 13:00:00,89.5,89.75,89.5,89.6500015258789,495612
2026-07-14 13:15:00,89.44999694824219,89.5999984741211,89.3499984741211,89.55000305175781,215726
2026-07-14 13:30:00,89.8499984741211,90.05000305175781,89.3499984741211,89.44999694824219,1878089
2026-07-14 13:45:00,89.8499984741211,90.0,89.75,89.8499984741211,581491
2026-07-14 14:00:00,89.5999984741211,89.9000015258789,89.55000305175781,89.8499984741211,683243
2026-07-14 14:15:00,89.5999984741211,89.75,89.55000305175781,89.5999984741211,288214
2026-07-14 14:30:00,89.5,89.69999694824219,89.44999694824219,89.5999984741211,264680
2026-07-14 14:45:00,89.44999694824219,89.6500015258789,89.3499984741211,89.5,752155
2026-07-14 15:00:00,89.30000305175781,89.44999694824219,89.1500015258789,89.44999694824219,733454
2026-07-14 15:15:00,89.19999694824219,89.30000305175781,89.1500015258789,89.30000305175781,379085
2026-07-14 15:30:00,89.1500015258789,89.9000015258789,89.1500015258789,89.25,3047771
2026-07-14 15:45:00,88.94999694824219,89.25,88.9000015258789,89.1500015258789,1175817
2026-07-14 16:00:00,89.3499984741211,89.4000015258789,88.80000305175781,88.94999694824219,1253594
2026-07-14 16:15:00,89.44999694824219,89.44999694824219,89.0,89.3499984741211,511310
2026-07-14 16:30:00,89.44999694824219,89.55000305175781,89.30000305175781,89.44999694824219,577848
2026-07-14 16:45:00,89.30000305175781,89.5,89.19999694824219,89.44999694824219,570238
2026-07-14 17:00:00,89.55000305175781,89.6500015258789,89.30000305175781,89.30000305175781,1153116
2026-07-14 17:15:00,89.5,89.75,89.44999694824219,89.5999984741211,1680209
2026-07-14 17:30:00,89.55000305175781,89.75,89.5,89.5,405270
2026-07-14 17:45:00,89.4000015258789,89.55000305175781,89.30000305175781,89.55000305175781,1053744
2026-07-16 09:45:00,89.55000305175781,89.55000305175781,89.55000305175781,89.55000305175781,0
2026-07-16 10:00:00,89.55000305175781,89.9000015258789,89.30000305175781,89.5,3045738
2026-07-16 10:15:00,89.75,89.80000305175781,89.30000305175781,89.55000305175781,2334675
2026-07-16 10:30:00,89.5999984741211,89.9000015258789,89.4000015258789,89.69999694824219,1685727
2026-07-16 10:45:00,89.9000015258789,90.0,89.5,89.5999984741211,2675023
2026-07-16 11:00:00,90.0999984741211,90.4000015258789,89.9000015258789,89.94999694824219,2614985
2026-07-16 11:15:00,90.25,90.5,90.0999984741211,90.0999984741211,1300812
2026-07-16 11:30:00,90.25,90.3499984741211,90.1500015258789,90.30000305175781,527370
2026-07-16 11:45:00,90.3499984741211,90.3499984741211,90.1500015258789,90.25,377550
2026-07-16 12:00:00,90.5,90.5999984741211,90.30000305175781,90.30000305175781,1351711
2026-07-16 12:15:00,90.44999694824219,90.55000305175781,90.3499984741211,90.44999694824219,717440
2026-07-16 12:30:00,90.25,90.5,90.19999694824219,90.4000015258789,639593
2026-07-16 12:45:00,90.1500015258789,90.25,89.94999694824219,90.25,1041840
2026-07-16 13:00:00,90.1500015258789,90.1500015258789,90.05000305175781,90.0999984741211,243042
2026-07-16 13:15:00,90.0999984741211,90.1500015258789,90.0,90.0999984741211,305246
2026-07-16 13:30:00,90.1500015258789,90.19999694824219,90.05000305175781,90.05000305175781,490786
2026-07-16 13:45:00,90.30000305175781,90.3499984741211,90.0999984741211,90.1500015258789,495868
2026-07-16 14:00:00,90.19999694824219,90.3499984741211,90.0999984741211,90.30000305175781,381300
2026-07-16 14:15:00,90.1500015258789,90.30000305175781,90.0999984741211,90.19999694824219,1211748
2026-07-16 14:30:00,90.1500015258789,90.19999694824219,90.05000305175781,90.19999694824219,1178715
2026-07-16 14:45:00,90.19999694824219,90.19999694824219,89.9000015258789,90.0999984741211,1037697
2026-07-16 15:00:00,90.25,90.4000015258789,90.1500015258789,90.1500015258789,1161765
2026-07-16 15:15:00,90.19999694824219,90.30000305175781,90.1500015258789,90.19999694824219,368883
2026-07-16 15:30:00,89.9000015258789,90.30000305175781,89.8499984741211,90.19999694824219,1439449
2026-07-16 15:45:00,89.9000015258789,90.05000305175781,89.8499984741211,89.9000015258789,696027
2026-07-16 16:00:00,89.94999694824219,90.0,89.80000305175781,89.8499984741211,987862
2026-07-16 16:15:00,90.05000305175781,90.0999984741211,89.94999694824219,89.94999694824219,499068
2026-07-16 16:30:00,90.0,90.05000305175781,89.9000015258789,90.05000305175781,742239
2026-07-16 16:45:00,90.0999984741211,90.0999984741211,89.80000305175781,89.94999694824219,1025699
2026-07-16 17:00:00,90.19999694824219,90.25,90.05000305175781,90.05000305175781,2218884
2026-07-16 17:15:00,90.3499984741211,90.3499984741211,90.05000305175781,90.19999694824219,2265651
2026-07-16 17:30:00,90.44999694824219,90.5,90.19999694824219,90.30000305175781,2662395
2026-07-16 17:45:00,90.3499984741211,90.55000305175781,90.30000305175781,90.44999694824219,3483271
2026-07-17 09:45:00,90.19999694824219,90.19999694824219,90.19999694824219,90.19999694824219,0
2026-07-17 10:00:00,90.0999984741211,90.5,90.0,90.19999694824219,3973734
2026-07-17 10:15:00,89.6500015258789,90.0999984741211,89.5,90.0999984741211,2762459
2026-07-17 10:30:00,89.44999694824219,89.80000305175781,89.30000305175781,89.69999694824219,1752175
2026-07-17 10:45:00,89.75,89.8499984741211,89.44999694824219,89.5,910722
2026-07-17 11:00:00,89.9000015258789,90.0,89.6500015258789,89.69999694824219,1914810
2026-07-17 11:15:00,89.80000305175781,90.0,89.75,89.94999694824219,737466
2026-07-17 11:30:00,89.5999984741211,90.0,89.44999694824219,89.80000305175781,2509392
2026-07-17 11:45:00,89.80000305175781,89.9000015258789,89.55000305175781,89.6500015258789,1147307
2026-07-17 12:00:00,89.75,89.8499984741211,89.69999694824219,89.80000305175781,331488
2026-07-17 12:15:00,89.69999694824219,89.75,89.44999694824219,89.75,915780
2026-07-17 12:30:00,89.30000305175781,89.6500015258789,89.19999694824219,89.6500015258789,1420355
2026-07-17 12:45:00,89.19999694824219,89.30000305175781,89.1500015258789,89.30000305175781,889992
2026-07-17 13:00:00,88.75,89.19999694824219,88.6500015258789,89.19999694824219,1458597
2026-07-17 13:15:00,88.80000305175781,88.9000015258789,88.75,88.75,430516
2026-07-17 13:30:00,88.94999694824219,89.0,88.75,88.80000305175781,377802
2026-07-17 13:45:00,88.94999694824219,89.0,88.8499984741211,89.0,134957
2026-07-17 14:00:00,88.8499984741211,88.94999694824219,88.80000305175781,88.9000015258789,226003
2026-07-17 14:15:00,88.8499984741211,89.0,88.80000305175781,88.8499984741211,186906
2026-07-17 14:30:00,88.80000305175781,88.9000015258789,88.75,88.80000305175781,281552
2026-07-17 14:45:00,88.94999694824219,89.0,88.69999694824219,88.75,933856
2026-07-17 15:00:00,89.0,89.0999984741211,88.9000015258789,89.0,599668
2026-07-17 15:15:00,89.0,89.05000305175781,88.75,89.0,554444
2026-07-17 15:30:00,89.0999984741211,89.25,88.94999694824219,88.94999694824219,898104
2026-07-17 15:45:00,89.1500015258789,89.19999694824219,89.05000305175781,89.0999984741211,374094
2026-07-17 16:00:00,88.9000015258789,89.1500015258789,88.8499984741211,89.0999984741211,535709
2026-07-17 16:15:00,88.9000015258789,88.94999694824219,88.80000305175781,88.9000015258789,437885
2026-07-17 16:30:00,88.9000015258789,89.0999984741211,88.8499984741211,88.9000015258789,554155
2026-07-17 16:45:00,89.30000305175781,89.3499984741211,88.94999694824219,88.94999694824219,1532733
2026-07-17 17:00:00,89.25,89.4000015258789,89.19999694824219,89.30000305175781,1095833
2026-07-17 17:15:00,89.0999984741211,89.30000305175781,89.05000305175781,89.25,865790
2026-07-17 17:30:00,89.0999984741211,89.30000305175781,88.9000015258789,89.0999984741211,1572028
2026-07-17 17:45:00,88.44999694824219,89.0999984741211,88.4000015258789,89.0999984741211,3603964
2026-07-20 09:45:00,88.6500015258789,88.6500015258789,88.6500015258789,88.6500015258789,0
2026-07-20 10:00:00,88.05000305175781,88.80000305175781,88.0,88.6500015258789,3528289
2026-07-20 10:15:00,88.44999694824219,88.44999694824219,87.9000015258789,88.05000305175781,1975768
2026-07-20 10:30:00,88.5,88.69999694824219,88.3499984741211,88.44999694824219,2426724
2026-07-20 10:45:00,88.9000015258789,88.9000015258789,88.4000015258789,88.44999694824219,1365511
2026-07-20 11:00:00,88.94999694824219,89.05000305175781,88.6500015258789,88.8499984741211,1558043
2026-07-20 11:15:00,88.94999694824219,89.0999984741211,88.8499984741211,89.0,1030093
2026-07-20 11:30:00,88.69999694824219,88.94999694824219,88.69999694824219,88.94999694824219,774405
2026-07-20 11:45:00,88.5,88.75,88.44999694824219,88.69999694824219,952238
2026-07-20 12:00:00,88.5999984741211,88.69999694824219,88.3499984741211,88.5,1187375
2026-07-20 12:15:00,88.6500015258789,88.69999694824219,88.55000305175781,88.55000305175781,361354
2026-07-20 12:30:00,89.0,89.05000305175781,88.6500015258789,88.6500015258789,1066292
2026-07-20 12:45:00,88.94999694824219,89.05000305175781,88.80000305175781,89.0,675287
2026-07-20 13:00:00,89.1500015258789,89.30000305175781,88.9000015258789,88.94999694824219,1653521
2026-07-20 13:15:00,89.19999694824219,89.25,89.0,89.19999694824219,647354
2026-07-20 13:30:00,89.19999694824219,89.30000305175781,89.05000305175781,89.1500015258789,556005
2026-07-20 13:45:00,89.4000015258789,89.5,89.1500015258789,89.25,1252566
2026-07-20 14:00:00,89.4000015258789,89.55000305175781,89.1500015258789,89.4000015258789,1117969
2026-07-20 14:15:00,89.25,89.4000015258789,89.19999694824219,89.4000015258789,346502
2026-07-20 14:30:00,89.80000305175781,90.0,89.19999694824219,89.19999694824219,3066690
2026-07-20 14:45:00,89.8499984741211,89.94999694824219,89.69999694824219,89.8499984741211,1048197
2026-07-20 15:00:00,89.94999694824219,90.05000305175781,89.5,89.8499984741211,4285965
2026-07-20 15:15:00,90.05000305175781,90.1500015258789,89.9000015258789,89.94999694824219,2361937
2026-07-20 15:30:00,89.75,90.19999694824219,89.69999694824219,90.05000305175781,2128068
2026-07-20 15:45:00,89.4000015258789,89.69999694824219,89.30000305175781,89.69999694824219,1973351
2026-07-20 16:00:00,89.0,89.4000015258789,88.94999694824219,89.4000015258789,974987
2026-07-20 16:15:00,89.05000305175781,89.0999984741211,88.9000015258789,89.05000305175781,680584
2026-07-20 16:30:00,88.8499984741211,89.1500015258789,88.80000305175781,89.05000305175781,500274
2026-07-20 16:45:00,88.8499984741211,88.94999694824219,88.55000305175781,88.8499984741211,792047
2026-07-20 17:00:00,89.30000305175781,89.3499984741211,88.8499984741211,88.8499984741211,1192117
2026-07-20 17:15:00,88.94999694824219,89.30000305175781,88.94999694824219,89.30000305175781,1214018
2026-07-20 17:30:00,88.9000015258789,89.0,88.80000305175781,88.94999694824219,1263767
2026-07-20 17:45:00,88.9000015258789,88.94999694824219,88.75,88.9000015258789,1369140
2026-07-21 09:45:00,89.5999984741211,89.5999984741211,89.5999984741211,89.5999984741211,0
2026-07-21 10:00:00,89.3499984741211,89.9000015258789,89.25,89.6500015258789,1895185
2026-07-21 10:15:00,89.30000305175781,89.5999984741211,89.0999984741211,89.3499984741211,1214427
2026-07-21 10:30:00,89.55000305175781,89.69999694824219,89.25,89.25,1137545
2026-07-21 10:45:00,89.55000305175781,89.55000305175781,89.3499984741211,89.5,661434
2026-07-21 11:00:00,89.3499984741211,89.6500015258789,89.19999694824219,89.55000305175781,977761
2026-07-21 11:15:00,89.25,89.4000015258789,89.19999694824219,89.3499984741211,530672
2026-07-21 11:30:00,89.4000015258789,89.44999694824219,89.1500015258789,89.25,459970
2026-07-21 11:45:00,89.4000015258789,89.44999694824219,89.30000305175781,89.4000015258789,209479
2026-07-21 12:00:00,89.44999694824219,89.5,89.3499984741211,89.3499984741211,309488
2026-07-21 12:15:00,89.30000305175781,89.44999694824219,89.25,89.44999694824219,466981
2026-07-21 12:30:00,89.05000305175781,89.30000305175781,89.0,89.30000305175781,979500
2026-07-21 12:45:00,89.19999694824219,89.19999694824219,89.05000305175781,89.05000305175781,333794
2026-07-21 13:00:00,89.19999694824219,89.3499984741211,89.05000305175781,89.1500015258789,743202
2026-07-21 13:15:00,89.30000305175781,89.3499984741211,89.1500015258789,89.19999694824219,396339
2026-07-21 13:30:00,89.30000305175781,89.3499984741211,89.19999694824219,89.25,224556
2026-07-21 13:45:00,89.6500015258789,89.69999694824219,89.0999984741211,89.30000305175781,1464457
2026-07-21 14:00:00,88.9000015258789,89.69999694824219,88.9000015258789,89.6500015258789,859451
2026-07-21 14:15:00,88.75,89.0,88.5999984741211,88.94999694824219,2880322
2026-07-21 14:30:00,88.94999694824219,89.0,88.75,88.75,409627
2026-07-21 14:45:00,88.5999984741211,88.94999694824219,88.5,88.94999694824219,772640
2026-07-21 15:00:00,88.69999694824219,88.69999694824219,88.5999984741211,88.5999984741211,287076
2026-07-21 15:15:00,88.5,88.69999694824219,88.4000015258789,88.69999694824219,493636
2026-07-21 15:30:00,88.30000305175781,88.55000305175781,88.25,88.44999694824219,692135
2026-07-21 15:45:00,88.5,88.5999984741211,88.19999694824219,88.30000305175781,557991
2026-07-21 16:00:00,88.55000305175781,88.6500015258789,88.5,88.55000305175781,323599
2026-07-21 16:15:00,88.5999984741211,88.69999694824219,88.5,88.5999984741211,253881
2026-07-21 16:30:00,88.3499984741211,88.6500015258789,88.30000305175781,88.5999984741211,418676
2026-07-21 16:45:00,88.44999694824219,88.5999984741211,88.30000305175781,88.3499984741211,260385
2026-07-21 17:00:00,88.5999984741211,88.5999984741211,88.44999694824219,88.44999694824219,601145
2026-07-21 17:15:00,88.55000305175781,88.6500015258789,88.44999694824219,88.55000305175781,686571
2026-07-21 17:30:00,88.44999694824219,88.6500015258789,88.3499984741211,88.55000305175781,1016193
2026-07-21 17:45:00,88.44999694824219,88.5999984741211,88.4000015258789,88.44999694824219,1267647
2026-07-22 09:45:00,88.69999694824219,88.69999694824219,88.69999694824219,88.69999694824219,0
2026-07-22 10:00:00,89.05000305175781,89.05000305175781,88.55000305175781,88.69999694824219,2337747
2026-07-22 10:15:00,89.25,89.30000305175781,88.9000015258789,89.05000305175781,1674823
2026-07-22 10:30:00,88.75,89.25,88.55000305175781,89.25,1293070
2026-07-22 10:45:00,88.8499984741211,88.8499984741211,88.5999984741211,88.75,867525
2026-07-22 11:00:00,88.9000015258789,89.1500015258789,88.80000305175781,88.8499984741211,1581657
2026-07-22 11:15:00,89.0999984741211,89.19999694824219,88.9000015258789,88.94999694824219,750637
2026-07-22 11:30:00,89.0,89.1500015258789,88.94999694824219,89.05000305175781,512506
2026-07-22 11:45:00,88.8499984741211,89.0,88.75,88.94999694824219,567289
2026-07-22 12:00:00,89.0,89.05000305175781,88.80000305175781,88.8499984741211,465839
2026-07-22 12:15:00,88.8499984741211,89.0,88.8499984741211,88.94999694824219,352638
2026-07-22 12:30:00,88.69999694824219,88.9000015258789,88.6500015258789,88.9000015258789,739925
2026-07-22 12:45:00,88.75,88.75,88.55000305175781,88.69999694824219,569783
2026-07-22 13:00:00,88.9000015258789,88.94999694824219,88.69999694824219,88.69999694824219,304194
2026-07-22 13:15:00,89.1500015258789,89.1500015258789,88.75,88.9000015258789,751739
2026-07-22 13:30:00,88.94999694824219,89.19999694824219,88.94999694824219,89.1500015258789,329190
2026-07-22 13:45:00,88.94999694824219,89.05000305175781,88.9000015258789,89.0,373479
2026-07-22 14:00:00,89.25,89.3499984741211,88.8499984741211,88.9000015258789,1551275
2026-07-22 14:15:00,89.1500015258789,89.25,89.0999984741211,89.25,229424
2026-07-22 14:30:00,88.80000305175781,89.25,88.75,89.0999984741211,817739
2026-07-22 14:45:00,88.75,88.94999694824219,88.69999694824219,88.75,309229
2026-07-22 15:00:00,88.9000015258789,88.94999694824219,88.69999694824219,88.69999694824219,320303
2026-07-22 15:15:00,88.6500015258789,88.9000015258789,88.55000305175781,88.9000015258789,1414170
2026-07-22 15:30:00,88.6500015258789,88.8499984741211,88.55000305175781,88.6500015258789,1159623
2026-07-22 15:45:00,88.30000305175781,88.6500015258789,88.05000305175781,88.6500015258789,1579966
2026-07-22 16:00:00,88.6500015258789,88.75,88.3499984741211,88.3499984741211,565856
2026-07-22 16:15:00,88.8499984741211,88.94999694824219,88.55000305175781,88.5999984741211,817206
2026-07-22 16:30:00,88.80000305175781,88.9000015258789,88.75,88.8499984741211,607510
2026-07-22 16:45:00,88.8499984741211,88.94999694824219,88.69999694824219,88.80000305175781,546870
2026-07-22 17:00:00,89.25,89.4000015258789,88.80000305175781,88.8499984741211,2354585
2026-07-22 17:15:00,88.94999694824219,89.19999694824219,88.9000015258789,89.19999694824219,738033
2026-07-22 17:30:00,88.94999694824219,89.05000305175781,88.9000015258789,88.94999694824219,798322
2026-07-22 17:45:00,89.0,89.1500015258789,88.94999694824219,89.0,1124250
2026-07-23 09:45:00,89.0999984741211,89.0999984741211,89.0999984741211,89.0999984741211,0
2026-07-23 10:00:00,88.75,89.0999984741211,88.5,89.0999984741211,3391686
2026-07-23 10:15:00,88.75,88.8499984741211,88.5999984741211,88.75,1346787
2026-07-23 10:30:00,88.5,88.80000305175781,88.44999694824219,88.75,1384845
2026-07-23 10:45:00,88.30000305175781,88.5,88.25,88.44999694824219,1602271
2026-07-23 11:00:00,88.55000305175781,88.5999984741211,88.30000305175781,88.3499984741211,627449
2026-07-23 11:15:00,88.44999694824219,88.5999984741211,88.4000015258789,88.55000305175781,358701
2026-07-23 11:30:00,88.4000015258789,88.55000305175781,88.30000305175781,88.44999694824219,558074
2026-07-23 11:45:00,88.55000305175781,88.55000305175781,88.30000305175781,88.4000015258789,523828
2026-07-23 12:00:00,88.5999984741211,88.75,88.44999694824219,88.55000305175781,1045037
2026-07-23 12:15:00,88.80000305175781,88.80000305175781,88.55000305175781,88.5999984741211,674558
2026-07-23 12:30:00,88.8499984741211,88.9000015258789,88.69999694824219,88.80000305175781,548562
2026-07-23 12:45:00,88.69999694824219,88.9000015258789,88.69999694824219,88.8499984741211,323919
2026-07-23 13:00:00,88.75,88.8499984741211,88.69999694824219,88.69999694824219,319426
2026-07-23 13:15:00,88.5999984741211,88.80000305175781,88.5999984741211,88.75,260355
2026-07-23 13:30:00,88.6500015258789,88.69999694824219,88.5,88.6500015258789,353920
2026-07-23 13:45:00,88.75,88.80000305175781,88.6500015258789,88.69999694824219,320972
2026-07-23 14:00:00,88.5999984741211,88.75,88.4000015258789,88.75,968708
2026-07-23 14:15:00,88.44999694824219,89.0999984741211,88.44999694824219,88.55000305175781,3365993
2026-07-23 14:30:00,88.30000305175781,88.5,88.25,88.44999694824219,979719
2026-07-23 14:45:00,88.55000305175781,88.5999984741211,88.25,88.3499984741211,580011
2026-07-23 15:00:00,88.30000305175781,88.5999984741211,88.25,88.5999984741211,348501
2026-07-23 15:15:00,88.0,88.4000015258789,87.94999694824219,88.3499984741211,1029293
2026-07-23 15:30:00,88.0,88.05000305175781,87.8499984741211,88.0,802142
2026-07-23 15:45:00,87.94999694824219,88.05000305175781,87.8499984741211,88.0,514018
2026-07-23 16:00:00,87.6500015258789,88.0,87.6500015258789,87.9000015258789,833606
2026-07-23 16:15:00,87.69999694824219,87.94999694824219,87.55000305175781,87.69999694824219,1018453
2026-07-23 16:30:00,87.9000015258789,87.94999694824219,87.55000305175781,87.69999694824219,1004494
2026-07-23 16:45:00,87.80000305175781,87.9000015258789,87.75,87.9000015258789,476675
2026-07-23 17:00:00,87.75,88.0999984741211,87.69999694824219,87.80000305175781,1421742
2026-07-23 17:15:00,87.9000015258789,87.94999694824219,87.5999984741211,87.75,776560
2026-07-23 17:30:00,87.9000015258789,88.0,87.80000305175781,87.94999694824219,1168778
2026-07-23 17:45:00,88.0,88.05000305175781,87.75,87.9000015258789,1382527
2026-07-24 09:45:00,88.0999984741211,88.0999984741211,88.0999984741211,88.0999984741211,0
2026-07-24 10:00:00,88.5999984741211,88.75,88.0,88.0999984741211,2470651
2026-07-24 10:15:00,88.5999984741211,88.6500015258789,88.3499984741211,88.5999984741211,1553288
2026-07-24 10:30:00,88.4000015258789,88.80000305175781,88.4000015258789,88.55000305175781,1644922
2026-07-24 10:45:00,88.0,88.4000015258789,88.0,88.3499984741211,1257862
2026-07-24 11:00:00,87.9000015258789,88.1500015258789,87.8499984741211,88.0,1039834
2026-07-24 11:15:00,87.94999694824219,88.0,87.5999984741211,87.9000015258789,1626194
2026-07-24 11:30:00,87.80000305175781,88.05000305175781,87.69999694824219,87.9000015258789,826161
2026-07-24 11:45:00,87.55000305175781,87.80000305175781,87.5,87.80000305175781,577592
2026-07-24 12:00:00,87.44999694824219,87.5999984741211,87.3499984741211,87.55000305175781,816959
2026-07-24 12:15:00,87.3499984741211,87.44999694824219,87.30000305175781,87.4000015258789,628687
2026-07-24 12:30:00,87.19999694824219,87.3499984741211,87.05000305175781,87.3499984741211,1136418
2026-07-24 12:45:00,87.05000305175781,87.19999694824219,87.0,87.19999694824219,891358
2026-07-24 13:00:00,86.8499984741211,87.05000305175781,86.80000305175781,87.05000305175781,879730
2026-07-24 13:15:00,86.9000015258789,86.9000015258789,86.75,86.80000305175781,517324
2026-07-24 13:30:00,87.0,87.0999984741211,86.8499984741211,86.9000015258789,712882
2026-07-24 13:45:00,86.9000015258789,87.0999984741211,86.9000015258789,87.0,530108
2026-07-24 14:00:00,86.80000305175781,86.94999694824219,86.75,86.9000015258789,438787
2026-07-24 14:15:00,86.75,86.94999694824219,86.69999694824219,86.75,468329
2026-07-24 14:30:00,86.80000305175781,86.9000015258789,86.75,86.80000305175781,219067
2026-07-24 14:45:00,86.94999694824219,87.0,86.80000305175781,86.8499984741211,518562
2026-07-24 15:00:00,86.9000015258789,86.94999694824219,86.80000305175781,86.94999694824219,253741
2026-07-24 15:15:00,86.75,86.9000015258789,86.75,86.8499984741211,270033
2026-07-24 15:30:00,86.80000305175781,86.80000305175781,86.5999984741211,86.75,616963
2026-07-24 15:45:00,86.6500015258789,86.9000015258789,86.5999984741211,86.75,561519
2026-07-24 16:00:00,86.80000305175781,86.8499984741211,86.5999984741211,86.69999694824219,555529
2026-07-24 16:15:00,86.8499984741211,86.94999694824219,86.75,86.8499984741211,347304
2026-07-24 16:30:00,86.80000305175781,86.94999694824219,86.75,86.8499984741211,174316
2026-07-24 16:45:00,86.80000305175781,86.94999694824219,86.6500015258789,86.80000305175781,496939
2026-07-24 17:00:00,87.1500015258789,87.25,86.80000305175781,86.9000015258789,871427
2026-07-24 17:15:00,87.0999984741211,87.19999694824219,87.0,87.0999984741211,606997
2026-07-24 17:30:00,87.1500015258789,87.30000305175781,87.0999984741211,87.1500015258789,1061642
2026-07-24 17:45:00,87.05000305175781,87.30000305175781,87.0,87.0999984741211,1840218
2026-07-27 09:45:00,88.3499984741211,88.3499984741211,88.3499984741211,88.3499984741211,0
2026-07-27 10:00:00,88.8499984741211,88.94999694824219,88.30000305175781,88.30000305175781,5444053
2026-07-27 10:15:00,89.0,89.25,88.8499984741211,88.8499984741211,2998946
2026-07-27 10:30:00,88.69999694824219,89.1500015258789,88.6500015258789,89.0,2022093
2026-07-27 10:45:00,88.25,89.0,88.25,88.69999694824219,1966729
2026-07-27 11:00:00,88.5,88.75,88.1500015258789,88.25,2482613
2026-07-27 11:15:00,88.5999984741211,88.69999694824219,88.4000015258789,88.44999694824219,1566193
2026-07-27 11:30:00,88.5,88.75,88.3499984741211,88.5999984741211,1206039
2026-07-27 11:45:00,88.44999694824219,88.5,88.19999694824219,88.5,535165
2026-07-27 12:00:00,88.5999984741211,88.6500015258789,88.30000305175781,88.44999694824219,691223
2026-07-27 12:15:00,88.44999694824219,88.5999984741211,88.3499984741211,88.55000305175781,402504
2026-07-27 12:30:00,88.44999694824219,88.5,88.3499984741211,88.44999694824219,431262
2026-07-27 12:45:00,88.4000015258789,88.6500015258789,88.30000305175781,88.5,844239
2026-07-27 13:00:00,88.25,88.5,88.1500015258789,88.44999694824219,559648
2026-07-27 13:15:00,88.1500015258789,88.3499984741211,88.0999984741211,88.19999694824219,1117291
2026-07-27 13:30:00,88.1500015258789,88.19999694824219,88.0999984741211,88.19999694824219,491578
2026-07-27 13:45:00,87.94999694824219,88.19999694824219,87.8499984741211,88.0999984741211,1001788
2026-07-27 14:00:00,87.94999694824219,88.0,87.75,87.94999694824219,862203
2026-07-27 14:15:00,87.5999984741211,87.94999694824219,87.5999984741211,87.94999694824219,650751
2026-07-27 14:30:00,87.80000305175781,87.8499984741211,87.55000305175781,87.5999984741211,412290
2026-07-27 14:45:00,87.69999694824219,87.8499984741211,87.69999694824219,87.80000305175781,213944
2026-07-27 15:00:00,87.55000305175781,87.80000305175781,87.44999694824219,87.69999694824219,1087984
2026-07-27 15:15:00,87.5,87.55000305175781,87.30000305175781,87.5,493509
2026-07-27 15:30:00,87.5,87.55000305175781,87.4000015258789,87.55000305175781,492725
2026-07-27 15:45:00,87.3499984741211,87.69999694824219,87.3499984741211,87.5,1060467
2026-07-27 16:00:00,87.25,87.4000015258789,87.0,87.4000015258789,1902614
2026-07-27 16:15:00,87.19999694824219,87.30000305175781,87.05000305175781,87.30000305175781,468493
2026-07-27 16:30:00,86.94999694824219,87.25,86.9000015258789,87.1500015258789,780234
2026-07-27 16:45:00,86.9000015258789,87.05000305175781,86.80000305175781,86.94999694824219,1538310
2026-07-27 17:00:00,87.05000305175781,87.0999984741211,86.9000015258789,86.9000015258789,898553
2026-07-27 17:15:00,87.25,87.44999694824219,87.0,87.0999984741211,1273154
2026-07-27 17:30:00,87.1500015258789,87.30000305175781,86.9000015258789,87.19999694824219,2551334
2026-07-27 17:45:00,87.05000305175781,87.55000305175781,86.94999694824219,87.19999694824219,3321645
2026-07-28 09:45:00,87.19999694824219,87.19999694824219,87.19999694824219,87.19999694824219,0
2026-07-28 10:00:00,86.9000015258789,87.4000015258789,86.75,87.25,2125047
2026-07-28 10:15:00,87.30000305175781,87.6500015258789,86.8499984741211,86.94999694824219,1772983
2026-07-28 10:30:00,87.25,87.4000015258789,87.0999984741211,87.25,665598
2026-07-28 10:45:00,87.19999694824219,87.30000305175781,86.94999694824219,87.25,1118809
2026-07-28 11:00:00,86.8499984741211,87.19999694824219,86.75,87.19999694824219,843701
2026-07-28 11:15:00,87.0,87.0999984741211,86.80000305175781,86.8499984741211,422402
2026-07-28 11:30:00,87.1500015258789,87.1500015258789,86.94999694824219,87.0,401883
2026-07-28 11:45:00,87.0999984741211,87.1500015258789,87.05000305175781,87.1500015258789,528844
2026-07-28 12:00:00,87.0999984741211,87.0999984741211,86.94999694824219,87.0999984741211,325320
2026-07-28 12:15:00,87.55000305175781,87.5999984741211,87.05000305175781,87.05000305175781,860560
2026-07-28 12:30:00,87.25,87.5999984741211,87.25,87.5999984741211,850490
2026-07-28 12:45:00,87.1500015258789,87.25,87.0999984741211,87.25,359550
2026-07-28 13:00:00,87.0999984741211,87.1500015258789,86.94999694824219,87.1500015258789,406696
2026-07-28 13:15:00,87.0999984741211,87.19999694824219,87.0999984741211,87.0999984741211,258170
2026-07-28 13:30:00,87.05000305175781,87.1500015258789,86.94999694824219,87.0999984741211,367248
2026-07-28 13:45:00,87.25,87.25,87.05000305175781,87.0999984741211,426310
2026-07-28 14:00:00,87.0,87.3499984741211,86.80000305175781,87.25,622444
2026-07-28 14:15:00,87.0999984741211,87.30000305175781,87.0,87.0,666260
2026-07-28 14:30:00,87.0999984741211,87.25,87.05000305175781,87.0999984741211,452494
2026-07-28 14:45:00,87.19999694824219,87.19999694824219,87.05000305175781,87.0999984741211,256268
2026-07-28 15:00:00,87.0,87.3499984741211,86.94999694824219,87.1500015258789,1357780
2026-07-28 15:15:00,86.75,87.05000305175781,86.5999984741211,87.0,867431
2026-07-28 15:30:00,87.0,87.05000305175781,86.55000305175781,86.69999694824219,651703
2026-07-28 15:45:00,87.0,87.0999984741211,86.94999694824219,87.0,384558
2026-07-28 16:00:00,87.19999694824219,87.19999694824219,86.94999694824219,87.05000305175781,476845
2026-07-28 16:15:00,87.0999984741211,87.25,87.0999984741211,87.19999694824219,448672
2026-07-28 16:30:00,87.05000305175781,87.25,87.0,87.1500015258789,524565
2026-07-28 16:45:00,86.9000015258789,87.1500015258789,86.55000305175781,87.0999984741211,2245850
2026-07-28 17:00:00,87.25,87.75,86.9000015258789,86.9000015258789,2045335
2026-07-28 17:15:00,87.75,87.94999694824219,87.19999694824219,87.25,2075031
2026-07-28 17:30:00,87.55000305175781,87.80000305175781,87.4000015258789,87.69999694824219,1040374
2026-07-28 17:45:00,87.3499984741211,87.69999694824219,87.3499984741211,87.55000305175781,2364301
2026-07-29 09:45:00,87.3499984741211,87.3499984741211,87.3499984741211,87.3499984741211,0
2026-07-29 10:00:00,88.0,88.25,87.25,87.4000015258789,3104176
2026-07-29 10:15:00,87.55000305175781,88.05000305175781,87.44999694824219,88.0,1134576
2026-07-29 10:30:00,87.8499984741211,88.05000305175781,87.5,87.55000305175781,807476
2026-07-29 10:45:00,88.0,88.0999984741211,87.80000305175781,87.8499984741211,806375
2026-07-29 11:00:00,87.19999694824219,88.0999984741211,87.1500015258789,88.0,1084359
2026-07-29 11:15:00,86.8499984741211,87.19999694824219,86.75,87.19999694824219,1396138
2026-07-29 11:30:00,86.94999694824219,87.19999694824219,86.8499984741211,86.8499984741211,1009075
2026-07-29 11:45:00,86.8499984741211,87.3499984741211,86.75,86.94999694824219,1384117
2026-07-29 12:00:00,86.75,86.8499984741211,86.6500015258789,86.8499984741211,588218
2026-07-29 12:15:00,86.6500015258789,86.80000305175781,86.55000305175781,86.80000305175781,751829
2026-07-29 12:30:00,87.05000305175781,87.0999984741211,86.55000305175781,86.6500015258789,1083023
2026-07-29 12:45:00,87.05000305175781,87.0999984741211,86.8499984741211,87.0999984741211,677999
2026-07-29 13:00:00,87.0999984741211,87.0999984741211,86.80000305175781,87.05000305175781,196875
2026-07-29 13:15:00,86.75,87.0999984741211,86.6500015258789,87.05000305175781,263996
2026-07-29 13:30:00,86.5,86.75,86.44999694824219,86.75,1020984
2026-07-29 13:45:00,86.4000015258789,86.5999984741211,86.3499984741211,86.5,686834
2026-07-29 14:00:00,86.55000305175781,86.5999984741211,86.25,86.44999694824219,682496
2026-07-29 14:15:00,86.4000015258789,86.6500015258789,86.3499984741211,86.5,452238
2026-07-29 14:30:00,86.0,86.4000015258789,85.94999694824219,86.4000015258789,916781
2026-07-29 14:45:00,86.0999984741211,86.19999694824219,85.94999694824219,86.0,451170
2026-07-29 15:00:00,86.0999984741211,86.19999694824219,86.05000305175781,86.1500015258789,384611
2026-07-29 15:15:00,85.6500015258789,86.1500015258789,85.4000015258789,86.0999984741211,1760999
2026-07-29 15:30:00,86.05000305175781,86.05000305175781,85.5,85.6500015258789,1012899
2026-07-29 15:45:00,86.05000305175781,86.19999694824219,85.9000015258789,86.05000305175781,474077
2026-07-29 16:00:00,86.0,86.05000305175781,85.9000015258789,86.0,379420
2026-07-29 16:15:00,85.9000015258789,86.1500015258789,85.75,86.0,522684
2026-07-29 16:30:00,85.5999984741211,85.9000015258789,85.44999694824219,85.8499984741211,655015
2026-07-29 16:45:00,85.30000305175781,85.6500015258789,85.19999694824219,85.5999984741211,1076258
2026-07-29 17:00:00,84.4000015258789,85.3499984741211,84.30000305175781,85.30000305175781,2692552
2026-07-29 17:15:00,84.8499984741211,84.8499984741211,84.3499984741211,84.3499984741211,1814826
2026-07-29 17:30:00,84.6500015258789,85.0,84.5999984741211,84.80000305175781,1053054
2026-07-29 17:45:00,84.69999694824219,84.69999694824219,84.55000305175781,84.6500015258789,1429083
2026-07-30 09:45:00,84.8499984741211,84.8499984741211,84.8499984741211,84.8499984741211,0
2026-07-30 10:00:00,84.94999694824219,85.1500015258789,84.5999984741211,84.80000305175781,1827492
2026-07-30 10:15:00,84.5999984741211,84.94999694824219,84.55000305175781,84.94999694824219,1099466
2026-07-30 10:30:00,84.19999694824219,84.75,84.0999984741211,84.5999984741211,1331564
2026-07-30 10:45:00,84.0,84.44999694824219,83.94999694824219,84.19999694824219,882124
2026-07-30 11:00:00,84.25,84.30000305175781,83.8499984741211,83.94999694824219,735064
2026-07-30 11:15:00,84.3499984741211,84.5,84.0999984741211,84.25,587107
2026-07-30 11:30:00,84.75,84.75,84.30000305175781,84.3499984741211,773718
2026-07-30 11:45:00,84.80000305175781,84.8499984741211,84.69999694824219,84.69999694824219,642752
2026-07-30 12:00:00,84.9000015258789,84.94999694824219,84.69999694824219,84.80000305175781,483394
2026-07-30 12:15:00,84.8499984741211,85.05000305175781,84.80000305175781,84.8499984741211,797349
2026-07-30 12:30:00,84.8499984741211,84.94999694824219,84.75,84.8499984741211,819617
2026-07-30 12:45:00,84.80000305175781,84.9000015258789,84.75,84.9000015258789,316575
2026-07-30 13:00:00,84.6500015258789,84.80000305175781,84.5999984741211,84.80000305175781,485066
2026-07-30 13:15:00,84.69999694824219,84.9000015258789,84.6500015258789,84.6500015258789,369769
2026-07-30 13:30:00,84.80000305175781,85.0,84.6500015258789,84.69999694824219,364947
2026-07-30 13:45:00,84.69999694824219,84.9000015258789,84.69999694824219,84.80000305175781,406255
2026-07-30 14:00:00,84.5,84.75,84.4000015258789,84.69999694824219,696568
2026-07-30 14:15:00,84.5,84.55000305175781,84.3499984741211,84.44999694824219,566393
2026-07-30 14:30:00,84.4000015258789,84.5,84.30000305175781,84.44999694824219,232972
2026-07-30 14:45:00,84.30000305175781,84.4000015258789,84.19999694824219,84.3499984741211,589204
2026-07-30 15:00:00,83.9000015258789,84.3499984741211,83.8499984741211,84.30000305175781,995908
2026-07-30 15:15:00,84.05000305175781,84.25,83.8499984741211,83.9000015258789,690322
2026-07-30 15:30:00,84.0,84.1500015258789,83.94999694824219,84.05000305175781,480934
2026-07-30 15:45:00,83.5,84.0,83.44999694824219,84.0,1321458
2026-07-30 16:00:00,83.6500015258789,83.9000015258789,83.44999694824219,83.5,1102242
2026-07-30 16:15:00,83.4000015258789,83.69999694824219,83.30000305175781,83.6500015258789,1055662
2026-07-30 16:30:00,83.05000305175781,83.6500015258789,82.94999694824219,83.4000015258789,2983088
2026-07-30 16:45:00,82.3499984741211,83.19999694824219,82.30000305175781,83.05000305175781,4240114
2026-07-30 17:00:00,82.80000305175781,83.1500015258789,82.25,82.3499984741211,1850537
2026-07-30 17:15:00,82.8499984741211,83.05000305175781,82.69999694824219,82.80000305175781,1184774
2026-07-30 17:30:00,82.6500015258789,82.9000015258789,82.44999694824219,82.8499984741211,1970277
2026-07-30 17:45:00,82.4000015258789,82.8499984741211,82.0999984741211,82.6500015258789,3808374
2026-07-31 09:45:00,82.8499984741211,82.8499984741211,82.8499984741211,82.8499984741211,0
2026-07-31 10:00:00,83.30000305175781,83.3499984741211,82.75,82.8499984741211,2062910
2026-07-31 10:15:00,82.80000305175781,83.5,82.6500015258789,83.3499984741211,2345049
2026-07-31 10:30:00,82.94999694824219,82.94999694824219,82.44999694824219,82.80000305175781,3127185
2026-07-31 10:45:00,82.6500015258789,83.05000305175781,82.6500015258789,82.94999694824219,1159199
2026-07-31 11:00:00,82.5999984741211,82.9000015258789,82.4000015258789,82.69999694824219,970773
2026-07-31 11:15:00,82.80000305175781,82.9000015258789,82.55000305175781,82.5999984741211,487245
2026-07-31 11:30:00,82.75,82.8499984741211,82.69999694824219,82.80000305175781,437647
2026-07-31 11:45:00,82.44999694824219,82.8499984741211,82.44999694824219,82.80000305175781,801416
2026-07-31 12:00:00,82.5999984741211,82.5999984741211,82.3499984741211,82.5,906310
2026-07-31 12:15:00,82.69999694824219,82.8499984741211,82.55000305175781,82.55000305175781,824055
2026-07-31 12:30:00,82.69999694824219,82.80000305175781,82.55000305175781,82.75,491453
2026-07-31 12:45:00,82.69999694824219,82.69999694824219,82.5999984741211,82.69999694824219,305122
2026-07-31 13:00:00,83.0999984741211,83.0999984741211,82.55000305175781,82.69999694824219,654916
2026-07-31 13:15:00,82.9000015258789,83.30000305175781,82.8499984741211,83.05000305175781,1842863
2026-07-31 13:30:00,82.94999694824219,83.0,82.8499984741211,82.9000015258789,277978
2026-07-31 13:45:00,83.0999984741211,83.19999694824219,82.94999694824219,82.94999694824219,627445
2026-07-31 14:00:00,82.94999694824219,83.19999694824219,82.9000015258789,83.1500015258789,701271
2026-07-31 14:15:00,82.9000015258789,83.0,82.80000305175781,82.94999694824219,321908
2026-07-31 14:30:00,82.8499984741211,82.9000015258789,82.69999694824219,82.9000015258789,445362
2026-07-31 14:45:00,83.1500015258789,83.25,82.80000305175781,82.8499984741211,607309
2026-07-31 15:00:00,82.94999694824219,83.19999694824219,82.8499984741211,83.19999694824219,271582
2026-07-31 15:15:00,82.80000305175781,83.05000305175781,82.75,82.94999694824219,525499
2026-07-31 15:30:00,82.8499984741211,82.9000015258789,82.6500015258789,82.80000305175781,1092214
2026-07-31 15:45:00,83.1500015258789,83.1500015258789,82.80000305175781,82.9000015258789,1288121
2026-07-31 16:00:00,84.30000305175781,84.3499984741211,83.0999984741211,83.0999984741211,3135465
2026-07-31 16:15:00,84.3499984741211,84.5,84.0,84.3499984741211,3350107
2026-07-31 16:30:00,84.25,84.5,83.9000015258789,84.3499984741211,1493310
2026-07-31 16:45:00,84.3499984741211,84.3499984741211,84.05000305175781,84.25,932207
2026-07-31 17:00:00,84.19999694824219,84.5,84.1500015258789,84.3499984741211,972339
2026-07-31 17:15:00,84.19999694824219,84.44999694824219,84.1500015258789,84.3499984741211,379941
2026-07-31 17:45:00,84.0,84.25,83.94999694824219,84.25,367574
2026-08-03 09:45:00,85.80000305175781,85.80000305175781,85.80000305175781,85.80000305175781,0
2026-08-03 10:00:00,86.3499984741211,87.0,85.75,85.8499984741211,6484075
2026-08-03 10:15:00,86.3499984741211,86.80000305175781,85.94999694824219,86.3499984741211,3938771
2026-08-03 10:30:00,86.1500015258789,86.6500015258789,86.0999984741211,86.30000305175781,1361415
2026-08-03 10:45:00,86.19999694824219,86.4000015258789,86.0,86.1500015258789,838563
2026-08-03 11:00:00,86.44999694824219,86.5,86.0,86.19999694824219,865646
2026-08-03 11:15:00,85.8499984741211,86.5,85.5,86.4000015258789,2123663
2026-08-03 11:30:00,86.19999694824219,86.25,85.75,85.8499984741211,1015469
2026-08-03 11:45:00,86.3499984741211,86.4000015258789,86.05000305175781,86.1500015258789,714131
2026-08-03 12:00:00,86.30000305175781,86.4000015258789,86.1500015258789,86.3499984741211,412850
2026-08-03 12:15:00,86.1500015258789,86.25,86.05000305175781,86.25,187594
2026-08-03 12:30:00,86.30000305175781,86.30000305175781,86.0999984741211,86.1500015258789,325632
2026-08-03 12:45:00,86.0,86.30000305175781,85.9000015258789,86.25,454561
2026-08-03 13:00:00,85.9000015258789,86.0,85.8499984741211,85.94999694824219,644650
2026-08-03 13:15:00,86.19999694824219,86.25,85.75,85.8499984741211,1065622
2026-08-03 13:30:00,86.0999984741211,86.19999694824219,86.0,86.19999694824219,853356
2026-08-03 13:45:00,86.1500015258789,86.25,86.05000305175781,86.0999984741211,1145134
2026-08-03 14:00:00,86.05000305175781,86.3499984741211,86.0,86.1500015258789,1108403
2026-08-03 14:15:00,85.5,86.0999984741211,85.3499984741211,86.05000305175781,1774315
2026-08-03 14:30:00,85.8499984741211,85.9000015258789,85.44999694824219,85.55000305175781,1089791
2026-08-03 14:45:00,85.6500015258789,85.8499984741211,85.55000305175781,85.8499984741211,986356
2026-08-03 15:00:00,85.9000015258789,85.94999694824219,85.6500015258789,85.6500015258789,985004
2026-08-03 15:15:00,85.6500015258789,86.05000305175781,85.55000305175781,85.9000015258789,1307138
2026-08-03 15:30:00,85.80000305175781,85.94999694824219,85.5999984741211,85.6500015258789,686560
2026-08-03 15:45:00,85.94999694824219,86.0,85.75,85.8499984741211,439180
2026-08-03 16:00:00,86.0,86.19999694824219,85.9000015258789,85.94999694824219,840448
2026-08-03 16:15:00,86.30000305175781,86.55000305175781,85.94999694824219,86.0,2135921
2026-08-03 16:30:00,86.4000015258789,86.44999694824219,86.25,86.25,587168
2026-08-03 16:45:00,86.44999694824219,86.5,86.1500015258789,86.4000015258789,883983
2026-08-03 17:00:00,86.44999694824219,86.5999984741211,86.25,86.44999694824219,580581
2026-08-03 17:15:00,86.3499984741211,86.69999694824219,86.3499984741211,86.44999694824219,997131
2026-08-03 17:30:00,86.25,86.4000015258789,86.19999694824219,86.3499984741211,1012636
2026-08-03 17:45:00,86.3499984741211,86.4000015258789,86.19999694824219,86.25,750575
2026-08-04 09:45:00,86.55000305175781,86.55000305175781,86.55000305175781,86.55000305175781,0
2026-08-04 10:00:00,86.3499984741211,86.5999984741211,85.80000305175781,86.55000305175781,2590920
2026-08-04 10:15:00,86.05000305175781,86.4000015258789,86.0,86.4000015258789,943616
2026-08-04 10:30:00,86.05000305175781,86.1500015258789,85.5999984741211,86.0,1309986
2026-08-04 10:45:00,86.1500015258789,86.25,85.94999694824219,86.0999984741211,821517
2026-08-04 11:00:00,86.19999694824219,86.3499984741211,86.0,86.1500015258789,787629
2026-08-04 11:15:00,86.5,86.55000305175781,86.1500015258789,86.19999694824219,620022
2026-08-04 11:30:00,86.5999984741211,86.6500015258789,86.44999694824219,86.5,865062
2026-08-04 11:45:00,86.30000305175781,86.5999984741211,86.19999694824219,86.55000305175781,458107
2026-08-04 12:00:00,86.25,86.30000305175781,86.19999694824219,86.25,274592
2026-08-04 12:15:00,86.30000305175781,86.3499984741211,86.1500015258789,86.25,264041
2026-08-04 12:30:00,86.30000305175781,86.3499984741211,86.25,86.30000305175781,256850
2026-08-04 12:45:00,85.9000015258789,86.3499984741211,85.75,86.3499984741211,648120
2026-08-04 13:00:00,85.9000015258789,85.94999694824219,85.80000305175781,85.9000015258789,289983
2026-08-04 13:15:00,85.80000305175781,85.9000015258789,85.69999694824219,85.9000015258789,378706
2026-08-04 13:30:00,85.9000015258789,85.94999694824219,85.75,85.80000305175781,189976
2026-08-04 13:45:00,86.44999694824219,86.5,85.94999694824219,85.94999694824219,1141544
2026-08-04 14:00:00,86.30000305175781,86.5,86.19999694824219,86.44999694824219,611281
2026-08-04 14:15:00,86.55000305175781,86.5999984741211,86.25,86.30000305175781,743101
2026-08-04 14:30:00,87.05000305175781,87.0999984741211,86.5,86.55000305175781,1965338
2026-08-04 14:45:00,87.69999694824219,87.69999694824219,87.0,87.05000305175781,5012025
2026-08-04 15:00:00,87.5999984741211,87.80000305175781,87.1500015258789,87.69999694824219,1936965
2026-08-04 15:15:00,87.80000305175781,87.9000015258789,87.44999694824219,87.55000305175781,2199794
2026-08-04 15:30:00,87.8499984741211,88.05000305175781,87.69999694824219,87.80000305175781,2027445
2026-08-04 15:45:00,87.5,87.9000015258789,87.5,87.8499984741211,915616
2026-08-04 16:00:00,87.6500015258789,88.0,87.3499984741211,87.5,1924752
2026-08-04 16:15:00,87.94999694824219,88.1500015258789,87.5999984741211,87.69999694824219,1246751
2026-08-04 16:30:00,88.0,88.19999694824219,87.80000305175781,88.0,1434271
2026-08-04 16:45:00,88.19999694824219,88.19999694824219,87.9000015258789,88.0,774618
2026-08-04 17:00:00,88.55000305175781,88.69999694824219,88.1500015258789,88.1500015258789,2532013
2026-08-04 17:15:00,88.75,88.9000015258789,88.5999984741211,88.5999984741211,2759392
2026-08-04 17:30:00,88.75,89.0,88.6500015258789,88.75,1632110
2026-08-04 17:45:00,88.9000015258789,89.0,88.69999694824219,88.75,1324248
2026-08-05 09:45:00,88.44999694824219,88.44999694824219,88.44999694824219,88.44999694824219,0
2026-08-05 10:00:00,88.3499984741211,88.80000305175781,88.1500015258789,88.44999694824219,2765121
2026-08-05 10:15:00,88.5,88.75,88.25,88.30000305175781,1092872
2026-08-05 10:30:00,88.55000305175781,88.55000305175781,88.25,88.5,674319
2026-08-05 10:45:00,88.6500015258789,88.6500015258789,88.3499984741211,88.5,550671
2026-08-05 11:00:00,88.55000305175781,88.80000305175781,88.55000305175781,88.6500015258789,619117
2026-08-05 11:15:00,88.55000305175781,88.6500015258789,88.3499984741211,88.55000305175781,426139
2026-08-05 11:30:00,88.1500015258789,88.55000305175781,88.1500015258789,88.55000305175781,820338
2026-08-05 11:45:00,88.1500015258789,88.19999694824219,88.05000305175781,88.19999694824219,372658
2026-08-05 12:00:00,87.94999694824219,88.1500015258789,87.8499984741211,88.1500015258789,568258
2026-08-05 12:15:00,87.5999984741211,87.94999694824219,87.5999984741211,87.9000015258789,571511
2026-08-05 12:30:00,87.5999984741211,87.69999694824219,87.4000015258789,87.6500015258789,525833
2026-08-05 12:45:00,87.19999694824219,87.5999984741211,87.1500015258789,87.5999984741211,744518
2026-08-05 13:00:00,86.9000015258789,87.30000305175781,86.8499984741211,87.19999694824219,1138728
2026-08-05 13:15:00,87.0999984741211,87.30000305175781,86.8499984741211,86.94999694824219,758103
2026-08-05 13:30:00,87.25,87.4000015258789,87.05000305175781,87.0999984741211,814203
2026-08-05 13:45:00,87.25,87.3499984741211,87.19999694824219,87.30000305175781,489067
2026-08-05 14:00:00,87.44999694824219,87.44999694824219,87.1500015258789,87.25,441593
2026-08-05 14:15:00,87.8499984741211,88.0,87.4000015258789,87.44999694824219,1390653
2026-08-05 14:30:00,87.80000305175781,87.9000015258789,87.69999694824219,87.8499984741211,747903
2026-08-05 14:45:00,87.6500015258789,87.80000305175781,87.5999984741211,87.80000305175781,309589
2026-08-05 15:00:00,87.8499984741211,87.8499984741211,87.6500015258789,87.6500015258789,377615
2026-08-05 15:15:00,87.94999694824219,88.05000305175781,87.80000305175781,87.8499984741211,800198
2026-08-05 15:30:00,88.69999694824219,88.75,88.0,88.0,2697398
2026-08-05 15:45:00,88.75,89.0999984741211,88.6500015258789,88.69999694824219,1946741
2026-08-05 16:00:00,89.4000015258789,89.55000305175781,88.75,88.75,1826109
2026-08-05 16:15:00,89.6500015258789,89.69999694824219,89.30000305175781,89.44999694824219,936484
2026-08-05 16:30:00,89.4000015258789,89.6500015258789,89.30000305175781,89.6500015258789,810779
2026-08-05 16:45:00,89.44999694824219,89.44999694824219,89.25,89.44999694824219,538212
2026-08-05 17:00:00,89.5,89.80000305175781,89.3499984741211,89.4000015258789,1207431
2026-08-05 17:15:00,89.25,89.55000305175781,89.19999694824219,89.55000305175781,468471
2026-08-05 17:30:00,89.3499984741211,89.44999694824219,89.19999694824219,89.25,782900
2026-08-05 17:45:00,89.3499984741211,89.5,89.0999984741211,89.3499984741211,1164416
2026-08-06 09:45:00,89.30000305175781,89.30000305175781,89.30000305175781,89.30000305175781,0
2026-08-06 10:00:00,88.6500015258789,89.4000015258789,88.55000305175781,89.30000305175781,2553537
2026-08-06 10:15:00,88.94999694824219,89.4000015258789,88.6500015258789,88.69999694824219,1159909
2026-08-06 10:30:00,88.9000015258789,88.94999694824219,88.69999694824219,88.94999694824219,621428
2026-08-06 10:45:00,88.80000305175781,88.9000015258789,88.6500015258789,88.9000015258789,498209
2026-08-06 11:00:00,88.5999984741211,88.8499984741211,88.5,88.80000305175781,845148
2026-08-06 11:15:00,89.0,89.1500015258789,88.55000305175781,88.5999984741211,1063191
2026-08-06 11:30:00,89.4000015258789,89.44999694824219,88.8499984741211,89.0,1251799
2026-08-06 11:45:00,89.30000305175781,89.44999694824219,89.05000305175781,89.4000015258789,1289274
2026-08-06 12:00:00,89.1500015258789,89.5999984741211,89.0999984741211,89.30000305175781,1897393
2026-08-06 12:15:00,89.30000305175781,89.3499984741211,89.1500015258789,89.19999694824219,298922
2026-08-06 12:30:00,89.0,89.4000015258789,88.9000015258789,89.3499984741211,381333
2026-08-06 12:45:00,89.19999694824219,89.19999694824219,88.94999694824219,89.0,356437
2026-08-06 13:00:00,89.1500015258789,89.25,88.94999694824219,89.1500015258789,312673
2026-08-06 13:15:00,89.0999984741211,89.1500015258789,89.0,89.0999984741211,214203
2026-08-06 13:30:00,89.0,89.19999694824219,88.94999694824219,89.0999984741211,298255
2026-08-06 13:45:00,88.8499984741211,89.0,88.75,89.0,368238
2026-08-06 14:00:00,88.75,88.9000015258789,88.55000305175781,88.9000015258789,628201
2026-08-06 14:15:00,88.6500015258789,88.80000305175781,88.5999984741211,88.75,191567
2026-08-06 14:30:00,88.6500015258789,88.75,88.4000015258789,88.6500015258789,913200
2026-08-06 14:45:00,88.6500015258789,88.69999694824219,88.5,88.69999694824219,361386
2026-08-06 15:00:00,88.44999694824219,88.5999984741211,88.3499984741211,88.5999984741211,1030303
2026-08-06 15:15:00,88.4000015258789,88.55000305175781,88.19999694824219,88.44999694824219,536936
2026-08-06 15:30:00,88.5,88.55000305175781,88.3499984741211,88.4000015258789,306532
2026-08-06 15:45:00,88.44999694824219,88.5999984741211,88.30000305175781,88.5,526096
2026-08-06 16:00:00,88.3499984741211,88.5,88.25,88.44999694824219,347155
2026-08-06 16:15:00,88.55000305175781,88.5999984741211,88.3499984741211,88.3499984741211,372795
2026-08-06 16:30:00,88.5999984741211,88.6500015258789,88.4000015258789,88.55000305175781,337106
2026-08-06 16:45:00,88.69999694824219,88.80000305175781,88.5999984741211,88.5999984741211,398376
2026-08-06 17:00:00,88.55000305175781,88.69999694824219,88.5,88.69999694824219,331375
2026-08-06 17:15:00,88.5,88.5999984741211,88.44999694824219,88.55000305175781,243013
2026-08-06 17:30:00,88.4000015258789,88.5999984741211,88.3499984741211,88.44999694824219,686192
2026-08-06 17:45:00,88.30000305175781,88.4000015258789,88.19999694824219,88.4000015258789,1735022
2026-08-07 09:45:00,88.1500015258789,88.1500015258789,88.1500015258789,88.1500015258789,0
2026-08-07 10:00:00,88.5,88.5999984741211,88.0999984741211,88.19999694824219,1617318
2026-08-07 10:15:00,88.1500015258789,88.80000305175781,88.0999984741211,88.5,1261102
2026-08-07 10:30:00,88.0,88.25,87.80000305175781,88.0999984741211,690953
2026-08-07 10:45:00,88.1500015258789,88.25,87.8499984741211,87.94999694824219,612679
2026-08-07 11:00:00,88.30000305175781,88.4000015258789,88.05000305175781,88.1500015258789,657528
2026-08-07 11:15:00,88.3499984741211,88.55000305175781,88.0999984741211,88.30000305175781,1007369
2026-08-07 11:30:00,87.94999694824219,88.4000015258789,87.80000305175781,88.3499984741211,752861
2026-08-07 11:45:00,87.94999694824219,88.05000305175781,87.80000305175781,87.9000015258789,537047
2026-08-07 12:00:00,88.0,88.05000305175781,87.8499984741211,87.94999694824219,720794
2026-08-07 12:15:00,88.19999694824219,88.3499984741211,87.94999694824219,88.05000305175781,658768
2026-08-07 12:30:00,88.30000305175781,88.3499984741211,88.1500015258789,88.25,455271
2026-08-07 12:45:00,88.30000305175781,88.3499984741211,88.19999694824219,88.30000305175781,655840
2026-08-07 13:00:00,88.5,88.5,88.25,88.30000305175781,559753
2026-08-07 13:15:00,88.5,88.6500015258789,88.4000015258789,88.44999694824219,575548
2026-08-07 13:30:00,88.4000015258789,88.55000305175781,88.3499984741211,88.5,258732
2026-08-07 13:45:00,88.5,88.55000305175781,88.3499984741211,88.3499984741211,263030
2026-08-07 14:00:00,88.5,88.75,88.44999694824219,88.5,406590
2026-08-07 14:15:00,88.4000015258789,88.55000305175781,88.3499984741211,88.5,129979
2026-08-07 14:30:00,88.5999984741211,88.6500015258789,88.30000305175781,88.4000015258789,449907
2026-08-07 14:45:00,88.75,88.75,88.5999984741211,88.5999984741211,289943
2026-08-07 15:00:00,88.6500015258789,88.80000305175781,88.44999694824219,88.75,531125
2026-08-07 15:15:00,88.6500015258789,88.75,88.55000305175781,88.5999984741211,371569
2026-08-07 15:30:00,88.9000015258789,88.9000015258789,88.44999694824219,88.6500015258789,1028652
2026-08-07 15:45:00,88.55000305175781,88.94999694824219,88.55000305175781,88.9000015258789,536496
2026-08-07 16:00:00,88.3499984741211,88.5999984741211,88.25,88.5999984741211,936554
2026-08-07 16:15:00,88.25,88.4000015258789,88.1500015258789,88.3499984741211,235942
2026-08-07 16:30:00,88.25,88.30000305175781,87.9000015258789,88.19999694824219,773945
2026-08-07 16:45:00,88.0999984741211,88.30000305175781,88.0,88.30000305175781,445879
2026-08-07 17:00:00,87.69999694824219,88.1500015258789,87.55000305175781,88.0999984741211,1534326
2026-08-07 17:15:00,88.0999984741211,88.1500015258789,87.5999984741211,87.6500015258789,467165
2026-08-07 17:30:00,88.05000305175781,88.19999694824219,87.94999694824219,88.0999984741211,835219
2026-08-07 17:45:00,88.05000305175781,88.0999984741211,87.9000015258789,88.05000305175781,1100942
2026-08-10 09:45:00,88.30000305175781,88.30000305175781,88.30000305175781,88.30000305175781,0
2026-08-10 10:00:00,88.4000015258789,88.6500015258789,88.0999984741211,88.30000305175781,1493661
2026-08-10 10:15:00,88.5,88.6500015258789,88.0,88.4000015258789,1075171
2026-08-10 10:30:00,88.05000305175781,88.55000305175781,88.05000305175781,88.44999694824219,514885
2026-08-10 10:45:00,88.19999694824219,88.3499984741211,88.0,88.05000305175781,520219
2026-08-10 11:00:00,88.44999694824219,88.5,88.0,88.19999694824219,874089
2026-08-10 11:15:00,88.69999694824219,88.69999694824219,88.4000015258789,88.5,953215
2026-08-10 11:30:00,89.1500015258789,89.19999694824219,88.5999984741211,88.69999694824219,2121406
2026-08-10 11:45:00,89.05000305175781,89.19999694824219,88.8499984741211,89.0999984741211,813032
2026-08-10 12:00:00,89.0999984741211,89.19999694824219,89.0,89.0,307836
2026-08-10 12:15:00,89.4000015258789,89.5999984741211,89.0999984741211,89.0999984741211,1210197
2026-08-10 12:30:00,89.30000305175781,89.5,89.30000305175781,89.44999694824219,302975
2026-08-10 12:45:00,89.25,89.4000015258789,89.25,89.30000305175781,207148
2026-08-10 13:00:00,89.3499984741211,89.44999694824219,89.25,89.25,322047
2026-08-10 13:15:00,89.3499984741211,89.44999694824219,89.30000305175781,89.4000015258789,264000
2026-08-10 13:30:00,89.30000305175781,89.4000015258789,89.25,89.3499984741211,127763
2026-08-10 13:45:00,89.0999984741211,89.3499984741211,89.0999984741211,89.25,408380
2026-08-10 14:00:00,89.5,89.55000305175781,89.05000305175781,89.0999984741211,550738
2026-08-10 14:15:00,89.30000305175781,89.5,89.30000305175781,89.5,145317
2026-08-10 14:30:00,89.19999694824219,89.3499984741211,89.0999984741211,89.30000305175781,341955
2026-08-10 14:45:00,89.1500015258789,89.25,89.05000305175781,89.19999694824219,216954
2026-08-10 15:00:00,88.9000015258789,89.25,88.9000015258789,89.19999694824219,732371
2026-08-10 15:15:00,89.19999694824219,89.25,88.80000305175781,88.94999694824219,732191
2026-08-10 15:30:00,89.3499984741211,89.44999694824219,89.19999694824219,89.25,419389
2026-08-10 15:45:00,89.30000305175781,89.55000305175781,89.1500015258789,89.4000015258789,843570
2026-08-10 16:00:00,89.55000305175781,89.55000305175781,89.25,89.30000305175781,702311
2026-08-10 16:15:00,89.55000305175781,89.6500015258789,89.4000015258789,89.55000305175781,773791
2026-08-10 16:30:00,89.25,89.55000305175781,89.1500015258789,89.55000305175781,598714
2026-08-10 16:45:00,88.80000305175781,89.25,88.69999694824219,89.19999694824219,1273218
2026-08-10 17:00:00,89.05000305175781,89.0999984741211,88.80000305175781,88.8499984741211,899602
2026-08-10 17:15:00,89.1500015258789,89.19999694824219,88.9000015258789,89.0,573821
2026-08-10 17:30:00,88.75,89.1500015258789,88.5999984741211,89.0999984741211,1122454
2026-08-10 17:45:00,88.6500015258789,88.8499984741211,88.55000305175781,88.75,1211911
2026-08-11 09:45:00,88.19999694824219,88.19999694824219,88.19999694824219,88.19999694824219,0
2026-08-11 10:00:00,87.75,88.30000305175781,87.55000305175781,88.19999694824219,2366085
2026-08-11 10:15:00,86.55000305175781,87.75,86.30000305175781,87.75,3359125
2026-08-11 10:30:00,86.80000305175781,87.0,86.44999694824219,86.5999984741211,908798
2026-08-11 10:45:00,86.55000305175781,86.8499984741211,86.44999694824219,86.80000305175781,635570
2026-08-11 11:00:00,86.1500015258789,86.6500015258789,86.05000305175781,86.5,1280402
2026-08-11 11:15:00,86.3499984741211,86.44999694824219,86.0999984741211,86.0999984741211,608598
2026-08-11 11:30:00,86.5,86.55000305175781,86.1500015258789,86.30000305175781,457792
2026-08-11 11:45:00,86.69999694824219,86.8499984741211,86.44999694824219,86.5,955483
2026-08-11 12:00:00,86.4000015258789,86.75,86.30000305175781,86.69999694824219,493296
2026-08-11 12:15:00,86.30000305175781,86.5,86.19999694824219,86.4000015258789,323100
2026-08-11 12:30:00,86.44999694824219,86.55000305175781,86.19999694824219,86.25,309005
2026-08-11 12:45:00,86.3499984741211,86.55000305175781,86.30000305175781,86.5,266985
2026-08-11 13:00:00,86.5,86.5,86.1500015258789,86.3499984741211,487028
2026-08-11 13:15:00,86.9000015258789,87.0,86.44999694824219,86.44999694824219,1122327
2026-08-11 13:30:00,86.80000305175781,86.94999694824219,86.75,86.9000015258789,339312
2026-08-11 13:45:00,86.8499984741211,87.05000305175781,86.75,86.75,598263
2026-08-11 14:00:00,87.44999694824219,87.5,86.8499984741211,86.8499984741211,1802018
2026-08-11 14:15:00,87.1500015258789,87.55000305175781,86.94999694824219,87.44999694824219,1042296
2026-08-11 14:30:00,87.4000015258789,87.5,87.0999984741211,87.1500015258789,759285
2026-08-11 14:45:00,87.0999984741211,87.44999694824219,86.94999694824219,87.4000015258789,810834
2026-08-11 15:00:00,87.3499984741211,87.44999694824219,87.05000305175781,87.0999984741211,550293
2026-08-11 15:15:00,87.5,87.5,87.25,87.3499984741211,327878
2026-08-11 15:30:00,87.5999984741211,87.5999984741211,87.3499984741211,87.5,267663
2026-08-11 15:45:00,87.9000015258789,88.0,87.55000305175781,87.5999984741211,1431466
2026-08-11 16:00:00,88.05000305175781,88.3499984741211,87.9000015258789,87.9000015258789,1499409
2026-08-11 16:15:00,88.6500015258789,88.69999694824219,88.0,88.05000305175781,1523481
2026-08-11 16:30:00,88.3499984741211,88.69999694824219,88.25,88.5999984741211,1425702
2026-08-11 16:45:00,88.0999984741211,88.4000015258789,88.05000305175781,88.3499984741211,773918
2026-08-11 17:00:00,87.9000015258789,88.25,87.8499984741211,88.0999984741211,675389
2026-08-11 17:15:00,87.8499984741211,88.0,87.69999694824219,87.9000015258789,431951
2026-08-11 17:30:00,87.6500015258789,87.8499984741211,87.5999984741211,87.80000305175781,779822
2026-08-11 17:45:00,87.75,87.8499984741211,87.5999984741211,87.5999984741211,759288
2026-08-12 09:45:00,87.44999694824219,87.44999694824219,87.44999694824219,87.44999694824219,0
2026-08-12 10:00:00,87.75,88.0,87.3499984741211,87.44999694824219,2183627
2026-08-12 10:15:00,87.69999694824219,88.1500015258789,87.5999984741211,87.80000305175781,1288690
2026-08-12 10:30:00,87.8499984741211,87.9000015258789,87.55000305175781,87.6500015258789,1435610
2026-08-12 10:45:00,87.75,87.9000015258789,87.4000015258789,87.9000015258789,967693
2026-08-12 11:00:00,87.8499984741211,88.05000305175781,87.3499984741211,87.75,1152674
2026-08-12 11:15:00,88.0,88.05000305175781,87.6500015258789,87.8499984741211,501909
2026-08-12 11:30:00,88.0,88.05000305175781,87.80000305175781,87.94999694824219,532808
2026-08-12 11:45:00,88.4000015258789,88.5,87.9000015258789,88.0,1331775
2026-08-12 12:00:00,88.25,88.5999984741211,88.19999694824219,88.4000015258789,1617734
2026-08-12 12:15:00,88.4000015258789,88.6500015258789,88.05000305175781,88.25,1230809
2026-08-12 12:30:00,88.5,88.69999694824219,88.3499984741211,88.4000015258789,540873
2026-08-12 12:45:00,88.30000305175781,88.55000305175781,88.25,88.55000305175781,371686
2026-08-12 13:00:00,88.69999694824219,88.80000305175781,88.30000305175781,88.3499984741211,884810
2026-08-12 13:15:00,88.94999694824219,89.0,88.5999984741211,88.6500015258789,806409
2026-08-12 13:30:00,88.75,88.94999694824219,88.75,88.9000015258789,220891
2026-08-12 13:45:00,88.1500015258789,88.8499984741211,88.0,88.75,1669903
2026-08-12 14:00:00,88.0,88.1500015258789,87.80000305175781,88.0999984741211,1015372
2026-08-12 14:15:00,87.4000015258789,88.0,87.1500015258789,87.94999694824219,2050120
2026-08-12 14:30:00,86.94999694824219,87.44999694824219,86.9000015258789,87.4000015258789,2125151
2026-08-12 14:45:00,87.5999984741211,87.6500015258789,86.94999694824219,86.94999694824219,2929131
2026-08-12 15:00:00,88.69999694824219,88.9000015258789,87.5,87.5999984741211,3517212
2026-08-12 15:15:00,88.44999694824219,89.05000305175781,88.3499984741211,88.69999694824219,3269408
2026-08-12 15:30:00,88.44999694824219,88.75,88.1500015258789,88.5,3469456
2026-08-12 15:45:00,88.4000015258789,88.5,88.19999694824219,88.44999694824219,1869368
2026-08-12 16:00:00,88.6500015258789,88.8499984741211,88.3499984741211,88.4000015258789,2027546
2026-08-12 16:15:00,88.44999694824219,88.8499984741211,88.4000015258789,88.5999984741211,1131865
2026-08-12 16:30:00,88.55000305175781,88.75,88.44999694824219,88.5,1472152
2026-08-12 16:45:00,88.5,88.5999984741211,88.4000015258789,88.55000305175781,638941
2026-08-12 17:00:00,88.3499984741211,88.8499984741211,88.19999694824219,88.44999694824219,3107814
2026-08-12 17:15:00,88.19999694824219,88.4000015258789,88.1500015258789,88.30000305175781,1741493
2026-08-12 17:30:00,88.44999694824219,88.5999984741211,88.19999694824219,88.19999694824219,1682839
2026-08-12 17:45:00,88.4000015258789,88.5999984741211,88.25,88.44999694824219,2376693
2026-08-13 09:45:00,90.5999984741211,90.5999984741211,90.5999984741211,90.5999984741211,0
2026-08-13 10:00:00,91.44999694824219,91.69999694824219,90.44999694824219,90.5999984741211,12905785
2026-08-13 10:15:00,91.4000015258789,91.69999694824219,91.0999984741211,91.44999694824219,3368917
2026-08-13 10:30:00,91.0999984741211,91.55000305175781,90.8499984741211,91.4000015258789,2684287
2026-08-13 10:45:00,90.30000305175781,91.30000305175781,90.25,91.0999984741211,3571264
2026-08-13 11:00:00,90.6500015258789,91.05000305175781,90.05000305175781,90.30000305175781,3571526
2026-08-13 11:15:00,90.75,90.80000305175781,90.55000305175781,90.6500015258789,1424167
2026-08-13 11:30:00,90.6500015258789,91.0,90.55000305175781,90.69999694824219,808769
2026-08-13 11:45:00,90.6500015258789,90.69999694824219,90.55000305175781,90.6500015258789,360621
2026-08-13 12:00:00,90.4000015258789,90.5999984741211,90.3499984741211,90.5999984741211,571388
2026-08-13 12:15:00,90.6500015258789,90.8499984741211,90.3499984741211,90.4000015258789,860231
2026-08-13 12:30:00,90.5,90.80000305175781,90.44999694824219,90.69999694824219,480945
2026-08-13 12:45:00,90.19999694824219,90.55000305175781,90.19999694824219,90.55000305175781,708165
2026-08-13 13:00:00,90.0,90.25,89.8499984741211,90.19999694824219,1300286
2026-08-13 13:15:00,90.0,90.0999984741211,89.8499984741211,90.0,765850
2026-08-13 13:30:00,89.8499984741211,90.05000305175781,89.80000305175781,90.0,1050361
2026-08-13 13:45:00,89.4000015258789,89.8499984741211,89.3499984741211,89.80000305175781,1136757
2026-08-13 14:00:00,89.69999694824219,89.75,89.3499984741211,89.4000015258789,843535
2026-08-13 14:15:00,89.44999694824219,89.9000015258789,89.44999694824219,89.69999694824219,717404
2026-08-13 14:30:00,89.44999694824219,89.6500015258789,89.25,89.5,1672850
2026-08-13 14:45:00,89.25,89.5,89.1500015258789,89.5,1090448
2026-08-13 15:00:00,89.25,89.44999694824219,89.19999694824219,89.25,1035100
2026-08-13 15:15:00,89.0,89.4000015258789,88.80000305175781,89.25,2191012
2026-08-13 15:30:00,89.1500015258789,89.25,88.9000015258789,89.0,1127107
2026-08-13 15:45:00,89.44999694824219,89.5,89.05000305175781,89.1500015258789,1313171
2026-08-13 16:00:00,89.3499984741211,89.69999694824219,89.25,89.44999694824219,2699795
2026-08-13 16:15:00,89.25,89.44999694824219,89.0999984741211,89.3499984741211,1432943
2026-08-13 16:30:00,89.19999694824219,89.4000015258789,89.05000305175781,89.25,834851
2026-08-13 16:45:00,89.0,89.25,88.94999694824219,89.19999694824219,695303
2026-08-13 17:00:00,89.05000305175781,89.25,89.0,89.0,772186
2026-08-13 17:15:00,89.1500015258789,89.19999694824219,88.8499984741211,89.05000305175781,1134089
2026-08-13 17:30:00,89.0,89.19999694824219,88.9000015258789,89.1500015258789,1465458
2026-08-13 17:45:00,88.8499984741211,89.05000305175781,88.75,89.0,1584662
2026-08-14 09:45:00,88.8499984741211,88.8499984741211,88.8499984741211,88.8499984741211,0
2026-08-14 10:00:00,89.25,89.44999694824219,88.5999984741211,88.8499984741211,3619858
2026-08-14 10:15:00,88.80000305175781,89.3499984741211,88.75,89.19999694824219,2293390
2026-08-14 10:30:00,89.0999984741211,89.1500015258789,88.5999984741211,88.80000305175781,2011749
2026-08-14 10:45:00,89.1500015258789,89.25,88.9000015258789,89.0999984741211,1205812
2026-08-14 11:00:00,89.55000305175781,89.6500015258789,89.05000305175781,89.1500015258789,2803459
2026-08-14 11:15:00,89.5999984741211,89.69999694824219,89.4000015258789,89.5999984741211,1701698
2026-08-14 11:30:00,90.25,90.5,89.5999984741211,89.5999984741211,3717380
2026-08-14 11:45:00,90.0999984741211,90.44999694824219,90.05000305175781,90.25,1678778
2026-08-14 12:00:00,89.94999694824219,90.3499984741211,89.94999694824219,90.0999984741211,1536042
2026-08-14 12:15:00,89.44999694824219,90.0,89.3499984741211,89.94999694824219,1694239
2026-08-14 12:30:00,89.55000305175781,89.69999694824219,89.25,89.4000015258789,1027083
2026-08-14 12:45:00,89.6500015258789,89.80000305175781,89.55000305175781,89.5999984741211,697754
2026-08-14 13:00:00,89.8499984741211,89.94999694824219,89.55000305175781,89.6500015258789,1137466
2026-08-14 13:15:00,90.1500015258789,90.19999694824219,89.80000305175781,89.9000015258789,1641092
2026-08-14 13:30:00,90.05000305175781,90.19999694824219,89.8499984741211,90.19999694824219,988590
2026-08-14 13:45:00,89.80000305175781,90.05000305175781,89.75,90.0,855854
2026-08-14 14:00:00,89.80000305175781,89.9000015258789,89.6500015258789,89.80000305175781,906676
2026-08-14 14:15:00,89.5,89.9000015258789,89.4000015258789,89.75,925463
2026-08-14 14:30:00,89.44999694824219,89.5999984741211,89.4000015258789,89.55000305175781,1071226
2026-08-14 14:45:00,89.3499984741211,89.55000305175781,89.0999984741211,89.5,1544514
2026-08-14 15:00:00,89.25,89.3499984741211,89.0999984741211,89.30000305175781,826692
2026-08-14 15:15:00,88.9000015258789,89.30000305175781,88.9000015258789,89.25,1443837
2026-08-14 15:30:00,89.0999984741211,89.30000305175781,88.9000015258789,88.9000015258789,1152815
2026-08-14 15:45:00,89.05000305175781,89.0999984741211,88.94999694824219,89.05000305175781,724490
2026-08-14 16:00:00,89.05000305175781,89.0999984741211,88.80000305175781,89.05000305175781,817414
2026-08-14 16:15:00,89.3499984741211,89.3499984741211,88.9000015258789,89.05000305175781,834612
2026-08-14 16:30:00,89.19999694824219,89.30000305175781,89.1500015258789,89.30000305175781,739052
2026-08-14 16:45:00,89.25,89.30000305175781,88.94999694824219,89.19999694824219,1184440
2026-08-14 17:00:00,89.55000305175781,89.6500015258789,89.19999694824219,89.19999694824219,3257726
2026-08-14 17:15:00,89.44999694824219,89.80000305175781,89.3499984741211,89.55000305175781,2888758
2026-08-14 17:30:00,89.3499984741211,89.5999984741211,89.25,89.44999694824219,1194118
2026-08-14 17:45:00,89.3499984741211,89.5,89.19999694824219,89.4000015258789,1834189
2026-08-17 09:45:00,89.5999984741211,89.5999984741211,89.5999984741211,89.5999984741211,0
2026-08-17 10:00:00,89.44999694824219,89.94999694824219,89.4000015258789,89.6500015258789,2441745
2026-08-17 10:15:00,89.6500015258789,89.80000305175781,89.3499984741211,89.4000015258789,1476001
2026-08-17 10:30:00,89.6500015258789,89.69999694824219,89.19999694824219,89.6500015258789,1266024
2026-08-17 10:45:00,89.3499984741211,89.69999694824219,89.19999694824219,89.69999694824219,1133085
2026-08-17 11:00:00,89.30000305175781,89.3499984741211,88.94999694824219,89.30000305175781,971348
2026-08-17 11:15:00,89.25,89.3499984741211,89.0,89.30000305175781,448850
2026-08-17 11:30:00,89.05000305175781,89.3499984741211,89.05000305175781,89.25,686184
2026-08-17 11:45:00,89.0999984741211,89.25,89.0,89.05000305175781,382745
2026-08-17 12:00:00,89.1500015258789,89.30000305175781,89.0,89.0999984741211,439740
2026-08-17 12:15:00,89.05000305175781,89.1500015258789,89.0,89.1500015258789,385389
2026-08-17 12:30:00,89.05000305175781,89.0999984741211,88.94999694824219,89.0999984741211,609203
2026-08-17 12:45:00,89.0999984741211,89.25,88.94999694824219,89.0,651026
2026-08-17 13:00:00,89.0999984741211,89.25,89.0,89.1500015258789,469686
2026-08-17 13:15:00,89.3499984741211,89.3499984741211,89.05000305175781,89.1500015258789,672115
2026-08-17 13:30:00,88.94999694824219,89.5,88.8499984741211,89.3499984741211,1021042
2026-08-17 13:45:00,89.1500015258789,89.30000305175781,88.8499984741211,88.9000015258789,719402
2026-08-17 14:00:00,88.94999694824219,89.25,88.9000015258789,89.1500015258789,351876
2026-08-17 14:15:00,88.6500015258789,89.0,88.5999984741211,88.94999694824219,791173
2026-08-17 14:30:00,88.6500015258789,88.80000305175781,88.55000305175781,88.6500015258789,955973
2026-08-17 14:45:00,88.6500015258789,88.80000305175781,88.55000305175781,88.6500015258789,787432
2026-08-17 15:00:00,88.5999984741211,88.80000305175781,88.5,88.69999694824219,534264
2026-08-17 15:15:00,88.44999694824219,88.6500015258789,88.44999694824219,88.55000305175781,685963
2026-08-17 15:30:00,88.55000305175781,88.5999984741211,88.3499984741211,88.5,470113
2026-08-17 15:45:00,88.4000015258789,88.55000305175781,88.3499984741211,88.55000305175781,438771
2026-08-17 16:00:00,88.8499984741211,88.8499984741211,88.3499984741211,88.4000015258789,837436
2026-08-17 16:15:00,88.6500015258789,88.94999694824219,88.6500015258789,88.80000305175781,999819
2026-08-17 16:30:00,88.80000305175781,88.9000015258789,88.6500015258789,88.6500015258789,777760
2026-08-17 16:45:00,89.05000305175781,89.0999984741211,88.75,88.8499984741211,853898
2026-08-17 17:00:00,89.0999984741211,89.1500015258789,88.94999694824219,89.05000305175781,707830
2026-08-17 17:15:00,89.19999694824219,89.30000305175781,88.94999694824219,89.0999984741211,939338
2026-08-17 17:30:00,88.9000015258789,89.4000015258789,88.75,89.25,1525188
2026-08-17 17:45:00,88.75,89.19999694824219,88.69999694824219,88.9000015258789,1546782
2026-08-18 09:45:00,88.3499984741211,88.3499984741211,88.3499984741211,88.3499984741211,0
2026-08-18 10:00:00,88.80000305175781,89.0,87.6500015258789,88.30000305175781,3934132
2026-08-18 10:15:00,89.0999984741211,89.19999694824219,88.8499984741211,88.8499984741211,1980801
2026-08-18 10:30:00,89.1500015258789,89.25,89.0,89.0999984741211,1268641
2026-08-18 10:45:00,89.25,89.3499984741211,89.05000305175781,89.0999984741211,1037844
2026-08-18 11:00:00,89.3499984741211,89.5,89.1500015258789,89.30000305175781,1266611
2026-08-18 11:15:00,89.19999694824219,89.4000015258789,89.0999984741211,89.3499984741211,854335
2026-08-18 11:30:00,89.4000015258789,89.55000305175781,89.1500015258789,89.1500015258789,1465761
2026-08-18 11:45:00,88.9000015258789,89.4000015258789,88.80000305175781,89.4000015258789,1278419
2026-08-18 12:00:00,88.69999694824219,88.9000015258789,88.44999694824219,88.9000015258789,871052
2026-08-18 12:15:00,88.8499984741211,88.8499984741211,88.5999984741211,88.6500015258789,282914
2026-08-18 12:30:00,88.9000015258789,89.0,88.75,88.8499984741211,508136
2026-08-18 12:45:00,88.9000015258789,88.94999694824219,88.80000305175781,88.9000015258789,139561
2026-08-18 13:00:00,88.75,89.0,88.69999694824219,88.94999694824219,404822
2026-08-18 13:15:00,88.8499984741211,88.9000015258789,88.6500015258789,88.75,313211
2026-08-18 13:30:00,88.75,88.9000015258789,88.5999984741211,88.8499984741211,452919
2026-08-18 13:45:00,88.9000015258789,89.0999984741211,88.69999694824219,88.69999694824219,2354477
2026-08-18 14:00:00,89.0,89.05000305175781,88.8499984741211,88.8499984741211,364548
2026-08-18 14:15:00,88.9000015258789,89.0,88.80000305175781,89.0,338995
2026-08-18 14:30:00,88.8499984741211,88.94999694824219,88.75,88.9000015258789,255269
2026-08-18 14:45:00,89.0,89.0999984741211,88.75,88.8499984741211,767579
2026-08-18 15:00:00,88.8499984741211,89.05000305175781,88.75,89.05000305175781,390855
2026-08-18 15:15:00,89.05000305175781,89.0999984741211,88.8499984741211,88.8499984741211,486766
2026-08-18 15:30:00,89.30000305175781,89.3499984741211,89.0,89.05000305175781,871665
2026-08-18 15:45:00,89.0,89.3499984741211,88.94999694824219,89.3499984741211,934532
2026-08-18 16:00:00,88.9000015258789,89.0999984741211,88.80000305175781,89.05000305175781,506059
2026-08-18 16:15:00,88.94999694824219,89.05000305175781,88.69999694824219,88.9000015258789,964605
2026-08-18 16:30:00,89.0,89.0999984741211,88.80000305175781,88.9000015258789,436825
2026-08-18 16:45:00,89.0999984741211,89.0999984741211,88.80000305175781,89.0,529084
2026-08-18 17:00:00,89.05000305175781,89.30000305175781,89.0,89.0999984741211,991578
2026-08-18 17:15:00,89.25,89.30000305175781,89.0,89.05000305175781,1060923
2026-08-18 17:30:00,89.0,89.4000015258789,88.94999694824219,89.25,1618108
2026-08-18 17:45:00,88.94999694824219,89.1500015258789,88.8499984741211,89.0,1751949
2026-08-19 09:45:00,88.8499984741211,88.8499984741211,88.8499984741211,88.8499984741211,0
2026-08-19 10:00:00,89.6500015258789,89.69999694824219,88.6500015258789,88.80000305175781,2886216
2026-08-19 10:15:00,89.19999694824219,89.75,89.19999694824219,89.6500015258789,2293143
2026-08-19 10:30:00,88.94999694824219,89.30000305175781,88.9000015258789,89.19999694824219,1832760
2026-08-19 10:45:00,89.1500015258789,89.19999694824219,88.94999694824219,88.94999694824219,774403
