Datetime,Close,High,Low,Open,Volume
2026-06-01 09:45:00,11.869999885559082,11.869999885559082,11.869999885559082,11.869999885559082,0
2026-06-01 10:00:00,12.050000190734863,12.100000381469727,11.850000381469727,11.869999885559082,7373725
2026-06-01 10:15:00,12.149999618530273,12.289999961853027,11.979999542236328,12.050000190734863,6583793
2026-06-01 10:30:00,12.15999984741211,12.239999771118164,12.09000015258789,12.149999618530273,2900042
2026-06-01 10:45:00,12.180000305175781,12.289999961853027,12.149999618530273,12.149999618530273,2032508
2026-06-01 11:00:00,12.220000267028809,12.3100004196167,12.149999618530273,12.180000305175781,3074010
2026-06-01 11:15:00,12.25,12.369999885559082,12.1899995803833,12.220000267028809,3924014
2026-06-01 11:30:00,12.300000190734863,12.390000343322754,12.229999542236328,12.239999771118164,2857320
2026-06-01 11:45:00,12.300000190734863,12.380000114440918,12.25,12.300000190734863,1789236
2026-06-01 12:00:00,12.279999732971191,12.34000015258789,12.220000267028809,12.300000190734863,1583379
2026-06-01 12:15:00,12.25,12.300000190734863,12.229999542236328,12.279999732971191,970564
2026-06-01 12:30:00,12.210000038146973,12.270000457763672,12.149999618530273,12.239999771118164,3212529
2026-06-01 12:45:00,12.0600004196167,12.210000038146973,12.0600004196167,12.210000038146973,2876299
2026-06-01 13:00:00,12.050000190734863,12.119999885559082,12.029999732971191,12.0600004196167,2739399
2026-06-01 13:15:00,12.09000015258789,12.119999885559082,12.039999961853027,12.050000190734863,2452964
2026-06-01 13:30:00,12.069999694824219,12.09000015258789,12.029999732971191,12.09000015258789,1523143
2026-06-01 13:45:00,12.020000457763672,12.100000381469727,12.020000457763672,12.069999694824219,1445468
2026-06-01 14:00:00,12.0,12.029999732971191,11.960000038146973,12.020000457763672,1702743
2026-06-01 14:15:00,11.989999771118164,12.010000228881836,11.979999542236328,12.010000228881836,476558
2026-06-01 14:30:00,12.029999732971191,12.079999923706055,12.0,12.0,1093248
2026-06-01 14:45:00,12.0600004196167,12.069999694824219,12.029999732971191,12.029999732971191,633909
2026-06-01 15:00:00,12.069999694824219,12.09000015258789,12.050000190734863,12.0600004196167,1462671
2026-06-01 15:15:00,12.069999694824219,12.09000015258789,12.039999961853027,12.069999694824219,987945
2026-06-01 15:30:00,12.109999656677246,12.130000114440918,12.069999694824219,12.069999694824219,933173
2026-06-01 15:45:00,12.100000381469727,12.130000114440918,12.069999694824219,12.119999885559082,975795
2026-06-01 16:00:00,12.069999694824219,12.119999885559082,12.050000190734863,12.100000381469727,1072609
2026-06-01 16:15:00,11.960000038146973,12.079999923706055,11.949999809265137,12.0600004196167,1614489
2026-06-01 16:30:00,12.039999961853027,12.079999923706055,11.920000076293945,11.9399995803833,3420521
2026-06-01 16:45:00,12.029999732971191,12.109999656677246,12.029999732971191,12.039999961853027,2285996
2026-06-01 17:00:00,12.0600004196167,12.109999656677246,12.029999732971191,12.029999732971191,1530178
2026-06-01 17:15:00,12.0600004196167,12.109999656677246,12.050000190734863,12.069999694824219,779086
2026-06-01 17:30:00,12.09000015258789,12.149999618530273,12.029999732971191,12.0600004196167,2651584
2026-06-01 17:45:00,12.050000190734863,12.130000114440918,12.039999961853027,12.09000015258789,2734029
2026-06-02 09:45:00,12.100000381469727,12.100000381469727,12.100000381469727,12.100000381469727,0
2026-06-02 10:00:00,12.329999923706055,12.380000114440918,12.039999961853027,12.100000381469727,7827696
2026-06-02 10:15:00,12.300000190734863,12.479999542236328,12.229999542236328,12.329999923706055,7946954
2026-06-02 10:30:00,12.399999618530273,12.470000267028809,12.279999732971191,12.300000190734863,4494641
2026-06-02 10:45:00,12.520000457763672,12.619999885559082,12.359999656677246,12.399999618530273,6348091
2026-06-02 11:00:00,12.5600004196167,12.579999923706055,12.489999771118164,12.529999732971191,2583243
2026-06-02 11:15:00,12.760000228881836,12.819999694824219,12.539999961853027,12.550000190734863,7682934
2026-06-02 11:30:00,12.729999542236328,12.84000015258789,12.680000305175781,12.770000457763672,4854372
2026-06-02 11:45:00,12.75,12.829999923706055,12.649999618530273,12.710000038146973,4241665
2026-06-02 12:00:00,12.75,12.800000190734863,12.739999771118164,12.760000228881836,1288602
2026-06-02 12:15:00,12.640000343322754,12.760000228881836,12.609999656677246,12.75,2138442
2026-06-02 12:30:00,12.869999885559082,12.880000114440918,12.640000343322754,12.640000343322754,3354614
2026-06-02 12:45:00,12.770000457763672,12.890000343322754,12.739999771118164,12.859999656677246,1877500
2026-06-02 13:00:00,12.869999885559082,12.90999984741211,12.770000457763672,12.770000457763672,2165938
2026-06-02 13:15:00,12.829999923706055,12.899999618530273,12.800000190734863,12.869999885559082,1462624
2026-06-02 13:30:00,12.8100004196167,12.850000381469727,12.8100004196167,12.829999923706055,982992
2026-06-02 13:45:00,12.829999923706055,12.90999984741211,12.789999961853027,12.8100004196167,1516363
2026-06-02 14:00:00,12.800000190734863,12.890000343322754,12.800000190734863,12.84000015258789,1616457
2026-06-02 14:15:00,12.789999961853027,12.8100004196167,12.779999732971191,12.8100004196167,857829
2026-06-02 14:30:00,12.850000381469727,12.850000381469727,12.770000457763672,12.789999961853027,1685928
2026-06-02 14:45:00,12.850000381469727,12.9399995803833,12.819999694824219,12.84000015258789,5185826
2026-06-02 15:00:00,12.90999984741211,12.9399995803833,12.829999923706055,12.859999656677246,3726994
2026-06-02 15:15:00,12.949999809265137,12.970000267028809,12.869999885559082,12.90999984741211,3554616
2026-06-02 15:30:00,12.9399995803833,13.010000228881836,12.920000076293945,12.949999809265137,3962847
2026-06-02 15:45:00,12.989999771118164,13.020000457763672,12.890000343322754,12.9399995803833,3271141
2026-06-02 16:00:00,12.9399995803833,13.039999961853027,12.920000076293945,12.989999771118164,2382769
2026-06-02 16:15:00,12.930000305175781,12.960000038146973,12.899999618530273,12.949999809265137,1596035
2026-06-02 16:30:00,12.930000305175781,12.960000038146973,12.899999618530273,12.930000305175781,981895
2026-06-02 16:45:00,12.960000038146973,13.0,12.930000305175781,12.949999809265137,1210020
2026-06-02 17:00:00,12.979999542236328,13.050000190734863,12.949999809265137,12.970000267028809,2834736
2026-06-02 17:15:00,12.930000305175781,13.039999961853027,12.90999984741211,12.979999542236328,2058833
2026-06-02 17:30:00,12.90999984741211,12.979999542236328,12.90999984741211,12.9399995803833,1762257
2026-06-02 17:45:00,12.930000305175781,13.020000457763672,12.890000343322754,12.920000076293945,4940036
2026-06-03 09:45:00,12.979999542236328,12.979999542236328,12.979999542236328,12.979999542236328,0
2026-06-03 10:00:00,13.039999961853027,13.100000381469727,12.800000190734863,12.989999771118164,11448317
2026-06-03 10:15:00,13.029999732971191,13.079999923706055,12.880000114440918,13.029999732971191,4673633
2026-06-03 10:30:00,13.0600004196167,13.100000381469727,12.970000267028809,13.029999732971191,4096469
2026-06-03 10:45:00,12.970000267028809,13.079999923706055,12.930000305175781,13.050000190734863,2404241
2026-06-03 11:00:00,12.899999618530273,12.979999542236328,12.819999694824219,12.970000267028809,2786281
2026-06-03 11:15:00,13.010000228881836,13.050000190734863,12.880000114440918,12.890000343322754,2621073
2026-06-03 11:30:00,12.970000267028809,13.079999923706055,12.920000076293945,13.020000457763672,2158739
2026-06-03 11:45:00,12.800000190734863,12.960000038146973,12.779999732971191,12.960000038146973,2501721
2026-06-03 12:00:00,12.720000267028809,12.829999923706055,12.710000038146973,12.789999961853027,1773444
2026-06-03 12:15:00,12.75,12.779999732971191,12.699999809265137,12.720000267028809,1284208
2026-06-03 12:30:00,12.760000228881836,12.770000457763672,12.710000038146973,12.75,990036
2026-06-03 12:45:00,12.760000228881836,12.890000343322754,12.6899995803833,12.760000228881836,1786122
2026-06-03 13:00:00,12.850000381469727,12.869999885559082,12.75,12.760000228881836,912623
2026-06-03 13:15:00,12.829999923706055,12.859999656677246,12.800000190734863,12.859999656677246,500265
2026-06-03 13:30:00,12.8100004196167,12.869999885559082,12.800000190734863,12.84000015258789,519574
2026-06-03 13:45:00,12.789999961853027,12.829999923706055,12.789999961853027,12.8100004196167,429375
2026-06-03 14:00:00,12.710000038146973,12.819999694824219,12.680000305175781,12.779999732971191,1163494
2026-06-03 14:15:00,12.65999984741211,12.729999542236328,12.640000343322754,12.720000267028809,1374016
2026-06-03 14:30:00,12.710000038146973,12.710000038146973,12.65999984741211,12.670000076293945,764283
2026-06-03 14:45:00,12.710000038146973,12.760000228881836,12.699999809265137,12.710000038146973,772132
2026-06-03 15:00:00,12.65999984741211,12.729999542236328,12.640000343322754,12.720000267028809,836452
2026-06-03 15:15:00,12.630000114440918,12.670000076293945,12.600000381469727,12.65999984741211,1206315
2026-06-03 15:30:00,12.75,12.75,12.609999656677246,12.630000114440918,979499
2026-06-03 15:45:00,12.779999732971191,12.819999694824219,12.710000038146973,12.729999542236328,1410313
2026-06-03 16:00:00,12.800000190734863,12.84000015258789,12.770000457763672,12.770000457763672,2145080
2026-06-03 16:15:00,12.890000343322754,12.970000267028809,12.75,12.800000190734863,6235527
2026-06-03 16:30:00,12.819999694824219,12.920000076293945,12.8100004196167,12.890000343322754,2322536
2026-06-03 16:45:00,12.770000457763672,12.850000381469727,12.75,12.819999694824219,1842014
2026-06-03 17:00:00,12.739999771118164,12.779999732971191,12.710000038146973,12.760000228881836,1457324
2026-06-03 17:15:00,12.619999885559082,12.739999771118164,12.600000381469727,12.739999771118164,1687777
2026-06-03 17:30:00,12.630000114440918,12.680000305175781,12.579999923706055,12.619999885559082,1060526
2026-06-03 17:45:00,12.510000228881836,12.630000114440918,12.470000267028809,12.630000114440918,5614737
2026-06-04 09:45:00,12.529999732971191,12.529999732971191,12.529999732971191,12.529999732971191,0
2026-06-04 10:00:00,12.699999809265137,12.800000190734863,12.539999961853027,12.539999961853027,7382503
2026-06-04 10:15:00,12.539999961853027,12.789999961853027,12.520000457763672,12.699999809265137,4362195
2026-06-04 10:30:00,12.40999984741211,12.65999984741211,12.399999618530273,12.550000190734863,4368634
2026-06-04 10:45:00,12.270000457763672,12.4399995803833,12.260000228881836,12.40999984741211,4473824
2026-06-04 11:00:00,12.270000457763672,12.34000015258789,12.1899995803833,12.270000457763672,2784100
2026-06-04 11:15:00,12.300000190734863,12.34000015258789,12.180000305175781,12.279999732971191,1499914
2026-06-04 11:30:00,12.34000015258789,12.420000076293945,12.260000228881836,12.300000190734863,1852269
2026-06-04 11:45:00,12.34000015258789,12.40999984741211,12.300000190734863,12.34000015258789,1213319
2026-06-04 12:00:00,12.279999732971191,12.390000343322754,12.260000228881836,12.34000015258789,1272960
2026-06-04 12:15:00,12.300000190734863,12.319999694824219,12.270000457763672,12.279999732971191,473045
2026-06-04 12:30:00,12.300000190734863,12.359999656677246,12.279999732971191,12.300000190734863,477608
2026-06-04 12:45:00,12.289999961853027,12.350000381469727,12.289999961853027,12.3100004196167,892449
2026-06-04 13:00:00,12.300000190734863,12.350000381469727,12.239999771118164,12.300000190734863,1074088
2026-06-04 13:15:00,12.329999923706055,12.329999923706055,12.279999732971191,12.300000190734863,364388
2026-06-04 13:30:00,12.300000190734863,12.34000015258789,12.289999961853027,12.319999694824219,572315
2026-06-04 13:45:00,12.289999961853027,12.319999694824219,12.289999961853027,12.3100004196167,318427
2026-06-04 14:00:00,12.300000190734863,12.319999694824219,12.260000228881836,12.300000190734863,731276
2026-06-04 14:15:00,12.279999732971191,12.300000190734863,12.260000228881836,12.300000190734863,335224
2026-06-04 14:30:00,12.229999542236328,12.300000190734863,12.210000038146973,12.279999732971191,2123964
2026-06-04 14:45:00,12.289999961853027,12.300000190734863,12.220000267028809,12.239999771118164,1172943
2026-06-04 15:00:00,12.300000190734863,12.359999656677246,12.260000228881836,12.300000190734863,3010539
2026-06-04 15:15:00,12.300000190734863,12.350000381469727,12.270000457763672,12.3100004196167,2660672
2026-06-04 15:30:00,12.319999694824219,12.350000381469727,12.289999961853027,12.300000190734863,478484
2026-06-04 15:45:00,12.34000015258789,12.350000381469727,12.300000190734863,12.3100004196167,186401
2026-06-04 16:00:00,12.319999694824219,12.34000015258789,12.300000190734863,12.34000015258789,261436
2026-06-04 16:15:00,12.369999885559082,12.390000343322754,12.3100004196167,12.319999694824219,1248231
2026-06-04 16:30:00,12.229999542236328,12.380000114440918,12.199999809265137,12.380000114440918,2299010
2026-06-04 16:45:00,12.25,12.270000457763672,12.199999809265137,12.220000267028809,901794
2026-06-04 17:00:00,12.220000267028809,12.270000457763672,12.199999809265137,12.25,1046729
2026-06-04 17:15:00,12.210000038146973,12.239999771118164,12.199999809265137,12.210000038146973,1454628
2026-06-04 17:30:00,12.270000457763672,12.279999732971191,12.199999809265137,12.210000038146973,2620972
2026-06-04 17:45:00,12.399999618530273,12.40999984741211,12.270000457763672,12.279999732971191,5666550
2026-06-05 09:45:00,12.399999618530273,12.399999618530273,12.399999618530273,12.399999618530273,0
2026-06-05 10:00:00,12.399999618530273,12.5,12.3100004196167,12.40999984741211,4081210
2026-06-05 10:15:00,12.609999656677246,12.699999809265137,12.390000343322754,12.399999618530273,4798408
2026-06-05 10:30:00,12.550000190734863,12.720000267028809,12.539999961853027,12.59000015258789,2192721
2026-06-05 10:45:00,12.65999984741211,12.779999732971191,12.510000228881836,12.539999961853027,3022394
2026-06-05 11:00:00,12.729999542236328,12.739999771118164,12.600000381469727,12.65999984741211,1047528
2026-06-05 11:15:00,12.789999961853027,12.859999656677246,12.710000038146973,12.729999542236328,3109641
2026-06-05 11:30:00,12.6899995803833,12.819999694824219,12.670000076293945,12.789999961853027,1031077
2026-06-05 11:45:00,12.75,12.789999961853027,12.65999984741211,12.6899995803833,693269
2026-06-05 12:00:00,12.720000267028809,12.789999961853027,12.710000038146973,12.760000228881836,736341
2026-06-05 12:15:00,12.569999694824219,12.710000038146973,12.5600004196167,12.710000038146973,1612401
2026-06-05 12:30:00,12.579999923706055,12.640000343322754,12.550000190734863,12.579999923706055,1324203
2026-06-05 12:45:00,12.569999694824219,12.609999656677246,12.569999694824219,12.59000015258789,346785
2026-06-05 13:00:00,12.569999694824219,12.609999656677246,12.569999694824219,12.569999694824219,755087
2026-06-05 13:15:00,12.600000381469727,12.630000114440918,12.569999694824219,12.569999694824219,227884
2026-06-05 13:30:00,12.609999656677246,12.630000114440918,12.59000015258789,12.59000015258789,460627
2026-06-05 13:45:00,12.619999885559082,12.619999885559082,12.569999694824219,12.609999656677246,491611
2026-06-05 14:00:00,12.600000381469727,12.6899995803833,12.59000015258789,12.619999885559082,1184060
2026-06-05 14:15:00,12.65999984741211,12.670000076293945,12.600000381469727,12.619999885559082,452054
2026-06-05 14:30:00,12.630000114440918,12.670000076293945,12.609999656677246,12.65999984741211,445959
2026-06-05 14:45:00,12.619999885559082,12.649999618530273,12.600000381469727,12.630000114440918,852250
2026-06-05 15:00:00,12.529999732971191,12.630000114440918,12.430000305175781,12.600000381469727,2774859
2026-06-05 15:15:00,12.569999694824219,12.609999656677246,12.510000228881836,12.529999732971191,826392
2026-06-05 15:30:00,12.529999732971191,12.569999694824219,12.5,12.5600004196167,1072249
2026-06-05 15:45:00,12.460000038146973,12.539999961853027,12.40999984741211,12.529999732971191,1222713
2026-06-05 16:00:00,12.510000228881836,12.520000457763672,12.460000038146973,12.460000038146973,793665
2026-06-05 16:15:00,12.430000305175781,12.539999961853027,12.430000305175781,12.510000228881836,858548
2026-06-05 16:30:00,12.279999732971191,12.420000076293945,12.25,12.420000076293945,2741817
2026-06-05 16:45:00,12.260000228881836,12.3100004196167,12.229999542236328,12.270000457763672,1359355
2026-06-05 17:00:00,12.300000190734863,12.34000015258789,12.229999542236328,12.25,1591866
2026-06-05 17:15:00,12.229999542236328,12.350000381469727,12.220000267028809,12.300000190734863,1732045
2026-06-05 17:30:00,12.180000305175781,12.25,12.130000114440918,12.229999542236328,2070759
2026-06-05 17:45:00,12.020000457763672,12.210000038146973,11.930000305175781,12.1899995803833,3658169
2026-06-08 09:45:00,11.880000114440918,11.880000114440918,11.880000114440918,11.880000114440918,0
2026-06-08 10:00:00,11.470000267028809,12.0,11.3100004196167,11.869999885559082,18597507
2026-06-08 10:15:00,11.170000076293945,11.470000267028809,11.029999732971191,11.449999809265137,6749237
2026-06-08 10:30:00,11.369999885559082,11.479999542236328,11.140000343322754,11.180000305175781,8297114
2026-06-08 10:45:00,11.34000015258789,11.40999984741211,11.300000190734863,11.369999885559082,3626371
2026-06-08 11:00:00,11.390000343322754,11.4399995803833,11.279999732971191,11.350000381469727,2982356
2026-06-08 11:15:00,11.359999656677246,11.399999618530273,11.329999923706055,11.380000114440918,1419380
2026-06-08 11:30:00,11.470000267028809,11.59000015258789,11.34000015258789,11.359999656677246,4902715
2026-06-08 11:45:00,11.460000038146973,11.520000457763672,11.420000076293945,11.470000267028809,2332321
2026-06-08 12:00:00,11.380000114440918,11.470000267028809,11.359999656677246,11.460000038146973,1133920
2026-06-08 12:15:00,11.4399995803833,11.489999771118164,11.329999923706055,11.369999885559082,1245497
2026-06-08 12:30:00,11.489999771118164,11.5,11.40999984741211,11.430000305175781,749794
2026-06-08 12:45:00,11.479999542236328,11.489999771118164,11.449999809265137,11.489999771118164,417171
2026-06-08 13:00:00,11.5,11.539999961853027,11.460000038146973,11.479999542236328,638379
2026-06-08 13:15:00,11.5600004196167,11.609999656677246,11.470000267028809,11.489999771118164,1306254
2026-06-08 13:30:00,11.640000343322754,11.739999771118164,11.520000457763672,11.5600004196167,2636883
2026-06-08 13:45:00,11.5600004196167,11.65999984741211,11.520000457763672,11.640000343322754,968345
2026-06-08 14:00:00,11.59000015258789,11.600000381469727,11.520000457763672,11.5600004196167,914433
2026-06-08 14:15:00,11.569999694824219,11.600000381469727,11.529999732971191,11.600000381469727,932760
2026-06-08 14:30:00,11.520000457763672,11.640000343322754,11.520000457763672,11.569999694824219,1826214
2026-06-08 14:45:00,11.5,11.539999961853027,11.489999771118164,11.529999732971191,1252273
2026-06-08 15:00:00,11.5600004196167,11.579999923706055,11.510000228881836,11.510000228881836,1016076
2026-06-08 15:15:00,11.510000228881836,11.569999694824219,11.460000038146973,11.5600004196167,1203386
2026-06-08 15:30:00,11.539999961853027,11.539999961853027,11.5,11.510000228881836,410814
2026-06-08 15:45:00,11.529999732971191,11.5600004196167,11.529999732971191,11.529999732971191,192744
2026-06-08 16:00:00,11.520000457763672,11.539999961853027,11.5,11.529999732971191,795181
2026-06-08 16:15:00,11.5,11.529999732971191,11.489999771118164,11.520000457763672,754431
2026-06-08 16:30:00,11.479999542236328,11.510000228881836,11.460000038146973,11.5,1162800
2026-06-08 16:45:00,11.449999809265137,11.489999771118164,11.430000305175781,11.479999542236328,699563
2026-06-08 17:00:00,11.5,11.520000457763672,11.4399995803833,11.449999809265137,713124
2026-06-08 17:15:00,11.479999542236328,11.5,11.449999809265137,11.5,813695
2026-06-08 17:30:00,11.5600004196167,11.65999984741211,11.470000267028809,11.479999542236328,2469492
2026-06-08 17:45:00,11.510000228881836,11.579999923706055,11.449999809265137,11.569999694824219,3224542
2026-06-09 09:45:00,11.569999694824219,11.569999694824219,11.569999694824219,11.569999694824219,0
2026-06-09 10:00:00,11.489999771118164,11.699999809265137,11.359999656677246,11.600000381469727,7168625
2026-06-09 10:15:00,11.369999885559082,11.550000190734863,11.369999885559082,11.489999771118164,2706029
2026-06-09 10:30:00,11.300000190734863,11.40999984741211,11.199999809265137,11.380000114440918,1886959
2026-06-09 10:45:00,11.279999732971191,11.350000381469727,11.279999732971191,11.300000190734863,896049
2026-06-09 11:00:00,11.229999542236328,11.289999961853027,11.220000267028809,11.279999732971191,1073206
2026-06-09 11:15:00,11.289999961853027,11.329999923706055,11.210000038146973,11.239999771118164,1132385
2026-06-09 11:30:00,11.319999694824219,11.390000343322754,11.260000228881836,11.3100004196167,1840788
2026-06-09 11:45:00,11.279999732971191,11.34000015258789,11.270000457763672,11.319999694824219,938328
2026-06-09 12:00:00,11.34000015258789,11.40999984741211,11.270000457763672,11.279999732971191,1893561
2026-06-09 12:15:00,11.359999656677246,11.359999656677246,11.319999694824219,11.34000015258789,370418
2026-06-09 12:30:00,11.279999732971191,11.359999656677246,11.270000457763672,11.359999656677246,603068
2026-06-09 12:45:00,11.270000457763672,11.3100004196167,11.260000228881836,11.279999732971191,310615
2026-06-09 13:00:00,11.220000267028809,11.279999732971191,11.220000267028809,11.270000457763672,860724
2026-06-09 13:15:00,11.239999771118164,11.25,11.199999809265137,11.229999542236328,382513
2026-06-09 13:30:00,11.220000267028809,11.25,11.210000038146973,11.229999542236328,285225
2026-06-09 13:45:00,11.25,11.289999961853027,11.210000038146973,11.220000267028809,669000
2026-06-09 14:00:00,11.260000228881836,11.279999732971191,11.239999771118164,11.260000228881836,533323
2026-06-09 14:15:00,11.229999542236328,11.289999961853027,11.229999542236328,11.25,396145
2026-06-09 14:30:00,11.319999694824219,11.399999618530273,11.220000267028809,11.229999542236328,1689001
2026-06-09 14:45:00,11.300000190734863,11.329999923706055,11.220000267028809,11.319999694824219,1466451
2026-06-09 15:00:00,11.289999961853027,11.359999656677246,11.25,11.3100004196167,2679049
2026-06-09 15:15:00,11.239999771118164,11.300000190734863,11.170000076293945,11.289999961853027,1600663
2026-06-09 15:30:00,11.1899995803833,11.239999771118164,11.15999984741211,11.239999771118164,644172
2026-06-09 15:45:00,11.1899995803833,11.220000267028809,11.140000343322754,11.1899995803833,903302
2026-06-09 16:00:00,11.270000457763672,11.279999732971191,11.149999618530273,11.170000076293945,1183534
2026-06-09 16:15:00,11.199999809265137,11.279999732971191,11.180000305175781,11.270000457763672,608026
2026-06-09 16:30:00,11.100000381469727,11.199999809265137,11.079999923706055,11.199999809265137,761807
2026-06-09 16:45:00,11.130000114440918,11.1899995803833,11.079999923706055,11.100000381469727,1013247
2026-06-09 17:00:00,11.119999885559082,11.170000076293945,11.09000015258789,11.130000114440918,982303
2026-06-09 17:15:00,11.130000114440918,11.199999809265137,11.119999885559082,11.130000114440918,1260363
2026-06-09 17:30:00,11.130000114440918,11.149999618530273,11.09000015258789,11.130000114440918,1318851
2026-06-09 17:45:00,11.140000343322754,11.140000343322754,11.0600004196167,11.130000114440918,2509470
2026-06-10 09:45:00,11.100000381469727,11.100000381469727,11.100000381469727,11.100000381469727,0
2026-06-10 10:00:00,11.149999618530273,11.180000305175781,11.020000457763672,11.100000381469727,4320664
2026-06-10 10:15:00,11.399999618530273,11.4399995803833,11.109999656677246,11.170000076293945,9558967
2026-06-10 10:30:00,11.430000305175781,11.5,11.359999656677246,11.399999618530273,6438211
2026-06-10 10:45:00,11.550000190734863,11.59000015258789,11.40999984741211,11.4399995803833,7317505
2026-06-10 11:00:00,11.369999885559082,11.569999694824219,11.359999656677246,11.550000190734863,3208665
2026-06-10 11:15:00,11.359999656677246,11.470000267028809,11.350000381469727,11.359999656677246,1352706
2026-06-10 11:30:00,11.359999656677246,11.430000305175781,11.300000190734863,11.359999656677246,1532808
2026-06-10 11:45:00,11.329999923706055,11.430000305175781,11.319999694824219,11.359999656677246,808362
2026-06-10 12:00:00,11.34000015258789,11.350000381469727,11.239999771118164,11.329999923706055,1707710
2026-06-10 12:15:00,11.369999885559082,11.380000114440918,11.329999923706055,11.34000015258789,642799
2026-06-10 12:30:00,11.479999542236328,11.479999542236328,11.359999656677246,11.369999885559082,1355907
2026-06-10 12:45:00,11.470000267028809,11.539999961853027,11.449999809265137,11.479999542236328,1275963
2026-06-10 13:00:00,11.5,11.510000228881836,11.420000076293945,11.479999542236328,600303
2026-06-10 13:15:00,11.449999809265137,11.520000457763672,11.4399995803833,11.5,690696
2026-06-10 13:30:00,11.489999771118164,11.510000228881836,11.449999809265137,11.449999809265137,645428
2026-06-10 13:45:00,11.539999961853027,11.550000190734863,11.489999771118164,11.5,1790108
2026-06-10 14:00:00,11.479999542236328,11.550000190734863,11.470000267028809,11.539999961853027,1357416
2026-06-10 14:15:00,11.430000305175781,11.489999771118164,11.40999984741211,11.470000267028809,879981
2026-06-10 14:30:00,11.399999618530273,11.430000305175781,11.34000015258789,11.430000305175781,1639223
2026-06-10 14:45:00,11.350000381469727,11.399999618530273,11.34000015258789,11.399999618530273,818526
2026-06-10 15:00:00,11.380000114440918,11.399999618530273,11.329999923706055,11.359999656677246,677776
2026-06-10 15:15:00,11.420000076293945,11.449999809265137,11.369999885559082,11.380000114440918,515288
2026-06-10 15:30:00,11.510000228881836,11.529999732971191,11.40999984741211,11.420000076293945,1056904
2026-06-10 15:45:00,11.470000267028809,11.520000457763672,11.399999618530273,11.510000228881836,1067830
2026-06-10 16:00:00,11.479999542236328,11.510000228881836,11.449999809265137,11.470000267028809,905941
2026-06-10 16:15:00,11.449999809265137,11.489999771118164,11.40999984741211,11.479999542236328,914339
2026-06-10 16:30:00,11.539999961853027,11.539999961853027,11.420000076293945,11.449999809265137,911996
2026-06-10 16:45:00,11.420000076293945,11.579999923706055,11.420000076293945,11.539999961853027,2336169
2026-06-10 17:00:00,11.359999656677246,11.449999809265137,11.359999656677246,11.4399995803833,1068764
2026-06-10 17:15:00,11.319999694824219,11.359999656677246,11.3100004196167,11.359999656677246,784163
2026-06-10 17:30:00,11.380000114440918,11.390000343322754,11.3100004196167,11.319999694824219,1122456
2026-06-10 17:45:00,11.380000114440918,11.399999618530273,11.350000381469727,11.380000114440918,1325802
2026-06-11 09:45:00,11.399999618530273,11.399999618530273,11.399999618530273,11.399999618530273,0
2026-06-11 10:00:00,11.630000114440918,11.65999984741211,11.289999961853027,11.40999984741211,4632282
2026-06-11 10:15:00,11.800000190734863,11.850000381469727,11.579999923706055,11.630000114440918,6193469
2026-06-11 10:30:00,11.739999771118164,11.90999984741211,11.720000267028809,11.800000190734863,3871268
2026-06-11 10:45:00,11.699999809265137,11.829999923706055,11.670000076293945,11.739999771118164,2285611
2026-06-11 11:00:00,11.609999656677246,11.699999809265137,11.569999694824219,11.699999809265137,1753308
2026-06-11 11:15:00,11.609999656677246,11.640000343322754,11.579999923706055,11.600000381469727,757169
2026-06-11 11:30:00,11.65999984741211,11.670000076293945,11.609999656677246,11.619999885559082,786514
2026-06-11 11:45:00,11.59000015258789,11.649999618530273,11.569999694824219,11.649999618530273,489245
2026-06-11 12:00:00,11.619999885559082,11.649999618530273,11.569999694824219,11.579999923706055,406644
2026-06-11 12:15:00,11.699999809265137,11.710000038146973,11.600000381469727,11.619999885559082,1234945
2026-06-11 12:30:00,11.630000114440918,11.699999809265137,11.600000381469727,11.680000305175781,678131
2026-06-11 12:45:00,11.579999923706055,11.630000114440918,11.579999923706055,11.630000114440918,325943
2026-06-11 13:00:00,11.59000015258789,11.640000343322754,11.579999923706055,11.579999923706055,376479
2026-06-11 13:15:00,11.600000381469727,11.630000114440918,11.569999694824219,11.59000015258789,543198
2026-06-11 13:30:00,11.829999923706055,11.869999885559082,11.569999694824219,11.59000015258789,2154785
2026-06-11 13:45:00,11.970000267028809,11.989999771118164,11.829999923706055,11.850000381469727,3771756
2026-06-11 14:00:00,11.930000305175781,12.0,11.779999732971191,11.949999809265137,2612011
2026-06-11 14:15:00,12.050000190734863,12.050000190734863,11.899999618530273,11.90999984741211,2947118
2026-06-11 14:30:00,12.079999923706055,12.100000381469727,11.979999542236328,12.039999961853027,3079831
2026-06-11 14:45:00,12.010000228881836,12.100000381469727,11.970000267028809,12.079999923706055,1928201
2026-06-11 15:00:00,11.890000343322754,12.020000457763672,11.869999885559082,12.010000228881836,1530684
2026-06-11 15:15:00,11.760000228881836,11.899999618530273,11.75,11.880000114440918,2077389
2026-06-11 15:30:00,11.729999542236328,11.770000457763672,11.65999984741211,11.760000228881836,1819272
2026-06-11 15:45:00,11.65999984741211,11.8100004196167,11.649999618530273,11.729999542236328,1700542
2026-06-11 16:00:00,11.579999923706055,11.670000076293945,11.5600004196167,11.65999984741211,2017007
2026-06-11 16:15:00,11.550000190734863,11.619999885559082,11.510000228881836,11.579999923706055,1389048
2026-06-11 16:30:00,11.619999885559082,11.649999618530273,11.550000190734863,11.5600004196167,975638
2026-06-11 16:45:00,11.609999656677246,11.670000076293945,11.59000015258789,11.619999885559082,555038
2026-06-11 17:00:00,11.569999694824219,11.699999809265137,11.569999694824219,11.619999885559082,676246
2026-06-11 17:15:00,11.5600004196167,11.609999656677246,11.529999732971191,11.569999694824219,1153137
2026-06-11 17:30:00,11.600000381469727,11.609999656677246,11.460000038146973,11.5600004196167,2280539
2026-06-11 17:45:00,11.65999984741211,11.680000305175781,11.59000015258789,11.609999656677246,2032602
2026-06-12 09:45:00,11.640000343322754,11.640000343322754,11.640000343322754,11.640000343322754,0
2026-06-12 10:00:00,11.779999732971191,11.880000114440918,11.609999656677246,11.640000343322754,4856498
2026-06-12 10:15:00,11.819999694824219,11.880000114440918,11.779999732971191,11.789999961853027,1332038
2026-06-12 10:30:00,12.0600004196167,12.149999618530273,11.829999923706055,11.829999923706055,4403895
2026-06-12 10:45:00,12.079999923706055,12.149999618530273,12.039999961853027,12.069999694824219,3395873
2026-06-12 11:00:00,12.069999694824219,12.130000114440918,11.949999809265137,12.079999923706055,3136793
2026-06-12 11:15:00,12.140000343322754,12.210000038146973,12.0600004196167,12.09000015258789,2022202
2026-06-12 11:30:00,12.1899995803833,12.260000228881836,12.130000114440918,12.140000343322754,1801177
2026-06-12 11:45:00,12.1899995803833,12.239999771118164,12.180000305175781,12.1899995803833,1386857
2026-06-12 12:00:00,12.0600004196167,12.210000038146973,12.0600004196167,12.1899995803833,1441300
2026-06-12 12:15:00,12.079999923706055,12.130000114440918,12.020000457763672,12.0600004196167,1847514
2026-06-12 12:30:00,12.140000343322754,12.170000076293945,12.0600004196167,12.0600004196167,779083
2026-06-12 12:45:00,12.119999885559082,12.170000076293945,12.109999656677246,12.140000343322754,446544
2026-06-12 13:00:00,12.399999618530273,12.399999618530273,12.119999885559082,12.119999885559082,3237832
2026-06-12 13:15:00,12.25,12.399999618530273,12.229999542236328,12.399999618530273,2488617
2026-06-12 13:30:00,12.260000228881836,12.279999732971191,12.1899995803833,12.25,1266150
2026-06-12 13:45:00,12.380000114440918,12.420000076293945,12.239999771118164,12.270000457763672,1930799
2026-06-12 14:00:00,12.300000190734863,12.470000267028809,12.25,12.380000114440918,3538732
2026-06-12 14:15:00,12.34000015258789,12.359999656677246,12.279999732971191,12.300000190734863,568315
2026-06-12 14:30:00,12.220000267028809,12.350000381469727,12.1899995803833,12.34000015258789,1925141
2026-06-12 14:45:00,12.1899995803833,12.229999542236328,12.15999984741211,12.210000038146973,990963
2026-06-12 15:00:00,12.229999542236328,12.289999961853027,12.1899995803833,12.1899995803833,708455
2026-06-12 15:15:00,12.239999771118164,12.319999694824219,12.210000038146973,12.229999542236328,1009767
2026-06-12 15:30:00,12.180000305175781,12.260000228881836,12.149999618530273,12.239999771118164,1554162
2026-06-12 15:45:00,12.119999885559082,12.199999809265137,12.079999923706055,12.180000305175781,1688352
2026-06-12 16:00:00,12.0600004196167,12.15999984741211,12.029999732971191,12.109999656677246,2576823
2026-06-12 16:15:00,12.069999694824219,12.100000381469727,12.050000190734863,12.0600004196167,541642
2026-06-12 16:30:00,12.0,12.109999656677246,12.0,12.069999694824219,1248108
2026-06-12 16:45:00,11.84000015258789,11.989999771118164,11.84000015258789,11.989999771118164,2591193
2026-06-12 17:00:00,11.890000343322754,11.949999809265137,11.8100004196167,11.84000015258789,1769013
2026-06-12 17:15:00,11.880000114440918,11.920000076293945,11.859999656677246,11.890000343322754,1194410
2026-06-12 17:30:00,11.899999618530273,11.979999542236328,11.829999923706055,11.880000114440918,1556179
2026-06-12 17:45:00,11.930000305175781,11.949999809265137,11.869999885559082,11.899999618530273,2995274
2026-06-15 09:45:00,12.3100004196167,12.3100004196167,12.3100004196167,12.3100004196167,0
2026-06-15 10:00:00,12.210000038146973,12.399999618530273,12.15999984741211,12.3100004196167,4438114
2026-06-15 10:15:00,12.3100004196167,12.34000015258789,12.180000305175781,12.199999809265137,1805260
2026-06-15 10:30:00,12.380000114440918,12.4399995803833,12.300000190734863,12.3100004196167,2296065
2026-06-15 10:45:00,12.350000381469727,12.430000305175781,12.319999694824219,12.390000343322754,1507926
2026-06-15 11:00:00,12.220000267028809,12.359999656677246,12.180000305175781,12.34000015258789,1419453
2026-06-15 11:15:00,12.210000038146973,12.239999771118164,12.1899995803833,12.229999542236328,780358
2026-06-15 11:30:00,12.15999984741211,12.220000267028809,12.130000114440918,12.199999809265137,1754215
2026-06-15 11:45:00,12.069999694824219,12.170000076293945,12.020000457763672,12.170000076293945,2587708
2026-06-15 12:00:00,12.109999656677246,12.109999656677246,12.0600004196167,12.079999923706055,714114
2026-06-15 12:15:00,12.109999656677246,12.140000343322754,12.079999923706055,12.109999656677246,576531
2026-06-15 12:30:00,12.15999984741211,12.180000305175781,12.079999923706055,12.109999656677246,971344
2026-06-15 12:45:00,12.170000076293945,12.229999542236328,12.15999984741211,12.15999984741211,1004609
2026-06-15 13:00:00,12.220000267028809,12.25,12.149999618530273,12.170000076293945,1031618
2026-06-15 13:15:00,12.220000267028809,12.239999771118164,12.180000305175781,12.229999542236328,1294797
2026-06-15 13:30:00,12.300000190734863,12.319999694824219,12.199999809265137,12.229999542236328,1718258
2026-06-15 13:45:00,12.390000343322754,12.449999809265137,12.289999961853027,12.300000190734863,3076426
2026-06-15 14:00:00,12.359999656677246,12.430000305175781,12.34000015258789,12.390000343322754,2074516
2026-06-15 14:15:00,12.399999618530273,12.399999618530273,12.34000015258789,12.359999656677246,675472
2026-06-15 14:30:00,12.390000343322754,12.430000305175781,12.34000015258789,12.399999618530273,1264801
2026-06-15 14:45:00,12.359999656677246,12.390000343322754,12.329999923706055,12.369999885559082,976351
2026-06-15 15:00:00,12.369999885559082,12.390000343322754,12.3100004196167,12.350000381469727,1035932
2026-06-15 15:15:00,12.40999984741211,12.470000267028809,12.369999885559082,12.369999885559082,1783752
2026-06-15 15:30:00,12.4399995803833,12.460000038146973,12.350000381469727,12.420000076293945,1201937
2026-06-15 15:45:00,12.449999809265137,12.479999542236328,12.40999984741211,12.449999809265137,1009731
2026-06-15 16:00:00,12.40999984741211,12.470000267028809,12.380000114440918,12.460000038146973,1304650
2026-06-15 16:15:00,12.359999656677246,12.4399995803833,12.329999923706055,12.420000076293945,793944
2026-06-15 16:30:00,12.369999885559082,12.399999618530273,12.350000381469727,12.369999885559082,485712
2026-06-15 16:45:00,12.430000305175781,12.4399995803833,12.369999885559082,12.369999885559082,592466
2026-06-15 17:00:00,12.390000343322754,12.4399995803833,12.369999885559082,12.4399995803833,415840
2026-06-15 17:15:00,12.4399995803833,12.489999771118164,12.369999885559082,12.380000114440918,1432843
2026-06-15 17:30:00,12.489999771118164,12.520000457763672,12.420000076293945,12.449999809265137,2039348
2026-06-15 17:45:00,12.420000076293945,12.520000457763672,12.390000343322754,12.5,2357169
2026-06-16 09:45:00,12.5600004196167,12.5600004196167,12.5600004196167,12.5600004196167,0
2026-06-16 10:00:00,12.260000228881836,12.75,12.220000267028809,12.569999694824219,10013099
2026-06-16 10:15:00,12.220000267028809,12.350000381469727,12.199999809265137,12.25,3413579
2026-06-16 10:30:00,12.300000190734863,12.350000381469727,12.140000343322754,12.229999542236328,3765360
2026-06-16 10:45:00,12.380000114440918,12.4399995803833,12.300000190734863,12.300000190734863,2902793
2026-06-16 11:00:00,12.430000305175781,12.449999809265137,12.359999656677246,12.380000114440918,1482909
2026-06-16 11:15:00,12.380000114440918,12.449999809265137,12.34000015258789,12.430000305175781,1436984
2026-06-16 11:30:00,12.369999885559082,12.449999809265137,12.350000381469727,12.390000343322754,763201
2026-06-16 11:45:00,12.449999809265137,12.510000228881836,12.369999885559082,12.380000114440918,1360035
2026-06-16 12:00:00,12.4399995803833,12.470000267028809,12.4399995803833,12.449999809265137,633703
2026-06-16 12:15:00,12.430000305175781,12.460000038146973,12.40999984741211,12.449999809265137,597197
2026-06-16 12:30:00,12.4399995803833,12.449999809265137,12.40999984741211,12.420000076293945,437303
2026-06-16 12:45:00,13.0,13.0600004196167,12.430000305175781,12.4399995803833,11198389
2026-06-16 13:00:00,13.229999542236328,13.3100004196167,12.989999771118164,13.0,15344863
2026-06-16 13:15:00,13.0600004196167,13.239999771118164,13.029999732971191,13.229999542236328,4117250
2026-06-16 13:30:00,13.020000457763672,13.069999694824219,12.979999542236328,13.0600004196167,2005522
2026-06-16 13:45:00,13.0,13.050000190734863,12.960000038146973,13.010000228881836,1603720
2026-06-16 14:00:00,12.880000114440918,13.079999923706055,12.859999656677246,13.0,2511016
2026-06-16 14:15:00,12.720000267028809,12.890000343322754,12.699999809265137,12.880000114440918,2937880
2026-06-16 14:30:00,12.720000267028809,12.859999656677246,12.710000038146973,12.710000038146973,2238517
2026-06-16 14:45:00,12.699999809265137,12.75,12.649999618530273,12.720000267028809,1660717
2026-06-16 15:00:00,12.670000076293945,12.710000038146973,12.630000114440918,12.699999809265137,1597629
2026-06-16 15:15:00,12.640000343322754,12.670000076293945,12.619999885559082,12.670000076293945,901959
2026-06-16 15:30:00,12.6899995803833,12.699999809265137,12.630000114440918,12.630000114440918,874753
2026-06-16 15:45:00,12.6899995803833,12.739999771118164,12.619999885559082,12.6899995803833,1625439
2026-06-16 16:00:00,12.6899995803833,12.699999809265137,12.640000343322754,12.670000076293945,1145059
2026-06-16 16:15:00,12.739999771118164,12.739999771118164,12.680000305175781,12.6899995803833,647224
2026-06-16 16:30:00,12.770000457763672,12.850000381469727,12.729999542236328,12.739999771118164,1874853
2026-06-16 16:45:00,12.869999885559082,12.989999771118164,12.760000228881836,12.760000228881836,3551554
2026-06-16 17:00:00,12.890000343322754,12.960000038146973,12.850000381469727,12.880000114440918,2501335
2026-06-16 17:15:00,12.779999732971191,12.899999618530273,12.739999771118164,12.880000114440918,1675475
2026-06-16 17:30:00,12.770000457763672,12.800000190734863,12.710000038146973,12.779999732971191,1844723
2026-06-16 17:45:00,12.760000228881836,12.819999694824219,12.720000267028809,12.770000457763672,2719982
2026-06-17 09:45:00,12.920000076293945,12.920000076293945,12.920000076293945,12.920000076293945,0
2026-06-17 10:00:00,12.699999809265137,12.930000305175781,12.550000190734863,12.930000305175781,5921645
2026-06-17 10:15:00,12.510000228881836,12.710000038146973,12.5,12.6899995803833,3662705
2026-06-17 10:30:00,12.539999961853027,12.600000381469727,12.5,12.510000228881836,1336855
2026-06-17 10:45:00,12.470000267028809,12.550000190734863,12.449999809265137,12.539999961853027,2409155
2026-06-17 11:00:00,12.420000076293945,12.489999771118164,12.420000076293945,12.460000038146973,1621566
2026-06-17 11:15:00,12.420000076293945,12.510000228881836,12.399999618530273,12.430000305175781,1676511
2026-06-17 11:30:00,12.430000305175781,12.449999809265137,12.350000381469727,12.420000076293945,1394372
2026-06-17 11:45:00,12.399999618530273,12.449999809265137,12.390000343322754,12.430000305175781,552902
2026-06-17 12:00:00,12.460000038146973,12.510000228881836,12.399999618530273,12.399999618530273,876326
2026-06-17 12:15:00,12.460000038146973,12.510000228881836,12.420000076293945,12.460000038146973,698041
2026-06-17 12:30:00,12.460000038146973,12.470000267028809,12.399999618530273,12.460000038146973,909003
2026-06-17 12:45:00,12.40999984741211,12.470000267028809,12.40999984741211,12.460000038146973,581499
2026-06-17 13:00:00,12.390000343322754,12.420000076293945,12.380000114440918,12.40999984741211,571144
2026-06-17 13:15:00,12.4399995803833,12.489999771118164,12.390000343322754,12.399999618530273,887246
2026-06-17 13:30:00,12.399999618530273,12.449999809265137,12.390000343322754,12.4399995803833,636677
2026-06-17 13:45:00,12.369999885559082,12.399999618530273,12.369999885559082,12.399999618530273,468966
2026-06-17 14:00:00,12.34000015258789,12.380000114440918,12.329999923706055,12.369999885559082,831926
2026-06-17 14:15:00,12.329999923706055,12.40999984741211,12.319999694824219,12.34000015258789,1503128
2026-06-17 14:30:00,12.369999885559082,12.40999984741211,12.300000190734863,12.350000381469727,1217646
2026-06-17 14:45:00,12.40999984741211,12.40999984741211,12.350000381469727,12.369999885559082,857744
2026-06-17 15:00:00,12.420000076293945,12.4399995803833,12.390000343322754,12.399999618530273,761549
2026-06-17 15:15:00,12.4399995803833,12.449999809265137,12.399999618530273,12.430000305175781,743303
2026-06-17 15:30:00,12.420000076293945,12.460000038146973,12.40999984741211,12.4399995803833,671900
2026-06-17 15:45:00,12.4399995803833,12.460000038146973,12.40999984741211,12.430000305175781,643330
2026-06-17 16:00:00,12.350000381469727,12.510000228881836,12.329999923706055,12.449999809265137,2132587
2026-06-17 16:15:00,12.329999923706055,12.390000343322754,12.300000190734863,12.359999656677246,1197932
2026-06-17 16:30:00,12.25,12.329999923706055,12.220000267028809,12.319999694824219,1622358
2026-06-17 16:45:00,12.210000038146973,12.289999961853027,12.180000305175781,12.239999771118164,1766978
2026-06-17 17:00:00,12.260000228881836,12.449999809265137,12.119999885559082,12.220000267028809,4304744
2026-06-17 17:15:00,12.369999885559082,12.380000114440918,12.260000228881836,12.260000228881836,1563368
2026-06-17 17:30:00,12.3100004196167,12.420000076293945,12.270000457763672,12.369999885559082,1896035
2026-06-17 17:45:00,12.350000381469727,12.390000343322754,12.270000457763672,12.300000190734863,1426627
2026-06-18 09:45:00,12.420000076293945,12.420000076293945,12.420000076293945,12.420000076293945,0
2026-06-18 10:00:00,12.460000038146973,12.529999732971191,12.40999984741211,12.430000305175781,3236826
2026-06-18 10:15:00,12.460000038146973,12.479999542236328,12.399999618530273,12.449999809265137,970491
2026-06-18 10:30:00,12.420000076293945,12.460000038146973,12.390000343322754,12.449999809265137,966244
2026-06-18 10:45:00,12.489999771118164,12.5,12.399999618530273,12.430000305175781,604126
2026-06-18 11:00:00,12.279999732971191,12.5,12.279999732971191,12.489999771118164,2146989
2026-06-18 11:15:00,12.130000114440918,12.289999961853027,12.119999885559082,12.279999732971191,2461842
2026-06-18 11:30:00,12.09000015258789,12.15999984741211,12.079999923706055,12.130000114440918,1400307
2026-06-18 11:45:00,12.039999961853027,12.100000381469727,12.010000228881836,12.09000015258789,1705484
2026-06-18 12:00:00,12.09000015258789,12.100000381469727,12.029999732971191,12.039999961853027,563287
2026-06-18 12:15:00,12.149999618530273,12.15999984741211,12.079999923706055,12.09000015258789,822876
2026-06-18 12:30:00,12.149999618530273,12.180000305175781,12.130000114440918,12.149999618530273,397114
2026-06-18 12:45:00,12.0600004196167,12.149999618530273,12.0,12.149999618530273,845131
2026-06-18 13:00:00,12.0600004196167,12.100000381469727,12.010000228881836,12.0600004196167,857281
2026-06-18 13:15:00,12.029999732971191,12.0600004196167,12.010000228881836,12.0600004196167,637809
2026-06-18 13:30:00,12.020000457763672,12.0600004196167,12.0,12.029999732971191,511072
2026-06-18 13:45:00,12.0,12.020000457763672,11.880000114440918,12.020000457763672,2602316
2026-06-18 14:00:00,12.0,12.020000457763672,11.930000305175781,12.0,1283909
2026-06-18 14:15:00,12.020000457763672,12.0600004196167,12.0,12.0,777179
2026-06-18 14:30:00,12.239999771118164,12.319999694824219,12.0,12.010000228881836,3626598
2026-06-18 14:45:00,12.229999542236328,12.279999732971191,12.199999809265137,12.25,1048897
2026-06-18 15:00:00,12.210000038146973,12.239999771118164,12.1899995803833,12.239999771118164,398741
2026-06-18 15:15:00,12.229999542236328,12.260000228881836,12.210000038146973,12.210000038146973,529138
2026-06-18 15:30:00,12.289999961853027,12.289999961853027,12.229999542236328,12.229999542236328,641613
2026-06-18 15:45:00,12.3100004196167,12.449999809265137,12.279999732971191,12.279999732971191,1953290
2026-06-18 16:00:00,12.319999694824219,12.329999923706055,12.289999961853027,12.300000190734863,424717
2026-06-18 16:15:00,12.329999923706055,12.329999923706055,12.25,12.319999694824219,1013637
2026-06-18 16:30:00,12.350000381469727,12.369999885559082,12.3100004196167,12.329999923706055,370909
2026-06-18 16:45:00,12.350000381469727,12.380000114440918,12.319999694824219,12.34000015258789,320929
2026-06-18 17:00:00,12.380000114440918,12.4399995803833,12.34000015258789,12.350000381469727,1074097
2026-06-18 17:15:00,12.420000076293945,12.449999809265137,12.369999885559082,12.380000114440918,592562
2026-06-18 17:30:00,12.380000114440918,12.489999771118164,12.359999656677246,12.430000305175781,1565134
2026-06-18 17:45:00,12.390000343322754,12.399999618530273,12.34000015258789,12.369999885559082,933029
2026-06-19 09:45:00,12.34000015258789,12.34000015258789,12.34000015258789,12.34000015258789,0
2026-06-19 10:00:00,12.489999771118164,12.510000228881836,12.210000038146973,12.34000015258789,5266017
2026-06-19 10:15:00,12.65999984741211,12.779999732971191,12.479999542236328,12.510000228881836,8116437
2026-06-19 10:30:00,12.5600004196167,12.65999984741211,12.489999771118164,12.649999618530273,2427983
2026-06-19 10:45:00,12.5,12.5600004196167,12.449999809265137,12.5600004196167,1343801
2026-06-19 11:00:00,12.529999732971191,12.640000343322754,12.470000267028809,12.5,1246842
2026-06-19 11:15:00,12.699999809265137,12.770000457763672,12.529999732971191,12.529999732971191,4836729
2026-06-19 11:30:00,12.6899995803833,12.720000267028809,12.640000343322754,12.6899995803833,1235402
2026-06-19 11:45:00,12.609999656677246,12.710000038146973,12.609999656677246,12.6899995803833,1163746
2026-06-19 12:00:00,12.670000076293945,12.699999809265137,12.59000015258789,12.600000381469727,1017541
2026-06-19 12:15:00,12.649999618530273,12.6899995803833,12.569999694824219,12.670000076293945,1705264
2026-06-19 12:30:00,12.729999542236328,12.760000228881836,12.649999618530273,12.649999618530273,1503574
2026-06-19 12:45:00,12.779999732971191,12.850000381469727,12.699999809265137,12.739999771118164,3295981
2026-06-19 13:00:00,12.729999542236328,12.829999923706055,12.720000267028809,12.779999732971191,765393
2026-06-19 13:15:00,12.779999732971191,12.779999732971191,12.6899995803833,12.729999542236328,812946
2026-06-19 13:30:00,12.75,12.789999961853027,12.720000267028809,12.779999732971191,1289018
2026-06-19 13:45:00,12.760000228881836,12.8100004196167,12.739999771118164,12.75,980916
2026-06-19 14:00:00,12.760000228881836,12.779999732971191,12.760000228881836,12.770000457763672,435271
2026-06-19 14:15:00,12.739999771118164,12.819999694824219,12.729999542236328,12.760000228881836,1249538
2026-06-19 14:30:00,12.739999771118164,12.760000228881836,12.729999542236328,12.739999771118164,450029
2026-06-19 14:45:00,12.770000457763672,12.779999732971191,12.680000305175781,12.739999771118164,933879
2026-06-19 15:00:00,12.779999732971191,12.789999961853027,12.760000228881836,12.770000457763672,520831
2026-06-19 15:15:00,12.710000038146973,12.8100004196167,12.680000305175781,12.779999732971191,1326838
2026-06-19 15:30:00,12.640000343322754,12.699999809265137,12.630000114440918,12.699999809265137,1006707
2026-06-19 15:45:00,12.640000343322754,12.699999809265137,12.630000114440918,12.640000343322754,917967
2026-06-19 16:00:00,12.680000305175781,12.699999809265137,12.609999656677246,12.640000343322754,955518
2026-06-19 16:15:00,12.670000076293945,12.699999809265137,12.65999984741211,12.680000305175781,403897
2026-06-19 16:30:00,12.670000076293945,12.680000305175781,12.630000114440918,12.65999984741211,605410
2026-06-19 16:45:00,12.699999809265137,12.710000038146973,12.670000076293945,12.670000076293945,462475
2026-06-19 17:00:00,12.739999771118164,12.739999771118164,12.699999809265137,12.699999809265137,588637
2026-06-19 17:15:00,12.59000015258789,12.739999771118164,12.579999923706055,12.739999771118164,1352199
2026-06-19 17:30:00,12.579999923706055,12.680000305175781,12.579999923706055,12.59000015258789,1534136
2026-06-19 17:45:00,12.680000305175781,12.699999809265137,12.569999694824219,12.579999923706055,2864493
2026-06-22 09:45:00,12.649999618530273,12.649999618530273,12.649999618530273,12.649999618530273,0
2026-06-22 10:00:00,12.890000343322754,12.970000267028809,12.569999694824219,12.65999984741211,5820800
2026-06-22 10:15:00,13.029999732971191,13.029999732971191,12.850000381469727,12.880000114440918,3667363
2026-06-22 10:30:00,13.029999732971191,13.100000381469727,12.979999542236328,13.029999732971191,4016225
2026-06-22 10:45:00,13.069999694824219,13.119999885559082,13.0,13.020000457763672,2786985
2026-06-22 11:00:00,13.0,13.109999656677246,12.960000038146973,13.079999923706055,1769800
2026-06-22 11:15:00,13.020000457763672,13.039999961853027,12.960000038146973,12.989999771118164,957324
2026-06-22 11:30:00,12.970000267028809,13.029999732971191,12.970000267028809,13.010000228881836,634729
2026-06-22 11:45:00,12.970000267028809,12.989999771118164,12.90999984741211,12.970000267028809,1263691
2026-06-22 12:00:00,12.989999771118164,13.029999732971191,12.9399995803833,12.970000267028809,1079112
2026-06-22 12:15:00,12.949999809265137,13.010000228881836,12.949999809265137,12.979999542236328,436688
2026-06-22 12:30:00,13.100000381469727,13.199999809265137,12.90999984741211,12.960000038146973,2554673
2026-06-22 12:45:00,13.069999694824219,13.130000114440918,13.0600004196167,13.100000381469727,1283510
2026-06-22 13:00:00,13.020000457763672,13.079999923706055,12.979999542236328,13.079999923706055,922672
2026-06-22 13:15:00,13.010000228881836,13.050000190734863,13.010000228881836,13.029999732971191,224201
2026-06-22 13:30:00,12.9399995803833,13.050000190734863,12.9399995803833,13.020000457763672,1351375
2026-06-22 13:45:00,12.920000076293945,12.9399995803833,12.859999656677246,12.9399995803833,1375370
2026-06-22 14:00:00,12.920000076293945,12.930000305175781,12.869999885559082,12.899999618530273,616285
2026-06-22 14:15:00,12.90999984741211,12.989999771118164,12.890000343322754,12.930000305175781,973557
2026-06-22 14:30:00,12.869999885559082,12.90999984741211,12.84000015258789,12.899999618530273,714534
2026-06-22 14:45:00,12.920000076293945,12.970000267028809,12.869999885559082,12.869999885559082,532300
2026-06-22 15:00:00,12.850000381469727,12.9399995803833,12.829999923706055,12.90999984741211,535309
2026-06-22 15:15:00,12.949999809265137,12.949999809265137,12.859999656677246,12.859999656677246,636293
2026-06-22 15:30:00,12.949999809265137,12.970000267028809,12.90999984741211,12.9399995803833,392093
2026-06-22 15:45:00,12.869999885559082,12.960000038146973,12.869999885559082,12.9399995803833,391104
2026-06-22 16:00:00,12.90999984741211,12.9399995803833,12.869999885559082,12.869999885559082,853252
2026-06-22 16:15:00,12.90999984741211,12.920000076293945,12.890000343322754,12.899999618530273,210633
2026-06-22 16:30:00,12.850000381469727,12.930000305175781,12.84000015258789,12.90999984741211,416524
2026-06-22 16:45:00,12.899999618530273,12.920000076293945,12.829999923706055,12.84000015258789,746119
2026-06-22 17:00:00,12.869999885559082,12.9399995803833,12.819999694824219,12.90999984741211,1506292
2026-06-22 17:15:00,12.789999961853027,12.869999885559082,12.739999771118164,12.869999885559082,1128403
2026-06-22 17:30:00,12.760000228881836,12.819999694824219,12.75,12.770000457763672,1037575
2026-06-22 17:45:00,12.770000457763672,12.789999961853027,12.729999542236328,12.760000228881836,2177523
2026-06-23 09:45:00,12.630000114440918,12.630000114440918,12.630000114440918,12.630000114440918,0
2026-06-23 10:00:00,12.65999984741211,12.720000267028809,12.5600004196167,12.640000343322754,2678731
2026-06-23 10:15:00,12.5600004196167,12.670000076293945,12.5,12.670000076293945,1897940
2026-06-23 10:30:00,12.630000114440918,12.65999984741211,12.5600004196167,12.5600004196167,1091024
2026-06-23 10:45:00,12.579999923706055,12.670000076293945,12.569999694824219,12.630000114440918,680971
2026-06-23 11:00:00,12.550000190734863,12.579999923706055,12.539999961853027,12.569999694824219,498251
2026-06-23 11:15:00,12.59000015258789,12.619999885559082,12.550000190734863,12.550000190734863,455246
2026-06-23 11:30:00,12.6899995803833,12.729999542236328,12.550000190734863,12.579999923706055,882310
2026-06-23 11:45:00,12.619999885559082,12.710000038146973,12.5600004196167,12.710000038146973,736645
2026-06-23 12:00:00,12.59000015258789,12.649999618530273,12.5600004196167,12.619999885559082,527291
2026-06-23 12:15:00,12.550000190734863,12.600000381469727,12.529999732971191,12.59000015258789,851902
2026-06-23 12:30:00,12.569999694824219,12.569999694824219,12.5,12.550000190734863,587006
2026-06-23 12:45:00,12.539999961853027,12.59000015258789,12.539999961853027,12.569999694824219,557976
2026-06-23 13:00:00,12.65999984741211,12.65999984741211,12.539999961853027,12.539999961853027,746296
2026-06-23 13:15:00,12.6899995803833,12.710000038146973,12.640000343322754,12.65999984741211,562562
2026-06-23 13:30:00,12.6899995803833,12.6899995803833,12.65999984741211,12.680000305175781,211849
2026-06-23 13:45:00,12.710000038146973,12.729999542236328,12.670000076293945,12.680000305175781,350415
2026-06-23 14:00:00,12.739999771118164,12.739999771118164,12.699999809265137,12.710000038146973,328662
2026-06-23 14:15:00,12.65999984741211,12.75,12.649999618530273,12.739999771118164,915866
2026-06-23 14:30:00,12.630000114440918,12.670000076293945,12.619999885559082,12.649999618530273,461441
2026-06-23 14:45:00,12.600000381469727,12.630000114440918,12.59000015258789,12.619999885559082,375010
2026-06-23 15:00:00,12.539999961853027,12.630000114440918,12.529999732971191,12.600000381469727,991095
2026-06-23 15:15:00,12.630000114440918,12.65999984741211,12.5,12.539999961853027,1616484
2026-06-23 15:30:00,12.609999656677246,12.649999618530273,12.59000015258789,12.640000343322754,236309
2026-06-23 15:45:00,12.670000076293945,12.699999809265137,12.579999923706055,12.609999656677246,1051403
2026-06-23 16:00:00,12.640000343322754,12.680000305175781,12.619999885559082,12.670000076293945,357217
2026-06-23 16:15:00,12.609999656677246,12.640000343322754,12.59000015258789,12.640000343322754,326686
2026-06-23 16:30:00,12.600000381469727,12.619999885559082,12.59000015258789,12.609999656677246,346959
2026-06-23 16:45:00,12.630000114440918,12.649999618530273,12.600000381469727,12.609999656677246,488819
2026-06-23 17:00:00,12.630000114440918,12.680000305175781,12.600000381469727,12.630000114440918,1051128
2026-06-23 17:15:00,12.569999694824219,12.65999984741211,12.5600004196167,12.640000343322754,1137451
2026-06-23 17:30:00,12.529999732971191,12.579999923706055,12.510000228881836,12.579999923706055,1076962
2026-06-23 17:45:00,12.539999961853027,12.550000190734863,12.5,12.529999732971191,1781455
2026-06-24 09:45:00,12.390000343322754,12.390000343322754,12.390000343322754,12.390000343322754,0
2026-06-24 10:00:00,12.25,12.489999771118164,12.15999984741211,12.390000343322754,4133347
2026-06-24 10:15:00,12.170000076293945,12.34000015258789,12.15999984741211,12.25,1812950
2026-06-24 10:30:00,12.170000076293945,12.229999542236328,12.140000343322754,12.170000076293945,2111132
2026-06-24 10:45:00,12.050000190734863,12.1899995803833,12.039999961853027,12.180000305175781,2045124
2026-06-24 11:00:00,12.289999961853027,12.329999923706055,12.020000457763672,12.050000190734863,2581670
2026-06-24 11:15:00,12.329999923706055,12.359999656677246,12.25,12.289999961853027,1428368
2026-06-24 11:30:00,12.3100004196167,12.390000343322754,12.270000457763672,12.329999923706055,1164593
2026-06-24 11:45:00,12.279999732971191,12.3100004196167,12.279999732971191,12.300000190734863,610870
2026-06-24 12:00:00,12.239999771118164,12.34000015258789,12.229999542236328,12.279999732971191,613677
2026-06-24 12:15:00,12.210000038146973,12.260000228881836,12.1899995803833,12.239999771118164,551528
2026-06-24 12:30:00,12.210000038146973,12.25,12.1899995803833,12.199999809265137,411479
2026-06-24 12:45:00,12.170000076293945,12.220000267028809,12.15999984741211,12.210000038146973,594259
2026-06-24 13:00:00,12.149999618530273,12.180000305175781,12.119999885559082,12.170000076293945,678783
2026-06-24 13:15:00,12.260000228881836,12.279999732971191,12.119999885559082,12.15999984741211,947621
2026-06-24 13:30:00,12.319999694824219,12.34000015258789,12.25,12.270000457763672,637596
2026-06-24 13:45:00,12.289999961853027,12.34000015258789,12.25,12.329999923706055,758330
2026-06-24 14:00:00,12.319999694824219,12.350000381469727,12.260000228881836,12.300000190734863,484131
2026-06-24 14:15:00,12.34000015258789,12.399999618530273,12.300000190734863,12.319999694824219,783503
2026-06-24 14:30:00,12.3100004196167,12.34000015258789,12.300000190734863,12.329999923706055,519613
2026-06-24 14:45:00,12.300000190734863,12.359999656677246,12.300000190734863,12.319999694824219,468061
2026-06-24 15:00:00,12.279999732971191,12.34000015258789,12.229999542236328,12.3100004196167,818887
2026-06-24 15:15:00,12.289999961853027,12.3100004196167,12.25,12.270000457763672,308641
2026-06-24 15:30:00,12.270000457763672,12.3100004196167,12.270000457763672,12.279999732971191,272261
2026-06-24 15:45:00,12.289999961853027,12.289999961853027,12.270000457763672,12.279999732971191,229272
2026-06-24 16:00:00,12.319999694824219,12.319999694824219,12.270000457763672,12.279999732971191,575504
2026-06-24 16:15:00,12.319999694824219,12.359999656677246,12.300000190734863,12.319999694824219,419885
2026-06-24 16:30:00,12.289999961853027,12.329999923706055,12.279999732971191,12.319999694824219,543052
2026-06-24 16:45:00,12.319999694824219,12.34000015258789,12.279999732971191,12.279999732971191,620568
2026-06-24 17:00:00,12.25,12.319999694824219,12.220000267028809,12.319999694824219,736323
2026-06-24 17:15:00,12.25,12.289999961853027,12.239999771118164,12.25,502334
2026-06-24 17:30:00,12.289999961853027,12.300000190734863,12.210000038146973,12.260000228881836,1023494
2026-06-24 17:45:00,12.25,12.300000190734863,12.199999809265137,12.300000190734863,1315545
2026-06-25 09:45:00,12.319999694824219,12.319999694824219,12.319999694824219,12.319999694824219,0
2026-06-25 10:00:00,12.399999618530273,12.529999732971191,12.300000190734863,12.300000190734863,3207975
2026-06-25 10:15:00,12.399999618530273,12.4399995803833,12.3100004196167,12.399999618530273,975523
2026-06-25 10:30:00,12.479999542236328,12.489999771118164,12.390000343322754,12.40999984741211,868192
2026-06-25 10:45:00,12.569999694824219,12.569999694824219,12.4399995803833,12.479999542236328,1362208
2026-06-25 11:00:00,12.550000190734863,12.649999618530273,12.520000457763672,12.569999694824219,2230459
2026-06-25 11:15:00,12.579999923706055,12.59000015258789,12.510000228881836,12.550000190734863,647184
2026-06-25 11:30:00,12.609999656677246,12.609999656677246,12.539999961853027,12.579999923706055,758076
2026-06-25 11:45:00,12.600000381469727,12.640000343322754,12.569999694824219,12.600000381469727,1408581
2026-06-25 12:00:00,12.569999694824219,12.65999984741211,12.550000190734863,12.609999656677246,1477167
2026-06-25 12:15:00,12.5,12.579999923706055,12.5,12.569999694824219,743214
2026-06-25 12:30:00,12.470000267028809,12.550000190734863,12.470000267028809,12.5,546107
2026-06-25 12:45:00,12.460000038146973,12.489999771118164,12.40999984741211,12.470000267028809,1258611
2026-06-25 13:00:00,12.479999542236328,12.489999771118164,12.449999809265137,12.460000038146973,519281
2026-06-25 13:15:00,12.5,12.5,12.460000038146973,12.470000267028809,184599
2026-06-25 13:30:00,12.5,12.84000015258789,12.489999771118164,12.510000228881836,3550615
2026-06-25 13:45:00,12.59000015258789,12.600000381469727,12.489999771118164,12.5,1167460
2026-06-25 14:00:00,12.510000228881836,12.59000015258789,12.5,12.59000015258789,426448
2026-06-25 14:15:00,12.529999732971191,12.619999885559082,12.5,12.510000228881836,1048822
2026-06-25 14:30:00,12.5600004196167,12.600000381469727,12.510000228881836,12.520000457763672,797970
2026-06-25 14:45:00,12.460000038146973,12.569999694824219,12.4399995803833,12.5600004196167,1368534
2026-06-25 15:00:00,12.449999809265137,12.5,12.430000305175781,12.449999809265137,1137647
2026-06-25 15:15:00,12.350000381469727,12.460000038146973,12.319999694824219,12.460000038146973,1834639
2026-06-25 15:30:00,12.329999923706055,12.359999656677246,12.260000228881836,12.350000381469727,755697
2026-06-25 15:45:00,12.460000038146973,12.5,12.34000015258789,12.34000015258789,1701088
2026-06-25 16:00:00,12.369999885559082,12.449999809265137,12.34000015258789,12.449999809265137,985195
2026-06-25 16:15:00,12.390000343322754,12.399999618530273,12.369999885559082,12.380000114440918,244394
2026-06-25 16:30:00,12.319999694824219,12.430000305175781,12.3100004196167,12.390000343322754,989250
2026-06-25 16:45:00,12.350000381469727,12.369999885559082,12.25,12.319999694824219,1588518
2026-06-25 17:00:00,12.300000190734863,12.350000381469727,12.289999961853027,12.350000381469727,248002
2026-06-25 17:15:00,12.300000190734863,12.319999694824219,12.289999961853027,12.289999961853027,580907
2026-06-25 17:30:00,12.279999732971191,12.3100004196167,12.270000457763672,12.300000190734863,389951
2026-06-25 17:45:00,12.260000228881836,12.279999732971191,12.239999771118164,12.270000457763672,910464
2026-06-26 09:45:00,12.270000457763672,12.270000457763672,12.270000457763672,12.270000457763672,0
2026-06-26 10:00:00,12.210000038146973,12.350000381469727,12.199999809265137,12.270000457763672,1572165
2026-06-26 10:15:00,12.050000190734863,12.229999542236328,12.020000457763672,12.199999809265137,1714892
2026-06-26 10:30:00,12.109999656677246,12.180000305175781,12.010000228881836,12.050000190734863,1167913
2026-06-26 10:45:00,12.029999732971191,12.15999984741211,12.020000457763672,12.109999656677246,1069029
2026-06-26 11:00:00,12.0,12.210000038146973,11.880000114440918,12.029999732971191,2622497
2026-06-26 11:15:00,11.930000305175781,12.0,11.90999984741211,11.989999771118164,738493
2026-06-26 11:30:00,11.729999542236328,11.9399995803833,11.680000305175781,11.930000305175781,3808424
2026-06-26 11:45:00,11.930000305175781,11.949999809265137,11.729999542236328,11.729999542236328,2589459
2026-06-26 12:00:00,11.899999618530273,11.949999809265137,11.869999885559082,11.9399995803833,605072
2026-06-26 12:15:00,11.920000076293945,11.960000038146973,11.899999618530273,11.899999618530273,425302
2026-06-26 12:30:00,11.930000305175781,11.970000267028809,11.899999618530273,11.90999984741211,380905
2026-06-26 12:45:00,11.960000038146973,11.989999771118164,11.890000343322754,11.9399995803833,893784
2026-06-26 13:00:00,12.029999732971191,12.039999961853027,11.949999809265137,11.970000267028809,670469
2026-06-26 13:15:00,12.09000015258789,12.09000015258789,12.010000228881836,12.029999732971191,435770
2026-06-26 13:30:00,12.130000114440918,12.149999618530273,12.069999694824219,12.079999923706055,607612
2026-06-26 13:45:00,12.020000457763672,12.140000343322754,12.0,12.130000114440918,864002
2026-06-26 14:00:00,12.0,12.039999961853027,11.960000038146973,12.029999732971191,600562
2026-06-26 14:15:00,12.039999961853027,12.050000190734863,12.0,12.0,255209
2026-06-26 14:30:00,11.9399995803833,12.029999732971191,11.9399995803833,12.029999732971191,394619
2026-06-26 14:45:00,11.829999923706055,11.949999809265137,11.819999694824219,11.9399995803833,1179252
2026-06-26 15:00:00,11.8100004196167,11.84000015258789,11.75,11.829999923706055,591392
2026-06-26 15:15:00,11.859999656677246,11.869999885559082,11.789999961853027,11.8100004196167,1093222
2026-06-26 15:30:00,11.819999694824219,11.859999656677246,11.8100004196167,11.859999656677246,256864
2026-06-26 15:45:00,11.829999923706055,11.84000015258789,11.8100004196167,11.819999694824219,225586
2026-06-26 16:00:00,11.789999961853027,11.850000381469727,11.779999732971191,11.829999923706055,437741
2026-06-26 16:15:00,11.789999961853027,11.8100004196167,11.770000457763672,11.800000190734863,217704
2026-06-26 16:30:00,11.779999732971191,11.829999923706055,11.770000457763672,11.779999732971191,566850
2026-06-26 16:45:00,11.890000343322754,11.899999618530273,11.770000457763672,11.779999732971191,1053844
2026-06-26 17:00:00,11.90999984741211,11.920000076293945,11.880000114440918,11.899999618530273,423458
2026-06-26 17:15:00,11.859999656677246,11.9399995803833,11.850000381469727,11.90999984741211,742396
2026-06-26 17:30:00,11.869999885559082,11.890000343322754,11.850000381469727,11.850000381469727,619109
2026-06-26 17:45:00,11.899999618530273,11.930000305175781,11.84000015258789,11.859999656677246,1089428
2026-06-29 09:45:00,12.039999961853027,12.039999961853027,12.039999961853027,12.039999961853027,0
2026-06-29 10:00:00,11.960000038146973,12.149999618530273,11.869999885559082,12.050000190734863,3056969
2026-06-29 10:15:00,11.90999984741211,11.970000267028809,11.869999885559082,11.970000267028809,1014434
2026-06-29 10:30:00,11.829999923706055,11.930000305175781,11.800000190734863,11.920000076293945,1067123
2026-06-29 10:45:00,11.789999961853027,11.850000381469727,11.789999961853027,11.84000015258789,914830
2026-06-29 11:00:00,11.899999618530273,11.90999984741211,11.75,11.800000190734863,2154190
2026-06-29 11:15:00,11.84000015258789,11.899999618530273,11.8100004196167,11.890000343322754,657597
2026-06-29 11:30:00,11.84000015258789,11.850000381469727,11.8100004196167,11.84000015258789,471410
2026-06-29 11:45:00,11.869999885559082,11.880000114440918,11.829999923706055,11.84000015258789,253476
2026-06-29 12:00:00,11.930000305175781,11.930000305175781,11.869999885559082,11.869999885559082,648959
2026-06-29 12:15:00,11.920000076293945,11.9399995803833,11.920000076293945,11.930000305175781,230209
2026-06-29 12:30:00,11.869999885559082,11.9399995803833,11.859999656677246,11.920000076293945,973519
2026-06-29 12:45:00,11.9399995803833,11.960000038146973,11.850000381469727,11.869999885559082,582488
2026-06-29 13:00:00,12.039999961853027,12.069999694824219,11.9399995803833,11.949999809265137,1760045
2026-06-29 13:15:00,12.079999923706055,12.09000015258789,12.020000457763672,12.029999732971191,984111
2026-06-29 13:30:00,12.020000457763672,12.079999923706055,12.0,12.069999694824219,453754
2026-06-29 13:45:00,12.0,12.029999732971191,11.979999542236328,12.010000228881836,228404
2026-06-29 14:00:00,11.989999771118164,12.020000457763672,11.989999771118164,12.0,182080
2026-06-29 14:15:00,11.989999771118164,12.010000228881836,11.979999542236328,12.0,316946
2026-06-29 14:30:00,11.970000267028809,12.0,11.949999809265137,11.989999771118164,231353
2026-06-29 14:45:00,11.930000305175781,11.970000267028809,11.920000076293945,11.970000267028809,242897
2026-06-29 15:00:00,11.949999809265137,11.960000038146973,11.920000076293945,11.930000305175781,324562
2026-06-29 15:15:00,11.979999542236328,12.050000190734863,11.930000305175781,11.949999809265137,678440
2026-06-29 15:30:00,11.970000267028809,11.989999771118164,11.949999809265137,11.979999542236328,251852
2026-06-29 15:45:00,11.970000267028809,11.979999542236328,11.949999809265137,11.979999542236328,177239
2026-06-29 16:00:00,11.9399995803833,11.979999542236328,11.930000305175781,11.960000038146973,101614
2026-06-29 16:15:00,11.90999984741211,11.9399995803833,11.899999618530273,11.930000305175781,126459
2026-06-29 16:30:00,11.920000076293945,11.9399995803833,11.890000343322754,11.90999984741211,370603
2026-06-29 16:45:00,11.850000381469727,11.930000305175781,11.84000015258789,11.920000076293945,918949
2026-06-29 17:00:00,11.789999961853027,11.869999885559082,11.779999732971191,11.859999656677246,1269839
2026-06-29 17:15:00,11.800000190734863,11.829999923706055,11.760000228881836,11.789999961853027,768151
2026-06-29 17:30:00,11.8100004196167,11.829999923706055,11.789999961853027,11.800000190734863,303898
2026-06-29 17:45:00,11.729999542236328,11.8100004196167,11.710000038146973,11.8100004196167,1302903
2026-06-30 09:45:00,11.710000038146973,11.710000038146973,11.710000038146973,11.710000038146973,0
2026-06-30 10:00:00,11.84000015258789,11.989999771118164,11.6899995803833,11.720000267028809,3314074
2026-06-30 10:15:00,11.8100004196167,11.880000114440918,11.8100004196167,11.84000015258789,612603
2026-06-30 10:30:00,11.800000190734863,11.819999694824219,11.770000457763672,11.8100004196167,596994
2026-06-30 10:45:00,11.800000190734863,11.850000381469727,11.779999732971191,11.8100004196167,399657
2026-06-30 11:00:00,11.699999809265137,11.8100004196167,11.699999809265137,11.800000190734863,765652
2026-06-30 11:15:00,11.729999542236328,11.75,11.699999809265137,11.720000267028809,376440
2026-06-30 11:30:00,11.739999771118164,11.770000457763672,11.720000267028809,11.729999542236328,221031
2026-06-30 11:45:00,11.729999542236328,11.760000228881836,11.710000038146973,11.729999542236328,281901
2026-06-30 12:00:00,11.789999961853027,11.800000190734863,11.710000038146973,11.729999542236328,282870
2026-06-30 12:15:00,11.739999771118164,11.779999732971191,11.739999771118164,11.770000457763672,191179
2026-06-30 12:30:00,11.739999771118164,11.760000228881836,11.710000038146973,11.739999771118164,247480
2026-06-30 12:45:00,11.729999542236328,11.760000228881836,11.720000267028809,11.739999771118164,150223
2026-06-30 13:00:00,11.75,11.75,11.6899995803833,11.729999542236328,602689
2026-06-30 13:15:00,11.710000038146973,11.760000228881836,11.710000038146973,11.739999771118164,443107
2026-06-30 13:30:00,11.699999809265137,11.720000267028809,11.699999809265137,11.710000038146973,163090
2026-06-30 13:45:00,11.720000267028809,11.720000267028809,11.6899995803833,11.699999809265137,74834
2026-06-30 14:00:00,11.710000038146973,11.75,11.699999809265137,11.720000267028809,335538
2026-06-30 14:15:00,11.649999618530273,11.729999542236328,11.649999618530273,11.710000038146973,378892
2026-06-30 14:30:00,11.640000343322754,11.720000267028809,11.630000114440918,11.649999618530273,913112
2026-06-30 14:45:00,11.579999923706055,11.640000343322754,11.510000228881836,11.640000343322754,1300401
2026-06-30 15:00:00,11.510000228881836,11.579999923706055,11.5,11.569999694824219,873001
2026-06-30 15:15:00,11.470000267028809,11.529999732971191,11.4399995803833,11.510000228881836,819209
2026-06-30 15:30:00,11.489999771118164,11.550000190734863,11.4399995803833,11.470000267028809,1594688
2026-06-30 15:45:00,11.510000228881836,11.520000457763672,11.449999809265137,11.489999771118164,515293
2026-06-30 16:00:00,11.59000015258789,11.609999656677246,11.489999771118164,11.5,616587
2026-06-30 16:15:00,11.569999694824219,11.600000381469727,11.529999732971191,11.59000015258789,558042
2026-06-30 16:30:00,11.59000015258789,11.680000305175781,11.529999732971191,11.569999694824219,1305615
2026-06-30 16:45:00,11.59000015258789,11.609999656677246,11.569999694824219,11.579999923706055,407465
2026-06-30 17:00:00,11.529999732971191,11.59000015258789,11.5,11.59000015258789,517033
2026-06-30 17:15:00,11.489999771118164,11.550000190734863,11.470000267028809,11.529999732971191,757838
2026-06-30 17:30:00,11.4399995803833,11.520000457763672,11.390000343322754,11.479999542236328,1899101
2026-06-30 17:45:00,11.4399995803833,11.460000038146973,11.380000114440918,11.449999809265137,1497690
2026-07-01 09:45:00,11.430000305175781,11.430000305175781,11.430000305175781,11.430000305175781,0
2026-07-01 10:00:00,11.34000015258789,11.4399995803833,11.270000457763672,11.420000076293945,2410313
2026-07-01 10:15:00,11.460000038146973,11.470000267028809,11.289999961853027,11.329999923706055,2238735
2026-07-01 10:30:00,11.489999771118164,11.489999771118164,11.390000343322754,11.460000038146973,1160315
2026-07-01 10:45:00,11.449999809265137,11.510000228881836,11.4399995803833,11.5,539140
2026-07-01 11:00:00,11.420000076293945,11.449999809265137,11.399999618530273,11.449999809265137,455788
2026-07-01 11:15:00,11.390000343322754,11.420000076293945,11.359999656677246,11.420000076293945,355214
2026-07-01 11:30:00,11.369999885559082,11.399999618530273,11.359999656677246,11.390000343322754,344210
2026-07-01 11:45:00,11.359999656677246,11.40999984741211,11.350000381469727,11.380000114440918,452896
2026-07-01 12:00:00,11.270000457763672,11.359999656677246,11.270000457763672,11.350000381469727,1066451
2026-07-01 12:15:00,11.319999694824219,11.350000381469727,11.25,11.270000457763672,589312
2026-07-01 12:30:00,11.34000015258789,11.380000114440918,11.300000190734863,11.3100004196167,713179
2026-07-01 12:45:00,11.430000305175781,11.4399995803833,11.329999923706055,11.34000015258789,1013274
2026-07-01 13:00:00,11.399999618530273,11.4399995803833,11.34000015258789,11.430000305175781,1346901
2026-07-01 13:15:00,11.399999618530273,11.430000305175781,11.390000343322754,11.399999618530273,260187
2026-07-01 13:30:00,11.399999618530273,11.430000305175781,11.380000114440918,11.399999618530273,495959
2026-07-01 13:45:00,11.369999885559082,11.430000305175781,11.359999656677246,11.399999618530273,447746
2026-07-01 14:00:00,11.430000305175781,11.460000038146973,11.369999885559082,11.369999885559082,824419
2026-07-01 14:15:00,11.460000038146973,11.489999771118164,11.430000305175781,11.4399995803833,331512
2026-07-01 14:30:00,11.5,11.520000457763672,11.4399995803833,11.460000038146973,1075215
2026-07-01 14:45:00,11.479999542236328,11.510000228881836,11.430000305175781,11.510000228881836,473990
2026-07-01 15:00:00,11.470000267028809,11.5,11.4399995803833,11.479999542236328,544200
2026-07-01 15:15:00,11.4399995803833,11.460000038146973,11.40999984741211,11.460000038146973,310523
2026-07-01 15:30:00,11.449999809265137,11.470000267028809,11.430000305175781,11.4399995803833,313326
2026-07-01 15:45:00,11.390000343322754,11.449999809265137,11.390000343322754,11.449999809265137,427172
2026-07-01 16:00:00,11.359999656677246,11.399999618530273,11.350000381469727,11.390000343322754,486583
2026-07-01 16:15:00,11.329999923706055,11.399999618530273,11.319999694824219,11.359999656677246,494194
2026-07-01 16:30:00,11.369999885559082,11.390000343322754,11.229999542236328,11.329999923706055,1063221
2026-07-01 16:45:00,11.300000190734863,11.430000305175781,11.279999732971191,11.380000114440918,1887211
2026-07-01 17:00:00,11.25,11.3100004196167,11.170000076293945,11.300000190734863,1647804
2026-07-01 17:15:00,11.220000267028809,11.260000228881836,11.1899995803833,11.260000228881836,1033082
2026-07-01 17:30:00,11.100000381469727,11.220000267028809,11.09000015258789,11.220000267028809,1154564
2026-07-01 17:45:00,11.130000114440918,11.180000305175781,11.09000015258789,11.09000015258789,1546555
2026-07-02 09:45:00,11.140000343322754,11.140000343322754,11.140000343322754,11.140000343322754,0
2026-07-02 10:00:00,11.260000228881836,11.329999923706055,11.149999618530273,11.149999618530273,2650208
2026-07-02 10:15:00,11.289999961853027,11.3100004196167,11.210000038146973,11.260000228881836,1369475
2026-07-02 10:30:00,11.34000015258789,11.380000114440918,11.25,11.279999732971191,1549294
2026-07-02 10:45:00,11.4399995803833,11.479999542236328,11.34000015258789,11.350000381469727,2019005
2026-07-02 11:00:00,11.369999885559082,11.449999809265137,11.359999656677246,11.430000305175781,472299
2026-07-02 11:15:00,11.470000267028809,11.510000228881836,11.380000114440918,11.380000114440918,2222625
2026-07-02 11:30:00,11.5,11.520000457763672,11.460000038146973,11.470000267028809,838593
2026-07-02 11:45:00,11.489999771118164,11.510000228881836,11.4399995803833,11.5,548250
2026-07-02 12:00:00,11.479999542236328,11.539999961853027,11.479999542236328,11.479999542236328,1073154
2026-07-02 12:15:00,11.449999809265137,11.489999771118164,11.430000305175781,11.489999771118164,770805
2026-07-02 12:30:00,11.449999809265137,11.479999542236328,11.430000305175781,11.449999809265137,427375
2026-07-02 12:45:00,11.40999984741211,11.4399995803833,11.40999984741211,11.4399995803833,223274
2026-07-02 13:00:00,11.4399995803833,11.449999809265137,11.390000343322754,11.40999984741211,299298
2026-07-02 13:15:00,11.470000267028809,11.510000228881836,11.399999618530273,11.4399995803833,963858
2026-07-02 13:30:00,11.390000343322754,11.510000228881836,11.359999656677246,11.460000038146973,1708872
2026-07-02 13:45:00,11.3100004196167,11.390000343322754,11.300000190734863,11.390000343322754,736534
2026-07-02 14:00:00,11.270000457763672,11.319999694824219,11.239999771118164,11.319999694824219,666705
2026-07-02 14:15:00,11.279999732971191,11.300000190734863,11.260000228881836,11.260000228881836,343596
2026-07-02 14:30:00,11.220000267028809,11.279999732971191,11.199999809265137,11.270000457763672,664120
2026-07-02 14:45:00,11.170000076293945,11.220000267028809,11.149999618530273,11.210000038146973,956957
2026-07-02 15:00:00,11.140000343322754,11.170000076293945,11.09000015258789,11.170000076293945,781089
2026-07-02 15:15:00,11.109999656677246,11.149999618530273,11.109999656677246,11.140000343322754,414728
2026-07-02 15:30:00,11.100000381469727,11.140000343322754,11.09000015258789,11.109999656677246,521292
2026-07-02 15:45:00,11.050000190734863,11.130000114440918,11.050000190734863,11.109999656677246,847825
2026-07-02 16:00:00,11.0,11.199999809265137,11.0,11.0600004196167,1412060
2026-07-02 16:15:00,11.010000228881836,11.020000457763672,10.960000038146973,11.0,811684
2026-07-02 16:30:00,11.0600004196167,11.079999923706055,10.920000076293945,11.0,1599950
2026-07-02 16:45:00,11.0600004196167,11.149999618530273,11.050000190734863,11.0600004196167,843550
2026-07-02 17:00:00,11.109999656677246,11.130000114440918,11.050000190734863,11.069999694824219,464540
2026-07-02 17:15:00,11.119999885559082,11.170000076293945,11.0600004196167,11.109999656677246,1109346
2026-07-02 17:30:00,11.15999984741211,11.180000305175781,11.109999656677246,11.119999885559082,763462
2026-07-02 17:45:00,11.130000114440918,11.170000076293945,11.0600004196167,11.15999984741211,2053985
2026-07-03 09:45:00,11.25,11.25,11.25,11.25,0
2026-07-03 10:00:00,11.25,11.300000190734863,11.130000114440918,11.239999771118164,2015357
2026-07-03 10:15:00,11.289999961853027,11.329999923706055,11.1899995803833,11.260000228881836,2044924
2026-07-03 10:30:00,11.25,11.319999694824219,11.210000038146973,11.300000190734863,883079
2026-07-03 10:45:00,11.229999542236328,11.270000457763672,11.229999542236328,11.260000228881836,516241
2026-07-03 11:00:00,11.199999809265137,11.239999771118164,11.180000305175781,11.239999771118164,713713
2026-07-03 11:15:00,11.319999694824219,11.329999923706055,11.180000305175781,11.199999809265137,1103905
2026-07-03 11:30:00,11.279999732971191,11.3100004196167,11.239999771118164,11.3100004196167,526114
2026-07-03 11:45:00,11.25,11.289999961853027,11.25,11.279999732971191,294954
2026-07-03 12:00:00,11.25,11.270000457763672,11.229999542236328,11.260000228881836,361637
2026-07-03 12:15:00,11.199999809265137,11.270000457763672,11.1899995803833,11.25,344053
2026-07-03 12:30:00,11.300000190734863,11.3100004196167,11.180000305175781,11.1899995803833,1036260
2026-07-03 12:45:00,11.279999732971191,11.300000190734863,11.239999771118164,11.289999961853027,311011
2026-07-03 13:00:00,11.350000381469727,11.350000381469727,11.260000228881836,11.289999961853027,664375
2026-07-03 13:15:00,11.3100004196167,11.380000114440918,11.300000190734863,11.359999656677246,842974
2026-07-03 13:30:00,11.270000457763672,11.3100004196167,11.270000457763672,11.3100004196167,210871
2026-07-03 13:45:00,11.289999961853027,11.300000190734863,11.260000228881836,11.279999732971191,185259
2026-07-03 14:00:00,11.1899995803833,11.329999923706055,11.1899995803833,11.300000190734863,939077
2026-07-03 14:15:00,11.220000267028809,11.239999771118164,11.180000305175781,11.1899995803833,249415
2026-07-03 14:30:00,11.1899995803833,11.229999542236328,11.170000076293945,11.220000267028809,620861
2026-07-03 14:45:00,11.15999984741211,11.1899995803833,11.100000381469727,11.1899995803833,714944
2026-07-03 15:00:00,11.109999656677246,11.170000076293945,11.109999656677246,11.170000076293945,266485
2026-07-03 15:15:00,11.079999923706055,11.109999656677246,11.0600004196167,11.100000381469727,647354
2026-07-03 15:30:00,11.239999771118164,11.279999732971191,11.050000190734863,11.09000015258789,1483190
2026-07-03 15:45:00,11.40999984741211,11.489999771118164,11.1899995803833,11.25,6018258
2026-07-03 16:00:00,11.539999961853027,11.539999961853027,11.399999618530273,11.40999984741211,2321527
2026-07-03 16:15:00,11.539999961853027,11.579999923706055,11.520000457763672,11.539999961853027,1923448
2026-07-03 16:30:00,11.529999732971191,11.569999694824219,11.520000457763672,11.550000190734863,900606
2026-07-03 16:45:00,11.510000228881836,11.539999961853027,11.5,11.529999732971191,710458
2026-07-03 17:00:00,11.510000228881836,11.520000457763672,11.489999771118164,11.5,227358
2026-07-03 17:15:00,11.430000305175781,11.510000228881836,11.399999618530273,11.510000228881836,2231555
2026-07-03 17:30:00,11.380000114440918,11.460000038146973,11.350000381469727,11.420000076293945,2852485
2026-07-03 17:45:00,11.380000114440918,11.40999984741211,11.369999885559082,11.380000114440918,770363
2026-07-06 09:45:00,11.569999694824219,11.569999694824219,11.569999694824219,11.569999694824219,0
2026-07-06 10:00:00,11.529999732971191,11.630000114440918,11.449999809265137,11.569999694824219,3004080
2026-07-06 10:15:00,11.520000457763672,11.550000190734863,11.470000267028809,11.520000457763672,2989339
2026-07-06 10:30:00,11.539999961853027,11.550000190734863,11.4399995803833,11.520000457763672,3019941
2026-07-06 10:45:00,11.479999542236328,11.5600004196167,11.479999542236328,11.539999961853027,1441834
2026-07-06 11:00:00,11.5,11.520000457763672,11.470000267028809,11.489999771118164,552122
2026-07-06 11:15:00,11.5,11.529999732971191,11.470000267028809,11.510000228881836,1568028
2026-07-06 11:30:00,11.529999732971191,11.59000015258789,11.489999771118164,11.510000228881836,1591731
2026-07-06 11:45:00,11.550000190734863,11.579999923706055,11.520000457763672,11.539999961853027,832568
2026-07-06 12:00:00,11.550000190734863,11.5600004196167,11.529999732971191,11.550000190734863,366597
2026-07-06 12:15:00,11.550000190734863,11.5600004196167,11.539999961853027,11.5600004196167,490908
2026-07-06 12:30:00,11.5600004196167,11.59000015258789,11.520000457763672,11.550000190734863,768291
2026-07-06 12:45:00,11.510000228881836,11.579999923706055,11.5,11.5600004196167,1163178
2026-07-06 13:00:00,11.460000038146973,11.510000228881836,11.460000038146973,11.5,760395
2026-07-06 13:15:00,11.489999771118164,11.489999771118164,11.460000038146973,11.460000038146973,290432
2026-07-06 13:30:00,11.460000038146973,11.489999771118164,11.460000038146973,11.489999771118164,530991
2026-07-06 13:45:00,11.449999809265137,11.470000267028809,11.4399995803833,11.460000038146973,1160907
2026-07-06 14:00:00,11.420000076293945,11.449999809265137,11.420000076293945,11.449999809265137,1342498
2026-07-06 14:15:00,11.390000343322754,11.420000076293945,11.380000114440918,11.420000076293945,1219244
2026-07-06 14:30:00,11.5600004196167,11.640000343322754,11.390000343322754,11.390000343322754,3896295
2026-07-06 14:45:00,11.5600004196167,11.630000114440918,11.529999732971191,11.569999694824219,1228338
2026-07-06 15:00:00,11.550000190734863,11.619999885559082,11.529999732971191,11.5600004196167,1555928
2026-07-06 15:15:00,11.479999542236328,11.569999694824219,11.470000267028809,11.550000190734863,761618
2026-07-06 15:30:00,11.4399995803833,11.510000228881836,11.4399995803833,11.479999542236328,698071
2026-07-06 15:45:00,11.4399995803833,11.460000038146973,11.430000305175781,11.449999809265137,383029
2026-07-06 16:00:00,11.399999618530273,11.449999809265137,11.390000343322754,11.4399995803833,349641
2026-07-06 16:15:00,11.359999656677246,11.40999984741211,11.350000381469727,11.40999984741211,2200973
2026-07-06 16:30:00,11.359999656677246,11.380000114440918,11.350000381469727,11.359999656677246,656473
2026-07-06 16:45:00,11.380000114440918,11.380000114440918,11.350000381469727,11.369999885559082,461087
2026-07-06 17:00:00,11.380000114440918,11.420000076293945,11.359999656677246,11.380000114440918,375012
2026-07-06 17:15:00,11.399999618530273,11.460000038146973,11.390000343322754,11.390000343322754,458149
2026-07-06 17:30:00,11.420000076293945,11.420000076293945,11.369999885559082,11.40999984741211,472017
2026-07-06 17:45:00,11.25,11.420000076293945,11.210000038146973,11.420000076293945,2942529
2026-07-07 09:45:00,11.25,11.25,11.25,11.25,0
2026-07-07 10:00:00,11.130000114440918,11.270000457763672,11.069999694824219,11.25,2106299
2026-07-07 10:15:00,11.100000381469727,11.119999885559082,11.069999694824219,11.119999885559082,630667
2026-07-07 10:30:00,11.079999923706055,11.149999618530273,11.069999694824219,11.100000381469727,590267
2026-07-07 10:45:00,11.069999694824219,11.100000381469727,11.050000190734863,11.079999923706055,476602
2026-07-07 11:00:00,11.100000381469727,11.119999885559082,11.050000190734863,11.069999694824219,466422
2026-07-07 11:15:00,11.100000381469727,11.119999885559082,11.069999694824219,11.09000015258789,285541
2026-07-07 11:30:00,11.079999923706055,11.140000343322754,11.079999923706055,11.100000381469727,351085
2026-07-07 11:45:00,11.010000228881836,11.100000381469727,11.0,11.079999923706055,865618
2026-07-07 12:00:00,10.970000267028809,11.010000228881836,10.960000038146973,11.010000228881836,834810
2026-07-07 12:15:00,11.09000015258789,11.170000076293945,10.979999542236328,10.979999542236328,1873727
2026-07-07 12:30:00,11.119999885559082,11.119999885559082,11.079999923706055,11.09000015258789,392265
2026-07-07 12:45:00,11.109999656677246,11.149999618530273,11.079999923706055,11.119999885559082,644256
2026-07-07 13:00:00,11.119999885559082,11.15999984741211,11.109999656677246,11.119999885559082,655856
2026-07-07 13:15:00,11.15999984741211,11.180000305175781,11.109999656677246,11.119999885559082,315459
2026-07-07 13:30:00,11.140000343322754,11.15999984741211,11.100000381469727,11.15999984741211,174114
2026-07-07 13:45:00,11.130000114440918,11.149999618530273,11.109999656677246,11.140000343322754,254643
2026-07-07 14:00:00,11.119999885559082,11.149999618530273,11.109999656677246,11.130000114440918,508807
2026-07-07 14:15:00,11.100000381469727,11.140000343322754,11.079999923706055,11.119999885559082,441989
2026-07-07 14:30:00,11.109999656677246,11.119999885559082,11.09000015258789,11.100000381469727,401268
2026-07-07 14:45:00,11.130000114440918,11.149999618530273,11.100000381469727,11.109999656677246,344327
2026-07-07 15:00:00,11.109999656677246,11.149999618530273,11.109999656677246,11.130000114440918,229376
2026-07-07 15:15:00,11.109999656677246,11.130000114440918,11.100000381469727,11.119999885559082,291836
2026-07-07 15:30:00,11.100000381469727,11.119999885559082,11.079999923706055,11.109999656677246,240776
2026-07-07 15:45:00,11.109999656677246,11.109999656677246,11.079999923706055,11.100000381469727,306194
2026-07-07 16:00:00,11.0600004196167,11.109999656677246,11.020000457763672,11.109999656677246,889899
2026-07-07 16:15:00,10.880000114440918,11.069999694824219,10.850000381469727,11.0600004196167,2632122
2026-07-07 16:30:00,10.899999618530273,10.949999809265137,10.819999694824219,10.869999885559082,2223628
2026-07-07 16:45:00,11.100000381469727,11.15999984741211,10.890000343322754,10.90999984741211,2022614
2026-07-07 17:00:00,10.949999809265137,11.119999885559082,10.9399995803833,11.100000381469727,2866391
2026-07-07 17:15:00,11.020000457763672,11.039999961853027,10.90999984741211,10.960000038146973,1144604
2026-07-07 17:30:00,11.020000457763672,11.0600004196167,11.0,11.020000457763672,883226
2026-07-07 17:45:00,10.970000267028809,11.020000457763672,10.960000038146973,11.020000457763672,1109486
2026-07-08 09:45:00,11.020000457763672,11.020000457763672,11.020000457763672,11.020000457763672,0
2026-07-08 10:00:00,11.039999961853027,11.069999694824219,10.9399995803833,11.020000457763672,2180880
2026-07-08 10:15:00,11.069999694824219,11.140000343322754,11.029999732971191,11.029999732971191,1721183
2026-07-08 10:30:00,11.039999961853027,11.069999694824219,11.020000457763672,11.069999694824219,446632
2026-07-08 10:45:00,10.930000305175781,11.039999961853027,10.920000076293945,11.039999961853027,1006638
2026-07-08 11:00:00,10.770000457763672,10.979999542236328,10.729999542236328,10.930000305175781,2027133
2026-07-08 11:15:00,10.510000228881836,10.8100004196167,10.470000267028809,10.770000457763672,4797579
2026-07-08 11:30:00,10.5,10.579999923706055,10.470000267028809,10.510000228881836,1622319
2026-07-08 11:45:00,10.470000267028809,10.550000190734863,10.470000267028809,10.5,627355
2026-07-08 12:00:00,10.40999984741211,10.5,10.359999656677246,10.489999771118164,2248236
2026-07-08 12:15:00,10.289999961853027,10.430000305175781,10.25,10.40999984741211,2185779
2026-07-08 12:30:00,10.229999542236328,10.319999694824219,10.210000038146973,10.279999732971191,1409652
2026-07-08 12:45:00,10.260000228881836,10.300000190734863,10.220000267028809,10.229999542236328,775436
2026-07-08 13:00:00,10.239999771118164,10.279999732971191,10.210000038146973,10.270000457763672,445059
2026-07-08 13:15:00,10.270000457763672,10.270000457763672,10.210000038146973,10.229999542236328,654912
2026-07-08 13:30:00,10.329999923706055,10.40999984741211,10.25,10.260000228881836,1540426
2026-07-08 13:45:00,10.359999656677246,10.369999885559082,10.3100004196167,10.329999923706055,421649
2026-07-08 14:00:00,10.390000343322754,10.5,10.359999656677246,10.369999885559082,2133975
2026-07-08 14:15:00,10.380000114440918,10.40999984741211,10.369999885559082,10.390000343322754,706624
2026-07-08 14:30:00,10.399999618530273,10.399999618530273,10.369999885559082,10.380000114440918,225276
2026-07-08 14:45:00,10.34000015258789,10.399999618530273,10.319999694824219,10.399999618530273,346540
2026-07-08 15:00:00,10.329999923706055,10.34000015258789,10.319999694824219,10.34000015258789,118292
2026-07-08 15:15:00,10.319999694824219,10.350000381469727,10.319999694824219,10.329999923706055,158615
2026-07-08 15:30:00,10.329999923706055,10.369999885559082,10.3100004196167,10.319999694824219,291259
2026-07-08 15:45:00,10.3100004196167,10.34000015258789,10.300000190734863,10.34000015258789,316769
2026-07-08 16:00:00,10.3100004196167,10.3100004196167,10.270000457763672,10.3100004196167,300508
2026-07-08 16:15:00,10.300000190734863,10.319999694824219,10.279999732971191,10.3100004196167,233292
2026-07-08 16:30:00,10.239999771118164,10.3100004196167,10.239999771118164,10.300000190734863,305305
2026-07-08 16:45:00,10.180000305175781,10.270000457763672,10.15999984741211,10.25,1002940
2026-07-08 17:00:00,10.180000305175781,10.1899995803833,10.130000114440918,10.180000305175781,547560
2026-07-08 17:15:00,10.079999923706055,10.270000457763672,10.0600004196167,10.180000305175781,2205320
2026-07-08 17:30:00,10.050000190734863,10.09000015258789,10.010000228881836,10.09000015258789,1589212
2026-07-08 17:45:00,10.010000228881836,10.180000305175781,9.989999771118164,10.050000190734863,2355476
2026-07-09 09:45:00,9.979999542236328,9.979999542236328,9.979999542236328,9.979999542236328,0
2026-07-09 10:00:00,9.770000457763672,10.069999694824219,9.6899995803833,9.979999542236328,4754359
2026-07-09 10:15:00,9.9399995803833,10.010000228881836,9.729999542236328,9.760000228881836,4028783
2026-07-09 10:30:00,10.010000228881836,10.050000190734863,9.90999984741211,9.9399995803833,1362044
2026-07-09 10:45:00,9.989999771118164,10.029999732971191,9.979999542236328,10.0,569633
2026-07-09 11:00:00,10.039999961853027,10.050000190734863,9.979999542236328,9.989999771118164,563499
2026-07-09 11:15:00,10.039999961853027,10.069999694824219,10.020000457763672,10.039999961853027,604243
2026-07-09 11:30:00,10.039999961853027,10.09000015258789,10.020000457763672,10.029999732971191,674498
2026-07-09 11:45:00,10.020000457763672,10.039999961853027,10.0,10.029999732971191,305463
2026-07-09 12:00:00,10.0,10.020000457763672,9.970000267028809,10.010000228881836,427500
2026-07-09 12:15:00,10.0600004196167,10.0600004196167,9.979999542236328,10.0,356792
2026-07-09 12:30:00,10.079999923706055,10.100000381469727,10.039999961853027,10.0600004196167,1399862
2026-07-09 12:45:00,10.0600004196167,10.079999923706055,10.039999961853027,10.069999694824219,251675
2026-07-09 13:00:00,10.039999961853027,10.0600004196167,10.029999732971191,10.0600004196167,217840
2026-07-09 13:15:00,10.039999961853027,10.050000190734863,10.029999732971191,10.050000190734863,222491
2026-07-09 13:30:00,9.960000038146973,10.050000190734863,9.960000038146973,10.039999961853027,517463
2026-07-09 13:45:00,9.920000076293945,9.970000267028809,9.859999656677246,9.960000038146973,1404516
2026-07-09 14:00:00,9.989999771118164,10.029999732971191,9.920000076293945,9.930000305175781,637081
2026-07-09 14:15:00,9.970000267028809,10.010000228881836,9.970000267028809,9.989999771118164,282097
2026-07-09 14:30:00,10.069999694824219,10.100000381469727,9.970000267028809,9.970000267028809,1516312
2026-07-09 14:45:00,10.050000190734863,10.069999694824219,10.039999961853027,10.0600004196167,151389
2026-07-09 15:00:00,10.069999694824219,10.09000015258789,10.050000190734863,10.0600004196167,349242
2026-07-09 15:15:00,10.100000381469727,10.100000381469727,10.0600004196167,10.09000015258789,359042
2026-07-09 15:30:00,10.0600004196167,10.149999618530273,10.050000190734863,10.100000381469727,968144
2026-07-09 15:45:00,10.109999656677246,10.119999885559082,10.039999961853027,10.050000190734863,260528
2026-07-09 16:00:00,10.399999618530273,10.40999984741211,10.100000381469727,10.100000381469727,4585772
2026-07-09 16:15:00,10.649999618530273,10.84000015258789,10.369999885559082,10.399999618530273,9927736
2026-07-09 16:30:00,10.59000015258789,10.729999542236328,10.569999694824219,10.649999618530273,4621607
2026-07-09 16:45:00,10.630000114440918,10.710000038146973,10.579999923706055,10.59000015258789,2017145
2026-07-09 17:00:00,10.550000190734863,10.640000343322754,10.520000457763672,10.630000114440918,1421459
2026-07-09 17:15:00,10.510000228881836,10.619999885559082,10.479999542236328,10.550000190734863,1429451
2026-07-09 17:30:00,10.600000381469727,10.600000381469727,10.470000267028809,10.510000228881836,1136697
2026-07-09 17:45:00,10.550000190734863,10.619999885559082,10.529999732971191,10.59000015258789,1308001
2026-07-10 09:45:00,10.619999885559082,10.619999885559082,10.619999885559082,10.619999885559082,0
2026-07-10 10:00:00,10.600000381469727,10.6899995803833,10.520000457763672,10.619999885559082,1730299
2026-07-10 10:15:00,10.520000457763672,10.640000343322754,10.520000457763672,10.600000381469727,663217
2026-07-10 10:30:00,10.539999961853027,10.649999618530273,10.510000228881836,10.529999732971191,1036902
2026-07-10 10:45:00,10.710000038146973,10.75,10.520000457763672,10.550000190734863,1747191
2026-07-10 11:00:00,10.600000381469727,10.729999542236328,10.529999732971191,10.710000038146973,1147681
2026-07-10 11:15:00,10.59000015258789,10.630000114440918,10.569999694824219,10.609999656677246,373416
2026-07-10 11:30:00,10.550000190734863,10.59000015258789,10.550000190734863,10.579999923706055,158570
2026-07-10 11:45:00,10.550000190734863,10.569999694824219,10.529999732971191,10.5600004196167,99809
2026-07-10 12:00:00,10.65999984741211,10.65999984741211,10.550000190734863,10.550000190734863,611299
2026-07-10 12:15:00,10.680000305175781,10.710000038146973,10.609999656677246,10.65999984741211,1180562
2026-07-10 12:30:00,10.800000190734863,10.850000381469727,10.600000381469727,10.6899995803833,5295194
2026-07-10 12:45:00,10.770000457763672,10.84000015258789,10.75,10.800000190734863,657064
2026-07-10 13:00:00,10.65999984741211,10.789999961853027,10.59000015258789,10.770000457763672,1531173
2026-07-10 13:15:00,10.680000305175781,10.699999809265137,10.640000343322754,10.65999984741211,416321
2026-07-10 13:30:00,10.84000015258789,10.869999885559082,10.670000076293945,10.670000076293945,1213039
2026-07-10 13:45:00,10.930000305175781,11.140000343322754,10.800000190734863,10.84000015258789,7440752
2026-07-10 14:00:00,11.050000190734863,11.09000015258789,10.819999694824219,10.90999984741211,8359808
2026-07-10 14:15:00,10.930000305175781,11.0600004196167,10.859999656677246,11.0600004196167,1697619
2026-07-10 14:30:00,10.970000267028809,10.989999771118164,10.949999809265137,10.949999809265137,247018
2026-07-10 14:45:00,10.890000343322754,10.979999542236328,10.880000114440918,10.979999542236328,472185
2026-07-10 15:00:00,10.979999542236328,11.069999694824219,10.880000114440918,10.890000343322754,1389028
2026-07-10 15:15:00,11.069999694824219,11.130000114440918,10.979999542236328,10.979999542236328,2326540
2026-07-10 15:30:00,11.069999694824219,11.199999809265137,11.050000190734863,11.069999694824219,1767469
2026-07-10 15:45:00,11.039999961853027,11.069999694824219,11.0,11.069999694824219,394220
2026-07-10 16:00:00,11.029999732971191,11.050000190734863,11.020000457763672,11.029999732971191,379318
2026-07-10 16:15:00,11.020000457763672,11.0600004196167,11.020000457763672,11.029999732971191,348715
2026-07-10 16:30:00,11.039999961853027,11.0600004196167,10.989999771118164,11.020000457763672,329205
2026-07-10 16:45:00,11.0600004196167,11.069999694824219,11.0,11.050000190734863,567877
2026-07-10 17:00:00,11.010000228881836,11.0600004196167,10.989999771118164,11.050000190734863,380093
2026-07-10 17:15:00,10.989999771118164,11.029999732971191,10.979999542236328,11.010000228881836,294228
2026-07-10 17:30:00,10.979999542236328,11.0,10.90999984741211,10.979999542236328,1218998
2026-07-10 17:45:00,10.890000343322754,10.970000267028809,10.770000457763672,10.970000267028809,2297710
2026-07-13 09:45:00,11.109999656677246,11.109999656677246,11.109999656677246,11.109999656677246,0
2026-07-13 10:00:00,11.329999923706055,11.380000114440918,11.020000457763672,11.09000015258789,5738872
2026-07-13 10:15:00,11.239999771118164,11.359999656677246,11.1899995803833,11.319999694824219,1978940
2026-07-13 10:30:00,11.239999771118164,11.260000228881836,11.1899995803833,11.220000267028809,864064
2026-07-13 10:45:00,11.180000305175781,11.239999771118164,11.15999984741211,11.239999771118164,553692
2026-07-13 11:00:00,11.289999961853027,11.319999694824219,11.170000076293945,11.180000305175781,580448
2026-07-13 11:15:00,11.229999542236328,11.300000190734863,11.210000038146973,11.289999961853027,281698
2026-07-13 11:30:00,11.149999618530273,11.229999542236328,11.149999618530273,11.229999542236328,262213
2026-07-13 11:45:00,11.149999618530273,11.170000076293945,11.140000343322754,11.149999618530273,307763
2026-07-13 12:00:00,11.09000015258789,11.15999984741211,11.069999694824219,11.15999984741211,355491
2026-07-13 12:15:00,11.069999694824219,11.130000114440918,11.029999732971191,11.100000381469727,391957
2026-07-13 12:30:00,11.050000190734863,11.109999656677246,11.039999961853027,11.069999694824219,355128
2026-07-13 12:45:00,11.029999732971191,11.100000381469727,11.020000457763672,11.050000190734863,425747
2026-07-13 13:00:00,11.109999656677246,11.119999885559082,10.989999771118164,11.020000457763672,843447
2026-07-13 13:15:00,11.149999618530273,11.170000076293945,11.069999694824219,11.109999656677246,471654
2026-07-13 13:30:00,11.130000114440918,11.15999984741211,11.069999694824219,11.140000343322754,234136
2026-07-13 13:45:00,11.109999656677246,11.149999618530273,11.109999656677246,11.140000343322754,96771
2026-07-13 14:00:00,11.170000076293945,11.1899995803833,11.09000015258789,11.109999656677246,459696
2026-07-13 14:15:00,11.1899995803833,11.199999809265137,11.15999984741211,11.170000076293945,163815
2026-07-13 14:30:00,11.210000038146973,11.220000267028809,11.180000305175781,11.1899995803833,241809
2026-07-13 14:45:00,11.1899995803833,11.260000228881836,11.180000305175781,11.210000038146973,482437
2026-07-13 15:00:00,11.180000305175781,11.229999542236328,11.180000305175781,11.1899995803833,311817
2026-07-13 15:15:00,11.220000267028809,11.220000267028809,11.170000076293945,11.199999809265137,127080
2026-07-13 15:30:00,11.199999809265137,11.279999732971191,11.1899995803833,11.220000267028809,583483
2026-07-13 15:45:00,11.15999984741211,11.210000038146973,11.149999618530273,11.1899995803833,240274
2026-07-13 16:00:00,11.199999809265137,11.220000267028809,11.149999618530273,11.15999984741211,220275
2026-07-13 16:15:00,11.15999984741211,11.199999809265137,11.149999618530273,11.199999809265137,373196
2026-07-13 16:30:00,11.170000076293945,11.210000038146973,11.140000343322754,11.15999984741211,230758
2026-07-13 16:45:00,11.170000076293945,11.180000305175781,11.140000343322754,11.15999984741211,247533
2026-07-13 17:00:00,11.140000343322754,11.210000038146973,11.119999885559082,11.170000076293945,491518
2026-07-13 17:15:00,11.109999656677246,11.140000343322754,11.069999694824219,11.140000343322754,279441
2026-07-13 17:30:00,11.119999885559082,11.119999885559082,11.050000190734863,11.109999656677246,354643
2026-07-13 17:45:00,11.0600004196167,11.130000114440918,11.039999961853027,11.119999885559082,628427
2026-07-14 09:45:00,11.0,11.0,11.0,11.0,0
2026-07-14 10:00:00,11.109999656677246,11.149999618530273,10.960000038146973,10.989999771118164,1615117
2026-07-14 10:15:00,10.960000038146973,11.130000114440918,10.9399995803833,11.119999885559082,1342919
2026-07-14 10:30:00,11.09000015258789,11.09000015258789,10.949999809265137,10.949999809265137,810690
2026-07-14 10:45:00,11.0600004196167,11.119999885559082,11.050000190734863,11.09000015258789,933968
2026-07-14 11:00:00,11.010000228881836,11.069999694824219,11.0,11.050000190734863,486804
2026-07-14 11:15:00,11.09000015258789,11.09000015258789,10.989999771118164,11.010000228881836,475907
2026-07-14 11:30:00,11.09000015258789,11.100000381469727,11.069999694824219,11.09000015258789,278064
2026-07-14 11:45:00,11.029999732971191,11.119999885559082,11.029999732971191,11.09000015258789,480297
2026-07-14 12:00:00,11.020000457763672,11.039999961853027,11.010000228881836,11.020000457763672,241321
2026-07-14 12:15:00,10.979999542236328,11.020000457763672,10.970000267028809,11.020000457763672,532631
2026-07-14 12:30:00,11.020000457763672,11.050000190734863,10.979999542236328,10.989999771118164,553532
2026-07-14 12:45:00,11.0600004196167,11.09000015258789,11.020000457763672,11.039999961853027,527139
2026-07-14 13:00:00,11.210000038146973,11.260000228881836,11.0600004196167,11.069999694824219,1595234
2026-07-14 13:15:00,11.15999984741211,11.220000267028809,11.149999618530273,11.210000038146973,373242
2026-07-14 13:30:00,11.130000114440918,11.15999984741211,11.100000381469727,11.15999984741211,345075
2026-07-14 13:45:00,11.079999923706055,11.130000114440918,11.069999694824219,11.130000114440918,371132
2026-07-14 14:00:00,11.0600004196167,11.100000381469727,11.0600004196167,11.09000015258789,196903
2026-07-14 14:15:00,11.079999923706055,11.079999923706055,11.029999732971191,11.0600004196167,221489
2026-07-14 14:30:00,11.050000190734863,11.079999923706055,11.020000457763672,11.079999923706055,351042
2026-07-14 14:45:00,11.0600004196167,11.09000015258789,11.039999961853027,11.050000190734863,291054
2026-07-14 15:00:00,11.079999923706055,11.119999885559082,11.0600004196167,11.079999923706055,276400
2026-07-14 15:15:00,11.109999656677246,11.15999984741211,11.0600004196167,11.079999923706055,414343
2026-07-14 15:30:00,11.020000457763672,11.130000114440918,11.0,11.109999656677246,743424
2026-07-14 15:45:00,11.010000228881836,11.029999732971191,10.979999542236328,11.010000228881836,796397
2026-07-14 16:00:00,11.029999732971191,11.050000190734863,11.0,11.010000228881836,253213
2026-07-14 16:15:00,11.100000381469727,11.100000381469727,11.039999961853027,11.039999961853027,397209
2026-07-14 16:30:00,11.039999961853027,11.100000381469727,11.039999961853027,11.100000381469727,431370
2026-07-14 16:45:00,11.039999961853027,11.069999694824219,11.029999732971191,11.050000190734863,195758
2026-07-14 17:00:00,11.130000114440918,11.130000114440918,11.039999961853027,11.050000190734863,279619
2026-07-14 17:15:00,11.100000381469727,11.149999618530273,11.100000381469727,11.130000114440918,366824
2026-07-14 17:30:00,11.069999694824219,11.119999885559082,11.069999694824219,11.100000381469727,517661
2026-07-14 17:45:00,11.100000381469727,11.109999656677246,11.039999961853027,11.069999694824219,1318150
2026-07-16 09:45:00,11.109999656677246,11.109999656677246,11.109999656677246,11.109999656677246,0
2026-07-16 10:00:00,11.220000267028809,11.319999694824219,11.100000381469727,11.109999656677246,1694756
2026-07-16 10:15:00,11.25,11.270000457763672,11.180000305175781,11.220000267028809,937080
2026-07-16 10:30:00,11.229999542236328,11.270000457763672,11.229999542236328,11.239999771118164,298262
2026-07-16 10:45:00,11.210000038146973,11.25,11.210000038146973,11.229999542236328,169145
2026-07-16 11:00:00,11.1899995803833,11.229999542236328,11.180000305175781,11.210000038146973,432753
2026-07-16 11:15:00,11.229999542236328,11.260000228881836,11.180000305175781,11.1899995803833,392940
2026-07-16 11:30:00,11.229999542236328,11.239999771118164,11.180000305175781,11.220000267028809,423366
2026-07-16 11:45:00,11.210000038146973,11.239999771118164,11.199999809265137,11.239999771118164,60971
2026-07-16 12:00:00,11.270000457763672,11.279999732971191,11.199999809265137,11.210000038146973,272849
2026-07-16 12:15:00,11.5600004196167,11.640000343322754,11.270000457763672,11.270000457763672,5189682
2026-07-16 12:30:00,11.510000228881836,11.59000015258789,11.489999771118164,11.5600004196167,892411
2026-07-16 12:45:00,11.470000267028809,11.529999732971191,11.460000038146973,11.510000228881836,636526
2026-07-16 13:00:00,11.550000190734863,11.550000190734863,11.470000267028809,11.470000267028809,485444
2026-07-16 13:15:00,11.529999732971191,11.5600004196167,11.470000267028809,11.539999961853027,547865
2026-07-16 13:30:00,11.539999961853027,11.5600004196167,11.510000228881836,11.529999732971191,410950
2026-07-16 13:45:00,11.510000228881836,11.550000190734863,11.489999771118164,11.529999732971191,771542
2026-07-16 14:00:00,11.479999542236328,11.510000228881836,11.470000267028809,11.510000228881836,411319
2026-07-16 14:15:00,11.470000267028809,11.5,11.460000038146973,11.479999542236328,349997
2026-07-16 14:30:00,11.539999961853027,11.539999961853027,11.470000267028809,11.470000267028809,804229
2026-07-16 14:45:00,11.609999656677246,11.609999656677246,11.510000228881836,11.539999961853027,770924
2026-07-16 15:00:00,11.699999809265137,11.800000190734863,11.59000015258789,11.609999656677246,2873106
2026-07-16 15:15:00,11.630000114440918,11.710000038146973,11.579999923706055,11.6899995803833,1855128
2026-07-16 15:30:00,11.640000343322754,11.6899995803833,11.59000015258789,11.630000114440918,601923
2026-07-16 15:45:00,11.619999885559082,11.670000076293945,11.600000381469727,11.640000343322754,636321
2026-07-16 16:00:00,11.59000015258789,11.6899995803833,11.5600004196167,11.619999885559082,899250
2026-07-16 16:15:00,11.5600004196167,11.609999656677246,11.5600004196167,11.59000015258789,464335
2026-07-16 16:30:00,11.550000190734863,11.579999923706055,11.529999732971191,11.5600004196167,362377
2026-07-16 16:45:00,11.5600004196167,11.5600004196167,11.539999961853027,11.550000190734863,202259
2026-07-16 17:00:00,11.550000190734863,11.579999923706055,11.529999732971191,11.5600004196167,448988
2026-07-16 17:15:00,11.5600004196167,11.569999694824219,11.520000457763672,11.550000190734863,450982
2026-07-16 17:30:00,11.539999961853027,11.619999885559082,11.5,11.5600004196167,853935
2026-07-16 17:45:00,11.510000228881836,11.5600004196167,11.470000267028809,11.529999732971191,1262922
2026-07-17 12:00:00,11.5600004196167,11.569999694824219,11.5600004196167,11.5600004196167,778
2026-07-17 12:15:00,11.550000190734863,11.569999694824219,11.489999771118164,11.569999694824219,334023
2026-07-17 12:30:00,11.539999961853027,11.579999923706055,11.529999732971191,11.550000190734863,160069
2026-07-17 12:45:00,11.5600004196167,11.600000381469727,11.520000457763672,11.529999732971191,437349
2026-07-17 13:00:00,11.609999656677246,11.65999984741211,11.569999694824219,11.569999694824219,716251
2026-07-17 13:15:00,11.680000305175781,11.729999542236328,11.569999694824219,11.600000381469727,1231414
2026-07-17 13:30:00,11.670000076293945,11.699999809265137,11.670000076293945,11.680000305175781,377272
2026-07-17 13:45:00,11.680000305175781,11.699999809265137,11.670000076293945,11.680000305175781,262811
2026-07-17 14:00:00,11.569999694824219,11.680000305175781,11.569999694824219,11.680000305175781,980649
2026-07-17 14:15:00,11.520000457763672,11.569999694824219,11.510000228881836,11.569999694824219,511502
2026-07-17 14:30:00,11.539999961853027,11.5600004196167,11.489999771118164,11.510000228881836,714915
2026-07-17 14:45:00,11.550000190734863,11.569999694824219,11.529999732971191,11.539999961853027,144002
2026-07-17 15:00:00,11.539999961853027,11.550000190734863,11.520000457763672,11.539999961853027,260895
2026-07-17 15:15:00,11.529999732971191,11.550000190734863,11.510000228881836,11.529999732971191,224619
2026-07-17 15:30:00,11.539999961853027,11.539999961853027,11.510000228881836,11.539999961853027,231261
2026-07-17 15:45:00,11.600000381469727,11.600000381469727,11.539999961853027,11.550000190734863,442912
2026-07-17 16:00:00,11.569999694824219,11.600000381469727,11.5600004196167,11.600000381469727,45653
2026-07-17 16:15:00,11.649999618530273,11.649999618530273,11.569999694824219,11.569999694824219,566263
2026-07-17 16:30:00,11.770000457763672,11.779999732971191,11.609999656677246,11.649999618530273,1830784
2026-07-17 16:45:00,11.8100004196167,11.890000343322754,11.729999542236328,11.770000457763672,3098415
2026-07-17 17:00:00,11.710000038146973,11.829999923706055,11.699999809265137,11.8100004196167,937293
2026-07-17 17:15:00,11.8100004196167,11.84000015258789,11.699999809265137,11.710000038146973,1069192
2026-07-17 17:30:00,11.75,11.8100004196167,11.699999809265137,11.8100004196167,920662
2026-07-17 17:45:00,11.670000076293945,11.770000457763672,11.619999885559082,11.75,1453631
2026-07-20 09:45:00,11.670000076293945,11.670000076293945,11.670000076293945,11.670000076293945,0
2026-07-20 10:00:00,11.670000076293945,11.859999656677246,11.550000190734863,11.680000305175781,3729376
2026-07-20 10:15:00,11.779999732971191,11.789999961853027,11.649999618530273,11.670000076293945,528201
2026-07-20 10:30:00,11.729999542236328,11.779999732971191,11.6899995803833,11.779999732971191,471549
2026-07-20 10:45:00,11.800000190734863,11.850000381469727,11.710000038146973,11.729999542236328,1219707
2026-07-20 11:00:00,11.670000076293945,11.800000190734863,11.630000114440918,11.800000190734863,1435736
2026-07-20 11:15:00,11.640000343322754,11.680000305175781,11.630000114440918,11.670000076293945,555859
2026-07-20 11:30:00,11.59000015258789,11.699999809265137,11.579999923706055,11.640000343322754,725058
2026-07-20 11:45:00,11.619999885559082,11.649999618530273,11.579999923706055,11.59000015258789,584813
2026-07-20 12:00:00,11.670000076293945,11.6899995803833,11.609999656677246,11.609999656677246,327850
2026-07-20 12:15:00,11.739999771118164,11.779999732971191,11.65999984741211,11.670000076293945,597307
2026-07-20 12:30:00,12.010000228881836,12.100000381469727,11.75,11.75,5794232
2026-07-20 12:45:00,12.140000343322754,12.300000190734863,11.989999771118164,12.0,4232601
2026-07-20 13:00:00,12.039999961853027,12.140000343322754,12.029999732971191,12.130000114440918,1151893
2026-07-20 13:15:00,12.039999961853027,12.100000381469727,11.979999542236328,12.039999961853027,1145645
2026-07-20 13:30:00,12.0600004196167,12.069999694824219,11.979999542236328,12.039999961853027,984267
2026-07-20 13:45:00,12.100000381469727,12.119999885559082,12.050000190734863,12.069999694824219,918411
2026-07-20 14:00:00,12.130000114440918,12.149999618530273,12.09000015258789,12.100000381469727,685207
2026-07-20 14:15:00,12.100000381469727,12.15999984741211,12.069999694824219,12.140000343322754,1109847
2026-07-20 14:30:00,12.109999656677246,12.130000114440918,12.0600004196167,12.09000015258789,717819
2026-07-20 14:45:00,12.050000190734863,12.109999656677246,12.039999961853027,12.109999656677246,606146
2026-07-20 15:00:00,12.0600004196167,12.0600004196167,12.020000457763672,12.050000190734863,422200
2026-07-20 15:15:00,12.029999732971191,12.0600004196167,12.020000457763672,12.0600004196167,168056
2026-07-20 15:30:00,12.050000190734863,12.0600004196167,12.020000457763672,12.029999732971191,96525
2026-07-20 15:45:00,12.0,12.050000190734863,11.979999542236328,12.050000190734863,413793
2026-07-20 16:00:00,12.020000457763672,12.069999694824219,11.970000267028809,12.0,1113299
2026-07-20 16:15:00,12.010000228881836,12.029999732971191,12.0,12.010000228881836,234144
2026-07-20 16:30:00,11.979999542236328,12.010000228881836,11.960000038146973,12.010000228881836,375642
2026-07-20 16:45:00,12.0,12.020000457763672,11.970000267028809,11.979999542236328,519214
2026-07-20 17:00:00,11.970000267028809,12.0,11.960000038146973,11.989999771118164,342823
2026-07-20 17:15:00,11.949999809265137,11.970000267028809,11.9399995803833,11.970000267028809,499841
2026-07-20 17:30:00,11.949999809265137,12.0,11.930000305175781,11.949999809265137,997814
2026-07-20 17:45:00,11.989999771118164,12.020000457763672,11.930000305175781,11.949999809265137,1463925
2026-07-21 09:45:00,11.90999984741211,11.90999984741211,11.90999984741211,11.90999984741211,0
2026-07-21 10:00:00,11.949999809265137,12.069999694824219,11.890000343322754,11.90999984741211,1832805
2026-07-21 10:15:00,11.930000305175781,11.970000267028809,11.84000015258789,11.949999809265137,2007121
2026-07-21 10:30:00,11.920000076293945,11.9399995803833,11.880000114440918,11.930000305175781,701808
2026-07-21 10:45:00,11.90999984741211,11.930000305175781,11.84000015258789,11.920000076293945,1029232
2026-07-21 11:00:00,11.850000381469727,11.930000305175781,11.850000381469727,11.90999984741211,484040
2026-07-21 11:15:00,11.869999885559082,11.90999984741211,11.850000381469727,11.850000381469727,915921
2026-07-21 11:30:00,11.949999809265137,11.989999771118164,11.859999656677246,11.859999656677246,1103963
2026-07-21 11:45:00,11.890000343322754,11.949999809265137,11.869999885559082,11.949999809265137,688333
2026-07-21 12:00:00,11.869999885559082,11.899999618530273,11.869999885559082,11.890000343322754,278504
2026-07-21 12:15:00,11.859999656677246,11.899999618530273,11.850000381469727,11.869999885559082,570424
2026-07-21 12:30:00,11.84000015258789,11.869999885559082,11.829999923706055,11.859999656677246,470464
2026-07-21 12:45:00,11.890000343322754,11.90999984741211,11.829999923706055,11.84000015258789,295814
2026-07-21 13:00:00,11.90999984741211,11.9399995803833,11.880000114440918,11.890000343322754,500454
2026-07-21 13:15:00,11.920000076293945,11.930000305175781,11.890000343322754,11.90999984741211,108140
2026-07-21 13:30:00,11.960000038146973,12.0,11.920000076293945,11.920000076293945,815515
2026-07-21 13:45:00,11.970000267028809,11.989999771118164,11.9399995803833,11.970000267028809,331712
2026-07-21 14:00:00,11.989999771118164,12.039999961853027,11.970000267028809,11.970000267028809,883695
2026-07-21 14:15:00,12.039999961853027,12.050000190734863,11.9399995803833,12.0,485267
2026-07-21 14:30:00,12.079999923706055,12.279999732971191,12.020000457763672,12.039999961853027,4577209
2026-07-21 14:45:00,11.970000267028809,12.09000015258789,11.949999809265137,12.079999923706055,935892
2026-07-21 15:00:00,11.8100004196167,11.970000267028809,11.800000190734863,11.970000267028809,2850751
2026-07-21 15:15:00,11.899999618530273,12.0,11.699999809265137,11.8100004196167,2960834
2026-07-21 15:30:00,11.800000190734863,11.899999618530273,11.779999732971191,11.890000343322754,548367
2026-07-21 15:45:00,11.8100004196167,11.869999885559082,11.779999732971191,11.789999961853027,670459
2026-07-21 16:00:00,11.859999656677246,11.920000076293945,11.800000190734863,11.8100004196167,944868
2026-07-21 16:15:00,11.850000381469727,11.880000114440918,11.819999694824219,11.869999885559082,228020
2026-07-21 16:30:00,11.789999961853027,11.859999656677246,11.789999961853027,11.84000015258789,471208
2026-07-21 16:45:00,11.8100004196167,11.84000015258789,11.779999732971191,11.789999961853027,527534
2026-07-21 17:00:00,11.789999961853027,11.8100004196167,11.770000457763672,11.8100004196167,238911
2026-07-21 17:15:00,11.84000015258789,11.84000015258789,11.779999732971191,11.789999961853027,228562
2026-07-21 17:30:00,11.84000015258789,11.899999618530273,11.779999732971191,11.84000015258789,1202654
2026-07-21 17:45:00,11.800000190734863,11.890000343322754,11.800000190734863,11.829999923706055,1451142
2026-07-22 09:45:00,11.90999984741211,11.90999984741211,11.90999984741211,11.90999984741211,0
2026-07-22 10:00:00,11.670000076293945,11.9399995803833,11.630000114440918,11.90999984741211,3055847
2026-07-22 10:15:00,11.9399995803833,11.960000038146973,11.65999984741211,11.670000076293945,3103033
2026-07-22 10:30:00,11.859999656677246,11.960000038146973,11.819999694824219,11.9399995803833,873519
2026-07-22 10:45:00,11.859999656677246,11.90999984741211,11.84000015258789,11.859999656677246,472958
2026-07-22 11:00:00,11.890000343322754,11.90999984741211,11.850000381469727,11.869999885559082,265361
2026-07-22 11:15:00,11.859999656677246,11.989999771118164,11.84000015258789,11.880000114440918,1301177
2026-07-22 11:30:00,11.829999923706055,11.869999885559082,11.8100004196167,11.869999885559082,607924
2026-07-22 11:45:00,11.869999885559082,11.880000114440918,11.819999694824219,11.829999923706055,254722
2026-07-22 12:00:00,11.90999984741211,11.960000038146973,11.84000015258789,11.869999885559082,719372
2026-07-22 12:15:00,11.850000381469727,11.9399995803833,11.819999694824219,11.920000076293945,1226994
2026-07-22 12:30:00,11.800000190734863,11.880000114440918,11.800000190734863,11.84000015258789,400570
2026-07-22 12:45:00,11.800000190734863,11.84000015258789,11.779999732971191,11.800000190734863,623193
2026-07-22 13:00:00,11.779999732971191,11.8100004196167,11.760000228881836,11.8100004196167,295028
2026-07-22 13:15:00,11.779999732971191,11.779999732971191,11.760000228881836,11.779999732971191,172044
2026-07-22 13:30:00,11.739999771118164,11.789999961853027,11.739999771118164,11.770000457763672,304802
2026-07-22 13:45:00,11.8100004196167,11.819999694824219,11.729999542236328,11.760000228881836,541066
2026-07-22 14:00:00,11.800000190734863,11.8100004196167,11.779999732971191,11.8100004196167,145465
2026-07-22 14:15:00,11.829999923706055,11.850000381469727,11.789999961853027,11.800000190734863,666117
2026-07-22 14:30:00,11.84000015258789,11.859999656677246,11.819999694824219,11.829999923706055,323653
2026-07-22 14:45:00,11.8100004196167,11.829999923706055,11.779999732971191,11.829999923706055,446688
2026-07-22 15:00:00,11.8100004196167,11.819999694824219,11.760000228881836,11.8100004196167,600686
2026-07-22 15:15:00,11.8100004196167,11.819999694824219,11.779999732971191,11.819999694824219,405768
2026-07-22 15:30:00,11.800000190734863,11.8100004196167,11.770000457763672,11.800000190734863,252583
2026-07-22 15:45:00,11.800000190734863,11.8100004196167,11.779999732971191,11.800000190734863,205522
2026-07-22 16:00:00,11.779999732971191,11.800000190734863,11.75,11.789999961853027,312853
2026-07-22 16:15:00,11.729999542236328,11.770000457763672,11.729999542236328,11.770000457763672,184593
2026-07-22 16:30:00,11.729999542236328,11.760000228881836,11.729999542236328,11.739999771118164,136121
2026-07-22 16:45:00,11.6899995803833,11.75,11.680000305175781,11.739999771118164,402624
2026-07-22 17:00:00,11.65999984741211,11.739999771118164,11.65999984741211,11.6899995803833,914334
2026-07-22 17:15:00,11.609999656677246,11.670000076293945,11.609999656677246,11.670000076293945,829433
2026-07-22 17:30:00,11.569999694824219,11.640000343322754,11.550000190734863,11.609999656677246,1073778
2026-07-22 17:45:00,11.569999694824219,11.619999885559082,11.529999732971191,11.579999923706055,1632139
2026-07-23 09:45:00,11.640000343322754,11.640000343322754,11.640000343322754,11.640000343322754,0
2026-07-23 10:00:00,11.720000267028809,11.75,11.640000343322754,11.649999618530273,1799971
2026-07-23 10:15:00,11.800000190734863,11.829999923706055,11.640000343322754,11.720000267028809,1414366
2026-07-23 10:30:00,11.930000305175781,11.930000305175781,11.770000457763672,11.800000190734863,2143810
2026-07-23 10:45:00,11.979999542236328,11.979999542236328,11.6899995803833,11.930000305175781,5710702
2026-07-23 11:00:00,12.069999694824219,12.140000343322754,11.90999984741211,11.989999771118164,5408541
2026-07-23 11:15:00,12.100000381469727,12.130000114440918,11.989999771118164,12.069999694824219,4743592
2026-07-23 11:30:00,12.010000228881836,12.100000381469727,11.979999542236328,12.09000015258789,3873915
2026-07-23 11:45:00,12.170000076293945,12.180000305175781,11.979999542236328,12.0,2882222
2026-07-23 12:00:00,12.170000076293945,12.199999809265137,12.109999656677246,12.180000305175781,2778532
2026-07-23 12:15:00,12.25,12.289999961853027,12.15999984741211,12.15999984741211,2141896
2026-07-23 12:30:00,12.229999542236328,12.399999618530273,12.180000305175781,12.260000228881836,2598968
2026-07-23 12:45:00,12.1899995803833,12.270000457763672,12.180000305175781,12.229999542236328,1443056
2026-07-23 13:00:00,12.199999809265137,12.229999542236328,12.149999618530273,12.199999809265137,1163486
2026-07-23 13:15:00,12.229999542236328,12.260000228881836,12.170000076293945,12.199999809265137,622746
2026-07-23 13:30:00,12.239999771118164,12.270000457763672,12.220000267028809,12.220000267028809,678684
2026-07-23 13:45:00,12.229999542236328,12.25,12.220000267028809,12.25,383278
2026-07-23 14:00:00,12.229999542236328,12.260000228881836,12.199999809265137,12.25,637283
2026-07-23 14:15:00,12.229999542236328,12.25,12.210000038146973,12.220000267028809,476991
2026-07-23 14:30:00,12.180000305175781,12.239999771118164,12.149999618530273,12.229999542236328,2058619
2026-07-23 14:45:00,12.329999923706055,12.34000015258789,12.15999984741211,12.15999984741211,1615533
2026-07-23 15:00:00,12.300000190734863,12.34000015258789,12.289999961853027,12.319999694824219,561211
2026-07-23 15:15:00,12.270000457763672,12.329999923706055,12.270000457763672,12.300000190734863,764740
2026-07-23 15:30:00,12.279999732971191,12.289999961853027,12.220000267028809,12.260000228881836,1208368
2026-07-23 15:45:00,12.34000015258789,12.380000114440918,12.270000457763672,12.279999732971191,1650982
2026-07-23 16:00:00,12.229999542236328,12.34000015258789,12.1899995803833,12.34000015258789,1776558
2026-07-23 16:15:00,12.229999542236328,12.279999732971191,12.220000267028809,12.229999542236328,1144549
2026-07-23 16:30:00,12.260000228881836,12.260000228881836,12.229999542236328,12.229999542236328,351571
2026-07-23 16:45:00,12.220000267028809,12.25,12.210000038146973,12.25,547675
2026-07-23 17:00:00,12.180000305175781,12.229999542236328,12.149999618530273,12.220000267028809,2102050
2026-07-23 17:15:00,12.170000076293945,12.210000038146973,12.119999885559082,12.1899995803833,2606167
2026-07-23 17:30:00,12.1899995803833,12.199999809265137,12.119999885559082,12.170000076293945,1710153
2026-07-23 17:45:00,12.180000305175781,12.210000038146973,12.149999618530273,12.180000305175781,1154422
2026-07-24 09:45:00,12.140000343322754,12.140000343322754,12.140000343322754,12.140000343322754,0
2026-07-24 10:00:00,11.949999809265137,12.1899995803833,11.9399995803833,12.140000343322754,3632642
2026-07-24 10:15:00,12.079999923706055,12.119999885559082,11.930000305175781,11.9399995803833,1253035
2026-07-24 10:30:00,12.020000457763672,12.069999694824219,12.010000228881836,12.069999694824219,810089
2026-07-24 10:45:00,11.989999771118164,12.020000457763672,11.979999542236328,12.010000228881836,629094
2026-07-24 11:00:00,12.069999694824219,12.09000015258789,11.970000267028809,11.989999771118164,533978
2026-07-24 11:15:00,12.020000457763672,12.069999694824219,12.020000457763672,12.069999694824219,265752
2026-07-24 11:30:00,12.020000457763672,12.029999732971191,12.0,12.020000457763672,342661
2026-07-24 11:45:00,12.029999732971191,12.039999961853027,12.0,12.020000457763672,171702
2026-07-24 12:00:00,11.979999542236328,12.029999732971191,11.970000267028809,12.029999732971191,290487
2026-07-24 12:15:00,12.119999885559082,12.180000305175781,11.970000267028809,11.979999542236328,4867670
2026-07-24 12:30:00,12.170000076293945,12.180000305175781,12.069999694824219,12.119999885559082,1049382
2026-07-24 12:45:00,12.149999618530273,12.180000305175781,12.130000114440918,12.15999984741211,510405
2026-07-24 13:00:00,12.130000114440918,12.170000076293945,12.109999656677246,12.149999618530273,512915
2026-07-24 13:15:00,12.119999885559082,12.149999618530273,12.109999656677246,12.140000343322754,232488
2026-07-24 13:30:00,12.119999885559082,12.15999984741211,12.119999885559082,12.130000114440918,395824
2026-07-24 13:45:00,12.130000114440918,12.140000343322754,12.109999656677246,12.130000114440918,364244
2026-07-24 14:00:00,12.130000114440918,12.130000114440918,12.109999656677246,12.130000114440918,264481
2026-07-24 14:15:00,12.109999656677246,12.130000114440918,12.09000015258789,12.119999885559082,807738
2026-07-24 14:30:00,12.09000015258789,12.109999656677246,12.09000015258789,12.109999656677246,276861
2026-07-24 14:45:00,12.09000015258789,12.109999656677246,12.09000015258789,12.09000015258789,296573
2026-07-24 15:00:00,12.119999885559082,12.15999984741211,12.09000015258789,12.100000381469727,6699183
2026-07-24 15:15:00,12.079999923706055,12.119999885559082,12.069999694824219,12.119999885559082,4570453
2026-07-24 15:30:00,11.989999771118164,12.069999694824219,11.970000267028809,12.069999694824219,2027320
2026-07-24 15:45:00,11.960000038146973,12.039999961853027,11.949999809265137,11.979999542236328,716415
2026-07-24 16:00:00,12.029999732971191,12.0600004196167,11.9399995803833,11.949999809265137,2139189
2026-07-24 16:15:00,12.039999961853027,12.100000381469727,12.0,12.029999732971191,1208092
2026-07-24 16:30:00,12.029999732971191,12.0600004196167,12.020000457763672,12.039999961853027,444787
2026-07-24 16:45:00,12.029999732971191,12.029999732971191,12.010000228881836,12.020000457763672,148255
2026-07-24 17:00:00,12.0600004196167,12.109999656677246,12.020000457763672,12.029999732971191,718703
2026-07-24 17:15:00,12.020000457763672,12.079999923706055,12.0,12.0600004196167,358671
2026-07-24 17:30:00,11.989999771118164,12.029999732971191,11.989999771118164,12.020000457763672,726780
2026-07-24 17:45:00,12.020000457763672,12.020000457763672,11.989999771118164,12.0,1343904
2026-07-27 09:45:00,12.0600004196167,12.0600004196167,12.0600004196167,12.0600004196167,0
2026-07-27 10:00:00,12.0,12.149999618530273,11.9399995803833,12.0600004196167,3115185
2026-07-27 10:15:00,12.020000457763672,12.079999923706055,11.960000038146973,12.010000228881836,2355247
2026-07-27 10:30:00,12.220000267028809,12.220000267028809,11.9399995803833,12.010000228881836,2827169
2026-07-27 10:45:00,12.319999694824219,12.470000267028809,12.180000305175781,12.210000038146973,8380036
2026-07-27 11:00:00,12.210000038146973,12.380000114440918,12.210000038146973,12.3100004196167,6924260
2026-07-27 11:15:00,12.229999542236328,12.420000076293945,12.210000038146973,12.220000267028809,2265411
2026-07-27 11:30:00,12.239999771118164,12.260000228881836,12.210000038146973,12.229999542236328,468572
2026-07-27 11:45:00,12.220000267028809,12.260000228881836,12.220000267028809,12.239999771118164,575467
2026-07-27 12:00:00,12.109999656677246,12.229999542236328,12.109999656677246,12.220000267028809,2358380
2026-07-27 12:15:00,12.140000343322754,12.15999984741211,12.069999694824219,12.109999656677246,1449939
2026-07-27 12:30:00,12.109999656677246,12.149999618530273,12.100000381469727,12.140000343322754,346519
2026-07-27 12:45:00,12.119999885559082,12.140000343322754,12.100000381469727,12.109999656677246,171253
2026-07-27 13:00:00,12.130000114440918,12.130000114440918,12.109999656677246,12.119999885559082,198338
2026-07-27 13:15:00,12.140000343322754,12.15999984741211,12.100000381469727,12.130000114440918,706691
2026-07-27 13:30:00,12.180000305175781,12.239999771118164,12.140000343322754,12.149999618530273,747967
2026-07-27 13:45:00,12.210000038146973,12.220000267028809,12.180000305175781,12.1899995803833,360074
2026-07-27 14:00:00,12.220000267028809,12.25,12.180000305175781,12.210000038146973,441621
2026-07-27 14:15:00,12.180000305175781,12.220000267028809,12.180000305175781,12.220000267028809,400147
2026-07-27 14:30:00,12.210000038146973,12.220000267028809,12.140000343322754,12.170000076293945,593827
2026-07-27 14:45:00,12.1899995803833,12.25,12.1899995803833,12.210000038146973,585438
2026-07-27 15:00:00,12.300000190734863,12.3100004196167,12.1899995803833,12.1899995803833,698451
2026-07-27 15:15:00,12.229999542236328,12.350000381469727,12.15999984741211,12.300000190734863,1031650
2026-07-27 15:30:00,12.239999771118164,12.25,12.1899995803833,12.229999542236328,406236
2026-07-27 15:45:00,12.1899995803833,12.25,12.170000076293945,12.239999771118164,351483
2026-07-27 16:00:00,12.15999984741211,12.1899995803833,12.140000343322754,12.180000305175781,469180
2026-07-27 16:15:00,12.149999618530273,12.15999984741211,12.130000114440918,12.15999984741211,100365
2026-07-27 16:30:00,12.229999542236328,12.239999771118164,12.130000114440918,12.149999618530273,1000675
2026-07-27 16:45:00,12.170000076293945,12.229999542236328,12.140000343322754,12.220000267028809,774394
2026-07-27 17:00:00,12.130000114440918,12.199999809265137,12.119999885559082,12.170000076293945,794925
2026-07-27 17:15:00,12.140000343322754,12.180000305175781,12.119999885559082,12.130000114440918,929766
2026-07-27 17:30:00,12.1899995803833,12.220000267028809,12.119999885559082,12.140000343322754,528961
2026-07-27 17:45:00,12.199999809265137,12.279999732971191,12.15999984741211,12.1899995803833,3619581
2026-07-28 09:45:00,12.140000343322754,12.140000343322754,12.140000343322754,12.140000343322754,0
2026-07-28 10:00:00,12.100000381469727,12.170000076293945,12.010000228881836,12.170000076293945,2113903
2026-07-28 10:15:00,12.1899995803833,12.300000190734863,12.09000015258789,12.100000381469727,2356149
2026-07-28 10:30:00,12.140000343322754,12.25,12.079999923706055,12.1899995803833,3463947
2026-07-28 10:45:00,12.130000114440918,12.170000076293945,12.119999885559082,12.149999618530273,885541
2026-07-28 11:00:00,12.050000190734863,12.130000114440918,12.029999732971191,12.130000114440918,1369285
2026-07-28 11:15:00,12.050000190734863,12.0600004196167,12.039999961853027,12.050000190734863,617511
2026-07-28 11:30:00,12.039999961853027,12.0600004196167,12.039999961853027,12.050000190734863,88086
2026-07-28 11:45:00,12.020000457763672,12.050000190734863,12.020000457763672,12.039999961853027,599971
2026-07-28 12:00:00,12.020000457763672,12.039999961853027,12.020000457763672,12.029999732971191,341453
2026-07-28 12:15:00,11.979999542236328,12.020000457763672,11.970000267028809,12.010000228881836,670454
2026-07-28 12:30:00,12.0,12.010000228881836,11.970000267028809,11.989999771118164,331585
2026-07-28 12:45:00,12.010000228881836,12.010000228881836,11.920000076293945,12.0,602819
2026-07-28 13:00:00,11.989999771118164,12.010000228881836,11.979999542236328,12.010000228881836,362589
2026-07-28 13:15:00,12.0,12.0,11.979999542236328,11.989999771118164,116882
2026-07-28 13:30:00,11.979999542236328,11.989999771118164,11.979999542236328,11.989999771118164,325226
2026-07-28 13:45:00,11.979999542236328,11.989999771118164,11.960000038146973,11.989999771118164,993436
2026-07-28 14:00:00,11.960000038146973,11.979999542236328,11.949999809265137,11.970000267028809,407108
2026-07-28 14:15:00,11.949999809265137,11.970000267028809,11.9399995803833,11.960000038146973,425993
2026-07-28 14:30:00,11.960000038146973,11.960000038146973,11.9399995803833,11.949999809265137,163845
2026-07-28 14:45:00,11.949999809265137,11.989999771118164,11.9399995803833,11.949999809265137,611459
2026-07-28 15:00:00,11.989999771118164,12.010000228881836,11.9399995803833,11.949999809265137,434320
2026-07-28 15:15:00,11.960000038146973,11.989999771118164,11.960000038146973,11.989999771118164,281101
2026-07-28 15:30:00,11.960000038146973,11.979999542236328,11.960000038146973,11.970000267028809,255304
2026-07-28 15:45:00,11.970000267028809,12.0,11.949999809265137,11.960000038146973,259893
2026-07-28 16:00:00,11.949999809265137,11.979999542236328,11.949999809265137,11.979999542236328,488933
2026-07-28 16:15:00,11.949999809265137,11.970000267028809,11.949999809265137,11.960000038146973,273676
2026-07-28 16:30:00,11.970000267028809,11.970000267028809,11.949999809265137,11.949999809265137,233699
2026-07-28 16:45:00,11.970000267028809,12.0,11.949999809265137,11.970000267028809,605572
2026-07-28 17:00:00,11.9399995803833,11.979999542236328,11.930000305175781,11.970000267028809,900699
2026-07-28 17:15:00,11.869999885559082,11.9399995803833,11.829999923706055,11.930000305175781,1478093
2026-07-28 17:30:00,11.880000114440918,11.90999984741211,11.859999656677246,11.869999885559082,288865
2026-07-28 17:45:00,11.920000076293945,11.949999809265137,11.84000015258789,11.880000114440918,1052744
2026-07-29 09:45:00,11.9399995803833,11.9399995803833,11.9399995803833,11.9399995803833,0
2026-07-29 10:00:00,11.800000190734863,11.970000267028809,11.789999961853027,11.9399995803833,2406020
2026-07-29 10:15:00,11.670000076293945,11.800000190734863,11.670000076293945,11.800000190734863,570341
2026-07-29 10:30:00,11.680000305175781,11.739999771118164,11.65999984741211,11.680000305175781,687572
2026-07-29 10:45:00,11.600000381469727,11.680000305175781,11.579999923706055,11.680000305175781,1247477
2026-07-29 11:00:00,11.350000381469727,11.600000381469727,11.350000381469727,11.59000015258789,2205601
2026-07-29 11:15:00,11.449999809265137,11.449999809265137,11.34000015258789,11.350000381469727,1708759
2026-07-29 11:30:00,11.399999618530273,11.470000267028809,11.390000343322754,11.449999809265137,494284
2026-07-29 11:45:00,11.4399995803833,11.460000038146973,11.399999618530273,11.399999618530273,605157
2026-07-29 12:00:00,11.420000076293945,11.479999542236328,11.420000076293945,11.4399995803833,582553
2026-07-29 12:15:00,11.430000305175781,11.489999771118164,11.40999984741211,11.420000076293945,431293
2026-07-29 12:30:00,11.470000267028809,11.479999542236328,11.4399995803833,11.460000038146973,372506
2026-07-29 12:45:00,11.449999809265137,11.489999771118164,11.4399995803833,11.470000267028809,153750
2026-07-29 13:00:00,11.720000267028809,11.739999771118164,11.430000305175781,11.449999809265137,3631222
2026-07-29 13:15:00,11.739999771118164,11.770000457763672,11.670000076293945,11.720000267028809,1422574
2026-07-29 13:30:00,11.729999542236328,11.800000190734863,11.729999542236328,11.739999771118164,446505
2026-07-29 13:45:00,11.720000267028809,11.739999771118164,11.710000038146973,11.729999542236328,181034
2026-07-29 14:00:00,11.699999809265137,11.720000267028809,11.699999809265137,11.710000038146973,415653
2026-07-29 14:15:00,11.6899995803833,11.710000038146973,11.6899995803833,11.699999809265137,521721
2026-07-29 14:30:00,11.6899995803833,11.6899995803833,11.680000305175781,11.6899995803833,434214
2026-07-29 14:45:00,11.680000305175781,11.699999809265137,11.680000305175781,11.680000305175781,265681
2026-07-29 15:00:00,11.640000343322754,11.6899995803833,11.640000343322754,11.680000305175781,1303202
2026-07-29 15:15:00,11.569999694824219,11.640000343322754,11.569999694824219,11.640000343322754,1087944
2026-07-29 15:30:00,11.569999694824219,11.600000381469727,11.569999694824219,11.579999923706055,395458
2026-07-29 15:45:00,11.569999694824219,11.59000015258789,11.5600004196167,11.569999694824219,276095
2026-07-29 16:00:00,11.569999694824219,11.579999923706055,11.5600004196167,11.579999923706055,139449
2026-07-29 16:15:00,11.5600004196167,11.569999694824219,11.5600004196167,11.569999694824219,161705
2026-07-29 16:30:00,11.5600004196167,11.569999694824219,11.550000190734863,11.5600004196167,257376
2026-07-29 16:45:00,11.539999961853027,11.5600004196167,11.539999961853027,11.5600004196167,472519
2026-07-29 17:00:00,11.619999885559082,11.729999542236328,11.529999732971191,11.539999961853027,2701514
2026-07-29 17:15:00,11.649999618530273,11.649999618530273,11.619999885559082,11.619999885559082,121205
2026-07-29 17:30:00,11.640000343322754,11.670000076293945,11.619999885559082,11.640000343322754,264012
2026-07-29 17:45:00,11.630000114440918,11.649999618530273,11.609999656677246,11.640000343322754,821044
2026-07-30 09:45:00,11.670000076293945,11.670000076293945,11.670000076293945,11.670000076293945,0
2026-07-30 10:00:00,11.579999923706055,11.829999923706055,11.550000190734863,11.699999809265137,1254045
2026-07-30 10:15:00,11.510000228881836,11.579999923706055,11.5,11.579999923706055,420489
2026-07-30 10:30:00,11.359999656677246,11.510000228881836,11.359999656677246,11.510000228881836,808236
2026-07-30 10:45:00,11.350000381469727,11.390000343322754,11.289999961853027,11.359999656677246,856582
2026-07-30 11:00:00,11.40999984741211,11.5,11.34000015258789,11.34000015258789,888178
2026-07-30 11:15:00,11.420000076293945,11.4399995803833,11.34000015258789,11.40999984741211,726916
2026-07-30 11:30:00,11.449999809265137,11.449999809265137,11.399999618530273,11.420000076293945,236906
2026-07-30 11:45:00,11.430000305175781,11.470000267028809,11.40999984741211,11.4399995803833,99824
2026-07-30 12:00:00,11.4399995803833,11.4399995803833,11.40999984741211,11.430000305175781,175875
2026-07-30 12:15:00,11.460000038146973,11.489999771118164,11.430000305175781,11.430000305175781,168984
2026-07-30 12:30:00,11.430000305175781,11.460000038146973,11.430000305175781,11.460000038146973,105831
2026-07-30 12:45:00,11.460000038146973,11.470000267028809,11.430000305175781,11.430000305175781,314361
2026-07-30 13:00:00,11.40999984741211,11.479999542236328,11.40999984741211,11.449999809265137,682771
2026-07-30 13:15:00,11.420000076293945,11.420000076293945,11.40999984741211,11.40999984741211,75175
2026-07-30 13:30:00,11.430000305175781,11.449999809265137,11.40999984741211,11.420000076293945,139844
2026-07-30 13:45:00,11.390000343322754,11.430000305175781,11.390000343322754,11.420000076293945,254010
2026-07-30 14:00:00,11.279999732971191,11.390000343322754,11.260000228881836,11.390000343322754,881978
2026-07-30 14:15:00,11.289999961853027,11.289999961853027,11.229999542236328,11.279999732971191,849214
2026-07-30 14:30:00,11.289999961853027,11.3100004196167,11.270000457763672,11.289999961853027,230026
2026-07-30 14:45:00,11.25,11.3100004196167,11.25,11.3100004196167,157602
2026-07-30 15:00:00,11.239999771118164,11.289999961853027,11.220000267028809,11.25,433429
2026-07-30 15:15:00,11.239999771118164,11.270000457763672,11.229999542236328,11.239999771118164,188934
2026-07-30 15:30:00,11.199999809265137,11.260000228881836,11.170000076293945,11.229999542236328,1322490
2026-07-30 15:45:00,11.229999542236328,11.25,11.140000343322754,11.1899995803833,1577504
2026-07-30 16:00:00,11.289999961853027,11.289999961853027,11.210000038146973,11.220000267028809,417587
2026-07-30 16:15:00,11.270000457763672,11.289999961853027,11.260000228881836,11.279999732971191,189010
2026-07-30 16:30:00,11.260000228881836,11.270000457763672,11.239999771118164,11.260000228881836,206737
2026-07-30 16:45:00,11.329999923706055,11.350000381469727,11.239999771118164,11.260000228881836,724067
2026-07-30 17:00:00,11.270000457763672,11.369999885559082,11.210000038146973,11.329999923706055,16311723
2026-07-30 17:15:00,11.229999542236328,11.270000457763672,11.210000038146973,11.270000457763672,2344850
2026-07-30 17:30:00,11.220000267028809,11.229999542236328,11.210000038146973,11.229999542236328,160555
2026-07-30 17:45:00,11.149999618530273,11.210000038146973,11.100000381469727,11.210000038146973,2427727
2026-07-31 09:45:00,11.079999923706055,11.079999923706055,11.079999923706055,11.079999923706055,0
2026-07-31 10:00:00,11.140000343322754,11.1899995803833,11.0600004196167,11.09000015258789,1443868
2026-07-31 10:15:00,11.050000190734863,11.170000076293945,11.029999732971191,11.140000343322754,852358
2026-07-31 10:30:00,11.029999732971191,11.050000190734863,10.989999771118164,11.039999961853027,459636
2026-07-31 10:45:00,11.029999732971191,11.079999923706055,11.020000457763672,11.039999961853027,215190
2026-07-31 11:00:00,10.930000305175781,11.029999732971191,10.920000076293945,11.020000457763672,379340
2026-07-31 11:15:00,10.9399995803833,11.0,10.90999984741211,10.920000076293945,853322
2026-07-31 11:30:00,10.739999771118164,10.9399995803833,10.670000076293945,10.9399995803833,3411089
2026-07-31 11:45:00,10.65999984741211,10.800000190734863,10.609999656677246,10.729999542236328,2981627
2026-07-31 12:00:00,10.640000343322754,10.6899995803833,10.600000381469727,10.65999984741211,935496
2026-07-31 12:15:00,10.649999618530273,10.670000076293945,10.630000114440918,10.630000114440918,251086
2026-07-31 12:30:00,10.670000076293945,10.699999809265137,10.579999923706055,10.640000343322754,1222174
2026-07-31 12:45:00,10.619999885559082,10.670000076293945,10.59000015258789,10.670000076293945,346365
2026-07-31 13:00:00,10.609999656677246,10.630000114440918,10.609999656677246,10.619999885559082,197040
2026-07-31 13:15:00,10.739999771118164,10.75,10.579999923706055,10.619999885559082,1113139
2026-07-31 13:30:00,10.710000038146973,10.739999771118164,10.699999809265137,10.739999771118164,218886
2026-07-31 13:45:00,10.710000038146973,10.75,10.699999809265137,10.710000038146973,288897
2026-07-31 14:00:00,10.699999809265137,10.720000267028809,10.6899995803833,10.710000038146973,212483
2026-07-31 14:15:00,10.739999771118164,10.739999771118164,10.6899995803833,10.710000038146973,145015
2026-07-31 14:30:00,10.699999809265137,10.739999771118164,10.699999809265137,10.739999771118164,101045
2026-07-31 14:45:00,10.710000038146973,10.710000038146973,10.680000305175781,10.710000038146973,131896
2026-07-31 15:00:00,10.680000305175781,10.729999542236328,10.680000305175781,10.699999809265137,291608
2026-07-31 15:15:00,10.670000076293945,10.739999771118164,10.640000343322754,10.680000305175781,743566
2026-07-31 15:30:00,10.6899995803833,10.6899995803833,10.65999984741211,10.670000076293945,188626
2026-07-31 15:45:00,10.710000038146973,10.729999542236328,10.680000305175781,10.680000305175781,207231
2026-07-31 16:00:00,10.829999923706055,10.850000381469727,10.710000038146973,10.710000038146973,872249
2026-07-31 16:15:00,10.850000381469727,10.899999618530273,10.800000190734863,10.84000015258789,592703
2026-07-31 16:30:00,10.789999961853027,10.880000114440918,10.770000457763672,10.850000381469727,390559
2026-07-31 16:45:00,10.84000015258789,10.84000015258789,10.779999732971191,10.800000190734863,172384
2026-07-31 17:00:00,10.819999694824219,10.869999885559082,10.8100004196167,10.84000015258789,222168
2026-07-31 17:15:00,10.819999694824219,10.859999656677246,10.8100004196167,10.850000381469727,131906
2026-07-31 17:45:00,10.8100004196167,10.819999694824219,10.800000190734863,10.819999694824219,228776
2026-08-03 09:45:00,10.729999542236328,10.729999542236328,10.729999542236328,10.729999542236328,0
2026-08-03 10:00:00,10.779999732971191,10.949999809265137,10.739999771118164,10.739999771118164,3047020
2026-08-03 10:15:00,10.699999809265137,10.800000190734863,10.640000343322754,10.779999732971191,1924757
2026-08-03 10:30:00,10.729999542236328,10.819999694824219,10.6899995803833,10.6899995803833,1342030
2026-08-03 10:45:00,10.8100004196167,10.8100004196167,10.729999542236328,10.729999542236328,481586
2026-08-03 11:00:00,10.789999961853027,10.8100004196167,10.779999732971191,10.800000190734863,191107
2026-08-03 11:15:00,10.779999732971191,10.789999961853027,10.739999771118164,10.789999961853027,497914
2026-08-03 11:30:00,10.789999961853027,10.789999961853027,10.770000457763672,10.770000457763672,256948
2026-08-03 11:45:00,10.779999732971191,10.789999961853027,10.75,10.779999732971191,483382
2026-08-03 12:00:00,10.859999656677246,10.859999656677246,10.779999732971191,10.779999732971191,775863
2026-08-03 12:15:00,10.819999694824219,10.859999656677246,10.8100004196167,10.859999656677246,263375
2026-08-03 12:30:00,10.8100004196167,10.829999923706055,10.800000190734863,10.829999923706055,171562
2026-08-03 12:45:00,10.8100004196167,10.819999694824219,10.789999961853027,10.8100004196167,151301
2026-08-03 13:00:00,10.800000190734863,10.8100004196167,10.789999961853027,10.8100004196167,64816
2026-08-03 13:15:00,10.779999732971191,10.800000190734863,10.770000457763672,10.800000190734863,418960
2026-08-03 13:30:00,10.770000457763672,10.789999961853027,10.760000228881836,10.779999732971191,606694
2026-08-03 13:45:00,10.75,10.779999732971191,10.75,10.779999732971191,203358
2026-08-03 14:00:00,10.75,10.760000228881836,10.739999771118164,10.75,610266
2026-08-03 14:15:00,10.760000228881836,10.779999732971191,10.739999771118164,10.75,351414
2026-08-03 14:30:00,10.75,10.770000457763672,10.739999771118164,10.760000228881836,126229
2026-08-03 14:45:00,10.760000228881836,10.779999732971191,10.75,10.760000228881836,322166
2026-08-03 15:00:00,10.760000228881836,10.779999732971191,10.75,10.760000228881836,118675
2026-08-03 15:15:00,10.770000457763672,10.800000190734863,10.760000228881836,10.760000228881836,412566
2026-08-03 15:30:00,10.75,10.779999732971191,10.75,10.779999732971191,98707
2026-08-03 15:45:00,10.75,10.760000228881836,10.739999771118164,10.75,303482
2026-08-03 16:00:00,10.75,10.770000457763672,10.739999771118164,10.760000228881836,338351
2026-08-03 16:15:00,10.739999771118164,10.760000228881836,10.739999771118164,10.739999771118164,146096
2026-08-03 16:30:00,10.6899995803833,10.739999771118164,10.649999618530273,10.729999542236328,2310780
2026-08-03 16:45:00,10.720000267028809,10.739999771118164,10.6899995803833,10.6899995803833,939307
2026-08-03 17:00:00,10.670000076293945,10.710000038146973,10.649999618530273,10.710000038146973,653354
2026-08-03 17:15:00,10.640000343322754,10.699999809265137,10.59000015258789,10.670000076293945,881646
2026-08-03 17:30:00,10.680000305175781,10.739999771118164,10.609999656677246,10.640000343322754,7367862
2026-08-03 17:45:00,10.6899995803833,10.710000038146973,10.649999618530273,10.649999618530273,1297389
2026-08-04 09:45:00,10.680000305175781,10.680000305175781,10.680000305175781,10.680000305175781,0
2026-08-04 10:00:00,10.829999923706055,10.850000381469727,10.670000076293945,10.680000305175781,1573242
2026-08-04 10:15:00,10.979999542236328,11.050000190734863,10.75,10.819999694824219,1986497
2026-08-04 10:30:00,11.0,11.039999961853027,10.90999984741211,10.970000267028809,2985442
2026-08-04 10:45:00,11.010000228881836,11.050000190734863,10.979999542236328,11.0,539414
2026-08-04 11:00:00,11.0,11.029999732971191,10.979999542236328,11.0,392506
2026-08-04 11:15:00,11.0,11.010000228881836,10.979999542236328,11.0,242546
2026-08-04 11:30:00,10.989999771118164,11.020000457763672,10.9399995803833,11.010000228881836,400880
2026-08-04 11:45:00,10.970000267028809,11.0,10.960000038146973,10.989999771118164,185089
2026-08-04 12:00:00,10.930000305175781,11.0,10.930000305175781,10.960000038146973,301255
2026-08-04 12:15:00,10.930000305175781,10.9399995803833,10.899999618530273,10.920000076293945,219267
2026-08-04 12:30:00,10.989999771118164,11.010000228881836,10.90999984741211,10.930000305175781,249102
2026-08-04 12:45:00,10.960000038146973,10.979999542236328,10.960000038146973,10.979999542236328,102042
2026-08-04 13:00:00,10.960000038146973,10.970000267028809,10.9399995803833,10.960000038146973,252325
2026-08-04 13:15:00,10.949999809265137,10.970000267028809,10.949999809265137,10.960000038146973,225064
2026-08-04 13:30:00,10.960000038146973,10.979999542236328,10.949999809265137,10.949999809265137,29812
2026-08-04 13:45:00,10.949999809265137,10.989999771118164,10.9399995803833,10.970000267028809,151969
2026-08-04 14:00:00,10.960000038146973,10.979999542236328,10.949999809265137,10.960000038146973,192875
2026-08-04 14:15:00,10.9399995803833,10.970000267028809,10.9399995803833,10.960000038146973,173775
2026-08-04 14:30:00,10.9399995803833,10.949999809265137,10.920000076293945,10.949999809265137,194567
2026-08-04 14:45:00,11.0,11.020000457763672,10.9399995803833,10.949999809265137,594796
2026-08-04 15:00:00,11.039999961853027,11.039999961853027,10.989999771118164,11.010000228881836,289769
2026-08-04 15:15:00,11.0,11.039999961853027,11.0,11.029999732971191,478614
2026-08-04 15:30:00,11.029999732971191,11.069999694824219,11.010000228881836,11.010000228881836,380482
2026-08-04 15:45:00,11.010000228881836,11.029999732971191,11.0,11.029999732971191,174483
2026-08-04 16:00:00,10.949999809265137,11.020000457763672,10.9399995803833,11.010000228881836,273729
2026-08-04 16:15:00,11.0,11.0,10.930000305175781,10.9399995803833,401045
2026-08-04 16:30:00,11.0,11.010000228881836,10.989999771118164,10.989999771118164,26790
2026-08-04 16:45:00,10.960000038146973,10.989999771118164,10.949999809265137,10.989999771118164,110806
2026-08-04 17:00:00,10.979999542236328,10.979999542236328,10.960000038146973,10.970000267028809,62070
2026-08-04 17:15:00,10.899999618530273,10.970000267028809,10.890000343322754,10.970000267028809,713184
2026-08-04 17:30:00,10.880000114440918,10.90999984741211,10.880000114440918,10.899999618530273,421176
2026-08-04 17:45:00,10.890000343322754,10.90999984741211,10.869999885559082,10.890000343322754,498230
2026-08-05 09:45:00,10.800000190734863,10.800000190734863,10.800000190734863,10.800000190734863,0
2026-08-05 10:00:00,10.899999618530273,10.960000038146973,10.8100004196167,10.84000015258789,672549
2026-08-05 10:15:00,10.8100004196167,10.899999618530273,10.789999961853027,10.899999618530273,733376
2026-08-05 10:30:00,10.920000076293945,10.930000305175781,10.789999961853027,10.8100004196167,807087
2026-08-05 10:45:00,10.880000114440918,10.920000076293945,10.859999656677246,10.90999984741211,240977
2026-08-05 11:00:00,10.800000190734863,10.90999984741211,10.789999961853027,10.880000114440918,441006
2026-08-05 11:15:00,10.8100004196167,10.819999694824219,10.760000228881836,10.789999961853027,782774
2026-08-05 11:30:00,10.819999694824219,10.819999694824219,10.789999961853027,10.8100004196167,328129
2026-08-05 11:45:00,10.800000190734863,10.829999923706055,10.800000190734863,10.819999694824219,253441
2026-08-05 12:00:00,10.819999694824219,10.829999923706055,10.800000190734863,10.800000190734863,145777
2026-08-05 12:15:00,10.779999732971191,10.819999694824219,10.770000457763672,10.819999694824219,180121
2026-08-05 12:30:00,10.800000190734863,10.819999694824219,10.75,10.779999732971191,173192
2026-08-05 12:45:00,10.760000228881836,10.819999694824219,10.760000228881836,10.8100004196167,195378
2026-08-05 13:00:00,10.6899995803833,10.760000228881836,10.670000076293945,10.760000228881836,509837
2026-08-05 13:15:00,10.729999542236328,10.770000457763672,10.65999984741211,10.680000305175781,930618
2026-08-05 13:30:00,10.789999961853027,10.789999961853027,10.729999542236328,10.729999542236328,273117
2026-08-05 13:45:00,10.800000190734863,10.829999923706055,10.779999732971191,10.789999961853027,420755
2026-08-05 14:00:00,10.84000015258789,10.859999656677246,10.800000190734863,10.800000190734863,361015
2026-08-05 14:15:00,10.880000114440918,10.899999618530273,10.829999923706055,10.829999923706055,1166074
2026-08-05 14:30:00,10.829999923706055,10.869999885559082,10.819999694824219,10.869999885559082,413872
2026-08-05 14:45:00,10.829999923706055,10.850000381469727,10.829999923706055,10.829999923706055,93281
2026-08-05 15:00:00,10.84000015258789,10.84000015258789,10.8100004196167,10.819999694824219,216717
2026-08-05 15:15:00,10.859999656677246,10.859999656677246,10.829999923706055,10.84000015258789,363498
2026-08-05 15:30:00,10.84000015258789,10.920000076293945,10.819999694824219,10.859999656677246,743874
2026-08-05 15:45:00,10.880000114440918,10.899999618530273,10.8100004196167,10.850000381469727,312842
2026-08-05 16:00:00,10.800000190734863,10.880000114440918,10.800000190734863,10.880000114440918,159824
2026-08-05 16:15:00,10.869999885559082,10.899999618530273,10.779999732971191,10.8100004196167,409161
2026-08-05 16:30:00,10.850000381469727,10.890000343322754,10.800000190734863,10.880000114440918,560119
2026-08-05 16:45:00,10.850000381469727,10.859999656677246,10.819999694824219,10.850000381469727,231134
2026-08-05 17:00:00,10.920000076293945,10.920000076293945,10.84000015258789,10.850000381469727,358153
2026-08-05 17:15:00,10.930000305175781,10.960000038146973,10.880000114440918,10.920000076293945,739529
2026-08-05 17:30:00,10.930000305175781,10.9399995803833,10.859999656677246,10.930000305175781,949711
2026-08-05 17:45:00,10.920000076293945,10.949999809265137,10.890000343322754,10.930000305175781,892002
2026-08-06 09:45:00,10.9399995803833,10.9399995803833,10.9399995803833,10.9399995803833,0
2026-08-06 10:00:00,10.850000381469727,11.029999732971191,10.850000381469727,10.949999809265137,709775
2026-08-06 10:15:00,10.84000015258789,10.890000343322754,10.8100004196167,10.850000381469727,947381
2026-08-06 10:30:00,10.819999694824219,10.880000114440918,10.8100004196167,10.850000381469727,620326
2026-08-06 10:45:00,10.800000190734863,10.829999923706055,10.760000228881836,10.819999694824219,288568
2026-08-06 11:00:00,10.760000228881836,10.800000190734863,10.760000228881836,10.800000190734863,393726
2026-08-06 11:15:00,10.75,10.8100004196167,10.720000267028809,10.770000457763672,993727
2026-08-06 11:30:00,10.819999694824219,10.819999694824219,10.75,10.75,250472
2026-08-06 11:45:00,10.789999961853027,10.819999694824219,10.770000457763672,10.8100004196167,355693
2026-08-06 12:00:00,10.760000228881836,10.789999961853027,10.75,10.789999961853027,322837
2026-08-06 12:15:00,10.829999923706055,10.899999618530273,10.75,10.770000457763672,393863
2026-08-06 12:30:00,10.819999694824219,11.0,10.8100004196167,10.829999923706055,551480
2026-08-06 12:45:00,10.829999923706055,10.829999923706055,10.800000190734863,10.8100004196167,217747
2026-08-06 13:00:00,10.789999961853027,10.84000015258789,10.779999732971191,10.829999923706055,122248
2026-08-06 13:15:00,10.779999732971191,10.800000190734863,10.760000228881836,10.800000190734863,314945
2026-08-06 13:30:00,10.760000228881836,10.779999732971191,10.75,10.779999732971191,211216
2026-08-06 13:45:00,10.75,10.770000457763672,10.739999771118164,10.760000228881836,363963
2026-08-06 14:00:00,10.739999771118164,10.760000228881836,10.729999542236328,10.760000228881836,125508
2026-08-06 14:15:00,10.739999771118164,10.760000228881836,10.720000267028809,10.739999771118164,332413
2026-08-06 14:30:00,10.729999542236328,10.760000228881836,10.720000267028809,10.739999771118164,187199
2026-08-06 14:45:00,10.729999542236328,10.739999771118164,10.710000038146973,10.739999771118164,347901
2026-08-06 15:00:00,10.739999771118164,10.739999771118164,10.729999542236328,10.729999542236328,118797
2026-08-06 15:15:00,10.729999542236328,10.739999771118164,10.710000038146973,10.739999771118164,199731
2026-08-06 15:30:00,10.6899995803833,10.729999542236328,10.6899995803833,10.729999542236328,378787
2026-08-06 15:45:00,10.699999809265137,10.760000228881836,10.670000076293945,10.6899995803833,950083
2026-08-06 16:00:00,10.710000038146973,10.710000038146973,10.699999809265137,10.710000038146973,125726
2026-08-06 16:15:00,10.729999542236328,10.739999771118164,10.710000038146973,10.710000038146973,75445
2026-08-06 16:30:00,10.710000038146973,10.739999771118164,10.710000038146973,10.739999771118164,222222
2026-08-06 16:45:00,10.770000457763672,10.779999732971191,10.710000038146973,10.720000267028809,431339
2026-08-06 17:00:00,10.779999732971191,10.789999961853027,10.75,10.779999732971191,201083
2026-08-06 17:15:00,10.710000038146973,10.789999961853027,10.699999809265137,10.779999732971191,425787
2026-08-06 17:30:00,10.699999809265137,10.720000267028809,10.6899995803833,10.710000038146973,374487
2026-08-06 17:45:00,10.680000305175781,10.729999542236328,10.680000305175781,10.6899995803833,508519
2026-08-07 09:45:00,10.729999542236328,10.729999542236328,10.729999542236328,10.729999542236328,0
2026-08-07 10:00:00,10.90999984741211,10.9399995803833,10.729999542236328,10.739999771118164,2135099
2026-08-07 10:15:00,10.829999923706055,10.960000038146973,10.829999923706055,10.920000076293945,856615
2026-08-07 10:30:00,10.779999732971191,10.850000381469727,10.779999732971191,10.829999923706055,641773
2026-08-07 10:45:00,10.800000190734863,10.800000190734863,10.770000457763672,10.789999961853027,245045
2026-08-07 11:00:00,10.789999961853027,10.8100004196167,10.779999732971191,10.800000190734863,239979
2026-08-07 11:15:00,10.770000457763672,10.789999961853027,10.760000228881836,10.789999961853027,262146
2026-08-07 11:30:00,10.770000457763672,10.779999732971191,10.75,10.779999732971191,156754
2026-08-07 11:45:00,10.760000228881836,10.779999732971191,10.739999771118164,10.770000457763672,253675
2026-08-07 12:00:00,10.760000228881836,10.770000457763672,10.75,10.770000457763672,92132
2026-08-07 12:15:00,10.779999732971191,10.789999961853027,10.75,10.760000228881836,61202
2026-08-07 12:30:00,10.779999732971191,10.800000190734863,10.75,10.779999732971191,214190
2026-08-07 12:45:00,10.800000190734863,10.800000190734863,10.770000457763672,10.789999961853027,28424
2026-08-07 13:00:00,10.800000190734863,10.800000190734863,10.779999732971191,10.800000190734863,218103
2026-08-07 13:15:00,10.789999961853027,10.800000190734863,10.779999732971191,10.800000190734863,115219
2026-08-07 13:30:00,10.760000228881836,10.789999961853027,10.760000228881836,10.789999961853027,52775
2026-08-07 13:45:00,10.760000228881836,10.770000457763672,10.75,10.760000228881836,183943
2026-08-07 14:00:00,10.760000228881836,10.760000228881836,10.739999771118164,10.760000228881836,92816
2026-08-07 14:15:00,10.75,10.760000228881836,10.739999771118164,10.75,111716
2026-08-07 14:30:00,10.729999542236328,10.760000228881836,10.720000267028809,10.75,379136
2026-08-07 14:45:00,10.729999542236328,10.729999542236328,10.710000038146973,10.729999542236328,219813
2026-08-07 15:00:00,10.75,10.75,10.720000267028809,10.729999542236328,384064
2026-08-07 15:15:00,10.760000228881836,10.770000457763672,10.739999771118164,10.75,54110
2026-08-07 15:30:00,10.8100004196167,10.8100004196167,10.760000228881836,10.770000457763672,410073
2026-08-07 15:45:00,10.789999961853027,10.8100004196167,10.760000228881836,10.8100004196167,185754
2026-08-07 16:00:00,10.779999732971191,10.789999961853027,10.770000457763672,10.789999961853027,36102
2026-08-07 16:15:00,10.779999732971191,10.800000190734863,10.760000228881836,10.779999732971191,186299
2026-08-07 16:30:00,10.779999732971191,10.789999961853027,10.760000228881836,10.779999732971191,212224
2026-08-07 16:45:00,10.760000228881836,10.789999961853027,10.75,10.770000457763672,289386
2026-08-07 17:00:00,10.760000228881836,10.819999694824219,10.729999542236328,10.760000228881836,635403
2026-08-07 17:15:00,10.789999961853027,10.800000190734863,10.739999771118164,10.739999771118164,661700
2026-08-07 17:30:00,10.75,10.789999961853027,10.720000267028809,10.779999732971191,248963
2026-08-07 17:45:00,10.739999771118164,10.770000457763672,10.729999542236328,10.760000228881836,458422
2026-08-10 09:45:00,10.779999732971191,10.779999732971191,10.779999732971191,10.779999732971191,0
2026-08-10 10:00:00,10.779999732971191,10.850000381469727,10.75,10.800000190734863,697503
2026-08-10 10:15:00,10.869999885559082,10.869999885559082,10.699999809265137,10.789999961853027,1055582
2026-08-10 10:30:00,11.210000038146973,11.289999961853027,10.850000381469727,10.869999885559082,4025257
2026-08-10 10:45:00,11.050000190734863,11.220000267028809,11.029999732971191,11.210000038146973,1169739
2026-08-10 11:00:00,11.029999732971191,11.050000190734863,11.0,11.039999961853027,394181
2026-08-10 11:15:00,11.029999732971191,11.039999961853027,11.0,11.029999732971191,282940
2026-08-10 11:30:00,11.0600004196167,11.079999923706055,11.0,11.020000457763672,250290
2026-08-10 11:45:00,11.039999961853027,11.069999694824219,11.039999961853027,11.0600004196167,154957
2026-08-10 12:00:00,11.0600004196167,11.069999694824219,11.020000457763672,11.039999961853027,260645
2026-08-10 12:15:00,11.029999732971191,11.069999694824219,11.029999732971191,11.0600004196167,181573
2026-08-10 12:30:00,11.010000228881836,11.050000190734863,11.0,11.039999961853027,349957
2026-08-10 12:45:00,11.020000457763672,11.029999732971191,10.989999771118164,11.020000457763672,197843
2026-08-10 13:00:00,11.079999923706055,11.079999923706055,11.0,11.010000228881836,636919
2026-08-10 13:15:00,11.079999923706055,11.140000343322754,11.079999923706055,11.09000015258789,480050
2026-08-10 13:30:00,11.09000015258789,11.09000015258789,11.0600004196167,11.079999923706055,249322
2026-08-10 13:45:00,11.09000015258789,11.100000381469727,11.079999923706055,11.079999923706055,99649
2026-08-10 14:00:00,11.100000381469727,11.119999885559082,11.069999694824219,11.100000381469727,509720
2026-08-10 14:15:00,11.010000228881836,11.100000381469727,11.010000228881836,11.100000381469727,289913
2026-08-10 14:30:00,11.010000228881836,11.029999732971191,11.0,11.020000457763672,385003
2026-08-10 14:45:00,11.020000457763672,11.029999732971191,11.0,11.020000457763672,184434
2026-08-10 15:00:00,11.0,11.020000457763672,11.0,11.020000457763672,26738
2026-08-10 15:15:00,10.970000267028809,11.020000457763672,10.949999809265137,11.0,372463
2026-08-10 15:30:00,10.979999542236328,10.979999542236328,10.960000038146973,10.970000267028809,74112
2026-08-10 15:45:00,10.920000076293945,10.979999542236328,10.920000076293945,10.979999542236328,169392
2026-08-10 16:00:00,10.880000114440918,10.920000076293945,10.869999885559082,10.920000076293945,225756
2026-08-10 16:15:00,10.880000114440918,10.890000343322754,10.84000015258789,10.880000114440918,276431
2026-08-10 16:30:00,10.829999923706055,10.880000114440918,10.8100004196167,10.880000114440918,193599
2026-08-10 16:45:00,10.770000457763672,10.84000015258789,10.760000228881836,10.84000015258789,399645
2026-08-10 17:00:00,10.770000457763672,10.829999923706055,10.75,10.770000457763672,544574
2026-08-10 17:15:00,10.75,10.770000457763672,10.75,10.770000457763672,112588
2026-08-10 17:30:00,10.739999771118164,10.760000228881836,10.710000038146973,10.760000228881836,465603
2026-08-10 17:45:00,10.729999542236328,10.75,10.699999809265137,10.739999771118164,872464
2026-08-11 09:45:00,10.729999542236328,10.729999542236328,10.729999542236328,10.729999542236328,0
2026-08-11 10:00:00,10.729999542236328,10.84000015258789,10.720000267028809,10.729999542236328,1155304
2026-08-11 10:15:00,10.699999809265137,10.739999771118164,10.670000076293945,10.729999542236328,580170
2026-08-11 10:30:00,10.890000343322754,10.989999771118164,10.6899995803833,10.699999809265137,1634761
2026-08-11 10:45:00,10.819999694824219,10.899999618530273,10.789999961853027,10.880000114440918,812245
2026-08-11 11:00:00,10.779999732971191,10.84000015258789,10.779999732971191,10.829999923706055,561545
2026-08-11 11:15:00,10.789999961853027,10.8100004196167,10.770000457763672,10.789999961853027,280399
2026-08-11 11:30:00,10.859999656677246,10.859999656677246,10.779999732971191,10.779999732971191,809697
2026-08-11 11:45:00,10.960000038146973,11.039999961853027,10.850000381469727,10.850000381469727,2205171
2026-08-11 12:00:00,10.890000343322754,10.960000038146973,10.880000114440918,10.960000038146973,328534
2026-08-11 12:15:00,10.880000114440918,10.899999618530273,10.869999885559082,10.899999618530273,72076
2026-08-11 12:30:00,10.899999618530273,10.90999984741211,10.869999885559082,10.869999885559082,64691
2026-08-11 12:45:00,10.899999618530273,10.90999984741211,10.880000114440918,10.890000343322754,228814
2026-08-11 13:00:00,10.890000343322754,10.890000343322754,10.859999656677246,10.890000343322754,126946
2026-08-11 13:15:00,10.869999885559082,10.90999984741211,10.850000381469727,10.890000343322754,334340
2026-08-11 13:30:00,10.670000076293945,10.869999885559082,10.579999923706055,10.859999656677246,3219376
2026-08-11 13:45:00,10.670000076293945,10.720000267028809,10.670000076293945,10.670000076293945,423883
2026-08-11 14:00:00,10.6899995803833,10.710000038146973,10.670000076293945,10.680000305175781,155400
2026-08-11 14:15:00,10.65999984741211,10.699999809265137,10.649999618530273,10.699999809265137,179131
2026-08-11 14:30:00,10.65999984741211,10.6899995803833,10.640000343322754,10.670000076293945,520689
2026-08-11 14:45:00,10.619999885559082,10.65999984741211,10.609999656677246,10.65999984741211,179454
2026-08-11 15:00:00,10.630000114440918,10.640000343322754,10.609999656677246,10.619999885559082,127914
2026-08-11 15:15:00,10.640000343322754,10.680000305175781,10.630000114440918,10.640000343322754,377346
2026-08-11 15:30:00,10.630000114440918,10.65999984741211,10.579999923706055,10.640000343322754,891485
2026-08-11 15:45:00,10.630000114440918,10.640000343322754,10.630000114440918,10.630000114440918,121597
2026-08-11 16:00:00,10.640000343322754,10.65999984741211,10.619999885559082,10.630000114440918,296748
2026-08-11 16:15:00,10.649999618530273,10.680000305175781,10.619999885559082,10.640000343322754,423935
2026-08-11 16:30:00,10.619999885559082,10.649999618530273,10.619999885559082,10.649999618530273,144975
2026-08-11 16:45:00,10.630000114440918,10.640000343322754,10.609999656677246,10.630000114440918,115062
2026-08-11 17:00:00,10.680000305175781,10.710000038146973,10.619999885559082,10.640000343322754,479305
2026-08-11 17:15:00,10.65999984741211,10.680000305175781,10.59000015258789,10.680000305175781,830716
2026-08-11 17:30:00,10.670000076293945,10.680000305175781,10.649999618530273,10.670000076293945,253459
2026-08-11 17:45:00,10.640000343322754,10.680000305175781,10.640000343322754,10.649999618530273,780472
2026-08-12 09:45:00,10.680000305175781,10.680000305175781,10.680000305175781,10.680000305175781,0
2026-08-12 10:00:00,10.619999885559082,10.710000038146973,10.619999885559082,10.680000305175781,579665
2026-08-12 10:15:00,10.59000015258789,10.630000114440918,10.550000190734863,10.619999885559082,754486
2026-08-12 10:30:00,10.609999656677246,10.619999885559082,10.5600004196167,10.579999923706055,578281
2026-08-12 10:45:00,10.600000381469727,10.609999656677246,10.59000015258789,10.609999656677246,255489
2026-08-12 11:00:00,10.600000381469727,10.619999885559082,10.569999694824219,10.600000381469727,210584
2026-08-12 11:15:00,10.600000381469727,10.640000343322754,10.59000015258789,10.59000015258789,359717
2026-08-12 11:30:00,10.609999656677246,10.619999885559082,10.579999923706055,10.59000015258789,289281
2026-08-12 11:45:00,10.609999656677246,10.609999656677246,10.579999923706055,10.609999656677246,284681
2026-08-12 12:00:00,10.600000381469727,10.619999885559082,10.59000015258789,10.600000381469727,248432
2026-08-12 12:15:00,10.609999656677246,10.619999885559082,10.59000015258789,10.600000381469727,94091
2026-08-12 12:30:00,10.680000305175781,10.680000305175781,10.600000381469727,10.600000381469727,587873
2026-08-12 12:45:00,10.630000114440918,10.680000305175781,10.630000114440918,10.680000305175781,204268
2026-08-12 13:00:00,10.680000305175781,10.6899995803833,10.630000114440918,10.630000114440918,344454
2026-08-12 13:15:00,10.670000076293945,10.699999809265137,10.670000076293945,10.680000305175781,162655
2026-08-12 13:30:00,10.649999618530273,10.670000076293945,10.630000114440918,10.670000076293945,166197
2026-08-12 13:45:00,10.579999923706055,10.649999618530273,10.579999923706055,10.649999618530273,434873
2026-08-12 14:00:00,10.569999694824219,10.600000381469727,10.550000190734863,10.579999923706055,357676
2026-08-12 14:15:00,10.5600004196167,10.609999656677246,10.550000190734863,10.569999694824219,431802
2026-08-12 14:30:00,10.550000190734863,10.579999923706055,10.520000457763672,10.5600004196167,522673
2026-08-12 14:45:00,10.569999694824219,10.579999923706055,10.550000190734863,10.550000190734863,145364
2026-08-12 15:00:00,10.619999885559082,10.619999885559082,10.5600004196167,10.569999694824219,205851
2026-08-12 15:15:00,10.5600004196167,10.619999885559082,10.539999961853027,10.609999656677246,448004
2026-08-12 15:30:00,10.5,10.550000190734863,10.470000267028809,10.550000190734863,820809
2026-08-12 15:45:00,10.520000457763672,10.550000190734863,10.479999542236328,10.5,485533
2026-08-12 16:00:00,10.520000457763672,10.529999732971191,10.5,10.510000228881836,178792
2026-08-12 16:15:00,10.5,10.520000457763672,10.489999771118164,10.520000457763672,252531
2026-08-12 16:30:00,10.5,10.5,10.460000038146973,10.5,387460
2026-08-12 16:45:00,10.470000267028809,10.529999732971191,10.470000267028809,10.5,408690
2026-08-12 17:00:00,10.470000267028809,10.510000228881836,10.460000038146973,10.470000267028809,275579
2026-08-12 17:15:00,10.479999542236328,10.489999771118164,10.470000267028809,10.470000267028809,300393
2026-08-12 17:30:00,10.430000305175781,10.479999542236328,10.399999618530273,10.479999542236328,568538
2026-08-12 17:45:00,10.359999656677246,10.430000305175781,10.329999923706055,10.430000305175781,1608263
2026-08-13 09:45:00,10.329999923706055,10.329999923706055,10.329999923706055,10.329999923706055,0
2026-08-13 10:00:00,10.390000343322754,10.5600004196167,10.329999923706055,10.34000015258789,1752123
2026-08-13 10:15:00,10.390000343322754,10.420000076293945,10.380000114440918,10.390000343322754,264069
2026-08-13 10:30:00,10.369999885559082,10.399999618530273,10.369999885559082,10.390000343322754,72684
2026-08-13 10:45:00,10.390000343322754,10.460000038146973,10.369999885559082,10.369999885559082,424978
2026-08-13 11:00:00,10.520000457763672,10.529999732971191,10.359999656677246,10.399999618530273,867644
2026-08-13 11:15:00,10.449999809265137,10.520000457763672,10.449999809265137,10.510000228881836,437407
2026-08-13 11:30:00,10.449999809265137,10.460000038146973,10.420000076293945,10.449999809265137,111869
2026-08-13 11:45:00,10.449999809265137,10.539999961853027,10.449999809265137,10.460000038146973,422898
2026-08-13 12:00:00,10.430000305175781,10.449999809265137,10.399999618530273,10.4399995803833,186849
2026-08-13 12:15:00,10.430000305175781,10.449999809265137,10.430000305175781,10.430000305175781,196508
2026-08-13 12:30:00,10.40999984741211,10.460000038146973,10.399999618530273,10.430000305175781,207505
2026-08-13 12:45:00,10.420000076293945,10.420000076293945,10.350000381469727,10.40999984741211,330428
2026-08-13 13:00:00,10.359999656677246,10.449999809265137,10.329999923706055,10.420000076293945,431788
2026-08-13 13:15:00,10.34000015258789,10.350000381469727,10.3100004196167,10.350000381469727,256967
2026-08-13 13:30:00,10.300000190734863,10.350000381469727,10.300000190734863,10.34000015258789,128907
2026-08-13 13:45:00,10.270000457763672,10.3100004196167,10.260000228881836,10.3100004196167,285501
2026-08-13 14:00:00,10.25,10.270000457763672,10.210000038146973,10.270000457763672,501331
2026-08-13 14:15:00,10.260000228881836,10.279999732971191,10.239999771118164,10.25,89946
2026-08-13 14:30:00,10.25,10.270000457763672,10.229999542236328,10.270000457763672,179207
2026-08-13 14:45:00,10.270000457763672,10.270000457763672,10.199999809265137,10.25,248907
2026-08-13 15:00:00,10.270000457763672,10.300000190734863,10.25,10.260000228881836,125332
2026-08-13 15:15:00,10.25,10.279999732971191,10.239999771118164,10.270000457763672,125208
2026-08-13 15:30:00,10.239999771118164,10.260000228881836,10.229999542236328,10.260000228881836,195474
2026-08-13 15:45:00,10.239999771118164,10.3100004196167,10.199999809265137,10.260000228881836,543657
2026-08-13 16:00:00,10.1899995803833,10.239999771118164,10.180000305175781,10.239999771118164,672626
2026-08-13 16:15:00,10.140000343322754,10.199999809265137,10.100000381469727,10.199999809265137,559548
2026-08-13 16:30:00,10.210000038146973,10.220000267028809,10.140000343322754,10.140000343322754,325253
2026-08-13 16:45:00,10.210000038146973,10.25,10.170000076293945,10.199999809265137,363146
2026-08-13 17:00:00,10.239999771118164,10.239999771118164,10.210000038146973,10.210000038146973,84035
2026-08-13 17:15:00,10.199999809265137,10.239999771118164,10.199999809265137,10.239999771118164,270418
2026-08-13 17:30:00,10.220000267028809,10.239999771118164,10.199999809265137,10.199999809265137,303690
2026-08-13 17:45:00,10.300000190734863,10.34000015258789,10.220000267028809,10.229999542236328,553052
2026-08-14 09:45:00,10.449999809265137,10.449999809265137,10.449999809265137,10.449999809265137,0
2026-08-14 10:00:00,10.520000457763672,10.5600004196167,10.359999656677246,10.460000038146973,2342435
2026-08-14 10:15:00,10.489999771118164,10.550000190734863,10.449999809265137,10.539999961853027,671216
2026-08-14 10:30:00,10.529999732971191,10.550000190734863,10.460000038146973,10.489999771118164,438028
2026-08-14 10:45:00,10.470000267028809,10.529999732971191,10.449999809265137,10.529999732971191,302433
2026-08-14 11:00:00,10.479999542236328,10.510000228881836,10.460000038146973,10.470000267028809,233459
2026-08-14 11:15:00,10.479999542236328,10.510000228881836,10.470000267028809,10.489999771118164,185226
2026-08-14 11:30:00,10.489999771118164,10.520000457763672,10.470000267028809,10.479999542236328,148177
2026-08-14 11:45:00,10.460000038146973,10.489999771118164,10.449999809265137,10.479999542236328,138963
2026-08-14 12:00:00,10.5,10.520000457763672,10.460000038146973,10.470000267028809,241186
2026-08-14 12:15:00,10.489999771118164,10.510000228881836,10.479999542236328,10.5,172926
2026-08-14 12:30:00,10.489999771118164,10.520000457763672,10.479999542236328,10.489999771118164,285817
2026-08-14 12:45:00,10.520000457763672,10.529999732971191,10.489999771118164,10.5,469063
2026-08-14 13:00:00,10.529999732971191,10.539999961853027,10.510000228881836,10.529999732971191,251413
2026-08-14 13:15:00,10.479999542236328,10.529999732971191,10.460000038146973,10.529999732971191,430467
2026-08-14 13:30:00,10.479999542236328,10.489999771118164,10.470000267028809,10.479999542236328,125620
2026-08-14 13:45:00,10.520000457763672,10.529999732971191,10.449999809265137,10.470000267028809,694145
2026-08-14 14:00:00,10.520000457763672,10.539999961853027,10.479999542236328,10.520000457763672,259227
2026-08-14 14:15:00,10.539999961853027,10.550000190734863,10.510000228881836,10.529999732971191,431694
2026-08-14 14:30:00,10.470000267028809,10.529999732971191,10.460000038146973,10.529999732971191,502326
2026-08-14 14:45:00,10.430000305175781,10.470000267028809,10.40999984741211,10.470000267028809,425118
2026-08-14 15:00:00,10.449999809265137,10.470000267028809,10.430000305175781,10.430000305175781,374338
2026-08-14 15:15:00,10.420000076293945,10.449999809265137,10.40999984741211,10.449999809265137,308644
2026-08-14 15:30:00,10.460000038146973,10.460000038146973,10.430000305175781,10.430000305175781,233109
2026-08-14 15:45:00,10.539999961853027,10.539999961853027,10.4399995803833,10.4399995803833,635459
2026-08-14 16:00:00,10.520000457763672,10.59000015258789,10.510000228881836,10.529999732971191,709701
2026-08-14 16:15:00,10.550000190734863,10.5600004196167,10.510000228881836,10.529999732971191,524202
2026-08-14 16:30:00,10.539999961853027,10.5600004196167,10.520000457763672,10.550000190734863,546161
2026-08-14 16:45:00,10.609999656677246,10.619999885559082,10.529999732971191,10.550000190734863,671711
2026-08-14 17:00:00,10.65999984741211,10.670000076293945,10.579999923706055,10.619999885559082,958069
2026-08-14 17:15:00,10.640000343322754,10.710000038146973,10.609999656677246,10.65999984741211,1576844
2026-08-14 17:30:00,10.630000114440918,10.670000076293945,10.609999656677246,10.630000114440918,563710
2026-08-14 17:45:00,10.579999923706055,10.630000114440918,10.569999694824219,10.619999885559082,1059066
2026-08-17 09:45:00,10.550000190734863,10.550000190734863,10.550000190734863,10.550000190734863,0
2026-08-17 10:00:00,10.470000267028809,10.600000381469727,10.460000038146973,10.5600004196167,1361648
2026-08-17 10:15:00,10.449999809265137,10.479999542236328,10.399999618530273,10.460000038146973,637135
2026-08-17 10:30:00,10.369999885559082,10.449999809265137,10.319999694824219,10.449999809265137,1515773
2026-08-17 10:45:00,10.369999885559082,10.399999618530273,10.319999694824219,10.359999656677246,1043809
2026-08-17 11:00:00,10.279999732971191,10.369999885559082,10.270000457763672,10.369999885559082,810417
2026-08-17 11:15:00,10.380000114440918,10.40999984741211,10.260000228881836,10.279999732971191,1082013
2026-08-17 11:30:00,10.430000305175781,10.430000305175781,10.369999885559082,10.380000114440918,320035
2026-08-17 11:45:00,10.420000076293945,10.460000038146973,10.40999984741211,10.430000305175781,566797
2026-08-17 12:00:00,10.489999771118164,10.5,10.40999984741211,10.420000076293945,623984
2026-08-17 12:15:00,10.449999809265137,10.510000228881836,10.430000305175781,10.5,383505
2026-08-17 12:30:00,10.420000076293945,10.449999809265137,10.420000076293945,10.449999809265137,164282
2026-08-17 12:45:00,10.430000305175781,10.470000267028809,10.399999618530273,10.420000076293945,358935
2026-08-17 13:00:00,10.420000076293945,10.449999809265137,10.420000076293945,10.430000305175781,84887
2026-08-17 13:15:00,10.430000305175781,10.4399995803833,10.40999984741211,10.420000076293945,166470
2026-08-17 13:30:00,10.5600004196167,10.5600004196167,10.399999618530273,10.430000305175781,1296580
2026-08-17 13:45:00,10.579999923706055,10.729999542236328,10.5600004196167,10.5600004196167,3501312
2026-08-17 14:00:00,10.539999961853027,10.59000015258789,10.539999961853027,10.579999923706055,444426
2026-08-17 14:15:00,10.5,10.539999961853027,10.489999771118164,10.539999961853027,117819
2026-08-17 14:30:00,10.5,10.529999732971191,10.489999771118164,10.5,196060
2026-08-17 14:45:00,10.479999542236328,10.510000228881836,10.470000267028809,10.5,246481
2026-08-17 15:00:00,10.479999542236328,10.489999771118164,10.470000267028809,10.479999542236328,220406
2026-08-17 15:15:00,10.479999542236328,10.5,10.479999542236328,10.479999542236328,89261
2026-08-17 15:30:00,10.510000228881836,10.520000457763672,10.470000267028809,10.479999542236328,399299
2026-08-17 15:45:00,10.510000228881836,10.510000228881836,10.489999771118164,10.510000228881836,185538
2026-08-17 16:00:00,10.529999732971191,10.539999961853027,10.5,10.5,188562
2026-08-17 16:15:00,10.520000457763672,10.539999961853027,10.5,10.529999732971191,634599
2026-08-17 16:30:00,10.5,10.520000457763672,10.489999771118164,10.510000228881836,404336
2026-08-17 16:45:00,10.5600004196167,10.569999694824219,10.489999771118164,10.489999771118164,1003740
2026-08-17 17:00:00,10.529999732971191,10.569999694824219,10.520000457763672,10.5600004196167,388153
2026-08-17 17:15:00,10.609999656677246,10.630000114440918,10.520000457763672,10.529999732971191,1111491
2026-08-17 17:30:00,10.520000457763672,10.649999618530273,10.479999542236328,10.609999656677246,1402060
2026-08-17 17:45:00,10.470000267028809,10.539999961853027,10.470000267028809,10.529999732971191,1131353
2026-08-18 09:45:00,10.529999732971191,10.529999732971191,10.529999732971191,10.529999732971191,0
2026-08-18 10:00:00,10.350000381469727,10.539999961853027,10.270000457763672,10.529999732971191,1577015
2026-08-18 10:15:00,10.460000038146973,10.529999732971191,10.34000015258789,10.350000381469727,1331386
2026-08-18 10:30:00,10.520000457763672,10.539999961853027,10.470000267028809,10.470000267028809,472567
2026-08-18 10:45:00,10.470000267028809,10.630000114440918,10.460000038146973,10.529999732971191,1308340
2026-08-18 11:00:00,10.40999984741211,10.489999771118164,10.399999618530273,10.470000267028809,621097
2026-08-18 11:15:00,10.449999809265137,10.479999542236328,10.390000343322754,10.40999984741211,520647
2026-08-18 11:30:00,10.460000038146973,10.5,10.40999984741211,10.460000038146973,287186
2026-08-18 11:45:00,10.430000305175781,10.460000038146973,10.420000076293945,10.460000038146973,88732
2026-08-18 12:00:00,10.399999618530273,10.479999542236328,10.380000114440918,10.430000305175781,484889
2026-08-18 12:15:00,10.390000343322754,10.449999809265137,10.380000114440918,10.399999618530273,253934
2026-08-18 12:30:00,10.380000114440918,10.399999618530273,10.380000114440918,10.399999618530273,80304
2026-08-18 12:45:00,10.34000015258789,10.380000114440918,10.319999694824219,10.380000114440918,405523
2026-08-18 13:00:00,10.329999923706055,10.34000015258789,10.300000190734863,10.34000015258789,255807
2026-08-18 13:15:00,10.3100004196167,10.350000381469727,10.3100004196167,10.329999923706055,393515
2026-08-18 13:30:00,10.369999885559082,10.390000343322754,10.3100004196167,10.3100004196167,422200
2026-08-18 13:45:00,10.390000343322754,10.399999618530273,10.359999656677246,10.369999885559082,141654
2026-08-18 14:00:00,10.420000076293945,10.430000305175781,10.390000343322754,10.390000343322754,229442
2026-08-18 14:15:00,10.430000305175781,10.4399995803833,10.40999984741211,10.420000076293945,164283
2026-08-18 14:30:00,10.40999984741211,10.430000305175781,10.40999984741211,10.430000305175781,99674
2026-08-18 14:45:00,10.430000305175781,10.430000305175781,10.40999984741211,10.40999984741211,127508
2026-08-18 15:00:00,10.369999885559082,10.420000076293945,10.359999656677246,10.420000076293945,193907
2026-08-18 15:15:00,10.359999656677246,10.380000114440918,10.350000381469727,10.359999656677246,90859
2026-08-18 15:30:00,10.359999656677246,10.359999656677246,10.34000015258789,10.359999656677246,101471
2026-08-18 15:45:00,10.380000114440918,10.4399995803833,10.359999656677246,10.359999656677246,376740
2026-08-18 16:00:00,10.380000114440918,10.420000076293945,10.369999885559082,10.380000114440918,255080
2026-08-18 16:15:00,10.359999656677246,10.380000114440918,10.329999923706055,10.380000114440918,300361
2026-08-18 16:30:00,10.270000457763672,10.350000381469727,10.260000228881836,10.350000381469727,1057623
2026-08-18 16:45:00,10.119999885559082,10.270000457763672,10.050000190734863,10.270000457763672,1811616
2026-08-18 17:00:00,10.020000457763672,10.140000343322754,10.010000228881836,10.130000114440918,1022503
2026-08-18 17:15:00,9.75,9.979999542236328,9.729999542236328,9.979999542236328,4066959
2026-08-18 17:30:00,9.75,9.84000015258789,9.600000381469727,9.760000228881836,4145176
2026-08-18 17:45:00,9.75,9.770000457763672,9.680000305175781,9.75,2844486
2026-08-19 09:45:00,9.779999732971191,9.779999732971191,9.779999732971191,9.779999732971191,0
2026-08-19 10:00:00,9.819999694824219,9.869999885559082,9.630000114440918,9.770000457763672,1564867
2026-08-19 10:15:00,9.779999732971191,9.90999984741211,9.779999732971191,9.8100004196167,882687
2026-08-19 10:30:00,9.770000457763672,9.859999656677246,9.770000457763672,9.779999732971191,266459
2026-08-19 10:45:00,9.770000457763672,9.8100004196167,9.75,9.8100004196167,147317
