Datetime,Close,High,Low,Open,Volume
2026-06-01 09:45:00,26.360000610351562,26.360000610351562,26.360000610351562,26.360000610351562,0
2026-06-01 10:00:00,26.760000228881836,26.780000686645508,26.3799991607666,26.3799991607666,553616
2026-06-01 10:15:00,26.81999969482422,26.899999618530273,26.68000030517578,26.760000228881836,396287
2026-06-01 10:30:00,26.780000686645508,26.8799991607666,26.760000228881836,26.84000015258789,198526
2026-06-01 10:45:00,26.920000076293945,26.940000534057617,26.760000228881836,26.780000686645508,162756
2026-06-01 11:00:00,26.899999618530273,26.940000534057617,26.860000610351562,26.899999618530273,75270
2026-06-01 11:15:00,26.81999969482422,26.8799991607666,26.81999969482422,26.8799991607666,50294
2026-06-01 11:30:00,26.860000610351562,26.899999618530273,26.81999969482422,26.81999969482422,35647
2026-06-01 11:45:00,26.8799991607666,26.8799991607666,26.780000686645508,26.8799991607666,59170
2026-06-01 12:00:00,26.899999618530273,26.940000534057617,26.8799991607666,26.8799991607666,53507
2026-06-01 12:15:00,26.860000610351562,26.979999542236328,26.81999969482422,26.899999618530273,165554
2026-06-01 12:30:00,26.899999618530273,26.899999618530273,26.84000015258789,26.84000015258789,26579
2026-06-01 12:45:00,26.8799991607666,26.920000076293945,26.84000015258789,26.899999618530273,28734
2026-06-01 13:00:00,26.81999969482422,26.920000076293945,26.700000762939453,26.8799991607666,219114
2026-06-01 13:15:00,26.81999969482422,26.8799991607666,26.799999237060547,26.799999237060547,80718
2026-06-01 13:30:00,26.81999969482422,26.860000610351562,26.799999237060547,26.81999969482422,89773
2026-06-01 13:45:00,26.799999237060547,26.84000015258789,26.799999237060547,26.81999969482422,9003
2026-06-01 14:00:00,26.799999237060547,26.84000015258789,26.780000686645508,26.799999237060547,33766
2026-06-01 14:15:00,26.799999237060547,26.84000015258789,26.780000686645508,26.799999237060547,41188
2026-06-01 14:30:00,26.84000015258789,26.84000015258789,26.780000686645508,26.799999237060547,32615
2026-06-01 14:45:00,26.84000015258789,26.8799991607666,26.81999969482422,26.84000015258789,22405
2026-06-01 15:00:00,26.81999969482422,26.8799991607666,26.81999969482422,26.8799991607666,23607
2026-06-01 15:15:00,26.860000610351562,26.860000610351562,26.799999237060547,26.81999969482422,100318
2026-06-01 15:30:00,26.959999084472656,26.959999084472656,26.860000610351562,26.860000610351562,77387
2026-06-01 15:45:00,26.940000534057617,27.0,26.899999618530273,26.959999084472656,103918
2026-06-01 16:00:00,26.81999969482422,27.0,26.780000686645508,26.940000534057617,181897
2026-06-01 16:15:00,26.579999923706055,26.899999618530273,26.579999923706055,26.84000015258789,265842
2026-06-01 16:30:00,26.600000381469727,26.719999313354492,26.5,26.579999923706055,176506
2026-06-01 16:45:00,26.520000457763672,26.68000030517578,26.5,26.6200008392334,163022
2026-06-01 17:00:00,26.65999984741211,26.68000030517578,26.5,26.520000457763672,185878
2026-06-01 17:15:00,26.600000381469727,26.719999313354492,26.579999923706055,26.639999389648438,62868
2026-06-01 17:30:00,26.579999923706055,26.639999389648438,26.520000457763672,26.6200008392334,102724
2026-06-01 17:45:00,26.5,26.6200008392334,26.459999084472656,26.579999923706055,142969
2026-06-02 09:45:00,26.600000381469727,26.600000381469727,26.600000381469727,26.600000381469727,0
2026-06-02 10:00:00,26.920000076293945,26.920000076293945,26.600000381469727,26.600000381469727,350099
2026-06-02 10:15:00,26.920000076293945,26.979999542236328,26.84000015258789,26.8799991607666,160304
2026-06-02 10:30:00,26.84000015258789,26.920000076293945,26.799999237060547,26.920000076293945,84915
2026-06-02 10:45:00,26.8799991607666,26.899999618530273,26.799999237060547,26.84000015258789,60575
2026-06-02 11:00:00,26.84000015258789,26.899999618530273,26.81999969482422,26.8799991607666,118953
2026-06-02 11:15:00,26.719999313354492,26.84000015258789,26.700000762939453,26.84000015258789,111688
2026-06-02 11:30:00,26.700000762939453,26.780000686645508,26.68000030517578,26.719999313354492,84102
2026-06-02 11:45:00,26.760000228881836,26.780000686645508,26.700000762939453,26.700000762939453,47850
2026-06-02 12:00:00,26.719999313354492,26.760000228881836,26.68000030517578,26.739999771118164,84109
2026-06-02 12:15:00,26.68000030517578,26.739999771118164,26.65999984741211,26.719999313354492,47252
2026-06-02 12:30:00,26.760000228881836,26.780000686645508,26.68000030517578,26.700000762939453,153807
2026-06-02 12:45:00,26.700000762939453,26.760000228881836,26.68000030517578,26.760000228881836,119576
2026-06-02 13:00:00,26.700000762939453,26.719999313354492,26.65999984741211,26.719999313354492,19519
2026-06-02 13:15:00,26.700000762939453,26.760000228881836,26.65999984741211,26.700000762939453,34289
2026-06-02 13:30:00,26.719999313354492,26.719999313354492,26.65999984741211,26.68000030517578,78438
2026-06-02 13:45:00,26.719999313354492,26.739999771118164,26.68000030517578,26.719999313354492,40675
2026-06-02 14:00:00,26.799999237060547,26.799999237060547,26.68000030517578,26.719999313354492,68052
2026-06-02 14:15:00,26.719999313354492,26.799999237060547,26.700000762939453,26.799999237060547,92963
2026-06-02 14:30:00,26.84000015258789,26.860000610351562,26.719999313354492,26.739999771118164,102735
2026-06-02 14:45:00,26.81999969482422,26.860000610351562,26.780000686645508,26.84000015258789,25461
2026-06-02 15:00:00,26.8799991607666,26.8799991607666,26.799999237060547,26.84000015258789,218773
2026-06-02 15:15:00,26.899999618530273,26.899999618530273,26.84000015258789,26.860000610351562,52323
2026-06-02 15:30:00,26.899999618530273,26.940000534057617,26.81999969482422,26.8799991607666,73737
2026-06-02 15:45:00,26.940000534057617,26.940000534057617,26.84000015258789,26.899999618530273,65475
2026-06-02 16:00:00,26.940000534057617,27.040000915527344,26.860000610351562,26.940000534057617,274260
2026-06-02 16:15:00,26.920000076293945,27.040000915527344,26.920000076293945,26.940000534057617,124183
2026-06-02 16:30:00,27.059999465942383,27.139999389648438,26.8799991607666,26.920000076293945,352363
2026-06-02 16:45:00,26.959999084472656,27.059999465942383,26.959999084472656,27.059999465942383,110662
2026-06-02 17:00:00,26.940000534057617,27.020000457763672,26.920000076293945,26.959999084472656,82593
2026-06-02 17:15:00,26.940000534057617,26.979999542236328,26.899999618530273,26.959999084472656,73183
2026-06-02 17:30:00,27.0,27.020000457763672,26.940000534057617,26.959999084472656,155333
2026-06-02 17:45:00,26.979999542236328,27.040000915527344,26.8799991607666,27.0,252906
2026-06-03 09:45:00,26.940000534057617,26.940000534057617,26.940000534057617,26.940000534057617,0
2026-06-03 10:00:00,26.68000030517578,26.959999084472656,26.639999389648438,26.940000534057617,720878
2026-06-03 10:15:00,26.84000015258789,26.84000015258789,26.68000030517578,26.68000030517578,159723
2026-06-03 10:30:00,26.65999984741211,26.81999969482422,26.639999389648438,26.81999969482422,164048
2026-06-03 10:45:00,26.68000030517578,26.719999313354492,26.6200008392334,26.639999389648438,144550
2026-06-03 11:00:00,26.65999984741211,26.68000030517578,26.6200008392334,26.68000030517578,145885
2026-06-03 11:15:00,26.65999984741211,26.68000030517578,26.6200008392334,26.65999984741211,117032
2026-06-03 11:30:00,26.65999984741211,26.68000030517578,26.6200008392334,26.65999984741211,148373
2026-06-03 11:45:00,26.639999389648438,26.68000030517578,26.579999923706055,26.639999389648438,181305
2026-06-03 12:00:00,26.719999313354492,26.760000228881836,26.6200008392334,26.639999389648438,208665
2026-06-03 12:15:00,26.68000030517578,26.739999771118164,26.65999984741211,26.719999313354492,146242
2026-06-03 12:30:00,26.65999984741211,26.700000762939453,26.639999389648438,26.68000030517578,80410
2026-06-03 12:45:00,26.5,26.68000030517578,26.5,26.65999984741211,184532
2026-06-03 13:00:00,26.68000030517578,26.700000762939453,26.5,26.520000457763672,276236
2026-06-03 13:15:00,26.639999389648438,26.68000030517578,26.6200008392334,26.68000030517578,42360
2026-06-03 13:30:00,26.639999389648438,26.65999984741211,26.600000381469727,26.639999389648438,56941
2026-06-03 13:45:00,26.6200008392334,26.639999389648438,26.600000381469727,26.639999389648438,50228
2026-06-03 14:00:00,26.65999984741211,26.68000030517578,26.6200008392334,26.6200008392334,27755
2026-06-03 14:15:00,26.639999389648438,26.700000762939453,26.600000381469727,26.639999389648438,74737
2026-06-03 14:30:00,26.65999984741211,26.68000030517578,26.600000381469727,26.6200008392334,50914
2026-06-03 14:45:00,26.719999313354492,26.760000228881836,26.65999984741211,26.65999984741211,136439
2026-06-03 15:00:00,26.68000030517578,26.739999771118164,26.65999984741211,26.719999313354492,89189
2026-06-03 15:15:00,26.719999313354492,26.719999313354492,26.65999984741211,26.65999984741211,42868
2026-06-03 15:30:00,26.68000030517578,26.719999313354492,26.65999984741211,26.700000762939453,60210
2026-06-03 15:45:00,26.700000762939453,26.719999313354492,26.65999984741211,26.700000762939453,61449
2026-06-03 16:00:00,26.700000762939453,26.719999313354492,26.68000030517578,26.68000030517578,184181
2026-06-03 16:15:00,26.65999984741211,26.68000030517578,26.479999542236328,26.68000030517578,548873
2026-06-03 16:30:00,26.5,26.68000030517578,26.5,26.639999389648438,227662
2026-06-03 16:45:00,26.459999084472656,26.5,26.420000076293945,26.479999542236328,205997
2026-06-03 17:00:00,26.459999084472656,26.520000457763672,26.440000534057617,26.459999084472656,74722
2026-06-03 17:15:00,26.399999618530273,26.459999084472656,26.34000015258789,26.459999084472656,396028
2026-06-03 17:30:00,26.360000610351562,26.440000534057617,26.360000610351562,26.399999618530273,96663
2026-06-03 17:45:00,26.34000015258789,26.3799991607666,26.299999237060547,26.3799991607666,176900
2026-06-04 09:45:00,26.399999618530273,26.399999618530273,26.399999618530273,26.399999618530273,0
2026-06-04 10:00:00,26.559999465942383,26.600000381469727,26.399999618530273,26.399999618530273,174375
2026-06-04 10:15:00,26.540000915527344,26.600000381469727,26.5,26.559999465942383,109000
2026-06-04 10:30:00,26.399999618530273,26.559999465942383,26.399999618530273,26.540000915527344,129758
2026-06-04 10:45:00,26.31999969482422,26.420000076293945,26.299999237060547,26.399999618530273,160260
2026-06-04 11:00:00,26.200000762939453,26.31999969482422,26.139999389648438,26.31999969482422,190072
2026-06-04 11:15:00,26.079999923706055,26.200000762939453,26.0,26.200000762939453,230795
2026-06-04 11:30:00,26.200000762939453,26.219999313354492,26.059999465942383,26.079999923706055,165603
2026-06-04 11:45:00,26.1200008392334,26.219999313354492,26.1200008392334,26.18000030517578,111481
2026-06-04 12:00:00,26.100000381469727,26.200000762939453,26.0,26.1200008392334,135731
2026-06-04 12:15:00,26.079999923706055,26.100000381469727,26.040000915527344,26.079999923706055,35655
2026-06-04 12:30:00,26.139999389648438,26.18000030517578,26.040000915527344,26.059999465942383,45115
2026-06-04 12:45:00,26.1200008392334,26.200000762939453,26.100000381469727,26.139999389648438,51175
2026-06-04 13:00:00,26.18000030517578,26.219999313354492,26.079999923706055,26.100000381469727,52667
2026-06-04 13:15:00,26.139999389648438,26.200000762939453,25.979999542236328,26.18000030517578,115435
2026-06-04 13:30:00,26.020000457763672,26.100000381469727,26.0,26.100000381469727,49222
2026-06-04 13:45:00,25.959999084472656,26.059999465942383,25.959999084472656,26.040000915527344,125960
2026-06-04 14:00:00,25.940000534057617,25.979999542236328,25.920000076293945,25.979999542236328,68337
2026-06-04 14:15:00,26.079999923706055,26.100000381469727,25.959999084472656,25.979999542236328,124357
2026-06-04 14:30:00,26.040000915527344,26.1200008392334,25.8799991607666,26.079999923706055,208642
2026-06-04 14:45:00,26.15999984741211,26.18000030517578,26.020000457763672,26.040000915527344,297447
2026-06-04 15:00:00,26.18000030517578,26.239999771118164,26.100000381469727,26.15999984741211,228930
2026-06-04 15:15:00,26.200000762939453,26.219999313354492,26.100000381469727,26.18000030517578,138311
2026-06-04 15:30:00,26.15999984741211,26.200000762939453,26.139999389648438,26.200000762939453,42754
2026-06-04 15:45:00,26.15999984741211,26.15999984741211,26.059999465942383,26.139999389648438,87951
2026-06-04 16:00:00,26.1200008392334,26.18000030517578,26.100000381469727,26.139999389648438,19499
2026-06-04 16:15:00,26.100000381469727,26.18000030517578,26.059999465942383,26.1200008392334,29652
2026-06-04 16:30:00,25.979999542236328,26.100000381469727,25.940000534057617,26.100000381469727,158065
2026-06-04 16:45:00,26.040000915527344,26.059999465942383,25.959999084472656,25.979999542236328,54585
2026-06-04 17:00:00,26.100000381469727,26.219999313354492,26.0,26.059999465942383,175995
2026-06-04 17:15:00,26.100000381469727,26.1200008392334,26.040000915527344,26.059999465942383,55291
2026-06-04 17:30:00,26.100000381469727,26.18000030517578,26.040000915527344,26.079999923706055,90751
2026-06-04 17:45:00,26.079999923706055,26.139999389648438,26.079999923706055,26.1200008392334,123008
2026-06-05 09:45:00,26.079999923706055,26.079999923706055,26.079999923706055,26.079999923706055,0
2026-06-05 10:00:00,26.1200008392334,26.239999771118164,25.959999084472656,26.100000381469727,288290
2026-06-05 10:15:00,26.100000381469727,26.18000030517578,26.079999923706055,26.1200008392334,83473
2026-06-05 10:30:00,26.100000381469727,26.200000762939453,26.079999923706055,26.079999923706055,63848
2026-06-05 10:45:00,26.059999465942383,26.18000030517578,26.040000915527344,26.100000381469727,67670
2026-06-05 11:00:00,25.920000076293945,26.059999465942383,25.899999618530273,26.059999465942383,203324
2026-06-05 11:15:00,26.0,26.0,25.84000015258789,25.920000076293945,84153
2026-06-05 11:30:00,26.0,26.059999465942383,25.920000076293945,26.0,78168
2026-06-05 11:45:00,26.0,26.020000457763672,25.959999084472656,26.0,54568
2026-06-05 12:00:00,26.020000457763672,26.040000915527344,25.920000076293945,25.979999542236328,92653
2026-06-05 12:15:00,25.959999084472656,26.020000457763672,25.940000534057617,26.020000457763672,109120
2026-06-05 12:30:00,25.959999084472656,25.979999542236328,25.940000534057617,25.959999084472656,36806
2026-06-05 12:45:00,25.979999542236328,26.040000915527344,25.959999084472656,25.979999542236328,75916
2026-06-05 13:00:00,25.940000534057617,25.979999542236328,25.920000076293945,25.979999542236328,69127
2026-06-05 13:15:00,25.940000534057617,25.959999084472656,25.920000076293945,25.940000534057617,11907
2026-06-05 13:30:00,25.979999542236328,26.0,25.920000076293945,25.940000534057617,49149
2026-06-05 13:45:00,26.0,26.0,25.959999084472656,26.0,20786
2026-06-05 14:00:00,26.0,26.020000457763672,25.959999084472656,25.979999542236328,87884
2026-06-05 14:15:00,26.0,26.0,25.959999084472656,26.0,52446
2026-06-05 14:30:00,25.940000534057617,26.0,25.899999618530273,26.0,78746
2026-06-05 14:45:00,25.920000076293945,25.940000534057617,25.8799991607666,25.940000534057617,41642
2026-06-05 15:00:00,25.84000015258789,25.920000076293945,25.799999237060547,25.920000076293945,119406
2026-06-05 15:15:00,25.84000015258789,25.8799991607666,25.84000015258789,25.860000610351562,43633
2026-06-05 15:30:00,25.84000015258789,25.8799991607666,25.81999969482422,25.860000610351562,61869
2026-06-05 15:45:00,25.65999984741211,25.81999969482422,25.639999389648438,25.81999969482422,152513
2026-06-05 16:00:00,25.780000686645508,25.860000610351562,25.65999984741211,25.65999984741211,163264
2026-06-05 16:15:00,25.719999313354492,25.81999969482422,25.65999984741211,25.780000686645508,84950
2026-06-05 16:30:00,25.700000762939453,25.719999313354492,25.639999389648438,25.719999313354492,69293
2026-06-05 16:45:00,25.559999465942383,25.780000686645508,25.540000915527344,25.700000762939453,217806
2026-06-05 17:00:00,25.579999923706055,25.6200008392334,25.520000457763672,25.559999465942383,171858
2026-06-05 17:15:00,25.579999923706055,25.6200008392334,25.559999465942383,25.559999465942383,146052
2026-06-05 17:30:00,25.540000915527344,25.65999984741211,25.520000457763672,25.600000381469727,129001
2026-06-05 17:45:00,25.559999465942383,25.579999923706055,25.5,25.520000457763672,258174
2026-06-08 09:45:00,25.420000076293945,25.420000076293945,25.420000076293945,25.420000076293945,0
2026-06-08 10:00:00,25.3799991607666,25.420000076293945,25.200000762939453,25.399999618530273,445964
2026-06-08 10:15:00,25.459999084472656,25.5,25.34000015258789,25.3799991607666,301428
2026-06-08 10:30:00,25.459999084472656,25.579999923706055,25.420000076293945,25.459999084472656,476024
2026-06-08 10:45:00,25.459999084472656,25.540000915527344,25.440000534057617,25.459999084472656,189806
2026-06-08 11:00:00,25.420000076293945,25.5,25.399999618530273,25.459999084472656,153603
2026-06-08 11:15:00,25.459999084472656,25.5,25.420000076293945,25.420000076293945,45158
2026-06-08 11:30:00,25.440000534057617,25.459999084472656,25.399999618530273,25.459999084472656,96868
2026-06-08 11:45:00,25.420000076293945,25.459999084472656,25.3799991607666,25.440000534057617,254473
2026-06-08 12:00:00,25.420000076293945,25.440000534057617,25.360000610351562,25.420000076293945,117960
2026-06-08 12:15:00,25.360000610351562,25.420000076293945,25.360000610351562,25.420000076293945,44574
2026-06-08 12:30:00,25.440000534057617,25.440000534057617,25.360000610351562,25.360000610351562,112887
2026-06-08 12:45:00,25.399999618530273,25.440000534057617,25.360000610351562,25.440000534057617,81451
2026-06-08 13:00:00,25.399999618530273,25.399999618530273,25.34000015258789,25.399999618530273,66725
2026-06-08 13:15:00,25.3799991607666,25.399999618530273,25.34000015258789,25.399999618530273,62065
2026-06-08 13:30:00,25.420000076293945,25.479999542236328,25.360000610351562,25.3799991607666,140885
2026-06-08 13:45:00,25.420000076293945,25.459999084472656,25.3799991607666,25.420000076293945,40279
2026-06-08 14:00:00,25.5,25.520000457763672,25.3799991607666,25.420000076293945,128863
2026-06-08 14:15:00,25.65999984741211,25.65999984741211,25.479999542236328,25.5,198087
2026-06-08 14:30:00,25.579999923706055,25.65999984741211,25.559999465942383,25.65999984741211,224555
2026-06-08 14:45:00,25.6200008392334,25.639999389648438,25.559999465942383,25.559999465942383,260022
2026-06-08 15:00:00,25.6200008392334,25.639999389648438,25.579999923706055,25.6200008392334,62015
2026-06-08 15:15:00,25.579999923706055,25.6200008392334,25.559999465942383,25.6200008392334,71428
2026-06-08 15:30:00,25.600000381469727,25.6200008392334,25.559999465942383,25.579999923706055,45154
2026-06-08 15:45:00,25.6200008392334,25.6200008392334,25.540000915527344,25.600000381469727,49674
2026-06-08 16:00:00,25.6200008392334,25.639999389648438,25.579999923706055,25.6200008392334,97523
2026-06-08 16:15:00,25.6200008392334,25.68000030517578,25.579999923706055,25.6200008392334,97923
2026-06-08 16:30:00,25.639999389648438,25.700000762939453,25.6200008392334,25.639999389648438,97760
2026-06-08 16:45:00,25.600000381469727,25.65999984741211,25.559999465942383,25.639999389648438,150434
2026-06-08 17:00:00,25.700000762939453,25.719999313354492,25.600000381469727,25.6200008392334,100222
2026-06-08 17:15:00,25.639999389648438,25.700000762939453,25.6200008392334,25.700000762939453,29439
2026-06-08 17:30:00,25.65999984741211,25.68000030517578,25.6200008392334,25.639999389648438,56323
2026-06-08 17:45:00,25.65999984741211,25.65999984741211,25.459999084472656,25.65999984741211,296703
2026-06-09 09:45:00,25.600000381469727,25.600000381469727,25.600000381469727,25.600000381469727,0
2026-06-09 10:00:00,25.579999923706055,25.65999984741211,25.520000457763672,25.6200008392334,96066
2026-06-09 10:15:00,25.520000457763672,25.6200008392334,25.5,25.579999923706055,188010
2026-06-09 10:30:00,25.459999084472656,25.5,25.399999618530273,25.5,332426
2026-06-09 10:45:00,25.399999618530273,25.520000457763672,25.3799991607666,25.459999084472656,100919
2026-06-09 11:00:00,25.479999542236328,25.5,25.3799991607666,25.399999618530273,65858
2026-06-09 11:15:00,25.5,25.5,25.399999618530273,25.440000534057617,53071
2026-06-09 11:30:00,25.459999084472656,25.540000915527344,25.420000076293945,25.479999542236328,74207
2026-06-09 11:45:00,25.459999084472656,25.5,25.420000076293945,25.459999084472656,64704
2026-06-09 12:00:00,25.479999542236328,25.520000457763672,25.459999084472656,25.479999542236328,63953
2026-06-09 12:15:00,25.5,25.540000915527344,25.459999084472656,25.479999542236328,61078
2026-06-09 12:30:00,25.479999542236328,25.540000915527344,25.479999542236328,25.5,74693
2026-06-09 12:45:00,25.5,25.520000457763672,25.479999542236328,25.5,75073
2026-06-09 13:00:00,25.5,25.5,25.440000534057617,25.5,79041
2026-06-09 13:15:00,25.479999542236328,25.5,25.459999084472656,25.5,24844
2026-06-09 13:30:00,25.420000076293945,25.479999542236328,25.3799991607666,25.479999542236328,140470
2026-06-09 13:45:00,25.3799991607666,25.440000534057617,25.3799991607666,25.420000076293945,88555
2026-06-09 14:00:00,25.420000076293945,25.520000457763672,25.399999618530273,25.399999618530273,129215
2026-06-09 14:15:00,25.420000076293945,25.459999084472656,25.420000076293945,25.420000076293945,27496
2026-06-09 14:30:00,25.360000610351562,25.420000076293945,25.360000610351562,25.420000076293945,99959
2026-06-09 14:45:00,25.360000610351562,25.399999618530273,25.34000015258789,25.360000610351562,60427
2026-06-09 15:00:00,25.280000686645508,25.360000610351562,25.260000228881836,25.360000610351562,128418
2026-06-09 15:15:00,25.18000030517578,25.34000015258789,25.18000030517578,25.280000686645508,188860
2026-06-09 15:30:00,25.020000457763672,25.200000762939453,24.979999542236328,25.18000030517578,617665
2026-06-09 15:45:00,25.040000915527344,25.059999465942383,24.940000534057617,25.020000457763672,151550
2026-06-09 16:00:00,25.020000457763672,25.1200008392334,24.959999084472656,25.020000457763672,172810
2026-06-09 16:15:00,25.079999923706055,25.1200008392334,25.0,25.0,107018
2026-06-09 16:30:00,25.079999923706055,25.1200008392334,25.059999465942383,25.100000381469727,62608
2026-06-09 16:45:00,25.100000381469727,25.299999237060547,25.059999465942383,25.059999465942383,163128
2026-06-09 17:00:00,25.040000915527344,25.139999389648438,25.040000915527344,25.079999923706055,63410
2026-06-09 17:15:00,25.040000915527344,25.079999923706055,25.0,25.059999465942383,106454
2026-06-09 17:30:00,25.040000915527344,25.1200008392334,25.020000457763672,25.040000915527344,77836
2026-06-09 17:45:00,25.1200008392334,25.200000762939453,24.979999542236328,25.020000457763672,336576
2026-06-10 09:45:00,25.0,25.0,25.0,25.0,0
2026-06-10 10:00:00,25.100000381469727,25.100000381469727,24.940000534057617,25.079999923706055,147274
2026-06-10 10:15:00,25.100000381469727,25.139999389648438,25.059999465942383,25.100000381469727,105230
2026-06-10 10:30:00,25.059999465942383,25.139999389648438,24.979999542236328,25.100000381469727,102657
2026-06-10 10:45:00,25.020000457763672,25.079999923706055,24.920000076293945,25.059999465942383,344990
2026-06-10 11:00:00,24.8799991607666,25.020000457763672,24.8799991607666,25.020000457763672,209852
2026-06-10 11:15:00,24.860000610351562,24.8799991607666,24.81999969482422,24.8799991607666,138738
2026-06-10 11:30:00,24.81999969482422,24.899999618530273,24.799999237060547,24.84000015258789,120356
2026-06-10 11:45:00,24.780000686645508,24.81999969482422,24.700000762939453,24.81999969482422,236702
2026-06-10 12:00:00,24.780000686645508,24.799999237060547,24.700000762939453,24.760000228881836,68358
2026-06-10 12:15:00,24.81999969482422,24.81999969482422,24.739999771118164,24.760000228881836,29890
2026-06-10 12:30:00,24.799999237060547,24.84000015258789,24.780000686645508,24.81999969482422,22447
2026-06-10 12:45:00,24.860000610351562,24.860000610351562,24.780000686645508,24.780000686645508,39034
2026-06-10 13:00:00,24.860000610351562,24.899999618530273,24.799999237060547,24.860000610351562,77568
2026-06-10 13:15:00,24.8799991607666,24.899999618530273,24.84000015258789,24.860000610351562,34252
2026-06-10 13:30:00,24.8799991607666,24.899999618530273,24.860000610351562,24.8799991607666,38409
2026-06-10 13:45:00,24.8799991607666,24.899999618530273,24.84000015258789,24.899999618530273,52690
2026-06-10 14:00:00,24.799999237060547,24.899999618530273,24.780000686645508,24.8799991607666,126315
2026-06-10 14:15:00,24.760000228881836,24.84000015258789,24.760000228881836,24.799999237060547,86787
2026-06-10 14:30:00,24.600000381469727,24.780000686645508,24.600000381469727,24.780000686645508,507041
2026-06-10 14:45:00,24.479999542236328,24.6200008392334,24.440000534057617,24.600000381469727,315097
2026-06-10 15:00:00,24.520000457763672,24.540000915527344,24.440000534057617,24.479999542236328,100705
2026-06-10 15:15:00,24.459999084472656,24.540000915527344,24.440000534057617,24.520000457763672,154558
2026-06-10 15:30:00,24.459999084472656,24.579999923706055,24.420000076293945,24.459999084472656,334835
2026-06-10 15:45:00,24.5,24.540000915527344,24.399999618530273,24.459999084472656,176208
2026-06-10 16:00:00,24.479999542236328,24.520000457763672,24.459999084472656,24.520000457763672,49994
2026-06-10 16:15:00,24.5,24.5,24.440000534057617,24.479999542236328,46188
2026-06-10 16:30:00,24.559999465942383,24.579999923706055,24.479999542236328,24.5,255381
2026-06-10 16:45:00,24.6200008392334,24.68000030517578,24.540000915527344,24.559999465942383,333571
2026-06-10 17:00:00,24.579999923706055,24.65999984741211,24.579999923706055,24.6200008392334,130917
2026-06-10 17:15:00,24.520000457763672,24.600000381469727,24.479999542236328,24.600000381469727,156650
2026-06-10 17:30:00,24.440000534057617,24.520000457763672,24.3799991607666,24.520000457763672,356341
2026-06-10 17:45:00,24.440000534057617,24.520000457763672,24.420000076293945,24.440000534057617,281154
2026-06-11 09:45:00,24.459999084472656,24.459999084472656,24.459999084472656,24.459999084472656,0
2026-06-11 10:00:00,24.420000076293945,24.559999465942383,24.31999969482422,24.479999542236328,276479
2026-06-11 10:15:00,24.559999465942383,24.559999465942383,24.3799991607666,24.399999618530273,197673
2026-06-11 10:30:00,24.540000915527344,24.6200008392334,24.5,24.540000915527344,178547
2026-06-11 10:45:00,24.559999465942383,24.579999923706055,24.5,24.520000457763672,128324
2026-06-11 11:00:00,24.5,24.559999465942383,24.479999542236328,24.540000915527344,93122
2026-06-11 11:15:00,24.5,24.540000915527344,24.5,24.5,45755
2026-06-11 11:30:00,24.5,24.520000457763672,24.479999542236328,24.5,34136
2026-06-11 11:45:00,24.440000534057617,24.540000915527344,24.440000534057617,24.5,65439
2026-06-11 12:00:00,24.459999084472656,24.459999084472656,24.420000076293945,24.440000534057617,43805
2026-06-11 12:15:00,24.3799991607666,24.479999542236328,24.3799991607666,24.479999542236328,93891
2026-06-11 12:30:00,24.420000076293945,24.420000076293945,24.360000610351562,24.3799991607666,55535
2026-06-11 12:45:00,24.420000076293945,24.459999084472656,24.399999618530273,24.420000076293945,30204
2026-06-11 13:00:00,24.420000076293945,24.479999542236328,24.399999618530273,24.420000076293945,41693
2026-06-11 13:15:00,24.420000076293945,24.440000534057617,24.399999618530273,24.420000076293945,19081
2026-06-11 13:30:00,24.459999084472656,24.459999084472656,24.399999618530273,24.420000076293945,32969
2026-06-11 13:45:00,24.440000534057617,24.5,24.420000076293945,24.459999084472656,20626
2026-06-11 14:00:00,24.459999084472656,24.540000915527344,24.440000534057617,24.440000534057617,70792
2026-06-11 14:15:00,24.559999465942383,24.559999465942383,24.440000534057617,24.459999084472656,51361
2026-06-11 14:30:00,24.520000457763672,24.639999389648438,24.479999542236328,24.559999465942383,400433
2026-06-11 14:45:00,24.459999084472656,24.520000457763672,24.420000076293945,24.520000457763672,62728
2026-06-11 15:00:00,24.3799991607666,24.479999542236328,24.3799991607666,24.479999542236328,120926
2026-06-11 15:15:00,24.299999237060547,24.399999618530273,24.239999771118164,24.3799991607666,200553
2026-06-11 15:30:00,24.100000381469727,24.299999237060547,24.100000381469727,24.280000686645508,197030
2026-06-11 15:45:00,24.1200008392334,24.200000762939453,24.059999465942383,24.1200008392334,330778
2026-06-11 16:00:00,24.079999923706055,24.1200008392334,24.040000915527344,24.100000381469727,120525
2026-06-11 16:15:00,24.020000457763672,24.100000381469727,23.979999542236328,24.079999923706055,225736
2026-06-11 16:30:00,24.139999389648438,24.139999389648438,24.020000457763672,24.020000457763672,68683
2026-06-11 16:45:00,24.18000030517578,24.200000762939453,24.1200008392334,24.1200008392334,81068
2026-06-11 17:00:00,24.079999923706055,24.200000762939453,24.059999465942383,24.15999984741211,116546
2026-06-11 17:15:00,24.1200008392334,24.139999389648438,24.059999465942383,24.079999923706055,53941
2026-06-11 17:30:00,24.239999771118164,24.299999237060547,24.059999465942383,24.1200008392334,130050
2026-06-11 17:45:00,24.219999313354492,24.280000686645508,24.15999984741211,24.239999771118164,159182
2026-06-12 09:45:00,24.559999465942383,24.559999465942383,24.559999465942383,24.559999465942383,0
2026-06-12 10:00:00,24.479999542236328,24.65999984741211,24.399999618530273,24.579999923706055,373278
2026-06-12 10:15:00,24.420000076293945,24.5,24.34000015258789,24.479999542236328,73923
2026-06-12 10:30:00,24.420000076293945,24.479999542236328,24.18000030517578,24.420000076293945,86456
2026-06-12 10:45:00,24.399999618530273,24.479999542236328,24.399999618530273,24.420000076293945,39794
2026-06-12 11:00:00,24.760000228881836,24.780000686645508,24.399999618530273,24.440000534057617,336468
2026-06-12 11:15:00,24.68000030517578,24.739999771118164,24.600000381469727,24.739999771118164,109141
2026-06-12 11:30:00,24.760000228881836,24.780000686645508,24.639999389648438,24.700000762939453,167867
2026-06-12 11:45:00,24.719999313354492,24.780000686645508,24.719999313354492,24.760000228881836,46873
2026-06-12 12:00:00,24.799999237060547,24.84000015258789,24.719999313354492,24.760000228881836,140147
2026-06-12 12:15:00,24.780000686645508,24.84000015258789,24.780000686645508,24.81999969482422,91158
2026-06-12 12:30:00,24.780000686645508,24.84000015258789,24.780000686645508,24.81999969482422,79864
2026-06-12 12:45:00,24.739999771118164,24.799999237060547,24.739999771118164,24.780000686645508,90800
2026-06-12 13:00:00,24.760000228881836,24.780000686645508,24.739999771118164,24.739999771118164,55513
2026-06-12 13:15:00,24.68000030517578,24.780000686645508,24.639999389648438,24.760000228881836,100832
2026-06-12 13:30:00,24.700000762939453,24.760000228881836,24.65999984741211,24.68000030517578,53214
2026-06-12 13:45:00,24.760000228881836,24.799999237060547,24.700000762939453,24.700000762939453,33699
2026-06-12 14:00:00,24.760000228881836,24.799999237060547,24.739999771118164,24.780000686645508,14135
2026-06-12 14:15:00,24.760000228881836,24.780000686645508,24.760000228881836,24.760000228881836,16283
2026-06-12 14:30:00,24.719999313354492,24.780000686645508,24.700000762939453,24.760000228881836,32346
2026-06-12 14:45:00,24.739999771118164,24.760000228881836,24.719999313354492,24.739999771118164,166875
2026-06-12 15:00:00,24.719999313354492,24.760000228881836,24.719999313354492,24.719999313354492,57328
2026-06-12 15:15:00,24.719999313354492,24.760000228881836,24.700000762939453,24.719999313354492,49619
2026-06-12 15:30:00,24.719999313354492,24.780000686645508,24.719999313354492,24.739999771118164,21469
2026-06-12 15:45:00,24.65999984741211,24.739999771118164,24.639999389648438,24.739999771118164,81451
2026-06-12 16:00:00,24.65999984741211,24.700000762939453,24.6200008392334,24.65999984741211,28968
2026-06-12 16:15:00,24.6200008392334,24.68000030517578,24.600000381469727,24.65999984741211,45723
2026-06-12 16:30:00,24.440000534057617,24.639999389648438,24.420000076293945,24.639999389648438,144439
2026-06-12 16:45:00,24.31999969482422,24.5,24.299999237060547,24.440000534057617,316726
2026-06-12 17:00:00,24.31999969482422,24.440000534057617,24.299999237060547,24.299999237060547,159831
2026-06-12 17:15:00,24.420000076293945,24.420000076293945,24.31999969482422,24.31999969482422,49933
2026-06-12 17:30:00,24.420000076293945,24.540000915527344,24.3799991607666,24.3799991607666,109583
2026-06-12 17:45:00,24.5,24.540000915527344,24.420000076293945,24.420000076293945,411228
2026-06-15 09:45:00,25.239999771118164,25.239999771118164,25.239999771118164,25.239999771118164,0
2026-06-15 10:00:00,25.1200008392334,25.260000228881836,24.920000076293945,25.239999771118164,742709
2026-06-15 10:15:00,25.079999923706055,25.139999389648438,25.040000915527344,25.1200008392334,187537
2026-06-15 10:30:00,25.040000915527344,25.100000381469727,25.0,25.079999923706055,142223
2026-06-15 10:45:00,25.020000457763672,25.100000381469727,25.020000457763672,25.059999465942383,76833
2026-06-15 11:00:00,24.959999084472656,25.059999465942383,24.959999084472656,25.020000457763672,176699
2026-06-15 11:15:00,24.940000534057617,24.959999084472656,24.899999618530273,24.959999084472656,133633
2026-06-15 11:30:00,25.020000457763672,25.040000915527344,24.920000076293945,24.940000534057617,302177
2026-06-15 11:45:00,25.020000457763672,25.059999465942383,24.979999542236328,25.040000915527344,64405
2026-06-15 12:00:00,25.040000915527344,25.059999465942383,25.020000457763672,25.020000457763672,33072
2026-06-15 12:15:00,25.040000915527344,25.040000915527344,25.0,25.040000915527344,134666
2026-06-15 12:30:00,25.040000915527344,25.059999465942383,25.020000457763672,25.059999465942383,47528
2026-06-15 12:45:00,25.040000915527344,25.059999465942383,25.020000457763672,25.020000457763672,29167
2026-06-15 13:00:00,25.040000915527344,25.040000915527344,25.0,25.020000457763672,35495
2026-06-15 13:15:00,25.1200008392334,25.139999389648438,25.040000915527344,25.040000915527344,94364
2026-06-15 13:30:00,25.079999923706055,25.1200008392334,25.059999465942383,25.100000381469727,54822
2026-06-15 13:45:00,25.1200008392334,25.18000030517578,25.079999923706055,25.079999923706055,91800
2026-06-15 14:00:00,25.100000381469727,25.18000030517578,25.020000457763672,25.100000381469727,158515
2026-06-15 14:15:00,25.1200008392334,25.15999984741211,25.100000381469727,25.100000381469727,33420
2026-06-15 14:30:00,25.139999389648438,25.15999984741211,25.100000381469727,25.139999389648438,56869
2026-06-15 14:45:00,25.100000381469727,25.15999984741211,25.100000381469727,25.1200008392334,32360
2026-06-15 15:00:00,25.079999923706055,25.1200008392334,25.059999465942383,25.100000381469727,108080
2026-06-15 15:15:00,25.1200008392334,25.139999389648438,25.040000915527344,25.079999923706055,66093
2026-06-15 15:30:00,25.200000762939453,25.200000762939453,25.1200008392334,25.1200008392334,304176
2026-06-15 15:45:00,25.139999389648438,25.200000762939453,25.079999923706055,25.200000762939453,72526
2026-06-15 16:00:00,25.15999984741211,25.18000030517578,25.1200008392334,25.1200008392334,29648
2026-06-15 16:15:00,25.1200008392334,25.18000030517578,25.1200008392334,25.15999984741211,44029
2026-06-15 16:30:00,25.139999389648438,25.18000030517578,25.1200008392334,25.1200008392334,93076
2026-06-15 16:45:00,25.15999984741211,25.200000762939453,25.1200008392334,25.1200008392334,53159
2026-06-15 17:00:00,25.15999984741211,25.200000762939453,25.139999389648438,25.15999984741211,126399
2026-06-15 17:15:00,25.15999984741211,25.18000030517578,25.100000381469727,25.15999984741211,48244
2026-06-15 17:30:00,25.100000381469727,25.219999313354492,24.979999542236328,25.18000030517578,496001
2026-06-15 17:45:00,25.15999984741211,25.15999984741211,25.079999923706055,25.100000381469727,198223
2026-06-16 09:45:00,25.1200008392334,25.1200008392334,25.1200008392334,25.1200008392334,0
2026-06-16 10:00:00,25.079999923706055,25.18000030517578,25.0,25.1200008392334,166705
2026-06-16 10:15:00,25.100000381469727,25.1200008392334,25.020000457763672,25.059999465942383,102674
2026-06-16 10:30:00,25.079999923706055,25.1200008392334,25.040000915527344,25.100000381469727,65389
2026-06-16 10:45:00,25.100000381469727,25.15999984741211,25.059999465942383,25.079999923706055,65460
2026-06-16 11:00:00,25.1200008392334,25.18000030517578,25.100000381469727,25.100000381469727,87624
2026-06-16 11:15:00,25.059999465942383,25.139999389648438,24.959999084472656,25.1200008392334,362644
2026-06-16 11:30:00,25.100000381469727,25.139999389648438,25.059999465942383,25.059999465942383,117015
2026-06-16 11:45:00,25.139999389648438,25.139999389648438,25.079999923706055,25.100000381469727,120849
2026-06-16 12:00:00,25.15999984741211,25.15999984741211,25.100000381469727,25.1200008392334,89122
2026-06-16 12:15:00,25.219999313354492,25.239999771118164,25.1200008392334,25.15999984741211,148754
2026-06-16 12:30:00,25.15999984741211,25.219999313354492,25.15999984741211,25.200000762939453,100662
2026-06-16 12:45:00,25.18000030517578,25.18000030517578,25.1200008392334,25.15999984741211,52058
2026-06-16 13:00:00,25.219999313354492,25.239999771118164,25.15999984741211,25.18000030517578,44634
2026-06-16 13:15:00,25.200000762939453,25.239999771118164,25.18000030517578,25.200000762939453,42104
2026-06-16 13:30:00,25.219999313354492,25.219999313354492,25.15999984741211,25.200000762939453,12155
2026-06-16 13:45:00,25.200000762939453,25.219999313354492,25.15999984741211,25.219999313354492,27469
2026-06-16 14:00:00,25.079999923706055,25.18000030517578,25.059999465942383,25.15999984741211,90162
2026-06-16 14:15:00,25.040000915527344,25.100000381469727,25.040000915527344,25.079999923706055,80898
2026-06-16 14:30:00,25.079999923706055,25.100000381469727,25.040000915527344,25.059999465942383,33490
2026-06-16 14:45:00,24.920000076293945,25.059999465942383,24.920000076293945,25.059999465942383,195607
2026-06-16 15:00:00,24.979999542236328,24.979999542236328,24.899999618530273,24.920000076293945,90444
2026-06-16 15:15:00,24.920000076293945,24.959999084472656,24.899999618530273,24.959999084472656,58606
2026-06-16 15:30:00,25.0,25.020000457763672,24.920000076293945,24.920000076293945,36817
2026-06-16 15:45:00,25.040000915527344,25.100000381469727,24.979999542236328,25.0,92991
2026-06-16 16:00:00,25.100000381469727,25.1200008392334,25.040000915527344,25.059999465942383,52300
2026-06-16 16:15:00,25.040000915527344,25.079999923706055,25.0,25.079999923706055,145704
2026-06-16 16:30:00,25.020000457763672,25.079999923706055,25.0,25.040000915527344,47927
2026-06-16 16:45:00,24.979999542236328,25.020000457763672,24.940000534057617,25.0,225969
2026-06-16 17:00:00,24.959999084472656,25.020000457763672,24.940000534057617,24.959999084472656,58215
2026-06-16 17:15:00,24.959999084472656,24.979999542236328,24.920000076293945,24.979999542236328,19348
2026-06-16 17:30:00,24.959999084472656,25.020000457763672,24.940000534057617,24.979999542236328,72530
2026-06-16 17:45:00,24.959999084472656,24.979999542236328,24.940000534057617,24.979999542236328,113845
2026-06-17 09:45:00,25.020000457763672,25.020000457763672,25.020000457763672,25.020000457763672,0
2026-06-17 10:00:00,24.8799991607666,25.1200008392334,24.799999237060547,25.040000915527344,228076
2026-06-17 10:15:00,24.920000076293945,24.959999084472656,24.8799991607666,24.899999618530273,123049
2026-06-17 10:30:00,24.940000534057617,24.940000534057617,24.8799991607666,24.920000076293945,61337
2026-06-17 10:45:00,24.940000534057617,24.959999084472656,24.899999618530273,24.940000534057617,49462
2026-06-17 11:00:00,24.959999084472656,24.979999542236328,24.940000534057617,24.940000534057617,40715
2026-06-17 11:15:00,24.940000534057617,24.959999084472656,24.899999618530273,24.940000534057617,38444
2026-06-17 11:30:00,24.860000610351562,24.940000534057617,24.81999969482422,24.940000534057617,121455
2026-06-17 11:45:00,24.860000610351562,24.899999618530273,24.84000015258789,24.860000610351562,47970
2026-06-17 12:00:00,24.860000610351562,24.8799991607666,24.84000015258789,24.8799991607666,13956
2026-06-17 12:15:00,24.8799991607666,24.8799991607666,24.84000015258789,24.860000610351562,14488
2026-06-17 12:30:00,24.860000610351562,24.959999084472656,24.81999969482422,24.8799991607666,79773
2026-06-17 12:45:00,24.81999969482422,24.920000076293945,24.799999237060547,24.860000610351562,239404
2026-06-17 13:00:00,24.780000686645508,24.84000015258789,24.739999771118164,24.799999237060547,220682
2026-06-17 13:15:00,24.760000228881836,24.81999969482422,24.760000228881836,24.799999237060547,75966
2026-06-17 13:30:00,24.739999771118164,24.780000686645508,24.719999313354492,24.760000228881836,232952
2026-06-17 13:45:00,24.700000762939453,24.780000686645508,24.65999984741211,24.739999771118164,202914
2026-06-17 14:00:00,24.559999465942383,24.700000762939453,24.540000915527344,24.700000762939453,251729
2026-06-17 14:15:00,24.559999465942383,24.6200008392334,24.5,24.540000915527344,215057
2026-06-17 14:30:00,24.6200008392334,24.6200008392334,24.520000457763672,24.559999465942383,28136
2026-06-17 14:45:00,24.65999984741211,24.719999313354492,24.600000381469727,24.600000381469727,105080
2026-06-17 15:00:00,24.760000228881836,24.81999969482422,24.68000030517578,24.68000030517578,270610
2026-06-17 15:15:00,24.65999984741211,24.920000076293945,24.579999923706055,24.760000228881836,262381
2026-06-17 15:30:00,24.700000762939453,24.799999237060547,24.600000381469727,24.65999984741211,194661
2026-06-17 15:45:00,24.719999313354492,24.760000228881836,24.68000030517578,24.700000762939453,100655
2026-06-17 16:00:00,24.719999313354492,24.780000686645508,24.700000762939453,24.700000762939453,65474
2026-06-17 16:15:00,24.81999969482422,24.940000534057617,24.739999771118164,24.760000228881836,126713
2026-06-17 16:30:00,24.719999313354492,24.84000015258789,24.700000762939453,24.799999237060547,177658
2026-06-17 16:45:00,24.760000228881836,24.799999237060547,24.719999313354492,24.739999771118164,89018
2026-06-17 17:00:00,24.760000228881836,24.799999237060547,24.700000762939453,24.739999771118164,133223
2026-06-17 17:15:00,24.860000610351562,24.899999618530273,24.719999313354492,24.780000686645508,329077
2026-06-17 17:30:00,24.84000015258789,24.899999618530273,24.81999969482422,24.84000015258789,309548
2026-06-17 17:45:00,24.920000076293945,24.979999542236328,24.719999313354492,24.81999969482422,438309
2026-06-18 09:45:00,24.979999542236328,24.979999542236328,24.979999542236328,24.979999542236328,0
2026-06-18 10:00:00,25.100000381469727,25.18000030517578,25.0,25.0,641824
2026-06-18 10:15:00,25.1200008392334,25.18000030517578,24.940000534057617,25.100000381469727,385363
2026-06-18 10:30:00,25.299999237060547,25.399999618530273,25.100000381469727,25.1200008392334,712476
2026-06-18 10:45:00,25.440000534057617,25.5,25.299999237060547,25.31999969482422,501338
2026-06-18 11:00:00,25.3799991607666,25.479999542236328,25.360000610351562,25.459999084472656,276914
2026-06-18 11:15:00,25.420000076293945,25.479999542236328,25.360000610351562,25.3799991607666,270158
2026-06-18 11:30:00,25.459999084472656,25.459999084472656,25.399999618530273,25.399999618530273,113677
2026-06-18 11:45:00,25.479999542236328,25.540000915527344,25.399999618530273,25.440000534057617,252948
2026-06-18 12:00:00,25.5,25.559999465942383,25.459999084472656,25.479999542236328,185377
2026-06-18 12:15:00,25.5,25.520000457763672,25.440000534057617,25.5,97808
2026-06-18 12:30:00,25.479999542236328,25.520000457763672,25.459999084472656,25.5,131079
2026-06-18 12:45:00,25.420000076293945,25.5,25.360000610351562,25.5,175437
2026-06-18 13:00:00,25.360000610351562,25.420000076293945,25.34000015258789,25.420000076293945,85386
2026-06-18 13:15:00,25.299999237060547,25.360000610351562,25.280000686645508,25.360000610351562,78128
2026-06-18 13:30:00,25.139999389648438,25.31999969482422,25.139999389648438,25.299999237060547,145931
2026-06-18 13:45:00,25.139999389648438,25.15999984741211,25.100000381469727,25.15999984741211,107856
2026-06-18 14:00:00,25.139999389648438,25.15999984741211,25.1200008392334,25.139999389648438,86777
2026-06-18 14:15:00,25.139999389648438,25.15999984741211,25.100000381469727,25.139999389648438,64801
2026-06-18 14:30:00,25.139999389648438,25.15999984741211,25.100000381469727,25.139999389648438,84710
2026-06-18 14:45:00,25.15999984741211,25.15999984741211,25.100000381469727,25.1200008392334,73012
2026-06-18 15:00:00,25.15999984741211,25.18000030517578,25.139999389648438,25.139999389648438,48084
2026-06-18 15:15:00,25.260000228881836,25.3799991607666,25.15999984741211,25.15999984741211,342197
2026-06-18 15:30:00,25.18000030517578,25.3799991607666,25.18000030517578,25.239999771118164,125517
2026-06-18 15:45:00,25.200000762939453,25.239999771118164,25.0,25.15999984741211,458907
2026-06-18 16:00:00,25.260000228881836,25.31999969482422,25.219999313354492,25.219999313354492,114976
2026-06-18 16:15:00,25.299999237060547,25.299999237060547,25.239999771118164,25.260000228881836,91665
2026-06-18 16:30:00,25.299999237060547,25.3799991607666,25.280000686645508,25.299999237060547,226336
2026-06-18 16:45:00,25.299999237060547,25.3799991607666,25.219999313354492,25.299999237060547,181044
2026-06-18 17:00:00,25.3799991607666,25.399999618530273,25.31999969482422,25.34000015258789,135196
2026-06-18 17:15:00,25.459999084472656,25.520000457763672,25.3799991607666,25.399999618530273,281943
2026-06-18 17:30:00,25.360000610351562,25.459999084472656,25.34000015258789,25.459999084472656,106673
2026-06-18 17:45:00,25.420000076293945,25.420000076293945,25.34000015258789,25.34000015258789,133845
2026-06-19 09:45:00,25.299999237060547,25.299999237060547,25.299999237060547,25.299999237060547,0
2026-06-19 10:00:00,25.18000030517578,25.280000686645508,25.020000457763672,25.280000686645508,526995
2026-06-19 10:15:00,25.059999465942383,25.200000762939453,25.040000915527344,25.18000030517578,277978
2026-06-19 10:30:00,25.100000381469727,25.1200008392334,25.020000457763672,25.059999465942383,196671
2026-06-19 10:45:00,25.079999923706055,25.18000030517578,25.059999465942383,25.100000381469727,121410
2026-06-19 11:00:00,25.1200008392334,25.139999389648438,25.059999465942383,25.079999923706055,80868
2026-06-19 11:15:00,25.1200008392334,25.139999389648438,25.079999923706055,25.100000381469727,19256
2026-06-19 11:30:00,25.059999465942383,25.1200008392334,25.040000915527344,25.1200008392334,114256
2026-06-19 11:45:00,25.040000915527344,25.059999465942383,25.0,25.059999465942383,133722
2026-06-19 12:00:00,25.0,25.040000915527344,24.979999542236328,25.020000457763672,98627
2026-06-19 12:15:00,25.040000915527344,25.040000915527344,24.979999542236328,25.0,111671
2026-06-19 12:30:00,25.020000457763672,25.059999465942383,25.0,25.040000915527344,104295
2026-06-19 12:45:00,25.040000915527344,25.100000381469727,24.979999542236328,25.020000457763672,119486
2026-06-19 13:00:00,25.0,25.040000915527344,24.979999542236328,25.040000915527344,46771
2026-06-19 13:15:00,25.0,25.040000915527344,24.959999084472656,25.0,42399
2026-06-19 13:30:00,24.81999969482422,25.0,24.81999969482422,24.979999542236328,441694
2026-06-19 13:45:00,24.860000610351562,24.8799991607666,24.799999237060547,24.84000015258789,394021
2026-06-19 14:00:00,24.899999618530273,24.899999618530273,24.84000015258789,24.860000610351562,129446
2026-06-19 14:15:00,24.860000610351562,24.899999618530273,24.860000610351562,24.899999618530273,68092
2026-06-19 14:30:00,24.899999618530273,24.899999618530273,24.860000610351562,24.8799991607666,19055
2026-06-19 14:45:00,24.860000610351562,24.899999618530273,24.84000015258789,24.899999618530273,141928
2026-06-19 15:00:00,24.8799991607666,24.899999618530273,24.84000015258789,24.860000610351562,65443
2026-06-19 15:15:00,24.8799991607666,24.920000076293945,24.860000610351562,24.8799991607666,56083
2026-06-19 15:30:00,24.899999618530273,24.920000076293945,24.860000610351562,24.899999618530273,51246
2026-06-19 15:45:00,24.979999542236328,25.15999984741211,24.8799991607666,24.920000076293945,220102
2026-06-19 16:00:00,24.940000534057617,25.040000915527344,24.920000076293945,25.0,262679
2026-06-19 16:15:00,25.0,25.040000915527344,24.899999618530273,24.940000534057617,109715
2026-06-19 16:30:00,24.959999084472656,25.040000915527344,24.920000076293945,25.0,119233
2026-06-19 16:45:00,24.979999542236328,25.0,24.940000534057617,24.959999084472656,28792
2026-06-19 17:00:00,25.020000457763672,25.040000915527344,24.959999084472656,24.959999084472656,83367
2026-06-19 17:15:00,25.040000915527344,25.059999465942383,25.0,25.020000457763672,105579
2026-06-19 17:30:00,24.940000534057617,25.040000915527344,24.8799991607666,25.020000457763672,301822
2026-06-19 17:45:00,24.979999542236328,25.020000457763672,24.920000076293945,24.940000534057617,257349
2026-06-22 09:45:00,24.600000381469727,24.600000381469727,24.600000381469727,24.600000381469727,0
2026-06-22 10:00:00,24.600000381469727,24.68000030517578,24.459999084472656,24.600000381469727,559712
2026-06-22 10:15:00,25.1200008392334,25.139999389648438,24.579999923706055,24.600000381469727,839376
2026-06-22 10:30:00,25.239999771118164,25.239999771118164,25.0,25.1200008392334,574486
2026-06-22 10:45:00,25.100000381469727,25.31999969482422,25.020000457763672,25.239999771118164,401557
2026-06-22 11:00:00,25.18000030517578,25.280000686645508,25.040000915527344,25.1200008392334,220505
2026-06-22 11:15:00,25.059999465942383,25.18000030517578,25.040000915527344,25.18000030517578,106295
2026-06-22 11:30:00,25.059999465942383,25.1200008392334,25.040000915527344,25.059999465942383,169745
2026-06-22 11:45:00,25.059999465942383,25.139999389648438,25.040000915527344,25.059999465942383,212736
2026-06-22 12:00:00,25.059999465942383,25.100000381469727,25.040000915527344,25.059999465942383,62978
2026-06-22 12:15:00,25.059999465942383,25.18000030517578,25.040000915527344,25.079999923706055,213145
2026-06-22 12:30:00,25.059999465942383,25.100000381469727,25.059999465942383,25.079999923706055,60594
2026-06-22 12:45:00,25.040000915527344,25.079999923706055,25.020000457763672,25.040000915527344,37687
2026-06-22 13:00:00,25.239999771118164,25.299999237060547,25.020000457763672,25.020000457763672,304082
2026-06-22 13:15:00,25.1200008392334,25.219999313354492,25.079999923706055,25.219999313354492,73462
2026-06-22 13:30:00,25.15999984741211,25.200000762939453,25.100000381469727,25.1200008392334,38166
2026-06-22 13:45:00,25.15999984741211,25.15999984741211,25.1200008392334,25.15999984741211,17172
2026-06-22 14:00:00,25.139999389648438,25.200000762939453,25.1200008392334,25.139999389648438,59646
2026-06-22 14:15:00,25.1200008392334,25.15999984741211,25.100000381469727,25.139999389648438,53789
2026-06-22 14:30:00,25.1200008392334,25.18000030517578,25.100000381469727,25.1200008392334,38034
2026-06-22 14:45:00,25.020000457763672,25.1200008392334,25.020000457763672,25.1200008392334,65383
2026-06-22 15:00:00,25.059999465942383,25.079999923706055,25.020000457763672,25.040000915527344,69032
2026-06-22 15:15:00,25.079999923706055,25.100000381469727,25.040000915527344,25.079999923706055,65774
2026-06-22 15:30:00,25.219999313354492,25.31999969482422,25.059999465942383,25.079999923706055,351716
2026-06-22 15:45:00,25.219999313354492,25.31999969482422,25.18000030517578,25.200000762939453,237152
2026-06-22 16:00:00,25.239999771118164,25.299999237060547,25.200000762939453,25.239999771118164,256005
2026-06-22 16:15:00,25.34000015258789,25.399999618530273,25.219999313354492,25.219999313354492,251045
2026-06-22 16:30:00,25.280000686645508,25.440000534057617,25.219999313354492,25.34000015258789,201824
2026-06-22 16:45:00,25.239999771118164,25.31999969482422,25.239999771118164,25.260000228881836,58706
2026-06-22 17:00:00,25.200000762939453,25.260000228881836,25.18000030517578,25.219999313354492,63924
2026-06-22 17:15:00,25.1200008392334,25.219999313354492,25.020000457763672,25.219999313354492,133133
2026-06-22 17:30:00,25.15999984741211,25.18000030517578,25.100000381469727,25.100000381469727,48932
2026-06-22 17:45:00,25.239999771118164,25.280000686645508,25.15999984741211,25.15999984741211,331765
2026-06-23 09:45:00,25.020000457763672,25.020000457763672,25.020000457763672,25.020000457763672,0
2026-06-23 10:00:00,25.420000076293945,25.540000915527344,25.040000915527344,25.040000915527344,751489
2026-06-23 10:15:00,25.459999084472656,25.84000015258789,25.3799991607666,25.420000076293945,966480
2026-06-23 10:30:00,25.399999618530273,25.540000915527344,25.280000686645508,25.459999084472656,606204
2026-06-23 10:45:00,25.34000015258789,25.579999923706055,25.34000015258789,25.3799991607666,401465
2026-06-23 11:00:00,25.360000610351562,25.440000534057617,25.280000686645508,25.34000015258789,178930
2026-06-23 11:15:00,25.31999969482422,25.399999618530273,25.31999969482422,25.360000610351562,268062
2026-06-23 11:30:00,25.260000228881836,25.3799991607666,25.239999771118164,25.31999969482422,146643
2026-06-23 11:45:00,25.18000030517578,25.280000686645508,25.15999984741211,25.260000228881836,88829
2026-06-23 12:00:00,25.219999313354492,25.239999771118164,25.15999984741211,25.18000030517578,88283
2026-06-23 12:15:00,24.940000534057617,25.239999771118164,24.899999618530273,25.239999771118164,463349
2026-06-23 12:30:00,25.040000915527344,25.040000915527344,24.8799991607666,24.959999084472656,304324
2026-06-23 12:45:00,25.0,25.040000915527344,24.979999542236328,25.020000457763672,56587
2026-06-23 13:00:00,25.020000457763672,25.040000915527344,24.979999542236328,25.0,45471
2026-06-23 13:15:00,25.020000457763672,25.040000915527344,25.0,25.020000457763672,49309
2026-06-23 13:30:00,24.940000534057617,25.020000457763672,24.899999618530273,25.020000457763672,122638
2026-06-23 13:45:00,24.899999618530273,24.959999084472656,24.8799991607666,24.940000534057617,87860
2026-06-23 14:00:00,24.920000076293945,24.940000534057617,24.860000610351562,24.899999618530273,93606
2026-06-23 14:15:00,24.959999084472656,25.020000457763672,24.860000610351562,24.920000076293945,129938
2026-06-23 14:30:00,24.8799991607666,24.959999084472656,24.8799991607666,24.940000534057617,98255
2026-06-23 14:45:00,24.8799991607666,24.920000076293945,24.860000610351562,24.8799991607666,111539
2026-06-23 15:00:00,24.8799991607666,24.920000076293945,24.84000015258789,24.8799991607666,78454
2026-06-23 15:15:00,24.780000686645508,24.920000076293945,24.780000686645508,24.860000610351562,132153
2026-06-23 15:30:00,24.860000610351562,24.920000076293945,24.719999313354492,24.760000228881836,178858
2026-06-23 15:45:00,24.860000610351562,24.899999618530273,24.84000015258789,24.8799991607666,91207
2026-06-23 16:00:00,24.860000610351562,24.8799991607666,24.799999237060547,24.84000015258789,40345
2026-06-23 16:15:00,24.860000610351562,24.8799991607666,24.84000015258789,24.860000610351562,9295
2026-06-23 16:30:00,24.780000686645508,24.920000076293945,24.780000686645508,24.860000610351562,83617
2026-06-23 16:45:00,24.84000015258789,24.84000015258789,24.760000228881836,24.780000686645508,132179
2026-06-23 17:00:00,24.84000015258789,24.860000610351562,24.780000686645508,24.84000015258789,54893
2026-06-23 17:15:00,24.780000686645508,24.84000015258789,24.780000686645508,24.84000015258789,78805
2026-06-23 17:30:00,24.639999389648438,24.81999969482422,24.6200008392334,24.780000686645508,214409
2026-06-23 17:45:00,24.700000762939453,24.739999771118164,24.540000915527344,24.6200008392334,508761
2026-06-24 09:45:00,24.700000762939453,24.700000762939453,24.700000762939453,24.700000762939453,0
2026-06-24 10:00:00,24.68000030517578,24.799999237060547,24.559999465942383,24.719999313354492,352910
2026-06-24 10:15:00,24.5,24.780000686645508,24.459999084472656,24.700000762939453,330734
2026-06-24 10:30:00,24.639999389648438,24.639999389648438,24.479999542236328,24.479999542236328,153018
2026-06-24 10:45:00,24.65999984741211,24.799999237060547,24.540000915527344,24.639999389648438,231663
2026-06-24 11:00:00,24.65999984741211,24.739999771118164,24.600000381469727,24.65999984741211,133717
2026-06-24 11:15:00,24.559999465942383,24.65999984741211,24.520000457763672,24.65999984741211,92740
2026-06-24 11:30:00,24.579999923706055,24.6200008392334,24.559999465942383,24.559999465942383,55752
2026-06-24 11:45:00,24.600000381469727,24.600000381469727,24.520000457763672,24.559999465942383,35472
2026-06-24 12:00:00,24.540000915527344,24.6200008392334,24.520000457763672,24.579999923706055,70022
2026-06-24 12:15:00,24.540000915527344,24.559999465942383,24.5,24.540000915527344,90492
2026-06-24 12:30:00,24.479999542236328,24.540000915527344,24.420000076293945,24.540000915527344,211626
2026-06-24 12:45:00,24.459999084472656,24.5,24.459999084472656,24.479999542236328,41256
2026-06-24 13:00:00,24.440000534057617,24.479999542236328,24.420000076293945,24.459999084472656,56579
2026-06-24 13:15:00,24.459999084472656,24.479999542236328,24.440000534057617,24.440000534057617,72815
2026-06-24 13:30:00,24.479999542236328,24.5,24.459999084472656,24.479999542236328,21043
2026-06-24 13:45:00,24.3799991607666,24.479999542236328,24.3799991607666,24.479999542236328,73490
2026-06-24 14:00:00,24.399999618530273,24.440000534057617,24.3799991607666,24.399999618530273,49643
2026-06-24 14:15:00,24.34000015258789,24.399999618530273,24.34000015258789,24.3799991607666,94835
2026-06-24 14:30:00,24.360000610351562,24.5,24.34000015258789,24.34000015258789,150702
2026-06-24 14:45:00,24.3799991607666,24.399999618530273,24.34000015258789,24.3799991607666,101530
2026-06-24 15:00:00,24.239999771118164,24.3799991607666,24.239999771118164,24.3799991607666,218541
2026-06-24 15:15:00,24.280000686645508,24.299999237060547,24.239999771118164,24.260000228881836,159290
2026-06-24 15:30:00,24.260000228881836,24.280000686645508,24.219999313354492,24.280000686645508,61461
2026-06-24 15:45:00,24.260000228881836,24.280000686645508,24.219999313354492,24.219999313354492,134702
2026-06-24 16:00:00,24.15999984741211,24.280000686645508,24.15999984741211,24.260000228881836,181459
2026-06-24 16:15:00,24.18000030517578,24.239999771118164,24.139999389648438,24.18000030517578,85104
2026-06-24 16:30:00,24.15999984741211,24.260000228881836,24.139999389648438,24.200000762939453,69008
2026-06-24 16:45:00,24.239999771118164,24.260000228881836,24.15999984741211,24.15999984741211,120566
2026-06-24 17:00:00,24.200000762939453,24.280000686645508,24.15999984741211,24.260000228881836,74247
2026-06-24 17:15:00,24.219999313354492,24.219999313354492,24.1200008392334,24.200000762939453,211602
2026-06-24 17:30:00,24.139999389648438,24.239999771118164,24.1200008392334,24.219999313354492,261754
2026-06-24 17:45:00,24.1200008392334,24.15999984741211,24.079999923706055,24.15999984741211,226660
2026-06-25 09:45:00,24.059999465942383,24.059999465942383,24.059999465942383,24.059999465942383,0
2026-06-25 10:00:00,24.219999313354492,24.31999969482422,24.079999923706055,24.079999923706055,293133
2026-06-25 10:15:00,24.219999313354492,24.239999771118164,24.15999984741211,24.219999313354492,191512
2026-06-25 10:30:00,24.200000762939453,24.260000228881836,24.18000030517578,24.219999313354492,163254
2026-06-25 10:45:00,24.139999389648438,24.200000762939453,24.1200008392334,24.18000030517578,195855
2026-06-25 11:00:00,24.15999984741211,24.18000030517578,24.100000381469727,24.139999389648438,131904
2026-06-25 11:15:00,24.1200008392334,24.200000762939453,24.1200008392334,24.18000030517578,73893
2026-06-25 11:30:00,24.079999923706055,24.1200008392334,24.020000457763672,24.100000381469727,212738
2026-06-25 11:45:00,24.1200008392334,24.1200008392334,24.059999465942383,24.059999465942383,55840
2026-06-25 12:00:00,24.079999923706055,24.1200008392334,24.079999923706055,24.1200008392334,158281
2026-06-25 12:15:00,23.8799991607666,24.100000381469727,23.799999237060547,24.079999923706055,373491
2026-06-25 12:30:00,23.84000015258789,23.920000076293945,23.81999969482422,23.8799991607666,243488
2026-06-25 12:45:00,23.799999237060547,23.81999969482422,23.739999771118164,23.81999969482422,326658
2026-06-25 13:00:00,23.760000228881836,23.81999969482422,23.739999771118164,23.799999237060547,149364
2026-06-25 13:15:00,23.799999237060547,23.81999969482422,23.719999313354492,23.739999771118164,106379
2026-06-25 13:30:00,23.739999771118164,23.799999237060547,23.719999313354492,23.799999237060547,104225
2026-06-25 13:45:00,23.760000228881836,23.799999237060547,23.700000762939453,23.719999313354492,131020
2026-06-25 14:00:00,23.700000762939453,23.799999237060547,23.68000030517578,23.799999237060547,113495
2026-06-25 14:15:00,23.700000762939453,23.719999313354492,23.639999389648438,23.68000030517578,134271
2026-06-25 14:30:00,23.68000030517578,23.700000762939453,23.65999984741211,23.68000030517578,104407
2026-06-25 14:45:00,23.600000381469727,23.68000030517578,23.579999923706055,23.65999984741211,103775
2026-06-25 15:00:00,23.68000030517578,23.68000030517578,23.559999465942383,23.579999923706055,73208
2026-06-25 15:15:00,23.700000762939453,23.700000762939453,23.6200008392334,23.65999984741211,62283
2026-06-25 15:30:00,23.700000762939453,23.799999237060547,23.6200008392334,23.700000762939453,196354
2026-06-25 15:45:00,23.700000762939453,23.799999237060547,23.639999389648438,23.68000030517578,264146
2026-06-25 16:00:00,23.6200008392334,23.739999771118164,23.600000381469727,23.719999313354492,146613
2026-06-25 16:15:00,23.639999389648438,23.68000030517578,23.6200008392334,23.6200008392334,28144
2026-06-25 16:30:00,23.579999923706055,23.65999984741211,23.559999465942383,23.65999984741211,161857
2026-06-25 16:45:00,23.600000381469727,23.600000381469727,23.520000457763672,23.579999923706055,212067
2026-06-25 17:00:00,23.579999923706055,23.65999984741211,23.559999465942383,23.600000381469727,94516
2026-06-25 17:15:00,23.600000381469727,23.639999389648438,23.559999465942383,23.559999465942383,101206
2026-06-25 17:30:00,23.6200008392334,23.6200008392334,23.559999465942383,23.600000381469727,118554
2026-06-25 17:45:00,23.700000762939453,23.739999771118164,23.600000381469727,23.600000381469727,319304
2026-06-26 09:45:00,23.68000030517578,23.68000030517578,23.68000030517578,23.68000030517578,0
2026-06-26 10:00:00,23.739999771118164,23.84000015258789,23.6200008392334,23.700000762939453,134870
2026-06-26 10:15:00,23.65999984741211,23.739999771118164,23.639999389648438,23.739999771118164,63291
2026-06-26 10:30:00,23.68000030517578,23.739999771118164,23.639999389648438,23.65999984741211,114691
2026-06-26 10:45:00,23.719999313354492,23.739999771118164,23.65999984741211,23.68000030517578,88998
2026-06-26 11:00:00,23.719999313354492,23.760000228881836,23.700000762939453,23.719999313354492,77232
2026-06-26 11:15:00,23.860000610351562,23.979999542236328,23.700000762939453,23.719999313354492,190776
2026-06-26 11:30:00,23.799999237060547,23.8799991607666,23.739999771118164,23.860000610351562,135694
2026-06-26 11:45:00,23.739999771118164,23.799999237060547,23.700000762939453,23.780000686645508,58409
2026-06-26 12:00:00,23.739999771118164,23.760000228881836,23.719999313354492,23.739999771118164,16744
2026-06-26 12:15:00,23.719999313354492,23.760000228881836,23.719999313354492,23.739999771118164,26851
2026-06-26 12:30:00,23.68000030517578,23.719999313354492,23.65999984741211,23.719999313354492,73327
2026-06-26 12:45:00,23.84000015258789,23.8799991607666,23.700000762939453,23.700000762939453,178479
2026-06-26 13:00:00,23.84000015258789,23.959999084472656,23.739999771118164,23.84000015258789,220847
2026-06-26 13:15:00,23.8799991607666,24.040000915527344,23.81999969482422,23.81999969482422,230062
2026-06-26 13:30:00,23.81999969482422,23.8799991607666,23.799999237060547,23.8799991607666,47478
2026-06-26 13:45:00,24.079999923706055,24.100000381469727,23.799999237060547,23.799999237060547,322330
2026-06-26 14:00:00,25.420000076293945,25.799999237060547,24.079999923706055,24.100000381469727,3942876
2026-06-26 14:15:00,26.040000915527344,26.040000915527344,25.440000534057617,25.459999084472656,3463080
2026-06-26 14:30:00,26.040000915527344,26.040000915527344,26.040000915527344,26.040000915527344,2837378
2026-06-26 14:45:00,26.040000915527344,26.040000915527344,26.040000915527344,26.040000915527344,270671
2026-06-26 15:00:00,26.040000915527344,26.040000915527344,26.040000915527344,26.040000915527344,1951428
2026-06-26 15:15:00,26.040000915527344,26.040000915527344,26.040000915527344,26.040000915527344,368006
2026-06-26 15:30:00,26.040000915527344,26.040000915527344,26.040000915527344,26.040000915527344,592470
2026-06-26 15:45:00,26.040000915527344,26.040000915527344,26.040000915527344,26.040000915527344,15812
2026-06-26 16:00:00,26.040000915527344,26.040000915527344,26.040000915527344,26.040000915527344,35264
2026-06-26 16:15:00,26.040000915527344,26.040000915527344,26.040000915527344,26.040000915527344,29060
2026-06-26 16:30:00,26.040000915527344,26.040000915527344,26.040000915527344,26.040000915527344,13061
2026-06-26 16:45:00,26.040000915527344,26.040000915527344,26.040000915527344,26.040000915527344,10922
2026-06-26 17:00:00,26.040000915527344,26.040000915527344,26.040000915527344,26.040000915527344,23604
2026-06-26 17:15:00,26.040000915527344,26.040000915527344,26.040000915527344,26.040000915527344,11626
2026-06-26 17:30:00,26.040000915527344,26.040000915527344,26.040000915527344,26.040000915527344,11974
2026-06-26 17:45:00,26.040000915527344,26.040000915527344,26.040000915527344,26.040000915527344,7911
2026-06-29 09:45:00,28.0,28.0,28.0,28.0,0
2026-06-29 10:00:00,28.639999389648438,28.639999389648438,27.200000762939453,28.0,5993119
2026-06-29 10:15:00,28.639999389648438,28.639999389648438,28.639999389648438,28.639999389648438,135871
2026-06-29 10:30:00,28.639999389648438,28.639999389648438,28.639999389648438,28.639999389648438,177310
2026-06-29 10:45:00,28.639999389648438,28.639999389648438,28.639999389648438,28.639999389648438,38676
2026-06-29 11:00:00,28.639999389648438,28.639999389648438,28.639999389648438,28.639999389648438,30392
2026-06-29 11:15:00,28.639999389648438,28.639999389648438,28.639999389648438,28.639999389648438,14650
2026-06-29 11:30:00,28.639999389648438,28.639999389648438,28.639999389648438,28.639999389648438,20015
2026-06-29 11:45:00,28.639999389648438,28.639999389648438,28.639999389648438,28.639999389648438,24808
2026-06-29 12:00:00,28.639999389648438,28.639999389648438,28.639999389648438,28.639999389648438,17576
2026-06-29 12:15:00,28.639999389648438,28.639999389648438,28.639999389648438,28.639999389648438,14598
2026-06-29 12:30:00,28.639999389648438,28.639999389648438,28.639999389648438,28.639999389648438,22922
2026-06-29 12:45:00,28.639999389648438,28.639999389648438,28.639999389648438,28.639999389648438,9669
2026-06-29 13:00:00,28.639999389648438,28.639999389648438,28.639999389648438,28.639999389648438,15914
2026-06-29 13:15:00,28.639999389648438,28.639999389648438,28.639999389648438,28.639999389648438,5653
2026-06-29 13:30:00,28.639999389648438,28.639999389648438,28.639999389648438,28.639999389648438,14826
2026-06-29 13:45:00,28.639999389648438,28.639999389648438,28.639999389648438,28.639999389648438,18833
2026-06-29 14:00:00,28.639999389648438,28.639999389648438,28.639999389648438,28.639999389648438,2811
2026-06-29 14:15:00,28.639999389648438,28.639999389648438,28.639999389648438,28.639999389648438,3182
2026-06-29 14:30:00,28.639999389648438,28.639999389648438,28.639999389648438,28.639999389648438,2568
2026-06-29 14:45:00,28.639999389648438,28.639999389648438,28.639999389648438,28.639999389648438,10873
2026-06-29 15:00:00,28.639999389648438,28.639999389648438,28.639999389648438,28.639999389648438,9509
2026-06-29 15:15:00,28.639999389648438,28.639999389648438,28.639999389648438,28.639999389648438,372077
2026-06-29 15:30:00,28.639999389648438,28.639999389648438,28.639999389648438,28.639999389648438,7430
2026-06-29 15:45:00,28.639999389648438,28.639999389648438,28.639999389648438,28.639999389648438,8161
2026-06-29 16:00:00,28.639999389648438,28.639999389648438,28.639999389648438,28.639999389648438,8258
2026-06-29 16:15:00,28.639999389648438,28.639999389648438,28.639999389648438,28.639999389648438,18434
2026-06-29 16:30:00,28.639999389648438,28.639999389648438,28.639999389648438,28.639999389648438,2242
2026-06-29 16:45:00,28.639999389648438,28.639999389648438,28.639999389648438,28.639999389648438,3084
2026-06-29 17:00:00,28.639999389648438,28.639999389648438,28.639999389648438,28.639999389648438,20576
2026-06-29 17:15:00,28.639999389648438,28.639999389648438,28.639999389648438,28.639999389648438,2294
2026-06-29 17:30:00,28.639999389648438,28.639999389648438,28.639999389648438,28.639999389648438,4512
2026-06-29 17:45:00,28.639999389648438,28.639999389648438,28.639999389648438,28.639999389648438,26744
2026-06-30 09:45:00,30.299999237060547,30.299999237060547,30.299999237060547,30.299999237060547,0
2026-06-30 10:00:00,28.799999237060547,30.440000534057617,28.799999237060547,30.280000686645508,6697091
2026-06-30 10:15:00,28.219999313354492,28.68000030517578,27.3799991607666,28.68000030517578,4635543
2026-06-30 10:30:00,27.700000762939453,28.280000686645508,27.479999542236328,28.219999313354492,2039472
2026-06-30 10:45:00,28.15999984741211,28.360000610351562,27.700000762939453,27.719999313354492,1757550
2026-06-30 11:00:00,27.979999542236328,28.540000915527344,27.899999618530273,28.18000030517578,2058604
2026-06-30 11:15:00,27.739999771118164,28.079999923706055,27.719999313354492,28.0,840970
2026-06-30 11:30:00,27.399999618530273,27.81999969482422,27.260000228881836,27.739999771118164,1110358
2026-06-30 11:45:00,27.520000457763672,27.68000030517578,27.299999237060547,27.399999618530273,1090732
2026-06-30 12:00:00,27.260000228881836,27.540000915527344,27.260000228881836,27.540000915527344,393586
2026-06-30 12:15:00,27.260000228881836,27.6200008392334,26.940000534057617,27.260000228881836,1272663
2026-06-30 12:30:00,27.280000686645508,27.420000076293945,27.1200008392334,27.260000228881836,460809
2026-06-30 12:45:00,27.0,27.399999618530273,26.979999542236328,27.299999237060547,456630
2026-06-30 13:00:00,27.100000381469727,27.139999389648438,26.920000076293945,27.0,405018
2026-06-30 13:15:00,27.0,27.1200008392334,26.920000076293945,27.1200008392334,305735
2026-06-30 13:30:00,26.979999542236328,27.0,26.959999084472656,27.0,218819
2026-06-30 13:45:00,26.959999084472656,27.100000381469727,26.940000534057617,27.0,464253
2026-06-30 14:00:00,26.239999771118164,27.0,26.200000762939453,26.940000534057617,2294311
2026-06-30 14:15:00,26.299999237060547,26.700000762939453,25.979999542236328,26.219999313354492,3346517
2026-06-30 14:30:00,26.3799991607666,26.459999084472656,26.260000228881836,26.31999969482422,727170
2026-06-30 14:45:00,26.34000015258789,26.559999465942383,26.31999969482422,26.3799991607666,424176
2026-06-30 15:00:00,26.15999984741211,26.3799991607666,26.139999389648438,26.34000015258789,704918
2026-06-30 15:15:00,26.079999923706055,26.200000762939453,25.979999542236328,26.18000030517578,1038920
2026-06-30 15:30:00,26.100000381469727,26.1200008392334,26.020000457763672,26.100000381469727,336089
2026-06-30 15:45:00,26.200000762939453,26.559999465942383,26.040000915527344,26.1200008392334,562896
2026-06-30 16:00:00,25.899999618530273,26.200000762939453,25.899999618530273,26.18000030517578,513202
2026-06-30 16:15:00,25.8799991607666,25.899999618530273,25.780000686645508,25.81999969482422,2343547
2026-06-30 16:30:00,26.0,26.18000030517578,25.81999969482422,25.8799991607666,1302578
2026-06-30 16:45:00,25.959999084472656,26.079999923706055,25.899999618530273,26.020000457763672,306180
2026-06-30 17:00:00,25.8799991607666,25.979999542236328,25.780000686645508,25.940000534057617,1526649
2026-06-30 17:15:00,25.84000015258789,25.920000076293945,25.780000686645508,25.899999618530273,336663
2026-06-30 17:30:00,25.84000015258789,25.959999084472656,25.799999237060547,25.84000015258789,380899
2026-06-30 17:45:00,25.780000686645508,25.860000610351562,25.780000686645508,25.84000015258789,452282
2026-07-01 09:45:00,25.700000762939453,25.700000762939453,25.700000762939453,25.700000762939453,0
2026-07-01 10:00:00,26.0,26.559999465942383,25.579999923706055,25.760000228881836,2720396
2026-07-01 10:15:00,25.979999542236328,26.059999465942383,25.700000762939453,26.0,970487
2026-07-01 10:30:00,25.68000030517578,25.979999542236328,25.5,25.979999542236328,517320
2026-07-01 10:45:00,25.700000762939453,25.780000686645508,25.420000076293945,25.700000762939453,559588
2026-07-01 11:00:00,25.84000015258789,25.920000076293945,25.65999984741211,25.700000762939453,338792
2026-07-01 11:15:00,25.6200008392334,26.079999923706055,25.600000381469727,25.81999969482422,499043
2026-07-01 11:30:00,25.520000457763672,25.6200008392334,24.420000076293945,25.6200008392334,1449057
2026-07-01 11:45:00,25.399999618530273,25.520000457763672,25.219999313354492,25.5,1092686
2026-07-01 12:00:00,25.440000534057617,25.5,25.31999969482422,25.420000076293945,383876
2026-07-01 12:15:00,25.719999313354492,25.899999618530273,25.420000076293945,25.440000534057617,706661
2026-07-01 12:30:00,25.81999969482422,25.920000076293945,25.700000762939453,25.719999313354492,459319
2026-07-01 12:45:00,26.0,26.020000457763672,25.799999237060547,25.799999237060547,323488
2026-07-01 13:00:00,26.200000762939453,26.31999969482422,25.920000076293945,25.979999542236328,851151
2026-07-01 13:15:00,25.799999237060547,26.200000762939453,25.760000228881836,26.200000762939453,801694
2026-07-01 13:30:00,25.860000610351562,25.920000076293945,25.739999771118164,25.81999969482422,351073
2026-07-01 13:45:00,25.8799991607666,25.920000076293945,25.799999237060547,25.84000015258789,126144
2026-07-01 14:00:00,25.780000686645508,25.959999084472656,25.780000686645508,25.8799991607666,200534
2026-07-01 14:15:00,26.0,26.0,25.780000686645508,25.780000686645508,200562
2026-07-01 14:30:00,25.899999618530273,26.040000915527344,25.860000610351562,26.0,144770
2026-07-01 14:45:00,25.940000534057617,25.959999084472656,25.84000015258789,25.8799991607666,122388
2026-07-01 15:00:00,25.959999084472656,26.0,25.899999618530273,25.940000534057617,103326
2026-07-01 15:15:00,25.899999618530273,26.0,25.8799991607666,25.959999084472656,251888
2026-07-01 15:30:00,25.920000076293945,26.020000457763672,25.899999618530273,25.899999618530273,60777
2026-07-01 15:45:00,25.6200008392334,25.920000076293945,25.600000381469727,25.920000076293945,453481
2026-07-01 16:00:00,25.600000381469727,25.6200008392334,25.540000915527344,25.6200008392334,130920
2026-07-01 16:15:00,25.559999465942383,25.6200008392334,25.479999542236328,25.600000381469727,245761
2026-07-01 16:30:00,25.559999465942383,25.579999923706055,25.520000457763672,25.579999923706055,62233
2026-07-01 16:45:00,25.559999465942383,25.6200008392334,25.479999542236328,25.559999465942383,284282
2026-07-01 17:00:00,25.540000915527344,25.639999389648438,25.459999084472656,25.540000915527344,202586
2026-07-01 17:15:00,25.579999923706055,25.600000381469727,25.520000457763672,25.540000915527344,73665
2026-07-01 17:30:00,25.479999542236328,25.600000381469727,25.479999542236328,25.600000381469727,210953
2026-07-01 17:45:00,25.540000915527344,25.540000915527344,25.440000534057617,25.479999542236328,421371
2026-07-02 09:45:00,25.799999237060547,25.799999237060547,25.799999237060547,25.799999237060547,0
2026-07-02 10:00:00,25.579999923706055,25.780000686645508,25.399999618530273,25.780000686645508,752245
2026-07-02 10:15:00,25.639999389648438,26.020000457763672,25.579999923706055,25.579999923706055,1118662
2026-07-02 10:30:00,25.280000686645508,25.65999984741211,25.0,25.65999984741211,1676136
2026-07-02 10:45:00,25.18000030517578,25.440000534057617,24.559999465942383,25.299999237060547,1074336
2026-07-02 11:00:00,25.260000228881836,25.440000534057617,25.1200008392334,25.18000030517578,282265
2026-07-02 11:15:00,25.299999237060547,25.34000015258789,25.239999771118164,25.260000228881836,191750
2026-07-02 11:30:00,25.31999969482422,25.34000015258789,25.239999771118164,25.299999237060547,164658
2026-07-02 11:45:00,25.280000686645508,25.420000076293945,25.239999771118164,25.34000015258789,279544
2026-07-02 12:00:00,25.260000228881836,25.420000076293945,25.260000228881836,25.260000228881836,152312
2026-07-02 12:15:00,25.15999984741211,25.299999237060547,25.139999389648438,25.260000228881836,292128
2026-07-02 12:30:00,25.15999984741211,25.219999313354492,25.1200008392334,25.18000030517578,241708
2026-07-02 12:45:00,25.139999389648438,25.15999984741211,25.040000915527344,25.15999984741211,147332
2026-07-02 13:00:00,24.8799991607666,25.100000381469727,24.81999969482422,25.100000381469727,802671
2026-07-02 13:15:00,24.940000534057617,24.979999542236328,24.860000610351562,24.8799991607666,244554
2026-07-02 13:30:00,24.940000534057617,25.020000457763672,24.920000076293945,24.959999084472656,158794
2026-07-02 13:45:00,25.100000381469727,25.1200008392334,24.940000534057617,24.940000534057617,464480
2026-07-02 14:00:00,25.059999465942383,25.100000381469727,25.020000457763672,25.079999923706055,66270
2026-07-02 14:15:00,25.040000915527344,25.079999923706055,24.979999542236328,25.040000915527344,69720
2026-07-02 14:30:00,25.040000915527344,25.079999923706055,25.020000457763672,25.040000915527344,58169
2026-07-02 14:45:00,24.899999618530273,25.040000915527344,24.8799991607666,25.020000457763672,116169
2026-07-02 15:00:00,24.84000015258789,24.899999618530273,24.780000686645508,24.899999618530273,220568
2026-07-02 15:15:00,24.860000610351562,24.860000610351562,24.81999969482422,24.84000015258789,64790
2026-07-02 15:30:00,24.860000610351562,24.920000076293945,24.81999969482422,24.860000610351562,197649
2026-07-02 15:45:00,24.84000015258789,24.920000076293945,24.799999237060547,24.860000610351562,164741
2026-07-02 16:00:00,24.81999969482422,24.860000610351562,24.719999313354492,24.84000015258789,167307
2026-07-02 16:15:00,24.799999237060547,24.84000015258789,24.739999771118164,24.81999969482422,91690
2026-07-02 16:30:00,24.84000015258789,24.860000610351562,24.780000686645508,24.799999237060547,75876
2026-07-02 16:45:00,24.799999237060547,24.860000610351562,24.799999237060547,24.84000015258789,78401
2026-07-02 17:00:00,24.8799991607666,24.940000534057617,24.799999237060547,24.799999237060547,102613
2026-07-02 17:15:00,24.8799991607666,24.8799991607666,24.81999969482422,24.860000610351562,163549
2026-07-02 17:30:00,24.8799991607666,24.979999542236328,24.84000015258789,24.860000610351562,110259
2026-07-02 17:45:00,24.899999618530273,24.959999084472656,24.860000610351562,24.860000610351562,369271
2026-07-03 09:45:00,24.940000534057617,24.940000534057617,24.940000534057617,24.940000534057617,0
2026-07-03 10:00:00,25.3799991607666,25.68000030517578,24.940000534057617,24.959999084472656,2013159
2026-07-03 10:15:00,25.239999771118164,25.520000457763672,25.200000762939453,25.3799991607666,551457
2026-07-03 10:30:00,25.200000762939453,25.280000686645508,25.139999389648438,25.260000228881836,305379
2026-07-03 10:45:00,25.360000610351562,25.479999542236328,25.100000381469727,25.200000762939453,259596
2026-07-03 11:00:00,25.31999969482422,25.440000534057617,25.260000228881836,25.360000610351562,163376
2026-07-03 11:15:00,25.260000228881836,25.31999969482422,25.239999771118164,25.31999969482422,68083
2026-07-03 11:30:00,25.34000015258789,25.34000015258789,25.239999771118164,25.260000228881836,90373
2026-07-03 11:45:00,25.18000030517578,25.34000015258789,24.979999542236328,25.34000015258789,259702
2026-07-03 12:00:00,25.239999771118164,25.299999237060547,25.139999389648438,25.18000030517578,171939
2026-07-03 12:15:00,25.200000762939453,25.299999237060547,25.18000030517578,25.239999771118164,118460
2026-07-03 12:30:00,25.459999084472656,25.520000457763672,25.18000030517578,25.18000030517578,301909
2026-07-03 12:45:00,25.5,25.559999465942383,25.420000076293945,25.440000534057617,130254
2026-07-03 13:00:00,25.459999084472656,25.5,25.420000076293945,25.5,93796
2026-07-03 13:15:00,25.440000534057617,25.479999542236328,25.399999618530273,25.459999084472656,58469
2026-07-03 13:30:00,25.440000534057617,25.440000534057617,25.360000610351562,25.440000534057617,77043
2026-07-03 13:45:00,25.31999969482422,25.440000534057617,25.31999969482422,25.440000534057617,31627
2026-07-03 14:00:00,25.260000228881836,25.34000015258789,25.239999771118164,25.31999969482422,51858
2026-07-03 14:15:00,25.280000686645508,25.34000015258789,25.280000686645508,25.280000686645508,47635
2026-07-03 14:30:00,25.260000228881836,25.31999969482422,25.219999313354492,25.299999237060547,40034
2026-07-03 14:45:00,25.200000762939453,25.260000228881836,25.200000762939453,25.260000228881836,62820
2026-07-03 15:00:00,25.079999923706055,25.219999313354492,25.059999465942383,25.219999313354492,133638
2026-07-03 15:15:00,25.040000915527344,25.299999237060547,24.979999542236328,25.059999465942383,212593
2026-07-03 15:30:00,24.920000076293945,25.040000915527344,24.899999618530273,25.040000915527344,195029
2026-07-03 15:45:00,25.0,25.0,24.8799991607666,24.920000076293945,82115
2026-07-03 16:00:00,24.940000534057617,25.020000457763672,24.920000076293945,25.0,54020
2026-07-03 16:15:00,25.0,25.020000457763672,24.959999084472656,24.979999542236328,86569
2026-07-03 16:30:00,25.0,25.020000457763672,24.979999542236328,25.020000457763672,30362
2026-07-03 16:45:00,24.959999084472656,25.020000457763672,24.899999618530273,24.979999542236328,119273
2026-07-03 17:00:00,24.940000534057617,24.979999542236328,24.899999618530273,24.959999084472656,58253
2026-07-03 17:15:00,24.8799991607666,24.959999084472656,24.84000015258789,24.940000534057617,123028
2026-07-03 17:30:00,24.8799991607666,24.940000534057617,24.81999969482422,24.8799991607666,156967
2026-07-03 17:45:00,24.899999618530273,24.899999618530273,24.780000686645508,24.8799991607666,386972
2026-07-06 09:45:00,25.200000762939453,25.200000762939453,25.200000762939453,25.200000762939453,0
2026-07-06 10:00:00,25.079999923706055,25.700000762939453,25.040000915527344,25.100000381469727,1465059
2026-07-06 10:15:00,25.0,25.139999389648438,24.979999542236328,25.100000381469727,371712
2026-07-06 10:30:00,24.979999542236328,25.139999389648438,24.940000534057617,25.0,333056
2026-07-06 10:45:00,25.059999465942383,25.079999923706055,24.959999084472656,24.979999542236328,166176
2026-07-06 11:00:00,25.100000381469727,25.1200008392334,25.040000915527344,25.079999923706055,98134
2026-07-06 11:15:00,25.0,25.100000381469727,24.979999542236328,25.100000381469727,124912
2026-07-06 11:30:00,24.979999542236328,25.020000457763672,24.920000076293945,25.0,163803
2026-07-06 11:45:00,24.959999084472656,25.0,24.940000534057617,25.0,87128
2026-07-06 12:00:00,24.959999084472656,24.979999542236328,24.920000076293945,24.959999084472656,151429
2026-07-06 12:15:00,24.959999084472656,25.0,24.920000076293945,24.959999084472656,139452
2026-07-06 12:30:00,24.899999618530273,24.959999084472656,24.81999969482422,24.959999084472656,183852
2026-07-06 12:45:00,24.860000610351562,24.899999618530273,24.860000610351562,24.8799991607666,38080
2026-07-06 13:00:00,24.860000610351562,24.8799991607666,24.860000610351562,24.860000610351562,49489
2026-07-06 13:15:00,24.8799991607666,24.959999084472656,24.84000015258789,24.860000610351562,125126
2026-07-06 13:30:00,24.860000610351562,24.979999542236328,24.84000015258789,24.8799991607666,184762
2026-07-06 13:45:00,24.84000015258789,24.8799991607666,24.81999969482422,24.860000610351562,179443
2026-07-06 14:00:00,24.84000015258789,24.860000610351562,24.799999237060547,24.84000015258789,59129
2026-07-06 14:15:00,24.860000610351562,24.899999618530273,24.81999969482422,24.8799991607666,79039
2026-07-06 14:30:00,24.899999618530273,25.059999465942383,24.84000015258789,24.860000610351562,235880
2026-07-06 14:45:00,24.899999618530273,24.920000076293945,24.8799991607666,24.899999618530273,67374
2026-07-06 15:00:00,24.799999237060547,24.920000076293945,24.760000228881836,24.899999618530273,144659
2026-07-06 15:15:00,24.84000015258789,24.899999618530273,24.739999771118164,24.799999237060547,139578
2026-07-06 15:30:00,24.940000534057617,24.959999084472656,24.84000015258789,24.860000610351562,245608
2026-07-06 15:45:00,24.68000030517578,24.920000076293945,24.65999984741211,24.920000076293945,281678
2026-07-06 16:00:00,24.6200008392334,24.739999771118164,24.600000381469727,24.700000762939453,285536
2026-07-06 16:15:00,24.579999923706055,24.639999389648438,24.559999465942383,24.639999389648438,81676
2026-07-06 16:30:00,24.600000381469727,24.600000381469727,24.559999465942383,24.579999923706055,101107
2026-07-06 16:45:00,24.579999923706055,24.6200008392334,24.559999465942383,24.6200008392334,79148
2026-07-06 17:00:00,24.579999923706055,24.719999313354492,24.540000915527344,24.579999923706055,107346
2026-07-06 17:15:00,24.600000381469727,24.639999389648438,24.540000915527344,24.579999923706055,83123
2026-07-06 17:30:00,24.600000381469727,24.639999389648438,24.540000915527344,24.600000381469727,77002
2026-07-06 17:45:00,24.600000381469727,24.600000381469727,24.540000915527344,24.579999923706055,358230
2026-07-07 09:45:00,24.399999618530273,24.399999618530273,24.399999618530273,24.399999618530273,0
2026-07-07 10:00:00,24.520000457763672,24.719999313354492,24.399999618530273,24.399999618530273,679181
2026-07-07 10:15:00,24.68000030517578,24.700000762939453,24.520000457763672,24.520000457763672,533432
2026-07-07 10:30:00,24.559999465942383,24.68000030517578,24.540000915527344,24.65999984741211,115639
2026-07-07 10:45:00,24.6200008392334,24.639999389648438,24.579999923706055,24.579999923706055,59819
2026-07-07 11:00:00,24.520000457763672,24.600000381469727,24.459999084472656,24.600000381469727,225747
2026-07-07 11:15:00,24.459999084472656,24.540000915527344,24.399999618530273,24.540000915527344,116750
2026-07-07 11:30:00,24.440000534057617,24.5,24.399999618530273,24.440000534057617,151625
2026-07-07 11:45:00,24.479999542236328,24.5,24.399999618530273,24.440000534057617,48621
2026-07-07 12:00:00,24.440000534057617,24.5,24.420000076293945,24.479999542236328,65782
2026-07-07 12:15:00,24.420000076293945,24.440000534057617,24.3799991607666,24.420000076293945,97870
2026-07-07 12:30:00,24.440000534057617,24.440000534057617,24.360000610351562,24.399999618530273,27974
2026-07-07 12:45:00,24.399999618530273,24.440000534057617,24.360000610351562,24.440000534057617,53370
2026-07-07 13:00:00,24.440000534057617,24.459999084472656,24.3799991607666,24.420000076293945,13729
2026-07-07 13:15:00,24.459999084472656,24.459999084472656,24.420000076293945,24.440000534057617,18098
2026-07-07 13:30:00,24.5,24.5,24.440000534057617,24.459999084472656,86474
2026-07-07 13:45:00,24.559999465942383,24.600000381469727,24.5,24.520000457763672,132310
2026-07-07 14:00:00,24.5,24.600000381469727,24.5,24.559999465942383,151640
2026-07-07 14:15:00,24.440000534057617,24.68000030517578,24.420000076293945,24.540000915527344,571435
2026-07-07 14:30:00,24.440000534057617,24.479999542236328,24.420000076293945,24.440000534057617,147456
2026-07-07 14:45:00,24.579999923706055,24.600000381469727,24.440000534057617,24.459999084472656,94849
2026-07-07 15:00:00,24.600000381469727,24.68000030517578,24.559999465942383,24.579999923706055,229597
2026-07-07 15:15:00,24.540000915527344,24.600000381469727,24.5,24.600000381469727,142467
2026-07-07 15:30:00,24.600000381469727,24.600000381469727,24.540000915527344,24.540000915527344,26530
2026-07-07 15:45:00,24.68000030517578,24.719999313354492,24.540000915527344,24.600000381469727,423656
2026-07-07 16:00:00,24.600000381469727,24.739999771118164,24.559999465942383,24.68000030517578,262910
2026-07-07 16:15:00,24.540000915527344,24.6200008392334,24.5,24.6200008392334,82509
2026-07-07 16:30:00,24.579999923706055,24.600000381469727,24.540000915527344,24.540000915527344,86845
2026-07-07 16:45:00,24.579999923706055,24.600000381469727,24.520000457763672,24.579999923706055,92538
2026-07-07 17:00:00,24.520000457763672,24.639999389648438,24.5,24.600000381469727,196392
2026-07-07 17:15:00,24.540000915527344,24.559999465942383,24.520000457763672,24.540000915527344,30997
2026-07-07 17:30:00,24.479999542236328,24.579999923706055,24.440000534057617,24.540000915527344,194800
2026-07-07 17:45:00,24.459999084472656,24.520000457763672,24.459999084472656,24.479999542236328,157278
2026-07-08 09:45:00,24.420000076293945,24.420000076293945,24.420000076293945,24.420000076293945,0
2026-07-08 10:00:00,24.280000686645508,24.420000076293945,24.219999313354492,24.420000076293945,292210
2026-07-08 10:15:00,24.280000686645508,24.299999237060547,24.139999389648438,24.280000686645508,276753
2026-07-08 10:30:00,24.280000686645508,24.31999969482422,24.219999313354492,24.280000686645508,193517
2026-07-08 10:45:00,24.34000015258789,24.360000610351562,24.280000686645508,24.280000686645508,65855
2026-07-08 11:00:00,24.31999969482422,24.399999618530273,24.280000686645508,24.360000610351562,203306
2026-07-08 11:15:00,24.020000457763672,24.299999237060547,24.020000457763672,24.299999237060547,450263
2026-07-08 11:30:00,23.920000076293945,24.280000686645508,23.81999969482422,24.020000457763672,706895
2026-07-08 11:45:00,23.940000534057617,23.959999084472656,23.860000610351562,23.899999618530273,103353
2026-07-08 12:00:00,23.899999618530273,24.079999923706055,23.8799991607666,23.940000534057617,185428
2026-07-08 12:15:00,24.020000457763672,24.139999389648438,23.8799991607666,23.899999618530273,310518
2026-07-08 12:30:00,24.020000457763672,24.15999984741211,24.0,24.020000457763672,97400
2026-07-08 12:45:00,24.059999465942383,24.1200008392334,24.0,24.0,179867
2026-07-08 13:00:00,24.100000381469727,24.200000762939453,24.040000915527344,24.079999923706055,186952
2026-07-08 13:15:00,24.139999389648438,24.139999389648438,24.0,24.100000381469727,261536
2026-07-08 13:30:00,24.1200008392334,24.200000762939453,24.079999923706055,24.1200008392334,112285
2026-07-08 13:45:00,24.079999923706055,24.15999984741211,24.059999465942383,24.100000381469727,124182
2026-07-08 14:00:00,24.079999923706055,24.1200008392334,24.059999465942383,24.059999465942383,31809
2026-07-08 14:15:00,24.079999923706055,24.1200008392334,24.059999465942383,24.100000381469727,65167
2026-07-08 14:30:00,24.079999923706055,24.100000381469727,24.0,24.079999923706055,125892
2026-07-08 14:45:00,24.079999923706055,24.18000030517578,24.079999923706055,24.079999923706055,33759
2026-07-08 15:00:00,24.079999923706055,24.079999923706055,24.059999465942383,24.079999923706055,27705
2026-07-08 15:15:00,24.15999984741211,24.15999984741211,24.059999465942383,24.079999923706055,65210
2026-07-08 15:30:00,24.1200008392334,24.18000030517578,24.100000381469727,24.15999984741211,106470
2026-07-08 15:45:00,24.079999923706055,24.15999984741211,24.059999465942383,24.1200008392334,34015
2026-07-08 16:00:00,24.079999923706055,24.100000381469727,24.020000457763672,24.079999923706055,55234
2026-07-08 16:15:00,24.059999465942383,24.100000381469727,24.0,24.059999465942383,82640
2026-07-08 16:30:00,24.040000915527344,24.1200008392334,24.020000457763672,24.040000915527344,99698
2026-07-08 16:45:00,24.059999465942383,24.100000381469727,24.059999465942383,24.059999465942383,77338
2026-07-08 17:00:00,24.040000915527344,24.100000381469727,24.040000915527344,24.079999923706055,33872
2026-07-08 17:15:00,24.0,24.079999923706055,24.0,24.040000915527344,32503
2026-07-08 17:30:00,23.959999084472656,24.020000457763672,23.959999084472656,24.0,141803
2026-07-08 17:45:00,23.979999542236328,24.0,23.940000534057617,23.979999542236328,159967
2026-07-09 09:45:00,24.020000457763672,24.020000457763672,24.020000457763672,24.020000457763672,0
2026-07-09 10:00:00,24.020000457763672,24.459999084472656,23.920000076293945,24.040000915527344,342361
2026-07-09 10:15:00,24.100000381469727,24.1200008392334,23.899999618530273,24.020000457763672,139699
2026-07-09 10:30:00,24.219999313354492,24.239999771118164,24.020000457763672,24.079999923706055,112716
2026-07-09 10:45:00,24.18000030517578,24.260000228881836,24.1200008392334,24.200000762939453,340217
2026-07-09 11:00:00,24.239999771118164,24.239999771118164,24.139999389648438,24.200000762939453,239134
2026-07-09 11:15:00,24.18000030517578,24.299999237060547,24.15999984741211,24.260000228881836,208566
2026-07-09 11:30:00,24.100000381469727,24.18000030517578,24.059999465942383,24.18000030517578,133232
2026-07-09 11:45:00,23.979999542236328,24.100000381469727,23.940000534057617,24.100000381469727,162158
2026-07-09 12:00:00,24.139999389648438,24.219999313354492,23.920000076293945,23.959999084472656,159058
2026-07-09 12:15:00,25.139999389648438,25.959999084472656,24.100000381469727,24.139999389648438,6413316
2026-07-09 12:30:00,24.860000610351562,25.219999313354492,24.799999237060547,25.139999389648438,2062950
2026-07-09 12:45:00,24.639999389648438,24.979999542236328,24.540000915527344,24.84000015258789,1834480
2026-07-09 13:00:00,24.579999923706055,24.739999771118164,24.540000915527344,24.639999389648438,683881
2026-07-09 13:15:00,24.579999923706055,24.719999313354492,24.479999542236328,24.579999923706055,600692
2026-07-09 13:30:00,24.239999771118164,24.579999923706055,24.15999984741211,24.559999465942383,992736
2026-07-09 13:45:00,24.1200008392334,24.260000228881836,24.040000915527344,24.239999771118164,383570
2026-07-09 14:00:00,24.040000915527344,24.15999984741211,23.920000076293945,24.1200008392334,477287
2026-07-09 14:15:00,23.84000015258789,24.040000915527344,23.84000015258789,24.040000915527344,516191
2026-07-09 14:30:00,23.799999237060547,23.8799991607666,23.760000228881836,23.860000610351562,509956
2026-07-09 14:45:00,23.940000534057617,24.200000762939453,23.739999771118164,23.81999969482422,1388562
2026-07-09 15:00:00,23.979999542236328,24.040000915527344,23.920000076293945,23.940000534057617,295145
2026-07-09 15:15:00,23.920000076293945,23.979999542236328,23.8799991607666,23.979999542236328,173932
2026-07-09 15:30:00,23.860000610351562,23.940000534057617,23.84000015258789,23.920000076293945,122475
2026-07-09 15:45:00,23.780000686645508,23.920000076293945,23.739999771118164,23.860000610351562,153682
2026-07-09 16:00:00,23.899999618530273,23.920000076293945,23.81999969482422,23.81999969482422,63971
2026-07-09 16:15:00,23.8799991607666,23.920000076293945,23.84000015258789,23.8799991607666,85004
2026-07-09 16:30:00,23.8799991607666,23.920000076293945,23.81999969482422,23.8799991607666,172101
2026-07-09 16:45:00,24.020000457763672,24.219999313354492,23.899999618530273,23.920000076293945,479200
2026-07-09 17:00:00,24.100000381469727,24.139999389648438,24.0,24.020000457763672,197213
2026-07-09 17:15:00,23.8799991607666,24.1200008392334,23.81999969482422,24.100000381469727,252547
2026-07-09 17:30:00,24.0,24.100000381469727,23.84000015258789,23.8799991607666,287722
2026-07-09 17:45:00,24.079999923706055,24.15999984741211,24.0,24.0,511870
2026-07-10 09:45:00,24.100000381469727,24.100000381469727,24.100000381469727,24.100000381469727,0
2026-07-10 10:00:00,24.239999771118164,24.280000686645508,24.100000381469727,24.1200008392334,796888
2026-07-10 10:15:00,24.31999969482422,24.399999618530273,24.219999313354492,24.239999771118164,435257
2026-07-10 10:30:00,24.959999084472656,25.18000030517578,24.280000686645508,24.31999969482422,2324122
2026-07-10 10:45:00,26.1200008392334,26.200000762939453,24.940000534057617,24.959999084472656,4584095
2026-07-10 11:00:00,26.420000076293945,26.420000076293945,26.059999465942383,26.1200008392334,1722847
2026-07-10 11:15:00,26.420000076293945,26.420000076293945,26.420000076293945,26.420000076293945,87956
2026-07-10 11:30:00,26.420000076293945,26.420000076293945,26.420000076293945,26.420000076293945,119476
2026-07-10 11:45:00,26.420000076293945,26.420000076293945,26.420000076293945,26.420000076293945,22710
2026-07-10 12:00:00,26.420000076293945,26.420000076293945,26.420000076293945,26.420000076293945,15686
2026-07-10 12:15:00,26.420000076293945,26.420000076293945,26.420000076293945,26.420000076293945,26453
2026-07-10 12:30:00,26.420000076293945,26.420000076293945,26.420000076293945,26.420000076293945,18754
2026-07-10 12:45:00,26.420000076293945,26.420000076293945,26.420000076293945,26.420000076293945,5323
2026-07-10 13:00:00,26.420000076293945,26.420000076293945,26.420000076293945,26.420000076293945,3365
2026-07-10 13:15:00,26.420000076293945,26.420000076293945,26.420000076293945,26.420000076293945,42513
2026-07-10 13:30:00,26.420000076293945,26.420000076293945,26.420000076293945,26.420000076293945,12182
2026-07-10 13:45:00,26.420000076293945,26.420000076293945,26.420000076293945,26.420000076293945,4858
2026-07-10 14:00:00,26.420000076293945,26.420000076293945,26.420000076293945,26.420000076293945,13013
2026-07-10 14:15:00,26.420000076293945,26.420000076293945,26.420000076293945,26.420000076293945,12787
2026-07-10 14:30:00,26.420000076293945,26.420000076293945,26.420000076293945,26.420000076293945,2219
2026-07-10 14:45:00,26.420000076293945,26.420000076293945,26.420000076293945,26.420000076293945,16565
2026-07-10 15:00:00,26.420000076293945,26.420000076293945,26.420000076293945,26.420000076293945,10205
2026-07-10 15:15:00,26.420000076293945,26.420000076293945,26.420000076293945,26.420000076293945,49148
2026-07-10 15:30:00,26.420000076293945,26.420000076293945,26.420000076293945,26.420000076293945,7004
2026-07-10 15:45:00,26.420000076293945,26.420000076293945,26.420000076293945,26.420000076293945,3651
2026-07-10 16:00:00,26.420000076293945,26.420000076293945,26.420000076293945,26.420000076293945,4612
2026-07-10 16:15:00,26.420000076293945,26.420000076293945,26.420000076293945,26.420000076293945,31848
2026-07-10 16:30:00,26.420000076293945,26.420000076293945,26.420000076293945,26.420000076293945,23365
2026-07-10 16:45:00,26.420000076293945,26.420000076293945,26.420000076293945,26.420000076293945,8202
2026-07-10 17:00:00,26.420000076293945,26.420000076293945,26.420000076293945,26.420000076293945,6698
2026-07-10 17:15:00,26.420000076293945,26.420000076293945,26.420000076293945,26.420000076293945,842
2026-07-10 17:30:00,26.420000076293945,26.420000076293945,26.420000076293945,26.420000076293945,16828
2026-07-10 17:45:00,26.420000076293945,26.420000076293945,26.420000076293945,26.420000076293945,33472
2026-07-13 09:45:00,25.81999969482422,25.81999969482422,25.81999969482422,25.81999969482422,0
2026-07-13 10:00:00,26.020000457763672,26.760000228881836,25.84000015258789,25.8799991607666,4147239
2026-07-13 10:15:00,25.959999084472656,26.15999984741211,25.8799991607666,26.0,865783
2026-07-13 10:30:00,26.15999984741211,26.18000030517578,25.940000534057617,25.940000534057617,524135
2026-07-13 10:45:00,26.219999313354492,26.600000381469727,26.139999389648438,26.15999984741211,1379631
2026-07-13 11:00:00,26.260000228881836,26.399999618530273,26.079999923706055,26.219999313354492,394479
2026-07-13 11:15:00,26.200000762939453,26.3799991607666,26.18000030517578,26.260000228881836,248429
2026-07-13 11:30:00,25.979999542236328,26.280000686645508,25.920000076293945,26.200000762939453,534182
2026-07-13 11:45:00,26.059999465942383,26.059999465942383,25.959999084472656,25.979999542236328,284649
2026-07-13 12:00:00,25.940000534057617,26.1200008392334,25.920000076293945,26.059999465942383,141378
2026-07-13 12:15:00,25.81999969482422,25.959999084472656,25.780000686645508,25.920000076293945,276867
2026-07-13 12:30:00,25.6200008392334,25.940000534057617,25.579999923706055,25.81999969482422,972437
2026-07-13 12:45:00,25.639999389648438,25.719999313354492,25.600000381469727,25.6200008392334,299422
2026-07-13 13:00:00,25.65999984741211,25.760000228881836,25.579999923706055,25.639999389648438,442611
2026-07-13 13:15:00,25.520000457763672,25.65999984741211,25.459999084472656,25.65999984741211,279101
2026-07-13 13:30:00,25.6200008392334,25.6200008392334,25.479999542236328,25.520000457763672,223316
2026-07-13 13:45:00,25.639999389648438,25.780000686645508,25.600000381469727,25.6200008392334,246813
2026-07-13 14:00:00,25.540000915527344,25.68000030517578,25.540000915527344,25.639999389648438,92049
2026-07-13 14:15:00,25.579999923706055,25.600000381469727,25.540000915527344,25.540000915527344,54658
2026-07-13 14:30:00,25.6200008392334,25.639999389648438,25.540000915527344,25.600000381469727,116131
2026-07-13 14:45:00,25.739999771118164,25.8799991607666,25.600000381469727,25.6200008392334,398040
2026-07-13 15:00:00,25.65999984741211,25.739999771118164,25.600000381469727,25.719999313354492,121628
2026-07-13 15:15:00,25.559999465942383,25.68000030517578,25.559999465942383,25.68000030517578,78859
2026-07-13 15:30:00,25.65999984741211,25.81999969482422,25.5,25.540000915527344,410601
2026-07-13 15:45:00,25.860000610351562,25.979999542236328,25.600000381469727,25.68000030517578,518665
2026-07-13 16:00:00,25.979999542236328,26.0,25.760000228881836,25.860000610351562,334271
2026-07-13 16:15:00,26.100000381469727,26.18000030517578,25.920000076293945,26.0,844253
2026-07-13 16:30:00,25.899999618530273,26.1200008392334,25.899999618530273,26.100000381469727,255750
2026-07-13 16:45:00,25.920000076293945,25.959999084472656,25.81999969482422,25.899999618530273,259561
2026-07-13 17:00:00,25.8799991607666,25.940000534057617,25.84000015258789,25.920000076293945,184781
2026-07-13 17:15:00,26.1200008392334,26.299999237060547,25.65999984741211,25.8799991607666,922599
2026-07-13 17:30:00,25.940000534057617,26.139999389648438,25.860000610351562,26.139999389648438,319150
2026-07-13 17:45:00,26.059999465942383,26.219999313354492,25.34000015258789,25.920000076293945,918166
2026-07-14 09:45:00,26.040000915527344,26.040000915527344,26.040000915527344,26.040000915527344,0
2026-07-14 10:00:00,25.639999389648438,26.18000030517578,25.600000381469727,26.059999465942383,817310
2026-07-14 10:15:00,25.719999313354492,25.799999237060547,25.459999084472656,25.639999389648438,919385
2026-07-14 10:30:00,25.399999618530273,25.760000228881836,25.31999969482422,25.739999771118164,579980
2026-07-14 10:45:00,25.479999542236328,25.65999984741211,25.299999237060547,25.3799991607666,352698
2026-07-14 11:00:00,25.399999618530273,25.5,25.3799991607666,25.479999542236328,202694
2026-07-14 11:15:00,25.5,25.520000457763672,25.34000015258789,25.399999618530273,125904
2026-07-14 11:30:00,25.540000915527344,25.559999465942383,25.440000534057617,25.5,97141
2026-07-14 11:45:00,25.559999465942383,25.600000381469727,25.5,25.559999465942383,184820
2026-07-14 12:00:00,25.559999465942383,25.639999389648438,25.219999313354492,25.559999465942383,514197
2026-07-14 12:15:00,25.700000762939453,25.719999313354492,25.540000915527344,25.579999923706055,269173
2026-07-14 12:30:00,25.799999237060547,26.0,25.700000762939453,25.719999313354492,885243
2026-07-14 12:45:00,25.719999313354492,25.84000015258789,25.719999313354492,25.799999237060547,74106
2026-07-14 13:00:00,25.739999771118164,25.760000228881836,25.6200008392334,25.719999313354492,336195
2026-07-14 13:15:00,25.739999771118164,25.799999237060547,25.700000762939453,25.760000228881836,48279
2026-07-14 13:30:00,25.760000228881836,25.799999237060547,25.700000762939453,25.719999313354492,60123
2026-07-14 13:45:00,25.65999984741211,25.780000686645508,25.579999923706055,25.760000228881836,77848
2026-07-14 14:00:00,25.65999984741211,25.780000686645508,25.6200008392334,25.65999984741211,88757
2026-07-14 14:15:00,25.719999313354492,25.719999313354492,25.65999984741211,25.65999984741211,51424
2026-07-14 14:30:00,25.719999313354492,25.739999771118164,25.639999389648438,25.719999313354492,92429
2026-07-14 14:45:00,25.84000015258789,25.8799991607666,25.65999984741211,25.700000762939453,343745
2026-07-14 15:00:00,26.1200008392334,26.1200008392334,25.780000686645508,25.81999969482422,349158
2026-07-14 15:15:00,25.979999542236328,26.139999389648438,25.940000534057617,26.1200008392334,347024
2026-07-14 15:30:00,25.959999084472656,26.15999984741211,25.959999084472656,25.979999542236328,358756
2026-07-14 15:45:00,25.979999542236328,26.18000030517578,25.959999084472656,25.979999542236328,271788
2026-07-14 16:00:00,26.139999389648438,26.219999313354492,25.959999084472656,25.979999542236328,283183
2026-07-14 16:15:00,26.059999465942383,26.299999237060547,26.0,26.139999389648438,340604
2026-07-14 16:30:00,26.15999984741211,26.200000762939453,25.8799991607666,26.059999465942383,424794
2026-07-14 16:45:00,25.920000076293945,26.18000030517578,25.920000076293945,26.15999984741211,247609
2026-07-14 17:00:00,26.0,26.139999389648438,25.920000076293945,25.920000076293945,201791
2026-07-14 17:15:00,25.940000534057617,26.020000457763672,25.920000076293945,26.0,160400
2026-07-14 17:30:00,26.079999923706055,26.100000381469727,25.920000076293945,25.940000534057617,280357
2026-07-14 17:45:00,26.020000457763672,26.100000381469727,26.0,26.100000381469727,251475
2026-07-16 09:45:00,26.059999465942383,26.059999465942383,26.059999465942383,26.059999465942383,0
2026-07-16 10:00:00,26.260000228881836,26.420000076293945,26.059999465942383,26.079999923706055,503420
2026-07-16 10:15:00,26.239999771118164,26.360000610351562,26.200000762939453,26.260000228881836,197532
2026-07-16 10:30:00,26.219999313354492,26.299999237060547,26.15999984741211,26.239999771118164,119689
2026-07-16 10:45:00,26.219999313354492,26.239999771118164,26.139999389648438,26.219999313354492,195876
2026-07-16 11:00:00,26.34000015258789,26.34000015258789,26.219999313354492,26.219999313354492,126411
2026-07-16 11:15:00,26.260000228881836,26.440000534057617,26.219999313354492,26.34000015258789,199973
2026-07-16 11:30:00,26.100000381469727,26.280000686645508,26.079999923706055,26.260000228881836,159496
2026-07-16 11:45:00,26.219999313354492,26.219999313354492,26.100000381469727,26.100000381469727,88899
2026-07-16 12:00:00,26.219999313354492,26.239999771118164,26.020000457763672,26.200000762939453,183179
2026-07-16 12:15:00,26.139999389648438,26.280000686645508,26.139999389648438,26.200000762939453,150468
2026-07-16 12:30:00,26.100000381469727,26.15999984741211,26.040000915527344,26.15999984741211,149437
2026-07-16 12:45:00,26.100000381469727,26.1200008392334,26.020000457763672,26.100000381469727,268616
2026-07-16 13:00:00,26.1200008392334,26.139999389648438,26.100000381469727,26.100000381469727,38696
2026-07-16 13:15:00,26.1200008392334,26.139999389648438,26.100000381469727,26.1200008392334,50745
2026-07-16 13:30:00,26.100000381469727,26.139999389648438,26.079999923706055,26.1200008392334,137113
2026-07-16 13:45:00,26.139999389648438,26.139999389648438,26.079999923706055,26.100000381469727,134394
2026-07-16 14:00:00,26.1200008392334,26.139999389648438,26.079999923706055,26.139999389648438,42557
2026-07-16 14:15:00,26.15999984741211,26.260000228881836,26.079999923706055,26.1200008392334,173519
2026-07-16 14:30:00,26.219999313354492,26.219999313354492,26.139999389648438,26.18000030517578,134824
2026-07-16 14:45:00,26.260000228881836,26.280000686645508,26.15999984741211,26.219999313354492,67479
2026-07-16 15:00:00,26.219999313354492,26.280000686645508,26.200000762939453,26.280000686645508,107894
2026-07-16 15:15:00,26.139999389648438,26.200000762939453,26.139999389648438,26.200000762939453,71792
2026-07-16 15:30:00,26.040000915527344,26.15999984741211,26.040000915527344,26.139999389648438,89174
2026-07-16 15:45:00,25.940000534057617,26.079999923706055,25.940000534057617,26.059999465942383,185818
2026-07-16 16:00:00,25.959999084472656,26.0,25.940000534057617,25.959999084472656,122006
2026-07-16 16:15:00,25.899999618530273,25.979999542236328,25.8799991607666,25.979999542236328,118249
2026-07-16 16:30:00,25.940000534057617,25.959999084472656,25.84000015258789,25.899999618530273,129546
2026-07-16 16:45:00,25.979999542236328,25.979999542236328,25.81999969482422,25.920000076293945,163285
2026-07-16 17:00:00,25.920000076293945,26.020000457763672,25.899999618530273,25.979999542236328,137518
2026-07-16 17:15:00,25.84000015258789,25.899999618530273,25.420000076293945,25.899999618530273,438811
2026-07-16 17:30:00,25.81999969482422,25.860000610351562,25.780000686645508,25.84000015258789,181040
2026-07-16 17:45:00,25.760000228881836,25.81999969482422,25.760000228881836,25.81999969482422,447819
2026-07-17 09:45:00,25.799999237060547,25.799999237060547,25.799999237060547,25.799999237060547,0
2026-07-17 10:00:00,25.559999465942383,26.100000381469727,25.5,25.81999969482422,493579
2026-07-17 10:15:00,25.360000610351562,25.579999923706055,25.360000610351562,25.579999923706055,262942
2026-07-17 10:30:00,25.260000228881836,25.420000076293945,25.260000228881836,25.399999618530273,260512
2026-07-17 10:45:00,25.31999969482422,25.3799991607666,25.18000030517578,25.260000228881836,247308
2026-07-17 11:00:00,25.260000228881836,25.360000610351562,25.219999313354492,25.34000015258789,69919
2026-07-17 11:15:00,25.3799991607666,25.440000534057617,25.239999771118164,25.239999771118164,125681
2026-07-17 11:30:00,25.399999618530273,25.440000534057617,25.34000015258789,25.360000610351562,113199
2026-07-17 11:45:00,25.459999084472656,25.5,25.399999618530273,25.399999618530273,120267
2026-07-17 12:00:00,25.31999969482422,25.479999542236328,25.299999237060547,25.459999084472656,149724
2026-07-17 12:15:00,25.260000228881836,25.34000015258789,25.219999313354492,25.31999969482422,135702
2026-07-17 12:30:00,25.299999237060547,25.299999237060547,25.15999984741211,25.239999771118164,158030
2026-07-17 12:45:00,25.239999771118164,25.31999969482422,25.219999313354492,25.299999237060547,104872
2026-07-17 13:00:00,25.219999313354492,25.239999771118164,25.200000762939453,25.239999771118164,58870
2026-07-17 13:15:00,25.239999771118164,25.299999237060547,25.200000762939453,25.200000762939453,55738
2026-07-17 13:30:00,25.260000228881836,25.280000686645508,25.219999313354492,25.260000228881836,98725
2026-07-17 13:45:00,25.280000686645508,25.31999969482422,25.260000228881836,25.280000686645508,40731
2026-07-17 14:00:00,25.260000228881836,25.299999237060547,25.219999313354492,25.260000228881836,26292
2026-07-17 14:15:00,25.200000762939453,25.239999771118164,25.15999984741211,25.239999771118164,50697
2026-07-17 14:30:00,25.200000762939453,25.239999771118164,25.15999984741211,25.200000762939453,29618
2026-07-17 14:45:00,25.260000228881836,25.260000228881836,25.18000030517578,25.200000762939453,65974
2026-07-17 15:00:00,25.200000762939453,25.260000228881836,25.200000762939453,25.260000228881836,132625
2026-07-17 15:15:00,25.0,25.200000762939453,24.959999084472656,25.200000762939453,224667
2026-07-17 15:30:00,25.059999465942383,25.079999923706055,24.979999542236328,25.020000457763672,186869
2026-07-17 15:45:00,25.0,25.079999923706055,24.940000534057617,25.059999465942383,199405
2026-07-17 16:00:00,25.0,25.059999465942383,24.959999084472656,25.020000457763672,152816
2026-07-17 16:15:00,24.959999084472656,25.020000457763672,24.899999618530273,24.959999084472656,318416
2026-07-17 16:30:00,24.959999084472656,25.020000457763672,24.940000534057617,24.959999084472656,115388
2026-07-17 16:45:00,25.020000457763672,25.059999465942383,24.959999084472656,24.959999084472656,133882
2026-07-17 17:00:00,24.860000610351562,25.040000915527344,24.81999969482422,25.040000915527344,391080
2026-07-17 17:15:00,24.940000534057617,24.940000534057617,24.780000686645508,24.84000015258789,477838
2026-07-17 17:30:00,24.899999618530273,24.959999084472656,24.860000610351562,24.940000534057617,249943
2026-07-17 17:45:00,24.8799991607666,24.979999542236328,24.739999771118164,24.920000076293945,414325
2026-07-20 09:45:00,24.799999237060547,24.799999237060547,24.799999237060547,24.799999237060547,0
2026-07-20 10:00:00,24.719999313354492,24.860000610351562,24.68000030517578,24.799999237060547,193495
2026-07-20 10:15:00,24.860000610351562,24.8799991607666,24.700000762939453,24.719999313354492,215381
2026-07-20 10:30:00,24.8799991607666,24.940000534057617,24.799999237060547,24.860000610351562,181192
2026-07-20 10:45:00,24.920000076293945,24.979999542236328,24.84000015258789,24.8799991607666,105598
2026-07-20 11:00:00,24.84000015258789,24.920000076293945,24.81999969482422,24.920000076293945,165418
2026-07-20 11:15:00,24.8799991607666,24.920000076293945,24.860000610351562,24.860000610351562,30611
2026-07-20 11:30:00,24.760000228881836,24.899999618530273,24.719999313354492,24.860000610351562,133292
2026-07-20 11:45:00,24.760000228881836,24.84000015258789,24.700000762939453,24.760000228881836,155335
2026-07-20 12:00:00,24.81999969482422,24.84000015258789,24.719999313354492,24.760000228881836,108867
2026-07-20 12:15:00,24.799999237060547,24.860000610351562,24.719999313354492,24.780000686645508,115964
2026-07-20 12:30:00,24.860000610351562,24.899999618530273,24.780000686645508,24.799999237060547,135179
2026-07-20 12:45:00,24.8799991607666,24.940000534057617,24.84000015258789,24.860000610351562,135352
2026-07-20 13:00:00,24.8799991607666,24.899999618530273,24.84000015258789,24.860000610351562,64215
2026-07-20 13:15:00,24.959999084472656,25.0,24.8799991607666,24.8799991607666,134183
2026-07-20 13:30:00,24.979999542236328,25.0,24.899999618530273,24.959999084472656,123488
2026-07-20 13:45:00,25.020000457763672,25.059999465942383,24.920000076293945,24.959999084472656,121631
2026-07-20 14:00:00,25.079999923706055,25.1200008392334,25.0,25.020000457763672,263778
2026-07-20 14:15:00,25.479999542236328,25.479999542236328,25.020000457763672,25.079999923706055,469875
2026-07-20 14:30:00,25.700000762939453,25.959999084472656,25.3799991607666,25.479999542236328,1552499
2026-07-20 14:45:00,25.360000610351562,25.700000762939453,25.079999923706055,25.700000762939453,844177
2026-07-20 15:00:00,25.579999923706055,25.600000381469727,25.31999969482422,25.3799991607666,288922
2026-07-20 15:15:00,25.479999542236328,25.6200008392334,25.399999618530273,25.579999923706055,274844
2026-07-20 15:30:00,25.420000076293945,25.579999923706055,25.420000076293945,25.479999542236328,99627
2026-07-20 15:45:00,25.360000610351562,25.440000534057617,25.299999237060547,25.440000534057617,170824
2026-07-20 16:00:00,25.459999084472656,25.559999465942383,25.31999969482422,25.360000610351562,217800
2026-07-20 16:15:00,25.360000610351562,25.520000457763672,25.34000015258789,25.479999542236328,212658
2026-07-20 16:30:00,25.34000015258789,25.440000534057617,25.280000686645508,25.360000610351562,286697
2026-07-20 16:45:00,25.200000762939453,25.34000015258789,25.200000762939453,25.34000015258789,361419
2026-07-20 17:00:00,25.239999771118164,25.280000686645508,25.200000762939453,25.219999313354492,100537
2026-07-20 17:15:00,25.200000762939453,25.260000228881836,25.200000762939453,25.260000228881836,65013
2026-07-20 17:30:00,25.139999389648438,25.200000762939453,25.1200008392334,25.200000762939453,227320
2026-07-20 17:45:00,25.15999984741211,25.200000762939453,25.100000381469727,25.1200008392334,210879
2026-07-21 09:45:00,25.34000015258789,25.34000015258789,25.34000015258789,25.34000015258789,0
2026-07-21 10:00:00,25.020000457763672,25.34000015258789,24.979999542236328,25.299999237060547,550105
2026-07-21 10:15:00,25.059999465942383,25.079999923706055,24.979999542236328,25.020000457763672,140283
2026-07-21 10:30:00,25.079999923706055,25.18000030517578,25.040000915527344,25.079999923706055,122199
2026-07-21 10:45:00,25.0,25.079999923706055,24.979999542236328,25.079999923706055,124188
2026-07-21 11:00:00,25.040000915527344,25.059999465942383,25.0,25.0,66649
2026-07-21 11:15:00,25.0,25.059999465942383,24.979999542236328,25.040000915527344,70532
2026-07-21 11:30:00,24.940000534057617,25.020000457763672,24.899999618530273,25.020000457763672,147374
2026-07-21 11:45:00,25.0,25.059999465942383,24.920000076293945,24.940000534057617,62347
2026-07-21 12:00:00,25.0,25.020000457763672,24.959999084472656,25.0,22217
2026-07-21 12:15:00,25.040000915527344,25.059999465942383,25.0,25.0,32353
2026-07-21 12:30:00,24.979999542236328,25.040000915527344,24.959999084472656,25.040000915527344,29927
2026-07-21 12:45:00,24.979999542236328,25.0,24.959999084472656,24.979999542236328,21173
2026-07-21 13:00:00,24.959999084472656,25.020000457763672,24.940000534057617,24.979999542236328,46366
2026-07-21 13:15:00,24.979999542236328,25.040000915527344,24.920000076293945,24.959999084472656,183529
2026-07-21 13:30:00,24.959999084472656,25.100000381469727,24.920000076293945,24.979999542236328,176333
2026-07-21 13:45:00,24.959999084472656,24.959999084472656,24.8799991607666,24.959999084472656,181005
2026-07-21 14:00:00,24.8799991607666,24.959999084472656,24.8799991607666,24.959999084472656,38872
2026-07-21 14:15:00,24.739999771118164,24.860000610351562,24.739999771118164,24.860000610351562,244715
2026-07-21 14:30:00,24.780000686645508,24.780000686645508,24.719999313354492,24.760000228881836,108468
2026-07-21 14:45:00,24.700000762939453,24.799999237060547,24.639999389648438,24.780000686645508,128668
2026-07-21 15:00:00,24.68000030517578,24.739999771118164,24.65999984741211,24.700000762939453,254396
2026-07-21 15:15:00,24.579999923706055,24.68000030517578,24.540000915527344,24.68000030517578,126774
2026-07-21 15:30:00,24.3799991607666,24.600000381469727,24.34000015258789,24.559999465942383,207346
2026-07-21 15:45:00,24.31999969482422,24.399999618530273,24.299999237060547,24.3799991607666,514773
2026-07-21 16:00:00,24.360000610351562,24.399999618530273,24.280000686645508,24.31999969482422,234970
2026-07-21 16:15:00,24.399999618530273,24.440000534057617,24.299999237060547,24.3799991607666,112275
2026-07-21 16:30:00,24.34000015258789,24.420000076293945,24.31999969482422,24.399999618530273,169506
2026-07-21 16:45:00,24.360000610351562,24.420000076293945,24.34000015258789,24.34000015258789,131056
2026-07-21 17:00:00,24.34000015258789,24.399999618530273,24.299999237060547,24.399999618530273,106959
2026-07-21 17:15:00,24.459999084472656,24.459999084472656,24.299999237060547,24.34000015258789,173772
2026-07-21 17:30:00,24.3799991607666,24.440000534057617,24.299999237060547,24.420000076293945,239206
2026-07-21 17:45:00,24.420000076293945,24.459999084472656,24.3799991607666,24.399999618530273,223617
2026-07-22 09:45:00,24.399999618530273,24.399999618530273,24.399999618530273,24.399999618530273,0
2026-07-22 10:00:00,24.579999923706055,24.6200008392334,24.399999618530273,24.420000076293945,374125
2026-07-22 10:15:00,24.579999923706055,24.6200008392334,24.520000457763672,24.579999923706055,215591
2026-07-22 10:30:00,24.479999542236328,24.559999465942383,24.440000534057617,24.559999465942383,174469
2026-07-22 10:45:00,24.65999984741211,24.739999771118164,24.479999542236328,24.5,236273
2026-07-22 11:00:00,24.600000381469727,24.68000030517578,24.579999923706055,24.65999984741211,154487
2026-07-22 11:15:00,24.65999984741211,24.65999984741211,24.5,24.600000381469727,125361
2026-07-22 11:30:00,24.600000381469727,24.81999969482422,24.600000381469727,24.639999389648438,260953
2026-07-22 11:45:00,24.579999923706055,24.6200008392334,24.579999923706055,24.6200008392334,68693
2026-07-22 12:00:00,24.65999984741211,24.68000030517578,24.579999923706055,24.579999923706055,71257
2026-07-22 12:15:00,24.559999465942383,24.65999984741211,24.540000915527344,24.65999984741211,46461
2026-07-22 12:30:00,24.579999923706055,24.600000381469727,24.479999542236328,24.559999465942383,161051
2026-07-22 12:45:00,24.559999465942383,24.600000381469727,24.5,24.559999465942383,73144
2026-07-22 13:00:00,24.6200008392334,24.639999389648438,24.540000915527344,24.559999465942383,36875
2026-07-22 13:15:00,24.600000381469727,24.639999389648438,24.540000915527344,24.600000381469727,35747
2026-07-22 13:30:00,24.5,24.600000381469727,24.479999542236328,24.600000381469727,151270
2026-07-22 13:45:00,24.520000457763672,24.559999465942383,24.5,24.520000457763672,44442
2026-07-22 14:00:00,24.5,24.540000915527344,24.479999542236328,24.5,16880
2026-07-22 14:15:00,24.520000457763672,24.540000915527344,24.479999542236328,24.5,26144
2026-07-22 14:30:00,24.479999542236328,24.540000915527344,24.479999542236328,24.520000457763672,104148
2026-07-22 14:45:00,24.440000534057617,24.479999542236328,24.399999618530273,24.479999542236328,168226
2026-07-22 15:00:00,24.5,24.5,24.420000076293945,24.459999084472656,53859
2026-07-22 15:15:00,24.479999542236328,24.5,24.440000534057617,24.5,71045
2026-07-22 15:30:00,24.520000457763672,24.559999465942383,24.479999542236328,24.479999542236328,53899
2026-07-22 15:45:00,24.520000457763672,24.520000457763672,24.459999084472656,24.520000457763672,65490
2026-07-22 16:00:00,24.5,24.540000915527344,24.479999542236328,24.5,55630
2026-07-22 16:15:00,24.68000030517578,24.700000762939453,24.5,24.520000457763672,143314
2026-07-22 16:30:00,24.68000030517578,24.739999771118164,24.600000381469727,24.65999984741211,171007
2026-07-22 16:45:00,24.719999313354492,24.799999237060547,24.65999984741211,24.719999313354492,158803
2026-07-22 17:00:00,24.899999618530273,24.959999084472656,24.700000762939453,24.700000762939453,364132
2026-07-22 17:15:00,24.700000762939453,24.8799991607666,24.700000762939453,24.8799991607666,186908
2026-07-22 17:30:00,24.68000030517578,24.760000228881836,24.639999389648438,24.700000762939453,157990
2026-07-22 17:45:00,24.65999984741211,24.719999313354492,24.600000381469727,24.68000030517578,360312
2026-07-23 09:45:00,24.579999923706055,24.579999923706055,24.579999923706055,24.579999923706055,0
2026-07-23 10:00:00,24.719999313354492,24.799999237060547,24.600000381469727,24.6200008392334,348252
2026-07-23 10:15:00,24.760000228881836,24.760000228881836,24.639999389648438,24.719999313354492,140858
2026-07-23 10:30:00,24.719999313354492,24.760000228881836,24.65999984741211,24.739999771118164,117159
2026-07-23 10:45:00,24.65999984741211,24.700000762939453,24.639999389648438,24.700000762939453,66728
2026-07-23 11:00:00,24.719999313354492,24.739999771118164,24.639999389648438,24.65999984741211,41593
2026-07-23 11:15:00,24.739999771118164,24.760000228881836,24.68000030517578,24.739999771118164,67207
2026-07-23 11:30:00,24.739999771118164,24.760000228881836,24.700000762939453,24.739999771118164,43703
2026-07-23 11:45:00,24.719999313354492,24.760000228881836,24.700000762939453,24.719999313354492,37950
2026-07-23 12:00:00,24.719999313354492,24.739999771118164,24.700000762939453,24.719999313354492,45212
2026-07-23 12:15:00,24.700000762939453,24.719999313354492,24.65999984741211,24.700000762939453,54990
2026-07-23 12:30:00,24.68000030517578,24.719999313354492,24.65999984741211,24.719999313354492,57129
2026-07-23 12:45:00,24.700000762939453,24.700000762939453,24.6200008392334,24.68000030517578,120148
2026-07-23 13:00:00,24.459999084472656,24.68000030517578,24.440000534057617,24.65999984741211,265916
2026-07-23 13:15:00,24.559999465942383,24.579999923706055,24.479999542236328,24.5,274096
2026-07-23 13:30:00,24.559999465942383,24.6200008392334,24.520000457763672,24.559999465942383,66243
2026-07-23 13:45:00,24.6200008392334,24.6200008392334,24.559999465942383,24.559999465942383,70233
2026-07-23 14:00:00,24.639999389648438,24.700000762939453,24.579999923706055,24.600000381469727,128883
2026-07-23 14:15:00,24.5,24.6200008392334,24.5,24.6200008392334,125225
2026-07-23 14:30:00,24.399999618530273,24.5,24.399999618530273,24.479999542236328,152684
2026-07-23 14:45:00,24.479999542236328,24.5,24.399999618530273,24.420000076293945,76210
2026-07-23 15:00:00,24.440000534057617,24.479999542236328,24.440000534057617,24.459999084472656,74970
2026-07-23 15:15:00,24.399999618530273,24.479999542236328,24.399999618530273,24.440000534057617,95920
2026-07-23 15:30:00,24.3799991607666,24.420000076293945,24.360000610351562,24.399999618530273,62033
2026-07-23 15:45:00,24.3799991607666,24.399999618530273,24.360000610351562,24.399999618530273,89899
2026-07-23 16:00:00,24.280000686645508,24.3799991607666,24.239999771118164,24.3799991607666,198792
2026-07-23 16:15:00,24.34000015258789,24.360000610351562,24.260000228881836,24.280000686645508,208674
2026-07-23 16:30:00,24.399999618530273,24.440000534057617,24.299999237060547,24.34000015258789,171744
2026-07-23 16:45:00,24.3799991607666,24.399999618530273,24.360000610351562,24.399999618530273,40359
2026-07-23 17:00:00,24.360000610351562,24.3799991607666,24.34000015258789,24.3799991607666,67773
2026-07-23 17:15:00,24.3799991607666,24.3799991607666,24.299999237060547,24.34000015258789,166048
2026-07-23 17:30:00,24.360000610351562,24.420000076293945,24.34000015258789,24.3799991607666,131793
2026-07-23 17:45:00,24.399999618530273,24.420000076293945,24.360000610351562,24.3799991607666,185858
2026-07-24 09:45:00,24.34000015258789,24.34000015258789,24.34000015258789,24.34000015258789,0
2026-07-24 10:00:00,24.459999084472656,24.5,24.34000015258789,24.34000015258789,154093
2026-07-24 10:15:00,24.520000457763672,24.559999465942383,24.420000076293945,24.440000534057617,100880
2026-07-24 10:30:00,24.479999542236328,24.559999465942383,24.459999084472656,24.540000915527344,131698
2026-07-24 10:45:00,24.360000610351562,24.5,24.360000610351562,24.479999542236328,136312
2026-07-24 11:00:00,24.360000610351562,24.440000534057617,24.31999969482422,24.34000015258789,34972
2026-07-24 11:15:00,24.360000610351562,24.3799991607666,24.299999237060547,24.360000610351562,62482
2026-07-24 11:30:00,24.360000610351562,24.3799991607666,24.34000015258789,24.360000610351562,51371
2026-07-24 11:45:00,24.31999969482422,24.3799991607666,24.280000686645508,24.360000610351562,111901
2026-07-24 12:00:00,24.3799991607666,24.420000076293945,24.299999237060547,24.31999969482422,97725
2026-07-24 12:15:00,24.34000015258789,24.420000076293945,24.31999969482422,24.399999618530273,94062
2026-07-24 12:30:00,24.280000686645508,24.31999969482422,24.200000762939453,24.31999969482422,94162
2026-07-24 12:45:00,24.239999771118164,24.280000686645508,24.200000762939453,24.280000686645508,100883
2026-07-24 13:00:00,24.260000228881836,24.260000228881836,24.219999313354492,24.239999771118164,29018
2026-07-24 13:15:00,24.260000228881836,24.299999237060547,24.239999771118164,24.260000228881836,47017
2026-07-24 13:30:00,24.260000228881836,24.280000686645508,24.200000762939453,24.280000686645508,62982
2026-07-24 13:45:00,24.239999771118164,24.280000686645508,24.18000030517578,24.260000228881836,30447
2026-07-24 14:00:00,24.239999771118164,24.260000228881836,24.219999313354492,24.239999771118164,23873
2026-07-24 14:15:00,24.239999771118164,24.239999771118164,24.219999313354492,24.239999771118164,49913
2026-07-24 14:30:00,24.239999771118164,24.260000228881836,24.219999313354492,24.239999771118164,53760
2026-07-24 14:45:00,24.360000610351562,24.360000610351562,24.219999313354492,24.239999771118164,147771
2026-07-24 15:00:00,25.079999923706055,25.139999389648438,24.31999969482422,24.360000610351562,1780079
2026-07-24 15:15:00,25.0,25.31999969482422,24.6200008392334,25.1200008392334,2412877
2026-07-24 15:30:00,24.799999237060547,25.18000030517578,24.760000228881836,25.040000915527344,759134
2026-07-24 15:45:00,24.579999923706055,24.81999969482422,24.540000915527344,24.780000686645508,700028
2026-07-24 16:00:00,24.479999542236328,24.559999465942383,24.31999969482422,24.559999465942383,588543
2026-07-24 16:15:00,24.15999984741211,24.479999542236328,24.100000381469727,24.479999542236328,872579
2026-07-24 16:30:00,24.420000076293945,24.420000076293945,24.139999389648438,24.15999984741211,336431
2026-07-24 16:45:00,24.31999969482422,24.420000076293945,24.280000686645508,24.399999618530273,110716
2026-07-24 17:00:00,24.360000610351562,24.3799991607666,24.299999237060547,24.31999969482422,147332
2026-07-24 17:15:00,24.34000015258789,24.399999618530273,24.31999969482422,24.360000610351562,210586
2026-07-24 17:30:00,24.360000610351562,24.420000076293945,24.299999237060547,24.34000015258789,294026
2026-07-24 17:45:00,24.479999542236328,24.5,24.360000610351562,24.3799991607666,311534
2026-07-27 09:45:00,24.579999923706055,24.579999923706055,24.579999923706055,24.579999923706055,0
2026-07-27 10:00:00,24.600000381469727,24.719999313354492,24.540000915527344,24.579999923706055,382102
2026-07-27 10:15:00,24.520000457763672,24.600000381469727,24.479999542236328,24.600000381469727,211859
2026-07-27 10:30:00,24.399999618530273,24.520000457763672,24.360000610351562,24.5,181235
2026-07-27 10:45:00,24.260000228881836,24.440000534057617,23.459999084472656,24.3799991607666,973944
2026-07-27 11:00:00,24.299999237060547,24.31999969482422,24.219999313354492,24.260000228881836,172040
2026-07-27 11:15:00,24.34000015258789,24.34000015258789,24.280000686645508,24.299999237060547,55125
2026-07-27 11:30:00,24.299999237060547,24.360000610351562,24.280000686645508,24.34000015258789,84087
2026-07-27 11:45:00,24.280000686645508,24.31999969482422,24.239999771118164,24.299999237060547,92342
2026-07-27 12:00:00,24.260000228881836,24.280000686645508,24.219999313354492,24.280000686645508,104416
2026-07-27 12:15:00,24.239999771118164,24.280000686645508,24.219999313354492,24.260000228881836,40870
2026-07-27 12:30:00,24.18000030517578,24.239999771118164,24.18000030517578,24.219999313354492,73567
2026-07-27 12:45:00,24.200000762939453,24.239999771118164,24.18000030517578,24.200000762939453,50372
2026-07-27 13:00:00,24.18000030517578,24.239999771118164,24.1200008392334,24.219999313354492,210308
2026-07-27 13:15:00,24.139999389648438,24.200000762939453,24.1200008392334,24.200000762939453,112454
2026-07-27 13:30:00,24.139999389648438,24.18000030517578,24.1200008392334,24.139999389648438,73508
2026-07-27 13:45:00,24.100000381469727,24.139999389648438,24.040000915527344,24.1200008392334,131886
2026-07-27 14:00:00,24.059999465942383,24.1200008392334,24.040000915527344,24.100000381469727,32820
2026-07-27 14:15:00,23.979999542236328,24.059999465942383,23.860000610351562,24.059999465942383,378931
2026-07-27 14:30:00,24.0,24.020000457763672,23.959999084472656,24.0,115076
2026-07-27 14:45:00,23.979999542236328,24.0,23.959999084472656,23.979999542236328,42245
2026-07-27 15:00:00,23.920000076293945,23.979999542236328,23.899999618530273,23.959999084472656,92645
2026-07-27 15:15:00,23.940000534057617,23.959999084472656,23.899999618530273,23.899999618530273,159728
2026-07-27 15:30:00,24.040000915527344,24.079999923706055,23.940000534057617,23.940000534057617,191128
2026-07-27 15:45:00,24.040000915527344,24.059999465942383,23.979999542236328,24.040000915527344,77239
2026-07-27 16:00:00,24.0,24.0,23.860000610351562,24.0,167373
2026-07-27 16:15:00,23.899999618530273,24.0,23.8799991607666,24.0,145512
2026-07-27 16:30:00,23.8799991607666,23.920000076293945,23.84000015258789,23.899999618530273,161592
2026-07-27 16:45:00,23.8799991607666,23.920000076293945,23.860000610351562,23.899999618530273,52340
2026-07-27 17:00:00,23.860000610351562,23.920000076293945,23.799999237060547,23.899999618530273,213891
2026-07-27 17:15:00,23.84000015258789,23.940000534057617,23.81999969482422,23.860000610351562,145726
2026-07-27 17:30:00,23.860000610351562,23.860000610351562,23.799999237060547,23.84000015258789,83563
2026-07-27 17:45:00,23.8799991607666,23.899999618530273,23.84000015258789,23.860000610351562,190984
2026-07-28 09:45:00,24.059999465942383,24.059999465942383,24.059999465942383,24.059999465942383,0
2026-07-28 10:00:00,24.479999542236328,24.81999969482422,23.959999084472656,24.040000915527344,3093468
2026-07-28 10:15:00,24.540000915527344,24.8799991607666,24.399999618530273,24.479999542236328,2715859
2026-07-28 10:30:00,25.0,25.959999084472656,24.540000915527344,24.559999465942383,3698006
2026-07-28 10:45:00,24.65999984741211,25.059999465942383,24.639999389648438,25.0,2117841
2026-07-28 11:00:00,24.940000534057617,24.940000534057617,24.579999923706055,24.65999984741211,1203269
2026-07-28 11:15:00,24.959999084472656,25.260000228881836,24.920000076293945,24.920000076293945,1029674
2026-07-28 11:30:00,24.959999084472656,25.040000915527344,24.81999969482422,24.959999084472656,551141
2026-07-28 11:45:00,25.059999465942383,25.219999313354492,24.719999313354492,24.940000534057617,1203615
2026-07-28 12:00:00,24.899999618530273,25.239999771118164,24.8799991607666,25.059999465942383,872630
2026-07-28 12:15:00,24.959999084472656,24.979999542236328,24.860000610351562,24.940000534057617,273537
2026-07-28 12:30:00,24.979999542236328,25.040000915527344,24.920000076293945,24.979999542236328,320755
2026-07-28 12:45:00,24.899999618530273,25.040000915527344,24.8799991607666,25.0,277336
2026-07-28 13:00:00,24.739999771118164,24.920000076293945,24.700000762939453,24.920000076293945,349753
2026-07-28 13:15:00,24.68000030517578,24.799999237060547,24.6200008392334,24.719999313354492,478502
2026-07-28 13:30:00,24.639999389648438,24.700000762939453,24.600000381469727,24.68000030517578,260462
2026-07-28 13:45:00,24.600000381469727,24.639999389648438,24.559999465942383,24.639999389648438,251340
2026-07-28 14:00:00,24.459999084472656,24.6200008392334,24.420000076293945,24.600000381469727,290972
2026-07-28 14:15:00,24.559999465942383,24.700000762939453,24.440000534057617,24.459999084472656,400946
2026-07-28 14:30:00,24.540000915527344,24.600000381469727,24.440000534057617,24.559999465942383,294817
2026-07-28 14:45:00,24.579999923706055,24.639999389648438,24.479999542236328,24.5,549896
2026-07-28 15:00:00,24.360000610351562,24.639999389648438,24.360000610351562,24.579999923706055,639391
2026-07-28 15:15:00,24.280000686645508,24.3799991607666,24.18000030517578,24.3799991607666,513523
2026-07-28 15:30:00,24.15999984741211,24.31999969482422,24.1200008392334,24.280000686645508,389027
2026-07-28 15:45:00,24.260000228881836,24.3799991607666,24.100000381469727,24.15999984741211,238697
2026-07-28 16:00:00,24.280000686645508,24.299999237060547,24.219999313354492,24.280000686645508,100661
2026-07-28 16:15:00,24.260000228881836,24.34000015258789,24.200000762939453,24.280000686645508,260410
2026-07-28 16:30:00,24.260000228881836,24.360000610351562,24.18000030517578,24.260000228881836,377289
2026-07-28 16:45:00,24.200000762939453,24.280000686645508,24.1200008392334,24.219999313354492,436550
2026-07-28 17:00:00,24.260000228881836,24.34000015258789,24.200000762939453,24.200000762939453,233101
2026-07-28 17:15:00,24.260000228881836,24.3799991607666,24.239999771118164,24.280000686645508,240503
2026-07-28 17:30:00,24.219999313354492,24.280000686645508,24.15999984741211,24.239999771118164,172933
2026-07-28 17:45:00,24.239999771118164,24.280000686645508,24.1200008392334,24.219999313354492,441090
2026-07-29 09:45:00,24.239999771118164,24.239999771118164,24.239999771118164,24.239999771118164,0
2026-07-29 10:00:00,24.579999923706055,24.940000534057617,24.260000228881836,24.260000228881836,1808136
2026-07-29 10:15:00,24.280000686645508,24.6200008392334,24.260000228881836,24.559999465942383,844184
2026-07-29 10:30:00,24.299999237060547,24.399999618530273,24.15999984741211,24.280000686645508,412694
2026-07-29 10:45:00,24.299999237060547,24.34000015258789,24.15999984741211,24.31999969482422,459558
2026-07-29 11:00:00,24.239999771118164,24.420000076293945,24.219999313354492,24.299999237060547,338677
2026-07-29 11:15:00,24.260000228881836,24.31999969482422,24.15999984741211,24.239999771118164,358518
2026-07-29 11:30:00,24.15999984741211,24.3799991607666,24.1200008392334,24.280000686645508,356467
2026-07-29 11:45:00,24.079999923706055,24.18000030517578,23.8799991607666,24.15999984741211,284549
2026-07-29 12:00:00,24.100000381469727,24.100000381469727,24.0,24.059999465942383,148917
2026-07-29 12:15:00,24.0,24.100000381469727,23.959999084472656,24.059999465942383,109624
2026-07-29 12:30:00,24.100000381469727,24.100000381469727,24.0,24.020000457763672,64025
2026-07-29 12:45:00,24.020000457763672,24.100000381469727,23.940000534057617,24.100000381469727,187951
2026-07-29 13:00:00,24.020000457763672,24.020000457763672,23.860000610351562,24.020000457763672,116185
2026-07-29 13:15:00,23.959999084472656,24.040000915527344,23.899999618530273,24.020000457763672,70523
2026-07-29 13:30:00,24.020000457763672,24.040000915527344,23.920000076293945,23.959999084472656,64794
2026-07-29 13:45:00,23.979999542236328,24.040000915527344,23.940000534057617,24.020000457763672,45325
2026-07-29 14:00:00,23.979999542236328,24.0,23.920000076293945,23.959999084472656,65521
2026-07-29 14:15:00,23.920000076293945,24.059999465942383,23.899999618530273,23.979999542236328,180072
2026-07-29 14:30:00,23.959999084472656,24.18000030517578,23.899999618530273,23.920000076293945,471571
2026-07-29 14:45:00,23.979999542236328,24.059999465942383,23.959999084472656,23.959999084472656,98964
2026-07-29 15:00:00,24.0,24.0,23.920000076293945,23.979999542236328,73984
2026-07-29 15:15:00,23.920000076293945,24.0,23.860000610351562,24.0,222115
2026-07-29 15:30:00,24.100000381469727,24.139999389648438,23.899999618530273,23.920000076293945,313194
2026-07-29 15:45:00,24.020000457763672,24.15999984741211,24.0,24.079999923706055,200897
2026-07-29 16:00:00,23.979999542236328,24.040000915527344,23.940000534057617,24.020000457763672,164860
2026-07-29 16:15:00,23.959999084472656,23.979999542236328,23.920000076293945,23.979999542236328,40953
2026-07-29 16:30:00,23.860000610351562,23.940000534057617,23.81999969482422,23.940000534057617,283515
2026-07-29 16:45:00,23.8799991607666,23.959999084472656,23.799999237060547,23.860000610351562,376824
2026-07-29 17:00:00,23.65999984741211,23.8799991607666,23.65999984741211,23.8799991607666,311445
2026-07-29 17:15:00,23.799999237060547,23.81999969482422,23.65999984741211,23.68000030517578,190223
2026-07-29 17:30:00,23.8799991607666,23.899999618530273,23.780000686645508,23.780000686645508,339986
2026-07-29 17:45:00,23.920000076293945,23.940000534057617,23.600000381469727,23.8799991607666,807558
2026-07-30 09:45:00,23.899999618530273,23.899999618530273,23.899999618530273,23.899999618530273,0
2026-07-30 10:00:00,23.81999969482422,24.299999237060547,23.780000686645508,23.899999618530273,466240
2026-07-30 10:15:00,23.799999237060547,23.8799991607666,23.780000686645508,23.81999969482422,196118
2026-07-30 10:30:00,23.81999969482422,23.860000610351562,23.68000030517578,23.799999237060547,272681
2026-07-30 10:45:00,23.780000686645508,23.8799991607666,23.780000686645508,23.799999237060547,369414
2026-07-30 11:00:00,23.780000686645508,23.81999969482422,23.760000228881836,23.760000228881836,83621
2026-07-30 11:15:00,23.780000686645508,23.84000015258789,23.719999313354492,23.780000686645508,85865
2026-07-30 11:30:00,23.799999237060547,23.84000015258789,23.760000228881836,23.780000686645508,92048
2026-07-30 11:45:00,23.81999969482422,23.860000610351562,23.799999237060547,23.799999237060547,109372
2026-07-30 12:00:00,23.920000076293945,23.920000076293945,23.799999237060547,23.81999969482422,212688
2026-07-30 12:15:00,23.920000076293945,23.959999084472656,23.8799991607666,23.899999618530273,130941
2026-07-30 12:30:00,23.940000534057617,23.959999084472656,23.860000610351562,23.920000076293945,135761
2026-07-30 12:45:00,23.920000076293945,23.959999084472656,23.920000076293945,23.940000534057617,52230
2026-07-30 13:00:00,23.899999618530273,23.920000076293945,23.860000610351562,23.920000076293945,109814
2026-07-30 13:15:00,23.920000076293945,23.920000076293945,23.860000610351562,23.860000610351562,73423
2026-07-30 13:30:00,23.920000076293945,23.959999084472656,23.899999618530273,23.899999618530273,145418
2026-07-30 13:45:00,23.700000762939453,23.920000076293945,23.700000762939453,23.920000076293945,291630
2026-07-30 14:00:00,23.6200008392334,23.760000228881836,23.6200008392334,23.700000762939453,170687
2026-07-30 14:15:00,23.6200008392334,23.639999389648438,23.559999465942383,23.600000381469727,214413
2026-07-30 14:30:00,23.6200008392334,23.639999389648438,23.579999923706055,23.6200008392334,78218
2026-07-30 14:45:00,23.360000610351562,23.6200008392334,23.34000015258789,23.6200008392334,275787
2026-07-30 15:00:00,23.260000228881836,23.420000076293945,23.200000762939453,23.360000610351562,444866
2026-07-30 15:15:00,23.239999771118164,23.280000686645508,23.15999984741211,23.260000228881836,360205
2026-07-30 15:30:00,23.219999313354492,23.260000228881836,23.18000030517578,23.239999771118164,172483
2026-07-30 15:45:00,23.139999389648438,23.260000228881836,23.100000381469727,23.219999313354492,268746
2026-07-30 16:00:00,23.1200008392334,23.260000228881836,23.079999923706055,23.139999389648438,437436
2026-07-30 16:15:00,23.079999923706055,23.15999984741211,23.059999465942383,23.1200008392334,210850
2026-07-30 16:30:00,23.1200008392334,23.1200008392334,23.0,23.079999923706055,140990
2026-07-30 16:45:00,23.100000381469727,23.200000762939453,23.059999465942383,23.100000381469727,314644
2026-07-30 17:00:00,23.1200008392334,23.219999313354492,23.059999465942383,23.079999923706055,438942
2026-07-30 17:15:00,23.1200008392334,23.15999984741211,23.059999465942383,23.1200008392334,228629
2026-07-30 17:30:00,23.1200008392334,23.15999984741211,23.100000381469727,23.1200008392334,209496
2026-07-30 17:45:00,23.1200008392334,23.139999389648438,23.040000915527344,23.1200008392334,336806
2026-07-31 09:45:00,23.200000762939453,23.200000762939453,23.200000762939453,23.200000762939453,0
2026-07-31 10:00:00,23.219999313354492,23.239999771118164,23.040000915527344,23.219999313354492,743436
2026-07-31 10:15:00,23.059999465942383,23.219999313354492,23.020000457763672,23.219999313354492,478890
2026-07-31 10:30:00,23.059999465942383,23.139999389648438,23.040000915527344,23.059999465942383,449751
2026-07-31 10:45:00,22.979999542236328,23.100000381469727,22.940000534057617,23.079999923706055,284447
2026-07-31 11:00:00,22.920000076293945,23.040000915527344,22.899999618530273,22.979999542236328,259491
2026-07-31 11:15:00,22.84000015258789,22.920000076293945,22.799999237060547,22.920000076293945,267364
2026-07-31 11:30:00,22.760000228881836,22.860000610351562,22.760000228881836,22.84000015258789,238640
2026-07-31 11:45:00,22.639999389648438,22.780000686645508,22.6200008392334,22.780000686645508,206990
2026-07-31 12:00:00,22.68000030517578,22.68000030517578,22.559999465942383,22.639999389648438,242695
2026-07-31 12:15:00,22.579999923706055,22.68000030517578,22.540000915527344,22.68000030517578,231832
2026-07-31 12:30:00,22.520000457763672,22.600000381469727,22.440000534057617,22.579999923706055,747911
2026-07-31 12:45:00,22.440000534057617,22.520000457763672,22.399999618530273,22.5,183273
2026-07-31 13:00:00,22.420000076293945,22.479999542236328,22.280000686645508,22.420000076293945,424454
2026-07-31 13:15:00,22.479999542236328,22.5,22.399999618530273,22.420000076293945,331711
2026-07-31 13:30:00,22.459999084472656,22.520000457763672,22.420000076293945,22.459999084472656,171606
2026-07-31 13:45:00,22.440000534057617,22.5,22.420000076293945,22.479999542236328,139621
2026-07-31 14:00:00,22.420000076293945,22.459999084472656,22.1200008392334,22.420000076293945,312511
2026-07-31 14:15:00,22.3799991607666,22.420000076293945,22.31999969482422,22.420000076293945,166771
2026-07-31 14:30:00,22.31999969482422,22.3799991607666,22.299999237060547,22.3799991607666,180883
2026-07-31 14:45:00,22.260000228881836,22.31999969482422,22.219999313354492,22.299999237060547,233934
2026-07-31 15:00:00,22.200000762939453,22.280000686645508,22.18000030517578,22.260000228881836,201945
2026-07-31 15:15:00,22.1200008392334,22.219999313354492,22.079999923706055,22.18000030517578,315839
2026-07-31 15:30:00,22.280000686645508,22.34000015258789,22.100000381469727,22.100000381469727,409430
2026-07-31 15:45:00,22.3799991607666,22.3799991607666,22.219999313354492,22.280000686645508,297656
2026-07-31 16:00:00,22.600000381469727,22.6200008392334,22.3799991607666,22.3799991607666,549908
2026-07-31 16:15:00,22.780000686645508,22.780000686645508,22.579999923706055,22.600000381469727,442843
2026-07-31 16:30:00,22.600000381469727,22.799999237060547,22.479999542236328,22.780000686645508,642544
2026-07-31 16:45:00,22.65999984741211,22.65999984741211,22.559999465942383,22.579999923706055,124523
2026-07-31 17:00:00,22.5,22.65999984741211,22.479999542236328,22.65999984741211,316546
2026-07-31 17:15:00,22.479999542236328,22.639999389648438,22.440000534057617,22.6200008392334,213996
2026-07-31 17:45:00,22.459999084472656,22.5,22.459999084472656,22.479999542236328,49125
2026-08-03 09:45:00,22.860000610351562,22.860000610351562,22.860000610351562,22.860000610351562,0
2026-08-03 10:00:00,22.84000015258789,23.020000457763672,22.760000228881836,22.860000610351562,943712
2026-08-03 10:15:00,22.719999313354492,22.81999969482422,22.639999389648438,22.799999237060547,350057
2026-08-03 10:30:00,22.780000686645508,22.81999969482422,22.719999313354492,22.739999771118164,198531
2026-08-03 10:45:00,22.799999237060547,22.84000015258789,22.700000762939453,22.760000228881836,116749
2026-08-03 11:00:00,22.780000686645508,22.81999969482422,22.739999771118164,22.799999237060547,69609
2026-08-03 11:15:00,22.780000686645508,22.799999237060547,22.719999313354492,22.799999237060547,90897
2026-08-03 11:30:00,22.84000015258789,22.8799991607666,22.780000686645508,22.780000686645508,146292
2026-08-03 11:45:00,22.780000686645508,22.860000610351562,22.719999313354492,22.84000015258789,58480
2026-08-03 12:00:00,23.219999313354492,23.540000915527344,22.760000228881836,22.760000228881836,880392
2026-08-03 12:15:00,23.059999465942383,23.200000762939453,23.040000915527344,23.200000762939453,302391
2026-08-03 12:30:00,22.979999542236328,23.079999923706055,22.979999542236328,23.059999465942383,119372
2026-08-03 12:45:00,22.940000534057617,23.0,22.920000076293945,23.0,97167
2026-08-03 13:00:00,22.899999618530273,22.959999084472656,22.84000015258789,22.959999084472656,118538
2026-08-03 13:15:00,22.920000076293945,22.920000076293945,22.8799991607666,22.899999618530273,64248
2026-08-03 13:30:00,22.899999618530273,22.920000076293945,22.8799991607666,22.899999618530273,32559
2026-08-03 13:45:00,22.920000076293945,22.940000534057617,22.8799991607666,22.899999618530273,64572
2026-08-03 14:00:00,22.860000610351562,22.940000534057617,22.81999969482422,22.920000076293945,126646
2026-08-03 14:15:00,22.799999237060547,22.8799991607666,22.799999237060547,22.860000610351562,110481
2026-08-03 14:30:00,22.739999771118164,22.8799991607666,22.739999771118164,22.84000015258789,121597
2026-08-03 14:45:00,22.739999771118164,22.780000686645508,22.739999771118164,22.760000228881836,45775
2026-08-03 15:00:00,22.68000030517578,22.760000228881836,22.68000030517578,22.739999771118164,136503
2026-08-03 15:15:00,22.600000381469727,22.719999313354492,22.579999923706055,22.68000030517578,134818
2026-08-03 15:30:00,22.65999984741211,22.68000030517578,22.579999923706055,22.600000381469727,170073
2026-08-03 15:45:00,22.639999389648438,22.68000030517578,22.600000381469727,22.68000030517578,64555
2026-08-03 16:00:00,22.6200008392334,22.68000030517578,22.579999923706055,22.65999984741211,340932
2026-08-03 16:15:00,22.6200008392334,22.68000030517578,22.6200008392334,22.6200008392334,46983
2026-08-03 16:30:00,22.6200008392334,22.639999389648438,22.579999923706055,22.639999389648438,71761
2026-08-03 16:45:00,22.6200008392334,22.68000030517578,22.600000381469727,22.6200008392334,75463
2026-08-03 17:00:00,22.719999313354492,22.719999313354492,22.6200008392334,22.639999389648438,79315
2026-08-03 17:15:00,22.719999313354492,22.760000228881836,22.65999984741211,22.700000762939453,141916
2026-08-03 17:30:00,22.65999984741211,22.719999313354492,22.65999984741211,22.719999313354492,141169
2026-08-03 17:45:00,22.600000381469727,22.700000762939453,22.600000381469727,22.65999984741211,249850
2026-08-04 09:45:00,22.600000381469727,22.600000381469727,22.600000381469727,22.600000381469727,0
2026-08-04 10:00:00,22.6200008392334,22.68000030517578,22.559999465942383,22.6200008392334,427177
2026-08-04 10:15:00,22.600000381469727,22.65999984741211,22.559999465942383,22.639999389648438,379467
2026-08-04 10:30:00,22.639999389648438,22.65999984741211,22.579999923706055,22.600000381469727,92887
2026-08-04 10:45:00,22.700000762939453,22.700000762939453,22.639999389648438,22.65999984741211,97551
2026-08-04 11:00:00,22.700000762939453,22.719999313354492,22.65999984741211,22.700000762939453,106458
2026-08-04 11:15:00,22.760000228881836,22.780000686645508,22.68000030517578,22.700000762939453,101276
2026-08-04 11:30:00,22.700000762939453,22.780000686645508,22.700000762939453,22.739999771118164,125825
2026-08-04 11:45:00,22.700000762939453,22.760000228881836,22.700000762939453,22.719999313354492,53419
2026-08-04 12:00:00,22.739999771118164,22.739999771118164,22.65999984741211,22.700000762939453,73444
2026-08-04 12:15:00,22.739999771118164,22.799999237060547,22.719999313354492,22.739999771118164,148925
2026-08-04 12:30:00,22.760000228881836,22.760000228881836,22.719999313354492,22.739999771118164,27391
2026-08-04 12:45:00,22.700000762939453,22.760000228881836,22.68000030517578,22.760000228881836,50383
2026-08-04 13:00:00,22.65999984741211,22.719999313354492,22.65999984741211,22.719999313354492,34987
2026-08-04 13:15:00,22.68000030517578,22.700000762939453,22.639999389648438,22.68000030517578,54359
2026-08-04 13:30:00,22.739999771118164,22.780000686645508,22.65999984741211,22.68000030517578,106511
2026-08-04 13:45:00,22.84000015258789,22.860000610351562,22.719999313354492,22.739999771118164,137456
2026-08-04 14:00:00,22.780000686645508,22.84000015258789,22.780000686645508,22.84000015258789,90047
2026-08-04 14:15:00,22.81999969482422,22.81999969482422,22.780000686645508,22.780000686645508,38987
2026-08-04 14:30:00,22.84000015258789,22.84000015258789,22.780000686645508,22.81999969482422,91172
2026-08-04 14:45:00,22.920000076293945,22.920000076293945,22.81999969482422,22.84000015258789,132411
2026-08-04 15:00:00,22.84000015258789,22.959999084472656,22.780000686645508,22.920000076293945,175649
2026-08-04 15:15:00,22.8799991607666,22.959999084472656,22.799999237060547,22.84000015258789,182018
2026-08-04 15:30:00,23.0,23.1200008392334,22.860000610351562,22.860000610351562,430605
2026-08-04 15:45:00,22.959999084472656,23.040000915527344,22.899999618530273,23.0,434167
2026-08-04 16:00:00,22.8799991607666,22.940000534057617,22.84000015258789,22.940000534057617,153074
2026-08-04 16:15:00,22.959999084472656,22.959999084472656,22.84000015258789,22.8799991607666,163680
2026-08-04 16:30:00,22.940000534057617,22.979999542236328,22.940000534057617,22.940000534057617,62932
2026-08-04 16:45:00,22.899999618530273,22.940000534057617,22.899999618530273,22.940000534057617,32337
2026-08-04 17:00:00,22.940000534057617,22.979999542236328,22.899999618530273,22.899999618530273,39395
2026-08-04 17:15:00,22.940000534057617,22.979999542236328,22.920000076293945,22.940000534057617,60122
2026-08-04 17:30:00,22.920000076293945,22.959999084472656,22.8799991607666,22.959999084472656,171078
2026-08-04 17:45:00,22.899999618530273,22.940000534057617,22.860000610351562,22.920000076293945,279743
2026-08-05 09:45:00,22.81999969482422,22.81999969482422,22.81999969482422,22.81999969482422,0
2026-08-05 10:00:00,22.959999084472656,23.0,22.84000015258789,22.860000610351562,275526
2026-08-05 10:15:00,22.899999618530273,22.959999084472656,22.899999618530273,22.940000534057617,95054
2026-08-05 10:30:00,22.940000534057617,22.979999542236328,22.8799991607666,22.920000076293945,65878
2026-08-05 10:45:00,22.940000534057617,22.940000534057617,22.899999618530273,22.920000076293945,76440
2026-08-05 11:00:00,22.959999084472656,22.979999542236328,22.940000534057617,22.940000534057617,115212
2026-08-05 11:15:00,22.940000534057617,22.959999084472656,22.920000076293945,22.959999084472656,57827
2026-08-05 11:30:00,22.899999618530273,22.959999084472656,22.899999618530273,22.940000534057617,88151
2026-08-05 11:45:00,22.899999618530273,22.940000534057617,22.8799991607666,22.899999618530273,59840
2026-08-05 12:00:00,22.899999618530273,22.920000076293945,22.8799991607666,22.899999618530273,49069
2026-08-05 12:15:00,22.760000228881836,22.899999618530273,22.739999771118164,22.8799991607666,244643
2026-08-05 12:30:00,22.700000762939453,22.780000686645508,22.68000030517578,22.760000228881836,270265
2026-08-05 12:45:00,22.559999465942383,22.719999313354492,22.520000457763672,22.719999313354492,274527
2026-08-05 13:00:00,22.559999465942383,22.6200008392334,22.5,22.559999465942383,292123
2026-08-05 13:15:00,22.579999923706055,22.639999389648438,22.5,22.559999465942383,242697
2026-08-05 13:30:00,22.579999923706055,22.579999923706055,22.540000915527344,22.559999465942383,80833
2026-08-05 13:45:00,22.579999923706055,22.579999923706055,22.559999465942383,22.579999923706055,17022
2026-08-05 14:00:00,22.579999923706055,22.600000381469727,22.559999465942383,22.579999923706055,37773
2026-08-05 14:15:00,22.579999923706055,22.6200008392334,22.559999465942383,22.579999923706055,118104
2026-08-05 14:30:00,22.600000381469727,22.6200008392334,22.559999465942383,22.579999923706055,125942
2026-08-05 14:45:00,22.579999923706055,22.600000381469727,22.559999465942383,22.600000381469727,57487
2026-08-05 15:00:00,22.639999389648438,22.639999389648438,22.559999465942383,22.579999923706055,100383
2026-08-05 15:15:00,22.68000030517578,22.68000030517578,22.600000381469727,22.639999389648438,68035
2026-08-05 15:30:00,22.81999969482422,23.040000915527344,22.68000030517578,22.700000762939453,600932
2026-08-05 15:45:00,22.81999969482422,22.84000015258789,22.6200008392334,22.81999969482422,153963
2026-08-05 16:00:00,22.84000015258789,22.899999618530273,22.780000686645508,22.799999237060547,130170
2026-08-05 16:15:00,22.81999969482422,22.84000015258789,22.780000686645508,22.84000015258789,59856
2026-08-05 16:30:00,22.81999969482422,22.860000610351562,22.760000228881836,22.81999969482422,28629
2026-08-05 16:45:00,22.799999237060547,22.81999969482422,22.739999771118164,22.799999237060547,87166
2026-08-05 17:00:00,22.920000076293945,22.959999084472656,22.780000686645508,22.799999237060547,143978
2026-08-05 17:15:00,22.8799991607666,22.920000076293945,22.84000015258789,22.899999618530273,65567
2026-08-05 17:30:00,22.899999618530273,22.920000076293945,22.799999237060547,22.8799991607666,222847
2026-08-05 17:45:00,22.920000076293945,22.920000076293945,22.84000015258789,22.899999618530273,252557
2026-08-06 09:45:00,22.860000610351562,22.860000610351562,22.860000610351562,22.860000610351562,0
2026-08-06 10:00:00,22.959999084472656,23.100000381469727,22.8799991607666,22.8799991607666,687834
2026-08-06 10:15:00,22.920000076293945,23.020000457763672,22.920000076293945,22.959999084472656,57193
2026-08-06 10:30:00,22.8799991607666,22.959999084472656,22.860000610351562,22.920000076293945,58199
2026-08-06 10:45:00,22.860000610351562,22.920000076293945,22.799999237060547,22.8799991607666,166798
2026-08-06 11:00:00,22.860000610351562,22.8799991607666,22.860000610351562,22.860000610351562,32597
2026-08-06 11:15:00,22.959999084472656,22.959999084472656,22.860000610351562,22.860000610351562,34446
2026-08-06 11:30:00,22.940000534057617,22.979999542236328,22.920000076293945,22.940000534057617,30051
2026-08-06 11:45:00,22.899999618530273,22.940000534057617,22.860000610351562,22.940000534057617,63111
2026-08-06 12:00:00,22.899999618530273,22.959999084472656,22.860000610351562,22.8799991607666,179441
2026-08-06 12:15:00,22.940000534057617,23.0,22.940000534057617,22.940000534057617,132410
2026-08-06 12:30:00,22.920000076293945,22.959999084472656,22.920000076293945,22.940000534057617,38620
2026-08-06 12:45:00,22.959999084472656,22.979999542236328,22.920000076293945,22.920000076293945,15718
2026-08-06 13:00:00,22.940000534057617,22.979999542236328,22.940000534057617,22.959999084472656,42692
2026-08-06 13:15:00,22.899999618530273,22.940000534057617,22.799999237060547,22.940000534057617,53764
2026-08-06 13:30:00,22.860000610351562,22.920000076293945,22.860000610351562,22.920000076293945,36815
2026-08-06 13:45:00,22.8799991607666,22.8799991607666,22.84000015258789,22.8799991607666,43206
2026-08-06 14:00:00,22.860000610351562,22.8799991607666,22.81999969482422,22.8799991607666,39159
2026-08-06 14:15:00,22.860000610351562,22.899999618530273,22.799999237060547,22.860000610351562,22812
2026-08-06 14:30:00,22.899999618530273,22.899999618530273,22.81999969482422,22.860000610351562,31155
2026-08-06 14:45:00,22.860000610351562,22.899999618530273,22.84000015258789,22.899999618530273,31286
2026-08-06 15:00:00,22.81999969482422,22.8799991607666,22.799999237060547,22.860000610351562,42212
2026-08-06 15:15:00,22.899999618530273,22.940000534057617,22.799999237060547,22.799999237060547,101879
2026-08-06 15:30:00,22.899999618530273,22.979999542236328,22.8799991607666,22.899999618530273,25061
2026-08-06 15:45:00,22.799999237060547,22.899999618530273,22.799999237060547,22.899999618530273,107484
2026-08-06 16:00:00,22.719999313354492,22.799999237060547,22.719999313354492,22.799999237060547,117148
2026-08-06 16:15:00,22.780000686645508,22.780000686645508,22.719999313354492,22.739999771118164,40817
2026-08-06 16:30:00,22.780000686645508,22.799999237060547,22.760000228881836,22.780000686645508,20505
2026-08-06 16:45:00,22.780000686645508,22.81999969482422,22.760000228881836,22.780000686645508,48245
2026-08-06 17:00:00,22.719999313354492,22.81999969482422,22.68000030517578,22.760000228881836,166840
2026-08-06 17:15:00,22.780000686645508,22.780000686645508,22.739999771118164,22.739999771118164,117639
2026-08-06 17:30:00,22.739999771118164,22.780000686645508,22.700000762939453,22.760000228881836,139542
2026-08-06 17:45:00,22.719999313354492,22.760000228881836,22.700000762939453,22.719999313354492,128124
2026-08-07 09:45:00,22.920000076293945,22.920000076293945,22.920000076293945,22.920000076293945,0
2026-08-07 10:00:00,22.799999237060547,22.920000076293945,22.760000228881836,22.84000015258789,235538
2026-08-07 10:15:00,22.719999313354492,23.3799991607666,22.700000762939453,22.799999237060547,366070
2026-08-07 10:30:00,22.639999389648438,22.739999771118164,22.6200008392334,22.719999313354492,102037
2026-08-07 10:45:00,22.68000030517578,22.68000030517578,22.6200008392334,22.639999389648438,45353
2026-08-07 11:00:00,22.65999984741211,22.68000030517578,22.6200008392334,22.68000030517578,77416
2026-08-07 11:15:00,22.65999984741211,22.68000030517578,22.639999389648438,22.65999984741211,36538
2026-08-07 11:30:00,22.520000457763672,22.65999984741211,22.520000457763672,22.65999984741211,184139
2026-08-07 11:45:00,22.459999084472656,22.559999465942383,22.440000534057617,22.540000915527344,82469
2026-08-07 12:00:00,22.479999542236328,22.5,22.399999618530273,22.479999542236328,169093
2026-08-07 12:15:00,22.540000915527344,22.540000915527344,22.479999542236328,22.479999542236328,46369
2026-08-07 12:30:00,22.5,22.540000915527344,22.459999084472656,22.520000457763672,191948
2026-08-07 12:45:00,22.540000915527344,22.559999465942383,22.5,22.5,39743
2026-08-07 13:00:00,22.540000915527344,22.579999923706055,22.520000457763672,22.520000457763672,48266
2026-08-07 13:15:00,22.520000457763672,22.559999465942383,22.520000457763672,22.559999465942383,46417
2026-08-07 13:30:00,22.559999465942383,22.559999465942383,22.520000457763672,22.520000457763672,13988
2026-08-07 13:45:00,22.520000457763672,22.559999465942383,22.520000457763672,22.559999465942383,23318
2026-08-07 14:00:00,22.579999923706055,22.600000381469727,22.520000457763672,22.540000915527344,41320
2026-08-07 14:15:00,22.520000457763672,22.559999465942383,22.479999542236328,22.559999465942383,205519
2026-08-07 14:30:00,22.459999084472656,22.520000457763672,22.440000534057617,22.520000457763672,115481
2026-08-07 14:45:00,22.5,22.5,22.459999084472656,22.459999084472656,30706
2026-08-07 15:00:00,22.5,22.559999465942383,22.459999084472656,22.5,132583
2026-08-07 15:15:00,22.559999465942383,22.559999465942383,22.5,22.5,34669
2026-08-07 15:30:00,22.579999923706055,22.600000381469727,22.520000457763672,22.559999465942383,131909
2026-08-07 15:45:00,22.540000915527344,22.600000381469727,22.520000457763672,22.600000381469727,58556
2026-08-07 16:00:00,22.5,22.540000915527344,22.479999542236328,22.540000915527344,90756
2026-08-07 16:15:00,22.420000076293945,22.5,22.399999618530273,22.5,128017
2026-08-07 16:30:00,22.34000015258789,22.440000534057617,22.31999969482422,22.420000076293945,150503
2026-08-07 16:45:00,22.540000915527344,22.540000915527344,22.299999237060547,22.360000610351562,396484
2026-08-07 17:00:00,23.059999465942383,23.219999313354492,22.540000915527344,22.540000915527344,1613999
2026-08-07 17:15:00,22.940000534057617,23.040000915527344,22.860000610351562,23.040000915527344,238579
2026-08-07 17:30:00,22.899999618530273,23.040000915527344,22.81999969482422,22.940000534057617,346572
2026-08-07 17:45:00,22.81999969482422,22.920000076293945,22.81999969482422,22.899999618530273,163710
2026-08-10 09:45:00,22.780000686645508,22.780000686645508,22.780000686645508,22.780000686645508,0
2026-08-10 10:00:00,23.0,23.020000457763672,22.780000686645508,22.780000686645508,320560
2026-08-10 10:15:00,23.040000915527344,23.059999465942383,22.8799991607666,23.0,365960
2026-08-10 10:30:00,22.899999618530273,23.139999389648438,22.81999969482422,23.020000457763672,281653
2026-08-10 10:45:00,22.8799991607666,22.940000534057617,22.84000015258789,22.8799991607666,71159
2026-08-10 11:00:00,22.8799991607666,22.8799991607666,22.799999237060547,22.8799991607666,117463
2026-08-10 11:15:00,22.84000015258789,22.8799991607666,22.799999237060547,22.860000610351562,46888
2026-08-10 11:30:00,22.899999618530273,22.899999618530273,22.780000686645508,22.84000015258789,118578
2026-08-10 11:45:00,22.8799991607666,22.940000534057617,22.860000610351562,22.8799991607666,109338
2026-08-10 12:00:00,22.899999618530273,22.940000534057617,22.8799991607666,22.8799991607666,76713
2026-08-10 12:15:00,22.8799991607666,22.920000076293945,22.860000610351562,22.899999618530273,109759
2026-08-10 12:30:00,22.84000015258789,22.899999618530273,22.84000015258789,22.8799991607666,41085
2026-08-10 12:45:00,22.81999969482422,22.920000076293945,22.780000686645508,22.860000610351562,100570
2026-08-10 13:00:00,22.8799991607666,22.8799991607666,22.81999969482422,22.81999969482422,82421
2026-08-10 13:15:00,22.8799991607666,22.920000076293945,22.84000015258789,22.860000610351562,39821
2026-08-10 13:30:00,22.8799991607666,22.899999618530273,22.860000610351562,22.899999618530273,41390
2026-08-10 13:45:00,22.84000015258789,22.899999618530273,22.84000015258789,22.8799991607666,21370
2026-08-10 14:00:00,22.860000610351562,22.860000610351562,22.799999237060547,22.84000015258789,84745
2026-08-10 14:15:00,22.799999237060547,22.84000015258789,22.799999237060547,22.84000015258789,66152
2026-08-10 14:30:00,22.760000228881836,22.799999237060547,22.739999771118164,22.799999237060547,70071
2026-08-10 14:45:00,22.760000228881836,22.799999237060547,22.739999771118164,22.760000228881836,20258
2026-08-10 15:00:00,22.6200008392334,22.780000686645508,22.6200008392334,22.780000686645508,140278
2026-08-10 15:15:00,22.6200008392334,22.739999771118164,22.540000915527344,22.6200008392334,313099
2026-08-10 15:30:00,22.639999389648438,22.68000030517578,22.600000381469727,22.6200008392334,78034
2026-08-10 15:45:00,22.559999465942383,22.65999984741211,22.540000915527344,22.6200008392334,90590
2026-08-10 16:00:00,22.520000457763672,22.579999923706055,22.5,22.559999465942383,117144
2026-08-10 16:15:00,22.540000915527344,22.559999465942383,22.5,22.540000915527344,70704
2026-08-10 16:30:00,22.459999084472656,22.540000915527344,22.420000076293945,22.520000457763672,208151
2026-08-10 16:45:00,22.420000076293945,22.479999542236328,22.3799991607666,22.459999084472656,103281
2026-08-10 17:00:00,22.420000076293945,22.459999084472656,22.360000610351562,22.420000076293945,260582
2026-08-10 17:15:00,22.3799991607666,22.440000534057617,22.360000610351562,22.420000076293945,150161
2026-08-10 17:30:00,22.360000610351562,22.399999618530273,22.34000015258789,22.3799991607666,173941
2026-08-10 17:45:00,22.260000228881836,22.3799991607666,22.219999313354492,22.34000015258789,383382
2026-08-11 09:45:00,22.260000228881836,22.260000228881836,22.260000228881836,22.260000228881836,0
2026-08-11 10:00:00,22.0,22.31999969482422,22.0,22.239999771118164,464729
2026-08-11 10:15:00,21.959999084472656,22.079999923706055,21.8799991607666,22.0,496128
2026-08-11 10:30:00,21.959999084472656,22.040000915527344,21.899999618530273,21.940000534057617,172704
2026-08-11 10:45:00,21.959999084472656,21.979999542236328,21.8799991607666,21.979999542236328,92590
2026-08-11 11:00:00,21.84000015258789,21.940000534057617,21.81999969482422,21.940000534057617,190857
2026-08-11 11:15:00,21.899999618530273,21.920000076293945,21.84000015258789,21.84000015258789,67495
2026-08-11 11:30:00,21.920000076293945,21.959999084472656,21.84000015258789,21.899999618530273,196035
2026-08-11 11:45:00,21.920000076293945,21.940000534057617,21.8799991607666,21.920000076293945,82699
2026-08-11 12:00:00,21.799999237060547,21.920000076293945,21.799999237060547,21.920000076293945,116177
2026-08-11 12:15:00,21.799999237060547,21.860000610351562,21.780000686645508,21.799999237060547,155615
2026-08-11 12:30:00,21.81999969482422,21.84000015258789,21.799999237060547,21.81999969482422,52367
2026-08-11 12:45:00,21.780000686645508,21.84000015258789,21.780000686645508,21.81999969482422,81278
2026-08-11 13:00:00,21.739999771118164,21.780000686645508,21.700000762939453,21.780000686645508,155907
2026-08-11 13:15:00,21.739999771118164,21.760000228881836,21.700000762939453,21.739999771118164,185999
2026-08-11 13:30:00,21.739999771118164,21.799999237060547,21.739999771118164,21.739999771118164,66354
2026-08-11 13:45:00,21.719999313354492,21.780000686645508,21.719999313354492,21.760000228881836,83207
2026-08-11 14:00:00,21.940000534057617,21.959999084472656,21.719999313354492,21.719999313354492,359094
2026-08-11 14:15:00,21.940000534057617,21.940000534057617,21.860000610351562,21.940000534057617,123136
2026-08-11 14:30:00,22.100000381469727,22.100000381469727,21.920000076293945,21.940000534057617,252430
2026-08-11 14:45:00,22.020000457763672,22.100000381469727,21.979999542236328,22.100000381469727,197686
2026-08-11 15:00:00,22.020000457763672,22.040000915527344,21.979999542236328,22.0,56155
2026-08-11 15:15:00,22.040000915527344,22.059999465942383,22.0,22.020000457763672,150883
2026-08-11 15:30:00,22.34000015258789,22.360000610351562,21.959999084472656,22.040000915527344,669657
2026-08-11 15:45:00,22.299999237060547,22.5,22.260000228881836,22.34000015258789,682092
2026-08-11 16:00:00,22.059999465942383,22.299999237060547,22.020000457763672,22.280000686645508,684382
2026-08-11 16:15:00,22.100000381469727,22.139999389648438,22.0,22.079999923706055,95751
2026-08-11 16:30:00,22.059999465942383,22.139999389648438,22.040000915527344,22.100000381469727,72789
2026-08-11 16:45:00,22.0,22.059999465942383,22.0,22.040000915527344,61776
2026-08-11 17:00:00,21.979999542236328,22.020000457763672,21.959999084472656,22.0,94099
2026-08-11 17:15:00,22.0,22.020000457763672,21.979999542236328,21.979999542236328,85406
2026-08-11 17:30:00,21.979999542236328,22.040000915527344,21.940000534057617,22.0,89183
2026-08-11 17:45:00,22.139999389648438,22.219999313354492,21.940000534057617,21.979999542236328,420152
2026-08-12 09:45:00,21.940000534057617,21.940000534057617,21.940000534057617,21.940000534057617,0
2026-08-12 10:00:00,22.059999465942383,22.1200008392334,21.959999084472656,22.020000457763672,163543
2026-08-12 10:15:00,21.8799991607666,22.079999923706055,21.860000610351562,22.059999465942383,223958
2026-08-12 10:30:00,21.860000610351562,21.899999618530273,21.81999969482422,21.8799991607666,100888
2026-08-12 10:45:00,21.959999084472656,21.959999084472656,21.860000610351562,21.860000610351562,117173
2026-08-12 11:00:00,21.780000686645508,21.979999542236328,21.780000686645508,21.959999084472656,185238
2026-08-12 11:15:00,21.81999969482422,21.81999969482422,21.760000228881836,21.799999237060547,164566
2026-08-12 11:30:00,21.799999237060547,22.1200008392334,21.780000686645508,21.81999969482422,399400
2026-08-12 11:45:00,21.860000610351562,21.860000610351562,21.780000686645508,21.799999237060547,120406
2026-08-12 12:00:00,21.8799991607666,21.920000076293945,21.84000015258789,21.8799991607666,155749
2026-08-12 12:15:00,21.899999618530273,21.920000076293945,21.860000610351562,21.8799991607666,72086
2026-08-12 12:30:00,21.940000534057617,21.979999542236328,21.899999618530273,21.899999618530273,97600
2026-08-12 12:45:00,21.920000076293945,21.959999084472656,21.920000076293945,21.940000534057617,54929
2026-08-12 13:00:00,22.040000915527344,22.079999923706055,21.899999618530273,21.920000076293945,236374
2026-08-12 13:15:00,22.139999389648438,22.18000030517578,22.0,22.040000915527344,435319
2026-08-12 13:30:00,22.18000030517578,22.200000762939453,22.100000381469727,22.1200008392334,177103
2026-08-12 13:45:00,22.1200008392334,22.18000030517578,22.059999465942383,22.15999984741211,256582
2026-08-12 14:00:00,22.1200008392334,22.139999389648438,22.040000915527344,22.1200008392334,112447
2026-08-12 14:15:00,22.1200008392334,22.1200008392334,22.020000457763672,22.1200008392334,134377
2026-08-12 14:30:00,22.1200008392334,22.200000762939453,22.079999923706055,22.139999389648438,110818
2026-08-12 14:45:00,22.200000762939453,22.280000686645508,22.079999923706055,22.100000381469727,161227
2026-08-12 15:00:00,22.299999237060547,22.34000015258789,22.18000030517578,22.200000762939453,171426
2026-08-12 15:15:00,22.200000762939453,22.34000015258789,22.18000030517578,22.299999237060547,160634
2026-08-12 15:30:00,22.139999389648438,22.219999313354492,22.139999389648438,22.219999313354492,74819
2026-08-12 15:45:00,22.100000381469727,22.139999389648438,22.059999465942383,22.139999389648438,135197
2026-08-12 16:00:00,22.139999389648438,22.200000762939453,22.1200008392334,22.1200008392334,125257
2026-08-12 16:15:00,22.079999923706055,22.15999984741211,22.040000915527344,22.139999389648438,231650
2026-08-12 16:30:00,22.059999465942383,22.100000381469727,21.979999542236328,22.079999923706055,225074
2026-08-12 16:45:00,22.079999923706055,22.079999923706055,22.040000915527344,22.059999465942383,108579
2026-08-12 17:00:00,22.059999465942383,22.139999389648438,22.059999465942383,22.079999923706055,110382
2026-08-12 17:15:00,22.040000915527344,22.079999923706055,22.0,22.059999465942383,144314
2026-08-12 17:30:00,22.059999465942383,22.059999465942383,22.020000457763672,22.059999465942383,133461
2026-08-12 17:45:00,22.059999465942383,22.100000381469727,22.0,22.079999923706055,367740
2026-08-13 09:45:00,22.059999465942383,22.059999465942383,22.059999465942383,22.059999465942383,0
2026-08-13 10:00:00,22.18000030517578,22.200000762939453,22.040000915527344,22.059999465942383,436963
2026-08-13 10:15:00,22.200000762939453,22.280000686645508,22.15999984741211,22.18000030517578,187667
2026-08-13 10:30:00,22.15999984741211,22.219999313354492,22.1200008392334,22.18000030517578,110053
2026-08-13 10:45:00,22.1200008392334,22.200000762939453,22.1200008392334,22.15999984741211,72938
2026-08-13 11:00:00,22.1200008392334,22.15999984741211,22.079999923706055,22.139999389648438,164746
2026-08-13 11:15:00,22.100000381469727,22.15999984741211,22.100000381469727,22.1200008392334,101070
2026-08-13 11:30:00,22.139999389648438,22.18000030517578,22.1200008392334,22.1200008392334,77071
2026-08-13 11:45:00,22.139999389648438,22.219999313354492,22.139999389648438,22.139999389648438,127242
2026-08-13 12:00:00,22.15999984741211,22.15999984741211,22.1200008392334,22.139999389648438,56712
2026-08-13 12:15:00,22.18000030517578,22.18000030517578,22.1200008392334,22.139999389648438,16572
2026-08-13 12:30:00,22.139999389648438,22.15999984741211,22.1200008392334,22.15999984741211,62790
2026-08-13 12:45:00,22.18000030517578,22.200000762939453,22.1200008392334,22.139999389648438,94815
2026-08-13 13:00:00,22.15999984741211,22.200000762939453,22.139999389648438,22.18000030517578,166298
2026-08-13 13:15:00,22.139999389648438,22.200000762939453,22.079999923706055,22.15999984741211,175858
2026-08-13 13:30:00,22.1200008392334,22.15999984741211,22.1200008392334,22.139999389648438,12676
2026-08-13 13:45:00,22.100000381469727,22.139999389648438,22.100000381469727,22.1200008392334,145692
2026-08-13 14:00:00,22.18000030517578,22.219999313354492,22.100000381469727,22.139999389648438,193559
2026-08-13 14:15:00,22.219999313354492,22.219999313354492,22.18000030517578,22.200000762939453,42943
2026-08-13 14:30:00,22.18000030517578,22.260000228881836,22.1200008392334,22.239999771118164,70768
2026-08-13 14:45:00,22.139999389648438,22.18000030517578,22.1200008392334,22.18000030517578,56307
2026-08-13 15:00:00,22.18000030517578,22.200000762939453,22.15999984741211,22.15999984741211,51989
2026-08-13 15:15:00,22.139999389648438,22.18000030517578,22.100000381469727,22.18000030517578,89322
2026-08-13 15:30:00,22.139999389648438,22.15999984741211,22.100000381469727,22.1200008392334,44573
2026-08-13 15:45:00,22.100000381469727,22.18000030517578,22.100000381469727,22.139999389648438,166627
2026-08-13 16:00:00,22.559999465942383,22.600000381469727,22.0,22.1200008392334,975732
2026-08-13 16:15:00,22.540000915527344,22.84000015258789,22.440000534057617,22.540000915527344,1394645
2026-08-13 16:30:00,22.5,22.579999923706055,22.479999542236328,22.559999465942383,261279
2026-08-13 16:45:00,22.360000610351562,22.540000915527344,22.31999969482422,22.520000457763672,254966
2026-08-13 17:00:00,22.399999618530273,22.399999618530273,22.360000610351562,22.3799991607666,20068
2026-08-13 17:15:00,22.3799991607666,22.399999618530273,22.3799991607666,22.399999618530273,17732
2026-08-13 17:30:00,22.520000457763672,22.65999984741211,22.3799991607666,22.3799991607666,268375
2026-08-13 17:45:00,22.600000381469727,22.6200008392334,22.440000534057617,22.520000457763672,127150
2026-08-14 09:45:00,22.68000030517578,22.68000030517578,22.68000030517578,22.68000030517578,0
2026-08-14 10:00:00,22.68000030517578,22.780000686645508,22.579999923706055,22.68000030517578,357608
2026-08-14 10:15:00,22.540000915527344,22.700000762939453,22.520000457763672,22.68000030517578,146736
2026-08-14 10:30:00,22.479999542236328,22.540000915527344,22.440000534057617,22.520000457763672,174721
2026-08-14 10:45:00,22.459999084472656,22.520000457763672,22.420000076293945,22.5,43748
2026-08-14 11:00:00,22.5,22.5,22.420000076293945,22.440000534057617,94856
2026-08-14 11:15:00,22.540000915527344,22.559999465942383,22.479999542236328,22.5,118783
2026-08-14 11:30:00,22.600000381469727,22.65999984741211,22.540000915527344,22.559999465942383,82065
2026-08-14 11:45:00,22.65999984741211,22.68000030517578,22.559999465942383,22.600000381469727,116293
2026-08-14 12:00:00,22.68000030517578,22.68000030517578,22.6200008392334,22.65999984741211,80476
2026-08-14 12:15:00,22.600000381469727,22.68000030517578,22.600000381469727,22.68000030517578,84903
2026-08-14 12:30:00,22.600000381469727,22.68000030517578,22.579999923706055,22.600000381469727,102336
2026-08-14 12:45:00,22.639999389648438,22.639999389648438,22.559999465942383,22.579999923706055,34687
2026-08-14 13:00:00,22.600000381469727,22.68000030517578,22.579999923706055,22.6200008392334,71083
2026-08-14 13:15:00,22.600000381469727,22.6200008392334,22.559999465942383,22.600000381469727,51623
2026-08-14 13:30:00,22.579999923706055,22.68000030517578,22.559999465942383,22.600000381469727,136861
2026-08-14 13:45:00,22.479999542236328,22.579999923706055,22.479999542236328,22.559999465942383,136176
2026-08-14 14:00:00,22.520000457763672,22.540000915527344,22.440000534057617,22.479999542236328,75814
2026-08-14 14:15:00,22.459999084472656,22.520000457763672,22.459999084472656,22.520000457763672,57142
2026-08-14 14:30:00,22.5,22.5,22.420000076293945,22.459999084472656,33981
2026-08-14 14:45:00,22.459999084472656,22.5,22.420000076293945,22.5,142425
2026-08-14 15:00:00,22.440000534057617,22.479999542236328,22.440000534057617,22.459999084472656,35351
2026-08-14 15:15:00,22.399999618530273,22.440000534057617,22.3799991607666,22.440000534057617,85051
2026-08-14 15:30:00,22.479999542236328,22.559999465942383,22.399999618530273,22.399999618530273,143318
2026-08-14 15:45:00,22.440000534057617,22.479999542236328,22.440000534057617,22.479999542236328,36840
2026-08-14 16:00:00,22.420000076293945,22.459999084472656,22.399999618530273,22.459999084472656,27943
2026-08-14 16:15:00,22.459999084472656,22.459999084472656,22.399999618530273,22.420000076293945,18550
2026-08-14 16:30:00,22.3799991607666,22.440000534057617,22.3799991607666,22.440000534057617,102284
2026-08-14 16:45:00,22.360000610351562,22.479999542236328,22.360000610351562,22.399999618530273,198106
2026-08-14 17:00:00,22.3799991607666,22.420000076293945,22.360000610351562,22.360000610351562,113076
2026-08-14 17:15:00,22.3799991607666,22.440000534057617,22.360000610351562,22.3799991607666,58664
2026-08-14 17:30:00,22.280000686645508,22.399999618530273,22.239999771118164,22.3799991607666,218663
2026-08-14 17:45:00,22.299999237060547,22.34000015258789,22.260000228881836,22.280000686645508,174613
2026-08-17 09:45:00,22.239999771118164,22.239999771118164,22.239999771118164,22.239999771118164,0
2026-08-17 10:00:00,22.600000381469727,22.700000762939453,22.18000030517578,22.239999771118164,682995
2026-08-17 10:15:00,22.84000015258789,22.899999618530273,22.5,22.579999923706055,584541
2026-08-17 10:30:00,22.760000228881836,22.84000015258789,22.639999389648438,22.81999969482422,336151
2026-08-17 10:45:00,22.600000381469727,22.799999237060547,22.559999465942383,22.799999237060547,240232
2026-08-17 11:00:00,22.6200008392334,22.639999389648438,22.479999542236328,22.600000381469727,174319
2026-08-17 11:15:00,22.6200008392334,22.639999389648438,22.579999923706055,22.639999389648438,82034
2026-08-17 11:30:00,22.639999389648438,22.65999984741211,22.600000381469727,22.6200008392334,104748
2026-08-17 11:45:00,22.600000381469727,22.65999984741211,22.579999923706055,22.6200008392334,107363
2026-08-17 12:00:00,22.540000915527344,22.600000381469727,22.520000457763672,22.600000381469727,60336
2026-08-17 12:15:00,22.540000915527344,22.540000915527344,22.520000457763672,22.540000915527344,63424
2026-08-17 12:30:00,22.540000915527344,22.579999923706055,22.520000457763672,22.520000457763672,36626
2026-08-17 12:45:00,22.6200008392334,22.65999984741211,22.540000915527344,22.540000915527344,174758
2026-08-17 13:00:00,22.600000381469727,22.68000030517578,22.579999923706055,22.6200008392334,98860
2026-08-17 13:15:00,22.639999389648438,22.639999389648438,22.579999923706055,22.579999923706055,29762
2026-08-17 13:30:00,22.440000534057617,22.639999389648438,22.440000534057617,22.639999389648438,298744
2026-08-17 13:45:00,22.459999084472656,22.520000457763672,22.440000534057617,22.440000534057617,42810
2026-08-17 14:00:00,22.360000610351562,22.479999542236328,22.280000686645508,22.479999542236328,275702
2026-08-17 14:15:00,22.31999969482422,22.399999618530273,22.299999237060547,22.3799991607666,121349
2026-08-17 14:30:00,22.260000228881836,22.34000015258789,22.260000228881836,22.31999969482422,111350
2026-08-17 14:45:00,22.239999771118164,22.299999237060547,22.219999313354492,22.260000228881836,149969
2026-08-17 15:00:00,22.219999313354492,22.280000686645508,22.18000030517578,22.219999313354492,205130
2026-08-17 15:15:00,22.15999984741211,22.239999771118164,22.1200008392334,22.239999771118164,217647
2026-08-17 15:30:00,22.079999923706055,22.15999984741211,22.059999465942383,22.15999984741211,256252
2026-08-17 15:45:00,22.059999465942383,22.1200008392334,22.059999465942383,22.079999923706055,100156
2026-08-17 16:00:00,22.1200008392334,22.139999389648438,22.020000457763672,22.059999465942383,101406
2026-08-17 16:15:00,21.959999084472656,22.139999389648438,21.940000534057617,22.139999389648438,558656
2026-08-17 16:30:00,22.0,22.020000457763672,21.959999084472656,21.979999542236328,90651
2026-08-17 16:45:00,22.079999923706055,22.1200008392334,21.979999542236328,22.0,148519
2026-08-17 17:00:00,22.079999923706055,22.100000381469727,22.059999465942383,22.100000381469727,88612
2026-08-17 17:15:00,22.1200008392334,22.1200008392334,22.020000457763672,22.079999923706055,223944
2026-08-17 17:30:00,22.020000457763672,22.139999389648438,22.0,22.1200008392334,202733
2026-08-17 17:45:00,22.059999465942383,22.079999923706055,22.0,22.020000457763672,335875
2026-08-18 09:45:00,21.5,21.5,21.5,21.5,0
2026-08-18 10:00:00,21.360000610351562,21.520000457763672,21.100000381469727,21.5,1149601
2026-08-18 10:15:00,21.420000076293945,21.440000534057617,21.34000015258789,21.360000610351562,304954
2026-08-18 10:30:00,21.399999618530273,21.420000076293945,21.31999969482422,21.420000076293945,214165
2026-08-18 10:45:00,21.3799991607666,21.420000076293945,21.360000610351562,21.399999618530273,143325
2026-08-18 11:00:00,21.3799991607666,21.420000076293945,21.31999969482422,21.3799991607666,131892
2026-08-18 11:15:00,21.559999465942383,21.600000381469727,21.3799991607666,21.3799991607666,504885
2026-08-18 11:30:00,21.459999084472656,21.600000381469727,21.459999084472656,21.559999465942383,133180
2026-08-18 11:45:00,21.579999923706055,21.639999389648438,21.440000534057617,21.5,350297
2026-08-18 12:00:00,21.579999923706055,21.600000381469727,21.5,21.579999923706055,184613
2026-08-18 12:15:00,21.520000457763672,21.579999923706055,21.3799991607666,21.559999465942383,109941
2026-08-18 12:30:00,21.559999465942383,21.600000381469727,21.479999542236328,21.520000457763672,103823
2026-08-18 12:45:00,21.6200008392334,21.6200008392334,21.559999465942383,21.559999465942383,126876
2026-08-18 13:00:00,21.540000915527344,21.68000030517578,21.5,21.6200008392334,90538
2026-08-18 13:15:00,21.520000457763672,21.579999923706055,21.5,21.559999465942383,105956
2026-08-18 13:30:00,21.479999542236328,21.540000915527344,21.479999542236328,21.540000915527344,24936
2026-08-18 13:45:00,21.5,21.559999465942383,21.360000610351562,21.479999542236328,272895
2026-08-18 14:00:00,21.399999618530273,21.5,21.399999618530273,21.479999542236328,87880
2026-08-18 14:15:00,21.420000076293945,21.479999542236328,21.399999618530273,21.420000076293945,143033
2026-08-18 14:30:00,21.440000534057617,21.440000534057617,21.399999618530273,21.420000076293945,69542
2026-08-18 14:45:00,21.459999084472656,21.479999542236328,21.399999618530273,21.420000076293945,41178
2026-08-18 15:00:00,21.399999618530273,21.479999542236328,21.399999618530273,21.459999084472656,44428
2026-08-18 15:15:00,21.440000534057617,21.459999084472656,21.420000076293945,21.420000076293945,52428
2026-08-18 15:30:00,21.440000534057617,21.459999084472656,21.420000076293945,21.440000534057617,48814
2026-08-18 15:45:00,21.3799991607666,21.459999084472656,21.360000610351562,21.440000534057617,103133
2026-08-18 16:00:00,21.459999084472656,21.459999084472656,21.34000015258789,21.3799991607666,154070
2026-08-18 16:15:00,21.579999923706055,21.6200008392334,21.420000076293945,21.459999084472656,234055
2026-08-18 16:30:00,21.559999465942383,21.579999923706055,21.5,21.579999923706055,87004
2026-08-18 16:45:00,21.68000030517578,21.760000228881836,21.540000915527344,21.559999465942383,252225
2026-08-18 17:00:00,21.65999984741211,21.899999618530273,21.639999389648438,21.700000762939453,497196
2026-08-18 17:15:00,21.700000762939453,21.700000762939453,21.6200008392334,21.639999389648438,96700
2026-08-18 17:30:00,21.68000030517578,21.760000228881836,21.65999984741211,21.68000030517578,104191
2026-08-18 17:45:00,22.18000030517578,22.280000686645508,21.6200008392334,21.65999984741211,1300714
2026-08-19 09:45:00,22.0,22.0,22.0,22.0,0
2026-08-19 10:00:00,22.31999969482422,22.420000076293945,21.84000015258789,22.020000457763672,1022967
2026-08-19 10:15:00,22.18000030517578,22.5,22.1200008392334,22.299999237060547,1257971
2026-08-19 10:30:00,21.920000076293945,22.299999237060547,21.559999465942383,22.200000762939453,1065551
2026-08-19 10:45:00,21.559999465942383,21.920000076293945,21.479999542236328,21.920000076293945,1342854
