Datetime,Close,High,Low,Open,Volume
2023-09-29 09:30:00,53.400001525878906,53.75,51.400001525878906,51.400001525878906,0
2023-09-29 10:30:00,53.900001525878906,54.599998474121094,53.20000076293945,53.45000076293945,16907445
2023-09-29 11:30:00,53.650001525878906,54.0,53.5,53.900001525878906,4652304
2023-09-29 12:30:00,53.5,53.849998474121094,53.400001525878906,53.70000076293945,3478410
2023-09-29 13:30:00,53.54999923706055,53.900001525878906,53.25,53.45000076293945,4603869
2023-09-29 14:30:00,54.04999923706055,54.20000076293945,53.5,53.54999923706055,3694889
2023-09-29 15:30:00,53.849998474121094,54.150001525878906,53.5,54.04999923706055,4341716
2023-09-29 16:30:00,53.599998474121094,54.599998474121094,53.150001525878906,53.79999923706055,11011991
2023-09-29 17:30:00,53.099998474121094,53.599998474121094,52.79999923706055,53.54999923706055,4474693
2023-10-02 09:30:00,53.599998474121094,54.150001525878906,53.400001525878906,53.79999923706055,0
2023-10-02 10:30:00,53.95000076293945,54.0,53.04999923706055,53.54999923706055,5712258
2023-10-02 11:30:00,53.79999923706055,54.25,53.650001525878906,53.95000076293945,4042926
2023-10-02 12:30:00,53.75,53.849998474121094,53.599998474121094,53.849998474121094,1791030
2023-10-02 13:30:00,54.900001525878906,55.04999923706055,53.650001525878906,53.75,12373409
2023-10-02 14:30:00,54.29999923706055,54.95000076293945,54.25,54.95000076293945,7162667
2023-10-02 15:30:00,54.25,54.599998474121094,54.150001525878906,54.349998474121094,3947530
2023-10-02 16:30:00,53.900001525878906,54.29999923706055,53.599998474121094,54.25,6532170
2023-10-02 17:30:00,53.79999923706055,54.150001525878906,53.70000076293945,53.900001525878906,4114497
2023-10-03 09:30:00,53.54999923706055,54.29999923706055,53.349998474121094,54.20000076293945,0
2023-10-03 10:30:00,53.5,53.849998474121094,53.29999923706055,53.54999923706055,4691909
2023-10-03 11:30:00,53.29999923706055,53.70000076293945,53.25,53.5,3896394
2023-10-03 12:30:00,53.349998474121094,53.54999923706055,53.25,53.29999923706055,2286649
2023-10-03 13:30:00,53.25,53.5,53.099998474121094,53.400001525878906,1828740
2023-10-03 14:30:00,53.25,53.349998474121094,52.95000076293945,53.20000076293945,2236426
2023-10-03 15:30:00,53.25,53.400001525878906,52.95000076293945,53.25,2666281
2023-10-03 16:30:00,52.54999923706055,53.349998474121094,52.5,53.25,2722234
2023-10-03 17:30:00,53.099998474121094,53.150001525878906,52.400001525878906,52.54999923706055,2856854
2023-10-04 09:30:00,53.150001525878906,53.75,53.099998474121094,53.25,0
2023-10-04 10:30:00,52.54999923706055,53.25,52.45000076293945,53.150001525878906,5476246
2023-10-04 11:30:00,52.54999923706055,52.70000076293945,52.349998474121094,52.54999923706055,2817707
2023-10-04 12:30:00,52.75,53.0,52.400001525878906,52.54999923706055,2899425
2023-10-04 13:30:00,52.70000076293945,52.900001525878906,52.599998474121094,52.70000076293945,2123499
2023-10-04 14:30:00,52.54999923706055,52.75,52.349998474121094,52.70000076293945,2934743
2023-10-04 15:30:00,52.45000076293945,52.70000076293945,52.29999923706055,52.54999923706055,3073879
2023-10-04 16:30:00,52.150001525878906,52.54999923706055,51.900001525878906,52.45000076293945,5529389
2023-10-04 17:30:00,51.75,52.5,51.70000076293945,52.20000076293945,3473316
2023-10-05 09:30:00,51.95000076293945,52.400001525878906,51.79999923706055,52.099998474121094,0
2023-10-05 10:30:00,52.400001525878906,52.599998474121094,51.900001525878906,51.900001525878906,4950721
2023-10-05 11:30:00,52.349998474121094,52.45000076293945,52.150001525878906,52.400001525878906,1683132
2023-10-05 12:30:00,52.099998474121094,52.5,52.04999923706055,52.349998474121094,2545443
2023-10-05 13:30:00,50.900001525878906,52.099998474121094,50.349998474121094,52.04999923706055,7868727
2023-10-05 14:30:00,51.099998474121094,51.54999923706055,50.75,50.900001525878906,4547625
2023-10-05 15:30:00,51.599998474121094,51.75,50.849998474121094,51.099998474121094,4324348
2023-10-05 16:30:00,52.5,52.79999923706055,51.29999923706055,51.54999923706055,12181487
2023-10-05 17:30:00,52.54999923706055,52.95000076293945,52.20000076293945,52.5,6072492
2023-10-06 09:30:00,52.25,52.79999923706055,52.0,52.0,0
2023-10-06 10:30:00,52.0,52.29999923706055,51.900001525878906,52.25,4638207
2023-10-06 11:30:00,52.04999923706055,52.20000076293945,51.95000076293945,52.04999923706055,1564075
2023-10-06 12:30:00,52.0,52.150001525878906,51.75,52.099998474121094,1858278
2023-10-06 13:30:00,52.0,52.400001525878906,51.849998474121094,52.04999923706055,3160958
2023-10-06 14:30:00,52.04999923706055,52.099998474121094,51.849998474121094,52.0,2573668
2023-10-06 15:30:00,52.099998474121094,52.25,51.75,52.0,3484624
2023-10-06 16:30:00,52.04999923706055,52.29999923706055,51.79999923706055,52.099998474121094,3309148
2023-10-06 17:30:00,51.54999923706055,52.04999923706055,51.45000076293945,52.04999923706055,2856087
2023-10-09 09:30:00,50.54999923706055,50.75,49.97999954223633,50.25,0
2023-10-09 10:30:00,50.70000076293945,51.04999923706055,50.5,50.54999923706055,6843574
2023-10-09 11:30:00,50.650001525878906,50.900001525878906,50.54999923706055,50.75,4277437
2023-10-09 12:30:00,50.5,50.70000076293945,50.45000076293945,50.70000076293945,1887154
2023-10-09 13:30:00,50.599998474121094,50.70000076293945,50.29999923706055,50.5,1328548
2023-10-09 14:30:00,50.70000076293945,50.75,50.45000076293945,50.599998474121094,1629143
2023-10-09 15:30:00,50.45000076293945,50.70000076293945,49.959999084472656,50.650001525878906,4409312
2023-10-09 16:30:00,49.81999969482422,50.5,49.70000076293945,50.400001525878906,5153036
2023-10-09 17:30:00,49.68000030517578,49.900001525878906,49.5,49.81999969482422,3203622
2023-10-10 09:30:00,50.45000076293945,50.79999923706055,50.150001525878906,50.70000076293945,0
2023-10-10 10:30:00,50.650001525878906,50.75,50.400001525878906,50.45000076293945,3951367
2023-10-10 11:30:00,51.150001525878906,51.25,50.599998474121094,50.599998474121094,6388746
2023-10-10 12:30:00,50.79999923706055,51.150001525878906,50.75,51.099998474121094,2174918
2023-10-10 13:30:00,50.95000076293945,51.099998474121094,50.54999923706055,50.79999923706055,3115088
2023-10-10 14:30:00,50.95000076293945,51.04999923706055,50.70000076293945,50.95000076293945,1690688
2023-10-10 15:30:00,50.95000076293945,51.04999923706055,50.79999923706055,50.95000076293945,1209763
2023-10-10 16:30:00,51.099998474121094,51.29999923706055,50.54999923706055,50.900001525878906,4108263
2023-10-10 17:30:00,50.900001525878906,51.20000076293945,50.75,51.099998474121094,2428697
2023-10-11 09:30:00,51.75,52.099998474121094,51.04999923706055,51.04999923706055,0
2023-10-11 10:30:00,51.79999923706055,52.04999923706055,51.70000076293945,51.79999923706055,4889841
2023-10-11 11:30:00,51.5,51.849998474121094,51.349998474121094,51.79999923706055,3323728
2023-10-11 12:30:00,51.25,51.54999923706055,51.150001525878906,51.5,2249087
2023-10-11 13:30:00,51.20000076293945,51.400001525878906,51.04999923706055,51.20000076293945,1725742
2023-10-11 14:30:00,51.20000076293945,51.29999923706055,51.04999923706055,51.25,1654595
2023-10-11 15:30:00,50.75,51.20000076293945,50.650001525878906,51.20000076293945,2502145
2023-10-11 16:30:00,50.599998474121094,50.849998474121094,50.25,50.79999923706055,5128270
2023-10-11 17:30:00,50.70000076293945,50.95000076293945,50.400001525878906,50.54999923706055,2967345
2023-10-12 09:30:00,51.45000076293945,51.70000076293945,51.25,51.400001525878906,0
2023-10-12 10:30:00,51.70000076293945,51.95000076293945,51.349998474121094,51.400001525878906,6238042
2023-10-12 11:30:00,51.599998474121094,51.849998474121094,51.54999923706055,51.75,1802017
2023-10-12 12:30:00,51.54999923706055,51.849998474121094,51.45000076293945,51.650001525878906,2659384
2023-10-12 13:30:00,51.70000076293945,51.75,51.5,51.5,1162698
2023-10-12 14:30:00,50.5,51.75,50.20000076293945,51.70000076293945,6077149
2023-10-12 15:30:00,50.400001525878906,50.599998474121094,49.97999954223633,50.45000076293945,2753219
2023-10-12 16:30:00,49.220001220703125,50.45000076293945,48.939998626708984,50.45000076293945,6893866
2023-10-12 17:30:00,50.0,50.150001525878906,49.08000183105469,49.20000076293945,3628637
2023-10-13 09:30:00,49.599998474121094,49.939998626708984,49.31999969482422,49.5,0
2023-10-13 10:30:00,49.36000061035156,49.619998931884766,49.20000076293945,49.58000183105469,4539055
2023-10-13 11:30:00,48.97999954223633,49.41999816894531,48.560001373291016,49.380001068115234,4346764
2023-10-13 12:30:00,48.91999816894531,49.060001373291016,48.84000015258789,48.97999954223633,942021
2023-10-13 13:30:00,48.84000015258789,48.939998626708984,48.619998931884766,48.91999816894531,1469576
2023-10-13 14:30:00,48.84000015258789,49.040000915527344,48.70000076293945,48.84000015258789,1672253
2023-10-13 15:30:00,48.70000076293945,48.86000061035156,48.47999954223633,48.84000015258789,1878015
2023-10-13 16:30:00,48.91999816894531,49.02000045776367,48.599998474121094,48.70000076293945,2341351
2023-10-13 17:30:00,48.65999984741211,49.099998474121094,48.540000915527344,48.900001525878906,2690577
2023-10-16 09:30:00,48.619998931884766,49.34000015258789,48.52000045776367,49.20000076293945,4317914
2023-10-16 10:30:00,47.91999816894531,48.599998474121094,47.7599983215332,48.599998474121094,4765347
2023-10-16 11:30:00,48.2400016784668,48.459999084472656,47.81999969482422,47.939998626708984,2117185
2023-10-16 12:30:00,48.18000030517578,48.400001525878906,48.0,48.220001220703125,881689
2023-10-16 13:30:00,48.040000915527344,48.20000076293945,47.79999923706055,48.18000030517578,1739388
2023-10-16 14:30:00,48.400001525878906,48.439998626708984,47.900001525878906,48.040000915527344,2270707
2023-10-16 15:30:00,48.2599983215332,48.560001373291016,48.040000915527344,48.380001068115234,1992691
2023-10-16 16:30:00,48.2599983215332,48.65999984741211,48.060001373291016,48.2400016784668,3391037
2023-10-16 17:30:00,48.2400016784668,48.41999816894531,47.959999084472656,48.2599983215332,0
2023-10-17 09:30:00,48.619998931884766,48.7599983215332,48.18000030517578,48.36000061035156,0
2023-10-17 10:30:00,48.47999954223633,48.779998779296875,48.18000030517578,48.619998931884766,2737117
2023-10-17 11:30:00,48.20000076293945,48.52000045776367,48.13999938964844,48.459999084472656,2554418
2023-10-17 12:30:00,48.18000030517578,48.380001068115234,48.08000183105469,48.20000076293945,1529001
2023-10-17 13:30:00,48.34000015258789,48.400001525878906,48.060001373291016,48.18000030517578,1981099
2023-10-17 14:30:00,48.560001373291016,48.58000183105469,48.119998931884766,48.36000061035156,2264945
2023-10-17 15:30:00,48.560001373291016,48.7599983215332,48.31999969482422,48.540000915527344,3704944
2023-10-17 16:30:00,48.880001068115234,49.099998474121094,48.5,48.560001373291016,5032050
2023-10-17 17:30:00,49.41999816894531,49.439998626708984,48.7400016784668,48.880001068115234,3129654
2023-10-18 09:30:00,48.560001373291016,48.900001525878906,47.97999954223633,48.0,0
2023-10-18 10:30:00,48.47999954223633,48.68000030517578,48.220001220703125,48.560001373291016,3227107
2023-10-18 11:30:00,48.400001525878906,48.65999984741211,48.34000015258789,48.459999084472656,1921564
2023-10-18 12:30:00,48.36000061035156,48.47999954223633,48.279998779296875,48.400001525878906,1427788
2023-10-18 13:30:00,47.939998626708984,48.41999816894531,47.779998779296875,48.36000061035156,3081708
2023-10-18 14:30:00,47.959999084472656,48.15999984741211,47.84000015258789,47.91999816894531,1681504
2023-10-18 15:30:00,47.380001068115234,48.0,47.2599983215332,47.959999084472656,4130685
2023-10-18 16:30:00,47.560001373291016,47.7400016784668,47.2599983215332,47.380001068115234,3287960
2023-10-18 17:30:00,47.380001068115234,47.63999938964844,47.2599983215332,47.560001373291016,1970074
2023-10-19 09:30:00,47.380001068115234,47.65999984741211,47.2400016784668,47.380001068115234,0
2023-10-19 10:30:00,47.47999954223633,47.5,47.20000076293945,47.36000061035156,3398251
2023-10-19 11:30:00,47.63999938964844,47.84000015258789,47.459999084472656,47.47999954223633,4502388
2023-10-19 12:30:00,47.81999969482422,47.86000061035156,47.459999084472656,47.619998931884766,2272666
2023-10-19 13:30:00,47.720001220703125,47.91999816894531,47.63999938964844,47.84000015258789,3955986
2023-10-19 14:30:00,47.65999984741211,47.97999954223633,47.619998931884766,47.720001220703125,3555344
2023-10-19 15:30:00,47.02000045776367,47.68000030517578,46.880001068115234,47.63999938964844,5831927
2023-10-19 16:30:00,46.29999923706055,47.040000915527344,46.13999938964844,47.0,5200955
2023-10-19 17:30:00,46.2400016784668,46.459999084472656,46.040000915527344,46.29999923706055,9884377
2023-10-20 09:30:00,45.459999084472656,45.900001525878906,45.2400016784668,45.70000076293945,4398833
2023-10-20 10:30:00,45.7599983215332,45.939998626708984,45.400001525878906,45.439998626708984,4458311
2023-10-20 11:30:00,45.400001525878906,45.779998779296875,45.34000015258789,45.7400016784668,2365487
2023-10-20 12:30:00,45.400001525878906,45.58000183105469,45.2400016784668,45.380001068115234,2287179
2023-10-20 13:30:00,45.18000030517578,45.58000183105469,45.099998474121094,45.41999816894531,1918552
2023-10-20 14:30:00,45.13999938964844,45.31999969482422,44.97999954223633,45.15999984741211,2006779
2023-10-20 15:30:00,45.040000915527344,45.459999084472656,45.02000045776367,45.119998931884766,2468103
2023-10-20 16:30:00,45.0,45.2400016784668,44.86000061035156,45.040000915527344,4014741
2023-10-20 17:30:00,44.599998474121094,45.02000045776367,44.15999984741211,45.0,4039881
2023-10-23 09:30:00,45.099998474121094,45.2599983215332,44.7400016784668,45.060001373291016,0
2023-10-23 10:30:00,44.81999969482422,45.220001220703125,44.81999969482422,45.119998931884766,3872312
2023-10-23 11:30:00,44.63999938964844,44.880001068115234,44.540000915527344,44.84000015258789,2193640
2023-10-23 12:30:00,44.63999938964844,44.79999923706055,44.52000045776367,44.619998931884766,1386132
2023-10-23 13:30:00,44.619998931884766,44.84000015258789,44.560001373291016,44.65999984741211,1447221
2023-10-23 14:30:00,44.97999954223633,45.040000915527344,44.560001373291016,44.619998931884766,2340093
2023-10-23 15:30:00,45.220001220703125,45.34000015258789,44.959999084472656,45.0,4115738
2023-10-23 16:30:00,45.720001220703125,45.779998779296875,45.040000915527344,45.220001220703125,5423265
2023-10-23 17:30:00,45.97999954223633,46.040000915527344,45.560001373291016,45.720001220703125,2814352
2023-10-24 09:30:00,46.5,46.599998474121094,46.060001373291016,46.5,0
2023-10-24 10:30:00,47.040000915527344,47.31999969482422,46.459999084472656,46.5,5718707
2023-10-24 11:30:00,47.880001068115234,48.02000045776367,46.97999954223633,47.02000045776367,5292631
2023-10-24 12:30:00,47.68000030517578,47.880001068115234,47.41999816894531,47.86000061035156,2830883
2023-10-24 13:30:00,47.70000076293945,47.7599983215332,47.47999954223633,47.68000030517578,2385946
2023-10-24 14:30:00,48.2599983215332,48.439998626708984,47.560001373291016,47.70000076293945,6116104
2023-10-24 15:30:00,49.36000061035156,49.52000045776367,48.08000183105469,48.279998779296875,10294606
2023-10-24 16:30:00,50.0,50.599998474121094,49.2599983215332,49.36000061035156,10587603
2023-10-24 17:30:00,49.70000076293945,50.04999923706055,49.36000061035156,50.0,3157242
2023-10-25 09:30:00,50.0,50.20000076293945,49.41999816894531,49.81999969482422,0
2023-10-25 10:30:00,49.040000915527344,50.0,49.02000045776367,50.0,5381617
2023-10-25 11:30:00,49.119998931884766,49.18000030517578,48.68000030517578,49.040000915527344,2848657
2023-10-25 12:30:00,48.29999923706055,49.29999923706055,48.279998779296875,49.119998931884766,3096610
2023-10-25 13:30:00,48.2599983215332,48.58000183105469,48.02000045776367,48.279998779296875,2836655
2023-10-25 14:30:00,47.81999969482422,48.31999969482422,47.619998931884766,48.2599983215332,4826977
2023-10-25 15:30:00,47.099998474121094,47.939998626708984,46.79999923706055,47.84000015258789,3938282
2023-10-25 16:30:00,45.47999954223633,47.18000030517578,45.41999816894531,47.099998474121094,4881397
2023-10-26 09:30:00,46.13999938964844,46.619998931884766,45.91999816894531,46.220001220703125,0
2023-10-26 10:30:00,45.720001220703125,46.400001525878906,45.439998626708984,46.15999984741211,5229096
2023-10-26 11:30:00,46.52000045776367,46.7599983215332,45.5,45.720001220703125,4678577
2023-10-26 12:30:00,46.959999084472656,47.0,46.34000015258789,46.52000045776367,5363025
2023-10-26 13:30:00,46.58000183105469,47.81999969482422,46.439998626708984,46.959999084472656,15140005
2023-10-26 14:30:00,47.79999923706055,47.91999816894531,46.400001525878906,46.58000183105469,9799878
2023-10-26 15:30:00,48.31999969482422,48.540000915527344,47.599998474121094,47.79999923706055,7878521
2023-10-26 16:30:00,47.900001525878906,48.58000183105469,47.79999923706055,48.34000015258789,7011960
2023-10-26 17:30:00,47.79999923706055,48.02000045776367,47.279998779296875,47.900001525878906,3516207
2023-10-27 09:30:00,49.060001373291016,49.599998474121094,47.880001068115234,47.880001068115234,0
2023-10-27 10:30:00,48.47999954223633,49.040000915527344,48.2400016784668,49.040000915527344,4865697
2023-10-27 11:30:00,48.2400016784668,48.720001220703125,48.15999984741211,48.439998626708984,3226564
2023-10-27 12:30:00,47.63999938964844,48.29999923706055,47.58000183105469,48.279998779296875,2574365
2023-10-27 13:30:00,47.900001525878906,48.380001068115234,47.58000183105469,47.63999938964844,3662858
2023-10-27 14:30:00,47.81999969482422,48.20000076293945,47.720001220703125,47.900001525878906,2428304
2023-10-27 15:30:00,48.099998474121094,48.400001525878906,47.52000045776367,47.81999969482422,4290281
2023-10-27 16:30:00,48.84000015258789,49.119998931884766,47.939998626708984,48.119998931884766,9333086
2023-10-27 17:30:00,49.18000030517578,49.880001068115234,48.7599983215332,48.84000015258789,6141996
2023-10-30 09:30:00,50.20000076293945,50.25,48.91999816894531,49.02000045776367,5592975
2023-10-30 10:30:00,49.400001525878906,50.29999923706055,49.31999969482422,50.20000076293945,6104218
2023-10-30 11:30:00,48.65999984741211,49.41999816894531,48.63999938964844,49.400001525878906,3420572
2023-10-30 12:30:00,48.560001373291016,48.68000030517578,48.18000030517578,48.68000030517578,3263580
2023-10-30 13:30:00,48.880001068115234,48.97999954223633,48.560001373291016,48.560001373291016,2219027
2023-10-30 14:30:00,48.58000183105469,49.060001373291016,48.560001373291016,48.880001068115234,2337592
2023-10-30 15:30:00,48.099998474121094,48.720001220703125,48.040000915527344,48.58000183105469,2618359
2023-10-30 16:30:00,48.41999816894531,48.540000915527344,47.880001068115234,48.099998474121094,4261529
2023-10-31 09:30:00,48.29999923706055,49.31999969482422,48.279998779296875,49.0,3821201
2023-10-31 10:30:00,48.540000915527344,48.70000076293945,48.18000030517578,48.29999923706055,3732937
2023-10-31 11:30:00,48.099998474121094,48.540000915527344,47.959999084472656,48.540000915527344,3513681
2023-10-31 12:30:00,48.52000045776367,48.619998931884766,48.0,48.099998474121094,3082432
2023-10-31 13:30:00,48.459999084472656,48.619998931884766,48.34000015258789,48.52000045776367,3128441
2023-10-31 14:30:00,48.36000061035156,48.540000915527344,48.220001220703125,48.459999084472656,1917568
2023-10-31 15:30:00,47.720001220703125,48.34000015258789,47.439998626708984,48.34000015258789,3826318
2023-10-31 16:30:00,47.380001068115234,47.720001220703125,46.81999969482422,47.70000076293945,6331396
2023-11-01 09:30:00,47.279998779296875,47.65999984741211,47.20000076293945,47.29999923706055,4115352
2023-11-01 10:30:00,47.34000015258789,47.70000076293945,46.720001220703125,47.2599983215332,6145203
2023-11-01 11:30:00,47.15999984741211,47.439998626708984,46.900001525878906,47.36000061035156,2302844
2023-11-01 12:30:00,46.880001068115234,47.220001220703125,46.65999984741211,47.15999984741211,1533395
2023-11-01 13:30:00,46.36000061035156,46.959999084472656,46.29999923706055,46.86000061035156,2193609
2023-11-01 14:30:00,46.459999084472656,46.599998474121094,46.15999984741211,46.36000061035156,2152085
2023-11-01 15:30:00,45.5,46.63999938964844,45.36000061035156,46.459999084472656,4821980
2023-11-01 16:30:00,46.560001373291016,46.68000030517578,45.08000183105469,45.5,8149550
2023-11-02 09:30:00,46.880001068115234,47.47999954223633,46.619998931884766,47.0,3497303
2023-11-02 10:30:00,47.720001220703125,47.84000015258789,46.880001068115234,46.900001525878906,7263147
2023-11-02 11:30:00,47.79999923706055,48.02000045776367,47.36000061035156,47.7400016784668,4758960
2023-11-02 12:30:00,48.08000183105469,48.5,47.70000076293945,47.79999923706055,3627925
2023-11-02 13:30:00,48.060001373291016,48.20000076293945,47.91999816894531,48.099998474121094,1527213
2023-11-02 14:30:00,47.540000915527344,48.2400016784668,47.400001525878906,48.060001373291016,3764917
2023-11-02 15:30:00,47.7400016784668,47.7400016784668,47.220001220703125,47.560001373291016,2189661
2023-11-02 16:30:00,47.47999954223633,47.91999816894531,47.400001525878906,47.70000076293945,2804700
2023-11-03 09:30:00,47.36000061035156,47.720001220703125,47.29999923706055,47.65999984741211,3059980
2023-11-03 10:30:00,47.15999984741211,47.7599983215332,47.13999938964844,47.380001068115234,4229439
2023-11-03 11:30:00,47.099998474121094,47.36000061035156,47.060001373291016,47.13999938964844,1821231
2023-11-03 12:30:00,47.060001373291016,47.13999938964844,46.79999923706055,47.099998474121094,1768086
2023-11-03 13:30:00,47.15999984741211,47.2400016784668,47.0,47.08000183105469,1232211
2023-11-03 14:30:00,47.29999923706055,47.439998626708984,47.099998474121094,47.18000030517578,2388160
2023-11-03 15:30:00,47.18000030517578,47.779998779296875,47.060001373291016,47.29999923706055,4554688
2023-11-03 16:30:00,48.02000045776367,48.18000030517578,47.18000030517578,47.18000030517578,9293467
2023-11-06 09:30:00,49.560001373291016,49.720001220703125,48.599998474121094,48.619998931884766,5565683
2023-11-06 10:30:00,50.150001525878906,50.400001525878906,49.560001373291016,49.560001373291016,6204927
2023-11-06 11:30:00,50.099998474121094,50.29999923706055,50.0,50.150001525878906,2270084
2023-11-06 12:30:00,49.70000076293945,50.099998474121094,49.65999984741211,50.099998474121094,1608785
2023-11-06 13:30:00,49.599998474121094,49.81999969482422,49.560001373291016,49.68000030517578,1300099
2023-11-06 14:30:00,49.65999984741211,49.720001220703125,49.36000061035156,49.58000183105469,1916779
2023-11-06 15:30:00,49.70000076293945,49.880001068115234,49.52000045776367,49.65999984741211,1693435
2023-11-06 16:30:00,50.150001525878906,50.25,49.599998474121094,49.70000076293945,2664938
2023-11-07 09:30:00,49.81999969482422,50.20000076293945,49.540000915527344,50.20000076293945,3013925
2023-11-07 10:30:00,49.91999816894531,50.400001525878906,49.79999923706055,49.81999969482422,3296463
2023-11-07 11:30:00,49.91999816894531,50.25,49.86000061035156,49.91999816894531,1907271
2023-11-07 12:30:00,50.04999923706055,50.04999923706055,49.84000015258789,49.91999816894531,651935
2023-11-07 13:30:00,49.779998779296875,50.099998474121094,49.619998931884766,50.04999923706055,1220964
2023-11-07 14:30:00,49.65999984741211,50.0,49.63999938964844,49.7599983215332,1297697
2023-11-07 15:30:00,49.52000045776367,49.720001220703125,49.220001220703125,49.65999984741211,2728302
2023-11-07 16:30:00,49.52000045776367,49.65999984741211,49.380001068115234,49.52000045776367,2534180
2023-11-08 09:30:00,50.099998474121094,50.45000076293945,49.97999954223633,50.099998474121094,3579896
2023-11-08 10:30:00,50.04999923706055,50.349998474121094,49.91999816894531,50.099998474121094,3065797
2023-11-08 11:30:00,49.279998779296875,50.150001525878906,49.18000030517578,50.099998474121094,4935623
2023-11-08 12:30:00,48.880001068115234,49.31999969482422,48.7599983215332,49.279998779296875,3720730
2023-11-08 13:30:00,48.7400016784668,48.900001525878906,48.58000183105469,48.880001068115234,2977224
2023-11-08 14:30:00,48.79999923706055,49.02000045776367,48.619998931884766,48.7599983215332,2541328
2023-11-08 15:30:00,48.79999923706055,48.939998626708984,48.65999984741211,48.81999969482422,1878614
2023-11-08 16:30:00,48.68000030517578,48.939998626708984,48.560001373291016,48.79999923706055,3580574
2023-11-09 09:30:00,48.880001068115234,49.040000915527344,48.20000076293945,48.2400016784668,3906096
2023-11-09 10:30:00,48.41999816894531,49.13999938964844,48.279998779296875,48.900001525878906,4167821
2023-11-09 11:30:00,48.52000045776367,48.540000915527344,48.2400016784668,48.41999816894531,1635382
2023-11-09 12:30:00,48.5,48.65999984741211,48.380001068115234,48.5,1239940
2023-11-09 13:30:00,48.34000015258789,48.560001373291016,48.2400016784668,48.5,1147193
2023-11-09 14:30:00,48.0,48.36000061035156,47.880001068115234,48.34000015258789,2768829
2023-11-09 15:30:00,48.2599983215332,48.439998626708984,48.0,48.0,2788804
2023-11-09 16:30:00,48.52000045776367,48.81999969482422,48.02000045776367,48.29999923706055,5678027
2023-11-10 09:30:00,48.34000015258789,48.880001068115234,48.040000915527344,48.380001068115234,4509488
2023-11-10 10:30:00,48.099998474121094,48.41999816894531,47.97999954223633,48.34000015258789,2349823
2023-11-10 11:30:00,47.70000076293945,48.20000076293945,47.63999938964844,48.099998474121094,2949109
2023-11-10 12:30:00,47.900001525878906,47.939998626708984,47.68000030517578,47.70000076293945,1427809
2023-11-10 13:30:00,47.900001525878906,48.060001373291016,47.779998779296875,47.880001068115234,1028754
2023-11-10 14:30:00,47.939998626708984,48.08000183105469,47.81999969482422,47.900001525878906,1526840
2023-11-10 15:30:00,48.0,48.29999923706055,47.91999816894531,47.939998626708984,2999860
2023-11-10 16:30:00,48.0,48.2400016784668,47.880001068115234,47.97999954223633,1917414
2023-11-13 09:30:00,46.560001373291016,47.36000061035156,46.15999984741211,47.2599983215332,6510916
2023-11-13 10:30:00,46.15999984741211,46.63999938964844,46.13999938964844,46.540000915527344,3278686
2023-11-13 11:30:00,46.439998626708984,46.560001373291016,46.119998931884766,46.15999984741211,3232445
2023-11-13 12:30:00,46.560001373291016,46.68000030517578,46.380001068115234,46.439998626708984,1801932
2023-11-13 13:30:00,46.400001525878906,46.619998931884766,46.31999969482422,46.58000183105469,1500114
2023-11-13 14:30:00,46.47999954223633,46.5,46.20000076293945,46.400001525878906,1426186
2023-11-13 15:30:00,46.29999923706055,46.540000915527344,46.15999984741211,46.459999084472656,2318462
2023-11-13 16:30:00,46.02000045776367,46.5,46.02000045776367,46.29999923706055,3274028
2023-11-14 09:30:00,45.81999969482422,46.099998474121094,45.720001220703125,46.0,2518565
2023-11-14 10:30:00,45.7599983215332,45.84000015258789,45.2400016784668,45.81999969482422,4981583
2023-11-14 11:30:00,45.65999984741211,45.81999969482422,45.47999954223633,45.7599983215332,1572312
2023-11-14 12:30:00,46.0,46.119998931884766,45.599998474121094,45.63999938964844,3449107
2023-11-14 13:30:00,45.86000061035156,46.040000915527344,45.70000076293945,46.0,3110953
2023-11-14 14:30:00,45.86000061035156,46.15999984741211,45.7599983215332,45.880001068115234,3429393
2023-11-14 15:30:00,46.47999954223633,46.560001373291016,45.599998474121094,45.84000015258789,5081967
2023-11-14 16:30:00,46.400001525878906,46.880001068115234,46.31999969482422,46.47999954223633,7228727
2023-11-15 09:30:00,46.560001373291016,46.86000061035156,46.380001068115234,46.70000076293945,3225240
2023-11-15 10:30:00,46.2599983215332,46.619998931884766,46.119998931884766,46.58000183105469,3626193
2023-11-15 11:30:00,46.220001220703125,46.5,46.08000183105469,46.2400016784668,2263394
2023-11-15 12:30:00,46.119998931884766,46.36000061035156,45.97999954223633,46.20000076293945,2073121
2023-11-15 13:30:00,46.2400016784668,46.29999923706055,46.060001373291016,46.099998474121094,1622434
2023-11-15 14:30:00,46.540000915527344,46.560001373291016,46.20000076293945,46.2400016784668,4013832
2023-11-15 15:30:00,46.2599983215332,46.779998779296875,46.099998474121094,46.560001373291016,6571004
2023-11-15 16:30:00,46.380001068115234,46.52000045776367,46.119998931884766,46.220001220703125,3214823
2023-11-16 09:30:00,46.900001525878906,47.02000045776367,46.2599983215332,46.279998779296875,4652691
2023-11-16 10:30:00,47.13999938964844,47.18000030517578,46.779998779296875,46.86000061035156,4316954
2023-11-16 11:30:00,47.0,47.18000030517578,46.84000015258789,47.119998931884766,2392291
2023-11-16 12:30:00,46.97999954223633,47.099998474121094,46.91999816894531,47.0,1155482
2023-11-16 13:30:00,47.060001373291016,47.20000076293945,46.97999954223633,47.0,1524287
2023-11-16 14:30:00,46.91999816894531,47.08000183105469,46.900001525878906,47.040000915527344,1445527
2023-11-16 15:30:00,47.08000183105469,47.220001220703125,46.900001525878906,46.939998626708984,2575800
2023-11-16 16:30:00,47.279998779296875,47.58000183105469,47.060001373291016,47.08000183105469,5316270
2023-11-17 09:30:00,47.52000045776367,47.68000030517578,47.18000030517578,47.2400016784668,4144270
2023-11-17 10:30:00,47.380001068115234,47.58000183105469,47.13999938964844,47.52000045776367,3207681
2023-11-17 11:30:00,47.36000061035156,47.5,47.29999923706055,47.36000061035156,2507765
2023-11-17 12:30:00,47.08000183105469,47.380001068115234,47.0,47.36000061035156,2209759
2023-11-17 13:30:00,47.2400016784668,47.2599983215332,47.08000183105469,47.08000183105469,1190647
2023-11-17 14:30:00,47.619998931884766,47.84000015258789,47.20000076293945,47.220001220703125,4757272
2023-11-17 15:30:00,47.599998474121094,47.7400016784668,47.560001373291016,47.619998931884766,1746330
2023-11-17 16:30:00,47.459999084472656,47.68000030517578,47.36000061035156,47.599998474121094,1898871
2023-11-20 09:30:00,48.7599983215332,48.79999923706055,47.7599983215332,47.779998779296875,5527867
2023-11-20 10:30:00,48.7400016784668,49.02000045776367,48.70000076293945,48.7599983215332,3540122
2023-11-20 11:30:00,48.31999969482422,48.7599983215332,48.31999969482422,48.720001220703125,1883081
2023-11-20 12:30:00,48.220001220703125,48.41999816894531,48.15999984741211,48.31999969482422,1659271
2023-11-20 13:30:00,48.41999816894531,48.459999084472656,48.02000045776367,48.20000076293945,1726370
2023-11-20 14:30:00,48.52000045776367,48.52000045776367,48.2599983215332,48.400001525878906,1624087
2023-11-20 15:30:00,48.31999969482422,48.58000183105469,48.279998779296875,48.52000045776367,1152928
2023-11-20 16:30:00,48.65999984741211,48.720001220703125,48.2599983215332,48.29999923706055,2417225
2023-11-21 09:30:00,49.29999923706055,49.58000183105469,49.0,49.0,4505931
2023-11-21 10:30:00,48.939998626708984,49.29999923706055,48.900001525878906,49.29999923706055,3597182
2023-11-21 11:30:00,48.599998474121094,48.939998626708984,48.5,48.939998626708984,2184247
2023-11-21 12:30:00,48.41999816894531,48.7400016784668,48.400001525878906,48.599998474121094,1656448
2023-11-21 13:30:00,48.5,48.540000915527344,48.31999969482422,48.400001525878906,1182900
2023-11-21 14:30:00,48.599998474121094,48.65999984741211,48.36000061035156,48.52000045776367,1643369
2023-11-21 15:30:00,49.15999984741211,49.2599983215332,48.540000915527344,48.599998474121094,5621793
2023-11-21 16:30:00,49.060001373291016,49.29999923706055,48.91999816894531,49.15999984741211,4210332
2023-11-22 09:30:00,49.220001220703125,49.560001373291016,49.02000045776367,49.02000045776367,7338993
2023-11-22 10:30:00,48.900001525878906,49.2599983215332,48.84000015258789,49.220001220703125,2571645
2023-11-22 11:30:00,48.68000030517578,48.97999954223633,48.58000183105469,48.900001525878906,2124942
2023-11-22 12:30:00,48.7400016784668,48.900001525878906,48.68000030517578,48.68000030517578,1025200
2023-11-22 13:30:00,49.099998474121094,49.13999938964844,48.720001220703125,48.7400016784668,2395265
2023-11-22 14:30:00,49.2400016784668,49.47999954223633,49.060001373291016,49.099998474121094,5183946
2023-11-22 15:30:00,49.380001068115234,49.439998626708984,49.15999984741211,49.220001220703125,1767456
2023-11-22 16:30:00,49.619998931884766,49.79999923706055,49.119998931884766,49.380001068115234,4894406
2023-11-23 09:30:00,50.5,50.5,49.5,49.599998474121094,7740264
2023-11-23 10:30:00,50.599998474121094,50.650001525878906,50.25,50.5,5968028
2023-11-23 11:30:00,50.20000076293945,50.650001525878906,50.099998474121094,50.54999923706055,3905909
2023-11-23 12:30:00,50.400001525878906,50.54999923706055,50.20000076293945,50.25,1057623
2023-11-23 13:30:00,50.150001525878906,51.20000076293945,50.099998474121094,50.400001525878906,14440532
2023-11-23 14:30:00,50.79999923706055,50.900001525878906,49.900001525878906,50.099998474121094,7128351
2023-11-23 15:30:00,51.25,51.45000076293945,50.599998474121094,50.849998474121094,7225710
2023-11-23 16:30:00,51.099998474121094,51.70000076293945,50.900001525878906,51.25,5704823
2023-11-24 09:30:00,49.84000015258789,50.29999923706055,49.36000061035156,50.25,4946220
2023-11-24 10:30:00,50.04999923706055,50.650001525878906,49.79999923706055,49.86000061035156,5470484
2023-11-24 11:30:00,50.04999923706055,50.25,49.79999923706055,50.099998474121094,2873615
2023-11-24 12:30:00,50.599998474121094,50.650001525878906,50.0,50.04999923706055,2610606
2023-11-24 13:30:00,50.400001525878906,50.75,50.099998474121094,50.599998474121094,3381460
2023-11-24 14:30:00,50.849998474121094,50.900001525878906,50.150001525878906,50.400001525878906,3210270
2023-11-24 15:30:00,51.45000076293945,52.0,50.79999923706055,50.79999923706055,8912556
2023-11-24 16:30:00,51.5,51.900001525878906,51.29999923706055,51.45000076293945,3297506
2023-11-27 09:30:00,53.54999923706055,53.900001525878906,52.54999923706055,53.25,9799204
2023-11-27 10:30:00,52.95000076293945,53.849998474121094,52.900001525878906,53.5,6826830
2023-11-27 11:30:00,53.25,53.349998474121094,52.900001525878906,52.95000076293945,2495599
2023-11-27 12:30:00,53.04999923706055,53.45000076293945,52.900001525878906,53.20000076293945,2663279
2023-11-27 13:30:00,53.25,53.349998474121094,53.0,53.04999923706055,1840399
2023-11-27 14:30:00,53.150001525878906,53.349998474121094,53.0,53.25,2426913
2023-11-27 15:30:00,53.400001525878906,53.54999923706055,53.099998474121094,53.099998474121094,2897077
2023-11-27 16:30:00,54.95000076293945,55.25,53.29999923706055,53.400001525878906,15936512
2023-11-28 09:30:00,54.400001525878906,54.75,54.099998474121094,54.20000076293945,4861180
2023-11-28 10:30:00,54.54999923706055,55.400001525878906,54.04999923706055,54.349998474121094,7660385
2023-11-28 11:30:00,54.25,54.650001525878906,54.150001525878906,54.5,3674671
2023-11-28 12:30:00,54.599998474121094,54.900001525878906,54.25,54.25,2648948
2023-11-28 13:30:00,54.25,54.650001525878906,53.900001525878906,54.54999923706055,3798604
2023-11-28 14:30:00,54.95000076293945,55.099998474121094,54.20000076293945,54.25,3259671
2023-11-28 15:30:00,54.95000076293945,55.400001525878906,54.45000076293945,55.0,6348666
2023-11-28 16:30:00,55.04999923706055,55.70000076293945,54.54999923706055,54.95000076293945,7199867
2023-11-29 09:30:00,54.150001525878906,54.75,54.04999923706055,54.5,2858176
2023-11-29 10:30:00,54.54999923706055,55.0,54.099998474121094,54.20000076293945,3823195
2023-11-29 11:30:00,54.25,54.650001525878906,54.099998474121094,54.54999923706055,2085406
2023-11-29 12:30:00,54.5,54.70000076293945,54.25,54.25,1553895
2023-11-29 13:30:00,53.650001525878906,54.599998474121094,53.45000076293945,54.54999923706055,2903640
2023-11-29 14:30:00,53.849998474121094,54.04999923706055,53.54999923706055,53.650001525878906,1652128
2023-11-29 15:30:00,54.20000076293945,54.349998474121094,53.599998474121094,53.849998474121094,2576915
2023-11-29 16:30:00,54.29999923706055,54.70000076293945,54.04999923706055,54.20000076293945,2965999
2023-11-30 09:30:00,54.599998474121094,54.79999923706055,54.0,54.0,3110942
2023-11-30 10:30:00,54.79999923706055,55.04999923706055,54.400001525878906,54.599998474121094,3538482
2023-11-30 11:30:00,55.099998474121094,55.400001525878906,54.650001525878906,54.849998474121094,4804219
2023-11-30 12:30:00,55.150001525878906,55.20000076293945,54.650001525878906,55.150001525878906,2087405
2023-11-30 13:30:00,54.900001525878906,55.20000076293945,54.849998474121094,55.150001525878906,1250690
2023-11-30 14:30:00,54.79999923706055,55.099998474121094,54.70000076293945,54.849998474121094,1194644
2023-11-30 15:30:00,54.0,54.849998474121094,53.849998474121094,54.75,3371288
2023-11-30 16:30:00,53.79999923706055,54.20000076293945,53.650001525878906,54.0,1919639
2023-12-01 09:30:00,56.099998474121094,57.20000076293945,55.54999923706055,56.04999923706055,11528894
2023-12-01 10:30:00,56.150001525878906,56.400001525878906,55.900001525878906,56.099998474121094,3071424
2023-12-01 11:30:00,56.04999923706055,56.349998474121094,55.75,56.150001525878906,2818314
2023-12-01 12:30:00,55.900001525878906,56.20000076293945,55.849998474121094,56.099998474121094,1328325
2023-12-01 13:30:00,55.849998474121094,55.900001525878906,55.400001525878906,55.900001525878906,3067097
2023-12-01 14:30:00,56.0,56.099998474121094,55.75,55.849998474121094,2711532
2023-12-01 15:30:00,56.54999923706055,56.650001525878906,55.95000076293945,56.0,4348596
2023-12-01 16:30:00,55.70000076293945,56.599998474121094,55.400001525878906,56.54999923706055,4507107
2023-12-04 09:30:00,56.04999923706055,56.70000076293945,55.95000076293945,56.599998474121094,4920195
2023-12-04 10:30:00,55.45000076293945,56.349998474121094,55.20000076293945,56.099998474121094,5819325
2023-12-04 11:30:00,55.70000076293945,55.75,55.29999923706055,55.400001525878906,1950244
2023-12-04 12:30:00,55.849998474121094,55.900001525878906,55.54999923706055,55.70000076293945,991110
2023-12-04 13:30:00,56.0,56.150001525878906,55.45000076293945,55.79999923706055,2373409
2023-12-04 14:30:00,55.79999923706055,56.150001525878906,55.79999923706055,56.0,2053653
2023-12-04 15:30:00,55.79999923706055,56.20000076293945,55.75,55.849998474121094,4116868
2023-12-04 16:30:00,56.900001525878906,57.04999923706055,55.79999923706055,55.79999923706055,10592044
2023-12-05 09:30:00,58.29999923706055,58.400001525878906,57.400001525878906,57.900001525878906,6019750
2023-12-05 10:30:00,58.29999923706055,58.45000076293945,57.70000076293945,58.29999923706055,3187076
2023-12-05 11:30:00,58.400001525878906,58.45000076293945,58.04999923706055,58.25,2771461
2023-12-05 12:30:00,58.45000076293945,58.79999923706055,58.04999923706055,58.400001525878906,4157813
2023-12-05 13:30:00,58.5,58.70000076293945,58.150001525878906,58.45000076293945,2116348
2023-12-05 14:30:00,58.04999923706055,58.79999923706055,58.0,58.54999923706055,3787961
2023-12-05 15:30:00,58.20000076293945,58.400001525878906,57.79999923706055,58.04999923706055,3195493
2023-12-05 16:30:00,58.849998474121094,59.0,58.0,58.20000076293945,5897469
2023-12-06 09:30:00,60.20000076293945,60.29999923706055,58.29999923706055,58.45000076293945,9909762
2023-12-06 10:30:00,61.45000076293945,62.099998474121094,60.0,60.20000076293945,11879872
2023-12-06 11:30:00,60.5,61.5,60.45000076293945,61.5,5797619
2023-12-06 12:30:00,60.150001525878906,60.849998474121094,60.04999923706055,60.45000076293945,4160938
2023-12-06 13:30:00,60.45000076293945,60.5,59.95000076293945,60.150001525878906,3717962
2023-12-06 14:30:00,60.54999923706055,60.650001525878906,60.150001525878906,60.5,3999959
2023-12-06 15:30:00,60.400001525878906,60.599998474121094,60.150001525878906,60.5,2112919
2023-12-06 16:30:00,60.20000076293945,60.75,59.95000076293945,60.349998474121094,4715106
2023-12-07 09:30:00,59.45000076293945,60.099998474121094,58.70000076293945,60.0,4379036
2023-12-07 10:30:00,58.04999923706055,59.599998474121094,57.79999923706055,59.45000076293945,4442404
2023-12-07 11:30:00,58.54999923706055,58.70000076293945,57.900001525878906,58.0,2242514
2023-12-07 12:30:00,58.650001525878906,58.70000076293945,58.20000076293945,58.54999923706055,1658578
2023-12-07 13:30:00,58.5,59.04999923706055,58.45000076293945,58.650001525878906,3919816
2023-12-07 14:30:00,58.04999923706055,58.54999923706055,57.900001525878906,58.5,2404607
2023-12-07 15:30:00,57.29999923706055,58.349998474121094,57.04999923706055,58.099998474121094,4057760
2023-12-07 16:30:00,58.349998474121094,58.75,57.25,57.29999923706055,5416135
2023-12-08 09:30:00,59.150001525878906,60.650001525878906,59.099998474121094,59.599998474121094,7900328
2023-12-08 10:30:00,58.5,59.599998474121094,58.099998474121094,59.099998474121094,4872257
2023-12-08 11:30:00,58.25,59.150001525878906,58.25,58.5,3092779
2023-12-08 12:30:00,58.29999923706055,58.54999923706055,58.04999923706055,58.25,1752214
2023-12-08 13:30:00,58.0,58.349998474121094,57.79999923706055,58.25,2287275
2023-12-08 14:30:00,58.150001525878906,58.20000076293945,57.849998474121094,58.0,1900317
2023-12-08 15:30:00,58.29999923706055,58.5,58.04999923706055,58.150001525878906,2934675
2023-12-08 16:30:00,57.5,58.349998474121094,57.400001525878906,58.25,3512724
2023-12-11 09:30:00,57.849998474121094,58.150001525878906,57.150001525878906,57.599998474121094,5464318
2023-12-11 10:30:00,57.599998474121094,58.04999923706055,57.25,57.849998474121094,4140086
2023-12-11 11:30:00,57.0,57.70000076293945,56.95000076293945,57.54999923706055,2111510
2023-12-11 12:30:00,56.650001525878906,57.04999923706055,56.400001525878906,57.0,2690062
2023-12-11 13:30:00,56.70000076293945,56.849998474121094,56.45000076293945,56.650001525878906,1925373
2023-12-11 14:30:00,56.79999923706055,56.900001525878906,56.5,56.650001525878906,1228542
2023-12-11 15:30:00,56.5,56.79999923706055,56.150001525878906,56.75,1914045
2023-12-11 16:30:00,57.099998474121094,57.45000076293945,56.20000076293945,56.5,3808779
2023-12-12 09:30:00,56.5,56.650001525878906,56.150001525878906,56.29999923706055,3199998
2023-12-12 10:30:00,56.849998474121094,57.099998474121094,56.349998474121094,56.54999923706055,5212280
2023-12-12 11:30:00,56.599998474121094,57.04999923706055,56.5,56.849998474121094,2314104
2023-12-12 12:30:00,56.900001525878906,57.04999923706055,56.5,56.599998474121094,4589932
2023-12-12 13:30:00,57.099998474121094,57.29999923706055,56.54999923706055,56.900001525878906,5065450
2023-12-12 14:30:00,58.79999923706055,58.849998474121094,56.95000076293945,57.099998474121094,9658829
2023-12-12 15:30:00,59.45000076293945,59.599998474121094,58.54999923706055,58.79999923706055,6944443
2023-12-12 16:30:00,59.70000076293945,59.95000076293945,59.04999923706055,59.45000076293945,6776096
2023-12-13 09:30:00,59.70000076293945,61.099998474121094,59.099998474121094,59.099998474121094,10580048
2023-12-13 10:30:00,58.599998474121094,59.900001525878906,58.349998474121094,59.70000076293945,5444292
2023-12-13 11:30:00,59.29999923706055,59.54999923706055,58.45000076293945,58.599998474121094,3624230
2023-12-13 12:30:00,59.0,59.45000076293945,58.79999923706055,59.29999923706055,2261464
2023-12-13 13:30:00,59.650001525878906,59.70000076293945,58.599998474121094,59.0,2529161
2023-12-13 14:30:00,61.150001525878906,61.75,59.5,59.650001525878906,11902565
2023-12-13 15:30:00,60.099998474121094,61.349998474121094,59.900001525878906,61.150001525878906,5397858
2023-12-13 16:30:00,60.04999923706055,60.75,59.0,60.04999923706055,6267462
2023-12-14 09:30:00,59.849998474121094,60.650001525878906,59.75,60.150001525878906,5942599
2023-12-14 10:30:00,59.400001525878906,60.45000076293945,59.150001525878906,59.849998474121094,6148644
2023-12-14 11:30:00,60.400001525878906,60.900001525878906,59.400001525878906,59.400001525878906,6524847
2023-12-14 12:30:00,60.70000076293945,60.70000076293945,60.099998474121094,60.400001525878906,2462142
2023-12-14 13:30:00,61.29999923706055,61.29999923706055,60.5,60.70000076293945,4683135
2023-12-14 14:30:00,62.29999923706055,62.45000076293945,61.20000076293945,61.29999923706055,10295966
2023-12-14 15:30:00,62.900001525878906,62.95000076293945,61.900001525878906,62.29999923706055,4062393
2023-12-14 16:30:00,62.25,63.0,62.099998474121094,62.900001525878906,6984392
2023-12-15 09:30:00,62.75,63.400001525878906,62.599998474121094,62.900001525878906,5906478
2023-12-15 10:30:00,63.349998474121094,63.599998474121094,62.20000076293945,62.75,7689228
2023-12-15 11:30:00,64.1500015258789,64.19999694824219,63.150001525878906,63.400001525878906,6888209
2023-12-15 12:30:00,63.79999923706055,64.19999694824219,63.5,64.1500015258789,3683123
2023-12-15 13:30:00,63.650001525878906,63.95000076293945,63.400001525878906,63.79999923706055,2632715
2023-12-15 14:30:00,63.0,63.75,62.79999923706055,63.650001525878906,2540193
2023-12-15 15:30:00,62.400001525878906,63.29999923706055,61.75,62.95000076293945,5038402
2023-12-15 16:30:00,62.20000076293945,62.650001525878906,61.900001525878906,62.400001525878906,4472111
2023-12-18 09:30:00,62.45000076293945,62.79999923706055,61.25,61.5,6182243
2023-12-18 10:30:00,62.04999923706055,62.54999923706055,61.650001525878906,62.400001525878906,3185012
2023-12-18 11:30:00,62.25,62.349998474121094,61.75,62.099998474121094,1997980
2023-12-18 12:30:00,62.25,62.45000076293945,62.04999923706055,62.29999923706055,1467802
2023-12-18 13:30:00,62.150001525878906,62.70000076293945,62.0,62.25,2658951
2023-12-18 14:30:00,62.150001525878906,62.29999923706055,61.95000076293945,62.099998474121094,2256371
2023-12-18 15:30:00,62.45000076293945,62.54999923706055,61.75,62.150001525878906,2731963
2023-12-18 16:30:00,61.95000076293945,62.54999923706055,61.75,62.400001525878906,2783358
2023-12-19 09:30:00,61.54999923706055,62.599998474121094,61.54999923706055,62.099998474121094,2998932
2023-12-19 10:30:00,60.349998474121094,61.70000076293945,60.29999923706055,61.5,4957232
2023-12-19 11:30:00,60.29999923706055,60.900001525878906,60.099998474121094,60.349998474121094,2493738
2023-12-19 12:30:00,60.650001525878906,60.650001525878906,59.900001525878906,60.29999923706055,2094131
2023-12-19 13:30:00,60.599998474121094,60.79999923706055,60.099998474121094,60.650001525878906,2085998
2023-12-19 14:30:00,60.0,61.20000076293945,59.900001525878906,60.599998474121094,2815213
2023-12-19 15:30:00,60.349998474121094,60.70000076293945,59.900001525878906,60.0,2056919
2023-12-19 16:30:00,60.5,60.95000076293945,60.25,60.349998474121094,2725238
2023-12-20 09:30:00,60.900001525878906,61.20000076293945,60.400001525878906,60.599998474121094,3894549
2023-12-20 10:30:00,60.900001525878906,61.400001525878906,60.75,60.849998474121094,2751139
2023-12-20 11:30:00,60.599998474121094,60.95000076293945,60.150001525878906,60.900001525878906,2753167
2023-12-20 12:30:00,60.95000076293945,61.25,60.25,60.650001525878906,2144751
2023-12-20 13:30:00,61.25,61.849998474121094,60.95000076293945,60.95000076293945,3249045
2023-12-20 14:30:00,61.5,61.70000076293945,61.04999923706055,61.20000076293945,1837820
2023-12-20 15:30:00,61.349998474121094,61.54999923706055,60.79999923706055,61.5,1386309
2023-12-20 16:30:00,62.04999923706055,62.5,61.29999923706055,61.349998474121094,6081020
2023-12-21 09:30:00,63.099998474121094,63.25,62.349998474121094,62.95000076293945,5814018
2023-12-21 10:30:00,62.79999923706055,63.599998474121094,62.400001525878906,63.150001525878906,7800700
2023-12-21 11:30:00,62.70000076293945,62.95000076293945,62.5,62.79999923706055,2371085
2023-12-21 12:30:00,62.650001525878906,62.75,62.5,62.70000076293945,1410741
2023-12-21 13:30:00,62.70000076293945,63.099998474121094,62.25,62.599998474121094,6037469
2023-12-21 14:30:00,61.349998474121094,62.900001525878906,61.29999923706055,62.70000076293945,4398984
2023-12-21 15:30:00,62.150001525878906,62.20000076293945,61.20000076293945,61.349998474121094,2439555
2023-12-21 16:30:00,62.599998474121094,62.75,61.95000076293945,62.20000076293945,4464933
2023-12-22 09:30:00,61.79999923706055,62.54999923706055,61.54999923706055,62.349998474121094,2901834
2023-12-22 10:30:00,61.54999923706055,61.900001525878906,61.400001525878906,61.79999923706055,3355042
2023-12-22 11:30:00,61.25,61.599998474121094,61.150001525878906,61.54999923706055,1942182
2023-12-22 12:30:00,61.20000076293945,61.54999923706055,61.0,61.20000076293945,2279468
2023-12-22 13:30:00,61.349998474121094,61.650001525878906,61.20000076293945,61.25,2837701
2023-12-22 14:30:00,61.45000076293945,61.45000076293945,60.900001525878906,61.29999923706055,3305724
2023-12-22 15:30:00,61.45000076293945,61.95000076293945,61.0,61.400001525878906,4088543
2023-12-22 16:30:00,61.54999923706055,61.849998474121094,61.04999923706055,61.45000076293945,4042792
2023-12-25 09:30:00,59.25,60.099998474121094,58.95000076293945,59.79999923706055,2800079
2023-12-25 10:30:00,58.25,59.25,58.04999923706055,59.25,2939261
2023-12-25 11:30:00,58.29999923706055,58.849998474121094,58.20000076293945,58.25,1015386
2023-12-25 12:30:00,58.75,58.75,58.150001525878906,58.25,1067197
2023-12-25 13:30:00,58.25,58.75,58.0,58.75,607767
2023-12-25 14:30:00,58.400001525878906,58.650001525878906,58.099998474121094,58.20000076293945,790626
2023-12-25 15:30:00,58.5,58.70000076293945,58.349998474121094,58.400001525878906,905805
2023-12-25 16:30:00,56.849998474121094,58.5,56.849998474121094,58.5,2586212
2023-12-26 09:30:00,57.599998474121094,58.349998474121094,57.349998474121094,58.20000076293945,2693905
2023-12-26 10:30:00,57.650001525878906,58.29999923706055,57.0,57.599998474121094,2307604
2023-12-26 11:30:00,56.29999923706055,57.70000076293945,56.099998474121094,57.650001525878906,4542510
2023-12-26 12:30:00,55.29999923706055,56.599998474121094,55.29999923706055,56.29999923706055,3535281
2023-12-26 13:30:00,55.95000076293945,56.400001525878906,54.70000076293945,55.25,4388845
2023-12-26 14:30:00,56.25,56.400001525878906,55.75,56.0,3031578
2023-12-26 15:30:00,56.5,57.099998474121094,56.20000076293945,56.20000076293945,5272522
2023-12-26 16:30:00,56.599998474121094,57.29999923706055,56.099998474121094,56.45000076293945,4180544
2023-12-27 09:30:00,55.54999923706055,56.0,55.29999923706055,56.0,2537406
2023-12-27 10:30:00,55.400001525878906,56.04999923706055,55.25,55.599998474121094,3192419
2023-12-27 11:30:00,55.400001525878906,55.70000076293945,55.25,55.349998474121094,2071425
2023-12-27 12:30:00,55.650001525878906,55.75,55.29999923706055,55.45000076293945,1842095
2023-12-27 13:30:00,55.599998474121094,55.849998474121094,55.400001525878906,55.650001525878906,2328254
2023-12-27 14:30:00,55.75,56.099998474121094,55.29999923706055,55.599998474121094,3376162
2023-12-27 15:30:00,56.349998474121094,56.45000076293945,55.45000076293945,55.75,3091871
2023-12-27 16:30:00,55.75,56.45000076293945,55.45000076293945,56.349998474121094,2696381
2023-12-28 09:30:00,56.150001525878906,56.599998474121094,55.79999923706055,56.5,2589438
2023-12-28 10:30:00,56.54999923706055,56.79999923706055,56.099998474121094,56.099998474121094,4338352
2023-12-28 11:30:00,56.95000076293945,57.20000076293945,56.25,56.5,2100702
2023-12-28 12:30:00,56.79999923706055,57.0,56.70000076293945,56.95000076293945,783612
2023-12-28 13:30:00,56.25,56.79999923706055,56.150001525878906,56.79999923706055,1657742
2023-12-28 14:30:00,56.349998474121094,56.650001525878906,56.150001525878906,56.25,1402751
2023-12-28 15:30:00,55.849998474121094,56.400001525878906,55.5,56.349998474121094,2073245
2023-12-28 16:30:00,55.900001525878906,56.54999923706055,55.70000076293945,55.900001525878906,2488108
2023-12-29 09:30:00,56.79999923706055,57.099998474121094,56.20000076293945,56.25,3117571
2023-12-29 10:30:00,57.0,57.599998474121094,56.75,56.75,4775210
2023-12-29 11:30:00,57.20000076293945,57.400001525878906,56.900001525878906,56.95000076293945,1565043
2023-12-29 12:30:00,57.29999923706055,57.5,57.099998474121094,57.20000076293945,1133565
2023-12-29 13:30:00,57.45000076293945,57.5,57.099998474121094,57.29999923706055,1116517
2023-12-29 14:30:00,58.29999923706055,58.54999923706055,57.400001525878906,57.45000076293945,4176183
2023-12-29 15:30:00,58.400001525878906,58.599998474121094,58.150001525878906,58.25,1751307
2023-12-29 16:30:00,58.5,58.599998474121094,58.099998474121094,58.45000076293945,1945710
2024-01-02 09:30:00,59.75,59.849998474121094,59.25,59.29999923706055,2923151
2024-01-02 10:30:00,59.400001525878906,60.150001525878906,59.400001525878906,59.75,2808330
2024-01-02 11:30:00,59.04999923706055,59.599998474121094,58.900001525878906,59.45000076293945,1523628
2024-01-02 12:30:00,59.0,59.349998474121094,58.849998474121094,59.0,1237709
2024-01-02 13:30:00,59.099998474121094,59.29999923706055,58.95000076293945,59.0,854339
2024-01-02 14:30:00,58.45000076293945,59.099998474121094,58.349998474121094,59.099998474121094,1836283
2024-01-02 15:30:00,58.400001525878906,58.79999923706055,58.25,58.400001525878906,1406688
2024-01-02 16:30:00,58.75,59.0,58.400001525878906,58.400001525878906,1489901
2024-01-03 09:30:00,58.150001525878906,59.150001525878906,57.849998474121094,58.599998474121094,3889391
2024-01-03 10:30:00,58.400001525878906,58.70000076293945,58.04999923706055,58.099998474121094,2234361
2024-01-03 11:30:00,57.900001525878906,58.45000076293945,57.900001525878906,58.349998474121094,2221023
2024-01-03 12:30:00,57.79999923706055,58.099998474121094,57.70000076293945,57.900001525878906,1520355
2024-01-03 13:30:00,57.70000076293945,58.099998474121094,57.650001525878906,57.79999923706055,1432031
2024-01-03 14:30:00,57.599998474121094,57.849998474121094,57.400001525878906,57.650001525878906,1419426
2024-01-03 15:30:00,57.54999923706055,57.79999923706055,57.45000076293945,57.54999923706055,1100219
2024-01-03 16:30:00,56.70000076293945,57.54999923706055,56.54999923706055,57.5,2954030
2024-01-04 09:30:00,55.650001525878906,56.900001525878906,55.0,56.400001525878906,4928210
2024-01-04 10:30:00,56.45000076293945,56.54999923706055,55.45000076293945,55.650001525878906,3330816
2024-01-04 11:30:00,56.79999923706055,57.75,56.45000076293945,56.5,6018838
2024-01-04 12:30:00,56.900001525878906,56.95000076293945,56.54999923706055,56.79999923706055,1739305
2024-01-04 13:30:00,56.400001525878906,56.900001525878906,56.20000076293945,56.900001525878906,2578640
2024-01-04 14:30:00,56.650001525878906,56.95000076293945,56.349998474121094,56.349998474121094,1173573
2024-01-04 15:30:00,57.29999923706055,57.349998474121094,56.54999923706055,56.70000076293945,3606171
2024-01-04 16:30:00,57.29999923706055,57.599998474121094,57.04999923706055,57.349998474121094,3988848
2024-01-05 09:30:00,57.349998474121094,58.0,57.20000076293945,57.70000076293945,3478747
2024-01-05 10:30:00,57.0,57.45000076293945,56.54999923706055,57.400001525878906,4879935
2024-01-05 11:30:00,56.849998474121094,57.04999923706055,56.599998474121094,57.0,1507592
2024-01-05 12:30:00,56.79999923706055,56.95000076293945,56.599998474121094,56.849998474121094,999646
2024-01-05 13:30:00,56.75,56.900001525878906,56.650001525878906,56.79999923706055,1010541
2024-01-05 14:30:00,56.900001525878906,57.04999923706055,56.70000076293945,56.79999923706055,1879781
2024-01-05 15:30:00,57.099998474121094,57.20000076293945,56.79999923706055,56.900001525878906,2182330
2024-01-05 16:30:00,57.20000076293945,57.54999923706055,56.95000076293945,57.099998474121094,3342003
2024-01-08 09:30:00,59.20000076293945,59.349998474121094,58.29999923706055,58.29999923706055,7363068
2024-01-08 10:30:00,59.79999923706055,59.900001525878906,59.150001525878906,59.25,8994371
2024-01-08 11:30:00,60.45000076293945,60.70000076293945,59.75,59.79999923706055,9356415
2024-01-08 12:30:00,60.25,60.45000076293945,60.0,60.400001525878906,2523291
2024-01-08 13:30:00,60.400001525878906,60.45000076293945,60.04999923706055,60.25,2029310
2024-01-08 14:30:00,61.54999923706055,61.79999923706055,60.20000076293945,60.400001525878906,9382638
2024-01-08 15:30:00,61.849998474121094,62.150001525878906,61.349998474121094,61.54999923706055,6473899
2024-01-08 16:30:00,62.04999923706055,62.25,61.54999923706055,61.849998474121094,6459725
2024-01-09 09:30:00,61.95000076293945,62.599998474121094,61.5,62.400001525878906,7348798
2024-01-09 10:30:00,62.5,63.150001525878906,61.650001525878906,61.900001525878906,9697514
2024-01-09 11:30:00,62.29999923706055,62.75,61.900001525878906,62.5,3625115
2024-01-09 12:30:00,62.54999923706055,62.849998474121094,62.04999923706055,62.29999923706055,3490790
2024-01-09 13:30:00,62.95000076293945,63.099998474121094,62.54999923706055,62.54999923706055,4800323
2024-01-09 14:30:00,62.75,63.70000076293945,62.5,63.0,9069816
2024-01-09 15:30:00,61.95000076293945,62.75,61.70000076293945,62.75,8342555
2024-01-09 16:30:00,62.0,62.150001525878906,61.25,61.95000076293945,6138943
2024-01-10 09:30:00,63.25,63.25,62.349998474121094,62.5,4309249
2024-01-10 10:30:00,63.04999923706055,63.849998474121094,62.849998474121094,63.25,6592779
2024-01-10 11:30:00,63.349998474121094,63.650001525878906,62.849998474121094,63.04999923706055,3078776
2024-01-10 12:30:00,62.95000076293945,63.54999923706055,62.95000076293945,63.349998474121094,1728475
2024-01-10 13:30:00,63.5,63.70000076293945,62.900001525878906,62.95000076293945,2510013
2024-01-10 14:30:00,63.650001525878906,63.95000076293945,63.29999923706055,63.5,2891228
2024-01-10 15:30:00,63.5,64.19999694824219,63.29999923706055,63.650001525878906,5284610
2024-01-10 16:30:00,63.79999923706055,64.44999694824219,63.349998474121094,63.5,8170358
2024-01-11 09:30:00,66.75,68.69999694824219,64.0,64.25,14198230
2024-01-11 10:30:00,66.19999694824219,66.9000015258789,65.5,66.80000305175781,9122676
2024-01-11 11:30:00,66.30000305175781,66.5,65.69999694824219,66.19999694824219,3730509
2024-01-11 12:30:00,66.05000305175781,66.44999694824219,65.94999694824219,66.3499984741211,1683410
2024-01-11 13:30:00,66.0999984741211,66.1500015258789,65.5999984741211,66.0,2343285
2024-01-11 14:30:00,65.9000015258789,66.25,65.75,66.0999984741211,2566834
2024-01-11 15:30:00,66.1500015258789,66.25,65.0999984741211,65.9000015258789,4133761
2024-01-11 16:30:00,66.0,66.25,65.44999694824219,66.1500015258789,4506131
2024-01-12 09:30:00,65.05000305175781,66.0999984741211,64.6500015258789,65.4000015258789,6970385
2024-01-12 10:30:00,66.6500015258789,67.0,65.05000305175781,65.05000305175781,7751637
2024-01-12 11:30:00,66.4000015258789,67.0,66.1500015258789,66.6500015258789,4324097
2024-01-12 12:30:00,66.69999694824219,66.69999694824219,66.05000305175781,66.4000015258789,3392548
2024-01-12 13:30:00,66.94999694824219,67.30000305175781,66.44999694824219,66.6500015258789,9365730
2024-01-12 14:30:00,68.6500015258789,68.80000305175781,66.8499984741211,66.94999694824219,14933521
2024-01-12 15:30:00,68.55000305175781,69.1500015258789,68.19999694824219,68.5999984741211,7279431
2024-01-12 16:30:00,68.30000305175781,69.19999694824219,68.19999694824219,68.55000305175781,6610365
2024-01-15 09:30:00,67.0,67.6500015258789,66.4000015258789,67.05000305175781,5478878
2024-01-15 10:30:00,66.94999694824219,67.19999694824219,66.1500015258789,67.0,5174871
2024-01-15 11:30:00,66.94999694824219,67.30000305175781,66.75,66.9000015258789,3262667
2024-01-15 12:30:00,66.75,67.0999984741211,66.5,66.94999694824219,1178684
2024-01-15 13:30:00,66.9000015258789,67.05000305175781,66.5,66.69999694824219,1834694
2024-01-15 14:30:00,66.80000305175781,67.3499984741211,66.69999694824219,66.9000015258789,3242877
2024-01-15 15:30:00,66.4000015258789,67.19999694824219,66.25,66.80000305175781,3071705
2024-01-15 16:30:00,66.3499984741211,66.8499984741211,66.19999694824219,66.4000015258789,2837454
2024-01-16 09:30:00,65.3499984741211,67.3499984741211,65.0999984741211,66.4000015258789,6321688
2024-01-16 10:30:00,64.0999984741211,65.69999694824219,63.75,65.3499984741211,8615894
2024-01-16 11:30:00,63.95000076293945,64.5,63.79999923706055,64.0999984741211,2978305
2024-01-16 12:30:00,63.79999923706055,64.1500015258789,63.650001525878906,63.95000076293945,2704055
2024-01-16 13:30:00,63.900001525878906,64.19999694824219,63.650001525878906,63.79999923706055,2537417
2024-01-16 14:30:00,64.05000305175781,64.25,63.75,63.849998474121094,3101133
2024-01-16 15:30:00,63.95000076293945,64.3499984741211,63.79999923706055,64.0,3448700
2024-01-16 16:30:00,63.79999923706055,64.05000305175781,63.650001525878906,63.95000076293945,4509089
2024-01-17 09:30:00,64.19999694824219,64.5,63.400001525878906,63.5,6704642
2024-01-17 10:30:00,64.4000015258789,64.5,64.05000305175781,64.19999694824219,5362076
2024-01-17 11:30:00,64.05000305175781,64.4000015258789,63.900001525878906,64.3499984741211,2148865
2024-01-17 12:30:00,64.05000305175781,64.19999694824219,64.0,64.0999984741211,802120
2024-01-17 13:30:00,63.900001525878906,64.25,63.79999923706055,64.05000305175781,2094304
2024-01-17 14:30:00,63.150001525878906,64.05000305175781,62.900001525878906,63.900001525878906,3643282
2024-01-17 15:30:00,63.25,63.5,63.04999923706055,63.150001525878906,1608736
2024-01-17 16:30:00,63.45000076293945,63.45000076293945,63.0,63.29999923706055,1846684
2024-01-18 09:30:00,64.44999694824219,65.30000305175781,64.30000305175781,64.94999694824219,7722073
2024-01-18 10:30:00,64.1500015258789,64.5999984741211,63.95000076293945,64.5,3844708
2024-01-18 11:30:00,64.05000305175781,64.25,64.0,64.1500015258789,1427912
2024-01-18 12:30:00,63.95000076293945,64.4000015258789,63.70000076293945,64.05000305175781,2908725
2024-01-18 13:30:00,64.0999984741211,64.30000305175781,63.900001525878906,63.95000076293945,1334522
2024-01-18 14:30:00,64.1500015258789,64.4000015258789,64.0,64.0999984741211,1468936
2024-01-18 15:30:00,64.19999694824219,64.3499984741211,64.0,64.1500015258789,1346531
2024-01-18 16:30:00,63.54999923706055,64.25,63.400001525878906,64.19999694824219,2713667
2024-01-19 09:30:00,62.5,63.29999923706055,62.29999923706055,63.25,3432986
2024-01-19 10:30:00,62.400001525878906,63.0,62.20000076293945,62.5,3242300
2024-01-19 11:30:00,62.349998474121094,62.5,61.900001525878906,62.400001525878906,2895464
2024-01-19 12:30:00,62.20000076293945,62.45000076293945,62.099998474121094,62.29999923706055,1447482
2024-01-19 13:30:00,62.79999923706055,62.849998474121094,62.20000076293945,62.25,1809963
2024-01-19 14:30:00,63.650001525878906,64.05000305175781,62.650001525878906,62.79999923706055,7324566
2024-01-19 15:30:00,63.650001525878906,64.05000305175781,63.54999923706055,63.70000076293945,3014574
2024-01-19 16:30:00,63.599998474121094,63.79999923706055,63.150001525878906,63.650001525878906,3543153
2024-01-22 09:30:00,62.20000076293945,63.25,61.650001525878906,63.20000076293945,4452076
2024-01-22 10:30:00,62.20000076293945,62.400001525878906,62.0,62.20000076293945,3365144
2024-01-22 11:30:00,62.0,62.349998474121094,61.900001525878906,62.150001525878906,2135553
2024-01-22 12:30:00,62.25,62.349998474121094,61.95000076293945,62.0,2279268
2024-01-22 13:30:00,62.599998474121094,63.04999923706055,62.20000076293945,62.29999923706055,4301627
2024-01-22 14:30:00,62.400001525878906,62.650001525878906,62.25,62.54999923706055,2456863
2024-01-22 15:30:00,62.75,62.900001525878906,62.349998474121094,62.400001525878906,3001681
2024-01-22 16:30:00,62.349998474121094,62.79999923706055,62.25,62.75,1864754
2024-01-23 09:30:00,62.70000076293945,63.349998474121094,62.5,63.0,6416769
2024-01-23 10:30:00,62.150001525878906,62.900001525878906,61.900001525878906,62.70000076293945,6480244
2024-01-23 11:30:00,61.099998474121094,62.20000076293945,60.79999923706055,62.099998474121094,6073830
2024-01-23 12:30:00,61.0,61.25,60.79999923706055,61.099998474121094,3182604
2024-01-23 13:30:00,60.599998474121094,61.099998474121094,60.29999923706055,61.04999923706055,4021250
2024-01-23 14:30:00,60.75,61.04999923706055,60.5,60.54999923706055,2419189
2024-01-23 15:30:00,60.650001525878906,60.900001525878906,60.5,60.75,1917146
2024-01-23 16:30:00,59.849998474121094,60.599998474121094,59.849998474121094,60.599998474121094,3382633
2024-01-24 09:30:00,61.0,61.79999923706055,60.29999923706055,60.650001525878906,5870483
2024-01-24 10:30:00,61.0,61.5,60.54999923706055,61.0,4195804
2024-01-24 11:30:00,61.29999923706055,61.349998474121094,60.79999923706055,61.04999923706055,1801381
2024-01-24 12:30:00,61.95000076293945,62.25,61.20000076293945,61.29999923706055,7016609
2024-01-24 13:30:00,61.900001525878906,62.150001525878906,61.70000076293945,61.900001525878906,2216982
2024-01-24 14:30:00,62.5,62.5,61.75,61.900001525878906,3831184
2024-01-24 15:30:00,63.099998474121094,63.650001525878906,61.95000076293945,62.5,13055598
2024-01-24 16:30:00,62.70000076293945,63.150001525878906,62.45000076293945,63.150001525878906,4353150
2024-01-25 09:30:00,62.650001525878906,62.95000076293945,62.29999923706055,62.5,4853898
2024-01-25 10:30:00,62.54999923706055,62.650001525878906,62.349998474121094,62.599998474121094,1908809
2024-01-25 11:30:00,62.650001525878906,62.79999923706055,62.5,62.54999923706055,1533401
2024-01-25 12:30:00,62.79999923706055,62.95000076293945,62.599998474121094,62.599998474121094,1681933
2024-01-25 13:30:00,62.349998474121094,63.599998474121094,62.349998474121094,62.79999923706055,8757155
2024-01-25 14:30:00,61.849998474121094,62.54999923706055,61.75,62.349998474121094,5137265
2024-01-25 15:30:00,61.900001525878906,62.20000076293945,61.75,61.849998474121094,1689912
2024-01-25 16:30:00,62.04999923706055,62.20000076293945,61.79999923706055,61.849998474121094,1621592
2024-01-26 09:30:00,62.150001525878906,62.45000076293945,62.04999923706055,62.20000076293945,2939397
2024-01-26 10:30:00,61.75,62.25,61.54999923706055,62.20000076293945,4380087
2024-01-26 11:30:00,61.75,61.900001525878906,61.599998474121094,61.70000076293945,1905745
2024-01-26 12:30:00,61.75,61.79999923706055,61.54999923706055,61.75,2000213
2024-01-26 13:30:00,61.900001525878906,61.900001525878906,61.599998474121094,61.75,1320712
2024-01-26 14:30:00,62.75,62.849998474121094,61.849998474121094,61.900001525878906,7285975
2024-01-26 15:30:00,63.150001525878906,63.400001525878906,62.70000076293945,62.75,5244639
2024-01-26 16:30:00,62.95000076293945,63.25,62.75,63.150001525878906,4055923
2024-01-29 09:30:00,63.400001525878906,64.05000305175781,63.400001525878906,63.849998474121094,4387237
2024-01-29 10:30:00,63.54999923706055,63.900001525878906,63.349998474121094,63.400001525878906,3661825
2024-01-29 11:30:00,63.45000076293945,63.70000076293945,63.349998474121094,63.54999923706055,1847629
2024-01-29 12:30:00,62.95000076293945,63.54999923706055,62.79999923706055,63.45000076293945,1658910
2024-01-29 13:30:00,63.099998474121094,63.150001525878906,62.75,62.95000076293945,1395666
2024-01-29 14:30:00,63.150001525878906,63.45000076293945,63.0,63.099998474121094,2113909
2024-01-29 15:30:00,62.900001525878906,63.20000076293945,62.75,63.150001525878906,1674023
2024-01-29 16:30:00,62.70000076293945,63.04999923706055,62.5,62.900001525878906,1779685
2024-01-30 09:30:00,64.0,64.4000015258789,63.70000076293945,64.0999984741211,7755196
2024-01-30 10:30:00,62.70000076293945,64.0,62.349998474121094,64.0,7495597
2024-01-30 11:30:00,63.400001525878906,63.5,62.45000076293945,62.70000076293945,6009002
2024-01-30 12:30:00,63.900001525878906,64.05000305175781,63.349998474121094,63.400001525878906,5723398
2024-01-30 13:30:00,63.599998474121094,63.95000076293945,63.5,63.95000076293945,2694077
2024-01-30 14:30:00,64.05000305175781,64.1500015258789,63.5,63.599998474121094,3524018
2024-01-30 15:30:00,63.900001525878906,64.19999694824219,63.650001525878906,64.05000305175781,5245978
2024-01-30 16:30:00,64.0,64.1500015258789,63.849998474121094,63.900001525878906,4732722
2024-01-31 09:30:00,63.400001525878906,63.75,63.400001525878906,63.650001525878906,2762599
2024-01-31 10:30:00,62.70000076293945,63.45000076293945,62.599998474121094,63.45000076293945,4012666
2024-01-31 11:30:00,63.0,63.150001525878906,62.650001525878906,62.650001525878906,2664070
2024-01-31 12:30:00,62.900001525878906,63.099998474121094,62.849998474121094,63.04999923706055,805182
2024-01-31 13:30:00,63.150001525878906,63.150001525878906,62.79999923706055,62.849998474121094,1417819
2024-01-31 14:30:00,63.0,63.150001525878906,62.849998474121094,63.150001525878906,831406
2024-01-31 15:30:00,62.95000076293945,63.20000076293945,62.79999923706055,62.95000076293945,1967702
2024-01-31 16:30:00,64.0,64.30000305175781,62.900001525878906,62.95000076293945,8899370
2024-02-01 09:30:00,63.900001525878906,64.1500015258789,63.45000076293945,63.45000076293945,2579158
2024-02-01 10:30:00,64.05000305175781,64.4000015258789,63.75,63.849998474121094,4644369
2024-02-01 11:30:00,64.25,64.3499984741211,64.05000305175781,64.05000305175781,1980289
2024-02-01 12:30:00,64.69999694824219,64.94999694824219,64.25,64.30000305175781,3891522
2024-02-01 13:30:00,64.94999694824219,65.0,64.4000015258789,64.69999694824219,2349003
2024-02-01 14:30:00,65.30000305175781,65.8499984741211,64.8499984741211,64.94999694824219,5817876
2024-02-01 15:30:00,64.9000015258789,65.5999984741211,64.80000305175781,65.3499984741211,3020203
2024-02-01 16:30:00,64.80000305175781,65.05000305175781,64.5999984741211,64.9000015258789,3361165
2024-02-02 09:30:00,64.80000305175781,65.44999694824219,64.5999984741211,64.5999984741211,4108455
2024-02-02 10:30:00,65.0999984741211,65.69999694824219,64.75,64.80000305175781,5927499
2024-02-02 11:30:00,64.80000305175781,65.1500015258789,64.4000015258789,65.1500015258789,3549382
2024-02-02 12:30:00,64.69999694824219,64.9000015258789,64.6500015258789,64.80000305175781,1020814
2024-02-02 13:30:00,64.94999694824219,65.05000305175781,64.5999984741211,64.69999694824219,849064
2024-02-02 14:30:00,64.5999984741211,65.05000305175781,64.55000305175781,64.94999694824219,1050965
2024-02-02 15:30:00,63.849998474121094,64.6500015258789,63.79999923706055,64.5999984741211,2789520
2024-02-02 16:30:00,63.79999923706055,64.05000305175781,63.650001525878906,63.900001525878906,1947605
2024-02-05 09:30:00,64.55000305175781,65.19999694824219,64.25,65.19999694824219,3140280
2024-02-05 10:30:00,66.05000305175781,66.44999694824219,64.4000015258789,64.5999984741211,9645251
2024-02-05 11:30:00,66.0,66.19999694824219,65.6500015258789,66.05000305175781,2584419
2024-02-05 12:30:00,65.75,66.3499984741211,65.69999694824219,66.0,1798840
2024-02-05 13:30:00,65.75,65.8499984741211,65.55000305175781,65.75,1083806
2024-02-05 14:30:00,65.6500015258789,65.8499984741211,65.55000305175781,65.75,870496
2024-02-05 15:30:00,65.5,65.8499984741211,65.4000015258789,65.5999984741211,879141
2024-02-05 16:30:00,64.9000015258789,65.5999984741211,64.8499984741211,65.5,2128643
2024-02-06 09:30:00,65.4000015258789,65.69999694824219,64.9000015258789,64.94999694824219,4536426
2024-02-06 10:30:00,64.80000305175781,65.5,64.5,65.44999694824219,5122082
2024-02-06 11:30:00,64.30000305175781,64.94999694824219,64.1500015258789,64.8499984741211,3338288
2024-02-06 12:30:00,64.30000305175781,64.44999694824219,64.0999984741211,64.30000305175781,2675299
2024-02-06 13:30:00,64.44999694824219,64.55000305175781,64.1500015258789,64.30000305175781,4375898
2024-02-06 14:30:00,64.55000305175781,64.75,64.3499984741211,64.44999694824219,2887830
2024-02-06 15:30:00,65.0999984741211,65.19999694824219,64.55000305175781,64.5999984741211,4658613
2024-02-06 16:30:00,64.94999694824219,65.30000305175781,64.8499984741211,65.0999984741211,5593371
2024-02-07 09:30:00,65.30000305175781,65.6500015258789,64.75,65.19999694824219,8110411
2024-02-07 10:30:00,65.05000305175781,65.55000305175781,64.75,65.30000305175781,4913075
2024-02-07 11:30:00,65.0,65.1500015258789,64.8499984741211,65.05000305175781,2032512
2024-02-07 12:30:00,64.94999694824219,65.4000015258789,64.8499984741211,64.94999694824219,3362403
2024-02-07 13:30:00,64.4000015258789,65.0,64.30000305175781,64.94999694824219,3927719
2024-02-07 14:30:00,64.25,64.55000305175781,64.25,64.4000015258789,2368720
2024-02-07 15:30:00,64.5,64.6500015258789,64.05000305175781,64.25,3058045
2024-02-07 16:30:00,64.44999694824219,64.69999694824219,64.3499984741211,64.5,2033575
2024-02-08 09:30:00,64.5999984741211,64.80000305175781,64.0,64.0,4682846
2024-02-08 10:30:00,64.94999694824219,65.1500015258789,64.44999694824219,64.55000305175781,6759251
2024-02-08 11:30:00,64.75,65.0,64.55000305175781,64.94999694824219,1730487
2024-02-08 12:30:00,64.5999984741211,64.80000305175781,64.5999984741211,64.75,695774
2024-02-08 13:30:00,64.5999984741211,64.6500015258789,64.5,64.6500015258789,524964
2024-02-08 14:30:00,64.75,64.8499984741211,64.5999984741211,64.6500015258789,1021800
2024-02-08 15:30:00,64.9000015258789,65.0,64.5999984741211,64.69999694824219,2719201
2024-02-08 16:30:00,64.6500015258789,64.94999694824219,64.5999984741211,64.8499984741211,1600527
2024-02-09 09:30:00,64.05000305175781,64.6500015258789,64.0,64.4000015258789,3026348
2024-02-09 10:30:00,63.45000076293945,64.05000305175781,63.400001525878906,64.0,4208442
2024-02-09 11:30:00,63.54999923706055,63.599998474121094,63.150001525878906,63.400001525878906,2081995
2024-02-09 12:30:00,63.599998474121094,63.599998474121094,63.349998474121094,63.54999923706055,754127
2024-02-09 13:30:00,63.95000076293945,64.05000305175781,63.54999923706055,63.599998474121094,2234083
2024-02-09 14:30:00,64.69999694824219,65.25,63.900001525878906,63.95000076293945,7947038
2024-02-09 15:30:00,64.5,65.1500015258789,64.44999694824219,64.6500015258789,3043369
2024-02-09 16:30:00,64.4000015258789,64.69999694824219,63.900001525878906,64.5,2150855
2024-02-12 09:30:00,64.5999984741211,65.05000305175781,64.5,65.0,3207205
2024-02-12 10:30:00,64.5999984741211,65.25,64.44999694824219,64.55000305175781,6604536
2024-02-12 11:30:00,64.75,64.75,64.4000015258789,64.5999984741211,1947916
2024-02-12 12:30:00,64.55000305175781,64.75,64.44999694824219,64.69999694824219,1212490
2024-02-12 13:30:00,64.69999694824219,65.0,64.5,64.5,2650612
2024-02-12 14:30:00,64.69999694824219,64.75,64.5,64.6500015258789,1395240
2024-02-12 15:30:00,64.44999694824219,64.75,64.25,64.69999694824219,1884015
2024-02-12 16:30:00,64.55000305175781,64.6500015258789,64.30000305175781,64.44999694824219,2230207
2024-02-13 09:30:00,65.4000015258789,66.0999984741211,65.4000015258789,66.0,3696120
2024-02-13 10:30:00,65.30000305175781,65.6500015258789,65.0999984741211,65.4000015258789,4682750
2024-02-13 11:30:00,65.69999694824219,66.1500015258789,65.25,65.30000305175781,7470134
2024-02-13 12:30:00,65.75,65.9000015258789,65.5999984741211,65.6500015258789,1127558
2024-02-13 13:30:00,66.0,66.19999694824219,65.55000305175781,65.80000305175781,4911308
2024-02-13 14:30:00,65.8499984741211,66.0999984741211,65.69999694824219,66.05000305175781,2568750
2024-02-13 15:30:00,66.1500015258789,66.25,65.8499984741211,65.9000015258789,2797266
2024-02-13 16:30:00,65.5,66.6500015258789,65.25,66.1500015258789,7510583
2024-02-14 09:30:00,64.55000305175781,64.94999694824219,64.5,64.75,3297942
2024-02-14 10:30:00,63.900001525878906,64.75,63.75,64.55000305175781,3102956
2024-02-14 11:30:00,63.849998474121094,64.0,63.5,63.849998474121094,2013606
2024-02-14 12:30:00,64.05000305175781,64.4000015258789,63.849998474121094,63.849998474121094,2188278
2024-02-14 13:30:00,63.70000076293945,64.25,63.70000076293945,64.05000305175781,1765638
2024-02-14 14:30:00,63.599998474121094,63.900001525878906,63.45000076293945,63.70000076293945,1832778
2024-02-14 15:30:00,63.54999923706055,64.0,63.29999923706055,63.650001525878906,2962172
2024-02-14 16:30:00,63.349998474121094,63.95000076293945,63.150001525878906,63.5,6038323
2024-02-15 09:30:00,64.80000305175781,65.19999694824219,64.25,64.25,5807937
2024-02-15 10:30:00,65.19999694824219,65.5,64.80000305175781,64.80000305175781,5873894
2024-02-15 11:30:00,65.1500015258789,65.4000015258789,65.0,65.25,2689393
2024-02-15 12:30:00,65.0999984741211,65.1500015258789,64.94999694824219,65.0999984741211,1222653
2024-02-15 13:30:00,65.0,65.1500015258789,64.75,65.0999984741211,1803095
2024-02-15 14:30:00,65.55000305175781,65.80000305175781,64.94999694824219,65.0,7101952
2024-02-15 15:30:00,65.55000305175781,65.6500015258789,65.19999694824219,65.5,2275363
2024-02-15 16:30:00,65.75,66.1500015258789,65.4000015258789,65.55000305175781,6229703
2024-02-16 09:30:00,65.69999694824219,65.94999694824219,65.3499984741211,65.69999694824219,3412821
2024-02-16 10:30:00,65.75,65.94999694824219,65.25,65.75,3391819
2024-02-16 11:30:00,66.19999694824219,66.3499984741211,65.6500015258789,65.69999694824219,4443821
2024-02-16 12:30:00,66.1500015258789,66.30000305175781,65.94999694824219,66.19999694824219,1697981
2024-02-16 13:30:00,66.1500015258789,66.44999694824219,66.05000305175781,66.19999694824219,2378548
2024-02-16 14:30:00,66.0999984741211,66.25,65.8499984741211,66.0999984741211,1747928
2024-02-16 15:30:00,66.19999694824219,66.25,65.69999694824219,66.0999984741211,2050420
2024-02-16 16:30:00,66.0999984741211,66.30000305175781,65.9000015258789,66.19999694824219,2370574
2024-02-19 09:30:00,66.80000305175781,67.05000305175781,66.30000305175781,66.4000015258789,3971913
2024-02-19 10:30:00,67.8499984741211,68.0999984741211,66.80000305175781,66.9000015258789,16615532
2024-02-19 11:30:00,68.0,68.0999984741211,67.5,67.9000015258789,4529187
2024-02-19 12:30:00,67.9000015258789,68.30000305175781,67.80000305175781,68.0,3542416
2024-02-19 13:30:00,68.05000305175781,68.05000305175781,67.75,67.9000015258789,1658216
2024-02-19 14:30:00,67.94999694824219,68.05000305175781,67.5999984741211,68.05000305175781,2508059
2024-02-19 15:30:00,67.69999694824219,68.19999694824219,67.69999694824219,67.9000015258789,1873439
2024-02-19 16:30:00,67.0999984741211,67.9000015258789,66.8499984741211,67.69999694824219,4265100
2024-02-20 09:30:00,66.9000015258789,68.1500015258789,66.44999694824219,66.80000305175781,6683920
2024-02-20 10:30:00,66.80000305175781,67.19999694824219,66.30000305175781,66.9000015258789,5252467
2024-02-20 11:30:00,66.55000305175781,67.0999984741211,66.5,66.80000305175781,2014450
2024-02-20 12:30:00,66.94999694824219,67.1500015258789,66.4000015258789,66.5999984741211,2496346
2024-02-20 13:30:00,67.80000305175781,67.94999694824219,66.9000015258789,66.94999694824219,5272642
2024-02-20 14:30:00,68.0,68.1500015258789,67.3499984741211,67.80000305175781,7437860
2024-02-20 15:30:00,68.1500015258789,68.5,67.80000305175781,68.0,5734097
2024-02-20 16:30:00,67.8499984741211,68.44999694824219,67.44999694824219,68.1500015258789,3934882
2024-02-21 09:30:00,68.94999694824219,69.3499984741211,67.8499984741211,68.30000305175781,5974162
2024-02-21 10:30:00,68.69999694824219,69.5999984741211,68.5,68.94999694824219,5558706
2024-02-21 11:30:00,68.69999694824219,69.0,68.5,68.69999694824219,1268926
2024-02-21 12:30:00,68.44999694824219,68.8499984741211,68.19999694824219,68.75,1572694
2024-02-21 13:30:00,68.80000305175781,68.9000015258789,68.30000305175781,68.5,1208308
2024-02-21 14:30:00,69.0999984741211,69.5,68.44999694824219,68.75,4001362
2024-02-21 15:30:00,68.19999694824219,69.30000305175781,67.75,69.0999984741211,5304398
2024-02-21 16:30:00,67.8499984741211,68.4000015258789,67.55000305175781,68.19999694824219,2937016
2024-02-22 09:30:00,68.8499984741211,69.3499984741211,68.44999694824219,68.9000015258789,8010240
2024-02-22 10:30:00,68.3499984741211,68.9000015258789,68.0,68.8499984741211,5710790
2024-02-22 11:30:00,68.1500015258789,68.5,67.9000015258789,68.4000015258789,4726853
2024-02-22 12:30:00,68.0,68.4000015258789,67.9000015258789,68.19999694824219,3743862
2024-02-22 13:30:00,66.94999694824219,68.0999984741211,66.55000305175781,68.05000305175781,10267660
2024-02-22 14:30:00,66.0,67.0999984741211,65.80000305175781,67.0,8650493
2024-02-22 15:30:00,66.0,66.19999694824219,65.69999694824219,66.05000305175781,12025637
2024-02-22 16:30:00,65.9000015258789,66.1500015258789,65.5,66.0,9875664
2024-02-23 09:30:00,65.94999694824219,66.25,65.75,66.05000305175781,3947552
2024-02-23 10:30:00,65.5,66.3499984741211,65.4000015258789,65.94999694824219,4735167
2024-02-23 11:30:00,66.3499984741211,66.4000015258789,65.4000015258789,65.44999694824219,6887249
2024-02-23 12:30:00,66.3499984741211,66.5,66.0,66.3499984741211,4998538
2024-02-23 13:30:00,66.55000305175781,66.69999694824219,66.19999694824219,66.3499984741211,4088036
2024-02-23 14:30:00,66.1500015258789,66.5999984741211,65.94999694824219,66.55000305175781,3907650
2024-02-23 15:30:00,66.1500015258789,66.30000305175781,65.69999694824219,66.1500015258789,3638302
2024-02-23 16:30:00,66.1500015258789,66.30000305175781,65.9000015258789,66.1500015258789,3423765
2024-02-26 09:30:00,66.19999694824219,66.44999694824219,65.9000015258789,66.4000015258789,4229279
2024-02-26 10:30:00,65.55000305175781,66.30000305175781,65.3499984741211,66.1500015258789,6276202
2024-02-26 11:30:00,64.69999694824219,65.5999984741211,64.55000305175781,65.55000305175781,4151894
2024-02-26 12:30:00,64.6500015258789,64.9000015258789,64.30000305175781,64.69999694824219,3040593
2024-02-26 13:30:00,65.0,65.19999694824219,64.6500015258789,64.6500015258789,1925837
2024-02-26 14:30:00,65.25,65.30000305175781,64.94999694824219,65.05000305175781,2147558
2024-02-26 15:30:00,64.94999694824219,65.3499984741211,64.94999694824219,65.25,2089303
2024-02-26 16:30:00,64.80000305175781,65.30000305175781,64.55000305175781,65.0,3100780
2024-02-27 09:30:00,65.05000305175781,65.3499984741211,64.80000305175781,65.1500015258789,2732057
2024-02-27 10:30:00,64.75,65.0999984741211,64.5,65.05000305175781,3941481
2024-02-27 11:30:00,65.1500015258789,65.1500015258789,64.3499984741211,64.75,2983487
2024-02-27 12:30:00,64.94999694824219,65.30000305175781,64.9000015258789,65.0999984741211,1546263
2024-02-27 13:30:00,65.44999694824219,65.5,64.9000015258789,64.94999694824219,2352633
2024-02-27 14:30:00,65.19999694824219,65.44999694824219,65.0999984741211,65.44999694824219,1579989
2024-02-27 15:30:00,65.0,65.25,64.9000015258789,65.19999694824219,1140133
2024-02-27 16:30:00,64.5,65.0,64.4000015258789,65.0,3002385
2024-02-28 09:30:00,63.70000076293945,64.19999694824219,63.5,63.599998474121094,3632568
2024-02-28 10:30:00,63.650001525878906,64.19999694824219,63.54999923706055,63.650001525878906,1979280
2024-02-28 11:30:00,63.54999923706055,63.849998474121094,63.5,63.650001525878906,1699168
2024-02-28 12:30:00,63.599998474121094,63.599998474121094,63.25,63.54999923706055,2218168
2024-02-28 13:30:00,63.54999923706055,63.70000076293945,63.400001525878906,63.599998474121094,2205974
2024-02-28 14:30:00,63.099998474121094,63.54999923706055,62.900001525878906,63.54999923706055,2639500
2024-02-28 15:30:00,63.04999923706055,63.25,62.599998474121094,63.099998474121094,2276173
2024-02-28 16:30:00,63.0,63.400001525878906,62.900001525878906,63.04999923706055,1824036
2024-02-29 09:30:00,63.04999923706055,63.45000076293945,62.54999923706055,62.79999923706055,3468694
2024-02-29 10:30:00,62.95000076293945,63.20000076293945,62.54999923706055,63.04999923706055,2935525
2024-02-29 11:30:00,62.95000076293945,63.150001525878906,62.79999923706055,62.95000076293945,1821881
2024-02-29 12:30:00,63.0,63.04999923706055,62.70000076293945,62.95000076293945,1507064
2024-02-29 13:30:00,62.70000076293945,63.099998474121094,62.349998474121094,62.95000076293945,2072959
2024-02-29 14:30:00,63.099998474121094,63.650001525878906,62.650001525878906,62.70000076293945,5056769
2024-02-29 15:30:00,63.099998474121094,63.150001525878906,62.849998474121094,63.099998474121094,1365382
2024-02-29 16:30:00,63.0,63.349998474121094,62.70000076293945,63.099998474121094,2306661
2024-03-01 09:30:00,63.0,63.400001525878906,62.599998474121094,63.099998474121094,3788364
2024-03-01 10:30:00,63.0,63.349998474121094,62.599998474121094,63.04999923706055,2832396
2024-03-01 11:30:00,62.900001525878906,63.099998474121094,62.79999923706055,63.0,1031761
2024-03-01 12:30:00,62.75,63.099998474121094,62.70000076293945,62.95000076293945,905089
2024-03-01 13:30:00,62.650001525878906,62.79999923706055,62.5,62.75,1344075
2024-03-01 14:30:00,62.400001525878906,62.75,62.400001525878906,62.650001525878906,1992099
2024-03-01 15:30:00,62.650001525878906,62.75,62.400001525878906,62.45000076293945,2057610
2024-03-01 16:30:00,62.29999923706055,62.70000076293945,62.150001525878906,62.650001525878906,1746454
2024-03-04 09:30:00,61.95000076293945,62.79999923706055,61.849998474121094,62.099998474121094,4364662
2024-03-04 10:30:00,61.650001525878906,62.150001525878906,61.400001525878906,61.95000076293945,2408055
2024-03-04 11:30:00,61.650001525878906,61.95000076293945,61.54999923706055,61.650001525878906,1308124
2024-03-04 12:30:00,61.70000076293945,61.849998474121094,61.5,61.650001525878906,1301641
2024-03-04 13:30:00,61.54999923706055,61.849998474121094,61.349998474121094,61.75,1398722
2024-03-04 14:30:00,61.400001525878906,61.70000076293945,61.25,61.5,1030983
2024-03-04 15:30:00,60.54999923706055,61.400001525878906,60.5,61.349998474121094,2129133
2024-03-04 16:30:00,60.150001525878906,60.79999923706055,59.900001525878906,60.54999923706055,2782425
2024-03-05 09:30:00,60.54999923706055,60.79999923706055,60.150001525878906,60.349998474121094,3179445
2024-03-05 10:30:00,60.349998474121094,60.599998474121094,60.0,60.5,2180404
2024-03-05 11:30:00,60.54999923706055,60.650001525878906,60.29999923706055,60.400001525878906,1189999
2024-03-05 12:30:00,60.599998474121094,60.75,60.349998474121094,60.5,1778255
2024-03-05 13:30:00,60.349998474121094,60.75,60.29999923706055,60.54999923706055,1559467
2024-03-05 14:30:00,60.900001525878906,61.150001525878906,60.04999923706055,60.349998474121094,3955058
2024-03-05 15:30:00,60.20000076293945,61.349998474121094,60.04999923706055,60.900001525878906,3286848
2024-03-05 16:30:00,60.70000076293945,60.79999923706055,59.5,60.150001525878906,5652840
2024-03-06 09:30:00,60.20000076293945,60.25,59.29999923706055,59.5,5462046
2024-03-06 10:30:00,59.5,60.349998474121094,59.20000076293945,60.150001525878906,3734372
2024-03-06 11:30:00,59.04999923706055,59.70000076293945,58.599998474121094,59.5,3204197
2024-03-06 12:30:00,59.20000076293945,59.400001525878906,58.75,59.04999923706055,1442611
2024-03-06 13:30:00,59.400001525878906,59.650001525878906,59.150001525878906,59.25,1997761
2024-03-06 14:30:00,59.20000076293945,59.54999923706055,59.150001525878906,59.349998474121094,1811397
2024-03-06 15:30:00,59.349998474121094,59.54999923706055,59.0,59.25,1261103
2024-03-06 16:30:00,59.400001525878906,59.599998474121094,58.95000076293945,59.349998474121094,2961395
2024-03-07 09:30:00,59.599998474121094,59.900001525878906,59.25,59.29999923706055,2685968
2024-03-07 10:30:00,60.20000076293945,60.20000076293945,59.599998474121094,59.599998474121094,2408999
2024-03-07 11:30:00,60.5,60.54999923706055,60.150001525878906,60.20000076293945,2072391
2024-03-07 12:30:00,60.5,60.650001525878906,60.29999923706055,60.54999923706055,1093783
2024-03-07 13:30:00,61.29999923706055,61.349998474121094,60.400001525878906,60.54999923706055,3917042
2024-03-07 14:30:00,61.650001525878906,61.95000076293945,61.29999923706055,61.349998474121094,4177938
2024-03-07 15:30:00,61.400001525878906,61.70000076293945,61.25,61.650001525878906,2206996
2024-03-07 16:30:00,61.45000076293945,61.75,61.20000076293945,61.349998474121094,3167118
2024-03-08 09:30:00,62.0,62.25,61.5,62.20000076293945,3205606
2024-03-08 10:30:00,62.29999923706055,62.70000076293945,61.75,62.04999923706055,4190911
2024-03-08 11:30:00,62.150001525878906,62.400001525878906,61.70000076293945,62.349998474121094,2329681
2024-03-08 12:30:00,62.75,62.95000076293945,62.04999923706055,62.099998474121094,3165697
2024-03-08 13:30:00,63.04999923706055,63.20000076293945,62.599998474121094,62.75,5327424
2024-03-08 14:30:00,63.45000076293945,63.5,62.900001525878906,63.099998474121094,6110761
2024-03-08 15:30:00,63.349998474121094,63.849998474121094,63.0,63.45000076293945,5007593
2024-03-08 16:30:00,63.45000076293945,63.79999923706055,63.25,63.29999923706055,3785076
2024-03-11 09:30:00,65.19999694824219,66.5999984741211,65.19999694824219,66.4000015258789,15191377
2024-03-11 10:30:00,65.30000305175781,65.55000305175781,64.8499984741211,65.19999694824219,5783869
2024-03-11 11:30:00,65.3499984741211,65.5,65.05000305175781,65.3499984741211,2470841
2024-03-11 12:30:00,65.3499984741211,65.80000305175781,65.25,65.3499984741211,3415276
2024-03-11 13:30:00,65.05000305175781,65.55000305175781,65.0,65.3499984741211,2521859
2024-03-11 14:30:00,65.19999694824219,65.5,64.94999694824219,65.05000305175781,3268450
2024-03-11 15:30:00,64.5999984741211,65.25,64.3499984741211,65.19999694824219,3155445
2024-03-11 16:30:00,63.349998474121094,64.6500015258789,63.349998474121094,64.5999984741211,4933658
2024-03-12 09:30:00,63.650001525878906,63.70000076293945,62.54999923706055,63.150001525878906,7161652
2024-03-12 10:30:00,65.0999984741211,65.4000015258789,63.29999923706055,63.599998474121094,14855168
2024-03-12 11:30:00,65.0,65.4000015258789,64.6500015258789,65.0999984741211,4023073
2024-03-12 12:30:00,64.8499984741211,65.44999694824219,64.8499984741211,65.0,3375557
2024-03-12 13:30:00,65.1500015258789,65.30000305175781,64.80000305175781,64.8499984741211,1078973
2024-03-12 14:30:00,65.1500015258789,65.4000015258789,65.0,65.1500015258789,1758211
2024-03-12 15:30:00,64.44999694824219,65.25,64.25,65.0999984741211,4148438
2024-03-12 16:30:00,64.25,64.6500015258789,63.75,64.5,4079125
2024-03-13 09:30:00,64.30000305175781,64.4000015258789,64.05000305175781,64.30000305175781,3289224
2024-03-13 10:30:00,63.099998474121094,64.3499984741211,63.0,64.30000305175781,4114370
2024-03-13 11:30:00,62.04999923706055,63.099998474121094,61.849998474121094,63.099998474121094,4234194
2024-03-13 12:30:00,62.0,62.20000076293945,61.5,62.0,3044151
2024-03-13 13:30:00,62.54999923706055,62.599998474121094,61.95000076293945,61.95000076293945,3786805
2024-03-13 14:30:00,64.30000305175781,64.5999984741211,62.54999923706055,62.599998474121094,8268766
2024-03-13 15:30:00,64.19999694824219,64.94999694824219,63.95000076293945,64.25,5596081
2024-03-13 16:30:00,64.05000305175781,64.5999984741211,63.70000076293945,64.19999694824219,5736104
2024-03-14 09:30:00,63.5,64.3499984741211,63.29999923706055,63.54999923706055,4392344
2024-03-14 10:30:00,63.25,63.650001525878906,62.79999923706055,63.5,1966194
2024-03-14 11:30:00,62.25,63.349998474121094,62.25,63.25,1965066
2024-03-14 12:30:00,62.5,62.79999923706055,62.20000076293945,62.25,2040841
2024-03-14 13:30:00,61.900001525878906,62.54999923706055,61.70000076293945,62.54999923706055,2573248
2024-03-14 14:30:00,62.0,62.45000076293945,61.75,61.900001525878906,2071947
2024-03-14 15:30:00,61.849998474121094,62.099998474121094,61.650001525878906,62.04999923706055,2385979
2024-03-14 16:30:00,61.45000076293945,62.04999923706055,61.150001525878906,61.849998474121094,3450790
2024-03-15 09:30:00,61.95000076293945,61.95000076293945,60.849998474121094,61.5,3849827
2024-03-15 10:30:00,62.20000076293945,62.20000076293945,61.75,61.95000076293945,3173837
2024-03-15 11:30:00,62.150001525878906,62.599998474121094,62.04999923706055,62.150001525878906,1850990
2024-03-15 12:30:00,62.0,62.25,61.849998474121094,62.150001525878906,646851
2024-03-15 13:30:00,61.650001525878906,62.0,61.400001525878906,62.0,1031913
2024-03-15 14:30:00,61.5,61.849998474121094,61.400001525878906,61.650001525878906,733739
2024-03-15 15:30:00,61.20000076293945,61.70000076293945,61.150001525878906,61.54999923706055,1557137
2024-03-15 16:30:00,60.849998474121094,61.650001525878906,60.70000076293945,61.20000076293945,2078274
2024-03-18 09:30:00,60.95000076293945,61.45000076293945,60.70000076293945,61.400001525878906,2590187
2024-03-18 10:30:00,61.29999923706055,61.400001525878906,60.849998474121094,60.95000076293945,1841742
2024-03-18 11:30:00,62.599998474121094,62.849998474121094,61.25,61.29999923706055,5787964
2024-03-18 12:30:00,62.5,62.70000076293945,62.29999923706055,62.599998474121094,1077642
2024-03-18 13:30:00,61.849998474121094,62.54999923706055,61.849998474121094,62.54999923706055,1104823
2024-03-18 14:30:00,61.650001525878906,61.95000076293945,61.400001525878906,61.849998474121094,1245614
2024-03-18 15:30:00,61.5,61.70000076293945,61.400001525878906,61.70000076293945,817450
2024-03-18 16:30:00,61.54999923706055,62.04999923706055,61.25,61.54999923706055,1768196
2024-03-19 09:30:00,61.29999923706055,61.599998474121094,61.099998474121094,61.349998474121094,4017246
2024-03-19 10:30:00,61.0,61.400001525878906,60.95000076293945,61.349998474121094,2400792
2024-03-19 11:30:00,62.150001525878906,62.25,60.900001525878906,61.0,4626513
2024-03-19 12:30:00,63.099998474121094,63.45000076293945,62.0,62.150001525878906,6489040
2024-03-19 13:30:00,63.400001525878906,63.79999923706055,63.0,63.099998474121094,4406082
2024-03-19 14:30:00,63.75,64.0999984741211,63.29999923706055,63.400001525878906,4212476
2024-03-19 15:30:00,63.650001525878906,64.0,63.400001525878906,63.79999923706055,1956288
2024-03-19 16:30:00,63.79999923706055,64.0,63.5,63.650001525878906,1635521
2024-03-20 09:30:00,63.29999923706055,63.900001525878906,63.20000076293945,63.54999923706055,3975972
2024-03-20 10:30:00,63.95000076293945,64.55000305175781,63.20000076293945,63.29999923706055,4809533
2024-03-20 11:30:00,63.650001525878906,64.19999694824219,63.54999923706055,63.95000076293945,1854004
2024-03-20 12:30:00,63.900001525878906,64.0,63.599998474121094,63.650001525878906,1261748
2024-03-20 13:30:00,64.19999694824219,64.4000015258789,63.75,63.900001525878906,3321162
2024-03-20 14:30:00,64.44999694824219,64.69999694824219,64.05000305175781,64.19999694824219,4347398
2024-03-20 15:30:00,64.0999984741211,64.5999984741211,64.05000305175781,64.44999694824219,3632112
2024-03-20 16:30:00,64.3499984741211,64.75,64.0,64.0999984741211,5181039
2024-03-21 09:30:00,65.0999984741211,65.6500015258789,64.6500015258789,64.6500015258789,6299015
2024-03-21 10:30:00,64.80000305175781,65.25,64.4000015258789,65.05000305175781,3880006
2024-03-21 11:30:00,64.55000305175781,64.94999694824219,64.5,64.80000305175781,2384936
2024-03-21 12:30:00,64.75,64.94999694824219,64.5,64.55000305175781,1202311
2024-03-21 13:30:00,66.0999984741211,66.94999694824219,64.5,64.75,18354722
2024-03-21 14:30:00,66.5999984741211,66.94999694824219,66.1500015258789,66.1500015258789,10580855
2024-03-21 15:30:00,67.25,67.5999984741211,66.44999694824219,66.55000305175781,9749703
2024-03-21 16:30:00,67.8499984741211,68.5,67.0999984741211,67.25,11190989
2024-03-22 09:30:00,68.5999984741211,69.1500015258789,67.5999984741211,67.80000305175781,7510881
2024-03-22 10:30:00,68.6500015258789,68.8499984741211,67.5999984741211,68.5999984741211,6540377
2024-03-22 11:30:00,68.94999694824219,69.0999984741211,68.5,68.5999984741211,4077589
2024-03-22 12:30:00,69.0,69.19999694824219,68.75,69.0,3761702
2024-03-22 13:30:00,69.30000305175781,69.5,68.5999984741211,68.94999694824219,3250911
2024-03-22 14:30:00,69.3499984741211,70.5,69.0,69.30000305175781,6203870
2024-03-22 15:30:00,68.8499984741211,69.3499984741211,68.75,69.3499984741211,1368933
2024-03-22 16:30:00,69.30000305175781,69.4000015258789,68.80000305175781,68.9000015258789,2808560
2024-03-25 09:30:00,68.5,69.25,68.3499984741211,68.9000015258789,2893741
2024-03-25 10:30:00,69.1500015258789,69.6500015258789,68.4000015258789,68.5,2964224
2024-03-25 11:30:00,69.94999694824219,70.80000305175781,69.1500015258789,69.1500015258789,9145685
2024-03-25 12:30:00,71.1500015258789,71.30000305175781,69.80000305175781,70.0,8950640
2024-03-25 13:30:00,71.5,72.0,71.1500015258789,71.1500015258789,7389404
2024-03-25 14:30:00,71.6500015258789,71.9000015258789,71.30000305175781,71.5,4580858
2024-03-25 15:30:00,71.3499984741211,71.69999694824219,70.5999984741211,71.6500015258789,3756028
2024-03-25 16:30:00,69.6500015258789,71.44999694824219,69.19999694824219,71.30000305175781,5649756
2024-03-26 09:30:00,68.69999694824219,69.69999694824219,68.6500015258789,69.25,4705767
2024-03-26 10:30:00,70.3499984741211,70.75,68.44999694824219,68.69999694824219,8508880
2024-03-26 11:30:00,70.25,70.9000015258789,69.8499984741211,70.30000305175781,4104668
2024-03-26 12:30:00,69.69999694824219,70.5,68.9000015258789,70.19999694824219,3853672
2024-03-26 13:30:00,70.5999984741211,70.75,69.4000015258789,69.75,3200141
2024-03-26 14:30:00,70.05000305175781,70.6500015258789,69.80000305175781,70.5999984741211,2377736
2024-03-26 15:30:00,69.6500015258789,70.19999694824219,69.44999694824219,70.0,1459466
2024-03-26 16:30:00,69.0999984741211,69.75,68.80000305175781,69.5999984741211,3807799
2024-03-27 09:30:00,69.05000305175781,69.30000305175781,68.6500015258789,68.9000015258789,3889401
2024-03-27 10:30:00,68.4000015258789,69.0999984741211,67.75,69.05000305175781,3611762
2024-03-27 11:30:00,68.0,68.4000015258789,67.80000305175781,68.4000015258789,1427679
2024-03-27 12:30:00,68.0999984741211,68.3499984741211,67.6500015258789,68.0,1686505
2024-03-27 13:30:00,68.19999694824219,68.5,68.05000305175781,68.0999984741211,795023
2024-03-27 14:30:00,67.8499984741211,68.25,67.69999694824219,68.19999694824219,1535219
2024-03-27 15:30:00,68.3499984741211,69.5,67.80000305175781,67.8499984741211,5211249
2024-03-27 16:30:00,68.69999694824219,69.0999984741211,68.0,68.3499984741211,2873565
2024-03-28 09:30:00,70.6500015258789,70.80000305175781,69.05000305175781,69.05000305175781,3953157
2024-03-28 10:30:00,71.1500015258789,71.5999984741211,70.5999984741211,70.69999694824219,7042814
2024-03-28 11:30:00,70.6500015258789,71.5,70.5999984741211,71.19999694824219,2555773
2024-03-28 12:30:00,71.1500015258789,71.1500015258789,70.5,70.5999984741211,2248018
2024-03-28 13:30:00,71.1500015258789,71.25,70.8499984741211,71.1500015258789,1371055
2024-03-28 14:30:00,71.5999984741211,72.4000015258789,71.05000305175781,71.1500015258789,6608265
2024-03-28 15:30:00,71.75,72.0999984741211,71.5999984741211,71.69999694824219,2293696
2024-03-28 16:30:00,72.1500015258789,72.30000305175781,71.69999694824219,71.75,2622627
2024-03-29 09:30:00,68.80000305175781,69.75,68.05000305175781,69.75,5423575
2024-03-29 10:30:00,68.25,68.75,68.0,68.75,3223677
2024-03-29 11:30:00,68.8499984741211,69.0999984741211,68.19999694824219,68.25,2548953
2024-03-29 12:30:00,68.9000015258789,69.5,68.6500015258789,68.8499984741211,1730943
2024-03-29 13:30:00,69.1500015258789,69.19999694824219,68.75,68.94999694824219,1978052
2024-03-29 14:30:00,69.44999694824219,70.1500015258789,69.0999984741211,69.1500015258789,3863714
2024-03-29 15:30:00,68.80000305175781,69.94999694824219,68.75,69.44999694824219,1698854
2024-03-29 16:30:00,68.5,69.0,68.0999984741211,68.80000305175781,3077059
2024-04-01 09:30:00,69.75,72.9000015258789,69.5,69.5,0
2024-04-01 10:30:00,68.5999984741211,70.25,68.19999694824219,69.80000305175781,3237395
2024-04-01 11:30:00,68.5,68.8499984741211,68.25,68.55000305175781,1383363
2024-04-01 12:30:00,68.1500015258789,68.69999694824219,67.55000305175781,68.5,1970981
2024-04-01 13:30:00,69.55000305175781,69.69999694824219,68.05000305175781,68.1500015258789,4223115
2024-04-01 14:30:00,69.44999694824219,70.0,68.94999694824219,69.55000305175781,1974654
2024-04-01 15:30:00,70.5999984741211,70.69999694824219,69.30000305175781,69.44999694824219,3728641
2024-04-01 16:30:00,70.6500015258789,70.6500015258789,69.80000305175781,70.5999984741211,2433614
2024-04-01 17:30:00,70.1500015258789,70.69999694824219,70.0999984741211,70.6500015258789,1415079
2024-04-02 09:30:00,70.55000305175781,70.6500015258789,69.5,69.8499984741211,0
2024-04-02 10:30:00,70.8499984741211,71.19999694824219,70.44999694824219,70.5,5834921
2024-04-02 11:30:00,70.3499984741211,71.0999984741211,69.94999694824219,70.8499984741211,3592673
2024-04-02 12:30:00,70.8499984741211,71.05000305175781,70.3499984741211,70.4000015258789,2265871
2024-04-02 13:30:00,71.30000305175781,71.44999694824219,70.75,70.80000305175781,3864842
2024-04-02 14:30:00,71.5,71.9000015258789,71.05000305175781,71.25,5904762
2024-04-02 15:30:00,70.5999984741211,71.5999984741211,70.3499984741211,71.5,2756809
2024-04-02 16:30:00,70.0999984741211,70.80000305175781,69.94999694824219,70.6500015258789,3127582
2024-04-02 17:30:00,70.0,70.3499984741211,69.6500015258789,70.1500015258789,1994763
2024-04-03 09:30:00,70.0,70.6500015258789,69.5999984741211,70.0,0
2024-04-03 10:30:00,69.44999694824219,70.4000015258789,69.1500015258789,70.0,2116111
2024-04-03 11:30:00,69.19999694824219,69.69999694824219,68.9000015258789,69.44999694824219,1188120
2024-04-03 12:30:00,69.44999694824219,69.5,69.0,69.25,774847
2024-04-03 13:30:00,70.6500015258789,70.9000015258789,69.30000305175781,69.4000015258789,3366429
2024-04-03 14:30:00,70.6500015258789,70.94999694824219,70.0999984741211,70.69999694824219,2625772
2024-04-03 15:30:00,70.5999984741211,70.69999694824219,70.0999984741211,70.5999984741211,1690616
2024-04-03 16:30:00,70.4000015258789,70.75,70.05000305175781,70.5999984741211,1927989
2024-04-03 17:30:00,69.94999694824219,70.5,69.80000305175781,70.4000015258789,1729440
2024-04-04 09:30:00,71.0,71.9000015258789,69.8499984741211,69.8499984741211,0
2024-04-04 10:30:00,69.69999694824219,71.25,69.44999694824219,71.0,2946152
2024-04-04 11:30:00,69.8499984741211,70.0999984741211,69.55000305175781,69.6500015258789,1820517
2024-04-04 12:30:00,71.1500015258789,71.19999694824219,69.8499984741211,69.9000015258789,4369851
2024-04-04 13:30:00,71.9000015258789,72.30000305175781,70.94999694824219,71.1500015258789,7093633
2024-04-04 14:30:00,71.8499984741211,72.25,71.55000305175781,71.94999694824219,2382668
2024-04-04 15:30:00,71.94999694824219,72.05000305175781,71.5999984741211,71.9000015258789,1597636
2024-04-04 16:30:00,72.3499984741211,73.4000015258789,71.80000305175781,71.94999694824219,9543965
2024-04-04 17:30:00,72.94999694824219,73.0999984741211,72.19999694824219,72.30000305175781,5111002
2024-04-05 09:30:00,72.8499984741211,76.1500015258789,72.75,74.6500015258789,0
2024-04-05 10:30:00,73.75,73.75,72.5,72.8499984741211,2766303
2024-04-05 11:30:00,73.25,74.0,72.8499984741211,73.69999694824219,3236286
2024-04-05 12:30:00,73.05000305175781,73.44999694824219,72.94999694824219,73.25,852688
2024-04-05 13:30:00,73.1500015258789,73.44999694824219,72.55000305175781,73.05000305175781,1371581
2024-04-05 14:30:00,73.25,73.4000015258789,73.0,73.19999694824219,1304569
2024-04-05 15:30:00,73.94999694824219,73.94999694824219,72.9000015258789,73.30000305175781,3189538
2024-04-05 16:30:00,74.5999984741211,74.80000305175781,73.75,73.94999694824219,8019279
2024-04-05 17:30:00,74.0999984741211,74.80000305175781,74.0,74.5999984741211,2990946
2024-04-08 09:30:00,75.75,76.44999694824219,74.44999694824219,74.55000305175781,0
2024-04-08 10:30:00,75.19999694824219,75.9000015258789,75.1500015258789,75.75,2780748
2024-04-08 11:30:00,74.25,75.25,74.0,75.1500015258789,3097902
2024-04-08 12:30:00,74.5999984741211,75.0,74.1500015258789,74.30000305175781,1911290
2024-04-08 13:30:00,74.5,74.6500015258789,74.3499984741211,74.55000305175781,1085349
2024-04-08 14:30:00,74.1500015258789,74.6500015258789,74.0999984741211,74.44999694824219,1217000
2024-04-08 15:30:00,74.44999694824219,74.5,74.1500015258789,74.19999694824219,1205466
2024-04-08 16:30:00,74.4000015258789,74.75,74.0999984741211,74.5,1836210
2024-04-08 17:30:00,74.0999984741211,74.5,74.0999984741211,74.4000015258789,0
2024-04-09 09:30:00,74.44999694824219,75.05000305175781,74.1500015258789,74.1500015258789,0
2024-04-09 10:30:00,74.4000015258789,75.30000305175781,74.25,74.44999694824219,5527902
2024-04-09 11:30:00,74.5999984741211,75.0,74.30000305175781,74.3499984741211,3829327
2024-04-09 12:30:00,74.5999984741211,74.5999984741211,74.5999984741211,74.5999984741211,793941
2024-04-15 09:30:00,74.5999984741211,75.69999694824219,73.6500015258789,74.0999984741211,0
2024-04-15 10:30:00,74.75,74.75,73.6500015258789,74.5999984741211,3856439
2024-04-15 11:30:00,75.25,75.5999984741211,74.4000015258789,74.75,2805925
2024-04-15 12:30:00,74.69999694824219,75.25,74.5999984741211,75.25,1108929
2024-04-15 13:30:00,74.4000015258789,74.80000305175781,74.30000305175781,74.6500015258789,660866
2024-04-15 14:30:00,74.55000305175781,75.19999694824219,74.30000305175781,74.4000015258789,2989088
2024-04-15 15:30:00,74.80000305175781,74.94999694824219,74.5,74.5,1254029
2024-04-15 16:30:00,74.9000015258789,75.05000305175781,74.55000305175781,74.80000305175781,1081445
2024-04-15 17:30:00,74.55000305175781,74.94999694824219,74.25,74.9000015258789,2675862
2024-04-16 09:30:00,74.0,75.4000015258789,74.0,74.3499984741211,0
2024-04-16 10:30:00,72.5999984741211,74.55000305175781,71.80000305175781,74.05000305175781,6954385
2024-04-16 11:30:00,71.69999694824219,72.69999694824219,71.6500015258789,72.6500015258789,1574816
2024-04-16 12:30:00,72.0,72.4000015258789,71.6500015258789,71.69999694824219,897601
2024-04-16 13:30:00,72.80000305175781,72.8499984741211,71.94999694824219,72.0,1113154
2024-04-16 14:30:00,72.75,73.3499984741211,72.6500015258789,72.80000305175781,1569447
2024-04-16 15:30:00,72.0,72.80000305175781,71.94999694824219,72.69999694824219,1966767
2024-04-16 16:30:00,71.5999984741211,72.1500015258789,71.4000015258789,71.94999694824219,2192892
2024-04-16 17:30:00,71.1500015258789,71.9000015258789,71.05000305175781,71.6500015258789,2842537
2024-04-17 09:30:00,72.80000305175781,72.9000015258789,70.8499984741211,70.8499984741211,0
2024-04-17 10:30:00,73.0,73.5999984741211,72.5999984741211,72.80000305175781,5081196
2024-04-17 11:30:00,72.44999694824219,73.0,72.4000015258789,73.0,2074906
2024-04-17 12:30:00,73.19999694824219,73.3499984741211,72.3499984741211,72.44999694824219,1879461
2024-04-17 13:30:00,74.05000305175781,75.0,73.19999694824219,73.19999694824219,7614481
2024-04-17 14:30:00,73.8499984741211,74.25,73.69999694824219,74.05000305175781,1946981
2024-04-17 15:30:00,74.44999694824219,74.6500015258789,73.5999984741211,73.8499984741211,3132605
2024-04-17 16:30:00,73.8499984741211,74.5,73.75,74.5,2899682
2024-04-17 17:30:00,73.8499984741211,74.0999984741211,73.69999694824219,73.8499984741211,1831001
2024-04-18 09:30:00,74.30000305175781,74.80000305175781,74.0999984741211,74.25,3512669
2024-04-18 10:30:00,74.0999984741211,74.55000305175781,74.0,74.25,1297766
2024-04-18 11:30:00,74.3499984741211,74.75,73.9000015258789,74.05000305175781,3136855
2024-04-18 12:30:00,74.5,74.8499984741211,74.3499984741211,74.4000015258789,2164880
2024-04-18 13:30:00,74.30000305175781,74.69999694824219,74.1500015258789,74.55000305175781,1827409
2024-04-18 14:30:00,74.19999694824219,74.5,73.94999694824219,74.25,1554251
2024-04-18 15:30:00,74.0,74.5999984741211,73.94999694824219,74.19999694824219,1202182
2024-04-18 16:30:00,73.5999984741211,74.1500015258789,73.55000305175781,74.0,1774328
2024-04-18 17:30:00,74.1500015258789,74.69999694824219,73.5999984741211,73.5999984741211,2113411
2024-04-19 09:30:00,74.5,74.6500015258789,73.25,73.55000305175781,0
2024-04-19 10:30:00,74.05000305175781,74.5,73.94999694824219,74.44999694824219,946705
2024-04-19 11:30:00,73.9000015258789,74.25,73.69999694824219,74.05000305175781,844690
2024-04-19 12:30:00,74.1500015258789,74.55000305175781,73.75,73.9000015258789,1174749
2024-04-19 13:30:00,74.0,74.25,73.9000015258789,74.1500015258789,449415
2024-04-19 14:30:00,75.3499984741211,75.4000015258789,73.80000305175781,74.0,4578657
2024-04-19 15:30:00,78.3499984741211,78.6500015258789,75.0999984741211,75.30000305175781,11778303
2024-04-19 16:30:00,77.94999694824219,78.80000305175781,77.5999984741211,78.3499984741211,3901867
2024-04-19 17:30:00,78.05000305175781,78.44999694824219,77.75,77.9000015258789,1956367
2024-04-22 09:30:00,78.1500015258789,80.75,77.94999694824219,80.0999984741211,0
2024-04-22 10:30:00,78.4000015258789,78.5999984741211,77.69999694824219,78.0999984741211,2331721
2024-04-22 11:30:00,78.25,79.1500015258789,78.25,78.3499984741211,3010751
2024-04-22 12:30:00,78.5,78.69999694824219,78.0999984741211,78.25,1382611
2024-04-22 13:30:00,78.0999984741211,78.6500015258789,78.0999984741211,78.5,574560
2024-04-22 14:30:00,77.9000015258789,78.19999694824219,77.5999984741211,78.0999984741211,1647011
2024-04-22 15:30:00,77.75,78.0,77.5,77.94999694824219,1263512
2024-04-22 16:30:00,77.1500015258789,78.0,76.75,77.75,2504073
2024-04-22 17:30:00,76.55000305175781,77.69999694824219,76.55000305175781,77.0999984741211,1763532
2024-04-24 09:30:00,77.80000305175781,78.44999694824219,77.0999984741211,77.0999984741211,0
2024-04-24 10:30:00,78.55000305175781,78.6500015258789,77.55000305175781,77.75,3000618
2024-04-24 11:30:00,79.69999694824219,79.69999694824219,78.4000015258789,78.5999984741211,4642834
2024-04-24 12:30:00,79.3499984741211,79.75,79.19999694824219,79.69999694824219,1285977
2024-04-24 13:30:00,79.4000015258789,79.55000305175781,79.19999694824219,79.4000015258789,860548
2024-04-24 14:30:00,79.05000305175781,79.55000305175781,78.8499984741211,79.4000015258789,1208378
2024-04-24 15:30:00,79.30000305175781,80.0,79.05000305175781,79.0999984741211,2260852
2024-04-24 16:30:00,79.69999694824219,79.8499984741211,79.05000305175781,79.25,2010125
2024-04-24 17:30:00,79.69999694824219,80.0,79.5999984741211,79.75,1815067
2024-04-25 09:30:00,79.55000305175781,80.1500015258789,78.8499984741211,79.94999694824219,0
2024-04-25 10:30:00,79.69999694824219,80.3499984741211,79.1500015258789,79.5,1974767
2024-04-25 11:30:00,80.3499984741211,80.3499984741211,79.6500015258789,79.69999694824219,930531
2024-04-25 12:30:00,80.4000015258789,80.69999694824219,80.0999984741211,80.3499984741211,929360
2024-04-25 13:30:00,79.19999694824219,80.69999694824219,79.19999694824219,80.4000015258789,2903193
2024-04-25 14:30:00,78.30000305175781,79.30000305175781,78.0999984741211,79.25,1486425
2024-04-25 15:30:00,77.9000015258789,78.44999694824219,77.5999984741211,78.30000305175781,1292400
2024-04-25 16:30:00,78.75,78.8499984741211,77.55000305175781,77.9000015258789,1820600
2024-04-25 17:30:00,79.25,79.30000305175781,78.30000305175781,78.69999694824219,1488661
2024-04-26 09:30:00,80.0999984741211,80.30000305175781,79.30000305175781,79.5,0
2024-04-26 10:30:00,80.94999694824219,81.5999984741211,79.8499984741211,80.0999984741211,4981862
2024-04-26 11:30:00,81.44999694824219,82.0999984741211,80.94999694824219,80.94999694824219,2298573
2024-04-26 12:30:00,80.3499984741211,81.69999694824219,80.3499984741211,81.44999694824219,1266563
2024-04-26 13:30:00,80.8499984741211,80.8499984741211,80.3499984741211,80.3499984741211,909220
2024-04-26 14:30:00,81.0,81.19999694824219,80.5999984741211,80.8499984741211,1371410
2024-04-26 15:30:00,81.3499984741211,81.75,80.8499984741211,81.0,2826345
2024-04-26 16:30:00,81.3499984741211,81.80000305175781,81.1500015258789,81.4000015258789,3132369
2024-04-26 17:30:00,81.0999984741211,81.5,81.0,81.3499984741211,1610960
2024-04-29 09:30:00,82.4000015258789,82.80000305175781,81.5,81.5,0
2024-04-29 10:30:00,81.75,82.44999694824219,81.5,82.3499984741211,2138065
2024-04-29 11:30:00,82.0,82.0999984741211,81.55000305175781,81.75,1267749
2024-04-29 12:30:00,81.80000305175781,82.0,81.44999694824219,81.9000015258789,652460
2024-04-29 13:30:00,80.6500015258789,82.05000305175781,80.5999984741211,81.80000305175781,1856541
2024-04-29 14:30:00,80.69999694824219,80.8499984741211,80.25,80.5999984741211,1633744
2024-04-29 15:30:00,81.5999984741211,81.75,80.6500015258789,80.69999694824219,1389863
2024-04-29 16:30:00,81.75,81.94999694824219,81.3499984741211,81.5999984741211,2063689
2024-04-29 17:30:00,81.6500015258789,81.94999694824219,81.5999984741211,81.75,1314018
2024-04-30 09:30:00,83.80000305175781,83.8499984741211,81.80000305175781,82.05000305175781,0
2024-04-30 10:30:00,83.4000015258789,84.6500015258789,83.4000015258789,83.80000305175781,3925823
2024-04-30 11:30:00,83.0999984741211,83.80000305175781,83.0,83.44999694824219,2047110
2024-04-30 12:30:00,83.1500015258789,83.3499984741211,83.0,83.0999984741211,1308569
2024-04-30 13:30:00,82.9000015258789,83.19999694824219,82.3499984741211,83.1500015258789,2100896
2024-04-30 14:30:00,81.94999694824219,83.05000305175781,81.94999694824219,82.9000015258789,1260567
2024-04-30 15:30:00,82.5,82.55000305175781,81.80000305175781,81.94999694824219,1446986
2024-04-30 16:30:00,83.30000305175781,83.44999694824219,82.4000015258789,82.44999694824219,3148756
2024-04-30 17:30:00,82.94999694824219,83.5999984741211,82.6500015258789,83.30000305175781,2648905
2024-05-02 09:30:00,82.44999694824219,83.69999694824219,82.05000305175781,83.0999984741211,0
2024-05-02 10:30:00,83.5999984741211,83.80000305175781,82.4000015258789,82.44999694824219,4383161
2024-05-02 11:30:00,83.5,84.19999694824219,83.30000305175781,83.55000305175781,3100547
2024-05-02 12:30:00,83.1500015258789,83.55000305175781,82.80000305175781,83.5,2049978
2024-05-02 13:30:00,82.69999694824219,83.4000015258789,82.5999984741211,83.1500015258789,917326
2024-05-02 14:30:00,83.0999984741211,83.25,82.5999984741211,82.69999694824219,2232326
2024-05-02 15:30:00,84.0,84.0999984741211,83.0999984741211,83.0999984741211,2605976
2024-05-02 16:30:00,83.80000305175781,84.1500015258789,83.6500015258789,84.0,2085287
2024-05-02 17:30:00,83.55000305175781,84.05000305175781,83.55000305175781,83.80000305175781,1444545
2024-05-03 09:30:00,84.4000015258789,85.3499984741211,84.19999694824219,84.19999694824219,0
2024-05-03 10:30:00,83.8499984741211,84.5,83.75,84.3499984741211,1765677
2024-05-03 11:30:00,83.9000015258789,84.0999984741211,83.5,83.8499984741211,1304208
2024-05-03 12:30:00,84.1500015258789,84.3499984741211,83.9000015258789,83.9000015258789,1016837
2024-05-03 13:30:00,84.0999984741211,84.25,83.9000015258789,84.1500015258789,682233
2024-05-03 14:30:00,83.8499984741211,84.80000305175781,83.5999984741211,84.05000305175781,2357573
2024-05-03 15:30:00,83.94999694824219,84.5,83.75,83.8499984741211,1451753
2024-05-03 16:30:00,84.55000305175781,84.9000015258789,83.80000305175781,83.94999694824219,2360891
2024-05-03 17:30:00,84.69999694824219,84.8499984741211,84.30000305175781,84.5999984741211,1849223
2024-05-06 09:30:00,84.0999984741211,85.30000305175781,83.05000305175781,84.94999694824219,0
2024-05-06 10:30:00,83.6500015258789,84.1500015258789,83.6500015258789,84.0999984741211,675813
2024-05-06 11:30:00,83.55000305175781,84.0,83.5,83.69999694824219,956744
2024-05-06 12:30:00,84.4000015258789,84.4000015258789,83.55000305175781,83.5999984741211,1644021
2024-05-06 13:30:00,85.19999694824219,85.4000015258789,84.0999984741211,84.3499984741211,2479182
2024-05-06 14:30:00,85.0999984741211,85.5,85.05000305175781,85.19999694824219,2249932
2024-05-06 15:30:00,84.0999984741211,85.1500015258789,83.94999694824219,85.05000305175781,1423759
2024-05-06 16:30:00,84.3499984741211,84.55000305175781,84.05000305175781,84.1500015258789,876663
2024-05-06 17:30:00,84.30000305175781,84.5999984741211,84.25,84.3499984741211,1081447
2024-05-07 09:30:00,84.9000015258789,85.4000015258789,84.3499984741211,84.3499984741211,0
2024-05-07 10:30:00,84.5999984741211,85.05000305175781,84.55000305175781,84.94999694824219,926713
2024-05-07 11:30:00,84.3499984741211,84.8499984741211,84.1500015258789,84.5999984741211,1061295
2024-05-07 12:30:00,84.3499984741211,84.55000305175781,83.8499984741211,84.4000015258789,1067679
2024-05-07 13:30:00,84.19999694824219,84.30000305175781,83.75,84.30000305175781,1640878
2024-05-07 14:30:00,84.0999984741211,84.6500015258789,84.0,84.19999694824219,1514110
2024-05-07 15:30:00,83.69999694824219,84.3499984741211,83.0999984741211,84.05000305175781,2034212
2024-05-07 16:30:00,86.44999694824219,86.94999694824219,83.5999984741211,83.5999984741211,10893381
2024-05-07 17:30:00,86.55000305175781,86.8499984741211,86.30000305175781,86.5,2599434
2024-05-08 09:30:00,87.1500015258789,88.25,86.9000015258789,86.94999694824219,0
2024-05-08 10:30:00,86.9000015258789,87.75,86.5999984741211,87.0999984741211,1738952
2024-05-08 11:30:00,85.9000015258789,86.94999694824219,85.6500015258789,86.9000015258789,1782542
2024-05-08 12:30:00,85.69999694824219,86.0999984741211,85.3499984741211,85.8499984741211,853852
2024-05-08 13:30:00,85.30000305175781,85.75,85.30000305175781,85.75,582916
2024-05-08 14:30:00,85.55000305175781,86.3499984741211,85.0999984741211,85.3499984741211,1604434
2024-05-08 15:30:00,86.1500015258789,86.3499984741211,85.4000015258789,85.55000305175781,782548
2024-05-08 16:30:00,86.0999984741211,86.5,85.9000015258789,86.1500015258789,1015964
2024-05-08 17:30:00,85.94999694824219,86.3499984741211,85.9000015258789,86.05000305175781,1155593
2024-05-09 09:30:00,87.5,87.75,86.69999694824219,86.75,0
2024-05-09 10:30:00,89.44999694824219,89.8499984741211,87.44999694824219,87.5,7621951
2024-05-09 11:30:00,89.05000305175781,89.6500015258789,89.0,89.4000015258789,2949567
2024-05-09 12:30:00,89.30000305175781,89.5,88.80000305175781,89.0,2027041
2024-05-09 13:30:00,89.0999984741211,89.69999694824219,89.0,89.30000305175781,1688991
2024-05-09 14:30:00,89.25,89.5,89.0,89.0999984741211,1463094
2024-05-09 15:30:00,89.3499984741211,89.44999694824219,89.0,89.30000305175781,1338637
2024-05-09 16:30:00,89.30000305175781,89.69999694824219,89.0999984741211,89.3499984741211,2038339
2024-05-09 17:30:00,89.0999984741211,89.4000015258789,89.05000305175781,89.30000305175781,1191306
2024-05-10 09:30:00,89.0,89.94999694824219,88.69999694824219,89.4000015258789,0
2024-05-10 10:30:00,89.69999694824219,89.8499984741211,88.94999694824219,89.0,1149163
2024-05-10 11:30:00,89.4000015258789,89.8499984741211,89.3499984741211,89.69999694824219,764333
2024-05-10 12:30:00,89.5,89.6500015258789,89.30000305175781,89.44999694824219,580624
2024-05-10 13:30:00,88.9000015258789,89.6500015258789,88.44999694824219,89.44999694824219,1974499
2024-05-10 14:30:00,88.44999694824219,89.0999984741211,88.44999694824219,88.9000015258789,958781
2024-05-10 15:30:00,88.44999694824219,88.5,88.05000305175781,88.5,1332881
2024-05-10 16:30:00,87.4000015258789,88.5,87.0,88.44999694824219,2494913
2024-05-10 17:30:00,86.75,87.30000305175781,86.6500015258789,87.30000305175781,0
2024-05-13 09:30:00,86.0,87.0,85.8499984741211,86.6500015258789,0
2024-05-13 10:30:00,86.3499984741211,86.9000015258789,85.8499984741211,86.05000305175781,2521275
2024-05-13 11:30:00,86.19999694824219,86.6500015258789,86.05000305175781,86.3499984741211,1420073
2024-05-13 12:30:00,86.6500015258789,86.80000305175781,86.1500015258789,86.25,1594498
2024-05-13 13:30:00,86.69999694824219,86.8499984741211,86.30000305175781,86.5999984741211,1273903
2024-05-13 14:30:00,86.80000305175781,87.0999984741211,86.5,86.69999694824219,1191237
2024-05-13 15:30:00,86.9000015258789,87.19999694824219,86.75,86.80000305175781,1927835
2024-05-13 16:30:00,87.44999694824219,87.8499984741211,86.69999694824219,86.94999694824219,2507632
2024-05-13 17:30:00,86.3499984741211,87.55000305175781,86.25,87.44999694824219,1304820
2024-05-14 09:30:00,88.25,89.9000015258789,87.94999694824219,88.0999984741211,0
2024-05-14 10:30:00,88.1500015258789,89.44999694824219,88.0999984741211,88.25,2950351
2024-05-14 11:30:00,88.1500015258789,88.5,87.75,88.1500015258789,1916158
2024-05-14 12:30:00,88.5,88.69999694824219,87.94999694824219,88.0999984741211,1623451
2024-05-14 13:30:00,88.5,88.80000305175781,88.4000015258789,88.55000305175781,791155
2024-05-14 14:30:00,88.1500015258789,88.80000305175781,87.8499984741211,88.44999694824219,1405867
2024-05-14 15:30:00,90.80000305175781,90.9000015258789,88.0999984741211,88.1500015258789,5120351
2024-05-14 16:30:00,89.8499984741211,91.1500015258789,89.69999694824219,90.8499984741211,4163173
2024-05-14 17:30:00,90.0,90.05000305175781,89.4000015258789,89.8499984741211,1943989
2024-05-15 09:30:00,89.5999984741211,90.44999694824219,88.8499984741211,90.30000305175781,0
2024-05-15 10:30:00,87.5999984741211,89.75,87.5,89.55000305175781,3757939
2024-05-15 11:30:00,87.5999984741211,87.94999694824219,87.25,87.5999984741211,2399863
2024-05-15 12:30:00,86.55000305175781,87.69999694824219,86.3499984741211,87.5999984741211,2268479
2024-05-15 13:30:00,86.94999694824219,87.25,86.55000305175781,86.55000305175781,2540746
2024-05-15 14:30:00,87.55000305175781,87.55000305175781,86.75,86.9000015258789,2749764
2024-05-15 15:30:00,87.8499984741211,87.94999694824219,87.4000015258789,87.55000305175781,3775553
2024-05-15 16:30:00,87.9000015258789,88.69999694824219,87.75,87.8499984741211,6424506
2024-05-15 17:30:00,87.8499984741211,88.6500015258789,87.5999984741211,87.9000015258789,4794406
2024-05-16 09:30:00,88.69999694824219,89.19999694824219,88.05000305175781,88.25,0
2024-05-16 10:30:00,88.6500015258789,88.9000015258789,88.25,88.6500015258789,4582338
2024-05-16 11:30:00,88.69999694824219,88.94999694824219,88.4000015258789,88.75,2022226
2024-05-16 12:30:00,88.6500015258789,89.05000305175781,88.5,88.6500015258789,3073492
2024-05-16 13:30:00,88.75,89.19999694824219,88.44999694824219,88.6500015258789,2483319
2024-05-16 14:30:00,89.0,89.30000305175781,88.5999984741211,88.75,7938769
2024-05-16 15:30:00,89.0,89.0999984741211,88.5,88.94999694824219,4030072
2024-05-16 16:30:00,88.8499984741211,89.25,88.55000305175781,89.05000305175781,2462157
2024-05-16 17:30:00,88.75,89.19999694824219,88.5999984741211,88.9000015258789,3022069
2024-05-17 09:30:00,90.25,90.44999694824219,88.69999694824219,88.8499984741211,0
2024-05-17 10:30:00,92.5,92.5999984741211,90.1500015258789,90.25,7904139
2024-05-17 11:30:00,93.05000305175781,93.6500015258789,92.5,92.5,3636965
2024-05-17 12:30:00,93.3499984741211,93.69999694824219,93.0,93.05000305175781,2558051
2024-05-17 13:30:00,93.3499984741211,93.6500015258789,93.0,93.30000305175781,2181312
2024-05-17 14:30:00,93.25,93.6500015258789,93.0999984741211,93.3499984741211,1732815
2024-05-17 15:30:00,94.05000305175781,94.1500015258789,93.0999984741211,93.25,3001385
2024-05-17 16:30:00,93.6500015258789,94.0999984741211,93.4000015258789,94.05000305175781,1639627
2024-05-17 17:30:00,93.80000305175781,93.9000015258789,93.19999694824219,93.69999694824219,1618426
2024-05-20 09:30:00,95.6500015258789,95.69999694824219,94.1500015258789,94.25,0
2024-05-20 10:30:00,96.8499984741211,96.8499984741211,95.3499984741211,95.6500015258789,3632412
2024-05-20 11:30:00,95.8499984741211,97.4000015258789,95.5999984741211,96.8499984741211,3599963
2024-05-20 12:30:00,95.94999694824219,96.25,95.25,95.9000015258789,1825614
2024-05-20 13:30:00,96.0,96.19999694824219,95.6500015258789,95.94999694824219,1123525
2024-05-20 14:30:00,95.44999694824219,96.0,95.1500015258789,95.94999694824219,1469663
2024-05-20 15:30:00,95.1500015258789,95.6500015258789,94.8499984741211,95.44999694824219,1436655
2024-05-20 16:30:00,96.0999984741211,96.4000015258789,95.19999694824219,95.44999694824219,3023615
2024-05-20 17:30:00,95.80000305175781,96.19999694824219,95.69999694824219,96.0999984741211,1804078
2024-05-21 09:30:00,99.69999694824219,100.4000015258789,96.25,96.25,0
2024-05-21 10:30:00,102.30000305175781,102.5,99.0,99.6500015258789,14363044
2024-05-21 11:30:00,104.0,105.0,101.69999694824219,102.4000015258789,6401809
2024-05-21 12:30:00,104.80000305175781,105.4000015258789,103.69999694824219,104.0999984741211,3716413
2024-05-21 13:30:00,104.5999984741211,105.0999984741211,104.0999984741211,104.80000305175781,1899556
2024-05-21 14:30:00,102.80000305175781,104.69999694824219,102.30000305175781,104.5999984741211,3943984
2024-05-21 15:30:00,102.30000305175781,103.19999694824219,102.0,102.80000305175781,2859376
2024-05-21 16:30:00,100.9000015258789,103.0,100.5999984741211,102.30000305175781,4417003
2024-05-21 17:30:00,101.0999984741211,101.19999694824219,100.30000305175781,100.80000305175781,3646475
2024-05-22 09:30:00,100.19999694824219,101.19999694824219,99.4000015258789,101.19999694824219,0
2024-05-22 10:30:00,100.80000305175781,101.0,99.0,100.19999694824219,2549079
2024-05-22 11:30:00,99.80000305175781,102.0,99.6500015258789,100.80000305175781,4926590
2024-05-22 12:30:00,99.80000305175781,100.30000305175781,99.5,99.80000305175781,1444688
2024-05-22 13:30:00,99.5999984741211,100.0999984741211,99.25,99.80000305175781,1683051
2024-05-22 14:30:00,100.0,100.19999694824219,99.44999694824219,99.5999984741211,1576181
2024-05-22 15:30:00,101.19999694824219,101.30000305175781,99.75,100.0,3600040
2024-05-22 16:30:00,100.9000015258789,101.4000015258789,100.5999984741211,101.30000305175781,3313539
2024-05-22 17:30:00,100.69999694824219,101.0999984741211,100.5999984741211,100.9000015258789,1740329
2024-05-23 09:30:00,101.19999694824219,102.5,100.0999984741211,100.0999984741211,0
2024-05-23 10:30:00,100.5999984741211,101.5,100.5,101.19999694824219,1478806
2024-05-23 11:30:00,100.5,100.80000305175781,100.0999984741211,100.5999984741211,1082461
2024-05-23 12:30:00,101.0,101.0,100.4000015258789,100.4000015258789,1084878
2024-05-23 13:30:00,100.9000015258789,101.5,100.19999694824219,101.0,1701251
2024-05-23 14:30:00,100.80000305175781,102.0,100.5,100.9000015258789,2732708
2024-05-23 15:30:00,100.4000015258789,101.69999694824219,100.30000305175781,100.80000305175781,3770043
2024-05-23 16:30:00,100.4000015258789,100.9000015258789,99.8499984741211,100.4000015258789,3045900
2024-05-23 17:30:00,100.30000305175781,101.30000305175781,99.94999694824219,100.5,2315943
2024-05-24 09:30:00,99.5999984741211,100.5999984741211,99.25,100.4000015258789,0
2024-05-24 10:30:00,99.8499984741211,100.0999984741211,98.5999984741211,99.6500015258789,1636706
2024-05-24 11:30:00,100.19999694824219,100.5,99.3499984741211,99.8499984741211,1415602
2024-05-24 12:30:00,99.9000015258789,100.30000305175781,99.75,100.19999694824219,548309
2024-05-24 13:30:00,99.80000305175781,100.5,99.5999984741211,99.9000015258789,1070326
2024-05-24 14:30:00,99.55000305175781,100.30000305175781,99.44999694824219,99.80000305175781,980284
2024-05-24 15:30:00,99.8499984741211,100.19999694824219,99.25,99.44999694824219,909426
2024-05-24 16:30:00,99.5,99.8499984741211,98.80000305175781,99.80000305175781,1463553
2024-05-24 17:30:00,98.94999694824219,99.55000305175781,98.80000305175781,99.5,869597
2024-05-27 09:30:00,99.9000015258789,100.5,99.5,99.5,0
2024-05-27 10:30:00,99.80000305175781,100.30000305175781,99.25,99.8499984741211,1445630
2024-05-27 11:30:00,99.94999694824219,100.30000305175781,99.69999694824219,99.80000305175781,1614707
2024-05-27 12:30:00,99.69999694824219,100.19999694824219,99.5999984741211,99.9000015258789,868007
2024-05-27 13:30:00,99.6500015258789,100.0999984741211,99.5999984741211,99.69999694824219,581964
2024-05-27 14:30:00,99.30000305175781,100.0,99.30000305175781,99.69999694824219,1856378
2024-05-27 15:30:00,98.5999984741211,99.3499984741211,98.1500015258789,99.30000305175781,1930695
2024-05-27 16:30:00,98.94999694824219,100.0999984741211,98.44999694824219,98.55000305175781,3657641
2024-05-27 17:30:00,98.5999984741211,98.94999694824219,98.05000305175781,98.9000015258789,1584973
2024-05-28 09:30:00,98.69999694824219,99.8499984741211,98.19999694824219,98.94999694824219,0
2024-05-28 10:30:00,100.0999984741211,100.80000305175781,98.5999984741211,98.69999694824219,7390449
2024-05-28 11:30:00,100.4000015258789,100.69999694824219,99.9000015258789,100.0,2902625
2024-05-28 12:30:00,100.19999694824219,100.5,99.80000305175781,100.4000015258789,2685096
2024-05-28 13:30:00,100.19999694824219,100.69999694824219,99.80000305175781,100.19999694824219,3334110
2024-05-28 14:30:00,100.30000305175781,101.0,100.0,100.19999694824219,2974835
2024-05-28 15:30:00,100.80000305175781,100.80000305175781,100.0,100.30000305175781,1955245
2024-05-28 16:30:00,100.0999984741211,101.0999984741211,99.94999694824219,100.80000305175781,2603804
2024-05-28 17:30:00,100.0,100.30000305175781,99.80000305175781,100.0999984741211,1616471
2024-05-29 09:30:00,101.0999984741211,102.0,100.30000305175781,100.4000015258789,0
2024-05-29 10:30:00,101.4000015258789,101.80000305175781,100.80000305175781,101.0999984741211,2118289
2024-05-29 11:30:00,101.5,101.69999694824219,101.0999984741211,101.4000015258789,761549
2024-05-29 12:30:00,101.30000305175781,101.5999984741211,101.19999694824219,101.5,696521
2024-05-29 13:30:00,100.80000305175781,101.5,100.69999694824219,101.30000305175781,1125773
2024-05-29 14:30:00,99.6500015258789,101.0,99.25,100.69999694824219,2032855
2024-05-29 15:30:00,99.25,99.9000015258789,99.1500015258789,99.6500015258789,1956892
2024-05-29 16:30:00,99.69999694824219,99.9000015258789,99.0,99.25,2179195
2024-05-29 17:30:00,100.5,100.80000305175781,99.6500015258789,99.69999694824219,2401486
2024-05-30 09:30:00,100.9000015258789,101.4000015258789,99.9000015258789,100.19999694824219,0
2024-05-30 10:30:00,101.80000305175781,101.9000015258789,100.69999694824219,101.0,2278063
2024-05-30 11:30:00,102.0,102.19999694824219,101.30000305175781,101.80000305175781,1256145
2024-05-30 12:30:00,101.4000015258789,102.0999984741211,101.4000015258789,102.0,941092
2024-05-30 13:30:00,101.5,101.5,100.5,101.4000015258789,1952962
2024-05-30 14:30:00,101.5999984741211,101.80000305175781,100.5,101.4000015258789,3764891
2024-05-30 15:30:00,100.69999694824219,101.69999694824219,100.30000305175781,101.5999984741211,1556279
2024-05-30 16:30:00,101.30000305175781,101.9000015258789,100.5999984741211,100.80000305175781,2111216
2024-05-30 17:30:00,102.5,102.5999984741211,101.19999694824219,101.19999694824219,3103643
2024-05-31 09:30:00,105.80000305175781,106.5,102.9000015258789,103.0,0
2024-05-31 10:30:00,108.69999694824219,108.9000015258789,105.4000015258789,105.80000305175781,5433947
2024-05-31 11:30:00,108.0,109.0,107.80000305175781,108.69999694824219,2452988
2024-05-31 12:30:00,109.69999694824219,109.69999694824219,107.9000015258789,108.0,2970796
2024-05-31 13:30:00,108.9000015258789,110.4000015258789,108.30000305175781,109.69999694824219,5292129
2024-05-31 14:30:00,108.9000015258789,109.30000305175781,108.5,109.0,2880453
2024-05-31 15:30:00,106.0999984741211,109.0999984741211,105.9000015258789,108.80000305175781,4627912
2024-05-31 16:30:00,106.0999984741211,107.19999694824219,105.5,106.0999984741211,3742523
2024-05-31 17:30:00,106.9000015258789,106.9000015258789,105.19999694824219,106.0999984741211,2576388
2024-06-03 09:30:00,105.4000015258789,109.0,104.5999984741211,107.30000305175781,0
2024-06-03 10:30:00,105.9000015258789,107.5,104.5999984741211,105.4000015258789,2695669
2024-06-03 11:30:00,105.19999694824219,106.69999694824219,104.80000305175781,105.9000015258789,1205397
2024-06-03 12:30:00,106.0,106.0999984741211,105.0,105.0999984741211,795293
2024-06-03 13:30:00,105.69999694824219,106.5999984741211,105.5,106.0,1283969
2024-06-03 14:30:00,107.9000015258789,107.9000015258789,105.0999984741211,105.69999694824219,2604854
2024-06-03 15:30:00,107.4000015258789,108.69999694824219,107.30000305175781,107.80000305175781,3786297
2024-06-03 16:30:00,107.19999694824219,107.69999694824219,105.5,107.30000305175781,3072564
2024-06-03 17:30:00,108.80000305175781,108.80000305175781,107.0,107.19999694824219,1878685
2024-06-04 09:30:00,108.9000015258789,110.9000015258789,108.5,108.5999984741211,0
2024-06-04 10:30:00,107.0,109.0,106.30000305175781,109.0,2098619
2024-06-04 11:30:00,107.19999694824219,107.30000305175781,106.5999984741211,107.0999984741211,1201550
2024-06-04 12:30:00,106.80000305175781,107.69999694824219,106.4000015258789,107.0999984741211,1081474
2024-06-04 13:30:00,105.80000305175781,106.9000015258789,105.4000015258789,106.80000305175781,1693971
2024-06-04 14:30:00,105.30000305175781,106.19999694824219,105.0999984741211,105.80000305175781,1236179
2024-06-04 15:30:00,105.5,105.5999984741211,103.9000015258789,105.30000305175781,2686684
2024-06-04 16:30:00,105.9000015258789,106.80000305175781,105.0999984741211,105.4000015258789,2462696
2024-06-04 17:30:00,104.5,106.80000305175781,104.4000015258789,105.9000015258789,1906070
2024-06-05 09:30:00,104.5999984741211,106.4000015258789,104.19999694824219,104.69999694824219,0
2024-06-05 10:30:00,105.30000305175781,106.0,104.5999984741211,104.69999694824219,1390799
2024-06-05 11:30:00,104.69999694824219,105.5,103.80000305175781,105.4000015258789,1117360
2024-06-05 12:30:00,104.69999694824219,105.19999694824219,104.4000015258789,104.80000305175781,731123
2024-06-05 13:30:00,104.0999984741211,105.19999694824219,103.5999984741211,104.80000305175781,852858
2024-06-05 14:30:00,103.9000015258789,104.4000015258789,103.69999694824219,103.9000015258789,566844
2024-06-05 15:30:00,104.19999694824219,105.80000305175781,103.80000305175781,103.9000015258789,1422457
2024-06-05 16:30:00,104.4000015258789,106.19999694824219,103.0999984741211,104.19999694824219,3826796
2024-06-05 17:30:00,104.5999984741211,105.5,104.19999694824219,104.5,1165508
2024-06-06 09:30:00,105.69999694824219,106.19999694824219,105.0,105.0999984741211,0
2024-06-06 10:30:00,105.5,105.80000305175781,105.0999984741211,105.80000305175781,838460
2024-06-06 11:30:00,105.9000015258789,106.0999984741211,105.4000015258789,105.5999984741211,688006
2024-06-06 12:30:00,106.0999984741211,106.5,105.69999694824219,105.9000015258789,763603
2024-06-06 13:30:00,105.9000015258789,106.19999694824219,105.5999984741211,106.0,497425
2024-06-06 14:30:00,105.9000015258789,106.0999984741211,105.5,105.69999694824219,1097594
2024-06-06 15:30:00,104.4000015258789,105.9000015258789,104.0999984741211,105.9000015258789,1915339
2024-06-06 16:30:00,103.0999984741211,104.69999694824219,102.69999694824219,104.4000015258789,1665577
2024-06-06 17:30:00,103.19999694824219,104.0,102.9000015258789,103.0999984741211,796327
2024-06-07 09:30:00,101.9000015258789,104.0,101.4000015258789,103.30000305175781,0
2024-06-07 10:30:00,101.19999694824219,102.0,100.5999984741211,101.80000305175781,1453555
2024-06-07 11:30:00,101.5999984741211,102.5999984741211,100.80000305175781,101.19999694824219,1421074
2024-06-07 12:30:00,101.5,102.0,101.4000015258789,101.5999984741211,709698
2024-06-07 13:30:00,101.0999984741211,101.69999694824219,100.9000015258789,101.5,622100
2024-06-07 14:30:00,101.30000305175781,102.0,100.9000015258789,101.0999984741211,548258
2024-06-07 15:30:00,100.5999984741211,101.30000305175781,100.30000305175781,101.30000305175781,689655
2024-06-07 16:30:00,99.5999984741211,101.0,99.1500015258789,100.5,1443129
2024-06-07 17:30:00,100.0999984741211,100.19999694824219,99.44999694824219,99.5999984741211,822943
2024-06-10 09:30:00,98.75,100.19999694824219,98.30000305175781,99.94999694824219,0
2024-06-10 10:30:00,99.30000305175781,100.5999984741211,98.4000015258789,98.75,1810178
2024-06-10 11:30:00,99.5,100.0,98.8499984741211,99.30000305175781,802849
2024-06-10 12:30:00,99.80000305175781,100.0999984741211,99.44999694824219,99.5,608930
2024-06-10 13:30:00,99.80000305175781,100.0999984741211,99.44999694824219,99.80000305175781,754314
2024-06-10 14:30:00,98.75,100.30000305175781,98.44999694824219,99.80000305175781,1439630
2024-06-10 15:30:00,99.3499984741211,100.5,98.5999984741211,98.75,1137919
2024-06-10 16:30:00,98.80000305175781,99.69999694824219,98.69999694824219,99.3499984741211,1312839
2024-06-10 17:30:00,98.30000305175781,98.80000305175781,97.75,98.80000305175781,1718792
2024-06-11 09:30:00,98.5999984741211,99.5,98.19999694824219,98.25,0
2024-06-11 10:30:00,100.19999694824219,101.19999694824219,98.5,98.55000305175781,2744049
2024-06-11 11:30:00,100.80000305175781,101.0999984741211,100.19999694824219,100.19999694824219,943275
2024-06-11 12:30:00,102.19999694824219,103.0,100.69999694824219,100.9000015258789,2605931
2024-06-11 13:30:00,102.5999984741211,102.5999984741211,101.9000015258789,102.30000305175781,827981
2024-06-11 14:30:00,101.5,103.4000015258789,100.80000305175781,102.5,2521323
2024-06-11 15:30:00,102.0999984741211,102.5,101.0999984741211,101.5,1118993
2024-06-11 16:30:00,102.30000305175781,103.0,101.80000305175781,102.0999984741211,1639668
2024-06-11 17:30:00,102.4000015258789,102.69999694824219,101.69999694824219,102.4000015258789,1472287
2024-06-12 09:30:00,103.69999694824219,104.30000305175781,102.0,102.69999694824219,0
2024-06-12 10:30:00,103.80000305175781,104.0,103.0,103.69999694824219,1521943
2024-06-12 11:30:00,102.30000305175781,103.80000305175781,102.19999694824219,103.69999694824219,744580
2024-06-12 12:30:00,102.4000015258789,102.69999694824219,102.0,102.30000305175781,432316
2024-06-12 13:30:00,101.5999984741211,102.5999984741211,101.4000015258789,102.4000015258789,723228
2024-06-12 14:30:00,101.19999694824219,102.19999694824219,100.69999694824219,101.5999984741211,1039402
2024-06-12 15:30:00,102.5,103.5,101.0999984741211,101.19999694824219,2595106
2024-06-12 16:30:00,103.0,103.5,102.0999984741211,102.5,2017441
2024-06-12 17:30:00,103.19999694824219,103.4000015258789,102.69999694824219,103.0999984741211,2016916
2024-06-13 09:30:00,104.69999694824219,106.19999694824219,104.0,104.0,0
2024-06-13 10:30:00,103.9000015258789,105.19999694824219,103.80000305175781,104.5999984741211,1649052
2024-06-13 11:30:00,103.69999694824219,104.5999984741211,103.30000305175781,103.9000015258789,1690431
2024-06-13 12:30:00,103.5999984741211,103.9000015258789,103.5,103.80000305175781,356083
2024-06-13 13:30:00,104.0999984741211,104.4000015258789,103.5,103.5999984741211,865673
2024-06-13 14:30:00,104.4000015258789,104.5,103.69999694824219,104.0,928700
2024-06-13 15:30:00,103.80000305175781,104.5999984741211,103.5999984741211,104.30000305175781,1469033
2024-06-13 16:30:00,102.5999984741211,103.80000305175781,102.4000015258789,103.80000305175781,1601418
2024-06-13 17:30:00,103.0999984741211,103.19999694824219,102.19999694824219,102.5999984741211,1094749
2024-06-14 09:30:00,106.5999984741211,106.69999694824219,104.5999984741211,105.69999694824219,0
2024-06-14 10:30:00,107.4000015258789,108.5,106.5999984741211,106.5999984741211,5423832
2024-06-14 11:30:00,107.19999694824219,107.69999694824219,106.80000305175781,107.4000015258789,1359192
2024-06-14 12:30:00,106.19999694824219,107.4000015258789,105.9000015258789,107.0999984741211,1732501
2024-06-14 13:30:00,106.0,106.69999694824219,105.69999694824219,106.19999694824219,802247
2024-06-14 14:30:00,105.30000305175781,106.0999984741211,105.0,106.0999984741211,1533715
2024-06-14 15:30:00,104.69999694824219,105.80000305175781,103.19999694824219,105.4000015258789,2881458
2024-06-14 16:30:00,105.0,106.4000015258789,104.0,104.69999694824219,2826885
2024-06-14 17:30:00,104.9000015258789,105.4000015258789,104.30000305175781,105.0,1139546
2024-06-20 09:30:00,106.19999694824219,107.0,105.30000305175781,106.80000305175781,0
2024-06-20 10:30:00,110.19999694824219,110.30000305175781,105.5999984741211,106.19999694824219,5479511
2024-06-20 11:30:00,109.5,110.4000015258789,109.19999694824219,110.0999984741211,3075379
2024-06-20 12:30:00,109.4000015258789,109.9000015258789,109.0999984741211,109.5,1709514
2024-06-20 13:30:00,109.80000305175781,109.80000305175781,109.0999984741211,109.4000015258789,1266773
2024-06-20 14:30:00,109.19999694824219,110.19999694824219,109.19999694824219,109.80000305175781,2014397
2024-06-20 15:30:00,109.30000305175781,109.5,109.0,109.19999694824219,1075672
2024-06-20 16:30:00,109.80000305175781,109.9000015258789,109.19999694824219,109.19999694824219,1260867
2024-06-20 17:30:00,110.5999984741211,110.69999694824219,109.69999694824219,109.69999694824219,2029606
2024-06-21 09:30:00,111.9000015258789,112.4000015258789,110.30000305175781,111.0,0
2024-06-21 10:30:00,111.0999984741211,112.69999694824219,110.80000305175781,111.80000305175781,2094871
2024-06-21 11:30:00,111.80000305175781,113.5,111.0,111.0999984741211,3525355
2024-06-21 12:30:00,111.69999694824219,112.0,111.19999694824219,111.9000015258789,1094474
2024-06-21 13:30:00,111.5999984741211,112.30000305175781,111.0,111.69999694824219,2018345
2024-06-21 14:30:00,112.5999984741211,113.0,111.5999984741211,111.69999694824219,2624450
2024-06-21 15:30:00,111.80000305175781,113.0,111.5999984741211,112.69999694824219,1556659
2024-06-21 16:30:00,111.30000305175781,111.9000015258789,110.69999694824219,111.80000305175781,2368668
2024-06-21 17:30:00,111.80000305175781,112.0999984741211,110.80000305175781,111.30000305175781,1444901
2024-06-24 09:30:00,112.80000305175781,112.9000015258789,111.5999984741211,112.0,0
2024-06-24 10:30:00,113.30000305175781,114.19999694824219,112.30000305175781,112.80000305175781,4768415
2024-06-24 11:30:00,112.9000015258789,113.4000015258789,112.5999984741211,113.30000305175781,1059840
2024-06-24 12:30:00,112.19999694824219,113.30000305175781,112.0,112.9000015258789,1059718
2024-06-24 13:30:00,111.80000305175781,112.5,111.80000305175781,112.19999694824219,651208
2024-06-24 14:30:00,112.4000015258789,112.80000305175781,111.80000305175781,111.80000305175781,974443
2024-06-24 15:30:00,112.0,112.5999984741211,111.9000015258789,112.4000015258789,571331
2024-06-24 16:30:00,113.5999984741211,113.69999694824219,111.9000015258789,112.0,1808005
2024-06-24 17:30:00,114.0999984741211,114.4000015258789,113.4000015258789,113.69999694824219,1941779
2024-06-25 09:30:00,113.30000305175781,115.19999694824219,113.0999984741211,114.5,0
2024-06-25 10:30:00,112.9000015258789,113.5999984741211,112.5,113.30000305175781,1425957
2024-06-25 11:30:00,112.69999694824219,113.0,111.30000305175781,113.0,1963294
2024-06-25 12:30:00,113.19999694824219,113.80000305175781,112.19999694824219,112.69999694824219,2507081
2024-06-25 13:30:00,113.5999984741211,114.0,112.80000305175781,113.19999694824219,1274614
2024-06-25 14:30:00,113.19999694824219,113.69999694824219,112.80000305175781,113.69999694824219,540062
2024-06-25 15:30:00,113.30000305175781,113.69999694824219,112.9000015258789,113.0999984741211,660173
2024-06-25 16:30:00,113.4000015258789,113.5,112.80000305175781,113.30000305175781,1215111
2024-06-25 17:30:00,113.19999694824219,113.9000015258789,112.9000015258789,113.4000015258789,1283092
2024-06-26 09:30:00,111.80000305175781,113.5999984741211,111.5,113.0999984741211,0
2024-06-26 10:30:00,112.19999694824219,112.30000305175781,111.5,111.9000015258789,1223549
2024-06-26 11:30:00,112.69999694824219,112.69999694824219,112.0,112.30000305175781,1030125
2024-06-26 12:30:00,112.9000015258789,113.5,112.30000305175781,112.5999984741211,1324780
2024-06-26 13:30:00,112.5999984741211,113.0,112.5,112.9000015258789,518158
2024-06-26 14:30:00,112.80000305175781,112.9000015258789,112.4000015258789,112.5999984741211,668225
2024-06-26 15:30:00,113.30000305175781,113.5999984741211,112.4000015258789,112.80000305175781,1255814
2024-06-26 16:30:00,113.4000015258789,114.0999984741211,112.9000015258789,113.4000015258789,2179804
2024-06-26 17:30:00,113.0,113.80000305175781,112.9000015258789,113.30000305175781,1500422
2024-06-27 09:30:00,114.69999694824219,115.69999694824219,113.5,113.5,0
2024-06-27 10:30:00,113.69999694824219,114.9000015258789,113.0,114.69999694824219,2393688
2024-06-27 11:30:00,114.0,114.4000015258789,113.5999984741211,113.69999694824219,956027
2024-06-27 12:30:00,113.5,114.9000015258789,113.30000305175781,114.0,1462613
2024-06-27 13:30:00,113.80000305175781,114.30000305175781,113.5,113.5999984741211,1113769
2024-06-27 14:30:00,113.4000015258789,114.0,113.19999694824219,113.80000305175781,940569
2024-06-27 15:30:00,114.9000015258789,115.0999984741211,112.80000305175781,113.30000305175781,3682278
2024-06-27 16:30:00,116.19999694824219,116.80000305175781,114.80000305175781,114.9000015258789,3847495
2024-06-27 17:30:00,116.4000015258789,116.5,115.4000015258789,116.0999984741211,1271041
2024-06-28 09:30:00,116.4000015258789,118.0,116.0999984741211,117.5999984741211,0
2024-06-28 10:30:00,118.30000305175781,118.5999984741211,116.30000305175781,116.4000015258789,3425945
2024-06-28 11:30:00,117.19999694824219,118.80000305175781,116.5,118.30000305175781,2890524
2024-06-28 12:30:00,115.9000015258789,117.19999694824219,115.80000305175781,117.0999984741211,1756931
2024-06-28 13:30:00,114.4000015258789,116.0,114.0999984741211,115.9000015258789,1964498
2024-06-28 14:30:00,114.4000015258789,114.80000305175781,113.5999984741211,114.4000015258789,1254125
2024-06-28 15:30:00,113.9000015258789,114.80000305175781,113.69999694824219,114.4000015258789,1687999
2024-06-28 16:30:00,113.30000305175781,114.19999694824219,113.0,113.9000015258789,2651967
2024-06-28 17:30:00,112.0999984741211,113.30000305175781,110.80000305175781,113.30000305175781,3136186
2024-07-01 09:30:00,112.30000305175781,113.4000015258789,112.19999694824219,112.69999694824219,0
2024-07-01 10:30:00,110.9000015258789,112.4000015258789,110.9000015258789,112.4000015258789,1655851
2024-07-01 11:30:00,109.30000305175781,111.0,109.19999694824219,110.80000305175781,1357396
2024-07-01 12:30:00,108.0999984741211,109.5999984741211,107.69999694824219,109.30000305175781,2082503
2024-07-01 13:30:00,108.80000305175781,110.5,107.9000015258789,108.0999984741211,1953562
2024-07-01 14:30:00,110.30000305175781,111.30000305175781,108.69999694824219,108.69999694824219,2471370
2024-07-01 15:30:00,110.9000015258789,111.19999694824219,109.69999694824219,110.4000015258789,2300397
2024-07-01 16:30:00,110.9000015258789,111.0999984741211,109.9000015258789,110.9000015258789,2114446
2024-07-01 17:30:00,110.5,111.19999694824219,110.4000015258789,110.9000015258789,1256586
2024-07-02 09:30:00,111.19999694824219,111.69999694824219,110.30000305175781,110.9000015258789,0
2024-07-02 10:30:00,112.5,113.19999694824219,110.5999984741211,111.0999984741211,4764647
2024-07-02 11:30:00,112.5,113.0999984741211,111.80000305175781,112.5,1997069
2024-07-02 12:30:00,112.4000015258789,112.9000015258789,112.4000015258789,112.5999984741211,698815
2024-07-02 13:30:00,111.5,112.5999984741211,111.30000305175781,112.5,963625
2024-07-02 14:30:00,111.5,112.4000015258789,111.30000305175781,111.4000015258789,1187049
2024-07-02 15:30:00,112.5,113.4000015258789,111.4000015258789,111.5,2707452
2024-07-02 16:30:00,112.4000015258789,113.4000015258789,112.0,112.5,2763656
2024-07-02 17:30:00,112.69999694824219,113.4000015258789,112.0999984741211,112.4000015258789,2054389
2024-07-03 09:30:00,115.0999984741211,116.19999694824219,113.0,113.5999984741211,0
2024-07-03 10:30:00,116.0,116.69999694824219,115.0,115.0999984741211,3104082
2024-07-03 11:30:00,115.4000015258789,116.0,115.0999984741211,116.0,1106176
2024-07-03 14:30:00,114.69999694824219,115.69999694824219,114.5999984741211,115.4000015258789,2957794
2024-07-03 15:30:00,114.9000015258789,115.30000305175781,114.5999984741211,114.69999694824219,1325372
2024-07-03 16:30:00,118.4000015258789,118.5,114.80000305175781,114.9000015258789,5455848
2024-07-03 17:30:00,118.9000015258789,118.9000015258789,117.19999694824219,118.4000015258789,3415052
2024-07-04 09:30:00,119.30000305175781,121.0,118.4000015258789,121.0,0
2024-07-04 10:30:00,118.80000305175781,119.30000305175781,118.30000305175781,119.19999694824219,1662680
2024-07-04 11:30:00,118.5999984741211,119.80000305175781,118.5999984741211,118.80000305175781,1897969
2024-07-04 12:30:00,118.4000015258789,118.80000305175781,118.30000305175781,118.69999694824219,851191
2024-07-04 13:30:00,118.69999694824219,119.0,117.4000015258789,118.4000015258789,2878094
2024-07-04 14:30:00,119.5,119.9000015258789,118.19999694824219,118.69999694824219,3215063
2024-07-04 15:30:00,119.80000305175781,120.4000015258789,119.19999694824219,119.5999984741211,2891527
2024-07-04 16:30:00,118.9000015258789,120.19999694824219,118.69999694824219,119.9000015258789,2720487
2024-07-04 17:30:00,118.9000015258789,119.4000015258789,118.5,119.0,1580354
2024-07-05 09:30:00,121.19999694824219,122.0,119.9000015258789,120.80000305175781,0
2024-07-05 10:30:00,121.0,122.0999984741211,120.5,121.19999694824219,3491338
2024-07-05 11:30:00,122.4000015258789,122.5999984741211,121.0,121.0999984741211,2698644
2024-07-05 12:30:00,121.9000015258789,122.5,121.80000305175781,122.4000015258789,1012675
2024-07-05 13:30:00,121.4000015258789,122.30000305175781,121.0999984741211,122.0,1804377
2024-07-05 14:30:00,121.30000305175781,121.69999694824219,120.5999984741211,121.5,1648560
2024-07-05 15:30:00,121.0,122.0,120.80000305175781,121.30000305175781,1629463
2024-07-05 16:30:00,122.80000305175781,123.5,120.4000015258789,120.9000015258789,5285543
2024-07-05 17:30:00,122.69999694824219,122.9000015258789,122.0999984741211,122.9000015258789,1645536
2024-07-08 09:30:00,124.5999984741211,125.0,123.0,123.0999984741211,0
2024-07-08 10:30:00,124.69999694824219,125.19999694824219,124.30000305175781,124.5999984741211,2089880
2024-07-08 11:30:00,125.30000305175781,125.5,124.4000015258789,124.5999984741211,1538803
2024-07-08 12:30:00,124.5,125.5,124.5,125.30000305175781,1072265
2024-07-08 13:30:00,124.69999694824219,125.4000015258789,124.0999984741211,124.5,1943391
2024-07-08 14:30:00,124.5,125.4000015258789,124.19999694824219,124.80000305175781,1511180
2024-07-08 15:30:00,123.0999984741211,124.5,122.80000305175781,124.4000015258789,1758441
2024-07-08 16:30:00,123.0999984741211,123.4000015258789,122.5,123.0,1769560
2024-07-08 17:30:00,123.5999984741211,124.19999694824219,122.69999694824219,123.0999984741211,1799604
2024-07-09 09:30:00,124.0,124.5,122.69999694824219,124.19999694824219,0
2024-07-09 10:30:00,125.4000015258789,125.4000015258789,123.80000305175781,124.0999984741211,2792215
2024-07-09 11:30:00,124.80000305175781,125.69999694824219,124.69999694824219,125.4000015258789,2252936
2024-07-09 12:30:00,124.5999984741211,125.0,124.5999984741211,124.80000305175781,551965
2024-07-09 13:30:00,124.30000305175781,125.0999984741211,124.19999694824219,124.5999984741211,1006032
2024-07-09 14:30:00,124.0,124.5,123.80000305175781,124.19999694824219,1283228
2024-07-09 15:30:00,123.4000015258789,124.0,122.9000015258789,124.0,1624211
2024-07-09 16:30:00,123.0,123.5,121.80000305175781,123.4000015258789,2226318
2024-07-09 17:30:00,122.5999984741211,123.4000015258789,122.4000015258789,123.0,1586259
2024-07-10 09:30:00,121.5,123.5999984741211,121.30000305175781,123.0,0
2024-07-10 10:30:00,119.80000305175781,121.69999694824219,119.69999694824219,121.5,3279151
2024-07-10 11:30:00,120.80000305175781,121.5999984741211,119.69999694824219,119.80000305175781,1793532
2024-07-10 12:30:00,121.80000305175781,121.9000015258789,120.80000305175781,120.80000305175781,1131693
2024-07-10 13:30:00,122.0,123.0,121.80000305175781,121.80000305175781,1842521
2024-07-10 14:30:00,121.19999694824219,122.30000305175781,120.9000015258789,122.0999984741211,1579662
2024-07-10 15:30:00,121.9000015258789,122.19999694824219,120.0,121.0999984741211,2174688
2024-07-10 16:30:00,124.19999694824219,124.19999694824219,121.5,121.80000305175781,5118170
2024-07-10 17:30:00,123.5,124.69999694824219,123.5,124.19999694824219,1462939
2024-07-11 09:30:00,126.69999694824219,126.80000305175781,125.0,125.5,0
2024-07-11 10:30:00,127.0,128.8000030517578,126.5999984741211,126.69999694824219,4046235
2024-07-11 11:30:00,126.69999694824219,127.30000305175781,126.5999984741211,127.0,1743678
2024-07-11 12:30:00,126.5,127.0999984741211,126.4000015258789,126.69999694824219,1103854
2024-07-11 13:30:00,127.5,128.60000610351562,126.5,126.5,2846268
2024-07-11 14:30:00,128.10000610351562,128.3000030517578,127.30000305175781,127.5,1785075
2024-07-11 15:30:00,130.89999389648438,131.39999389648438,128.0,128.0,7703018
2024-07-11 16:30:00,130.39999389648438,131.3000030517578,130.10000610351562,130.8000030517578,3186398
2024-07-11 17:30:00,131.8000030517578,132.0,130.10000610351562,130.39999389648438,2525347
2024-07-12 09:30:00,135.3000030517578,136.8000030517578,131.10000610351562,132.5,0
2024-07-12 10:30:00,133.60000610351562,135.3000030517578,132.39999389648438,135.3000030517578,3878312
2024-07-12 11:30:00,132.8000030517578,133.60000610351562,132.39999389648438,133.60000610351562,1745062
2024-07-12 12:30:00,130.89999389648438,132.8000030517578,130.8000030517578,132.8000030517578,1915637
2024-07-12 13:30:00,131.39999389648438,131.39999389648438,129.89999389648438,130.89999389648438,2321877
2024-07-12 14:30:00,132.6999969482422,134.1999969482422,131.1999969482422,131.39999389648438,5434574
2024-07-12 15:30:00,132.39999389648438,133.0,131.6999969482422,132.6999969482422,2446885
2024-07-12 16:30:00,132.3000030517578,133.3000030517578,132.10000610351562,132.39999389648438,2158180
2024-07-12 17:30:00,132.6999969482422,133.0,132.10000610351562,132.3000030517578,1490126
2024-07-16 09:30:00,137.1999969482422,137.60000610351562,133.3000030517578,133.5,0
2024-07-16 10:30:00,138.0,138.10000610351562,136.8000030517578,137.3000030517578,3862022
2024-07-16 11:30:00,136.60000610351562,138.3000030517578,136.1999969482422,137.89999389648438,2431289
2024-07-16 12:30:00,137.5,137.5,136.1999969482422,136.60000610351562,1916971
2024-07-16 13:30:00,136.10000610351562,137.8000030517578,135.5,137.39999389648438,2430366
2024-07-16 14:30:00,134.0,136.39999389648438,133.60000610351562,136.10000610351562,3271977
2024-07-16 15:30:00,134.60000610351562,135.3000030517578,133.8000030517578,134.0,4005353
2024-07-16 16:30:00,132.8000030517578,134.6999969482422,132.5,134.60000610351562,4715084
2024-07-16 17:30:00,132.60000610351562,133.0,132.0,132.8000030517578,2637647
2024-07-17 09:30:00,131.1999969482422,133.5,130.1999969482422,133.1999969482422,0
2024-07-17 10:30:00,130.8000030517578,131.60000610351562,130.3000030517578,131.10000610351562,2363306
2024-07-17 11:30:00,132.10000610351562,132.8000030517578,130.39999389648438,130.89999389648438,1922327
2024-07-17 12:30:00,131.8000030517578,132.8000030517578,131.6999969482422,132.10000610351562,1644382
2024-07-17 13:30:00,130.8000030517578,132.1999969482422,130.6999969482422,131.8000030517578,1184286
2024-07-17 14:30:00,130.89999389648438,131.1999969482422,130.5,130.8000030517578,1106171
2024-07-17 15:30:00,131.8000030517578,132.3000030517578,130.6999969482422,130.89999389648438,2193784
2024-07-17 16:30:00,132.3000030517578,132.89999389648438,131.6999969482422,131.6999969482422,2671175
2024-07-17 17:30:00,132.5,132.60000610351562,131.8000030517578,132.39999389648438,1678457
2024-07-18 09:30:00,132.89999389648438,134.8000030517578,132.6999969482422,133.3000030517578,0
2024-07-18 10:30:00,131.60000610351562,133.0,130.8000030517578,132.89999389648438,4635080
2024-07-18 11:30:00,131.10000610351562,131.5,130.6999969482422,131.5,1695411
2024-07-18 12:30:00,130.60000610351562,131.10000610351562,130.1999969482422,131.0,2206889
2024-07-18 13:30:00,130.8000030517578,131.0,129.60000610351562,130.60000610351562,3415465
2024-07-18 14:30:00,130.3000030517578,130.8000030517578,130.10000610351562,130.8000030517578,1178257
2024-07-18 15:30:00,130.39999389648438,130.6999969482422,130.10000610351562,130.3000030517578,1247878
2024-07-18 16:30:00,130.10000610351562,130.6999969482422,130.0,130.39999389648438,1441270
2024-07-18 17:30:00,129.89999389648438,130.1999969482422,128.89999389648438,130.10000610351562,2152942
2024-07-19 09:30:00,131.0,131.5,129.0,129.89999389648438,0
2024-07-19 10:30:00,129.8000030517578,131.10000610351562,129.5,131.0,2263869
2024-07-19 11:30:00,130.6999969482422,131.1999969482422,129.8000030517578,129.89999389648438,1680643
2024-07-19 12:30:00,131.10000610351562,131.60000610351562,130.5,130.6999969482422,2462112
2024-07-19 13:30:00,131.1999969482422,131.8000030517578,130.5,131.10000610351562,1916664
2024-07-19 14:30:00,131.39999389648438,131.8000030517578,130.89999389648438,131.1999969482422,1856447
2024-07-19 15:30:00,131.1999969482422,131.60000610351562,131.10000610351562,131.3000030517578,1205358
2024-07-19 16:30:00,131.3000030517578,131.5,130.89999389648438,131.10000610351562,1387056
2024-07-19 17:30:00,131.1999969482422,131.5,131.10000610351562,131.3000030517578,1432624
2024-07-22 09:30:00,131.6999969482422,131.89999389648438,129.8000030517578,131.60000610351562,0
2024-07-22 10:30:00,132.60000610351562,132.8000030517578,131.0,131.6999969482422,5871865
2024-07-22 11:30:00,131.8000030517578,132.8000030517578,131.5,132.60000610351562,1557328
2024-07-22 12:30:00,131.6999969482422,132.1999969482422,131.39999389648438,131.8000030517578,1185341
2024-07-22 13:30:00,131.0,131.6999969482422,130.6999969482422,131.6999969482422,1357741
2024-07-22 14:30:00,131.10000610351562,131.39999389648438,130.8000030517578,131.10000610351562,650460
2024-07-22 15:30:00,130.8000030517578,131.5,130.6999969482422,131.10000610351562,966983
2024-07-22 16:30:00,129.3000030517578,130.89999389648438,128.89999389648438,130.89999389648438,1680812
2024-07-22 17:30:00,129.0,129.60000610351562,128.8000030517578,129.3000030517578,1249465
2024-07-23 09:30:00,125.5,129.3000030517578,125.30000305175781,129.0,0
2024-07-23 10:30:00,126.30000305175781,126.5999984741211,125.30000305175781,125.4000015258789,2935020
2024-07-23 11:30:00,126.4000015258789,126.5,125.80000305175781,126.30000305175781,1103993
2024-07-23 12:30:00,126.4000015258789,126.80000305175781,126.0,126.4000015258789,730533
2024-07-23 13:30:00,125.9000015258789,127.0999984741211,125.69999694824219,126.4000015258789,1533962
2024-07-23 14:30:00,125.0999984741211,125.9000015258789,124.69999694824219,125.9000015258789,1995236
2024-07-23 15:30:00,126.5999984741211,127.0,124.9000015258789,125.0999984741211,2175198
2024-07-23 16:30:00,125.80000305175781,128.1999969482422,125.80000305175781,126.5999984741211,5206076
2024-07-23 17:30:00,125.5999984741211,126.30000305175781,125.30000305175781,125.80000305175781,2692230
2024-07-24 09:30:00,123.30000305175781,125.5999984741211,123.0999984741211,125.0,0
2024-07-24 10:30:00,123.19999694824219,124.19999694824219,122.69999694824219,123.19999694824219,2123577
2024-07-24 11:30:00,125.0,125.19999694824219,123.0999984741211,123.19999694824219,1625968
2024-07-24 12:30:00,125.4000015258789,125.4000015258789,124.69999694824219,125.0999984741211,1195535
2024-07-24 13:30:00,127.19999694824219,128.1999969482422,125.0999984741211,125.4000015258789,3829140
2024-07-24 14:30:00,126.5,127.5999984741211,125.69999694824219,127.19999694824219,1667084
2024-07-24 15:30:00,126.9000015258789,127.30000305175781,126.30000305175781,126.5,1075456
2024-07-24 16:30:00,126.0,127.0999984741211,125.4000015258789,126.80000305175781,1223920
2024-07-24 17:30:00,125.4000015258789,126.0999984741211,125.4000015258789,126.0,1292899
2024-07-25 09:30:00,126.5,127.19999694824219,125.0999984741211,125.5,0
2024-07-25 10:30:00,126.9000015258789,127.0999984741211,126.19999694824219,126.5,1786658
2024-07-25 11:30:00,126.4000015258789,127.0,126.0,126.9000015258789,1417272
2024-07-25 12:30:00,127.19999694824219,127.19999694824219,126.19999694824219,126.4000015258789,788793
2024-07-25 13:30:00,125.5,127.19999694824219,125.5,127.19999694824219,713231
2024-07-25 14:30:00,125.4000015258789,125.80000305175781,124.5999984741211,125.5999984741211,1589596
2024-07-25 15:30:00,125.0999984741211,125.5999984741211,124.69999694824219,125.4000015258789,901477
2024-07-25 16:30:00,124.69999694824219,125.80000305175781,124.30000305175781,125.0,2415890
2024-07-25 17:30:00,124.5999984741211,124.80000305175781,122.5999984741211,124.5999984741211,2966758
2024-07-26 09:30:00,124.19999694824219,125.80000305175781,123.9000015258789,125.0,0
2024-07-26 10:30:00,124.4000015258789,125.4000015258789,123.80000305175781,124.30000305175781,2653435
2024-07-26 11:30:00,123.5,124.5,123.19999694824219,124.4000015258789,2877096
2024-07-26 12:30:00,123.69999694824219,124.0,123.4000015258789,123.5999984741211,544417
2024-07-26 13:30:00,123.9000015258789,124.30000305175781,123.5,123.80000305175781,600634
2024-07-26 14:30:00,124.80000305175781,125.19999694824219,123.80000305175781,123.9000015258789,3086360
2024-07-26 15:30:00,126.5999984741211,126.69999694824219,124.4000015258789,124.80000305175781,3902847
2024-07-26 16:30:00,125.0,126.69999694824219,124.5,126.5999984741211,2131830
2024-07-26 17:30:00,124.80000305175781,125.19999694824219,124.5999984741211,125.0,1205630
2024-07-29 09:30:00,125.0999984741211,125.69999694824219,123.19999694824219,123.5,0
2024-07-29 10:30:00,124.0,125.19999694824219,123.19999694824219,125.0999984741211,1639051
2024-07-29 11:30:00,124.9000015258789,125.19999694824219,123.9000015258789,123.9000015258789,628242
2024-07-29 12:30:00,125.5,125.5999984741211,124.5999984741211,124.9000015258789,817377
2024-07-29 13:30:00,126.5999984741211,127.30000305175781,125.5,125.5,2913949
2024-07-29 14:30:00,126.0999984741211,126.80000305175781,125.9000015258789,126.5999984741211,807645
2024-07-29 15:30:00,126.30000305175781,126.9000015258789,125.9000015258789,126.19999694824219,1157608
2024-07-29 16:30:00,125.4000015258789,126.4000015258789,125.30000305175781,126.4000015258789,1208908
2024-07-29 17:30:00,126.0,126.19999694824219,125.0999984741211,125.4000015258789,1687025
2024-07-30 09:30:00,124.9000015258789,127.9000015258789,124.30000305175781,126.4000015258789,3363460
2024-07-30 10:30:00,125.30000305175781,125.9000015258789,124.9000015258789,124.9000015258789,1500780
2024-07-30 11:30:00,125.30000305175781,125.5999984741211,124.80000305175781,125.30000305175781,545635
2024-07-30 12:30:00,125.5999984741211,125.80000305175781,125.0999984741211,125.19999694824219,581439
2024-07-30 13:30:00,125.0,125.69999694824219,124.80000305175781,125.69999694824219,547550
2024-07-30 14:30:00,120.9000015258789,125.30000305175781,120.19999694824219,125.0999984741211,5134347
2024-07-30 15:30:00,120.0999984741211,121.30000305175781,120.0999984741211,120.80000305175781,3813844
2024-07-30 16:30:00,118.69999694824219,121.19999694824219,117.9000015258789,120.19999694824219,7096976
2024-07-30 17:30:00,119.4000015258789,119.9000015258789,118.5999984741211,118.69999694824219,2919535
2024-07-31 09:30:00,121.5,122.0,119.80000305175781,120.0,0
2024-07-31 10:30:00,121.0,122.0,120.19999694824219,121.5,2826218
2024-07-31 11:30:00,121.69999694824219,122.0,120.69999694824219,121.0,3345401
2024-07-31 12:30:00,121.30000305175781,122.0999984741211,121.0999984741211,121.80000305175781,1379985
2024-07-31 13:30:00,120.5,121.5,120.30000305175781,121.30000305175781,1175920
2024-07-31 14:30:00,123.5999984741211,124.30000305175781,120.4000015258789,120.5,7398448
2024-07-31 15:30:00,125.0,125.69999694824219,123.5,123.69999694824219,4386449
2024-07-31 16:30:00,124.80000305175781,125.69999694824219,124.0,125.0999984741211,4323047
2024-07-31 17:30:00,124.5,125.0,124.19999694824219,124.80000305175781,2493593
2024-08-01 09:30:00,127.30000305175781,128.0,126.0,126.9000015258789,0
2024-08-01 10:30:00,128.6999969482422,129.5,126.5999984741211,127.30000305175781,4418325
2024-08-01 11:30:00,130.60000610351562,131.1999969482422,128.10000610351562,128.5,6749239
2024-08-01 12:30:00,129.5,130.8000030517578,129.3000030517578,130.60000610351562,2222691
2024-08-01 13:30:00,129.89999389648438,130.3000030517578,129.39999389648438,129.5,1397981
2024-08-01 14:30:00,130.3000030517578,130.39999389648438,129.60000610351562,130.0,1028395
2024-08-01 15:30:00,129.6999969482422,130.60000610351562,129.0,130.3000030517578,2713150
2024-08-01 16:30:00,128.6999969482422,129.89999389648438,128.6999969482422,129.6999969482422,1807018
2024-08-01 17:30:00,128.5,128.8000030517578,128.1999969482422,128.8000030517578,1677967
2024-08-02 09:30:00,126.0999984741211,127.80000305175781,125.69999694824219,126.9000015258789,4312933
2024-08-02 10:30:00,125.19999694824219,126.0,124.4000015258789,126.0,2404245
2024-08-02 11:30:00,125.9000015258789,126.30000305175781,125.0,125.19999694824219,1527957
2024-08-02 12:30:00,126.30000305175781,126.5999984741211,125.5999984741211,125.9000015258789,1398553
2024-08-02 13:30:00,126.0,126.30000305175781,125.69999694824219,126.30000305175781,1157383
2024-08-02 14:30:00,126.4000015258789,126.5999984741211,125.9000015258789,126.0,1083591
2024-08-02 15:30:00,125.80000305175781,126.5,125.0,126.4000015258789,2681326
2024-08-02 16:30:00,124.69999694824219,125.9000015258789,124.5,125.80000305175781,1947189
2024-08-02 17:30:00,123.69999694824219,125.0,123.4000015258789,124.69999694824219,3030030
2024-08-05 09:30:00,114.0,114.0,114.0,114.0,0
2024-08-05 10:30:00,118.69999694824219,119.0999984741211,114.5,114.5,6478712
2024-08-05 11:30:00,119.0,120.0999984741211,117.9000015258789,118.69999694824219,3260473
2024-08-05 12:30:00,118.5999984741211,119.19999694824219,118.0999984741211,118.9000015258789,1416182
2024-08-05 13:30:00,118.0999984741211,118.80000305175781,117.69999694824219,118.5,911766
2024-08-05 14:30:00,117.69999694824219,118.19999694824219,117.19999694824219,118.0999984741211,1192852
2024-08-05 15:30:00,119.4000015258789,119.69999694824219,116.9000015258789,117.80000305175781,3093042
2024-08-05 16:30:00,119.69999694824219,121.5,119.0,119.4000015258789,5951043
2024-08-05 17:30:00,119.5999984741211,119.9000015258789,118.4000015258789,119.5999984741211,1901765
2024-08-06 09:30:00,121.69999694824219,124.5,120.19999694824219,123.5,0
2024-08-06 10:30:00,120.4000015258789,121.80000305175781,120.0999984741211,121.80000305175781,1797641
2024-08-06 11:30:00,120.19999694824219,120.5999984741211,119.69999694824219,120.4000015258789,1085225
2024-08-06 12:30:00,122.0,122.19999694824219,120.0,120.0999984741211,2802700
2024-08-06 13:30:00,121.19999694824219,122.30000305175781,121.0,122.0999984741211,2009122
2024-08-06 14:30:00,121.80000305175781,122.0999984741211,120.80000305175781,121.19999694824219,1041108
2024-08-06 15:30:00,119.0,122.0999984741211,119.0,121.80000305175781,2254036
2024-08-06 16:30:00,117.80000305175781,119.30000305175781,117.5999984741211,119.0999984741211,3931707
2024-08-06 17:30:00,117.4000015258789,118.0999984741211,117.4000015258789,117.80000305175781,1282384
2024-08-07 09:30:00,118.19999694824219,119.30000305175781,118.0,118.4000015258789,0
2024-08-07 10:30:00,118.30000305175781,119.5999984741211,118.0,118.19999694824219,2354927
2024-08-07 11:30:00,118.0999984741211,118.69999694824219,117.4000015258789,118.30000305175781,2172639
2024-08-07 12:30:00,118.5,118.69999694824219,117.80000305175781,118.0999984741211,941546
2024-08-07 13:30:00,118.0,118.5,117.80000305175781,118.5,665982
2024-08-07 14:30:00,115.30000305175781,118.0999984741211,115.0999984741211,118.0999984741211,3303470
2024-08-07 15:30:00,115.4000015258789,116.30000305175781,114.69999694824219,115.30000305175781,2578324
2024-08-07 16:30:00,115.80000305175781,117.9000015258789,115.0999984741211,115.4000015258789,4034727
2024-08-07 17:30:00,116.30000305175781,116.5999984741211,115.5999984741211,115.9000015258789,1315501
2024-08-08 09:30:00,115.5999984741211,116.5999984741211,115.19999694824219,115.69999694824219,0
2024-08-08 10:30:00,115.30000305175781,115.9000015258789,114.5999984741211,115.5999984741211,2413277
2024-08-08 11:30:00,115.30000305175781,115.5,115.0,115.30000305175781,826457
2024-08-08 12:30:00,114.5999984741211,115.5,114.0999984741211,115.30000305175781,1811758
2024-08-08 13:30:00,114.80000305175781,115.5999984741211,114.5,114.5999984741211,1088232
2024-08-08 14:30:00,114.5,115.0999984741211,114.30000305175781,114.80000305175781,565267
2024-08-08 15:30:00,114.9000015258789,115.5999984741211,114.5,114.5,1784776
2024-08-08 16:30:00,114.0999984741211,115.0,113.80000305175781,114.9000015258789,1553156
2024-08-08 17:30:00,114.0,114.19999694824219,113.19999694824219,114.0,2239456
2024-08-09 09:30:00,112.9000015258789,116.0999984741211,112.80000305175781,114.80000305175781,0
2024-08-09 10:30:00,112.19999694824219,113.5999984741211,111.80000305175781,112.9000015258789,2520523
2024-08-09 11:30:00,111.5,112.5,111.30000305175781,112.0999984741211,1661628
2024-08-09 12:30:00,110.5999984741211,111.5,110.0,111.5,2294027
2024-08-09 13:30:00,110.9000015258789,111.0,110.19999694824219,110.5,1155751
2024-08-09 14:30:00,111.19999694824219,112.9000015258789,110.5999984741211,110.80000305175781,2065732
2024-08-09 15:30:00,111.4000015258789,111.5999984741211,110.69999694824219,111.19999694824219,1191009
2024-08-09 16:30:00,111.0,112.0999984741211,110.19999694824219,111.4000015258789,1498699
2024-08-09 17:30:00,110.5999984741211,111.19999694824219,110.5,110.9000015258789,967713
2024-08-12 09:30:00,113.4000015258789,113.69999694824219,110.30000305175781,111.4000015258789,0
2024-08-12 10:30:00,113.5999984741211,114.19999694824219,112.80000305175781,113.4000015258789,1889829
2024-08-12 11:30:00,112.19999694824219,113.80000305175781,112.0,113.5999984741211,1371590
2024-08-12 12:30:00,113.0,113.30000305175781,112.0999984741211,112.19999694824219,696473
2024-08-12 13:30:00,111.80000305175781,113.30000305175781,111.69999694824219,113.0,808594
2024-08-12 14:30:00,112.5,112.9000015258789,111.5999984741211,111.69999694824219,985920
2024-08-12 15:30:00,113.30000305175781,113.5,112.30000305175781,112.5,1526065
2024-08-12 16:30:00,113.0999984741211,113.5,111.4000015258789,113.30000305175781,2865564
2024-08-12 17:30:00,112.5,113.30000305175781,112.4000015258789,113.19999694824219,1012466
2024-08-13 09:30:00,112.0999984741211,112.69999694824219,111.30000305175781,112.4000015258789,0
2024-08-13 10:30:00,112.4000015258789,113.4000015258789,111.69999694824219,112.0,2156132
2024-08-13 11:30:00,113.0,113.4000015258789,112.4000015258789,112.5,1258877
2024-08-13 12:30:00,112.69999694824219,113.0999984741211,112.19999694824219,113.0999984741211,740316
2024-08-13 13:30:00,112.9000015258789,113.4000015258789,112.4000015258789,112.80000305175781,1082704
2024-08-13 14:30:00,112.5999984741211,113.5,112.4000015258789,112.9000015258789,1304036
2024-08-13 15:30:00,111.5999984741211,112.80000305175781,111.5,112.5999984741211,1943301
2024-08-13 16:30:00,113.69999694824219,114.80000305175781,109.9000015258789,111.5,5444080
2024-08-13 17:30:00,116.19999694824219,116.4000015258789,113.19999694824219,113.69999694824219,5242436
2024-08-14 09:30:00,116.30000305175781,117.9000015258789,114.9000015258789,117.0,0
2024-08-14 10:30:00,116.0,117.0,115.69999694824219,116.30000305175781,1665168
2024-08-14 11:30:00,116.0,116.5999984741211,115.9000015258789,115.9000015258789,789839
2024-08-14 12:30:00,115.9000015258789,116.5,115.5999984741211,116.0,621837
2024-08-14 13:30:00,113.5999984741211,116.4000015258789,113.30000305175781,115.9000015258789,3826771
2024-08-14 14:30:00,114.80000305175781,114.9000015258789,113.4000015258789,113.5999984741211,2127919
2024-08-14 15:30:00,113.30000305175781,115.4000015258789,112.80000305175781,114.80000305175781,3328561
2024-08-14 16:30:00,113.5999984741211,114.0,112.9000015258789,113.19999694824219,2257039
2024-08-14 17:30:00,113.0,113.80000305175781,112.9000015258789,113.5999984741211,2120239
2024-08-15 09:30:00,112.4000015258789,113.5,112.0999984741211,113.5,0
2024-08-15 10:30:00,112.30000305175781,112.69999694824219,111.69999694824219,112.4000015258789,1438791
2024-08-15 11:30:00,112.30000305175781,112.9000015258789,112.0,112.30000305175781,778052
2024-08-15 12:30:00,112.19999694824219,112.4000015258789,112.0,112.4000015258789,549101
2024-08-15 13:30:00,112.19999694824219,112.5999984741211,112.0,112.19999694824219,434760
2024-08-15 14:30:00,112.0999984741211,112.5,111.9000015258789,112.19999694824219,913055
2024-08-15 15:30:00,114.19999694824219,114.69999694824219,112.0,112.0999984741211,8587539
2024-08-15 16:30:00,113.80000305175781,114.4000015258789,113.5,114.19999694824219,2886480
2024-08-15 17:30:00,113.9000015258789,114.30000305175781,113.69999694824219,113.9000015258789,3079386
2024-08-16 09:30:00,111.69999694824219,114.5,111.4000015258789,114.30000305175781,0
2024-08-16 10:30:00,111.5,111.9000015258789,110.80000305175781,111.69999694824219,3510635
2024-08-16 11:30:00,111.5999984741211,111.9000015258789,111.30000305175781,111.4000015258789,1441322
2024-08-16 12:30:00,111.5,111.80000305175781,111.30000305175781,111.5999984741211,896440
2024-08-16 13:30:00,111.19999694824219,111.5,111.0,111.4000015258789,1168285
2024-08-16 14:30:00,111.5,112.0,110.5,111.0999984741211,3838285
2024-08-16 15:30:00,110.5,111.69999694824219,110.30000305175781,111.5999984741211,2199115
2024-08-16 16:30:00,110.5,110.9000015258789,110.19999694824219,110.5999984741211,1459935
2024-08-16 17:30:00,109.5999984741211,110.80000305175781,109.5,110.5,2676901
2024-08-19 09:30:00,109.19999694824219,110.5,108.4000015258789,109.69999694824219,0
2024-08-19 10:30:00,110.0,110.4000015258789,109.0999984741211,109.30000305175781,3330598
2024-08-19 11:30:00,109.5999984741211,110.4000015258789,109.0999984741211,110.0,1313348
2024-08-19 12:30:00,110.19999694824219,110.69999694824219,109.30000305175781,109.5,2559159
2024-08-19 13:30:00,110.5,110.69999694824219,109.9000015258789,110.19999694824219,1595664
2024-08-19 14:30:00,110.9000015258789,111.4000015258789,110.30000305175781,110.4000015258789,4138194
2024-08-19 15:30:00,110.5999984741211,111.0,110.30000305175781,110.80000305175781,1607614
2024-08-19 16:30:00,111.0,111.30000305175781,110.19999694824219,110.5,1664098
2024-08-19 17:30:00,111.69999694824219,111.9000015258789,110.80000305175781,111.0,2670361
2024-08-20 09:30:00,112.4000015258789,112.80000305175781,110.69999694824219,111.0999984741211,0
2024-08-20 10:30:00,113.0,113.0,111.80000305175781,112.4000015258789,2858045
2024-08-20 11:30:00,113.0999984741211,113.4000015258789,112.5,113.0,2800604
2024-08-20 12:30:00,112.9000015258789,113.0999984741211,112.19999694824219,113.0999984741211,1161533
2024-08-20 13:30:00,112.30000305175781,113.4000015258789,111.9000015258789,112.9000015258789,1906724
2024-08-20 14:30:00,111.5,112.5999984741211,111.19999694824219,112.30000305175781,1914411
2024-08-20 15:30:00,112.5999984741211,113.5,111.19999694824219,111.4000015258789,2614775
2024-08-20 16:30:00,112.5999984741211,112.9000015258789,112.0999984741211,112.5999984741211,1920475
2024-08-20 17:30:00,112.19999694824219,112.9000015258789,112.0,112.5999984741211,1624745
2024-08-21 09:30:00,111.9000015258789,112.5999984741211,111.69999694824219,112.0,0
2024-08-21 10:30:00,112.5,112.9000015258789,111.80000305175781,111.80000305175781,2341513
2024-08-21 11:30:00,113.30000305175781,113.80000305175781,112.30000305175781,112.4000015258789,2699025
2024-08-21 12:30:00,112.5,113.4000015258789,112.4000015258789,113.30000305175781,1229129
2024-08-21 13:30:00,112.0999984741211,112.5,111.5999984741211,112.4000015258789,1425882
2024-08-21 14:30:00,112.5,112.80000305175781,112.0,112.0999984741211,718963
2024-08-21 15:30:00,112.19999694824219,112.69999694824219,111.69999694824219,112.5999984741211,1146080
2024-08-21 16:30:00,112.4000015258789,112.9000015258789,111.69999694824219,112.0999984741211,1916303
2024-08-21 17:30:00,112.19999694824219,112.5999984741211,111.9000015258789,112.5,1312145
2024-08-22 09:30:00,114.5,114.5,113.0,113.0999984741211,0
2024-08-22 10:30:00,113.4000015258789,115.0999984741211,113.30000305175781,114.5,3310401
2024-08-22 11:30:00,113.0999984741211,113.5,112.0999984741211,113.4000015258789,2324898
2024-08-22 12:30:00,112.80000305175781,113.5,112.80000305175781,113.0999984741211,531265
2024-08-22 13:30:00,113.5,113.9000015258789,112.9000015258789,113.0,1243292
2024-08-22 14:30:00,113.30000305175781,114.69999694824219,113.19999694824219,113.5,2433497
2024-08-22 15:30:00,113.30000305175781,113.5,112.30000305175781,113.19999694824219,1807371
2024-08-22 16:30:00,112.69999694824219,113.4000015258789,112.4000015258789,113.19999694824219,1929107
2024-08-22 17:30:00,113.80000305175781,113.80000305175781,112.5,112.69999694824219,2596328
2024-08-23 09:30:00,113.0,114.0,112.80000305175781,114.0,0
2024-08-23 10:30:00,111.69999694824219,113.0,111.0,113.0,3125234
2024-08-23 11:30:00,111.5,112.0,111.30000305175781,111.69999694824219,1094808
2024-08-23 12:30:00,111.0999984741211,111.5,110.69999694824219,111.5,1407099
2024-08-23 13:30:00,111.19999694824219,111.4000015258789,111.0,111.19999694824219,727667
2024-08-23 14:30:00,110.5999984741211,111.19999694824219,110.4000015258789,111.19999694824219,1043721
2024-08-23 15:30:00,110.9000015258789,111.0,110.0999984741211,110.5999984741211,1056593
2024-08-23 16:30:00,110.69999694824219,111.69999694824219,110.30000305175781,110.9000015258789,3209295
2024-08-23 17:30:00,108.9000015258789,110.69999694824219,108.30000305175781,110.5999984741211,2838759
2024-08-26 09:30:00,108.80000305175781,110.5999984741211,108.19999694824219,109.9000015258789,0
2024-08-26 10:30:00,107.30000305175781,109.30000305175781,107.19999694824219,108.80000305175781,2783253
2024-08-26 11:30:00,108.5,109.0999984741211,107.30000305175781,107.4000015258789,1919862
2024-08-26 12:30:00,108.5999984741211,109.9000015258789,108.5,108.5,2011195
2024-08-26 13:30:00,109.5999984741211,109.80000305175781,108.5999984741211,108.69999694824219,2590030
2024-08-26 14:30:00,109.5,110.0999984741211,109.0999984741211,109.5999984741211,1562493
2024-08-26 15:30:00,110.5999984741211,110.80000305175781,109.4000015258789,109.5,2668252
2024-08-26 16:30:00,109.0,110.69999694824219,108.5999984741211,110.5999984741211,3212817
2024-08-26 17:30:00,108.69999694824219,109.0999984741211,108.19999694824219,109.0,1677467
2024-08-27 09:30:00,108.5,109.4000015258789,108.0999984741211,109.0,0
2024-08-27 10:30:00,108.4000015258789,108.69999694824219,108.0,108.5,1297432
2024-08-27 11:30:00,108.9000015258789,109.0,108.19999694824219,108.4000015258789,722488
2024-08-27 12:30:00,110.0999984741211,110.4000015258789,108.5999984741211,108.9000015258789,3153705
2024-08-27 13:30:00,110.5,110.5,109.69999694824219,110.0,1643694
2024-08-27 14:30:00,111.0,111.5999984741211,110.30000305175781,110.5,2274485
2024-08-27 15:30:00,111.0,111.4000015258789,110.5999984741211,111.0,1328441
2024-08-27 16:30:00,111.19999694824219,111.30000305175781,110.5999984741211,111.0999984741211,1820598
2024-08-27 17:30:00,111.9000015258789,112.0,111.0999984741211,111.19999694824219,1976374
2024-08-28 09:30:00,112.4000015258789,112.80000305175781,111.5999984741211,112.5,0
2024-08-28 10:30:00,111.19999694824219,112.5,111.0999984741211,112.4000015258789,1475180
2024-08-28 11:30:00,111.19999694824219,111.5,110.80000305175781,111.19999694824219,966226
2024-08-28 12:30:00,111.30000305175781,111.4000015258789,110.9000015258789,111.30000305175781,584893
2024-08-28 13:30:00,111.4000015258789,111.80000305175781,111.0,111.30000305175781,1336563
2024-08-28 14:30:00,109.69999694824219,111.5,107.5,111.4000015258789,6755191
2024-08-28 15:30:00,110.30000305175781,110.69999694824219,109.5999984741211,109.69999694824219,1280118
2024-08-28 16:30:00,110.5999984741211,110.69999694824219,109.80000305175781,110.4000015258789,1352803
2024-08-28 17:30:00,110.4000015258789,110.69999694824219,109.9000015258789,110.5999984741211,1091372
2024-08-29 09:30:00,110.4000015258789,111.19999694824219,110.19999694824219,110.4000015258789,0
2024-08-29 10:30:00,109.4000015258789,110.5,109.4000015258789,110.30000305175781,2017854
2024-08-29 11:30:00,109.5,109.80000305175781,109.0,109.5,790913
2024-08-29 12:30:00,109.5,109.5999984741211,109.19999694824219,109.4000015258789,510212
2024-08-29 13:30:00,110.0999984741211,110.5,109.0999984741211,109.5,1387118
2024-08-29 14:30:00,112.5999984741211,113.5,110.0,110.0999984741211,4519796
2024-08-29 15:30:00,113.30000305175781,113.9000015258789,112.0999984741211,112.69999694824219,3101237
2024-08-29 16:30:00,112.80000305175781,113.30000305175781,112.19999694824219,113.30000305175781,2010755
2024-08-29 17:30:00,112.30000305175781,113.4000015258789,112.0999984741211,112.80000305175781,1532047
2024-09-02 09:30:00,113.9000015258789,115.0999984741211,112.4000015258789,112.5999984741211,0
2024-09-02 10:30:00,115.0999984741211,116.19999694824219,113.5999984741211,113.9000015258789,5599685
2024-09-02 11:30:00,115.0,115.69999694824219,114.30000305175781,115.0999984741211,7994322
2024-09-02 12:30:00,114.5999984741211,115.19999694824219,114.4000015258789,115.0,2127212
2024-09-02 13:30:00,115.0999984741211,115.30000305175781,114.30000305175781,114.5,2291356
2024-09-02 14:30:00,115.0999984741211,115.9000015258789,114.80000305175781,115.0999984741211,3778187
2024-09-02 15:30:00,114.5999984741211,115.5,114.19999694824219,115.0999984741211,3114236
2024-09-02 16:30:00,114.80000305175781,114.9000015258789,113.69999694824219,114.5,3724669
2024-09-02 17:30:00,115.0999984741211,115.19999694824219,114.5,114.9000015258789,3869832
2024-09-03 09:30:00,115.69999694824219,116.0999984741211,114.5999984741211,115.4000015258789,0
2024-09-03 10:30:00,115.19999694824219,115.69999694824219,114.0999984741211,115.5999984741211,4525519
2024-09-03 11:30:00,114.69999694824219,115.19999694824219,114.5,115.19999694824219,1184272
2024-09-03 12:30:00,114.69999694824219,114.9000015258789,114.5,114.5999984741211,667743
2024-09-03 13:30:00,114.19999694824219,114.9000015258789,114.0999984741211,114.80000305175781,1205859
2024-09-03 14:30:00,114.5,114.69999694824219,114.0999984741211,114.19999694824219,1307537
2024-09-03 15:30:00,114.5,115.19999694824219,114.19999694824219,114.5,2928557
2024-09-03 16:30:00,114.0,114.5999984741211,113.5,114.4000015258789,2893414
2024-09-03 17:30:00,113.5999984741211,114.4000015258789,113.5,114.0,2429790
2024-09-04 09:30:00,113.19999694824219,113.4000015258789,111.69999694824219,111.9000015258789,0
2024-09-04 10:30:00,113.5999984741211,114.0999984741211,112.80000305175781,113.19999694824219,6716130
2024-09-04 11:30:00,112.80000305175781,113.69999694824219,112.69999694824219,113.69999694824219,2161152
2024-09-04 12:30:00,112.80000305175781,113.0999984741211,112.5,112.69999694824219,1075424
2024-09-04 13:30:00,112.80000305175781,113.19999694824219,112.69999694824219,112.80000305175781,1139321
2024-09-04 14:30:00,112.69999694824219,113.4000015258789,112.5,112.80000305175781,1903455
2024-09-04 15:30:00,112.69999694824219,113.0999984741211,112.4000015258789,112.69999694824219,1557650
2024-09-04 16:30:00,112.9000015258789,113.0999984741211,112.30000305175781,112.69999694824219,2552730
2024-09-04 17:30:00,113.80000305175781,114.4000015258789,112.80000305175781,112.9000015258789,3649207
2024-09-05 09:30:00,113.0999984741211,115.30000305175781,112.5999984741211,114.80000305175781,0
2024-09-05 10:30:00,113.30000305175781,113.30000305175781,112.5,113.0,2101539
2024-09-05 11:30:00,112.4000015258789,113.30000305175781,112.30000305175781,113.19999694824219,1438252
2024-09-05 12:30:00,112.5,112.69999694824219,112.30000305175781,112.30000305175781,522602
2024-09-05 13:30:00,112.69999694824219,113.69999694824219,112.30000305175781,112.5,2026581
2024-09-05 14:30:00,112.5,112.80000305175781,112.30000305175781,112.69999694824219,1130423
2024-09-05 15:30:00,112.5999984741211,113.0999984741211,112.19999694824219,112.69999694824219,1767822
2024-09-05 16:30:00,112.5999984741211,113.0,112.4000015258789,112.5999984741211,1807381
2024-09-05 17:30:00,113.5999984741211,113.9000015258789,112.19999694824219,112.5999984741211,5247229
2024-09-06 09:30:00,112.9000015258789,114.5,112.5999984741211,113.5999984741211,0
2024-09-06 10:30:00,114.0,114.5,112.69999694824219,112.80000305175781,4162007
2024-09-06 11:30:00,113.9000015258789,114.19999694824219,113.30000305175781,114.0,1157707
2024-09-06 12:30:00,113.30000305175781,114.0999984741211,113.19999694824219,113.9000015258789,942801
2024-09-06 13:30:00,113.0,113.9000015258789,113.0,113.30000305175781,1109425
2024-09-06 14:30:00,113.0,113.0999984741211,112.5999984741211,113.0,1450334
2024-09-06 15:30:00,112.5999984741211,113.5999984741211,112.5,113.0,2464769
2024-09-06 16:30:00,112.5999984741211,113.0,112.0999984741211,112.69999694824219,2377588
2024-09-06 17:30:00,110.0999984741211,112.9000015258789,109.30000305175781,112.5,3932097
2024-09-09 09:30:00,109.30000305175781,111.0999984741211,109.19999694824219,110.69999694824219,0
2024-09-09 10:30:00,109.30000305175781,110.0,109.0999984741211,109.30000305175781,1634133
2024-09-09 11:30:00,108.9000015258789,109.5999984741211,108.80000305175781,109.30000305175781,1338523
2024-09-09 12:30:00,109.19999694824219,109.4000015258789,108.80000305175781,108.9000015258789,928293
2024-09-09 13:30:00,108.80000305175781,109.30000305175781,108.5999984741211,109.19999694824219,1224283
2024-09-09 14:30:00,108.9000015258789,109.4000015258789,108.69999694824219,108.80000305175781,1184794
2024-09-09 15:30:00,108.30000305175781,109.19999694824219,108.0999984741211,109.0,1487539
2024-09-09 16:30:00,108.5999984741211,109.30000305175781,107.80000305175781,108.30000305175781,2194309
2024-09-09 17:30:00,107.9000015258789,108.9000015258789,107.5999984741211,108.5999984741211,1805127
2024-09-10 09:30:00,107.4000015258789,108.9000015258789,107.30000305175781,108.19999694824219,0
2024-09-10 10:30:00,107.5,108.19999694824219,107.30000305175781,107.4000015258789,1314875
2024-09-10 11:30:00,106.5999984741211,107.5999984741211,106.4000015258789,107.5,1384465
2024-09-10 12:30:00,105.5,106.80000305175781,105.30000305175781,106.5999984741211,1459655
2024-09-10 13:30:00,105.9000015258789,105.9000015258789,105.19999694824219,105.5,1167894
2024-09-10 14:30:00,105.0999984741211,106.0,104.69999694824219,105.9000015258789,1269225
2024-09-10 15:30:00,105.5,106.0,104.80000305175781,105.0,1786901
2024-09-10 16:30:00,106.5,106.80000305175781,104.5,105.5,4084341
2024-09-10 17:30:00,106.69999694824219,107.4000015258789,106.0,106.5999984741211,2975061
2024-09-11 09:30:00,106.19999694824219,106.80000305175781,105.0999984741211,106.5999984741211,0
2024-09-11 10:30:00,107.9000015258789,108.0,106.19999694824219,106.19999694824219,2641446
2024-09-11 11:30:00,107.5,108.0,107.19999694824219,107.9000015258789,1123623
2024-09-11 12:30:00,107.80000305175781,108.4000015258789,107.5,107.5,1148981
2024-09-11 13:30:00,107.5,108.4000015258789,107.5,107.80000305175781,939913
2024-09-11 14:30:00,108.5999984741211,108.69999694824219,107.30000305175781,107.5,1264260
2024-09-11 15:30:00,106.9000015258789,108.80000305175781,106.5999984741211,108.5,2915699
2024-09-11 16:30:00,106.19999694824219,107.19999694824219,104.9000015258789,106.80000305175781,4255149
2024-09-11 17:30:00,106.30000305175781,106.5999984741211,105.69999694824219,106.30000305175781,1910452
2024-09-12 09:30:00,106.9000015258789,107.80000305175781,106.80000305175781,107.4000015258789,1965533
2024-09-12 10:30:00,109.19999694824219,109.5,106.5999984741211,106.9000015258789,2891230
2024-09-12 11:30:00,107.80000305175781,109.30000305175781,107.5,109.19999694824219,1890423
2024-09-12 12:30:00,108.0999984741211,108.80000305175781,107.80000305175781,107.80000305175781,804627
2024-09-12 13:30:00,108.5,108.80000305175781,108.0,108.0,880662
2024-09-12 14:30:00,108.4000015258789,109.80000305175781,108.19999694824219,108.5,3443909
2024-09-12 15:30:00,106.19999694824219,108.5,105.19999694824219,108.4000015258789,4062422
2024-09-12 16:30:00,106.80000305175781,107.0999984741211,104.5,106.0999984741211,4348814
2024-09-12 17:30:00,108.69999694824219,109.0,106.69999694824219,106.80000305175781,3846326
2024-09-13 09:30:00,108.30000305175781,109.5,108.0999984741211,109.5,1776602
2024-09-13 10:30:00,108.5,108.80000305175781,107.69999694824219,108.30000305175781,1964181
2024-09-13 11:30:00,110.0,110.5999984741211,108.4000015258789,108.5,2769049
2024-09-13 12:30:00,109.80000305175781,110.19999694824219,109.5,110.0999984741211,727818
2024-09-13 13:30:00,110.5999984741211,110.69999694824219,109.69999694824219,109.9000015258789,1538385
2024-09-13 14:30:00,111.30000305175781,112.69999694824219,110.5999984741211,110.5999984741211,5486194
2024-09-13 15:30:00,110.0999984741211,111.5,109.80000305175781,111.30000305175781,2698510
2024-09-13 16:30:00,110.80000305175781,112.0999984741211,110.0,110.0999984741211,2871713
2024-09-13 17:30:00,110.80000305175781,111.30000305175781,110.19999694824219,110.80000305175781,2055951
2024-09-16 09:30:00,110.5,111.19999694824219,110.19999694824219,110.69999694824219,0
2024-09-16 10:30:00,111.4000015258789,112.5999984741211,110.19999694824219,110.5,3344752
2024-09-16 11:30:00,112.80000305175781,113.30000305175781,111.4000015258789,111.4000015258789,2583265
2024-09-16 12:30:00,112.69999694824219,112.9000015258789,112.30000305175781,112.9000015258789,952177
2024-09-16 13:30:00,112.4000015258789,113.0999984741211,111.9000015258789,112.80000305175781,1344122
2024-09-16 14:30:00,113.0,113.0999984741211,112.4000015258789,112.5,1736724
2024-09-16 15:30:00,112.69999694824219,113.0999984741211,112.30000305175781,113.0,1873101
2024-09-16 16:30:00,111.9000015258789,113.0999984741211,111.9000015258789,112.69999694824219,2226135
2024-09-16 17:30:00,111.69999694824219,112.69999694824219,111.30000305175781,111.9000015258789,2325122
2024-09-17 09:30:00,112.80000305175781,113.0999984741211,111.69999694824219,112.0999984741211,2581256
2024-09-17 10:30:00,113.80000305175781,114.0,112.5999984741211,112.9000015258789,2682989
2024-09-17 11:30:00,112.80000305175781,113.80000305175781,112.4000015258789,113.80000305175781,1444612
2024-09-17 12:30:00,113.30000305175781,113.5,112.5999984741211,112.80000305175781,1070943
2024-09-17 13:30:00,112.69999694824219,113.69999694824219,112.5999984741211,113.30000305175781,2773597
2024-09-17 14:30:00,113.0,113.30000305175781,112.4000015258789,112.80000305175781,1541726
2024-09-17 15:30:00,112.69999694824219,113.19999694824219,112.5999984741211,112.9000015258789,855339
2024-09-17 16:30:00,112.80000305175781,113.0,112.5999984741211,112.69999694824219,631550
2024-09-17 17:30:00,112.80000305175781,113.4000015258789,112.69999694824219,112.9000015258789,1680245
2024-09-18 09:30:00,114.4000015258789,114.69999694824219,112.5,112.80000305175781,0
2024-09-18 10:30:00,113.4000015258789,114.4000015258789,113.30000305175781,114.4000015258789,1551979
2024-09-18 11:30:00,114.19999694824219,114.30000305175781,113.0999984741211,113.4000015258789,1192636
2024-09-18 12:30:00,114.0999984741211,114.4000015258789,113.80000305175781,114.19999694824219,1050326
2024-09-18 13:30:00,113.80000305175781,114.0999984741211,113.19999694824219,114.0999984741211,888250
2024-09-18 14:30:00,113.5,113.80000305175781,113.19999694824219,113.80000305175781,569365
2024-09-18 15:30:00,113.80000305175781,114.0,113.5,113.5,830531
2024-09-18 16:30:00,114.4000015258789,114.80000305175781,113.5999984741211,113.9000015258789,2611188
2024-09-18 17:30:00,114.4000015258789,115.4000015258789,114.0,114.4000015258789,2820452
2024-09-19 09:30:00,115.5,116.5999984741211,115.4000015258789,116.0999984741211,0
2024-09-19 10:30:00,115.4000015258789,115.9000015258789,114.80000305175781,115.5,3339277
2024-09-19 11:30:00,115.5999984741211,115.80000305175781,115.30000305175781,115.4000015258789,1529489
2024-09-19 12:30:00,115.69999694824219,116.30000305175781,115.30000305175781,115.5999984741211,3677112
2024-09-19 13:30:00,116.4000015258789,116.80000305175781,115.19999694824219,115.69999694824219,5493607
2024-09-19 14:30:00,116.0999984741211,116.69999694824219,116.0,116.5,3464437
2024-09-19 15:30:00,116.5999984741211,116.5999984741211,116.0,116.19999694824219,1619630
2024-09-19 16:30:00,116.30000305175781,116.5999984741211,115.69999694824219,116.5,2012391
2024-09-19 17:30:00,116.4000015258789,116.69999694824219,116.0999984741211,116.30000305175781,2419773
2024-09-20 09:30:00,116.5,117.0999984741211,115.30000305175781,116.5999984741211,0
2024-09-20 10:30:00,116.5,116.5,115.69999694824219,116.5,1360951
2024-09-20 11:30:00,116.80000305175781,117.0999984741211,116.19999694824219,116.5,1643246
2024-09-20 12:30:00,117.30000305175781,117.5,116.69999694824219,116.9000015258789,1145882
2024-09-20 13:30:00,117.19999694824219,117.80000305175781,117.0,117.4000015258789,1542883
2024-09-20 14:30:00,117.4000015258789,117.5,116.80000305175781,117.19999694824219,723266
2024-09-20 15:30:00,117.19999694824219,117.5,116.80000305175781,117.4000015258789,820757
2024-09-20 16:30:00,118.0,118.19999694824219,116.0,117.19999694824219,2905888
2024-09-20 17:30:00,118.19999694824219,118.69999694824219,117.69999694824219,118.0,2711160
2024-09-23 09:30:00,122.4000015258789,122.80000305175781,120.30000305175781,121.0,0
2024-09-23 10:30:00,121.5,122.69999694824219,120.80000305175781,122.4000015258789,2597486
2024-09-23 11:30:00,121.19999694824219,121.69999694824219,120.9000015258789,121.5999984741211,829143
2024-09-23 12:30:00,121.0999984741211,121.30000305175781,120.69999694824219,121.19999694824219,734795
2024-09-23 13:30:00,120.5999984741211,121.0999984741211,120.4000015258789,121.0,1148081
2024-09-23 14:30:00,120.5999984741211,121.30000305175781,120.5,120.69999694824219,1164806
2024-09-23 15:30:00,120.19999694824219,120.80000305175781,119.80000305175781,120.5999984741211,1321263
2024-09-23 16:30:00,120.80000305175781,121.19999694824219,120.0999984741211,120.19999694824219,1171508
2024-09-23 17:30:00,120.9000015258789,121.0999984741211,120.0,120.80000305175781,1476592
2024-09-24 09:30:00,122.5,122.5999984741211,120.19999694824219,121.0,0
2024-09-24 10:30:00,124.9000015258789,125.0999984741211,122.0,122.5,3952636
2024-09-24 11:30:00,126.4000015258789,127.0,124.80000305175781,124.9000015258789,2962916
2024-09-24 12:30:00,126.0999984741211,127.30000305175781,126.0999984741211,126.5,2575521
2024-09-24 13:30:00,125.30000305175781,126.69999694824219,125.19999694824219,126.0999984741211,2010950
2024-09-24 14:30:00,124.80000305175781,125.5999984741211,124.80000305175781,125.30000305175781,1325648
2024-09-24 15:30:00,124.80000305175781,125.19999694824219,124.0,124.9000015258789,1959728
2024-09-24 16:30:00,124.69999694824219,125.4000015258789,124.4000015258789,124.69999694824219,1500269
2024-09-24 17:30:00,125.80000305175781,126.4000015258789,124.69999694824219,124.69999694824219,2704055
2024-09-25 09:30:00,126.19999694824219,127.4000015258789,125.30000305175781,126.30000305175781,0
2024-09-25 10:30:00,127.19999694824219,128.39999389648438,125.9000015258789,126.19999694824219,3122132
2024-09-25 11:30:00,127.5999984741211,127.80000305175781,127.0999984741211,127.30000305175781,1142118
2024-09-25 12:30:00,127.4000015258789,127.9000015258789,126.80000305175781,127.5,1293698
2024-09-25 13:30:00,127.5,127.9000015258789,127.19999694824219,127.4000015258789,1630845
2024-09-25 14:30:00,126.0999984741211,128.10000610351562,125.69999694824219,127.5,2962254
2024-09-25 15:30:00,126.4000015258789,127.80000305175781,125.5,126.0,3608681
2024-09-25 16:30:00,126.5999984741211,126.80000305175781,125.5,126.5,2143947
2024-09-25 17:30:00,127.0999984741211,127.19999694824219,126.0999984741211,126.5,1789399
2024-09-26 09:30:00,127.19999694824219,129.6999969482422,127.0999984741211,128.0,0
2024-09-26 10:30:00,128.89999389648438,129.3000030517578,127.0,127.0999984741211,2773278
2024-09-26 11:30:00,129.6999969482422,130.6999969482422,128.6999969482422,128.8000030517578,4852878
2024-09-26 12:30:00,129.60000610351562,130.0,129.3000030517578,129.60000610351562,1114304
2024-09-26 13:30:00,127.69999694824219,129.60000610351562,127.5999984741211,129.5,2948009
2024-09-26 14:30:00,126.5,128.39999389648438,126.19999694824219,127.69999694824219,2966734
2024-09-26 15:30:00,127.19999694824219,127.4000015258789,125.9000015258789,126.5,2492951
2024-09-26 16:30:00,125.9000015258789,127.69999694824219,125.69999694824219,127.0999984741211,3243039
2024-09-26 17:30:00,123.69999694824219,126.30000305175781,123.5999984741211,125.80000305175781,2933506
2024-09-27 09:30:00,122.30000305175781,124.4000015258789,121.5999984741211,124.19999694824219,0
2024-09-27 10:30:00,122.5,122.9000015258789,121.80000305175781,122.4000015258789,2026553
2024-09-27 11:30:00,123.4000015258789,123.9000015258789,122.19999694824219,122.4000015258789,1765301
2024-09-27 12:30:00,122.5,124.0,122.4000015258789,123.4000015258789,1651614
2024-09-27 13:30:00,122.5999984741211,122.69999694824219,122.0,122.5999984741211,885094
2024-09-27 14:30:00,122.30000305175781,122.9000015258789,121.9000015258789,122.69999694824219,967657
2024-09-27 15:30:00,122.19999694824219,123.0,122.0,122.30000305175781,972591
2024-09-27 16:30:00,122.0999984741211,122.9000015258789,121.5,122.19999694824219,1736875
2024-09-27 17:30:00,123.0,123.5,121.80000305175781,122.0999984741211,2168330
2024-09-30 09:30:00,120.5999984741211,122.69999694824219,120.0999984741211,122.5,0
2024-09-30 10:30:00,120.4000015258789,121.0999984741211,119.9000015258789,120.5999984741211,1845110
2024-09-30 11:30:00,120.9000015258789,121.30000305175781,120.30000305175781,120.30000305175781,1438558
2024-09-30 12:30:00,120.69999694824219,121.0999984741211,120.5,120.80000305175781,521705
2024-09-30 13:30:00,120.4000015258789,121.0,120.19999694824219,120.5999984741211,1307465
2024-09-30 14:30:00,120.69999694824219,121.30000305175781,120.0999984741211,120.5,1368395
2024-09-30 15:30:00,121.4000015258789,121.69999694824219,120.5999984741211,120.80000305175781,1409940
2024-09-30 16:30:00,121.5,121.5999984741211,120.4000015258789,121.4000015258789,1917461
2024-09-30 17:30:00,122.30000305175781,122.69999694824219,121.4000015258789,121.5999984741211,3042551
2024-10-01 09:30:00,123.9000015258789,124.5999984741211,122.30000305175781,122.5999984741211,0
2024-10-01 10:30:00,124.5,125.0,123.9000015258789,123.9000015258789,2256271
2024-10-01 11:30:00,124.0,125.0,123.5999984741211,124.4000015258789,1704668
2024-10-01 12:30:00,123.5999984741211,124.30000305175781,122.0,124.0,2697747
2024-10-01 13:30:00,123.0,123.9000015258789,122.69999694824219,123.5999984741211,1237513
2024-10-01 14:30:00,122.5999984741211,123.30000305175781,122.5,122.9000015258789,1160926
2024-10-01 15:30:00,124.9000015258789,125.19999694824219,122.4000015258789,122.69999694824219,3745942
2024-10-01 16:30:00,121.19999694824219,125.0,116.5,124.9000015258789,5440899
2024-10-01 17:30:00,121.9000015258789,123.0999984741211,120.0999984741211,121.0999984741211,4005772
2024-10-02 09:30:00,118.5999984741211,122.0999984741211,118.5,121.0999984741211,2781090
2024-10-02 10:30:00,118.0,119.30000305175781,116.80000305175781,118.5999984741211,2216264
2024-10-02 11:30:00,117.80000305175781,118.5,117.5,118.0,1183669
2024-10-02 12:30:00,118.80000305175781,119.0999984741211,117.0,117.69999694824219,1653223
2024-10-02 13:30:00,117.5,119.0,117.30000305175781,118.80000305175781,1462859
2024-10-02 14:30:00,118.4000015258789,118.69999694824219,117.30000305175781,117.5,2023778
2024-10-02 15:30:00,117.80000305175781,118.9000015258789,117.5999984741211,118.4000015258789,1890402
2024-10-02 16:30:00,116.9000015258789,117.80000305175781,116.19999694824219,117.69999694824219,2756189
2024-10-02 17:30:00,115.9000015258789,118.5,115.69999694824219,116.9000015258789,2464033
2024-10-03 09:30:00,115.0,117.30000305175781,114.0999984741211,116.4000015258789,0
2024-10-03 10:30:00,115.19999694824219,115.9000015258789,113.9000015258789,115.0999984741211,4530545
2024-10-03 11:30:00,115.80000305175781,116.19999694824219,114.69999694824219,115.19999694824219,1526997
2024-10-03 12:30:00,115.30000305175781,116.19999694824219,115.19999694824219,115.9000015258789,922422
2024-10-03 13:30:00,116.19999694824219,116.5,115.19999694824219,115.19999694824219,2449526
2024-10-03 14:30:00,116.0,118.0,115.30000305175781,116.19999694824219,4801588
2024-10-03 15:30:00,114.30000305175781,116.0,114.0999984741211,116.0,3101885
2024-10-03 16:30:00,113.0999984741211,114.80000305175781,112.5,114.30000305175781,3927556
2024-10-03 17:30:00,111.5999984741211,113.0999984741211,111.4000015258789,113.0999984741211,2692585
2024-10-04 09:30:00,112.0,113.5,111.9000015258789,112.80000305175781,0
2024-10-04 10:30:00,111.0999984741211,112.5,110.69999694824219,112.0999984741211,1693710
2024-10-04 11:30:00,109.30000305175781,111.30000305175781,109.0999984741211,111.0999984741211,2608473
2024-10-04 12:30:00,109.0,109.5999984741211,108.5999984741211,109.4000015258789,1610324
2024-10-04 13:30:00,108.5,109.19999694824219,107.9000015258789,109.0,1572887
2024-10-04 14:30:00,108.5999984741211,109.30000305175781,107.9000015258789,108.5,2227233
2024-10-04 15:30:00,111.5999984741211,113.0,108.69999694824219,108.80000305175781,8644176
2024-10-04 16:30:00,115.5,115.80000305175781,111.30000305175781,111.5999984741211,9794384
2024-10-04 17:30:00,115.5,115.5999984741211,113.69999694824219,115.5,4159456
2024-10-07 09:30:00,115.80000305175781,117.0999984741211,114.19999694824219,115.5,0
2024-10-07 10:30:00,115.69999694824219,116.0,114.69999694824219,115.69999694824219,2430786
2024-10-07 11:30:00,115.0999984741211,115.69999694824219,114.5,115.69999694824219,1032558
2024-10-07 12:30:00,115.4000015258789,116.30000305175781,115.0,115.0999984741211,1896302
2024-10-07 13:30:00,115.69999694824219,116.4000015258789,115.30000305175781,115.4000015258789,1437998
2024-10-07 14:30:00,115.69999694824219,116.30000305175781,115.19999694824219,115.69999694824219,1319442
2024-10-07 15:30:00,115.4000015258789,116.69999694824219,115.0,115.80000305175781,1948314
2024-10-07 16:30:00,113.4000015258789,115.5,112.5999984741211,115.5,2829693
2024-10-07 17:30:00,114.0999984741211,114.80000305175781,113.0999984741211,113.4000015258789,1605003
2024-10-08 09:30:00,113.69999694824219,114.69999694824219,113.30000305175781,113.9000015258789,2839931
2024-10-08 10:30:00,114.0,114.9000015258789,113.5,113.69999694824219,2047652
2024-10-08 11:30:00,114.9000015258789,115.19999694824219,113.80000305175781,113.9000015258789,2407579
2024-10-08 12:30:00,114.4000015258789,115.0,114.0,114.9000015258789,980539
2024-10-08 13:30:00,114.30000305175781,114.69999694824219,114.0999984741211,114.4000015258789,1083961
2024-10-08 14:30:00,117.0,117.0999984741211,114.0999984741211,114.30000305175781,4473975
2024-10-08 15:30:00,116.80000305175781,117.5,115.80000305175781,117.0,2751079
2024-10-08 16:30:00,114.69999694824219,117.0,114.0999984741211,116.9000015258789,3409715
2024-10-08 17:30:00,115.0,115.5,114.4000015258789,114.69999694824219,1409507
2024-10-09 09:30:00,113.80000305175781,115.69999694824219,113.5999984741211,115.30000305175781,0
2024-10-09 10:30:00,113.80000305175781,114.5999984741211,113.0,113.69999694824219,3175985
2024-10-09 11:30:00,113.9000015258789,114.5,113.5999984741211,113.69999694824219,879338
2024-10-09 12:30:00,114.5,114.5999984741211,113.80000305175781,114.0,733083
2024-10-09 13:30:00,114.0,114.69999694824219,113.5,114.30000305175781,1289538
2024-10-09 14:30:00,114.19999694824219,114.5,113.5999984741211,114.0999984741211,797610
2024-10-09 15:30:00,114.80000305175781,114.9000015258789,113.69999694824219,114.30000305175781,1584528
2024-10-09 16:30:00,118.0999984741211,118.30000305175781,114.69999694824219,114.80000305175781,5472076
2024-10-09 17:30:00,119.5,119.80000305175781,118.0,118.0,2666028
2024-10-10 09:30:00,120.0999984741211,121.0999984741211,119.5999984741211,120.4000015258789,0
2024-10-10 10:30:00,120.4000015258789,121.19999694824219,119.9000015258789,120.0,1531487
2024-10-10 11:30:00,120.30000305175781,120.9000015258789,119.5999984741211,120.4000015258789,1147909
2024-10-10 12:30:00,119.80000305175781,120.30000305175781,119.4000015258789,120.19999694824219,773168
2024-10-10 13:30:00,119.80000305175781,120.0999984741211,119.5,119.9000015258789,695038
2024-10-10 14:30:00,120.30000305175781,120.5,119.0999984741211,119.80000305175781,1399666
2024-10-10 15:30:00,119.5,120.30000305175781,119.19999694824219,120.30000305175781,1301133
2024-10-10 16:30:00,118.30000305175781,119.69999694824219,117.5,119.5999984741211,2585165
2024-10-10 17:30:00,117.9000015258789,118.69999694824219,117.4000015258789,118.30000305175781,1917397
2024-10-11 09:30:00,119.30000305175781,119.4000015258789,117.4000015258789,117.9000015258789,0
2024-10-11 10:30:00,120.9000015258789,121.80000305175781,119.19999694824219,119.4000015258789,3800825
2024-10-11 11:30:00,121.69999694824219,122.4000015258789,120.80000305175781,121.0,2529179
2024-10-11 12:30:00,121.19999694824219,121.9000015258789,121.0,121.69999694824219,602141
2024-10-11 13:30:00,121.4000015258789,121.9000015258789,120.9000015258789,121.19999694824219,1440919
2024-10-11 14:30:00,121.5999984741211,122.0,120.80000305175781,121.30000305175781,1841651
2024-10-11 15:30:00,120.19999694824219,121.9000015258789,120.0,121.5,1606614
2024-10-11 16:30:00,119.5999984741211,120.80000305175781,118.4000015258789,120.19999694824219,3897580
2024-10-11 17:30:00,119.5,119.80000305175781,118.30000305175781,119.5999984741211,1556429
2024-10-14 09:30:00,120.19999694824219,121.5,119.19999694824219,119.5,0
2024-10-14 10:30:00,118.19999694824219,120.80000305175781,117.9000015258789,120.0999984741211,2730851
2024-10-14 11:30:00,118.4000015258789,118.69999694824219,117.9000015258789,118.30000305175781,819108
2024-10-14 12:30:00,117.69999694824219,118.5,117.0999984741211,118.4000015258789,1062787
2024-10-14 13:30:00,119.0,119.0999984741211,117.4000015258789,117.69999694824219,1029393
2024-10-14 14:30:00,118.80000305175781,119.5,118.4000015258789,119.0,1232689
2024-10-14 15:30:00,118.0,119.80000305175781,117.5,118.69999694824219,2223853
2024-10-14 16:30:00,117.0999984741211,118.9000015258789,116.5999984741211,118.0,3437204
2024-10-14 17:30:00,117.19999694824219,117.5999984741211,116.5,117.0999984741211,1712035
2024-10-15 09:30:00,115.19999694824219,117.5,114.69999694824219,116.80000305175781,0
2024-10-15 10:30:00,115.30000305175781,115.80000305175781,114.69999694824219,115.19999694824219,1273603
2024-10-15 11:30:00,115.19999694824219,116.19999694824219,114.69999694824219,115.19999694824219,2189986
2024-10-15 12:30:00,117.5,117.69999694824219,115.0,115.19999694824219,3339028
2024-10-15 13:30:00,116.9000015258789,118.5,116.5,117.5999984741211,4055729
2024-10-15 14:30:00,117.19999694824219,117.5999984741211,116.0,116.9000015258789,1912217
2024-10-15 15:30:00,116.80000305175781,117.4000015258789,115.9000015258789,117.19999694824219,1568967
2024-10-15 16:30:00,116.9000015258789,117.4000015258789,115.5,116.80000305175781,3500430
2024-10-15 17:30:00,117.5999984741211,117.69999694824219,116.80000305175781,117.0,3311550
2024-10-16 09:30:00,115.5999984741211,117.4000015258789,115.4000015258789,116.9000015258789,0
2024-10-16 10:30:00,115.4000015258789,116.19999694824219,114.5999984741211,115.5,2270553
2024-10-16 11:30:00,115.4000015258789,115.80000305175781,115.0999984741211,115.30000305175781,1081349
2024-10-16 12:30:00,115.4000015258789,115.80000305175781,115.19999694824219,115.4000015258789,585672
2024-10-16 13:30:00,115.30000305175781,115.5,114.69999694824219,115.30000305175781,1158994
2024-10-16 14:30:00,115.19999694824219,115.5,115.0,115.30000305175781,707592
2024-10-16 15:30:00,115.5,116.19999694824219,114.80000305175781,115.19999694824219,1644905
2024-10-16 16:30:00,115.80000305175781,116.0999984741211,114.9000015258789,115.5,2040262
2024-10-16 17:30:00,116.9000015258789,117.5,115.69999694824219,115.80000305175781,4548173
2024-10-17 09:30:00,116.80000305175781,117.5999984741211,116.4000015258789,116.69999694824219,0
2024-10-17 10:30:00,116.9000015258789,117.69999694824219,116.4000015258789,116.69999694824219,3188925
2024-10-17 11:30:00,116.5,117.0,116.0999984741211,116.9000015258789,2149506
2024-10-17 12:30:00,116.30000305175781,116.69999694824219,116.0999984741211,116.4000015258789,859365
2024-10-17 13:30:00,116.5,117.0999984741211,115.5,116.30000305175781,3544163
2024-10-17 14:30:00,115.69999694824219,116.5,115.19999694824219,116.4000015258789,2027910
2024-10-17 15:30:00,116.5,116.5999984741211,115.30000305175781,115.69999694824219,1623095
2024-10-17 16:30:00,115.5999984741211,117.19999694824219,115.19999694824219,116.5999984741211,2922476
2024-10-17 17:30:00,115.30000305175781,115.80000305175781,114.9000015258789,115.69999694824219,2388126
2024-10-18 09:30:00,116.0999984741211,116.5,115.0999984741211,115.0999984741211,0
2024-10-18 10:30:00,115.69999694824219,116.4000015258789,115.0,116.0,2558745
2024-10-18 11:30:00,114.5,115.5999984741211,114.0999984741211,115.5999984741211,2053193
2024-10-18 12:30:00,113.9000015258789,114.5,113.5999984741211,114.5,1767716
2024-10-18 13:30:00,113.9000015258789,114.0999984741211,113.5999984741211,113.9000015258789,763908
2024-10-18 14:30:00,113.80000305175781,114.4000015258789,113.5,113.9000015258789,1464993
2024-10-18 15:30:00,112.80000305175781,114.0,112.19999694824219,113.80000305175781,1962321
2024-10-18 16:30:00,111.19999694824219,112.80000305175781,110.5999984741211,112.80000305175781,2575126
2024-10-18 17:30:00,111.0,111.4000015258789,110.0,111.30000305175781,2197734
2024-10-21 09:30:00,109.9000015258789,111.69999694824219,109.0,111.0999984741211,0
2024-10-21 10:30:00,110.30000305175781,110.69999694824219,109.9000015258789,110.0,2086645
2024-10-21 11:30:00,110.69999694824219,110.9000015258789,110.0,110.30000305175781,1315035
2024-10-21 12:30:00,111.4000015258789,112.0999984741211,110.4000015258789,110.69999694824219,2172759
2024-10-21 13:30:00,111.0,111.5,110.4000015258789,111.4000015258789,1224368
2024-10-21 14:30:00,110.69999694824219,111.19999694824219,110.4000015258789,111.0,847853
2024-10-21 15:30:00,111.4000015258789,112.0,110.30000305175781,110.69999694824219,2136244
2024-10-21 16:30:00,109.0999984741211,111.5,108.5,111.4000015258789,2859223
2024-10-21 17:30:00,108.5999984741211,109.5999984741211,108.0,109.19999694824219,1859500
2024-10-22 09:30:00,108.69999694824219,109.5,107.9000015258789,108.9000015258789,0
2024-10-22 10:30:00,111.9000015258789,112.5999984741211,108.5999984741211,108.69999694824219,5869775
2024-10-22 11:30:00,111.9000015258789,112.5,111.80000305175781,111.9000015258789,1580937
2024-10-22 12:30:00,111.5999984741211,112.0999984741211,111.4000015258789,111.9000015258789,1481556
2024-10-22 13:30:00,110.80000305175781,111.69999694824219,110.5999984741211,111.5999984741211,1602288
2024-10-22 14:30:00,112.69999694824219,113.0999984741211,110.5,110.80000305175781,2758264
2024-10-22 15:30:00,112.80000305175781,113.9000015258789,112.0999984741211,112.80000305175781,4067375
2024-10-22 16:30:00,111.9000015258789,113.0999984741211,111.0999984741211,112.80000305175781,2938709
2024-10-22 17:30:00,111.9000015258789,112.30000305175781,111.5,111.80000305175781,1415132
2024-10-23 09:30:00,110.5999984741211,112.30000305175781,110.4000015258789,111.69999694824219,0
2024-10-23 10:30:00,109.5999984741211,110.69999694824219,109.5,110.5999984741211,2111351
2024-10-23 11:30:00,108.9000015258789,110.0,108.5,109.5999984741211,1775390
2024-10-23 12:30:00,109.19999694824219,109.5,108.69999694824219,108.9000015258789,1048654
2024-10-23 13:30:00,110.69999694824219,110.69999694824219,109.0999984741211,109.0999984741211,1715115
2024-10-23 14:30:00,111.80000305175781,112.0999984741211,109.9000015258789,110.69999694824219,4748840
2024-10-23 15:30:00,109.9000015258789,112.69999694824219,109.4000015258789,111.9000015258789,3934091
2024-10-23 16:30:00,110.9000015258789,111.5,109.80000305175781,109.9000015258789,2688558
2024-10-23 17:30:00,110.69999694824219,111.5,110.4000015258789,110.9000015258789,1715116
2024-10-24 09:30:00,113.0,113.5999984741211,111.69999694824219,111.69999694824219,0
2024-10-24 10:30:00,112.5,113.5999984741211,112.30000305175781,113.0,1925672
2024-10-24 11:30:00,112.69999694824219,113.0999984741211,112.30000305175781,112.5999984741211,1027192
2024-10-24 12:30:00,112.5,113.0,112.4000015258789,112.69999694824219,517038
2024-10-24 13:30:00,112.80000305175781,113.19999694824219,112.30000305175781,112.5,1339257
2024-10-24 14:30:00,113.0999984741211,113.0999984741211,112.5,112.80000305175781,1458352
2024-10-24 15:30:00,112.0999984741211,113.4000015258789,111.80000305175781,113.0,2249116
2024-10-24 16:30:00,111.69999694824219,112.4000015258789,111.30000305175781,112.0999984741211,2523863
2024-10-24 17:30:00,112.0999984741211,112.30000305175781,111.5999984741211,111.80000305175781,1448697
2024-10-25 09:30:00,111.5,112.0999984741211,111.0,111.5,0
2024-10-25 10:30:00,112.0,112.9000015258789,111.4000015258789,111.5,3433390
2024-10-25 11:30:00,112.4000015258789,112.5,111.69999694824219,112.0999984741211,1931966
2024-10-25 12:30:00,111.80000305175781,112.4000015258789,111.69999694824219,112.4000015258789,2020481
2024-10-25 13:30:00,111.19999694824219,112.30000305175781,111.0,111.9000015258789,2543512
2024-10-25 14:30:00,110.80000305175781,111.5,110.5,111.19999694824219,1536352
2024-10-25 15:30:00,110.4000015258789,110.9000015258789,110.0999984741211,110.9000015258789,1964281
2024-10-25 16:30:00,110.80000305175781,111.0,109.5,110.4000015258789,5328598
2024-10-25 17:30:00,111.0999984741211,111.80000305175781,110.5999984741211,110.9000015258789,4858272
2024-10-28 09:30:00,110.9000015258789,111.5999984741211,110.5,111.19999694824219,2163081
2024-10-28 10:30:00,110.5,111.0999984741211,110.30000305175781,110.9000015258789,1499733
2024-10-28 11:30:00,110.30000305175781,110.69999694824219,110.0,110.4000015258789,1627828
2024-10-28 12:30:00,110.0,110.0,110.0,110.0,809031
2024-10-30 09:30:00,110.5999984741211,111.0999984741211,109.69999694824219,110.19999694824219,2847989
2024-10-30 10:30:00,109.0,110.80000305175781,108.5999984741211,110.5,5532144
2024-10-30 11:30:00,109.0999984741211,109.30000305175781,108.80000305175781,108.9000015258789,3450420
2024-10-30 12:30:00,108.9000015258789,109.19999694824219,108.80000305175781,109.0999984741211,1790978
2024-10-30 13:30:00,109.4000015258789,109.5999984741211,108.80000305175781,108.9000015258789,2776276
2024-10-30 14:30:00,109.5999984741211,110.4000015258789,109.30000305175781,109.5,5056194
2024-10-30 15:30:00,109.80000305175781,110.30000305175781,109.4000015258789,109.5999984741211,2905857
2024-10-30 16:30:00,109.4000015258789,110.30000305175781,109.30000305175781,109.69999694824219,4020721
2024-10-31 09:30:00,109.5999984741211,110.30000305175781,109.5,109.5,4152881
2024-10-31 10:30:00,109.5999984741211,109.9000015258789,109.30000305175781,109.5,1630020
2024-10-31 11:30:00,109.69999694824219,109.69999694824219,109.19999694824219,109.69999694824219,1123789
2024-10-31 12:30:00,109.19999694824219,109.69999694824219,108.9000015258789,109.69999694824219,1230872
2024-10-31 13:30:00,109.0999984741211,109.5,109.0,109.19999694824219,1263232
2024-10-31 14:30:00,108.9000015258789,109.30000305175781,108.69999694824219,109.19999694824219,2015372
2024-10-31 15:30:00,108.80000305175781,109.0999984741211,108.5,109.0,1821005
2024-10-31 16:30:00,108.0999984741211,108.9000015258789,107.9000015258789,108.80000305175781,3186855
2024-11-01 09:30:00,108.4000015258789,108.80000305175781,107.4000015258789,107.4000015258789,4399615
2024-11-01 10:30:00,108.4000015258789,108.69999694824219,107.5,108.4000015258789,3417179
2024-11-01 11:30:00,105.69999694824219,108.5,105.5999984741211,108.30000305175781,4314920
2024-11-01 12:30:00,106.19999694824219,106.80000305175781,105.4000015258789,105.69999694824219,3339269
2024-11-01 13:30:00,105.9000015258789,106.19999694824219,105.69999694824219,106.19999694824219,1466036
2024-11-01 14:30:00,106.19999694824219,106.5999984741211,105.9000015258789,105.9000015258789,2402591
2024-11-01 15:30:00,106.30000305175781,106.69999694824219,105.9000015258789,106.19999694824219,2638175
2024-11-01 16:30:00,105.9000015258789,106.5,105.4000015258789,106.19999694824219,3092897
2024-11-04 09:30:00,105.19999694824219,105.9000015258789,104.5,105.19999694824219,3809006
2024-11-04 10:30:00,104.69999694824219,105.30000305175781,104.4000015258789,105.19999694824219,2249041
2024-11-04 11:30:00,104.0999984741211,104.80000305175781,103.80000305175781,104.69999694824219,1707606
2024-11-04 12:30:00,104.30000305175781,104.5999984741211,104.0,104.19999694824219,1313410
2024-11-04 13:30:00,103.5999984741211,104.5,103.4000015258789,104.4000015258789,1608952
2024-11-04 14:30:00,102.30000305175781,103.5999984741211,101.9000015258789,103.5999984741211,4413132
2024-11-04 15:30:00,102.19999694824219,102.5,101.0,102.30000305175781,3500592
2024-11-04 16:30:00,99.94999694824219,102.30000305175781,99.94999694824219,102.19999694824219,3872302
2024-11-05 09:30:00,100.0999984741211,101.80000305175781,99.05000305175781,101.0999984741211,3000057
2024-11-05 10:30:00,100.0999984741211,100.5999984741211,99.05000305175781,100.0999984741211,3446802
2024-11-05 11:30:00,100.19999694824219,100.4000015258789,99.5999984741211,100.19999694824219,1952894
2024-11-05 12:30:00,99.8499984741211,100.5,99.5999984741211,100.19999694824219,1450739
2024-11-05 13:30:00,99.69999694824219,100.0999984741211,99.3499984741211,99.8499984741211,1469794
2024-11-05 14:30:00,99.5999984741211,99.9000015258789,99.44999694824219,99.69999694824219,1156053
2024-11-05 15:30:00,98.94999694824219,99.6500015258789,98.80000305175781,99.55000305175781,2399876
2024-11-05 16:30:00,98.6500015258789,99.25,98.4000015258789,98.94999694824219,3446877
2024-11-06 09:30:00,97.44999694824219,99.0999984741211,97.4000015258789,98.1500015258789,4254622
2024-11-06 10:30:00,99.19999694824219,99.5999984741211,97.19999694824219,97.44999694824219,5184880
2024-11-06 11:30:00,100.0999984741211,100.4000015258789,98.8499984741211,99.1500015258789,5212542
2024-11-06 12:30:00,100.4000015258789,100.69999694824219,99.69999694824219,100.19999694824219,3489050
2024-11-06 13:30:00,101.5,101.5999984741211,100.30000305175781,100.4000015258789,3952796
2024-11-06 14:30:00,102.19999694824219,102.9000015258789,100.5999984741211,101.5,5515118
2024-11-06 15:30:00,102.69999694824219,103.0,102.19999694824219,102.19999694824219,3091377
2024-11-06 16:30:00,101.80000305175781,103.0999984741211,101.80000305175781,102.69999694824219,2559638
2024-11-07 09:30:00,102.69999694824219,103.30000305175781,101.69999694824219,102.0,3376537
2024-11-07 10:30:00,103.4000015258789,103.5999984741211,102.19999694824219,102.69999694824219,3908667
2024-11-07 11:30:00,102.9000015258789,103.5,102.80000305175781,103.4000015258789,995718
2024-11-07 12:30:00,103.0,103.19999694824219,102.69999694824219,103.0,674328
2024-11-07 13:30:00,102.9000015258789,103.19999694824219,102.9000015258789,103.0,477445
2024-11-07 14:30:00,102.9000015258789,103.9000015258789,102.69999694824219,103.0,2138463
2024-11-07 15:30:00,103.19999694824219,104.19999694824219,102.5999984741211,103.0,2969316
2024-11-07 16:30:00,105.5999984741211,105.69999694824219,102.5,103.30000305175781,5043578
2024-11-08 09:30:00,104.69999694824219,105.5,104.5,105.30000305175781,2087062
2024-11-08 10:30:00,107.5,107.69999694824219,104.5,104.69999694824219,5291334
2024-11-08 11:30:00,108.80000305175781,109.30000305175781,107.5,107.5,7758568
2024-11-08 12:30:00,108.5999984741211,109.0999984741211,108.4000015258789,108.80000305175781,2208521
2024-11-08 13:30:00,109.80000305175781,110.0999984741211,107.9000015258789,108.5999984741211,4569076
2024-11-08 14:30:00,109.69999694824219,110.0,109.0999984741211,109.80000305175781,2755360
2024-11-08 15:30:00,109.5999984741211,110.0999984741211,109.0,109.69999694824219,3743503
2024-11-08 16:30:00,109.9000015258789,110.0999984741211,109.19999694824219,109.5999984741211,2798020
2024-11-11 09:30:00,111.5,112.4000015258789,109.9000015258789,110.0,5764370
2024-11-11 10:30:00,110.69999694824219,111.69999694824219,110.4000015258789,111.4000015258789,2816771
2024-11-11 11:30:00,112.0999984741211,112.5,110.5,110.69999694824219,2889946
2024-11-11 12:30:00,111.9000015258789,112.30000305175781,111.19999694824219,112.0999984741211,2516796
2024-11-11 13:30:00,111.80000305175781,111.9000015258789,110.69999694824219,111.9000015258789,2604670
2024-11-11 14:30:00,111.9000015258789,112.69999694824219,111.19999694824219,111.80000305175781,4711866
2024-11-11 15:30:00,112.4000015258789,112.5,111.5999984741211,111.80000305175781,2818657
2024-11-11 16:30:00,111.9000015258789,113.30000305175781,111.80000305175781,112.5,4670105
2024-11-12 09:30:00,111.4000015258789,112.5999984741211,111.0999984741211,111.30000305175781,2550804
2024-11-12 10:30:00,111.5,111.9000015258789,110.4000015258789,111.30000305175781,2828365
2024-11-12 11:30:00,112.0999984741211,112.19999694824219,111.19999694824219,111.5,1665349
2024-11-12 12:30:00,111.4000015258789,112.4000015258789,111.4000015258789,112.19999694824219,1658253
2024-11-12 13:30:00,111.4000015258789,111.80000305175781,110.9000015258789,111.4000015258789,1503614
2024-11-12 14:30:00,111.0999984741211,111.5,110.5,111.4000015258789,1855377
2024-11-12 15:30:00,112.19999694824219,112.30000305175781,111.0,111.0,2365431
2024-11-12 16:30:00,112.0999984741211,112.69999694824219,111.30000305175781,112.30000305175781,3973084
2024-11-13 09:30:00,110.19999694824219,111.80000305175781,110.0999984741211,111.19999694824219,2778171
2024-11-13 10:30:00,109.80000305175781,110.5,109.19999694824219,110.19999694824219,2120982
2024-11-13 11:30:00,109.69999694824219,110.0,109.5,109.69999694824219,1041517
2024-11-13 12:30:00,110.0999984741211,110.69999694824219,109.5,109.69999694824219,1474075
2024-11-13 13:30:00,112.69999694824219,112.69999694824219,110.0,110.0999984741211,6228163
2024-11-13 14:30:00,113.0999984741211,113.69999694824219,111.9000015258789,112.5999984741211,6570011
2024-11-13 15:30:00,113.4000015258789,113.5999984741211,112.5999984741211,113.0999984741211,3815323
2024-11-13 16:30:00,114.5999984741211,116.80000305175781,113.4000015258789,113.4000015258789,12015313
2024-11-14 09:30:00,114.5,114.80000305175781,113.5,114.69999694824219,3743092
2024-11-14 10:30:00,113.69999694824219,114.69999694824219,113.4000015258789,114.5,2953795
2024-11-14 11:30:00,114.5,114.5,113.4000015258789,113.69999694824219,2211159
2024-11-14 12:30:00,113.9000015258789,114.5,113.80000305175781,114.5,1517806
2024-11-14 13:30:00,113.80000305175781,114.19999694824219,113.5,114.0,1952705
2024-11-14 14:30:00,113.5999984741211,114.4000015258789,113.19999694824219,113.9000015258789,2226338
2024-11-14 15:30:00,113.5,113.9000015258789,113.0,113.5999984741211,2097274
2024-11-14 16:30:00,113.30000305175781,114.30000305175781,113.0,113.5999984741211,4150095
2024-11-15 09:30:00,115.19999694824219,115.30000305175781,113.9000015258789,114.30000305175781,3592810
2024-11-15 10:30:00,115.4000015258789,116.5999984741211,115.0999984741211,115.30000305175781,6371807
2024-11-15 11:30:00,115.19999694824219,115.80000305175781,114.69999694824219,115.5,1767471
2024-11-15 12:30:00,114.80000305175781,115.5,114.69999694824219,115.19999694824219,1112697
2024-11-15 13:30:00,114.4000015258789,115.19999694824219,114.19999694824219,114.9000015258789,1425489
2024-11-15 14:30:00,113.5,114.5,112.9000015258789,114.4000015258789,2893984
2024-11-15 15:30:00,113.69999694824219,114.30000305175781,113.30000305175781,113.5,1837312
2024-11-15 16:30:00,113.5,114.0999984741211,113.0999984741211,113.69999694824219,1860293
2024-11-18 09:30:00,112.9000015258789,114.19999694824219,112.4000015258789,113.5999984741211,3308589
2024-11-18 10:30:00,114.0,114.0999984741211,112.5999984741211,112.9000015258789,2547893
2024-11-18 11:30:00,113.5999984741211,114.0,113.19999694824219,114.0,1300720
2024-11-18 12:30:00,113.5999984741211,114.30000305175781,113.4000015258789,113.5999984741211,2497071
2024-11-18 13:30:00,113.69999694824219,113.9000015258789,113.19999694824219,113.5,952921
2024-11-18 14:30:00,113.4000015258789,114.0,113.4000015258789,113.69999694824219,1073578
2024-11-18 15:30:00,113.69999694824219,114.0,113.4000015258789,113.4000015258789,1861998
2024-11-18 16:30:00,114.4000015258789,114.69999694824219,113.19999694824219,113.5999984741211,5152085
2024-11-19 09:30:00,113.30000305175781,114.5,113.30000305175781,114.4000015258789,3230297
2024-11-19 10:30:00,112.5999984741211,113.80000305175781,112.4000015258789,113.30000305175781,2557172
2024-11-19 11:30:00,112.5999984741211,113.0,112.30000305175781,112.5999984741211,1354950
2024-11-19 12:30:00,112.0,112.69999694824219,111.5999984741211,112.5999984741211,2268467
2024-11-19 13:30:00,110.9000015258789,112.0,110.9000015258789,112.0,1284004
2024-11-19 14:30:00,110.9000015258789,111.5,110.5999984741211,111.0,1605013
2024-11-19 15:30:00,110.0999984741211,110.9000015258789,109.5999984741211,110.9000015258789,2765355
2024-11-19 16:30:00,111.5,111.69999694824219,109.0999984741211,110.0,4689355
2024-11-20 09:30:00,111.5999984741211,112.5,111.30000305175781,111.4000015258789,2974797
2024-11-20 10:30:00,112.0999984741211,112.5999984741211,111.5,111.5999984741211,2437619
2024-11-20 11:30:00,112.69999694824219,113.30000305175781,112.0,112.19999694824219,2782651
2024-11-20 12:30:00,112.4000015258789,112.80000305175781,112.0999984741211,112.5999984741211,990198
2024-11-20 13:30:00,112.4000015258789,112.5999984741211,111.9000015258789,112.4000015258789,1071145
2024-11-20 14:30:00,112.4000015258789,113.19999694824219,112.0999984741211,112.4000015258789,2276020
2024-11-20 15:30:00,112.30000305175781,112.80000305175781,111.9000015258789,112.4000015258789,1670092
2024-11-20 16:30:00,110.0,112.30000305175781,109.80000305175781,112.30000305175781,3011917
2024-11-21 09:30:00,110.5,111.0,109.80000305175781,110.0,2541697
2024-11-21 10:30:00,111.0,111.5,110.5,110.5999984741211,2282108
2024-11-21 11:30:00,111.4000015258789,111.80000305175781,110.9000015258789,111.0,1716180
2024-11-21 12:30:00,112.0999984741211,112.19999694824219,111.0999984741211,111.30000305175781,1833344
2024-11-21 13:30:00,114.0,114.19999694824219,111.5999984741211,112.0,6951049
2024-11-21 14:30:00,113.80000305175781,114.69999694824219,113.69999694824219,113.9000015258789,4939165
2024-11-21 15:30:00,113.80000305175781,114.0999984741211,113.5,113.69999694824219,2788825
2024-11-21 16:30:00,115.0,115.19999694824219,113.5,113.69999694824219,7198990
2024-11-22 09:30:00,114.4000015258789,115.30000305175781,114.0,114.80000305175781,4396916
2024-11-22 10:30:00,116.30000305175781,116.5999984741211,114.0,114.4000015258789,6930879
2024-11-22 11:30:00,118.80000305175781,120.30000305175781,116.19999694824219,116.30000305175781,12997272
2024-11-22 12:30:00,118.5999984741211,119.30000305175781,118.5,118.69999694824219,2611431
2024-11-22 13:30:00,118.30000305175781,119.19999694824219,117.69999694824219,118.5999984741211,2420783
2024-11-22 14:30:00,119.0999984741211,119.5,117.9000015258789,118.30000305175781,3066751
2024-11-22 15:30:00,119.4000015258789,119.69999694824219,118.9000015258789,119.19999694824219,2556482
2024-11-22 16:30:00,119.4000015258789,119.9000015258789,119.19999694824219,119.5,3176887
2024-11-25 09:30:00,120.0,121.5999984741211,119.5,120.5,5989664
2024-11-25 10:30:00,119.0999984741211,120.5,117.9000015258789,120.0,5643305
2024-11-25 11:30:00,119.69999694824219,120.0999984741211,119.0,119.0999984741211,1956707
2024-11-25 12:30:00,120.4000015258789,120.5,119.5,119.5999984741211,1513631
2024-11-25 13:30:00,120.5,120.9000015258789,120.0,120.4000015258789,2683248
2024-11-25 14:30:00,121.0,121.0999984741211,120.19999694824219,120.4000015258789,2280085
2024-11-25 15:30:00,120.4000015258789,121.30000305175781,120.0999984741211,121.0,3239214
2024-11-25 16:30:00,120.0999984741211,121.0999984741211,119.9000015258789,120.4000015258789,2356227
2024-11-26 09:30:00,119.5,120.4000015258789,119.19999694824219,120.4000015258789,2414834
2024-11-26 10:30:00,120.5,120.69999694824219,118.69999694824219,119.5,4813264
2024-11-26 11:30:00,121.0999984741211,121.9000015258789,120.4000015258789,120.5,3386507
2024-11-26 12:30:00,120.5999984741211,121.0999984741211,120.5999984741211,121.0999984741211,674864
2024-11-26 13:30:00,120.5,121.0,120.19999694824219,120.5999984741211,1881769
2024-11-26 14:30:00,120.0999984741211,120.9000015258789,119.9000015258789,120.5,2314513
2024-11-26 15:30:00,119.9000015258789,120.4000015258789,119.19999694824219,120.0999984741211,2407016
2024-11-26 16:30:00,120.0999984741211,120.30000305175781,119.19999694824219,120.0,2135366
2024-11-27 09:30:00,122.0999984741211,122.5999984741211,121.5999984741211,122.0,3554502
2024-11-27 10:30:00,121.30000305175781,122.30000305175781,120.0,122.19999694824219,4698709
2024-11-27 11:30:00,121.0999984741211,121.9000015258789,120.69999694824219,121.4000015258789,1883793
2024-11-27 12:30:00,121.4000015258789,121.80000305175781,120.69999694824219,121.0999984741211,1797164
2024-11-27 13:30:00,121.19999694824219,122.19999694824219,121.0999984741211,121.4000015258789,2403345
2024-11-27 14:30:00,121.0999984741211,121.80000305175781,120.0999984741211,121.19999694824219,2249752
2024-11-27 15:30:00,121.30000305175781,121.4000015258789,120.5,121.0999984741211,1476538
2024-11-27 16:30:00,120.69999694824219,121.80000305175781,120.30000305175781,121.30000305175781,4143569
2024-11-28 09:30:00,120.30000305175781,120.5999984741211,119.69999694824219,120.0,2030267
2024-11-28 10:30:00,120.5,120.9000015258789,120.0,120.30000305175781,1186079
2024-11-28 11:30:00,120.0999984741211,120.5,120.0999984741211,120.5,691475
2024-11-28 12:30:00,121.69999694824219,121.9000015258789,119.9000015258789,120.0999984741211,4509711
2024-11-28 13:30:00,121.30000305175781,122.0999984741211,120.9000015258789,121.69999694824219,2889678
2024-11-28 14:30:00,120.80000305175781,121.4000015258789,120.5,121.30000305175781,1514270
2024-11-28 15:30:00,121.19999694824219,121.5,120.5,120.80000305175781,1565421
2024-11-28 16:30:00,121.5,122.19999694824219,121.19999694824219,121.30000305175781,3295272
2024-11-29 09:30:00,121.5999984741211,122.80000305175781,121.5999984741211,122.0999984741211,2050501
2024-11-29 10:30:00,121.30000305175781,121.69999694824219,120.80000305175781,121.5999984741211,1875249
2024-11-29 11:30:00,121.0999984741211,121.5999984741211,120.9000015258789,121.30000305175781,575684
2024-11-29 12:30:00,121.5999984741211,122.0,121.0,121.0999984741211,1595658
2024-11-29 13:30:00,121.30000305175781,121.5999984741211,121.0999984741211,121.5999984741211,721005
2024-11-29 14:30:00,121.4000015258789,121.9000015258789,121.19999694824219,121.30000305175781,1902794
2024-11-29 15:30:00,121.80000305175781,122.4000015258789,121.30000305175781,121.4000015258789,3252564
2024-11-29 16:30:00,119.9000015258789,122.5,119.5,121.80000305175781,6741470
2024-12-02 09:30:00,119.0,119.5999984741211,118.0999984741211,119.5,3301191
2024-12-02 10:30:00,118.80000305175781,119.30000305175781,118.0999984741211,118.9000015258789,1450287
2024-12-02 11:30:00,118.69999694824219,119.0,118.5,118.80000305175781,797525
2024-12-02 12:30:00,119.30000305175781,119.9000015258789,118.69999694824219,118.69999694824219,2003285
2024-12-02 13:30:00,119.80000305175781,120.0,119.19999694824219,119.30000305175781,1765889
2024-12-02 14:30:00,119.5,119.80000305175781,119.19999694824219,119.80000305175781,1117721
2024-12-02 15:30:00,119.5,119.80000305175781,119.4000015258789,119.5,785654
2024-12-02 16:30:00,120.5999984741211,120.69999694824219,119.0999984741211,119.5,3865282
2024-12-03 09:30:00,124.4000015258789,124.9000015258789,119.5999984741211,121.80000305175781,11706294
2024-12-03 10:30:00,125.30000305175781,125.80000305175781,124.0,124.4000015258789,4778742
2024-12-03 11:30:00,124.69999694824219,125.5,124.5,125.19999694824219,1966897
2024-12-03 12:30:00,124.69999694824219,125.0,124.4000015258789,124.5999984741211,884932
2024-12-03 13:30:00,124.80000305175781,125.0999984741211,124.5,124.69999694824219,1179978
2024-12-03 14:30:00,124.80000305175781,125.19999694824219,124.5999984741211,124.80000305175781,1166443
2024-12-03 15:30:00,125.0999984741211,125.4000015258789,124.69999694824219,124.9000015258789,1722041
2024-12-03 16:30:00,124.80000305175781,125.30000305175781,124.5999984741211,125.0999984741211,941592
2024-12-04 09:30:00,124.80000305175781,126.19999694824219,124.4000015258789,125.19999694824219,3840264
2024-12-04 10:30:00,124.9000015258789,125.5,124.30000305175781,124.80000305175781,2210095
2024-12-04 11:30:00,124.9000015258789,125.0999984741211,124.5,124.80000305175781,978535
2024-12-04 12:30:00,124.80000305175781,125.0999984741211,124.4000015258789,124.9000015258789,711460
2024-12-04 13:30:00,124.9000015258789,125.19999694824219,124.5999984741211,124.80000305175781,737946
2024-12-04 14:30:00,124.80000305175781,125.5999984741211,124.5999984741211,124.9000015258789,1779357
2024-12-04 15:30:00,123.4000015258789,124.80000305175781,122.5,124.80000305175781,2851326
2024-12-04 16:30:00,124.0999984741211,124.5999984741211,123.19999694824219,123.4000015258789,1735850
2024-12-05 09:30:00,124.4000015258789,124.80000305175781,123.80000305175781,124.4000015258789,2330086
2024-12-05 10:30:00,124.80000305175781,125.19999694824219,124.30000305175781,124.4000015258789,2351473
2024-12-05 11:30:00,124.4000015258789,124.9000015258789,124.19999694824219,124.80000305175781,801427
2024-12-05 12:30:00,124.19999694824219,124.69999694824219,124.19999694824219,124.4000015258789,571012
2024-12-05 13:30:00,124.19999694824219,124.80000305175781,124.0999984741211,124.19999694824219,1136986
2024-12-05 14:30:00,124.0999984741211,124.4000015258789,123.9000015258789,124.19999694824219,973768
2024-12-05 15:30:00,123.69999694824219,124.5,122.5,124.19999694824219,3275148
2024-12-05 16:30:00,124.5,124.80000305175781,123.69999694824219,123.80000305175781,2320607
2024-12-06 09:30:00,128.89999389648438,130.3000030517578,128.5,129.0,7283531
2024-12-06 10:30:00,129.0,129.5,128.5,129.0,2763144
2024-12-06 11:30:00,128.8000030517578,129.10000610351562,128.60000610351562,129.0,1078309
2024-12-06 12:30:00,129.3000030517578,129.39999389648438,128.8000030517578,128.89999389648438,1398746
2024-12-06 13:30:00,129.3000030517578,129.39999389648438,129.10000610351562,129.3000030517578,928375
2024-12-06 14:30:00,129.39999389648438,129.8000030517578,129.0,129.1999969482422,1466680
2024-12-06 15:30:00,129.39999389648438,129.6999969482422,129.10000610351562,129.5,1773929
2024-12-06 16:30:00,128.8000030517578,129.6999969482422,128.60000610351562,129.3000030517578,1700484
2024-12-09 09:30:00,128.1999969482422,130.10000610351562,127.9000015258789,130.0,2915164
2024-12-09 10:30:00,128.1999969482422,128.8000030517578,127.80000305175781,128.10000610351562,1502377
2024-12-09 11:30:00,128.10000610351562,128.3000030517578,127.69999694824219,128.1999969482422,876055
2024-12-09 12:30:00,128.39999389648438,128.89999389648438,127.9000015258789,128.1999969482422,1115641
2024-12-09 13:30:00,128.60000610351562,129.0,128.1999969482422,128.39999389648438,1020265
2024-12-09 14:30:00,129.5,129.6999969482422,128.0,128.60000610351562,3153297
2024-12-09 15:30:00,129.3000030517578,130.10000610351562,129.3000030517578,129.5,2876405
2024-12-09 16:30:00,130.1999969482422,130.60000610351562,129.0,129.39999389648438,2776008
2024-12-10 09:30:00,132.10000610351562,132.60000610351562,131.10000610351562,132.0,2388031
2024-12-10 10:30:00,130.89999389648438,132.1999969482422,130.8000030517578,132.0,1655812
2024-12-10 11:30:00,130.60000610351562,131.6999969482422,130.39999389648438,130.89999389648438,1421027
2024-12-10 12:30:00,130.1999969482422,130.8000030517578,130.10000610351562,130.5,891189
2024-12-10 13:30:00,129.6999969482422,130.3000030517578,129.3000030517578,130.10000610351562,1391010
2024-12-10 14:30:00,129.39999389648438,130.1999969482422,129.10000610351562,129.6999969482422,1159042
2024-12-10 15:30:00,128.89999389648438,129.8000030517578,128.8000030517578,129.39999389648438,1685231
2024-12-10 16:30:00,128.8000030517578,129.5,128.60000610351562,128.8000030517578,2181207
2024-12-11 09:30:00,127.9000015258789,129.1999969482422,127.0999984741211,129.0,2042168
2024-12-11 10:30:00,127.5,128.1999969482422,127.5,128.0,952132
2024-12-11 11:30:00,122.5999984741211,127.5999984741211,122.5999984741211,127.5,2580899
2024-12-11 12:30:00,124.30000305175781,125.4000015258789,124.0,124.9000015258789,3291251
2024-12-11 13:30:00,124.4000015258789,124.69999694824219,123.30000305175781,124.4000015258789,3522616
2024-12-11 14:30:00,124.4000015258789,124.69999694824219,123.80000305175781,124.4000015258789,2103223
2024-12-11 15:30:00,124.30000305175781,124.69999694824219,123.5,124.5,2409637
2024-12-11 16:30:00,124.9000015258789,125.80000305175781,123.69999694824219,124.4000015258789,4739837
2024-12-12 09:30:00,126.4000015258789,127.4000015258789,124.80000305175781,126.9000015258789,3789991
2024-12-12 10:30:00,126.5999984741211,126.9000015258789,126.0,126.4000015258789,1977708
2024-12-12 11:30:00,126.4000015258789,127.0,126.19999694824219,126.69999694824219,1189725
2024-12-12 12:30:00,126.5,126.69999694824219,126.30000305175781,126.30000305175781,519960
2024-12-12 13:30:00,127.19999694824219,127.5,126.0,126.5,2302579
2024-12-12 14:30:00,127.69999694824219,127.69999694824219,126.9000015258789,127.30000305175781,2446785
2024-12-12 15:30:00,127.19999694824219,127.80000305175781,126.9000015258789,127.5999984741211,1648835
2024-12-12 16:30:00,126.4000015258789,127.19999694824219,126.30000305175781,127.19999694824219,1540472
2024-12-13 09:30:00,124.19999694824219,125.0999984741211,123.5999984741211,124.5,2517114
2024-12-13 10:30:00,125.80000305175781,125.9000015258789,123.9000015258789,124.19999694824219,2766361
2024-12-13 11:30:00,124.69999694824219,125.80000305175781,124.4000015258789,125.69999694824219,1471247
2024-12-13 12:30:00,124.69999694824219,125.0,124.5999984741211,124.5999984741211,469085
2024-12-13 13:30:00,125.9000015258789,126.0999984741211,124.5999984741211,124.69999694824219,1682460
2024-12-13 14:30:00,126.0999984741211,126.5,125.5999984741211,126.0,1819174
2024-12-13 15:30:00,126.0,126.5,125.19999694824219,126.0999984741211,2052887
2024-12-13 16:30:00,126.30000305175781,126.5999984741211,125.69999694824219,126.0,1076686
2024-12-16 09:30:00,127.4000015258789,128.39999389648438,126.5999984741211,127.80000305175781,3123082
2024-12-16 10:30:00,128.6999969482422,129.10000610351562,126.5999984741211,127.4000015258789,3650534
2024-12-16 11:30:00,129.0,129.5,128.60000610351562,128.8000030517578,2917286
2024-12-16 12:30:00,128.89999389648438,129.39999389648438,128.6999969482422,129.0,1233035
2024-12-16 13:30:00,129.3000030517578,129.6999969482422,128.6999969482422,128.89999389648438,2303119
2024-12-16 14:30:00,128.89999389648438,129.39999389648438,128.60000610351562,129.3000030517578,1497264
2024-12-16 15:30:00,128.89999389648438,129.60000610351562,128.60000610351562,128.8000030517578,1326441
2024-12-16 16:30:00,128.89999389648438,129.0,128.3000030517578,128.89999389648438,1917733
2024-12-17 09:30:00,129.0,129.6999969482422,127.80000305175781,128.10000610351562,2464151
2024-12-17 10:30:00,128.10000610351562,129.5,128.10000610351562,129.0,2665618
2024-12-17 11:30:00,128.0,128.3000030517578,127.5,128.10000610351562,2120302
2024-12-17 12:30:00,127.9000015258789,128.39999389648438,127.19999694824219,128.0,1074022
2024-12-17 13:30:00,128.0,128.6999969482422,127.5,127.9000015258789,1330708
2024-12-17 14:30:00,127.69999694824219,128.39999389648438,127.5,128.0,945530
2024-12-17 15:30:00,128.10000610351562,128.10000610351562,126.9000015258789,127.80000305175781,2085094
2024-12-17 16:30:00,130.8000030517578,131.5,128.0,128.10000610351562,6401657
2024-12-18 09:30:00,129.5,130.5,129.1999969482422,129.89999389648438,2136808
2024-12-18 10:30:00,129.39999389648438,130.5,129.1999969482422,129.5,1684990
2024-12-18 11:30:00,129.60000610351562,129.8000030517578,128.89999389648438,129.3000030517578,1277596
2024-12-18 12:30:00,129.10000610351562,129.5,128.89999389648438,129.5,601211
2024-12-18 13:30:00,129.3000030517578,129.39999389648438,129.0,129.1999969482422,489063
2024-12-18 14:30:00,130.3000030517578,130.5,129.10000610351562,129.3000030517578,2502679
2024-12-18 15:30:00,130.3000030517578,131.5,130.0,130.1999969482422,4935179
2024-12-18 16:30:00,129.3000030517578,130.8000030517578,129.10000610351562,130.3000030517578,2494479
2024-12-19 09:30:00,128.1999969482422,128.5,126.19999694824219,126.30000305175781,3101901
2024-12-19 10:30:00,127.30000305175781,128.8000030517578,127.30000305175781,128.1999969482422,1329627
2024-12-19 11:30:00,128.0,128.5,127.30000305175781,127.4000015258789,796097
2024-12-19 12:30:00,127.69999694824219,128.39999389648438,127.5999984741211,127.9000015258789,621188
2024-12-19 13:30:00,127.69999694824219,128.0,127.5,127.69999694824219,394977
2024-12-19 14:30:00,128.0,128.10000610351562,127.4000015258789,127.5999984741211,482324
2024-12-19 15:30:00,127.5999984741211,128.1999969482422,127.30000305175781,128.10000610351562,639450
2024-12-19 16:30:00,127.0,127.80000305175781,126.30000305175781,127.5999984741211,1698905
2024-12-20 09:30:00,125.0999984741211,125.80000305175781,124.5999984741211,125.0999984741211,2239609
2024-12-20 10:30:00,125.5,126.30000305175781,124.5999984741211,125.0999984741211,3848301
2024-12-20 11:30:00,125.19999694824219,125.69999694824219,124.69999694824219,125.5,1074346
2024-12-20 12:30:00,125.19999694824219,125.4000015258789,125.0,125.19999694824219,322897
2024-12-20 13:30:00,124.80000305175781,125.5,124.69999694824219,125.0999984741211,681229
2024-12-20 14:30:00,124.9000015258789,125.5,124.30000305175781,124.80000305175781,1105364
2024-12-20 15:30:00,125.0,125.5999984741211,124.0999984741211,124.9000015258789,858076
2024-12-20 16:30:00,125.19999694824219,126.19999694824219,124.30000305175781,125.0,2435056
2024-12-23 09:30:00,126.9000015258789,127.69999694824219,126.19999694824219,126.19999694824219,2810243
2024-12-23 10:30:00,126.5,127.5,126.4000015258789,126.80000305175781,1089363
2024-12-23 11:30:00,126.4000015258789,126.80000305175781,126.0,126.5,824748
2024-12-23 12:30:00,126.30000305175781,126.9000015258789,126.19999694824219,126.4000015258789,601022
2024-12-23 13:30:00,125.69999694824219,126.5,125.0999984741211,126.4000015258789,1014600
2024-12-23 14:30:00,125.69999694824219,125.9000015258789,125.30000305175781,125.5999984741211,452685
2024-12-23 15:30:00,125.19999694824219,125.80000305175781,125.0999984741211,125.5999984741211,474855
2024-12-23 16:30:00,124.4000015258789,125.19999694824219,124.0999984741211,125.0999984741211,1697403
2024-12-24 09:30:00,125.9000015258789,126.4000015258789,125.30000305175781,125.69999694824219,1756091
2024-12-24 10:30:00,125.5,126.80000305175781,125.5,125.80000305175781,1803089
2024-12-24 11:30:00,125.9000015258789,126.0999984741211,125.19999694824219,125.5,778057
2024-12-24 12:30:00,125.5,126.0,125.0999984741211,125.9000015258789,691388
2024-12-24 13:30:00,125.0999984741211,125.5999984741211,124.9000015258789,125.5,432776
2024-12-24 14:30:00,125.5,125.5,124.69999694824219,125.0,602631
2024-12-24 15:30:00,125.4000015258789,125.5999984741211,124.80000305175781,125.5,977666
2024-12-24 16:30:00,125.69999694824219,126.0,125.0999984741211,125.4000015258789,1272481
2024-12-25 09:30:00,130.8000030517578,131.5,130.6999969482422,131.0,3537724
2024-12-25 10:30:00,130.5,131.10000610351562,130.3000030517578,130.8000030517578,1517005
2024-12-25 11:30:00,130.8000030517578,130.89999389648438,130.3000030517578,130.60000610351562,1194756
2024-12-25 12:30:00,130.6999969482422,131.1999969482422,130.6999969482422,130.89999389648438,714786
2024-12-25 13:30:00,131.8000030517578,132.3000030517578,130.6999969482422,130.8000030517578,2585835
2024-12-25 14:30:00,132.1999969482422,132.5,131.6999969482422,131.8000030517578,1165924
2024-12-25 15:30:00,131.1999969482422,132.5,131.10000610351562,132.1999969482422,2312924
2024-12-25 16:30:00,131.6999969482422,132.0,131.10000610351562,131.1999969482422,859177
2024-12-26 09:30:00,134.3000030517578,135.1999969482422,133.8000030517578,134.6999969482422,4648372
2024-12-26 10:30:00,134.6999969482422,135.8000030517578,134.1999969482422,134.1999969482422,5130616
2024-12-26 11:30:00,134.10000610351562,134.89999389648438,133.10000610351562,134.8000030517578,3058734
2024-12-26 12:30:00,134.3000030517578,134.39999389648438,134.0,134.10000610351562,880336
2024-12-26 13:30:00,133.6999969482422,135.5,132.0,134.1999969482422,7889201
2024-12-26 14:30:00,132.5,133.89999389648438,132.0,133.8000030517578,2826301
2024-12-26 15:30:00,131.60000610351562,133.0,131.5,132.39999389648438,1684252
2024-12-26 16:30:00,131.5,132.3000030517578,130.89999389648438,131.5,2692282
2024-12-27 09:30:00,132.0,132.1999969482422,130.8000030517578,131.10000610351562,2360338
2024-12-27 10:30:00,131.5,132.60000610351562,131.3000030517578,132.0,2320041
2024-12-27 11:30:00,131.3000030517578,131.60000610351562,130.6999969482422,131.5,1434880
2024-12-27 12:30:00,131.39999389648438,131.60000610351562,131.0,131.1999969482422,614573
2024-12-27 13:30:00,130.89999389648438,131.5,130.8000030517578,131.39999389648438,1214139
2024-12-27 14:30:00,130.60000610351562,131.1999969482422,130.5,130.89999389648438,1341604
2024-12-27 15:30:00,131.0,131.60000610351562,129.89999389648438,130.60000610351562,3029563
2024-12-27 16:30:00,130.5,131.60000610351562,130.39999389648438,131.10000610351562,2158050
2024-12-30 09:30:00,129.39999389648438,130.5,129.1999969482422,130.1999969482422,2582525
2024-12-30 10:30:00,129.60000610351562,129.8000030517578,128.89999389648438,129.5,1643788
2024-12-30 11:30:00,130.10000610351562,130.6999969482422,129.3000030517578,129.5,2232171
2024-12-30 12:30:00,129.3000030517578,130.10000610351562,129.1999969482422,130.0,643569
2024-12-30 13:30:00,128.10000610351562,129.39999389648438,128.10000610351562,129.39999389648438,1401542
2024-12-30 14:30:00,128.39999389648438,128.8000030517578,128.10000610351562,128.1999969482422,634293
2024-12-30 15:30:00,127.9000015258789,128.39999389648438,127.5999984741211,128.39999389648438,1166397
2024-12-30 16:30:00,127.5,128.3000030517578,127.4000015258789,127.9000015258789,2135569
2024-12-31 09:30:00,126.80000305175781,127.0,125.69999694824219,126.0,2888891
2024-12-31 10:30:00,126.0999984741211,126.9000015258789,125.19999694824219,126.80000305175781,3453311
2024-12-31 11:30:00,126.0999984741211,126.5999984741211,125.5999984741211,126.0999984741211,1882574
2024-12-31 12:30:00,126.30000305175781,126.80000305175781,126.0,126.0,1010938
2024-12-31 13:30:00,125.9000015258789,126.9000015258789,125.80000305175781,126.30000305175781,1582583
2024-12-31 14:30:00,126.0999984741211,126.4000015258789,125.5999984741211,125.80000305175781,1697671
2024-12-31 15:30:00,126.4000015258789,126.5999984741211,125.9000015258789,126.19999694824219,2084831
2024-12-31 16:30:00,126.30000305175781,126.80000305175781,125.9000015258789,126.4000015258789,2791033
2025-01-02 09:30:00,126.4000015258789,127.5999984741211,124.9000015258789,125.5,4892256
2025-01-02 10:30:00,126.9000015258789,127.80000305175781,126.4000015258789,126.4000015258789,5576560
2025-01-02 11:30:00,127.9000015258789,128.10000610351562,126.5999984741211,126.9000015258789,3391501
2025-01-02 12:30:00,128.5,128.5,127.80000305175781,127.9000015258789,2020933
2025-01-02 13:30:00,128.8000030517578,129.0,128.10000610351562,128.39999389648438,2260884
2025-01-02 14:30:00,128.89999389648438,129.10000610351562,128.39999389648438,128.8000030517578,1395999
2025-01-02 15:30:00,129.10000610351562,129.39999389648438,128.6999969482422,128.8000030517578,1945074
2025-01-02 16:30:00,128.5,129.3000030517578,128.3000030517578,129.10000610351562,3009181
2025-01-03 09:30:00,129.6999969482422,131.1999969482422,129.39999389648438,129.60000610351562,5531383
2025-01-03 10:30:00,128.3000030517578,130.0,128.3000030517578,129.60000610351562,2899581
2025-01-03 11:30:00,129.0,129.1999969482422,128.1999969482422,128.3000030517578,1864131
2025-01-03 12:30:00,128.60000610351562,129.10000610351562,128.39999389648438,129.10000610351562,683407
2025-01-03 13:30:00,129.1999969482422,130.0,128.6999969482422,128.6999969482422,2011578
2025-01-03 14:30:00,130.3000030517578,130.39999389648438,129.1999969482422,129.1999969482422,1697761
2025-01-03 15:30:00,130.3000030517578,130.39999389648438,129.5,130.39999389648438,2054497
2025-01-03 16:30:00,129.89999389648438,130.3000030517578,129.6999969482422,130.3000030517578,1801582
2025-01-06 09:30:00,130.89999389648438,131.0,129.3000030517578,129.5,4214461
2025-01-06 10:30:00,130.6999969482422,131.5,130.1999969482422,130.89999389648438,2421455
2025-01-06 11:30:00,130.1999969482422,130.8000030517578,130.10000610351562,130.6999969482422,727095
2025-01-06 12:30:00,129.89999389648438,130.1999969482422,129.6999969482422,130.1999969482422,841964
2025-01-06 13:30:00,130.1999969482422,130.3000030517578,129.60000610351562,130.0,993485
2025-01-06 14:30:00,130.60000610351562,130.89999389648438,130.1999969482422,130.3000030517578,1844399
2025-01-06 15:30:00,131.10000610351562,131.39999389648438,130.5,130.5,2838132
2025-01-06 16:30:00,130.10000610351562,131.39999389648438,130.0,131.10000610351562,2593489
2025-01-07 09:30:00,129.5,129.89999389648438,128.39999389648438,129.5,3039828
2025-01-07 10:30:00,129.39999389648438,130.1999969482422,129.0,129.5,2412321
2025-01-07 11:30:00,128.6999969482422,129.60000610351562,128.3000030517578,129.3000030517578,1180931
2025-01-07 12:30:00,129.0,129.0,128.5,128.60000610351562,697354
2025-01-07 13:30:00,128.6999969482422,129.0,128.5,128.89999389648438,566603
2025-01-07 14:30:00,128.60000610351562,129.0,128.5,128.8000030517578,739912
2025-01-07 15:30:00,129.3000030517578,129.60000610351562,128.5,128.6999969482422,1312534
2025-01-07 16:30:00,127.5999984741211,129.5,127.0999984741211,129.39999389648438,2156071
2025-01-08 09:30:00,127.30000305175781,127.69999694824219,126.5999984741211,126.80000305175781,2207511
2025-01-08 10:30:00,127.5999984741211,128.1999969482422,126.80000305175781,127.30000305175781,2212536
2025-01-08 11:30:00,127.19999694824219,128.10000610351562,126.80000305175781,127.69999694824219,1995570
2025-01-08 12:30:00,127.0999984741211,127.30000305175781,126.69999694824219,127.30000305175781,920141
2025-01-08 13:30:00,127.9000015258789,128.0,126.80000305175781,127.0999984741211,1191760
2025-01-08 14:30:00,127.80000305175781,128.10000610351562,127.4000015258789,127.9000015258789,2161345
2025-01-08 15:30:00,128.6999969482422,129.10000610351562,127.5999984741211,127.80000305175781,2655302
2025-01-08 16:30:00,128.1999969482422,128.89999389648438,127.5,128.6999969482422,1538272
2025-01-09 09:30:00,128.0,128.8000030517578,127.9000015258789,128.3000030517578,1949394
2025-01-09 10:30:00,127.4000015258789,128.10000610351562,127.19999694824219,128.0,2288333
2025-01-09 11:30:00,127.9000015258789,128.10000610351562,126.80000305175781,127.5,1745306
2025-01-09 12:30:00,127.5,128.3000030517578,127.30000305175781,127.9000015258789,1275276
2025-01-09 13:30:00,128.0,128.1999969482422,127.5,127.5,923887
2025-01-09 14:30:00,128.6999969482422,129.10000610351562,128.0,128.0,3174590
2025-01-09 15:30:00,129.0,129.39999389648438,128.1999969482422,128.6999969482422,2104496
2025-01-09 16:30:00,130.5,130.89999389648438,128.39999389648438,129.0,4388827
2025-01-10 09:30:00,130.5,131.39999389648438,130.10000610351562,131.0,2228077
2025-01-10 10:30:00,130.3000030517578,130.89999389648438,130.3000030517578,130.39999389648438,1884700
2025-01-10 11:30:00,129.89999389648438,130.39999389648438,129.6999969482422,130.39999389648438,1286183
2025-01-10 12:30:00,130.0,130.39999389648438,129.8000030517578,129.89999389648438,585867
2025-01-10 13:30:00,130.10000610351562,130.39999389648438,129.5,130.0,1006075
2025-01-10 14:30:00,130.1999969482422,130.39999389648438,130.0,130.1999969482422,697829
2025-01-10 15:30:00,130.6999969482422,130.89999389648438,130.0,130.10000610351562,2425219
2025-01-10 16:30:00,127.69999694824219,130.6999969482422,127.4000015258789,130.6999969482422,5705523
2025-01-13 09:30:00,127.9000015258789,128.39999389648438,127.4000015258789,128.0,2755490
2025-01-13 10:30:00,127.19999694824219,128.39999389648438,127.0999984741211,127.9000015258789,3469490
2025-01-13 11:30:00,127.30000305175781,127.69999694824219,126.5999984741211,127.19999694824219,2433614
2025-01-13 12:30:00,126.5999984741211,127.5,126.5999984741211,127.4000015258789,1222303
2025-01-13 13:30:00,126.9000015258789,127.0,126.5,126.5999984741211,1155327
2025-01-13 14:30:00,126.5,127.0,126.0999984741211,126.9000015258789,1706855
2025-01-13 15:30:00,127.9000015258789,128.5,126.4000015258789,126.5999984741211,3438490
2025-01-13 16:30:00,127.0,128.0,126.69999694824219,127.9000015258789,1880631
2025-01-14 09:30:00,128.3000030517578,129.10000610351562,127.80000305175781,128.10000610351562,1902863
2025-01-14 10:30:00,129.8000030517578,130.10000610351562,128.0,128.1999969482422,4464485
2025-01-14 11:30:00,129.89999389648438,131.3000030517578,129.5,129.8000030517578,6872459
2025-01-14 12:30:00,130.10000610351562,130.1999969482422,129.3000030517578,129.8000030517578,1515812
2025-01-14 13:30:00,129.0,130.1999969482422,128.89999389648438,130.10000610351562,2099075
2025-01-14 14:30:00,127.4000015258789,129.10000610351562,127.0999984741211,129.0,3683284
2025-01-14 15:30:00,125.80000305175781,127.5,125.5,127.4000015258789,5453011
2025-01-14 16:30:00,126.80000305175781,127.69999694824219,125.69999694824219,125.80000305175781,7124679
2025-01-15 09:30:00,127.69999694824219,128.1999969482422,127.0999984741211,127.4000015258789,1959967
2025-01-15 10:30:00,127.19999694824219,128.0,127.0,127.69999694824219,1809383
2025-01-15 11:30:00,127.19999694824219,127.5,126.9000015258789,127.19999694824219,805976
2025-01-15 12:30:00,127.19999694824219,127.69999694824219,127.0999984741211,127.30000305175781,849869
2025-01-15 13:30:00,127.4000015258789,127.80000305175781,127.0999984741211,127.0999984741211,1022550
2025-01-15 14:30:00,128.1999969482422,128.5,127.4000015258789,127.4000015258789,2719692
2025-01-15 15:30:00,129.0,129.3000030517578,128.1999969482422,128.1999969482422,3087326
2025-01-15 16:30:00,127.80000305175781,130.0,127.30000305175781,129.10000610351562,6071529
2025-01-16 09:30:00,129.60000610351562,130.3000030517578,129.39999389648438,130.0,2732629
2025-01-16 10:30:00,129.0,129.6999969482422,128.8000030517578,129.60000610351562,2685100
2025-01-16 11:30:00,127.9000015258789,129.10000610351562,127.9000015258789,128.89999389648438,2070088
2025-01-16 12:30:00,128.1999969482422,128.5,127.69999694824219,127.9000015258789,1277848
2025-01-16 13:30:00,128.60000610351562,128.8000030517578,127.5999984741211,128.10000610351562,1084615
2025-01-16 14:30:00,128.6999969482422,129.10000610351562,128.3000030517578,128.60000610351562,1127576
2025-01-16 15:30:00,128.8000030517578,129.39999389648438,128.5,128.6999969482422,1994705
2025-01-16 16:30:00,129.6999969482422,130.1999969482422,128.39999389648438,128.8000030517578,3781978
2025-01-17 09:30:00,130.3000030517578,130.3000030517578,129.5,129.8000030517578,1715671
2025-01-17 10:30:00,130.89999389648438,131.0,130.10000610351562,130.3000030517578,3580799
2025-01-17 11:30:00,133.10000610351562,133.10000610351562,130.8000030517578,130.89999389648438,5612959
2025-01-17 12:30:00,132.6999969482422,133.10000610351562,132.3000030517578,133.0,1977613
2025-01-17 13:30:00,131.89999389648438,133.1999969482422,131.10000610351562,132.6999969482422,5116211
2025-01-17 14:30:00,132.5,132.6999969482422,131.8000030517578,131.89999389648438,2024034
2025-01-17 15:30:00,132.5,132.60000610351562,131.10000610351562,132.5,4623106
2025-01-17 16:30:00,132.10000610351562,132.89999389648438,131.6999969482422,132.5,3668317
2025-01-20 09:30:00,133.39999389648438,135.0,133.39999389648438,134.0,3389902
2025-01-20 10:30:00,133.0,133.5,132.8000030517578,133.5,2598251
2025-01-20 11:30:00,132.60000610351562,133.10000610351562,132.5,133.0,1943400
2025-01-20 12:30:00,131.8000030517578,132.6999969482422,131.6999969482422,132.60000610351562,1768420
2025-01-20 13:30:00,132.10000610351562,132.3000030517578,131.0,131.6999969482422,3005927
2025-01-20 14:30:00,132.10000610351562,132.5,131.89999389648438,132.10000610351562,921421
2025-01-20 15:30:00,133.0,133.0,131.89999389648438,132.10000610351562,1707348
2025-01-20 16:30:00,132.89999389648438,133.39999389648438,132.39999389648438,133.0,2814112
2025-01-21 09:30:00,134.5,135.5,133.5,133.60000610351562,6631053
2025-01-21 10:30:00,135.1999969482422,135.60000610351562,134.39999389648438,134.5,5349253
2025-01-21 11:30:00,135.0,135.60000610351562,134.8000030517578,135.1999969482422,3843412
2025-01-21 12:30:00,134.89999389648438,135.3000030517578,134.60000610351562,135.0,1603368
2025-01-21 13:30:00,135.39999389648438,135.6999969482422,134.8000030517578,134.8000030517578,2276694
2025-01-21 14:30:00,134.6999969482422,135.5,134.39999389648438,135.5,2396041
2025-01-21 15:30:00,135.10000610351562,135.10000610351562,134.5,134.6999969482422,1160089
2025-01-21 16:30:00,134.39999389648438,135.39999389648438,134.3000030517578,135.0,3426997
2025-01-22 09:30:00,135.0,135.10000610351562,134.3000030517578,134.60000610351562,3220467
2025-01-22 10:30:00,135.39999389648438,135.89999389648438,134.8000030517578,135.0,5152337
2025-01-22 11:30:00,136.1999969482422,136.3000030517578,135.39999389648438,135.5,3776807
2025-01-22 12:30:00,136.0,136.39999389648438,135.6999969482422,136.3000030517578,2109448
2025-01-22 13:30:00,136.1999969482422,136.1999969482422,135.5,136.0,1624060
2025-01-22 14:30:00,136.10000610351562,136.5,135.8000030517578,136.1999969482422,2373532
2025-01-22 15:30:00,135.89999389648438,136.39999389648438,135.6999969482422,136.1999969482422,1537857
2025-01-22 16:30:00,137.1999969482422,137.3000030517578,135.6999969482422,135.89999389648438,5545968
2025-01-23 09:30:00,138.5,139.1999969482422,137.5,138.8000030517578,4486254
2025-01-23 10:30:00,137.0,138.60000610351562,136.39999389648438,138.5,3729716
2025-01-23 11:30:00,135.3000030517578,137.1999969482422,135.0,137.0,5005084
2025-01-23 12:30:00,135.39999389648438,135.60000610351562,134.8000030517578,135.3000030517578,3176348
2025-01-23 13:30:00,135.5,135.6999969482422,134.39999389648438,135.39999389648438,5758111
2025-01-23 14:30:00,135.0,135.5,134.10000610351562,135.5,4554023
2025-01-23 15:30:00,133.8000030517578,135.10000610351562,133.5,135.0,3315320
2025-01-23 16:30:00,134.0,135.0,133.6999969482422,133.8000030517578,5571772
2025-01-24 09:30:00,133.10000610351562,134.10000610351562,132.5,133.60000610351562,4081218
2025-01-24 10:30:00,131.89999389648438,133.1999969482422,131.6999969482422,133.10000610351562,3460456
2025-01-24 11:30:00,132.3000030517578,132.60000610351562,131.60000610351562,131.8000030517578,1532666
2025-01-24 12:30:00,131.6999969482422,132.5,131.5,132.39999389648438,1510776
2025-01-24 13:30:00,132.1999969482422,132.6999969482422,131.5,131.60000610351562,2006907
2025-01-24 14:30:00,131.89999389648438,132.39999389648438,131.60000610351562,132.1999969482422,1533950
2025-01-24 15:30:00,131.8000030517578,132.1999969482422,131.60000610351562,132.0,1287018
2025-01-24 16:30:00,132.89999389648438,133.10000610351562,131.5,131.8000030517578,2788849
2025-01-27 09:30:00,131.39999389648438,131.5,129.5,129.8000030517578,4335329
2025-01-27 10:30:00,133.0,133.1999969482422,131.3000030517578,131.39999389648438,4546748
2025-01-27 11:30:00,133.0,133.6999969482422,132.89999389648438,133.0,2756629
2025-01-27 12:30:00,133.5,134.0,132.89999389648438,133.0,1720757
2025-01-27 13:30:00,133.5,134.10000610351562,133.39999389648438,133.60000610351562,1942979
2025-01-27 14:30:00,133.3000030517578,133.6999969482422,132.89999389648438,133.5,1091679
2025-01-27 15:30:00,133.39999389648438,133.8000030517578,132.6999969482422,133.3000030517578,1839282
2025-01-27 16:30:00,133.1999969482422,133.60000610351562,132.89999389648438,133.5,1606869
2025-01-28 09:30:00,133.5,134.6999969482422,133.1999969482422,134.5,3301328
2025-01-28 10:30:00,134.10000610351562,134.3000030517578,132.89999389648438,133.5,3262376
2025-01-28 11:30:00,134.10000610351562,134.8000030517578,133.8000030517578,134.0,2473975
2025-01-28 12:30:00,134.3000030517578,134.39999389648438,133.89999389648438,134.1999969482422,972216
2025-01-28 13:30:00,135.0,135.5,134.1999969482422,134.3000030517578,3008021
2025-01-28 14:30:00,134.60000610351562,135.10000610351562,134.3000030517578,135.0,2037057
2025-01-28 15:30:00,134.60000610351562,134.6999969482422,134.3000030517578,134.5,881440
2025-01-28 16:30:00,135.60000610351562,135.6999969482422,134.39999389648438,134.60000610351562,3374038
2025-01-29 09:30:00,136.3000030517578,136.39999389648438,135.39999389648438,135.6999969482422,2723329
2025-01-29 10:30:00,136.60000610351562,136.89999389648438,135.6999969482422,136.3000030517578,3703888
2025-01-29 11:30:00,136.5,137.10000610351562,136.39999389648438,136.60000610351562,3389933
2025-01-29 12:30:00,136.60000610351562,136.6999969482422,136.39999389648438,136.60000610351562,1235113
2025-01-29 13:30:00,136.39999389648438,136.60000610351562,136.1999969482422,136.60000610351562,1181001
2025-01-29 14:30:00,134.3000030517578,136.39999389648438,134.1999969482422,136.3000030517578,4401141
2025-01-29 15:30:00,135.10000610351562,135.60000610351562,134.10000610351562,134.39999389648438,1753981
2025-01-29 16:30:00,136.5,137.0,135.10000610351562,135.1999969482422,4937777
2025-01-30 09:30:00,133.3000030517578,135.5,133.10000610351562,134.8000030517578,4012696
2025-01-30 10:30:00,132.39999389648438,133.60000610351562,132.39999389648438,133.3000030517578,3754882
2025-01-30 11:30:00,132.60000610351562,132.8000030517578,132.10000610351562,132.39999389648438,1863402
2025-01-30 12:30:00,132.6999969482422,132.8000030517578,132.3000030517578,132.60000610351562,1261374
2025-01-30 13:30:00,133.0,133.3000030517578,132.5,132.6999969482422,2225790
2025-01-30 14:30:00,133.10000610351562,133.39999389648438,132.8000030517578,133.1999969482422,1564331
2025-01-30 15:30:00,132.89999389648438,133.3000030517578,132.60000610351562,133.1999969482422,1000069
2025-01-30 16:30:00,132.10000610351562,133.0,131.8000030517578,132.89999389648438,2178943
2025-01-31 09:30:00,131.5,132.8000030517578,131.0,131.89999389648438,4454765
2025-01-31 10:30:00,131.3000030517578,132.10000610351562,131.10000610351562,131.5,3084187
2025-01-31 11:30:00,130.8000030517578,131.60000610351562,130.5,131.1999969482422,2962870
2025-01-31 12:30:00,129.60000610351562,130.89999389648438,129.0,130.89999389648438,5075003
2025-01-31 13:30:00,128.6999969482422,129.6999969482422,128.39999389648438,129.60000610351562,3436248
2025-01-31 14:30:00,129.10000610351562,129.1999969482422,128.5,128.6999969482422,1457340
2025-01-31 15:30:00,128.1999969482422,129.1999969482422,127.69999694824219,129.10000610351562,3880605
2025-01-31 16:30:00,128.5,129.0,128.0,128.1999969482422,2848874
2025-02-03 09:30:00,121.0,125.5999984741211,120.0999984741211,125.0999984741211,13113613
2025-02-03 10:30:00,122.5999984741211,122.80000305175781,120.5999984741211,121.0,5713080
2025-02-03 11:30:00,122.9000015258789,123.9000015258789,122.30000305175781,122.5999984741211,4898047
2025-02-03 12:30:00,122.5999984741211,123.0,122.4000015258789,122.80000305175781,1687318
2025-02-03 13:30:00,124.30000305175781,124.4000015258789,122.5,122.5,4512416
2025-02-03 14:30:00,125.69999694824219,125.80000305175781,123.5,124.4000015258789,5333945
2025-02-03 15:30:00,125.19999694824219,126.0,124.9000015258789,125.69999694824219,3252398
2025-02-03 16:30:00,124.4000015258789,125.19999694824219,123.19999694824219,125.19999694824219,3832004
2025-02-04 09:30:00,125.19999694824219,125.69999694824219,124.5,125.19999694824219,2487099
2025-02-04 10:30:00,125.19999694824219,125.30000305175781,123.5,125.19999694824219,4754027
2025-02-04 11:30:00,125.5999984741211,125.69999694824219,124.69999694824219,125.0999984741211,4755289
2025-02-04 12:30:00,126.0,126.30000305175781,125.4000015258789,125.5,4468873
2025-02-04 13:30:00,126.30000305175781,126.4000015258789,126.0,126.0999984741211,2121886
2025-02-04 14:30:00,126.80000305175781,127.0,126.0999984741211,126.30000305175781,3511056
2025-02-04 15:30:00,126.9000015258789,127.5,126.69999694824219,126.9000015258789,5549404
2025-02-04 16:30:00,125.5999984741211,127.0999984741211,125.4000015258789,126.80000305175781,4905518
2025-02-05 09:30:00,126.0999984741211,126.5999984741211,125.30000305175781,125.4000015258789,4283364
2025-02-05 10:30:00,125.0999984741211,126.30000305175781,125.0,126.0999984741211,3286371
2025-02-05 11:30:00,125.0,125.30000305175781,124.4000015258789,125.0,1532872
2025-02-05 12:30:00,125.69999694824219,125.69999694824219,124.69999694824219,125.0,1034950
2025-02-05 13:30:00,125.0999984741211,125.69999694824219,124.80000305175781,125.5999984741211,1381146
2025-02-05 14:30:00,126.0999984741211,126.0999984741211,125.0,125.0999984741211,2336199
2025-02-05 15:30:00,123.5,126.19999694824219,123.19999694824219,126.0999984741211,4527898
2025-02-05 16:30:00,123.30000305175781,124.0999984741211,122.5999984741211,123.5,4335371
2025-02-06 09:30:00,125.30000305175781,125.69999694824219,125.0999984741211,125.19999694824219,2490457
2025-02-06 10:30:00,126.0999984741211,126.19999694824219,124.5,125.4000015258789,2994585
2025-02-06 11:30:00,127.4000015258789,127.69999694824219,125.80000305175781,126.19999694824219,5600471
2025-02-06 12:30:00,128.0,128.1999969482422,127.30000305175781,127.4000015258789,3411032
2025-02-06 13:30:00,127.69999694824219,128.1999969482422,127.30000305175781,128.10000610351562,1786037
2025-02-06 14:30:00,127.0999984741211,127.69999694824219,127.0,127.69999694824219,1126194
2025-02-06 15:30:00,126.9000015258789,127.0999984741211,126.4000015258789,127.0,1799053
2025-02-06 16:30:00,127.0999984741211,127.69999694824219,126.80000305175781,126.9000015258789,1594010
2025-02-07 09:30:00,127.19999694824219,127.69999694824219,126.69999694824219,127.30000305175781,2009738
2025-02-07 10:30:00,126.0999984741211,127.80000305175781,125.5999984741211,127.19999694824219,3777161
2025-02-07 11:30:00,126.5999984741211,126.9000015258789,125.9000015258789,126.0999984741211,1434036
2025-02-07 12:30:00,127.80000305175781,128.0,126.5999984741211,126.69999694824219,1712973
2025-02-07 13:30:00,127.5,128.3000030517578,127.30000305175781,127.80000305175781,2612313
2025-02-07 14:30:00,127.9000015258789,128.0,127.19999694824219,127.5,1781891
2025-02-07 15:30:00,127.80000305175781,128.0,127.30000305175781,127.9000015258789,1807823
2025-02-07 16:30:00,128.6999969482422,129.10000610351562,127.5999984741211,127.80000305175781,6482358
2025-02-10 09:30:00,129.0,129.1999969482422,128.1999969482422,128.8000030517578,2051228
2025-02-10 10:30:00,128.3000030517578,129.10000610351562,127.80000305175781,129.10000610351562,2359542
2025-02-10 11:30:00,128.10000610351562,128.5,128.0,128.3000030517578,1066518
2025-02-10 12:30:00,128.10000610351562,128.1999969482422,127.69999694824219,128.1999969482422,1154127
2025-02-10 13:30:00,127.80000305175781,128.60000610351562,127.69999694824219,128.10000610351562,1427291
2025-02-10 14:30:00,127.69999694824219,127.9000015258789,127.4000015258789,127.80000305175781,2095219
2025-02-10 15:30:00,127.80000305175781,128.10000610351562,127.5,127.69999694824219,1253155
2025-02-10 16:30:00,127.9000015258789,128.10000610351562,127.5,127.80000305175781,1177948
2025-02-11 09:30:00,128.89999389648438,129.0,127.0,127.0999984741211,2483042
2025-02-11 10:30:00,128.5,129.1999969482422,128.0,128.89999389648438,2529861
2025-02-11 11:30:00,129.10000610351562,129.3000030517578,128.3000030517578,128.39999389648438,1746234
2025-02-11 12:30:00,128.8000030517578,129.3000030517578,128.6999969482422,129.10000610351562,508751
2025-02-11 13:30:00,128.60000610351562,129.0,128.39999389648438,128.6999969482422,657773
2025-02-11 14:30:00,128.89999389648438,128.89999389648438,128.10000610351562,128.60000610351562,885186
2025-02-11 15:30:00,129.10000610351562,129.5,128.60000610351562,128.89999389648438,1603806
2025-02-11 16:30:00,129.1999969482422,129.39999389648438,128.6999969482422,129.10000610351562,1069116
2025-02-12 09:30:00,130.0,130.5,129.60000610351562,129.60000610351562,2745686
2025-02-12 10:30:00,129.60000610351562,130.39999389648438,129.5,130.0,1698319
2025-02-12 11:30:00,129.8000030517578,129.89999389648438,129.10000610351562,129.60000610351562,1649460
2025-02-12 12:30:00,130.10000610351562,130.1999969482422,129.5,129.6999969482422,1072404
2025-02-12 13:30:00,129.3000030517578,130.1999969482422,129.0,130.10000610351562,2164156
2025-02-12 14:30:00,129.8000030517578,130.0,129.1999969482422,129.3000030517578,1911156
2025-02-12 15:30:00,129.8000030517578,130.0,129.39999389648438,129.8000030517578,1216357
2025-02-12 16:30:00,129.6999969482422,129.89999389648438,128.6999969482422,129.8000030517578,2472068
2025-02-13 09:30:00,130.10000610351562,131.1999969482422,129.60000610351562,130.6999969482422,3002019
2025-02-13 10:30:00,130.8000030517578,131.0,129.39999389648438,130.0,5141038
2025-02-13 11:30:00,130.89999389648438,131.10000610351562,130.39999389648438,130.8000030517578,3462837
2025-02-13 12:30:00,130.60000610351562,131.10000610351562,130.39999389648438,131.0,2141137
2025-02-13 13:30:00,130.6999969482422,130.8000030517578,130.60000610351562,130.6999969482422,739715
2025-02-13 14:30:00,130.39999389648438,130.89999389648438,130.1999969482422,130.6999969482422,1835884
2025-02-13 15:30:00,130.10000610351562,130.5,129.89999389648438,130.39999389648438,2033600
2025-02-13 16:30:00,130.0,130.5,129.89999389648438,130.10000610351562,1034404
2025-02-14 09:30:00,129.89999389648438,130.8000030517578,129.6999969482422,130.39999389648438,1858183
2025-02-14 10:30:00,129.8000030517578,130.0,129.39999389648438,129.8000030517578,1391666
2025-02-14 11:30:00,130.1999969482422,130.3000030517578,129.60000610351562,129.6999969482422,1208387
2025-02-14 12:30:00,130.39999389648438,130.60000610351562,130.10000610351562,130.1999969482422,1822490
2025-02-14 13:30:00,130.6999969482422,130.89999389648438,130.1999969482422,130.39999389648438,1913418
2025-02-14 14:30:00,130.10000610351562,130.89999389648438,129.89999389648438,130.60000610351562,2619536
2025-02-14 15:30:00,130.3000030517578,130.5,129.8000030517578,130.10000610351562,1049062
2025-02-14 16:30:00,129.6999969482422,130.39999389648438,129.5,130.3000030517578,2303112
2025-02-17 09:30:00,128.6999969482422,129.5,128.60000610351562,129.10000610351562,2355965
2025-02-17 10:30:00,129.6999969482422,129.6999969482422,128.60000610351562,128.6999969482422,1997732
2025-02-17 11:30:00,128.6999969482422,129.8000030517578,128.5,129.60000610351562,1476777
2025-02-17 12:30:00,129.0,129.10000610351562,128.5,128.8000030517578,777405
2025-02-17 13:30:00,128.8000030517578,129.10000610351562,128.6999969482422,129.0,486072
2025-02-17 14:30:00,128.8000030517578,128.89999389648438,128.5,128.89999389648438,648342
2025-02-17 15:30:00,128.89999389648438,129.10000610351562,128.60000610351562,128.8000030517578,634273
2025-02-17 16:30:00,128.5,129.10000610351562,128.10000610351562,129.0,1296951
2025-02-18 09:30:00,128.8000030517578,129.1999969482422,127.9000015258789,128.0,2593006
2025-02-18 10:30:00,129.39999389648438,129.8000030517578,128.8000030517578,128.89999389648438,2367152
2025-02-18 11:30:00,129.10000610351562,129.5,128.89999389648438,129.39999389648438,924021
2025-02-18 12:30:00,128.5,129.1999969482422,128.5,129.10000610351562,896862
2025-02-18 13:30:00,128.5,128.8000030517578,128.39999389648438,128.5,865878
2025-02-18 14:30:00,128.5,128.60000610351562,128.39999389648438,128.5,804391
2025-02-18 15:30:00,128.1999969482422,128.60000610351562,127.69999694824219,128.5,2056549
2025-02-18 16:30:00,130.39999389648438,130.8000030517578,128.1999969482422,128.1999969482422,5865972
2025-02-19 09:30:00,129.39999389648438,130.39999389648438,129.3000030517578,130.39999389648438,2579391
2025-02-19 10:30:00,130.0,130.39999389648438,129.1999969482422,129.3000030517578,2976221
2025-02-19 11:30:00,130.6999969482422,130.8000030517578,130.0,130.0,2704873
2025-02-19 12:30:00,130.6999969482422,131.0,130.5,130.8000030517578,1834130
2025-02-19 13:30:00,130.1999969482422,130.6999969482422,130.0,130.6999969482422,1616747
2025-02-19 14:30:00,130.39999389648438,130.60000610351562,129.89999389648438,130.1999969482422,1384238
2025-02-19 15:30:00,130.10000610351562,130.60000610351562,129.89999389648438,130.5,2086855
2025-02-19 16:30:00,128.60000610351562,130.10000610351562,128.1999969482422,130.0,4419246
2025-02-20 09:30:00,129.39999389648438,130.3000030517578,128.89999389648438,128.89999389648438,3645414
2025-02-20 10:30:00,130.3000030517578,130.39999389648438,129.1999969482422,129.39999389648438,3056940
2025-02-20 11:30:00,131.1999969482422,131.5,130.3000030517578,130.39999389648438,4563690
2025-02-20 12:30:00,131.39999389648438,131.8000030517578,131.10000610351562,131.3000030517578,4026004
2025-02-20 13:30:00,130.89999389648438,131.5,130.89999389648438,131.39999389648438,2851894
2025-02-20 14:30:00,131.5,131.6999969482422,130.89999389648438,130.89999389648438,2515129
2025-02-20 15:30:00,130.89999389648438,131.60000610351562,130.5,131.5,2143753
2025-02-20 16:30:00,131.8000030517578,132.39999389648438,130.89999389648438,130.89999389648438,6226684
2025-02-21 09:30:00,129.6999969482422,131.1999969482422,129.60000610351562,131.0,3163766
2025-02-21 10:30:00,129.5,130.0,129.1999969482422,129.6999969482422,1861828
2025-02-21 11:30:00,130.1999969482422,130.89999389648438,129.3000030517578,129.39999389648438,2731916
2025-02-21 12:30:00,131.0,131.0,130.10000610351562,130.1999969482422,999802
2025-02-21 13:30:00,130.89999389648438,131.3000030517578,130.60000610351562,131.0,2378610
2025-02-21 14:30:00,130.39999389648438,131.10000610351562,130.3000030517578,130.89999389648438,1221521
2025-02-21 15:30:00,129.39999389648438,130.39999389648438,129.0,130.39999389648438,2658429
2025-02-21 16:30:00,128.3000030517578,129.8000030517578,128.1999969482422,129.39999389648438,3617510
2025-02-24 09:30:00,129.39999389648438,129.60000610351562,128.5,129.3000030517578,2491923
2025-02-24 10:30:00,127.80000305175781,129.60000610351562,127.5999984741211,129.5,1969375
2025-02-24 11:30:00,127.4000015258789,128.0,127.19999694824219,127.80000305175781,1375323
2025-02-24 12:30:00,126.5999984741211,127.5999984741211,126.30000305175781,127.4000015258789,1617883
2025-02-24 13:30:00,126.80000305175781,126.80000305175781,126.0999984741211,126.69999694824219,1973395
2025-02-24 14:30:00,127.30000305175781,127.5,126.69999694824219,126.80000305175781,2593110
2025-02-24 15:30:00,126.0999984741211,127.4000015258789,125.9000015258789,127.30000305175781,2558323
2025-02-24 16:30:00,125.9000015258789,126.80000305175781,125.5999984741211,126.0999984741211,2686225
2025-02-25 09:30:00,125.19999694824219,125.80000305175781,124.30000305175781,125.19999694824219,3615388
2025-02-25 10:30:00,124.80000305175781,125.80000305175781,124.30000305175781,125.30000305175781,3920844
2025-02-25 11:30:00,124.5999984741211,125.9000015258789,124.5999984741211,124.9000015258789,3566945
2025-02-25 12:30:00,125.0999984741211,125.30000305175781,124.4000015258789,124.5999984741211,2103830
2025-02-25 13:30:00,125.5999984741211,126.0999984741211,124.5999984741211,125.0999984741211,2419470
2025-02-25 14:30:00,126.0999984741211,126.69999694824219,125.30000305175781,125.5,4697994
2025-02-25 15:30:00,126.30000305175781,127.0,125.5999984741211,126.0999984741211,4274282
2025-02-25 16:30:00,127.4000015258789,127.5,125.5999984741211,126.30000305175781,4707231
2025-02-26 09:30:00,126.0999984741211,126.4000015258789,125.69999694824219,126.19999694824219,1659027
2025-02-26 10:30:00,125.9000015258789,126.0999984741211,124.69999694824219,126.0999984741211,2359315
2025-02-26 11:30:00,126.4000015258789,126.4000015258789,125.9000015258789,126.0,1998384
2025-02-26 12:30:00,126.0999984741211,126.4000015258789,125.69999694824219,126.4000015258789,1345973
2025-02-26 13:30:00,125.30000305175781,126.0999984741211,125.19999694824219,126.0999984741211,1338764
2025-02-26 14:30:00,126.80000305175781,127.0999984741211,125.0999984741211,125.30000305175781,4488495
2025-02-26 15:30:00,127.5,127.5999984741211,126.5,126.9000015258789,4759038
2025-02-26 16:30:00,127.0999984741211,128.6999969482422,126.80000305175781,127.5,8191755
2025-02-27 09:30:00,127.4000015258789,127.69999694824219,126.0,126.19999694824219,4453887
2025-02-27 10:30:00,127.69999694824219,127.9000015258789,127.0999984741211,127.30000305175781,3903723
2025-02-27 11:30:00,127.9000015258789,128.10000610351562,127.4000015258789,127.80000305175781,2127848
2025-02-27 12:30:00,127.5,128.10000610351562,127.5,127.80000305175781,1439938
2025-02-27 13:30:00,128.39999389648438,128.5,127.30000305175781,127.5999984741211,4705926
2025-02-27 14:30:00,128.6999969482422,129.10000610351562,127.69999694824219,128.39999389648438,6295457
2025-02-27 15:30:00,128.8000030517578,129.39999389648438,128.60000610351562,128.60000610351562,4632787
2025-02-27 16:30:00,127.5999984741211,129.0,127.5,128.8000030517578,4239231
2025-02-28 09:30:00,127.69999694824219,128.8000030517578,127.0,127.0,3632784
2025-02-28 10:30:00,127.80000305175781,128.1999969482422,127.5,127.69999694824219,3126072
2025-02-28 11:30:00,126.80000305175781,127.80000305175781,126.4000015258789,127.80000305175781,5331332
2025-02-28 12:30:00,126.69999694824219,127.0999984741211,126.5,126.80000305175781,1518020
2025-02-28 13:30:00,126.5999984741211,127.0,126.0,126.69999694824219,4069588
2025-02-28 14:30:00,127.5999984741211,127.80000305175781,126.5,126.5,3040830
2025-02-28 15:30:00,128.0,128.39999389648438,127.5,127.69999694824219,4012836
2025-02-28 16:30:00,128.1999969482422,129.1999969482422,127.9000015258789,127.9000015258789,6077326
2025-03-03 09:30:00,133.89999389648438,134.3000030517578,130.10000610351562,130.1999969482422,10038576
2025-03-03 10:30:00,134.8000030517578,135.1999969482422,133.39999389648438,133.89999389648438,6010530
2025-03-03 11:30:00,135.60000610351562,135.60000610351562,134.1999969482422,134.8000030517578,3070002
2025-03-03 12:30:00,139.89999389648438,140.0,135.1999969482422,135.60000610351562,12780870
2025-03-03 13:30:00,140.60000610351562,141.0,139.5,139.8000030517578,7615827
2025-03-03 14:30:00,140.6999969482422,141.0,140.39999389648438,140.6999969482422,3726060
2025-03-03 15:30:00,140.39999389648438,140.8000030517578,140.0,140.60000610351562,4454905
2025-03-03 16:30:00,139.8000030517578,140.5,139.6999969482422,140.3000030517578,5148019
2025-03-04 09:30:00,138.39999389648438,138.89999389648438,136.6999969482422,137.1999969482422,5387601
2025-03-04 10:30:00,139.10000610351562,139.6999969482422,138.3000030517578,138.39999389648438,4483607
2025-03-04 11:30:00,138.60000610351562,139.60000610351562,138.1999969482422,139.1999969482422,2392328
2025-03-04 12:30:00,137.10000610351562,138.89999389648438,137.0,138.60000610351562,3271001
2025-03-04 13:30:00,137.1999969482422,137.3000030517578,136.60000610351562,137.1999969482422,1620765
2025-03-04 14:30:00,137.39999389648438,137.89999389648438,136.89999389648438,137.1999969482422,1810364
2025-03-04 15:30:00,137.89999389648438,138.39999389648438,137.39999389648438,137.39999389648438,1634620
2025-03-04 16:30:00,138.10000610351562,138.8000030517578,137.8000030517578,138.0,1725918
2025-03-05 09:30:00,139.89999389648438,141.5,139.60000610351562,139.60000610351562,5492392
2025-03-05 10:30:00,137.6999969482422,140.0,137.0,139.8000030517578,4645639
2025-03-05 11:30:00,136.89999389648438,138.0,136.6999969482422,137.6999969482422,2629603
2025-03-05 12:30:00,135.60000610351562,137.10000610351562,135.3000030517578,137.0,2470688
2025-03-05 13:30:00,136.1999969482422,136.5,135.39999389648438,135.60000610351562,3517939
2025-03-05 14:30:00,137.6999969482422,137.6999969482422,135.8000030517578,136.1999969482422,2441364
2025-03-05 15:30:00,138.6999969482422,139.10000610351562,137.5,137.6999969482422,5616416
2025-03-05 16:30:00,138.39999389648438,139.3000030517578,138.39999389648438,138.6999969482422,4435503
2025-03-06 09:30:00,139.89999389648438,142.0,139.0,141.0,5738212
2025-03-06 10:30:00,139.5,140.1999969482422,139.0,139.89999389648438,3060916
2025-03-06 11:30:00,139.5,139.8000030517578,139.0,139.5,1401876
2025-03-06 12:30:00,139.1999969482422,139.8000030517578,139.10000610351562,139.5,843688
2025-03-06 13:30:00,136.89999389648438,139.60000610351562,136.6999969482422,139.1999969482422,4950473
2025-03-06 14:30:00,136.39999389648438,137.1999969482422,136.10000610351562,137.0,4190899
2025-03-06 15:30:00,136.1999969482422,136.60000610351562,135.60000610351562,136.5,3023259
2025-03-06 16:30:00,137.8000030517578,138.8000030517578,136.10000610351562,136.3000030517578,6504497
2025-03-07 09:30:00,140.10000610351562,140.5,138.39999389648438,138.8000030517578,5851528
2025-03-07 10:30:00,139.10000610351562,140.8000030517578,138.89999389648438,140.1999969482422,4755697
2025-03-07 11:30:00,140.89999389648438,141.10000610351562,139.0,139.1999969482422,3830284
2025-03-07 12:30:00,140.6999969482422,141.5,140.1999969482422,140.89999389648438,2172608
2025-03-07 13:30:00,140.39999389648438,140.89999389648438,140.1999969482422,140.8000030517578,1889402
2025-03-07 14:30:00,141.3000030517578,141.39999389648438,140.10000610351562,140.39999389648438,2998142
2025-03-07 15:30:00,140.6999969482422,141.5,140.39999389648438,141.39999389648438,1876283
2025-03-07 16:30:00,141.10000610351562,141.5,140.3000030517578,140.60000610351562,4193632
2025-03-10 09:30:00,141.10000610351562,142.5,140.3000030517578,142.1999969482422,3371196
2025-03-10 10:30:00,141.60000610351562,142.60000610351562,140.8000030517578,141.0,4903155
2025-03-10 11:30:00,140.8000030517578,141.6999969482422,140.8000030517578,141.5,1807925
2025-03-10 12:30:00,140.60000610351562,141.1999969482422,140.60000610351562,140.89999389648438,1080769
2025-03-10 13:30:00,141.10000610351562,141.3000030517578,140.60000610351562,140.6999969482422,960911
2025-03-10 14:30:00,141.10000610351562,141.3000030517578,140.8000030517578,141.10000610351562,1222518
2025-03-10 15:30:00,141.3000030517578,141.8000030517578,141.0,141.10000610351562,2221586
2025-03-10 16:30:00,140.5,141.5,140.5,141.3000030517578,1704532
2025-03-11 09:30:00,138.5,141.60000610351562,138.10000610351562,141.0,3976200
2025-03-11 10:30:00,139.0,139.1999969482422,137.6999969482422,138.60000610351562,2929536
2025-03-11 11:30:00,139.10000610351562,139.60000610351562,138.8000030517578,138.89999389648438,1805489
2025-03-11 12:30:00,139.10000610351562,139.1999969482422,138.6999969482422,139.10000610351562,680400
2025-03-11 13:30:00,139.39999389648438,139.6999969482422,139.0,139.10000610351562,769686
2025-03-11 14:30:00,139.10000610351562,139.89999389648438,138.89999389648438,139.3000030517578,1310361
2025-03-11 15:30:00,137.60000610351562,139.10000610351562,137.5,139.0,2267542
2025-03-11 16:30:00,137.0,139.1999969482422,136.89999389648438,137.6999969482422,3668916
2025-03-12 09:30:00,139.5,139.8000030517578,137.39999389648438,137.60000610351562,4724544
2025-03-12 10:30:00,139.60000610351562,140.5,139.1999969482422,139.60000610351562,4064477
2025-03-12 11:30:00,142.10000610351562,142.10000610351562,139.5,139.60000610351562,6729254
2025-03-12 12:30:00,142.89999389648438,143.89999389648438,141.89999389648438,142.0,9478071
2025-03-12 13:30:00,143.5,143.6999969482422,142.8000030517578,143.0,2412391
2025-03-12 14:30:00,143.89999389648438,144.5,143.10000610351562,143.60000610351562,3165682
2025-03-12 15:30:00,143.1999969482422,144.60000610351562,142.89999389648438,144.0,3209202
2025-03-12 16:30:00,143.5,144.1999969482422,142.89999389648438,143.10000610351562,3624137
2025-03-13 09:30:00,143.8000030517578,144.5,143.1999969482422,144.0,3014600
2025-03-13 10:30:00,144.10000610351562,144.1999969482422,143.5,143.8000030517578,775487
2025-03-13 11:30:00,143.6999969482422,144.3000030517578,143.39999389648438,144.10000610351562,1658547
2025-03-13 12:30:00,143.1999969482422,143.8000030517578,142.1999969482422,143.60000610351562,2409578
2025-03-13 13:30:00,143.6999969482422,144.1999969482422,143.0,143.1999969482422,2487849
2025-03-13 14:30:00,143.3000030517578,144.0,143.1999969482422,143.8000030517578,1062266
2025-03-13 15:30:00,142.89999389648438,143.60000610351562,142.39999389648438,143.39999389648438,1733824
2025-03-13 16:30:00,143.1999969482422,143.6999969482422,142.60000610351562,142.89999389648438,1806021
2025-03-14 09:30:00,143.1999969482422,144.5,142.60000610351562,143.6999969482422,3277411
2025-03-14 10:30:00,143.6999969482422,143.8000030517578,142.8000030517578,143.1999969482422,2950064
2025-03-14 11:30:00,142.89999389648438,143.6999969482422,142.8000030517578,143.6999969482422,2867517
2025-03-14 12:30:00,143.0,143.10000610351562,142.8000030517578,142.89999389648438,1232950
2025-03-14 13:30:00,143.3000030517578,143.3000030517578,142.8000030517578,143.0,1585286
2025-03-14 14:30:00,143.5,143.60000610351562,142.89999389648438,143.3000030517578,1547106
2025-03-14 15:30:00,142.6999969482422,143.5,142.60000610351562,143.5,2203816
2025-03-14 16:30:00,143.89999389648438,144.1999969482422,142.39999389648438,142.6999969482422,7118426
2025-03-17 09:30:00,144.60000610351562,144.89999389648438,143.39999389648438,143.60000610351562,4702535
2025-03-17 10:30:00,143.8000030517578,145.60000610351562,143.1999969482422,144.60000610351562,5731925
2025-03-17 11:30:00,143.89999389648438,144.1999969482422,143.60000610351562,143.8000030517578,1136905
2025-03-17 12:30:00,143.5,144.0,143.5,143.89999389648438,807680
2025-03-17 13:30:00,143.39999389648438,143.60000610351562,143.0,143.5,2096419
2025-03-17 14:30:00,143.0,143.60000610351562,143.0,143.39999389648438,1448338
2025-03-17 15:30:00,142.39999389648438,143.1999969482422,142.0,143.0,3048590
2025-03-17 16:30:00,142.5,143.3000030517578,142.10000610351562,142.5,3277852
2025-03-18 09:30:00,141.0,142.6999969482422,140.60000610351562,142.3000030517578,4692450
2025-03-18 10:30:00,140.5,141.39999389648438,140.39999389648438,141.0,2864986
2025-03-18 11:30:00,141.10000610351562,141.1999969482422,140.3000030517578,140.60000610351562,2175991
2025-03-18 12:30:00,141.3000030517578,141.5,140.8000030517578,141.10000610351562,2747001
2025-03-18 13:30:00,140.8000030517578,141.3000030517578,140.8000030517578,141.3000030517578,2705079
2025-03-18 14:30:00,140.5,140.89999389648438,140.39999389648438,140.8000030517578,1818785
2025-03-18 15:30:00,140.0,140.60000610351562,139.1999969482422,140.60000610351562,2662238
2025-03-18 16:30:00,140.10000610351562,140.39999389648438,139.6999969482422,140.0,1753062
2025-03-19 09:30:00,130.1999969482422,130.1999969482422,130.1999969482422,130.1999969482422,275696
2025-03-19 10:30:00,128.89999389648438,132.1999969482422,127.19999694824219,130.3000030517578,16612553
2025-03-19 11:30:00,127.80000305175781,129.0,127.0,128.89999389648438,4996941
2025-03-19 12:30:00,126.0,127.9000015258789,126.0,127.80000305175781,4132709
2025-03-19 13:30:00,125.80000305175781,126.4000015258789,125.80000305175781,126.0999984741211,1885181
2025-03-19 14:30:00,125.5999984741211,127.4000015258789,125.4000015258789,125.9000015258789,4879012
2025-03-19 15:30:00,125.4000015258789,126.0,125.30000305175781,125.5999984741211,6224097
2025-03-19 16:30:00,125.30000305175781,125.4000015258789,125.30000305175781,125.4000015258789,1501160
2025-03-20 09:30:00,121.69999694824219,124.9000015258789,118.5999984741211,124.30000305175781,10487780
2025-03-20 10:30:00,123.80000305175781,127.19999694824219,121.5999984741211,121.69999694824219,16779334
2025-03-20 11:30:00,121.80000305175781,124.5,121.80000305175781,123.80000305175781,7086029
2025-03-20 12:30:00,120.19999694824219,122.19999694824219,120.0,121.9000015258789,5894342
2025-03-20 13:30:00,119.5,121.19999694824219,118.9000015258789,120.0999984741211,7024458
2025-03-20 14:30:00,120.19999694824219,120.5999984741211,119.19999694824219,119.5,3147047
2025-03-20 15:30:00,115.0999984741211,120.5,114.9000015258789,120.19999694824219,6709797
2025-03-20 16:30:00,116.30000305175781,118.5,114.80000305175781,115.0,7392371
2025-03-21 09:30:00,111.5,116.69999694824219,111.0,115.30000305175781,9967267
2025-03-21 10:30:00,106.5,111.9000015258789,106.30000305175781,111.30000305175781,5477277
2025-03-21 11:30:00,107.30000305175781,108.0999984741211,105.5,106.0,7715927
2025-03-21 12:30:00,109.19999694824219,109.5,106.9000015258789,107.4000015258789,4786743
2025-03-21 13:30:00,109.9000015258789,110.69999694824219,108.9000015258789,109.19999694824219,4001975
2025-03-21 14:30:00,107.5999984741211,110.0,107.19999694824219,109.9000015258789,3582865
2025-03-21 15:30:00,107.19999694824219,108.19999694824219,106.5999984741211,107.5999984741211,5554683
2025-03-21 16:30:00,108.0999984741211,108.30000305175781,106.0,107.19999694824219,4853777
2025-03-24 09:30:00,113.19999694824219,115.0,110.5,112.4000015258789,9174131
2025-03-24 10:30:00,113.4000015258789,114.0999984741211,112.0999984741211,113.0999984741211,7698367
2025-03-24 11:30:00,112.9000015258789,113.5999984741211,112.5999984741211,113.5,2959136
2025-03-24 12:30:00,112.0,112.9000015258789,111.0,112.80000305175781,5766817
2025-03-24 13:30:00,107.9000015258789,112.5999984741211,107.30000305175781,112.0,10746582
2025-03-24 14:30:00,109.9000015258789,111.0999984741211,106.5999984741211,107.80000305175781,9405338
2025-03-24 15:30:00,109.5999984741211,110.9000015258789,109.19999694824219,109.9000015258789,4029316
2025-03-24 16:30:00,109.80000305175781,110.5,107.4000015258789,109.5999984741211,5159930
2025-03-25 09:30:00,114.9000015258789,115.0999984741211,112.0,114.0999984741211,6133717
2025-03-25 10:30:00,115.0,115.5999984741211,114.4000015258789,114.9000015258789,4028564
2025-03-25 11:30:00,117.19999694824219,118.0,114.5999984741211,115.0999984741211,6253326
2025-03-25 12:30:00,118.5,119.80000305175781,117.0,117.19999694824219,7836992
2025-03-25 13:30:00,118.5999984741211,119.69999694824219,117.5,118.4000015258789,4123516
2025-03-25 14:30:00,118.69999694824219,119.4000015258789,118.5,118.5999984741211,2810345
2025-03-25 15:30:00,118.5,118.80000305175781,117.19999694824219,118.69999694824219,2522359
2025-03-25 16:30:00,118.9000015258789,119.5999984741211,117.69999694824219,118.5,3255358
2025-03-26 09:30:00,117.69999694824219,119.0999984741211,116.5999984741211,117.0,4820698
2025-03-26 10:30:00,118.4000015258789,118.5,116.19999694824219,117.80000305175781,4291529
2025-03-26 11:30:00,118.30000305175781,118.80000305175781,117.69999694824219,118.4000015258789,2512438
2025-03-26 12:30:00,117.80000305175781,118.5999984741211,117.69999694824219,118.30000305175781,1684629
2025-03-26 13:30:00,118.5,119.0,117.69999694824219,117.9000015258789,2589348
2025-03-26 14:30:00,118.5999984741211,119.9000015258789,118.0,118.4000015258789,4304769
2025-03-26 15:30:00,118.0,118.9000015258789,116.5999984741211,118.5999984741211,3343110
2025-03-26 16:30:00,119.4000015258789,119.5999984741211,117.9000015258789,118.0,3218806
2025-03-27 09:30:00,122.0999984741211,123.30000305175781,121.5,121.5,4360869
2025-03-27 10:30:00,122.30000305175781,123.69999694824219,122.0,122.0999984741211,4567792
2025-03-27 11:30:00,121.19999694824219,122.5,120.69999694824219,122.30000305175781,4156573
2025-03-27 12:30:00,120.5,121.9000015258789,120.0999984741211,121.19999694824219,1442550
2025-03-27 13:30:00,122.19999694824219,122.30000305175781,119.69999694824219,120.5,3276100
2025-03-27 14:30:00,122.0999984741211,122.80000305175781,121.19999694824219,122.19999694824219,2742264
2025-03-27 15:30:00,121.5999984741211,122.4000015258789,121.5,122.0999984741211,1682411
2025-03-27 16:30:00,121.80000305175781,122.4000015258789,121.19999694824219,121.5999984741211,1254527
2025-03-28 09:30:00,117.4000015258789,119.5,117.0999984741211,119.4000015258789,3064966
2025-03-28 10:30:00,116.5999984741211,117.5999984741211,116.4000015258789,117.4000015258789,2865354
2025-03-28 11:30:00,116.5,117.30000305175781,116.4000015258789,116.5,1769924
2025-03-28 12:30:00,115.80000305175781,117.19999694824219,115.5999984741211,116.5999984741211,1818066
2025-03-28 13:30:00,116.5999984741211,116.80000305175781,115.4000015258789,115.69999694824219,1902669
2025-03-28 14:30:00,117.5,118.19999694824219,116.0,116.5999984741211,3104109
2025-03-28 15:30:00,116.9000015258789,117.69999694824219,116.4000015258789,117.5,2336623
2025-03-28 16:30:00,117.5999984741211,118.30000305175781,116.5999984741211,116.80000305175781,3214444
2025-04-02 09:30:00,117.0999984741211,117.80000305175781,116.0,116.5999984741211,0
2025-04-02 10:30:00,117.69999694824219,118.0999984741211,117.0,117.0999984741211,3485962
2025-04-02 11:30:00,117.5,118.0,117.30000305175781,117.69999694824219,1845093
2025-04-02 12:30:00,117.5,118.0,117.4000015258789,117.4000015258789,1445048
2025-04-02 13:30:00,116.9000015258789,117.5,116.19999694824219,117.5,2059890
2025-04-02 14:30:00,116.80000305175781,117.0,116.5,116.80000305175781,638051
2025-04-02 15:30:00,116.5,117.0999984741211,116.30000305175781,116.80000305175781,1599703
2025-04-02 16:30:00,117.5,117.5999984741211,116.4000015258789,116.5,3739541
2025-04-02 17:30:00,117.4000015258789,117.9000015258789,116.9000015258789,117.5,2153051
2025-04-03 09:30:00,117.9000015258789,119.0999984741211,117.19999694824219,117.30000305175781,0
2025-04-03 10:30:00,117.69999694824219,118.30000305175781,117.30000305175781,117.9000015258789,3343755
2025-04-03 11:30:00,117.5999984741211,117.9000015258789,117.4000015258789,117.69999694824219,1279004
2025-04-03 12:30:00,117.4000015258789,117.5999984741211,117.30000305175781,117.5999984741211,651168
2025-04-03 13:30:00,116.5999984741211,117.5,116.4000015258789,117.30000305175781,1920411
2025-04-03 14:30:00,116.5,116.5999984741211,116.0999984741211,116.5999984741211,1383867
2025-04-03 15:30:00,114.5,116.5,113.5999984741211,116.4000015258789,4750745
2025-04-03 16:30:00,114.80000305175781,115.30000305175781,114.30000305175781,114.4000015258789,2619700
2025-04-03 17:30:00,114.19999694824219,115.19999694824219,114.0,114.9000015258789,1785423
2025-04-04 09:30:00,112.4000015258789,114.0,112.0,113.69999694824219,0
2025-04-04 10:30:00,112.0,112.9000015258789,111.69999694824219,112.30000305175781,3363892
2025-04-04 11:30:00,112.0,112.5999984741211,111.80000305175781,112.0,1684697
2025-04-04 12:30:00,111.80000305175781,112.9000015258789,111.80000305175781,112.0,2535769
2025-04-04 13:30:00,110.69999694824219,112.0999984741211,110.5,111.80000305175781,2436685
2025-04-04 14:30:00,111.0999984741211,111.30000305175781,110.19999694824219,110.80000305175781,2809551
2025-04-04 15:30:00,110.9000015258789,111.5,110.5,111.0999984741211,2597123
2025-04-04 16:30:00,110.4000015258789,111.0,110.0,110.9000015258789,2660735
2025-04-04 17:30:00,111.0,111.30000305175781,110.0999984741211,110.4000015258789,2770758
2025-04-07 09:30:00,107.5,107.69999694824219,104.80000305175781,105.69999694824219,0
2025-04-07 10:30:00,106.69999694824219,107.5,106.69999694824219,107.5,3205113
2025-04-07 11:30:00,106.4000015258789,107.0,106.0999984741211,106.69999694824219,1769775
2025-04-07 12:30:00,106.80000305175781,107.0999984741211,106.0999984741211,106.4000015258789,1965864
2025-04-07 13:30:00,107.19999694824219,107.9000015258789,106.5999984741211,106.69999694824219,2469448
2025-04-07 14:30:00,107.69999694824219,108.0999984741211,106.80000305175781,107.19999694824219,1773000
2025-04-07 15:30:00,108.19999694824219,109.5999984741211,107.4000015258789,107.69999694824219,4270466
2025-04-07 16:30:00,110.19999694824219,111.19999694824219,107.5,108.19999694824219,11400028
2025-04-07 17:30:00,109.5,110.30000305175781,108.30000305175781,110.19999694824219,3563563
2025-04-08 09:30:00,110.19999694824219,111.9000015258789,110.0999984741211,111.80000305175781,0
2025-04-08 10:30:00,109.5,110.5999984741211,109.30000305175781,110.30000305175781,2246804
2025-04-08 11:30:00,109.4000015258789,109.80000305175781,109.30000305175781,109.4000015258789,1255325
2025-04-08 12:30:00,108.69999694824219,109.69999694824219,108.5999984741211,109.30000305175781,1270769
2025-04-08 13:30:00,108.9000015258789,109.30000305175781,108.4000015258789,108.5999984741211,1392111
2025-04-08 14:30:00,110.19999694824219,110.19999694824219,108.5999984741211,108.9000015258789,2233794
2025-04-08 15:30:00,110.9000015258789,110.9000015258789,109.5,110.19999694824219,2153086
2025-04-08 16:30:00,110.5999984741211,111.30000305175781,110.4000015258789,110.80000305175781,3405452
2025-04-08 17:30:00,110.4000015258789,111.0,110.30000305175781,110.5,2259083
2025-04-09 09:30:00,109.5,109.80000305175781,108.5,108.80000305175781,0
2025-04-09 10:30:00,108.80000305175781,109.5999984741211,108.69999694824219,109.5999984741211,1401688
2025-04-09 11:30:00,108.69999694824219,109.0,108.5,108.69999694824219,726443
2025-04-09 12:30:00,108.30000305175781,108.80000305175781,108.0999984741211,108.80000305175781,903569
2025-04-09 13:30:00,106.5,108.5,106.30000305175781,108.30000305175781,4214427
2025-04-09 14:30:00,105.9000015258789,106.80000305175781,105.5,106.5,4658941
2025-04-09 15:30:00,106.0,107.0,105.80000305175781,105.80000305175781,2182184
2025-04-09 16:30:00,106.0,107.19999694824219,105.9000015258789,106.0,3535408
2025-04-09 17:30:00,105.80000305175781,106.5,105.5,106.0999984741211,2482722
2025-04-10 09:30:00,109.19999694824219,111.0999984741211,109.0,110.80000305175781,0
2025-04-10 10:30:00,108.4000015258789,109.5,108.30000305175781,109.30000305175781,3000756
2025-04-10 11:30:00,108.30000305175781,108.69999694824219,108.19999694824219,108.4000015258789,1058304
2025-04-10 12:30:00,108.4000015258789,108.69999694824219,108.0999984741211,108.30000305175781,853456
2025-04-10 13:30:00,107.0,108.5,107.0,108.4000015258789,1894738
2025-04-10 14:30:00,107.80000305175781,108.0999984741211,106.9000015258789,107.0999984741211,1879263
2025-04-10 15:30:00,107.80000305175781,108.30000305175781,107.5999984741211,107.80000305175781,1545703
2025-04-10 16:30:00,105.5999984741211,107.9000015258789,105.30000305175781,107.80000305175781,3425728
2025-04-10 17:30:00,105.69999694824219,106.5,105.5,105.5,1922415
2025-04-11 09:30:00,104.19999694824219,105.5999984741211,103.9000015258789,105.30000305175781,0
2025-04-11 10:30:00,103.4000015258789,104.5,102.5999984741211,104.19999694824219,3067989
2025-04-11 11:30:00,104.69999694824219,105.30000305175781,102.69999694824219,103.4000015258789,3731652
2025-04-11 12:30:00,105.69999694824219,106.19999694824219,104.5,104.69999694824219,2405702
2025-04-11 13:30:00,106.30000305175781,108.30000305175781,105.4000015258789,105.80000305175781,5076333
2025-04-11 14:30:00,107.0999984741211,107.19999694824219,106.19999694824219,106.4000015258789,1576925
2025-04-11 15:30:00,106.30000305175781,107.30000305175781,106.19999694824219,107.0999984741211,1452353
2025-04-11 16:30:00,106.4000015258789,108.0,105.9000015258789,106.4000015258789,3797696
2025-04-11 17:30:00,107.4000015258789,107.5,106.4000015258789,106.4000015258789,1544270
2025-04-14 09:30:00,108.5,109.0999984741211,108.19999694824219,108.9000015258789,0
2025-04-14 10:30:00,108.19999694824219,109.0,108.0,108.5,2399189
2025-04-14 11:30:00,107.5999984741211,108.4000015258789,107.5999984741211,108.19999694824219,1166142
2025-04-14 12:30:00,107.69999694824219,108.0,107.4000015258789,107.5999984741211,968285
2025-04-14 13:30:00,108.0999984741211,108.0999984741211,107.5999984741211,107.69999694824219,727930
2025-04-14 14:30:00,107.69999694824219,108.30000305175781,107.30000305175781,108.0999984741211,1830473
2025-04-14 15:30:00,107.5,107.80000305175781,107.19999694824219,107.69999694824219,917283
2025-04-14 16:30:00,106.80000305175781,107.5,106.4000015258789,107.4000015258789,1839775
2025-04-14 17:30:00,106.80000305175781,107.5999984741211,106.69999694824219,106.9000015258789,1558573
2025-04-15 09:30:00,107.0,107.5,106.30000305175781,107.0999984741211,0
2025-04-15 10:30:00,107.0,107.4000015258789,106.5,107.0,1633177
2025-04-15 11:30:00,107.30000305175781,107.5999984741211,106.9000015258789,107.0,2560562
2025-04-15 12:30:00,107.30000305175781,108.0,107.19999694824219,107.30000305175781,3382713
2025-04-15 13:30:00,107.69999694824219,107.9000015258789,106.69999694824219,107.30000305175781,2437038
2025-04-15 14:30:00,107.0999984741211,107.9000015258789,106.9000015258789,107.69999694824219,1746261
2025-04-15 15:30:00,106.80000305175781,107.4000015258789,106.69999694824219,107.0999984741211,1306654
2025-04-15 16:30:00,105.80000305175781,106.9000015258789,105.69999694824219,106.80000305175781,2593084
2025-04-15 17:30:00,106.0,106.30000305175781,105.69999694824219,105.80000305175781,1682009
2025-04-16 09:30:00,104.30000305175781,105.80000305175781,104.19999694824219,105.0,0
2025-04-16 10:30:00,103.9000015258789,104.5,103.19999694824219,104.30000305175781,3458488
2025-04-16 11:30:00,104.0999984741211,104.80000305175781,103.5,103.9000015258789,2660721
2025-04-16 12:30:00,103.80000305175781,104.30000305175781,103.69999694824219,104.0999984741211,1334967
2025-04-16 13:30:00,103.9000015258789,104.0999984741211,103.4000015258789,103.9000015258789,1604122
2025-04-16 14:30:00,104.0,104.30000305175781,103.80000305175781,104.0,1062348
2025-04-16 15:30:00,104.4000015258789,104.5,103.69999694824219,104.0,1842524
2025-04-16 16:30:00,104.5,105.0999984741211,104.19999694824219,104.5,4140199
2025-04-16 17:30:00,105.69999694824219,106.19999694824219,104.5,104.5999984741211,4383922
2025-04-17 09:30:00,106.69999694824219,106.80000305175781,105.69999694824219,105.69999694824219,0
2025-04-17 10:30:00,107.0999984741211,107.9000015258789,106.69999694824219,106.69999694824219,5917755
2025-04-17 11:30:00,106.69999694824219,107.30000305175781,106.5,107.0999984741211,1875266
2025-04-17 12:30:00,107.5,107.80000305175781,106.5999984741211,106.5999984741211,2295712
2025-04-17 13:30:00,108.4000015258789,109.0,106.5,107.5999984741211,10542909
2025-04-17 14:30:00,106.0999984741211,108.4000015258789,105.9000015258789,108.4000015258789,5300427
2025-04-17 15:30:00,106.0,107.4000015258789,105.80000305175781,106.0999984741211,6678880
2025-04-17 16:30:00,105.30000305175781,106.30000305175781,104.5999984741211,106.0999984741211,6655117
2025-04-17 17:30:00,104.9000015258789,105.30000305175781,104.69999694824219,105.30000305175781,1875334
2025-04-18 09:30:00,103.9000015258789,105.19999694824219,103.5,105.0,0
2025-04-18 10:30:00,104.4000015258789,104.5999984741211,103.9000015258789,103.9000015258789,1281114
2025-04-18 11:30:00,104.0,104.5,103.80000305175781,104.4000015258789,1064982
2025-04-18 12:30:00,103.9000015258789,104.0999984741211,103.80000305175781,103.9000015258789,563840
2025-04-18 13:30:00,102.5999984741211,103.80000305175781,102.5,103.80000305175781,2924345
2025-04-18 14:30:00,102.19999694824219,102.9000015258789,101.4000015258789,102.5,3460184
2025-04-18 15:30:00,102.9000015258789,103.0999984741211,102.0999984741211,102.19999694824219,1415511
2025-04-18 16:30:00,102.9000015258789,103.19999694824219,102.4000015258789,102.80000305175781,1918130
2025-04-18 17:30:00,102.5999984741211,103.0999984741211,102.30000305175781,102.80000305175781,1781842
2025-04-21 09:30:00,101.5999984741211,102.69999694824219,101.30000305175781,102.5,0
2025-04-21 10:30:00,102.5,103.69999694824219,101.5999984741211,101.69999694824219,5900769
2025-04-21 11:30:00,101.80000305175781,102.69999694824219,101.80000305175781,102.5999984741211,1247810
2025-04-21 12:30:00,102.0,102.19999694824219,101.80000305175781,101.9000015258789,809623
2025-04-21 13:30:00,102.5,102.5999984741211,101.5999984741211,102.0,2298353
2025-04-21 14:30:00,103.80000305175781,104.0,102.5,102.5,5388712
2025-04-21 15:30:00,103.9000015258789,106.30000305175781,103.5,103.9000015258789,12383002
2025-04-21 16:30:00,102.0999984741211,104.19999694824219,102.0,103.80000305175781,5082309
2025-04-21 17:30:00,102.19999694824219,102.5999984741211,101.5,102.0,3866938
2025-04-22 09:30:00,102.5999984741211,103.4000015258789,102.19999694824219,103.19999694824219,0
2025-04-22 10:30:00,102.19999694824219,103.0,102.0,102.5999984741211,2297731
2025-04-22 11:30:00,102.4000015258789,102.69999694824219,102.0,102.30000305175781,1326568
2025-04-22 12:30:00,102.4000015258789,102.80000305175781,102.0,102.30000305175781,1860535
2025-04-22 13:30:00,102.4000015258789,102.5999984741211,102.0999984741211,102.4000015258789,906041
2025-04-22 14:30:00,101.80000305175781,102.4000015258789,101.69999694824219,102.30000305175781,1525439
2025-04-22 15:30:00,101.9000015258789,102.0999984741211,101.5999984741211,101.80000305175781,1531262
2025-04-22 16:30:00,101.69999694824219,102.30000305175781,101.69999694824219,101.9000015258789,2374891
2025-04-22 17:30:00,101.30000305175781,102.30000305175781,101.19999694824219,101.69999694824219,3499098
2025-04-24 09:30:00,101.5,102.0,101.4000015258789,101.5,0
2025-04-24 10:30:00,101.4000015258789,101.9000015258789,101.30000305175781,101.5,1777588
2025-04-24 11:30:00,101.30000305175781,101.69999694824219,101.0999984741211,101.4000015258789,1517613
2025-04-24 12:30:00,100.80000305175781,101.30000305175781,100.69999694824219,101.30000305175781,1272597
2025-04-24 13:30:00,100.69999694824219,101.0999984741211,100.0,100.69999694824219,2738377
2025-04-24 14:30:00,101.19999694824219,101.30000305175781,100.5999984741211,100.69999694824219,2040132
2025-04-24 15:30:00,103.19999694824219,103.30000305175781,101.19999694824219,101.19999694824219,7244851
2025-04-24 16:30:00,104.0,104.0999984741211,102.80000305175781,103.0999984741211,6592373
2025-04-24 17:30:00,104.0999984741211,104.5999984741211,104.0,104.0,3818787
2025-04-25 09:30:00,104.5,105.4000015258789,104.30000305175781,104.9000015258789,0
2025-04-25 10:30:00,104.80000305175781,105.5,104.4000015258789,104.5,4793199
2025-04-25 11:30:00,104.80000305175781,105.19999694824219,104.5999984741211,104.9000015258789,1214836
2025-04-25 12:30:00,104.19999694824219,105.0,104.0999984741211,104.80000305175781,1347912
2025-04-25 13:30:00,103.9000015258789,104.30000305175781,103.5,104.0999984741211,1877112
2025-04-25 14:30:00,103.0,104.0,102.9000015258789,104.0,1739197
2025-04-25 15:30:00,103.5999984741211,103.9000015258789,103.0,103.0,1295866
2025-04-25 16:30:00,103.0999984741211,103.69999694824219,103.0,103.5999984741211,1346667
2025-04-25 17:30:00,102.5999984741211,103.5,102.5,103.0999984741211,1960235
2025-04-28 09:30:00,102.5,103.80000305175781,102.30000305175781,103.0999984741211,0
2025-04-28 10:30:00,102.69999694824219,104.0,102.19999694824219,102.4000015258789,3227171
2025-04-28 11:30:00,102.4000015258789,103.0999984741211,102.0,102.69999694824219,2093496
2025-04-28 12:30:00,102.0,102.80000305175781,101.80000305175781,102.30000305175781,1651568
2025-04-28 13:30:00,101.5,102.19999694824219,101.0999984741211,102.0,2602647
2025-04-28 14:30:00,101.9000015258789,102.19999694824219,101.19999694824219,101.5,1749669
2025-04-28 15:30:00,102.4000015258789,102.5999984741211,101.5999984741211,101.9000015258789,1647325
2025-04-28 16:30:00,102.4000015258789,103.19999694824219,102.30000305175781,102.5,2813036
2025-04-28 17:30:00,101.0999984741211,102.80000305175781,100.9000015258789,102.4000015258789,2783980
2025-04-29 09:30:00,102.30000305175781,102.5999984741211,100.80000305175781,101.19999694824219,0
2025-04-29 10:30:00,101.80000305175781,102.80000305175781,101.19999694824219,102.4000015258789,2681983
2025-04-29 11:30:00,102.19999694824219,102.5999984741211,101.69999694824219,101.80000305175781,2412737
2025-04-29 12:30:00,102.0999984741211,102.4000015258789,101.80000305175781,102.19999694824219,1113314
2025-04-29 13:30:00,101.4000015258789,102.19999694824219,101.30000305175781,102.0999984741211,1730474
2025-04-29 14:30:00,101.9000015258789,101.9000015258789,101.30000305175781,101.4000015258789,959981
2025-04-29 15:30:00,102.0,102.30000305175781,101.4000015258789,101.9000015258789,2326813
2025-04-29 16:30:00,101.5,102.30000305175781,101.0999984741211,101.9000015258789,2202628
2025-04-29 17:30:00,102.5999984741211,103.19999694824219,101.4000015258789,101.4000015258789,4378320
2025-04-30 09:30:00,101.80000305175781,102.80000305175781,101.30000305175781,102.4000015258789,0
2025-04-30 10:30:00,101.30000305175781,102.5999984741211,101.19999694824219,101.80000305175781,4046116
2025-04-30 11:30:00,101.30000305175781,101.69999694824219,101.0,101.4000015258789,2254832
2025-04-30 12:30:00,101.30000305175781,101.5999984741211,101.0999984741211,101.19999694824219,837799
2025-04-30 13:30:00,100.69999694824219,101.4000015258789,100.69999694824219,101.4000015258789,1920713
2025-04-30 14:30:00,102.30000305175781,102.5,100.5,100.80000305175781,5046032
2025-04-30 15:30:00,102.4000015258789,102.80000305175781,102.0,102.30000305175781,3885361
2025-04-30 16:30:00,102.5,102.69999694824219,102.0,102.5,4270980
2025-04-30 17:30:00,102.5,102.9000015258789,102.0999984741211,102.5999984741211,4420934
2025-05-02 09:30:00,102.9000015258789,104.30000305175781,102.9000015258789,103.80000305175781,0
2025-05-02 10:30:00,104.0999984741211,104.30000305175781,102.9000015258789,103.0,2336823
2025-05-02 11:30:00,103.9000015258789,104.30000305175781,103.5999984741211,104.0,1565083
2025-05-02 12:30:00,104.4000015258789,104.80000305175781,103.80000305175781,103.9000015258789,3160435
2025-05-02 13:30:00,103.80000305175781,104.5,103.69999694824219,104.30000305175781,1159850
2025-05-02 14:30:00,104.0,104.4000015258789,103.80000305175781,103.80000305175781,1700003
2025-05-02 15:30:00,103.69999694824219,104.4000015258789,103.5999984741211,104.0,1857370
2025-05-02 16:30:00,103.19999694824219,103.69999694824219,103.0,103.69999694824219,2088853
2025-05-02 17:30:00,103.0999984741211,103.30000305175781,102.9000015258789,103.19999694824219,1883371
2025-05-05 09:30:00,102.30000305175781,104.4000015258789,102.0999984741211,104.30000305175781,0
2025-05-05 10:30:00,101.80000305175781,102.5999984741211,101.69999694824219,102.30000305175781,3256652
2025-05-05 11:30:00,101.9000015258789,102.0999984741211,101.5,101.80000305175781,1729122
2025-05-05 12:30:00,101.9000015258789,102.4000015258789,101.9000015258789,102.0,701502
2025-05-05 13:30:00,102.4000015258789,102.5999984741211,101.80000305175781,102.0,1074470
2025-05-05 14:30:00,102.30000305175781,102.5999984741211,101.9000015258789,102.5,796276
2025-05-05 15:30:00,101.80000305175781,102.4000015258789,101.69999694824219,102.30000305175781,1109322
2025-05-05 16:30:00,101.80000305175781,102.0,101.4000015258789,101.69999694824219,1842615
2025-05-05 17:30:00,101.30000305175781,101.80000305175781,101.19999694824219,101.69999694824219,1341354
2025-05-06 09:30:00,102.0999984741211,102.30000305175781,100.9000015258789,101.30000305175781,0
2025-05-06 10:30:00,102.19999694824219,103.0999984741211,101.9000015258789,102.0999984741211,4932920
2025-05-06 11:30:00,102.69999694824219,103.80000305175781,102.0,102.19999694824219,5260739
2025-05-06 12:30:00,103.0999984741211,103.0999984741211,102.5,102.69999694824219,1302060
2025-05-06 13:30:00,103.0,103.0999984741211,102.5999984741211,103.0999984741211,1789054
2025-05-06 14:30:00,102.4000015258789,103.0999984741211,102.0999984741211,102.9000015258789,3343385
2025-05-06 15:30:00,101.69999694824219,102.9000015258789,101.5999984741211,102.4000015258789,3030364
2025-05-06 16:30:00,101.69999694824219,101.80000305175781,101.0999984741211,101.5999984741211,2344047
2025-05-06 17:30:00,101.5999984741211,101.9000015258789,101.4000015258789,101.69999694824219,1761342
2025-05-07 09:30:00,101.0999984741211,101.80000305175781,100.80000305175781,101.5999984741211,0
2025-05-07 10:30:00,101.0,101.30000305175781,100.5,101.0999984741211,3194417
2025-05-07 11:30:00,101.19999694824219,101.5999984741211,100.9000015258789,101.0,2015264
2025-05-07 12:30:00,101.4000015258789,101.5999984741211,101.0999984741211,101.30000305175781,1532588
2025-05-07 13:30:00,100.9000015258789,101.5999984741211,100.80000305175781,101.4000015258789,1946321
2025-05-07 14:30:00,100.5,101.0,100.5,100.80000305175781,2358197
2025-05-07 15:30:00,99.75,100.5999984741211,99.69999694824219,100.5,3531384
2025-05-07 16:30:00,99.4000015258789,100.19999694824219,99.4000015258789,99.80000305175781,4633752
2025-05-07 17:30:00,99.75,100.30000305175781,99.25,99.3499984741211,4216657
2025-05-08 09:30:00,100.0999984741211,101.0,99.8499984741211,100.19999694824219,0
2025-05-08 10:30:00,100.0999984741211,100.30000305175781,99.5,100.0,3063379
2025-05-08 11:30:00,100.0999984741211,100.5999984741211,99.9000015258789,100.0999984741211,2531060
2025-05-08 12:30:00,100.4000015258789,100.69999694824219,100.0,100.0999984741211,1790438
2025-05-08 13:30:00,100.0999984741211,100.5,99.94999694824219,100.30000305175781,1542897
2025-05-08 14:30:00,100.4000015258789,100.80000305175781,99.8499984741211,100.0,3445795
2025-05-08 15:30:00,100.19999694824219,100.5,100.0,100.4000015258789,1446764
2025-05-08 16:30:00,101.0,101.30000305175781,100.0,100.19999694824219,3936614
2025-05-08 17:30:00,100.69999694824219,101.30000305175781,100.5,100.9000015258789,2572336
2025-05-09 09:30:00,99.75,100.80000305175781,99.5,100.80000305175781,0
2025-05-09 10:30:00,99.0999984741211,99.69999694824219,99.0,99.69999694824219,4308026
2025-05-09 11:30:00,99.1500015258789,99.19999694824219,98.75,99.0999984741211,2759860
2025-05-09 12:30:00,99.30000305175781,99.55000305175781,99.1500015258789,99.19999694824219,1744712
2025-05-09 13:30:00,99.8499984741211,100.19999694824219,99.25,99.30000305175781,3954880
2025-05-09 14:30:00,101.80000305175781,101.9000015258789,99.80000305175781,99.8499984741211,7198730
2025-05-09 15:30:00,101.69999694824219,102.0999984741211,101.19999694824219,101.80000305175781,6430953
2025-05-09 16:30:00,101.30000305175781,101.80000305175781,100.80000305175781,101.69999694824219,2797699
2025-05-09 17:30:00,101.19999694824219,101.5,101.0,101.19999694824219,1611434
2025-05-12 09:30:00,104.80000305175781,105.0,103.5999984741211,104.19999694824219,0
2025-05-12 10:30:00,104.5999984741211,105.30000305175781,104.5,104.80000305175781,5049221
2025-05-12 11:30:00,104.5999984741211,105.5,104.5,104.69999694824219,3447554
2025-05-12 12:30:00,104.5,104.80000305175781,104.19999694824219,104.5999984741211,1882429
2025-05-12 13:30:00,104.19999694824219,104.69999694824219,104.19999694824219,104.4000015258789,1013422
2025-05-12 14:30:00,104.9000015258789,105.0,104.19999694824219,104.19999694824219,2035090
2025-05-12 15:30:00,105.30000305175781,105.4000015258789,104.80000305175781,105.0,2472932
2025-05-12 16:30:00,105.80000305175781,106.30000305175781,105.0,105.30000305175781,4217666
2025-05-12 17:30:00,106.19999694824219,106.9000015258789,105.5999984741211,105.9000015258789,2998672
2025-05-13 09:30:00,107.80000305175781,108.4000015258789,105.9000015258789,106.0,0
2025-05-13 10:30:00,107.9000015258789,108.19999694824219,107.4000015258789,107.80000305175781,5201428
2025-05-13 11:30:00,108.69999694824219,108.80000305175781,107.80000305175781,107.80000305175781,5262487
2025-05-13 12:30:00,109.0999984741211,109.30000305175781,108.5,108.5999984741211,4709569
2025-05-13 13:30:00,108.5,109.19999694824219,108.19999694824219,109.0999984741211,1903874
2025-05-13 14:30:00,109.5,109.69999694824219,108.19999694824219,108.4000015258789,2390382
2025-05-13 15:30:00,109.30000305175781,109.5999984741211,108.80000305175781,109.4000015258789,1784311
2025-05-13 16:30:00,109.9000015258789,110.30000305175781,109.19999694824219,109.19999694824219,3744083
2025-05-13 17:30:00,109.5999984741211,109.9000015258789,109.5,109.9000015258789,2086010
2025-05-14 09:30:00,110.4000015258789,110.4000015258789,108.4000015258789,109.0,0
2025-05-14 10:30:00,111.69999694824219,112.0,110.19999694824219,110.30000305175781,5784788
2025-05-14 11:30:00,112.19999694824219,112.4000015258789,111.0999984741211,111.69999694824219,3500476
2025-05-14 12:30:00,113.19999694824219,113.80000305175781,111.80000305175781,112.19999694824219,4670551
2025-05-14 13:30:00,113.5999984741211,114.30000305175781,113.0,113.0999984741211,3122478
2025-05-14 14:30:00,114.19999694824219,114.19999694824219,113.30000305175781,113.5,1872498
2025-05-14 15:30:00,113.80000305175781,114.4000015258789,113.5999984741211,114.0999984741211,2184365
2025-05-14 16:30:00,113.0,114.0,112.69999694824219,113.80000305175781,1949121
2025-05-14 17:30:00,113.4000015258789,113.80000305175781,112.9000015258789,113.0,2055006
2025-05-15 09:30:00,112.5,114.5,112.5,113.4000015258789,0
2025-05-15 10:30:00,111.80000305175781,113.0,111.69999694824219,112.5,2839887
2025-05-15 11:30:00,111.5999984741211,112.0999984741211,111.5,111.80000305175781,1221870
2025-05-15 12:30:00,112.9000015258789,113.0999984741211,111.19999694824219,111.5,1655339
2025-05-15 13:30:00,110.69999694824219,113.0,109.5,112.9000015258789,3118939
2025-05-15 14:30:00,110.69999694824219,111.0,110.0,110.5999984741211,1607805
2025-05-15 15:30:00,111.0,111.19999694824219,110.4000015258789,110.5999984741211,1037183
2025-05-15 16:30:00,109.9000015258789,111.0999984741211,109.5999984741211,111.0,2328855
2025-05-15 17:30:00,109.9000015258789,110.4000015258789,109.4000015258789,109.80000305175781,1749078
2025-05-16 09:30:00,111.69999694824219,112.5,110.0999984741211,110.0999984741211,0
2025-05-16 10:30:00,111.0999984741211,112.0,110.80000305175781,111.69999694824219,1789941
2025-05-16 11:30:00,110.9000015258789,111.5999984741211,110.80000305175781,111.19999694824219,1051364
2025-05-16 12:30:00,110.0999984741211,111.0,109.9000015258789,110.9000015258789,1333031
2025-05-16 13:30:00,110.0,110.4000015258789,109.69999694824219,110.0,1044885
2025-05-16 14:30:00,110.19999694824219,110.4000015258789,109.9000015258789,110.0999984741211,561025
2025-05-16 15:30:00,110.80000305175781,110.9000015258789,109.0,110.19999694824219,2403291
2025-05-16 16:30:00,112.80000305175781,112.9000015258789,110.80000305175781,110.80000305175781,3967521
2025-05-16 17:30:00,112.9000015258789,114.0,112.19999694824219,112.80000305175781,4871193
2025-05-20 09:30:00,113.80000305175781,114.4000015258789,112.19999694824219,113.30000305175781,0
2025-05-20 10:30:00,114.0999984741211,114.4000015258789,112.9000015258789,113.80000305175781,4933010
2025-05-20 11:30:00,113.19999694824219,114.19999694824219,113.19999694824219,114.19999694824219,2456048
2025-05-20 12:30:00,113.5999984741211,114.0,113.0,113.19999694824219,1376019
2025-05-20 13:30:00,113.9000015258789,114.19999694824219,113.30000305175781,113.5,1390267
2025-05-20 14:30:00,113.5,114.30000305175781,113.5,113.9000015258789,1391739
2025-05-20 15:30:00,113.9000015258789,114.0999984741211,113.19999694824219,113.5999984741211,2150456
2025-05-20 16:30:00,112.9000015258789,113.9000015258789,112.19999694824219,113.80000305175781,2541805
2025-05-20 17:30:00,112.5999984741211,113.5999984741211,112.30000305175781,113.0,2014089
2025-05-21 09:30:00,112.0999984741211,113.30000305175781,111.4000015258789,111.5999984741211,0
2025-05-21 10:30:00,113.4000015258789,113.69999694824219,112.0,112.0,2517159
2025-05-21 11:30:00,113.0,113.5999984741211,112.9000015258789,113.4000015258789,1624356
2025-05-21 12:30:00,112.80000305175781,113.30000305175781,112.4000015258789,113.0,940718
2025-05-21 13:30:00,112.69999694824219,113.0999984741211,112.5,112.80000305175781,653830
2025-05-21 14:30:00,112.4000015258789,113.0999984741211,112.30000305175781,112.5999984741211,1314459
2025-05-21 15:30:00,112.30000305175781,112.69999694824219,111.5999984741211,112.5,2181941
2025-05-21 16:30:00,111.5999984741211,113.0,111.4000015258789,112.19999694824219,1696091
2025-05-21 17:30:00,111.19999694824219,111.80000305175781,111.0,111.5999984741211,2218445
2025-05-22 09:30:00,112.5999984741211,113.19999694824219,112.0,112.0999984741211,0
2025-05-22 10:30:00,113.0,113.19999694824219,112.0999984741211,112.5999984741211,2684243
2025-05-22 11:30:00,113.5,114.4000015258789,113.0,113.0,5241118
2025-05-22 12:30:00,113.0999984741211,113.69999694824219,113.0,113.5,931682
2025-05-22 13:30:00,112.30000305175781,113.0999984741211,111.69999694824219,113.0,1964466
2025-05-22 14:30:00,111.69999694824219,112.5,111.0,112.30000305175781,3191841
2025-05-22 15:30:00,112.9000015258789,113.5,111.5,111.5999984741211,6093540
2025-05-22 16:30:00,112.5999984741211,113.19999694824219,112.30000305175781,113.0,1652521
2025-05-22 17:30:00,112.4000015258789,113.0999984741211,112.30000305175781,112.5999984741211,1325703
2025-05-23 09:30:00,111.9000015258789,112.80000305175781,111.80000305175781,112.19999694824219,0
2025-05-23 10:30:00,113.0,113.5,111.5999984741211,111.9000015258789,2891419
2025-05-23 11:30:00,113.5999984741211,113.80000305175781,112.9000015258789,113.0999984741211,3593916
2025-05-23 12:30:00,113.5,113.80000305175781,113.19999694824219,113.5999984741211,1089066
2025-05-23 13:30:00,112.9000015258789,113.69999694824219,112.80000305175781,113.5999984741211,1143020
2025-05-23 14:30:00,111.4000015258789,113.19999694824219,111.0999984741211,112.9000015258789,3317192
2025-05-23 15:30:00,111.30000305175781,111.5999984741211,110.4000015258789,111.30000305175781,1798234
2025-05-23 16:30:00,111.0999984741211,111.80000305175781,110.69999694824219,111.30000305175781,1692212
2025-05-23 17:30:00,110.5999984741211,111.19999694824219,110.4000015258789,111.0999984741211,1304294
2025-05-26 09:30:00,111.4000015258789,112.30000305175781,111.19999694824219,112.0,0
2025-05-26 10:30:00,110.5999984741211,111.69999694824219,109.19999694824219,111.4000015258789,1819334
2025-05-26 11:30:00,110.69999694824219,111.0999984741211,110.30000305175781,110.5,823055
2025-05-26 12:30:00,111.0,111.19999694824219,110.4000015258789,110.69999694824219,689795
2025-05-26 13:30:00,110.30000305175781,111.0999984741211,110.30000305175781,111.0,457014
2025-05-26 14:30:00,109.80000305175781,110.69999694824219,109.80000305175781,110.30000305175781,709989
2025-05-26 15:30:00,110.19999694824219,110.4000015258789,109.5,109.9000015258789,1295106
2025-05-26 16:30:00,111.9000015258789,112.0,109.9000015258789,110.19999694824219,4166341
2025-05-26 17:30:00,111.5,112.0999984741211,111.0,111.9000015258789,1996846
2025-05-27 09:30:00,112.5,113.0,111.5,111.80000305175781,0
2025-05-27 10:30:00,111.5999984741211,113.0,111.4000015258789,112.5,1381454
2025-05-27 11:30:00,111.0,111.5999984741211,110.80000305175781,111.5,1582076
2025-05-27 12:30:00,111.0999984741211,111.19999694824219,110.5,111.0,827917
2025-05-27 13:30:00,111.0999984741211,111.5,111.0,111.0999984741211,538039
2025-05-27 14:30:00,111.0,111.4000015258789,110.5999984741211,111.19999694824219,1247152
2025-05-27 15:30:00,110.5,111.0,110.4000015258789,111.0,985359
2025-05-27 16:30:00,110.5,111.0999984741211,110.30000305175781,110.4000015258789,850847
2025-05-27 17:30:00,110.0999984741211,110.69999694824219,109.80000305175781,110.5,1368014
2025-05-28 09:30:00,110.0,110.5,109.9000015258789,110.4000015258789,0
2025-05-28 10:30:00,110.19999694824219,111.0999984741211,109.80000305175781,110.0,2042681
2025-05-28 11:30:00,110.5,110.9000015258789,110.19999694824219,110.19999694824219,713870
2025-05-28 12:30:00,110.19999694824219,110.69999694824219,110.0,110.5999984741211,810332
2025-05-28 13:30:00,110.5999984741211,110.80000305175781,110.19999694824219,110.19999694824219,703544
2025-05-28 14:30:00,110.5,110.80000305175781,110.30000305175781,110.5999984741211,641921
2025-05-28 15:30:00,110.4000015258789,110.69999694824219,109.5999984741211,110.5,1147984
2025-05-28 16:30:00,110.0999984741211,110.4000015258789,109.0999984741211,110.4000015258789,1605809
2025-05-28 17:30:00,110.69999694824219,111.0,109.69999694824219,110.0999984741211,1739782
2025-05-29 09:30:00,111.80000305175781,112.5999984741211,111.5999984741211,112.0,0
2025-05-29 10:30:00,111.5,112.19999694824219,111.0999984741211,111.80000305175781,1876397
2025-05-29 11:30:00,111.19999694824219,111.5999984741211,110.9000015258789,111.5,1682991
2025-05-29 12:30:00,110.80000305175781,111.0999984741211,110.5,111.0999984741211,1142183
2025-05-29 13:30:00,111.19999694824219,111.4000015258789,110.4000015258789,110.80000305175781,1686849
2025-05-29 14:30:00,111.0999984741211,111.4000015258789,110.9000015258789,111.19999694824219,964696
2025-05-29 15:30:00,111.0999984741211,111.5999984741211,110.9000015258789,111.0999984741211,2068550
2025-05-29 16:30:00,109.80000305175781,111.0999984741211,109.30000305175781,111.0999984741211,3918193
2025-05-29 17:30:00,109.80000305175781,110.4000015258789,109.5,109.69999694824219,2971486
2025-05-30 09:30:00,107.5999984741211,109.9000015258789,107.5,109.5,0
2025-05-30 10:30:00,106.0999984741211,107.5999984741211,105.19999694824219,107.5,7646271
2025-05-30 11:30:00,105.69999694824219,106.0999984741211,105.19999694824219,106.0999984741211,4351642
2025-05-30 12:30:00,106.19999694824219,106.4000015258789,105.5999984741211,105.69999694824219,2082462
2025-05-30 13:30:00,106.0,106.4000015258789,105.5,106.30000305175781,1811826
2025-05-30 14:30:00,105.19999694824219,106.19999694824219,105.0999984741211,106.0,1748616
2025-05-30 15:30:00,106.30000305175781,107.0999984741211,105.0,105.19999694824219,8535337
2025-05-30 16:30:00,106.4000015258789,106.5,106.0,106.30000305175781,2085012
2025-05-30 17:30:00,105.5999984741211,106.5,105.4000015258789,106.4000015258789,3028212
2025-06-02 09:30:00,106.19999694824219,106.69999694824219,105.30000305175781,106.0999984741211,0
2025-06-02 10:30:00,107.5,107.5,105.9000015258789,106.0999984741211,3911516
2025-06-02 11:30:00,107.80000305175781,108.30000305175781,107.19999694824219,107.4000015258789,4463764
2025-06-02 12:30:00,107.30000305175781,108.0,107.19999694824219,107.80000305175781,2219964
2025-06-02 13:30:00,107.4000015258789,107.69999694824219,107.19999694824219,107.30000305175781,949879
2025-06-02 14:30:00,107.69999694824219,108.0,107.0999984741211,107.4000015258789,1957609
2025-06-02 15:30:00,107.19999694824219,107.9000015258789,106.69999694824219,107.69999694824219,2951181
2025-06-02 16:30:00,107.0999984741211,107.30000305175781,106.4000015258789,107.30000305175781,2870516
2025-06-02 17:30:00,107.9000015258789,108.30000305175781,106.5999984741211,107.0999984741211,3631269
2025-06-03 09:30:00,113.80000305175781,113.80000305175781,109.4000015258789,109.5,0
2025-06-03 10:30:00,114.80000305175781,115.4000015258789,112.5999984741211,113.80000305175781,9601584
2025-06-03 11:30:00,116.19999694824219,116.69999694824219,114.80000305175781,114.9000015258789,6000107
2025-06-03 12:30:00,116.19999694824219,116.4000015258789,115.9000015258789,116.0999984741211,2032233
2025-06-03 13:30:00,115.80000305175781,116.4000015258789,115.69999694824219,116.30000305175781,1939975
2025-06-03 14:30:00,116.0,116.30000305175781,115.5,115.80000305175781,1647754
2025-06-03 15:30:00,116.30000305175781,116.30000305175781,115.30000305175781,116.0,1702025
2025-06-03 16:30:00,115.19999694824219,116.4000015258789,114.69999694824219,116.30000305175781,4519889
2025-06-03 17:30:00,114.5,115.19999694824219,114.4000015258789,115.0999984741211,2418445
2025-06-04 09:30:00,115.4000015258789,115.9000015258789,113.5999984741211,113.69999694824219,0
2025-06-04 10:30:00,114.69999694824219,115.4000015258789,114.0,115.30000305175781,3850627
2025-06-04 11:30:00,114.80000305175781,115.0999984741211,114.5999984741211,114.69999694824219,1442277
2025-06-04 12:30:00,114.69999694824219,114.80000305175781,114.0999984741211,114.80000305175781,984420
2025-06-04 13:30:00,114.9000015258789,115.19999694824219,114.5,114.5999984741211,1659104
2025-06-04 14:30:00,115.0,115.19999694824219,114.69999694824219,114.9000015258789,1582277
2025-06-04 15:30:00,115.0999984741211,115.4000015258789,114.80000305175781,114.9000015258789,1589363
2025-06-04 16:30:00,115.19999694824219,115.4000015258789,114.9000015258789,115.0,2065545
2025-06-04 17:30:00,115.5999984741211,115.69999694824219,114.9000015258789,115.0999984741211,3001370
2025-06-05 09:30:00,115.5,115.69999694824219,114.5,114.80000305175781,2755128
2025-06-05 10:30:00,115.5999984741211,115.9000015258789,115.0,115.4000015258789,2385530
2025-06-05 11:30:00,115.69999694824219,116.0999984741211,115.19999694824219,115.5999984741211,3461750
2025-06-05 12:30:00,116.0999984741211,116.0999984741211,116.0999984741211,116.0999984741211,533305
2025-06-10 09:30:00,117.9000015258789,118.5,116.5999984741211,118.0,0
2025-06-10 10:30:00,118.69999694824219,119.69999694824219,117.69999694824219,117.80000305175781,13679715
2025-06-10 11:30:00,119.9000015258789,120.0,118.5999984741211,118.69999694824219,8080112
2025-06-10 12:30:00,121.0999984741211,121.5,119.80000305175781,119.80000305175781,5952311
2025-06-10 13:30:00,121.30000305175781,121.80000305175781,120.80000305175781,121.0999984741211,3432261
2025-06-10 14:30:00,121.5999984741211,121.80000305175781,120.9000015258789,121.30000305175781,3164822
2025-06-10 15:30:00,121.5999984741211,121.9000015258789,121.30000305175781,121.5999984741211,2611957
2025-06-10 16:30:00,122.80000305175781,122.80000305175781,121.4000015258789,121.5,7447554
2025-06-10 17:30:00,122.30000305175781,123.0,122.19999694824219,122.80000305175781,2642955
2025-06-11 09:30:00,123.4000015258789,123.5,121.30000305175781,121.9000015258789,0
2025-06-11 10:30:00,121.80000305175781,123.4000015258789,121.5999984741211,123.30000305175781,4577040
2025-06-11 11:30:00,122.0,122.80000305175781,121.69999694824219,121.80000305175781,1574302
2025-06-11 12:30:00,121.69999694824219,122.0,121.5,121.9000015258789,913172
2025-06-11 13:30:00,121.9000015258789,122.0,121.5,121.5999984741211,958936
2025-06-11 14:30:00,121.69999694824219,122.4000015258789,121.30000305175781,122.0,3123698
2025-06-11 15:30:00,121.0999984741211,122.30000305175781,120.80000305175781,121.80000305175781,3414836
2025-06-11 16:30:00,121.19999694824219,121.69999694824219,121.0,121.19999694824219,2589553
2025-06-11 17:30:00,121.0,121.5,121.0,121.19999694824219,0
2025-06-12 09:30:00,120.9000015258789,121.4000015258789,118.9000015258789,119.69999694824219,5234912
2025-06-12 10:30:00,120.30000305175781,121.5,120.19999694824219,120.9000015258789,3748242
2025-06-12 11:30:00,119.80000305175781,120.69999694824219,119.80000305175781,120.4000015258789,1823623
2025-06-12 12:30:00,120.0,120.5999984741211,119.69999694824219,119.80000305175781,1273178
2025-06-12 13:30:00,119.9000015258789,120.4000015258789,119.9000015258789,120.0999984741211,1210815
2025-06-12 14:30:00,119.69999694824219,120.0999984741211,119.30000305175781,120.0,2276314
2025-06-12 15:30:00,120.0999984741211,120.69999694824219,119.69999694824219,119.69999694824219,2105526
2025-06-12 16:30:00,119.19999694824219,120.19999694824219,119.0999984741211,120.0,2378578
2025-06-12 17:30:00,118.9000015258789,119.5,118.69999694824219,119.19999694824219,1848116
2025-06-13 09:30:00,114.4000015258789,114.80000305175781,112.0,113.5,7624412
2025-06-13 10:30:00,114.19999694824219,115.19999694824219,113.80000305175781,114.5,5441425
2025-06-13 11:30:00,115.0999984741211,115.5,114.0,114.19999694824219,2984595
2025-06-13 12:30:00,114.19999694824219,115.5,114.19999694824219,115.19999694824219,1423984
2025-06-13 13:30:00,114.0,114.4000015258789,113.69999694824219,114.30000305175781,1444662
2025-06-13 14:30:00,114.5,114.80000305175781,113.69999694824219,113.9000015258789,1035486
2025-06-13 15:30:00,114.9000015258789,115.30000305175781,114.30000305175781,114.5999984741211,2224518
2025-06-13 16:30:00,115.30000305175781,115.80000305175781,114.4000015258789,115.0,3936635
2025-06-13 17:30:00,116.9000015258789,117.19999694824219,115.30000305175781,115.4000015258789,3306524
2025-06-16 09:30:00,118.5,119.19999694824219,116.19999694824219,117.69999694824219,5707843
2025-06-16 10:30:00,117.5999984741211,118.9000015258789,117.0,118.5999984741211,2597939
2025-06-16 11:30:00,116.80000305175781,117.80000305175781,116.5,117.5999984741211,2322304
2025-06-16 12:30:00,117.19999694824219,117.5,116.5,116.80000305175781,1123696
2025-06-16 13:30:00,117.5,117.80000305175781,117.0999984741211,117.19999694824219,1205214
2025-06-16 14:30:00,117.5999984741211,118.19999694824219,117.30000305175781,117.5,2507248
2025-06-16 15:30:00,117.19999694824219,117.9000015258789,117.0,117.5999984741211,2633685
2025-06-16 16:30:00,118.5999984741211,119.80000305175781,116.9000015258789,117.0999984741211,11657249
2025-06-16 17:30:00,117.5,118.80000305175781,117.5,118.69999694824219,2449532
2025-06-17 09:30:00,116.30000305175781,117.69999694824219,116.0999984741211,117.4000015258789,0
2025-06-17 10:30:00,115.9000015258789,116.5,115.80000305175781,116.19999694824219,3211269
2025-06-17 11:30:00,116.80000305175781,116.9000015258789,115.9000015258789,116.0,2590205
2025-06-17 12:30:00,116.5,116.9000015258789,116.30000305175781,116.69999694824219,1006627
2025-06-17 13:30:00,117.30000305175781,117.9000015258789,116.4000015258789,116.5999984741211,4378616
2025-06-17 14:30:00,117.0,117.9000015258789,116.80000305175781,117.30000305175781,2824110
2025-06-17 15:30:00,117.0999984741211,117.19999694824219,116.5,116.9000015258789,1381913
2025-06-17 16:30:00,116.4000015258789,117.4000015258789,116.4000015258789,117.0999984741211,1713928
2025-06-17 17:30:00,115.19999694824219,116.5,115.0,116.5,0
2025-06-18 09:30:00,115.69999694824219,116.69999694824219,114.5,115.0,0
2025-06-18 10:30:00,114.5999984741211,115.9000015258789,114.30000305175781,115.80000305175781,2559462
2025-06-18 11:30:00,115.0999984741211,115.19999694824219,114.4000015258789,114.5999984741211,1420172
2025-06-18 12:30:00,115.0999984741211,115.5999984741211,114.9000015258789,115.0999984741211,1378796
2025-06-18 13:30:00,114.80000305175781,115.19999694824219,114.5999984741211,115.0999984741211,862027
2025-06-18 14:30:00,114.9000015258789,115.0,114.5,114.80000305175781,718781
2025-06-18 15:30:00,114.19999694824219,114.9000015258789,114.0,114.9000015258789,1823741
2025-06-18 16:30:00,114.69999694824219,115.0999984741211,113.9000015258789,114.19999694824219,2642986
2025-06-18 17:30:00,115.19999694824219,115.80000305175781,114.5,114.69999694824219,3207330
2025-06-19 09:30:00,115.19999694824219,116.80000305175781,114.30000305175781,115.9000015258789,0
2025-06-19 10:30:00,115.9000015258789,116.0,115.0,115.19999694824219,1913745
2025-06-19 11:30:00,115.80000305175781,116.0999984741211,115.19999694824219,115.9000015258789,1484594
2025-06-19 12:30:00,116.0999984741211,116.19999694824219,115.5,115.80000305175781,1179878
2025-06-19 13:30:00,113.4000015258789,116.19999694824219,113.0,116.0,6913781
2025-06-19 14:30:00,113.69999694824219,114.0,113.0,113.4000015258789,2358356
2025-06-19 15:30:00,113.0999984741211,113.80000305175781,113.0,113.80000305175781,1688113
2025-06-19 16:30:00,112.80000305175781,113.19999694824219,112.19999694824219,113.0999984741211,3306683
2025-06-19 17:30:00,112.69999694824219,113.30000305175781,112.4000015258789,112.80000305175781,2025975
2025-06-20 09:30:00,116.0,116.0999984741211,113.69999694824219,113.80000305175781,0
2025-06-20 10:30:00,115.80000305175781,116.30000305175781,115.5999984741211,116.0999984741211,3038137
2025-06-20 11:30:00,115.9000015258789,116.4000015258789,115.4000015258789,115.69999694824219,2783943
2025-06-20 12:30:00,115.69999694824219,116.0999984741211,115.5999984741211,115.9000015258789,959639
2025-06-20 13:30:00,114.80000305175781,115.80000305175781,114.5,115.69999694824219,2183957
2025-06-20 14:30:00,115.0999984741211,115.30000305175781,114.80000305175781,114.9000015258789,1185537
2025-06-20 15:30:00,114.0999984741211,115.30000305175781,114.0,115.0999984741211,1726344
2025-06-20 16:30:00,114.19999694824219,114.5999984741211,113.80000305175781,114.0999984741211,1540740
2025-06-20 17:30:00,114.5,114.5999984741211,113.9000015258789,114.30000305175781,1826134
2025-06-23 09:30:00,114.69999694824219,115.5,113.5,113.5999984741211,3491682
2025-06-23 10:30:00,116.19999694824219,116.4000015258789,114.5999984741211,114.69999694824219,4082813
2025-06-23 11:30:00,115.5999984741211,116.5,115.5,116.30000305175781,2974988
2025-06-23 12:30:00,115.30000305175781,115.80000305175781,115.30000305175781,115.69999694824219,1172510
2025-06-23 13:30:00,114.9000015258789,115.4000015258789,114.80000305175781,115.30000305175781,902746
2025-06-23 14:30:00,115.19999694824219,115.4000015258789,114.69999694824219,114.9000015258789,1379156
2025-06-23 15:30:00,115.19999694824219,115.4000015258789,114.80000305175781,115.30000305175781,1182227
2025-06-23 16:30:00,115.5,115.80000305175781,115.0,115.19999694824219,2178877
2025-06-23 17:30:00,115.0999984741211,115.69999694824219,115.0999984741211,115.4000015258789,1400557
2025-06-24 09:30:00,120.9000015258789,122.19999694824219,120.0,120.0,10262791
2025-06-24 10:30:00,120.4000015258789,121.0,119.4000015258789,120.9000015258789,5232935
2025-06-24 11:30:00,120.5,120.9000015258789,120.0,120.5,2594081
2025-06-24 12:30:00,120.5999984741211,121.19999694824219,120.30000305175781,120.5,3432720
2025-06-24 13:30:00,120.9000015258789,121.0999984741211,120.4000015258789,120.5999984741211,1966475
2025-06-24 14:30:00,121.5,121.80000305175781,120.69999694824219,120.9000015258789,4655251
2025-06-24 15:30:00,121.0999984741211,121.5999984741211,120.5,121.5,3411606
2025-06-24 16:30:00,121.19999694824219,121.5999984741211,120.69999694824219,121.0,2094844
2025-06-24 17:30:00,120.30000305175781,121.4000015258789,120.0,121.0999984741211,2831816
2025-06-25 09:30:00,119.4000015258789,120.5,118.69999694824219,120.4000015258789,0
2025-06-25 10:30:00,120.0,120.4000015258789,119.0,119.4000015258789,2765339
2025-06-25 11:30:00,119.9000015258789,120.19999694824219,119.5999984741211,120.0,1870050
2025-06-25 12:30:00,120.19999694824219,120.19999694824219,119.80000305175781,119.9000015258789,1229878
2025-06-25 13:30:00,120.30000305175781,120.80000305175781,120.0999984741211,120.19999694824219,2278684
2025-06-25 14:30:00,119.69999694824219,120.4000015258789,119.5,120.30000305175781,1782824
2025-06-25 15:30:00,119.4000015258789,120.19999694824219,119.30000305175781,119.69999694824219,1876767
2025-06-25 16:30:00,119.5,119.69999694824219,118.9000015258789,119.30000305175781,2281067
2025-06-25 17:30:00,119.4000015258789,120.19999694824219,119.4000015258789,119.5,2583284
2025-06-26 09:30:00,120.5999984741211,121.5999984741211,119.0999984741211,119.4000015258789,5937548
2025-06-26 10:30:00,120.5,121.19999694824219,120.0,120.5999984741211,4042350
2025-06-26 11:30:00,120.5,120.9000015258789,120.4000015258789,120.5,1103280
2025-06-26 12:30:00,121.0,121.0,120.4000015258789,120.5,1224777
2025-06-26 13:30:00,120.0,121.0,119.4000015258789,121.0,2611096
2025-06-26 14:30:00,120.0999984741211,120.19999694824219,119.80000305175781,120.0,1953587
2025-06-26 15:30:00,119.69999694824219,120.19999694824219,119.0999984741211,120.0999984741211,2924701
2025-06-26 16:30:00,119.30000305175781,119.69999694824219,119.0,119.5999984741211,2207196
2025-06-26 17:30:00,118.80000305175781,119.4000015258789,118.80000305175781,119.30000305175781,1768154
2025-06-27 09:30:00,118.69999694824219,119.19999694824219,118.0,118.9000015258789,0
2025-06-27 10:30:00,119.5,119.69999694824219,118.5,118.80000305175781,2684729
2025-06-27 11:30:00,119.30000305175781,120.0999984741211,119.0,119.5999984741211,3153836
2025-06-27 12:30:00,119.30000305175781,119.4000015258789,118.5999984741211,119.30000305175781,1453414
2025-06-27 13:30:00,122.4000015258789,122.5,119.30000305175781,119.30000305175781,6778506
2025-06-27 14:30:00,121.5999984741211,123.19999694824219,121.0,122.4000015258789,8944806
2025-06-27 15:30:00,121.69999694824219,121.80000305175781,121.0999984741211,121.5999984741211,1661208
2025-06-27 16:30:00,121.9000015258789,122.69999694824219,121.5999984741211,121.69999694824219,3069539
2025-06-27 17:30:00,122.5,122.9000015258789,121.5999984741211,121.80000305175781,2753530
2025-06-30 09:30:00,124.5,125.5,124.19999694824219,124.5,6999021
2025-06-30 10:30:00,126.69999694824219,126.9000015258789,124.19999694824219,124.5,5403363
2025-06-30 11:30:00,130.5,131.0,126.30000305175781,126.80000305175781,16685163
2025-06-30 12:30:00,132.89999389648438,133.1999969482422,130.10000610351562,130.60000610351562,6210334
2025-06-30 13:30:00,135.0,135.0,132.8000030517578,132.89999389648438,5971678
2025-06-30 14:30:00,135.0,135.0,134.5,135.0,2858560
2025-06-30 15:30:00,135.0,135.0,134.6999969482422,135.0,2359006
2025-06-30 16:30:00,135.0,135.0,135.0,135.0,320346
2025-06-30 17:30:00,135.0,135.0,134.6999969482422,135.0,1811567
2025-07-01 09:30:00,136.0,137.8000030517578,134.89999389648438,135.0,8376317
2025-07-01 10:30:00,136.0,138.3000030517578,136.0,136.0,5160806
2025-07-01 11:30:00,136.1999969482422,136.1999969482422,135.0,136.10000610351562,2616016
2025-07-01 12:30:00,135.8000030517578,136.5,135.8000030517578,136.1999969482422,1365567
2025-07-01 13:30:00,136.3000030517578,137.10000610351562,135.60000610351562,135.8000030517578,3317369
2025-07-01 14:30:00,136.89999389648438,137.1999969482422,135.60000610351562,136.1999969482422,3338523
2025-07-01 15:30:00,136.1999969482422,137.0,135.89999389648438,136.89999389648438,2124063
2025-07-01 16:30:00,137.5,138.0,136.1999969482422,136.1999969482422,5584174
2025-07-01 17:30:00,136.6999969482422,137.5,136.60000610351562,137.5,1551731
2025-07-02 09:30:00,137.3000030517578,138.39999389648438,136.10000610351562,137.0,5668851
2025-07-02 10:30:00,138.10000610351562,138.3000030517578,136.5,137.3000030517578,4410092
2025-07-02 11:30:00,139.3000030517578,140.1999969482422,137.60000610351562,138.10000610351562,7881366
2025-07-02 12:30:00,138.8000030517578,139.89999389648438,138.39999389648438,139.3000030517578,2814897
2025-07-02 13:30:00,138.5,139.0,138.1999969482422,138.89999389648438,1748216
2025-07-02 14:30:00,137.89999389648438,138.6999969482422,137.6999969482422,138.5,2397144
2025-07-02 15:30:00,137.0,138.10000610351562,135.5,137.8000030517578,5061206
2025-07-02 16:30:00,137.5,137.8000030517578,136.39999389648438,137.10000610351562,2018164
2025-07-02 17:30:00,138.5,138.6999969482422,137.10000610351562,137.5,2642095
2025-07-03 09:30:00,140.10000610351562,143.89999389648438,138.5,142.0,12478808
2025-07-03 10:30:00,136.39999389648438,140.39999389648438,136.0,140.10000610351562,5982897
2025-07-03 11:30:00,135.60000610351562,136.6999969482422,135.10000610351562,136.39999389648438,3557192
2025-07-03 12:30:00,136.89999389648438,136.89999389648438,135.3000030517578,135.60000610351562,2164518
2025-07-03 13:30:00,136.89999389648438,136.89999389648438,136.10000610351562,136.8000030517578,1507684
2025-07-03 14:30:00,137.60000610351562,138.0,136.60000610351562,136.89999389648438,3557232
2025-07-03 15:30:00,136.6999969482422,138.0,136.39999389648438,137.89999389648438,3253272
2025-07-03 16:30:00,136.3000030517578,136.8000030517578,135.39999389648438,136.6999969482422,3770386
2025-07-03 17:30:00,135.89999389648438,136.39999389648438,135.1999969482422,136.39999389648438,2987959
2025-07-04 09:30:00,135.3000030517578,136.1999969482422,134.60000610351562,136.1999969482422,0
2025-07-04 10:30:00,135.3000030517578,136.10000610351562,135.0,135.3000030517578,2376689
2025-07-04 11:30:00,135.8000030517578,136.39999389648438,135.1999969482422,135.1999969482422,1697014
2025-07-04 12:30:00,135.89999389648438,136.10000610351562,135.6999969482422,135.8000030517578,495864
2025-07-04 13:30:00,135.8000030517578,136.5,135.5,136.0,994793
2025-07-04 14:30:00,136.60000610351562,136.6999969482422,135.39999389648438,135.6999969482422,1527732
2025-07-04 15:30:00,135.89999389648438,136.60000610351562,135.6999969482422,136.5,1040288
2025-07-04 16:30:00,136.8000030517578,137.6999969482422,135.8000030517578,135.89999389648438,4337702
2025-07-04 17:30:00,137.10000610351562,137.5,136.60000610351562,136.6999969482422,2192228
2025-07-07 09:30:00,136.6999969482422,137.1999969482422,134.60000610351562,135.60000610351562,0
2025-07-07 10:30:00,137.39999389648438,138.10000610351562,136.39999389648438,136.6999969482422,4049616
2025-07-07 11:30:00,136.8000030517578,137.60000610351562,136.6999969482422,137.3000030517578,1318007
2025-07-07 12:30:00,137.10000610351562,137.3000030517578,136.5,136.8000030517578,1123423
2025-07-07 13:30:00,137.0,137.1999969482422,136.6999969482422,137.10000610351562,829366
2025-07-07 14:30:00,136.60000610351562,137.39999389648438,136.39999389648438,136.89999389648438,1809005
2025-07-07 15:30:00,137.0,137.3000030517578,136.39999389648438,136.6999969482422,1463924
2025-07-07 16:30:00,136.60000610351562,137.10000610351562,135.6999969482422,137.10000610351562,2106322
2025-07-07 17:30:00,136.1999969482422,136.8000030517578,135.8000030517578,136.6999969482422,1928181
2025-07-08 09:30:00,137.89999389648438,138.5,137.10000610351562,137.60000610351562,5912792
2025-07-08 10:30:00,137.39999389648438,138.1999969482422,137.3000030517578,137.89999389648438,2130209
2025-07-08 11:30:00,137.60000610351562,137.8000030517578,136.89999389648438,137.39999389648438,2068559
2025-07-08 12:30:00,136.10000610351562,138.10000610351562,136.10000610351562,137.60000610351562,4258675
2025-07-08 13:30:00,137.39999389648438,137.6999969482422,135.6999969482422,136.10000610351562,4478110
2025-07-08 14:30:00,137.8000030517578,138.10000610351562,137.1999969482422,137.5,1889312
2025-07-08 15:30:00,136.8000030517578,138.0,136.5,137.6999969482422,3365200
2025-07-08 16:30:00,136.8000030517578,137.5,136.60000610351562,136.8000030517578,1807145
2025-07-08 17:30:00,137.1999969482422,137.39999389648438,136.8000030517578,136.8000030517578,1575729
2025-07-09 09:30:00,137.3000030517578,137.5,136.10000610351562,137.3000030517578,3249499
2025-07-09 10:30:00,137.8000030517578,138.0,136.6999969482422,137.3000030517578,3778614
2025-07-09 11:30:00,137.1999969482422,138.0,137.0,137.8000030517578,1463010
2025-07-09 12:30:00,137.3000030517578,137.39999389648438,137.0,137.1999969482422,1268485
2025-07-09 13:30:00,137.89999389648438,138.10000610351562,137.1999969482422,137.39999389648438,4658481
2025-07-09 14:30:00,139.0,139.5,137.6999969482422,137.89999389648438,11219877
2025-07-09 15:30:00,139.89999389648438,140.0,138.6999969482422,139.0,7592200
2025-07-09 16:30:00,139.39999389648438,140.1999969482422,139.3000030517578,139.8000030517578,4809160
2025-07-09 17:30:00,139.5,139.89999389648438,139.39999389648438,139.5,2415214
2025-07-10 09:30:00,141.3000030517578,142.89999389648438,141.1999969482422,141.3000030517578,8387607
2025-07-10 10:30:00,141.8000030517578,142.10000610351562,140.6999969482422,141.3000030517578,5681743
2025-07-10 11:30:00,141.60000610351562,142.3000030517578,141.5,141.8000030517578,3628989
2025-07-10 12:30:00,141.8000030517578,142.10000610351562,141.5,141.6999969482422,1346394
2025-07-10 13:30:00,141.8000030517578,141.89999389648438,141.39999389648438,141.8000030517578,1787467
2025-07-10 14:30:00,141.3000030517578,141.8000030517578,141.0,141.6999969482422,2624090
2025-07-10 15:30:00,141.5,141.5,141.0,141.1999969482422,2139713
2025-07-10 16:30:00,141.3000030517578,142.5,140.89999389648438,141.5,6751309
2025-07-10 17:30:00,142.0,142.10000610351562,141.1999969482422,141.39999389648438,2431392
2025-07-11 09:30:00,143.6999969482422,144.0,142.6999969482422,143.0,7030062
2025-07-11 10:30:00,144.0,144.39999389648438,143.1999969482422,143.60000610351562,4409787
2025-07-11 11:30:00,143.3000030517578,144.10000610351562,142.39999389648438,144.0,2904670
2025-07-11 12:30:00,143.10000610351562,143.60000610351562,143.0,143.3000030517578,1209173
2025-07-11 13:30:00,142.5,143.1999969482422,142.39999389648438,143.0,1787980
2025-07-11 14:30:00,142.0,142.60000610351562,141.10000610351562,142.39999389648438,4048876
2025-07-11 15:30:00,141.89999389648438,142.39999389648438,141.60000610351562,142.0,1789716
2025-07-11 16:30:00,142.60000610351562,143.1999969482422,141.8000030517578,142.0,2594939
2025-07-11 17:30:00,142.3000030517578,142.89999389648438,142.1999969482422,142.6999969482422,1559705
2025-07-14 09:30:00,139.6999969482422,141.8000030517578,138.89999389648438,141.6999969482422,4522533
2025-07-14 10:30:00,137.8000030517578,140.0,137.3000030517578,139.60000610351562,4997615
2025-07-14 11:30:00,138.0,138.3000030517578,137.39999389648438,137.6999969482422,1444110
2025-07-14 12:30:00,138.6999969482422,139.1999969482422,137.8000030517578,138.0,1295216
2025-07-14 13:30:00,139.89999389648438,140.0,138.39999389648438,138.60000610351562,1781258
2025-07-14 14:30:00,138.8000030517578,139.89999389648438,138.8000030517578,139.89999389648438,866724
2025-07-14 15:30:00,138.8000030517578,139.39999389648438,138.60000610351562,138.8000030517578,916865
2025-07-14 16:30:00,138.6999969482422,138.89999389648438,138.3000030517578,138.6999969482422,622530
2025-07-14 17:30:00,137.60000610351562,138.6999969482422,137.5,138.6999969482422,1434714
2025-07-16 09:30:00,137.3000030517578,137.60000610351562,135.5,137.1999969482422,0
2025-07-16 10:30:00,136.6999969482422,137.8000030517578,136.0,137.1999969482422,3251696
2025-07-16 11:30:00,136.6999969482422,137.1999969482422,136.60000610351562,136.8000030517578,1111154
2025-07-16 12:30:00,137.5,138.0,136.5,136.6999969482422,1637903
2025-07-16 13:30:00,136.8000030517578,137.60000610351562,136.6999969482422,137.5,1005459
2025-07-16 14:30:00,136.0,137.0,135.89999389648438,136.6999969482422,1911641
2025-07-16 15:30:00,133.89999389648438,136.3000030517578,132.10000610351562,136.0,6396279
2025-07-16 16:30:00,135.3000030517578,135.39999389648438,133.1999969482422,133.8000030517578,2987352
2025-07-16 17:30:00,134.0,135.89999389648438,134.0,135.3000030517578,2674147
2025-07-17 09:30:00,135.0,136.39999389648438,134.6999969482422,135.1999969482422,0
2025-07-17 10:30:00,134.89999389648438,135.5,134.39999389648438,135.0,1467145
2025-07-17 11:30:00,134.39999389648438,135.1999969482422,134.10000610351562,134.89999389648438,889927
2025-07-17 12:30:00,135.0,135.5,134.3000030517578,134.3000030517578,970489
2025-07-17 13:30:00,135.5,136.3000030517578,135.0,135.0,2343273
2025-07-17 14:30:00,138.0,138.3000030517578,135.3000030517578,135.39999389648438,2938445
2025-07-17 15:30:00,140.10000610351562,140.5,137.6999969482422,138.0,7061325
2025-07-17 16:30:00,140.89999389648438,141.1999969482422,139.6999969482422,140.10000610351562,6727807
2025-07-17 17:30:00,141.3000030517578,141.3000030517578,140.39999389648438,140.89999389648438,2098963
2025-07-18 09:30:00,141.0,141.89999389648438,140.5,141.5,0
2025-07-18 10:30:00,140.6999969482422,141.1999969482422,140.3000030517578,141.10000610351562,1634691
2025-07-18 11:30:00,139.5,140.6999969482422,139.10000610351562,140.60000610351562,1691782
2025-07-18 12:30:00,139.5,139.89999389648438,139.0,139.39999389648438,1393196
2025-07-18 13:30:00,138.89999389648438,139.60000610351562,138.8000030517578,139.5,1215517
2025-07-18 14:30:00,139.10000610351562,139.1999969482422,138.6999969482422,138.89999389648438,1301570
2025-07-18 15:30:00,139.39999389648438,139.8000030517578,138.6999969482422,139.10000610351562,2532233
2025-07-18 16:30:00,139.1999969482422,139.6999969482422,138.89999389648438,139.3000030517578,1978480
2025-07-18 17:30:00,139.10000610351562,139.6999969482422,139.10000610351562,139.1999969482422,1968164
2025-07-21 09:30:00,141.0,141.1999969482422,139.60000610351562,139.6999969482422,0
2025-07-21 10:30:00,141.10000610351562,142.39999389648438,140.6999969482422,141.0,5206923
2025-07-21 11:30:00,141.39999389648438,141.39999389648438,140.8000030517578,141.10000610351562,1392058
2025-07-21 12:30:00,141.39999389648438,141.89999389648438,141.3000030517578,141.39999389648438,1423441
2025-07-21 13:30:00,141.0,141.5,140.89999389648438,141.39999389648438,868882
2025-07-21 14:30:00,141.60000610351562,141.6999969482422,140.6999969482422,140.89999389648438,1590483
2025-07-21 15:30:00,141.39999389648438,141.6999969482422,141.3000030517578,141.60000610351562,836141
2025-07-21 16:30:00,143.10000610351562,143.39999389648438,141.39999389648438,141.39999389648438,4790519
2025-07-21 17:30:00,142.89999389648438,143.3000030517578,142.6999969482422,143.1999969482422,1974181
2025-07-22 09:30:00,141.89999389648438,143.3000030517578,141.6999969482422,143.3000030517578,0
2025-07-22 10:30:00,142.60000610351562,142.8000030517578,141.5,141.89999389648438,2589037
2025-07-22 11:30:00,144.0,144.8000030517578,142.39999389648438,142.5,5838118
2025-07-22 12:30:00,143.5,144.1999969482422,143.39999389648438,143.89999389648438,915089
2025-07-22 13:30:00,143.10000610351562,143.89999389648438,142.89999389648438,143.60000610351562,939007
2025-07-22 14:30:00,143.0,143.1999969482422,142.39999389648438,143.0,1060511
2025-07-22 15:30:00,142.8000030517578,144.0,142.6999969482422,143.0,2569253
2025-07-22 16:30:00,140.3000030517578,142.89999389648438,139.89999389648438,142.89999389648438,4001188
2025-07-22 17:30:00,139.10000610351562,140.39999389648438,138.60000610351562,140.1999969482422,6164433
2025-07-23 09:30:00,138.39999389648438,140.1999969482422,137.8000030517578,140.10000610351562,0
2025-07-23 10:30:00,138.3000030517578,138.6999969482422,137.5,138.3000030517578,2230038
2025-07-23 11:30:00,138.10000610351562,138.60000610351562,138.0,138.1999969482422,877628
2025-07-23 12:30:00,138.8000030517578,138.89999389648438,138.0,138.10000610351562,940307
2025-07-23 13:30:00,138.5,139.0,138.39999389648438,138.8000030517578,950121
2025-07-23 14:30:00,137.89999389648438,138.60000610351562,137.6999969482422,138.5,1125890
2025-07-23 15:30:00,138.89999389648438,139.0,137.60000610351562,137.8000030517578,1786789
2025-07-23 16:30:00,141.1999969482422,141.39999389648438,138.8000030517578,139.0,5984921
2025-07-23 17:30:00,140.39999389648438,141.8000030517578,140.0,141.10000610351562,3738460
2025-07-24 09:30:00,140.3000030517578,141.6999969482422,139.8000030517578,141.3000030517578,0
2025-07-24 10:30:00,140.39999389648438,140.60000610351562,139.60000610351562,140.3000030517578,2346064
2025-07-24 11:30:00,140.89999389648438,141.3000030517578,140.39999389648438,140.39999389648438,1398846
2025-07-24 12:30:00,140.8000030517578,141.3000030517578,140.1999969482422,140.89999389648438,1449889
2025-07-24 13:30:00,141.3000030517578,143.3000030517578,139.6999969482422,140.6999969482422,12519157
2025-07-24 14:30:00,142.89999389648438,145.3000030517578,141.3000030517578,141.3000030517578,12920681
2025-07-24 15:30:00,142.10000610351562,143.60000610351562,141.89999389648438,142.89999389648438,4950590
2025-07-24 16:30:00,142.0,142.89999389648438,141.5,142.0,2948522
2025-07-24 17:30:00,139.6999969482422,142.1999969482422,139.39999389648438,142.0,4799711
2025-07-25 09:30:00,139.89999389648438,140.3000030517578,139.3000030517578,139.8000030517578,0
2025-07-25 10:30:00,139.60000610351562,140.10000610351562,139.39999389648438,139.89999389648438,1373952
2025-07-25 11:30:00,139.89999389648438,140.0,139.3000030517578,139.60000610351562,865308
2025-07-25 12:30:00,140.0,140.1999969482422,139.39999389648438,139.8000030517578,811393
2025-07-25 13:30:00,139.89999389648438,140.1999969482422,139.60000610351562,140.10000610351562,1518638
2025-07-25 14:30:00,140.8000030517578,141.3000030517578,139.8000030517578,140.0,2763663
2025-07-25 15:30:00,141.0,141.3000030517578,140.6999969482422,140.8000030517578,1792413
2025-07-25 16:30:00,140.3000030517578,141.60000610351562,139.6999969482422,141.0,3056058
2025-07-25 17:30:00,140.1999969482422,140.89999389648438,140.10000610351562,140.3000030517578,1617985
2025-07-28 09:30:00,139.0,141.3000030517578,138.5,141.0,3996777
2025-07-28 10:30:00,139.0,139.39999389648438,138.5,138.89999389648438,1728322
2025-07-28 11:30:00,138.8000030517578,139.3000030517578,138.6999969482422,139.0,604277
2025-07-28 12:30:00,139.0,139.3000030517578,138.5,138.8000030517578,455633
2025-07-28 13:30:00,139.3000030517578,139.6999969482422,138.8000030517578,139.10000610351562,909684
2025-07-28 14:30:00,139.0,139.5,138.8000030517578,139.39999389648438,746729
2025-07-28 15:30:00,138.60000610351562,139.1999969482422,138.39999389648438,139.0,1162662
2025-07-28 16:30:00,137.89999389648438,138.6999969482422,137.8000030517578,138.5,1358710
2025-07-28 17:30:00,137.1999969482422,138.39999389648438,137.0,137.8000030517578,1818608
2025-07-29 09:30:00,138.3000030517578,138.8000030517578,137.3000030517578,137.60000610351562,0
2025-07-29 10:30:00,138.3000030517578,138.60000610351562,137.3000030517578,138.1999969482422,1263447
2025-07-29 11:30:00,139.3000030517578,139.5,138.1999969482422,138.1999969482422,2981941
2025-07-29 12:30:00,139.10000610351562,139.60000610351562,138.89999389648438,139.39999389648438,914617
2025-07-29 13:30:00,138.8000030517578,139.1999969482422,138.60000610351562,139.10000610351562,583045
2025-07-29 14:30:00,139.89999389648438,140.1999969482422,138.60000610351562,138.6999969482422,2198501
2025-07-29 15:30:00,139.8000030517578,139.89999389648438,139.1999969482422,139.8000030517578,1268848
2025-07-29 16:30:00,139.0,139.8000030517578,138.8000030517578,139.6999969482422,1102312
2025-07-29 17:30:00,138.89999389648438,139.1999969482422,138.1999969482422,139.0,1379378
2025-07-30 09:30:00,140.3000030517578,140.3000030517578,138.39999389648438,139.0,0
2025-07-30 10:30:00,141.6999969482422,142.0,139.8000030517578,140.3000030517578,3975115
2025-07-30 11:30:00,141.6999969482422,142.39999389648438,141.5,141.6999969482422,3531353
2025-07-30 12:30:00,141.10000610351562,142.10000610351562,140.89999389648438,141.6999969482422,1739879
2025-07-30 13:30:00,141.0,141.5,140.89999389648438,141.10000610351562,950108
2025-07-30 14:30:00,141.89999389648438,142.1999969482422,141.0,141.10000610351562,1969673
2025-07-30 15:30:00,142.3000030517578,142.5,141.1999969482422,141.89999389648438,3597672
2025-07-30 16:30:00,141.89999389648438,142.5,141.6999969482422,142.3000030517578,5464808
2025-07-30 17:30:00,142.39999389648438,142.5,141.6999969482422,141.89999389648438,1913014
2025-07-31 09:30:00,143.10000610351562,143.8000030517578,142.3000030517578,143.39999389648438,3726745
2025-07-31 10:30:00,144.0,144.60000610351562,143.0,143.10000610351562,5068215
2025-07-31 11:30:00,143.39999389648438,144.10000610351562,143.3000030517578,144.0,1513166
2025-07-31 12:30:00,142.6999969482422,143.5,142.60000610351562,143.39999389648438,1472054
2025-07-31 13:30:00,142.10000610351562,142.6999969482422,141.8000030517578,142.60000610351562,2229677
2025-07-31 14:30:00,142.1999969482422,142.89999389648438,141.8000030517578,142.10000610351562,1584949
2025-07-31 15:30:00,142.60000610351562,143.5,142.10000610351562,142.3000030517578,2720728
2025-07-31 16:30:00,142.8000030517578,143.39999389648438,142.5,142.60000610351562,1722599
2025-07-31 17:30:00,142.6999969482422,143.1999969482422,142.60000610351562,142.8000030517578,1117454
2025-08-01 09:30:00,143.1999969482422,143.6999969482422,142.3000030517578,142.5,0
2025-08-01 10:30:00,143.5,144.39999389648438,142.60000610351562,143.1999969482422,3306968
2025-08-01 11:30:00,143.6999969482422,143.89999389648438,143.0,143.5,1350408
2025-08-01 12:30:00,144.39999389648438,144.60000610351562,143.60000610351562,143.6999969482422,2386179
2025-08-01 13:30:00,144.10000610351562,144.60000610351562,143.39999389648438,144.39999389648438,1481722
2025-08-01 14:30:00,143.60000610351562,144.3000030517578,143.5,144.10000610351562,849165
2025-08-01 15:30:00,144.39999389648438,145.3000030517578,143.39999389648438,143.60000610351562,2987437
2025-08-01 16:30:00,144.6999969482422,144.8000030517578,143.89999389648438,144.5,2016893
2025-08-01 17:30:00,145.3000030517578,145.6999969482422,144.5,144.6999969482422,3386315
2025-08-04 09:30:00,152.0,152.1999969482422,146.60000610351562,146.89999389648438,0
2025-08-04 10:30:00,151.10000610351562,154.5,150.6999969482422,152.10000610351562,8098459
2025-08-04 11:30:00,150.60000610351562,151.39999389648438,150.5,151.10000610351562,1418747
2025-08-04 12:30:00,150.8000030517578,151.0,150.39999389648438,150.60000610351562,937501
2025-08-04 13:30:00,151.0,151.10000610351562,150.1999969482422,150.8000030517578,1263020
2025-08-04 14:30:00,151.0,151.1999969482422,150.60000610351562,151.10000610351562,999498
2025-08-04 15:30:00,151.39999389648438,151.39999389648438,150.60000610351562,150.89999389648438,1739193
2025-08-04 16:30:00,151.6999969482422,152.60000610351562,150.89999389648438,151.39999389648438,5275516
2025-08-04 17:30:00,151.3000030517578,152.5,151.10000610351562,151.8000030517578,2329947
2025-08-05 09:30:00,151.5,152.6999969482422,151.10000610351562,151.3000030517578,0
2025-08-05 10:30:00,152.10000610351562,152.10000610351562,150.60000610351562,151.60000610351562,1864221
2025-08-05 11:30:00,151.8000030517578,152.3000030517578,150.6999969482422,152.10000610351562,1983663
2025-08-05 12:30:00,151.10000610351562,152.0,151.0,151.89999389648438,817678
2025-08-05 13:30:00,150.60000610351562,151.3000030517578,150.0,151.10000610351562,1404075
2025-08-05 14:30:00,150.1999969482422,150.60000610351562,150.10000610351562,150.60000610351562,620032
2025-08-05 15:30:00,150.5,150.8000030517578,149.6999969482422,150.10000610351562,1663437
2025-08-05 16:30:00,149.89999389648438,150.60000610351562,149.60000610351562,150.5,1526535
2025-08-05 17:30:00,150.0,150.6999969482422,149.6999969482422,150.0,1599934
2025-08-06 09:30:00,149.6999969482422,151.8000030517578,149.5,150.6999969482422,0
2025-08-06 10:30:00,147.89999389648438,149.8000030517578,147.3000030517578,149.60000610351562,4705461
2025-08-06 11:30:00,148.0,148.60000610351562,147.8000030517578,148.0,1353771
2025-08-06 12:30:00,148.0,148.1999969482422,147.60000610351562,148.0,999664
2025-08-06 13:30:00,150.3000030517578,150.60000610351562,147.8000030517578,147.89999389648438,4039777
2025-08-06 14:30:00,150.1999969482422,150.6999969482422,149.60000610351562,150.1999969482422,2424791
2025-08-06 15:30:00,150.10000610351562,150.39999389648438,149.8000030517578,150.1999969482422,904961
2025-08-06 16:30:00,149.8000030517578,150.1999969482422,149.1999969482422,150.0,905477
2025-08-06 17:30:00,150.1999969482422,150.1999969482422,149.39999389648438,149.8000030517578,1075052
2025-08-07 09:30:00,149.60000610351562,151.10000610351562,149.5,150.5,0
2025-08-07 10:30:00,150.0,150.8000030517578,149.5,149.60000610351562,2077894
2025-08-07 11:30:00,150.6999969482422,150.8000030517578,149.5,150.0,2412794
2025-08-07 12:30:00,150.60000610351562,151.5,150.5,150.6999969482422,2341646
2025-08-07 13:30:00,151.39999389648438,152.6999969482422,150.60000610351562,150.60000610351562,5265379
2025-08-07 14:30:00,150.89999389648438,151.5,150.6999969482422,151.39999389648438,1358193
2025-08-07 15:30:00,150.5,151.1999969482422,150.3000030517578,150.8000030517578,1558869
2025-08-07 16:30:00,149.89999389648438,150.60000610351562,149.60000610351562,150.5,2265007
2025-08-07 17:30:00,149.0,150.0,148.8000030517578,149.89999389648438,1443266
2025-08-08 09:30:00,148.3000030517578,149.10000610351562,147.8000030517578,148.5,0
2025-08-08 10:30:00,148.0,148.60000610351562,147.89999389648438,148.3000030517578,1139160
2025-08-08 11:30:00,148.1999969482422,148.5,147.8000030517578,148.0,646325
2025-08-08 12:30:00,148.0,148.3000030517578,147.89999389648438,148.1999969482422,380616
2025-08-08 13:30:00,147.5,148.10000610351562,147.3000030517578,148.0,864993
2025-08-08 14:30:00,147.6999969482422,147.8000030517578,147.1999969482422,147.39999389648438,824763
2025-08-08 15:30:00,147.10000610351562,147.89999389648438,146.89999389648438,147.6999969482422,886991
2025-08-08 16:30:00,147.1999969482422,148.10000610351562,146.6999969482422,147.10000610351562,2013234
2025-08-08 17:30:00,146.89999389648438,147.3000030517578,146.5,147.1999969482422,2049191
2025-08-11 09:30:00,147.3000030517578,148.6999969482422,147.10000610351562,148.0,3420197
2025-08-11 10:30:00,147.39999389648438,147.6999969482422,147.1999969482422,147.3000030517578,1258069
2025-08-11 11:30:00,147.6999969482422,148.0,147.3000030517578,147.5,1460067
2025-08-11 12:30:00,147.8000030517578,148.0,147.60000610351562,147.6999969482422,648174
2025-08-11 13:30:00,147.6999969482422,147.89999389648438,147.60000610351562,147.8000030517578,416740
2025-08-11 14:30:00,147.60000610351562,147.89999389648438,147.39999389648438,147.8000030517578,782641
2025-08-11 15:30:00,147.1999969482422,147.60000610351562,147.0,147.60000610351562,1744281
2025-08-11 16:30:00,146.60000610351562,147.1999969482422,146.39999389648438,147.10000610351562,1796640
2025-08-11 17:30:00,146.5,146.6999969482422,146.1999969482422,146.60000610351562,1532441
2025-08-12 09:30:00,147.5,148.0,146.60000610351562,146.60000610351562,0
2025-08-12 10:30:00,147.3000030517578,147.8000030517578,146.8000030517578,147.60000610351562,2169680
2025-08-12 11:30:00,146.6999969482422,147.3000030517578,146.39999389648438,147.3000030517578,1244486
2025-08-12 12:30:00,147.0,147.10000610351562,146.5,146.60000610351562,579922
2025-08-12 13:30:00,146.6999969482422,147.1999969482422,146.5,147.0,711041
2025-08-12 14:30:00,146.89999389648438,147.0,146.5,146.6999969482422,741030
2025-08-12 15:30:00,146.89999389648438,147.0,146.60000610351562,146.8000030517578,868633
2025-08-12 16:30:00,146.3000030517578,147.10000610351562,146.1999969482422,146.89999389648438,1304492
2025-08-12 17:30:00,146.1999969482422,146.8000030517578,146.0,146.3000030517578,2305695
2025-08-13 09:30:00,147.6999969482422,147.8000030517578,146.39999389648438,146.5,0
2025-08-13 10:30:00,148.8000030517578,149.1999969482422,147.1999969482422,147.6999969482422,5115405
2025-08-13 11:30:00,148.39999389648438,149.10000610351562,148.10000610351562,148.89999389648438,1887611
2025-08-13 12:30:00,147.89999389648438,148.5,147.8000030517578,148.39999389648438,907764
2025-08-13 13:30:00,147.6999969482422,148.10000610351562,147.5,148.0,910226
2025-08-13 14:30:00,147.5,147.89999389648438,147.3000030517578,147.8000030517578,852213
2025-08-13 15:30:00,147.1999969482422,147.60000610351562,146.89999389648438,147.60000610351562,1164502
2025-08-13 16:30:00,148.0,148.0,147.10000610351562,147.1999969482422,1519595
2025-08-13 17:30:00,147.6999969482422,148.0,147.5,148.0,0
2025-08-14 09:30:00,147.89999389648438,148.60000610351562,146.8000030517578,147.60000610351562,0
2025-08-14 10:30:00,148.0,148.8000030517578,147.60000610351562,147.89999389648438,1495831
2025-08-14 11:30:00,147.1999969482422,148.10000610351562,146.8000030517578,148.10000610351562,2009373
2025-08-14 12:30:00,147.39999389648438,147.6999969482422,147.0,147.1999969482422,603500
2025-08-14 13:30:00,147.0,147.60000610351562,147.0,147.39999389648438,659158
2025-08-14 14:30:00,146.8000030517578,147.10000610351562,146.5,147.10000610351562,1176291
2025-08-14 15:30:00,144.8000030517578,146.8000030517578,144.6999969482422,146.6999969482422,3621219
2025-08-14 16:30:00,144.6999969482422,145.1999969482422,144.3000030517578,144.8000030517578,1877234
2025-08-14 17:30:00,144.60000610351562,144.8000030517578,144.5,144.6999969482422,1618991
2025-08-15 09:30:00,144.0,145.0,143.89999389648438,144.60000610351562,2396010
2025-08-15 10:30:00,144.6999969482422,144.8000030517578,143.60000610351562,144.10000610351562,1873799
2025-08-15 11:30:00,144.5,145.0,144.3000030517578,144.6999969482422,1096633
2025-08-15 12:30:00,144.3000030517578,144.5,144.1999969482422,144.39999389648438,465527
2025-08-15 13:30:00,143.89999389648438,144.39999389648438,143.5,144.3000030517578,1624539
2025-08-15 14:30:00,143.3000030517578,144.0,143.0,143.89999389648438,1397426
2025-08-15 15:30:00,143.60000610351562,144.1999969482422,143.1999969482422,143.1999969482422,3362444
2025-08-15 16:30:00,143.0,143.6999969482422,143.0,143.5,2435396
2025-08-15 17:30:00,143.0,143.1999969482422,142.60000610351562,143.0,2726658
2025-08-18 09:30:00,141.39999389648438,142.8000030517578,141.3000030517578,142.6999969482422,2454541
2025-08-18 10:30:00,142.1999969482422,142.3000030517578,141.1999969482422,141.3000030517578,1760499
2025-08-18 11:30:00,141.60000610351562,142.3000030517578,141.60000610351562,142.1999969482422,899790
2025-08-18 12:30:00,141.5,141.6999969482422,141.39999389648438,141.60000610351562,601627
2025-08-18 13:30:00,140.5,141.5,140.3000030517578,141.5,2095161
2025-08-18 14:30:00,140.6999969482422,140.89999389648438,140.39999389648438,140.60000610351562,1890005
2025-08-18 15:30:00,140.6999969482422,140.6999969482422,140.5,140.60000610351562,2229879
2025-08-18 16:30:00,140.39999389648438,140.6999969482422,140.0,140.6999969482422,2820163
2025-08-18 17:30:00,140.8000030517578,140.8000030517578,140.3000030517578,140.39999389648438,2291919
2025-08-19 09:30:00,142.39999389648438,142.8000030517578,141.8000030517578,141.8000030517578,0
2025-08-19 10:30:00,142.1999969482422,142.60000610351562,141.8000030517578,142.3000030517578,1533363
2025-08-19 11:30:00,142.8000030517578,143.0,142.0,142.1999969482422,1632376
2025-08-19 12:30:00,142.1999969482422,142.8000030517578,142.10000610351562,142.8000030517578,609549
2025-08-19 13:30:00,142.39999389648438,142.60000610351562,142.10000610351562,142.10000610351562,626590
2025-08-19 14:30:00,142.0,142.60000610351562,141.60000610351562,142.39999389648438,1232156
2025-08-19 15:30:00,141.89999389648438,142.8000030517578,141.8000030517578,142.0,2152383
2025-08-19 16:30:00,142.10000610351562,142.5,141.8000030517578,141.89999389648438,2266399
2025-08-19 17:30:00,142.6999969482422,143.0,142.10000610351562,142.1999969482422,2762966
2025-08-20 09:30:00,144.0,144.3000030517578,142.39999389648438,142.60000610351562,2412388
2025-08-20 10:30:00,144.3000030517578,144.60000610351562,143.8000030517578,144.0,2226487
2025-08-20 11:30:00,144.89999389648438,144.89999389648438,144.0,144.1999969482422,1098648
2025-08-20 12:30:00,145.5,145.89999389648438,144.1999969482422,144.89999389648438,3409009
2025-08-20 13:30:00,145.3000030517578,146.1999969482422,145.10000610351562,145.60000610351562,2261722
2025-08-20 14:30:00,145.89999389648438,145.89999389648438,145.3000030517578,145.3000030517578,1194599
2025-08-20 15:30:00,146.10000610351562,146.6999969482422,145.8000030517578,145.89999389648438,3018261
2025-08-20 16:30:00,145.89999389648438,146.1999969482422,145.0,146.10000610351562,2233238
2025-08-20 17:30:00,145.89999389648438,146.10000610351562,145.6999969482422,145.89999389648438,1432632
2025-08-21 09:30:00,146.5,147.5,146.0,146.89999389648438,0
2025-08-21 10:30:00,147.6999969482422,148.3000030517578,146.5,146.5,4821473
2025-08-21 11:30:00,147.89999389648438,148.3000030517578,147.3000030517578,147.60000610351562,1677530
2025-08-21 12:30:00,148.0,148.1999969482422,147.8000030517578,147.89999389648438,837046
2025-08-21 13:30:00,147.6999969482422,148.10000610351562,147.60000610351562,148.10000610351562,1347250
2025-08-21 14:30:00,147.3000030517578,148.3000030517578,147.3000030517578,147.6999969482422,2189647
2025-08-21 15:30:00,148.0,148.10000610351562,146.89999389648438,147.3000030517578,1888364
2025-08-21 16:30:00,148.1999969482422,148.6999969482422,147.8000030517578,148.10000610351562,3309563
2025-08-21 17:30:00,148.0,148.5,148.0,148.1999969482422,2017762
2025-08-22 09:30:00,147.0,148.39999389648438,146.6999969482422,148.3000030517578,0
2025-08-22 10:30:00,146.5,147.60000610351562,146.39999389648438,147.10000610351562,2729677
2025-08-22 11:30:00,146.6999969482422,147.10000610351562,146.39999389648438,146.5,1409133
2025-08-22 12:30:00,146.60000610351562,146.89999389648438,146.5,146.6999969482422,650529
2025-08-22 13:30:00,148.0,148.39999389648438,146.0,146.60000610351562,4203385
2025-08-22 14:30:00,147.8000030517578,149.39999389648438,147.5,148.1999969482422,7033014
2025-08-22 15:30:00,148.3000030517578,148.60000610351562,147.39999389648438,147.8000030517578,2503369
2025-08-22 16:30:00,147.89999389648438,148.5,147.3000030517578,148.3000030517578,2653673
2025-08-22 17:30:00,149.5,149.8000030517578,147.89999389648438,148.0,4905278
2025-08-25 09:30:00,150.60000610351562,152.0,150.39999389648438,151.0,0
2025-08-25 10:30:00,149.89999389648438,150.89999389648438,149.39999389648438,150.60000610351562,2548052
2025-08-25 11:30:00,148.89999389648438,150.0,148.8000030517578,149.89999389648438,2488507
2025-08-25 12:30:00,148.8000030517578,149.10000610351562,148.5,148.8000030517578,1433486
2025-08-25 13:30:00,149.60000610351562,150.0,148.5,148.8000030517578,2276037
2025-08-25 14:30:00,149.8000030517578,150.1999969482422,149.1999969482422,149.60000610351562,1601345
2025-08-25 15:30:00,149.0,149.89999389648438,148.89999389648438,149.6999969482422,923513
2025-08-25 16:30:00,148.89999389648438,149.10000610351562,148.5,148.89999389648438,1407975
2025-08-25 17:30:00,148.60000610351562,148.89999389648438,148.1999969482422,148.8000030517578,1737124
2025-08-26 09:30:00,148.10000610351562,148.3000030517578,147.10000610351562,147.89999389648438,0
2025-08-26 10:30:00,148.8000030517578,149.60000610351562,148.10000610351562,148.1999969482422,2820563
2025-08-26 11:30:00,149.1999969482422,149.60000610351562,148.5,148.8000030517578,987867
2025-08-26 12:30:00,149.0,149.8000030517578,148.89999389648438,149.3000030517578,1115591
2025-08-26 13:30:00,149.1999969482422,149.5,148.89999389648438,149.10000610351562,1076510
2025-08-26 14:30:00,148.89999389648438,149.1999969482422,148.6999969482422,149.1999969482422,931997
2025-08-26 15:30:00,149.1999969482422,149.5,148.8000030517578,148.8000030517578,1117863
2025-08-26 16:30:00,148.89999389648438,150.0,148.6999969482422,149.3000030517578,2931666
2025-08-26 17:30:00,148.39999389648438,149.10000610351562,148.10000610351562,148.89999389648438,1269434
2025-08-27 09:30:00,147.89999389648438,149.3000030517578,147.8000030517578,149.3000030517578,0
2025-08-27 10:30:00,147.5,148.10000610351562,147.39999389648438,147.89999389648438,2215598
2025-08-27 11:30:00,146.60000610351562,147.60000610351562,145.8000030517578,147.5,2901452
2025-08-27 12:30:00,146.39999389648438,146.89999389648438,146.10000610351562,146.60000610351562,988894
2025-08-27 13:30:00,146.3000030517578,147.0,145.89999389648438,146.3000030517578,4032269
2025-08-27 14:30:00,146.10000610351562,146.3000030517578,145.8000030517578,146.3000030517578,1063881
2025-08-27 15:30:00,145.8000030517578,146.1999969482422,145.3000030517578,146.10000610351562,1823108
2025-08-27 16:30:00,145.8000030517578,146.3000030517578,145.6999969482422,145.8000030517578,1435875
2025-08-27 17:30:00,145.5,145.8000030517578,145.0,145.8000030517578,2129193
2025-08-28 09:30:00,146.5,146.5,145.10000610351562,145.10000610351562,2390173
2025-08-28 10:30:00,147.10000610351562,147.39999389648438,146.0,146.39999389648438,2538015
2025-08-28 11:30:00,146.1999969482422,147.10000610351562,146.0,147.0,1366243
2025-08-28 12:30:00,146.3000030517578,146.89999389648438,146.10000610351562,146.1999969482422,1213653
2025-08-28 13:30:00,146.10000610351562,146.5,146.10000610351562,146.39999389648438,615780
2025-08-28 14:30:00,145.8000030517578,146.3000030517578,145.1999969482422,146.10000610351562,1477208
2025-08-28 15:30:00,146.5,146.8000030517578,145.39999389648438,145.6999969482422,1432820
2025-08-28 16:30:00,146.60000610351562,147.0,146.10000610351562,146.5,1248510
2025-08-28 17:30:00,146.0,146.89999389648438,145.8000030517578,146.60000610351562,1599606
2025-08-29 09:30:00,145.8000030517578,146.60000610351562,145.6999969482422,146.10000610351562,0
2025-08-29 10:30:00,146.1999969482422,146.3000030517578,145.1999969482422,145.8000030517578,1493329
2025-08-29 11:30:00,146.10000610351562,146.3000030517578,145.5,146.1999969482422,1067024
2025-08-29 12:30:00,145.6999969482422,146.5,145.6999969482422,146.0,1365960
2025-08-29 13:30:00,144.89999389648438,146.0,144.6999969482422,145.8000030517578,2343319
2025-08-29 14:30:00,145.0,145.1999969482422,144.39999389648438,144.8000030517578,1388513
2025-08-29 15:30:00,145.0,145.60000610351562,144.6999969482422,144.89999389648438,1110263
2025-08-29 16:30:00,143.6999969482422,146.0,143.60000610351562,145.0,4983910
2025-08-29 17:30:00,144.0,144.39999389648438,143.3000030517578,143.60000610351562,3712716
2025-09-01 09:30:00,146.5,146.60000610351562,144.10000610351562,144.10000610351562,0
2025-09-01 10:30:00,146.5,147.89999389648438,146.1999969482422,146.5,4994314
2025-09-01 11:30:00,146.10000610351562,147.1999969482422,146.0,146.39999389648438,2048526
2025-09-01 12:30:00,146.6999969482422,146.89999389648438,145.60000610351562,146.0,2673793
2025-09-01 13:30:00,146.5,146.89999389648438,146.39999389648438,146.8000030517578,1124797
2025-09-01 14:30:00,146.3000030517578,146.5,146.0,146.5,798994
2025-09-01 15:30:00,144.60000610351562,146.3000030517578,144.1999969482422,146.3000030517578,5258426
2025-09-01 16:30:00,146.1999969482422,146.1999969482422,144.39999389648438,144.5,1760552
2025-09-01 17:30:00,145.8000030517578,146.39999389648438,145.5,146.1999969482422,1709490
2025-09-02 09:30:00,147.60000610351562,149.89999389648438,146.1999969482422,146.60000610351562,0
2025-09-02 10:30:00,147.89999389648438,148.60000610351562,147.5,147.60000610351562,3208444
2025-09-02 11:30:00,148.1999969482422,149.0,147.89999389648438,147.89999389648438,2351051
2025-09-02 12:30:00,149.10000610351562,149.3000030517578,148.10000610351562,148.1999969482422,1896318
2025-09-02 13:30:00,148.6999969482422,149.5,148.3000030517578,149.0,2543474
2025-09-02 14:30:00,149.1999969482422,149.3000030517578,148.39999389648438,148.60000610351562,1647350
2025-09-02 15:30:00,137.8000030517578,149.1999969482422,136.0,149.1999969482422,23310680
2025-09-02 16:30:00,139.5,141.0,137.3000030517578,137.89999389648438,11362343
2025-09-02 17:30:00,140.60000610351562,140.89999389648438,139.3000030517578,139.39999389648438,4675747
2025-09-03 09:30:00,135.39999389648438,141.1999969482422,134.0,141.0,0
2025-09-03 10:30:00,134.39999389648438,135.5,132.6999969482422,135.39999389648438,7639519
2025-09-03 11:30:00,134.1999969482422,134.5,133.1999969482422,134.3000030517578,3358359
2025-09-03 12:30:00,134.0,134.60000610351562,133.8000030517578,134.1999969482422,2129907
2025-09-03 13:30:00,133.3000030517578,134.3000030517578,133.10000610351562,134.10000610351562,1888813
2025-09-03 14:30:00,133.39999389648438,133.89999389648438,133.0,133.39999389648438,1551918
2025-09-03 15:30:00,134.3000030517578,134.5,133.3000030517578,133.5,2413125
2025-09-03 16:30:00,134.3000030517578,134.6999969482422,133.6999969482422,134.3000030517578,3877032
2025-09-03 17:30:00,133.8000030517578,134.60000610351562,133.60000610351562,134.3000030517578,2286940
2025-09-04 09:30:00,135.3000030517578,135.5,134.39999389648438,134.60000610351562,0
2025-09-04 10:30:00,135.10000610351562,135.60000610351562,134.5,135.3000030517578,2832074
2025-09-04 11:30:00,136.60000610351562,137.39999389648438,134.89999389648438,135.10000610351562,5144704
2025-09-04 12:30:00,137.6999969482422,138.10000610351562,135.60000610351562,136.6999969482422,4605016
2025-09-04 13:30:00,138.0,139.39999389648438,137.60000610351562,137.6999969482422,4883450
2025-09-04 14:30:00,138.60000610351562,138.8000030517578,137.6999969482422,138.0,1706389
2025-09-04 15:30:00,138.5,139.39999389648438,138.1999969482422,138.6999969482422,2374158
2025-09-04 16:30:00,138.0,138.60000610351562,137.39999389648438,138.5,2320572
2025-09-04 17:30:00,138.1999969482422,138.89999389648438,137.60000610351562,138.0,3336703
2025-09-05 09:30:00,138.89999389648438,139.89999389648438,138.10000610351562,139.39999389648438,0
2025-09-05 10:30:00,138.8000030517578,139.3000030517578,136.6999969482422,138.89999389648438,4467728
2025-09-05 11:30:00,140.0,140.8000030517578,138.8000030517578,138.89999389648438,5790319
2025-09-05 12:30:00,139.60000610351562,141.0,139.3000030517578,140.0,3013243
2025-09-05 13:30:00,139.5,140.0,138.3000030517578,139.5,1637006
2025-09-05 14:30:00,139.8000030517578,140.39999389648438,139.3000030517578,139.5,1923213
2025-09-05 15:30:00,139.6999969482422,140.3000030517578,139.1999969482422,139.89999389648438,2921052
2025-09-05 16:30:00,139.10000610351562,143.0,138.3000030517578,139.8000030517578,13477984
2025-09-05 17:30:00,138.39999389648438,139.5,138.10000610351562,139.10000610351562,2498644
2025-09-08 09:30:00,137.60000610351562,139.1999969482422,136.39999389648438,136.60000610351562,0
2025-09-08 10:30:00,136.6999969482422,137.8000030517578,136.5,137.6999969482422,2992284
2025-09-08 11:30:00,136.0,136.8000030517578,135.5,136.6999969482422,1702622
2025-09-08 12:30:00,136.1999969482422,136.5,135.89999389648438,136.0,801033
2025-09-08 13:30:00,136.60000610351562,137.0,136.10000610351562,136.10000610351562,1373006
2025-09-08 14:30:00,136.39999389648438,137.39999389648438,136.39999389648438,136.60000610351562,1678555
2025-09-08 15:30:00,135.5,136.6999969482422,135.0,136.39999389648438,3627349
2025-09-08 16:30:00,136.39999389648438,137.0,135.3000030517578,135.39999389648438,1985990
2025-09-08 17:30:00,136.5,137.10000610351562,136.1999969482422,136.39999389648438,1763925
2025-09-09 09:30:00,136.3000030517578,137.89999389648438,136.0,137.60000610351562,0
2025-09-09 10:30:00,135.5,136.60000610351562,134.89999389648438,136.39999389648438,2836101
2025-09-09 11:30:00,136.3000030517578,136.5,135.39999389648438,135.5,2112196
2025-09-09 12:30:00,137.10000610351562,137.5,136.10000610351562,136.3000030517578,3171807
2025-09-09 13:30:00,137.60000610351562,137.8000030517578,136.60000610351562,137.1999969482422,3106169
2025-09-09 14:30:00,138.6999969482422,138.89999389648438,137.1999969482422,137.5,4190505
2025-09-09 15:30:00,138.10000610351562,139.39999389648438,137.1999969482422,138.8000030517578,6095840
2025-09-09 16:30:00,137.89999389648438,138.89999389648438,136.10000610351562,137.89999389648438,5361981
2025-09-09 17:30:00,138.0,138.39999389648438,137.60000610351562,137.89999389648438,2300315
2025-09-10 09:30:00,139.10000610351562,139.89999389648438,138.39999389648438,139.39999389648438,5307826
2025-09-10 10:30:00,139.39999389648438,140.0,138.89999389648438,139.10000610351562,2865776
2025-09-10 11:30:00,138.60000610351562,139.60000610351562,138.1999969482422,139.39999389648438,2618793
2025-09-10 12:30:00,138.60000610351562,138.89999389648438,138.39999389648438,138.60000610351562,777587
2025-09-10 13:30:00,138.60000610351562,139.10000610351562,138.3000030517578,138.60000610351562,1308446
2025-09-10 14:30:00,138.60000610351562,138.89999389648438,137.8000030517578,138.60000610351562,1710889
2025-09-10 15:30:00,139.6999969482422,139.89999389648438,138.60000610351562,138.60000610351562,3317495
2025-09-10 16:30:00,141.1999969482422,141.1999969482422,139.8000030517578,139.8000030517578,5795035
2025-09-10 17:30:00,141.6999969482422,141.8000030517578,140.89999389648438,141.1999969482422,2583531
2025-09-11 09:30:00,142.8000030517578,144.10000610351562,141.8000030517578,141.89999389648438,0
2025-09-11 10:30:00,142.8000030517578,143.5,142.60000610351562,142.8000030517578,2262613
2025-09-11 11:30:00,142.39999389648438,143.1999969482422,142.1999969482422,142.8000030517578,1609046
2025-09-11 12:30:00,144.0,147.3000030517578,141.89999389648438,142.39999389648438,14685826
2025-09-11 13:30:00,141.5,144.5,140.60000610351562,144.10000610351562,15711066
2025-09-11 14:30:00,141.0,142.0,140.6999969482422,141.39999389648438,4203221
2025-09-11 15:30:00,140.8000030517578,141.10000610351562,139.8000030517578,141.0,2921128
2025-09-11 16:30:00,138.6999969482422,141.1999969482422,138.39999389648438,140.8000030517578,5077283
2025-09-11 17:30:00,138.0,139.3000030517578,137.6999969482422,138.6999969482422,3516073
2025-09-12 09:30:00,136.6999969482422,138.5,135.6999969482422,138.0,0
2025-09-12 10:30:00,136.89999389648438,137.1999969482422,135.39999389648438,136.6999969482422,2570530
2025-09-12 11:30:00,136.89999389648438,137.39999389648438,136.5,136.89999389648438,1052430
2025-09-12 12:30:00,136.89999389648438,137.3000030517578,136.39999389648438,136.89999389648438,936328
2025-09-12 13:30:00,136.60000610351562,138.0,136.10000610351562,136.89999389648438,1958221
2025-09-12 14:30:00,136.5,136.89999389648438,136.1999969482422,136.60000610351562,1360039
2025-09-12 15:30:00,136.60000610351562,137.6999969482422,136.39999389648438,136.5,1902018
2025-09-12 16:30:00,137.1999969482422,137.60000610351562,136.3000030517578,136.6999969482422,3947394
2025-09-12 17:30:00,137.8000030517578,138.8000030517578,137.0,137.3000030517578,4039437
2025-09-15 09:30:00,138.39999389648438,139.89999389648438,136.5,137.1999969482422,0
2025-09-15 10:30:00,143.10000610351562,145.0,134.6999969482422,138.5,21787207
2025-09-15 11:30:00,144.89999389648438,145.5,143.0,143.10000610351562,19407031
2025-09-15 12:30:00,144.3000030517578,145.10000610351562,144.0,144.8000030517578,6638055
2025-09-15 13:30:00,144.89999389648438,145.1999969482422,143.89999389648438,144.3000030517578,4680299
2025-09-15 14:30:00,145.89999389648438,146.3000030517578,144.89999389648438,145.0,6504777
2025-09-15 15:30:00,145.89999389648438,146.5,145.5,146.0,5360177
2025-09-15 16:30:00,145.60000610351562,146.3000030517578,145.3000030517578,145.8000030517578,3612668
2025-09-15 17:30:00,146.10000610351562,146.3000030517578,145.60000610351562,145.6999969482422,2750213
2025-09-16 09:30:00,145.60000610351562,147.0,145.39999389648438,146.60000610351562,0
2025-09-16 10:30:00,145.6999969482422,146.39999389648438,145.5,145.6999969482422,4876287
2025-09-16 11:30:00,145.8000030517578,146.0,145.39999389648438,145.6999969482422,1454453
2025-09-16 12:30:00,146.3000030517578,146.39999389648438,145.6999969482422,145.8000030517578,1336659
2025-09-16 13:30:00,146.6999969482422,147.89999389648438,146.1999969482422,146.3000030517578,4132261
2025-09-16 14:30:00,147.1999969482422,147.39999389648438,145.6999969482422,146.6999969482422,4533266
2025-09-16 15:30:00,148.5,149.0,146.8000030517578,147.1999969482422,9612717
2025-09-16 16:30:00,148.1999969482422,148.6999969482422,147.8000030517578,148.5,3638118
2025-09-16 17:30:00,149.5,149.89999389648438,148.10000610351562,148.1999969482422,5597425
2025-09-17 09:30:00,149.5,149.8000030517578,148.5,149.60000610351562,0
2025-09-17 10:30:00,149.39999389648438,149.6999969482422,148.8000030517578,149.5,2465738
2025-09-17 11:30:00,148.5,149.60000610351562,148.39999389648438,149.39999389648438,2337180
2025-09-17 12:30:00,148.60000610351562,149.3000030517578,148.10000610351562,148.5,2534390
2025-09-17 13:30:00,149.8000030517578,149.89999389648438,148.5,148.60000610351562,3951778
2025-09-17 14:30:00,149.5,149.89999389648438,148.6999969482422,149.8000030517578,2935392
2025-09-17 15:30:00,149.1999969482422,150.1999969482422,149.0,149.5,4173216
2025-09-17 16:30:00,149.5,149.8000030517578,148.89999389648438,149.1999969482422,3258532
2025-09-17 17:30:00,148.5,149.60000610351562,148.10000610351562,149.60000610351562,3052329
2025-09-18 09:30:00,148.1999969482422,149.1999969482422,148.0,149.10000610351562,0
2025-09-18 10:30:00,148.39999389648438,149.10000610351562,148.10000610351562,148.1999969482422,2146098
2025-09-18 11:30:00,148.39999389648438,148.5,148.1999969482422,148.39999389648438,531903
2025-09-18 12:30:00,148.89999389648438,149.0,148.1999969482422,148.39999389648438,1365172
2025-09-18 13:30:00,148.39999389648438,148.89999389648438,148.3000030517578,148.8000030517578,646143
2025-09-18 14:30:00,148.0,148.60000610351562,147.8000030517578,148.3000030517578,1142833
2025-09-18 15:30:00,147.0,148.1999969482422,146.6999969482422,148.0,2218338
2025-09-18 16:30:00,144.6999969482422,147.0,144.1999969482422,146.89999389648438,5049948
2025-09-18 17:30:00,143.5,144.6999969482422,142.3000030517578,144.6999969482422,3600957
2025-09-19 09:30:00,143.6999969482422,144.1999969482422,143.39999389648438,144.0,0
2025-09-19 10:30:00,144.6999969482422,145.0,143.39999389648438,143.8000030517578,2263352
2025-09-19 11:30:00,145.3000030517578,145.6999969482422,144.60000610351562,144.8000030517578,2298434
2025-09-19 12:30:00,145.10000610351562,145.8000030517578,144.6999969482422,145.39999389648438,1696357
2025-09-19 13:30:00,145.5,145.8000030517578,145.0,145.10000610351562,1085815
2025-09-19 14:30:00,145.8000030517578,146.6999969482422,145.1999969482422,145.5,2752905
2025-09-19 15:30:00,146.60000610351562,148.10000610351562,143.8000030517578,145.89999389648438,10489467
2025-09-19 16:30:00,146.1999969482422,147.89999389648438,145.60000610351562,146.6999969482422,3670602
2025-09-19 17:30:00,148.10000610351562,148.3000030517578,146.1999969482422,146.1999969482422,3823750
2025-09-22 09:30:00,151.10000610351562,152.5,150.5,152.3000030517578,0
2025-09-22 10:30:00,153.0,153.5,151.0,151.1999969482422,8079680
2025-09-22 11:30:00,152.5,152.89999389648438,152.1999969482422,152.89999389648438,2812351
2025-09-22 12:30:00,152.6999969482422,152.89999389648438,152.3000030517578,152.5,1359160
2025-09-22 13:30:00,152.3000030517578,152.89999389648438,152.0,152.6999969482422,1800020
2025-09-22 14:30:00,151.3000030517578,152.3000030517578,151.0,152.1999969482422,2539291
2025-09-22 15:30:00,150.89999389648438,151.39999389648438,150.3000030517578,151.3000030517578,2486652
2025-09-22 16:30:00,150.60000610351562,151.1999969482422,150.5,150.89999389648438,1405923
2025-09-22 17:30:00,149.6999969482422,150.89999389648438,149.6999969482422,150.5,1710558
2025-09-23 09:30:00,148.39999389648438,149.39999389648438,147.39999389648438,147.6999969482422,0
2025-09-23 10:30:00,147.3000030517578,148.39999389648438,147.1999969482422,148.3000030517578,3135619
2025-09-23 11:30:00,147.0,147.5,146.6999969482422,147.3000030517578,2093067
2025-09-23 12:30:00,147.39999389648438,147.5,146.5,147.0,1594524
2025-09-23 13:30:00,147.3000030517578,147.89999389648438,147.1999969482422,147.5,1616414
2025-09-23 14:30:00,146.6999969482422,147.39999389648438,146.10000610351562,147.3000030517578,2050169
2025-09-23 15:30:00,145.6999969482422,146.8000030517578,145.3000030517578,146.8000030517578,3306820
2025-09-23 16:30:00,145.60000610351562,146.10000610351562,145.39999389648438,145.60000610351562,1720663
2025-09-23 17:30:00,146.10000610351562,146.6999969482422,145.39999389648438,145.60000610351562,1610522
2025-09-24 09:30:00,147.0,147.1999969482422,146.3000030517578,147.0,0
2025-09-24 10:30:00,144.1999969482422,147.1999969482422,142.8000030517578,147.0,8387752
2025-09-24 11:30:00,145.6999969482422,146.3000030517578,144.0,144.1999969482422,3417371
2025-09-24 12:30:00,146.1999969482422,146.8000030517578,145.6999969482422,145.8000030517578,1571436
2025-09-24 13:30:00,145.8000030517578,148.10000610351562,145.60000610351562,146.1999969482422,5472078
2025-09-24 14:30:00,145.60000610351562,145.89999389648438,144.89999389648438,145.8000030517578,2355242
2025-09-24 15:30:00,145.10000610351562,145.8000030517578,144.8000030517578,145.60000610351562,1141690
2025-09-24 16:30:00,145.3000030517578,145.8000030517578,144.6999969482422,145.10000610351562,1488279
2025-09-24 17:30:00,145.6999969482422,146.3000030517578,145.1999969482422,145.1999969482422,1517260
2025-09-25 09:30:00,145.89999389648438,147.3000030517578,145.6999969482422,146.8000030517578,0
2025-09-25 10:30:00,145.3000030517578,146.0,145.10000610351562,145.8000030517578,1567315
2025-09-25 11:30:00,144.39999389648438,145.39999389648438,143.89999389648438,145.3000030517578,2449397
2025-09-25 12:30:00,143.89999389648438,144.39999389648438,143.60000610351562,144.3000030517578,1906906
2025-09-25 13:30:00,143.3000030517578,144.1999969482422,142.89999389648438,143.89999389648438,2830439
2025-09-25 14:30:00,143.0,143.39999389648438,142.8000030517578,143.3000030517578,2249928
2025-09-25 15:30:00,142.89999389648438,143.1999969482422,141.89999389648438,143.0,4871869
2025-09-25 16:30:00,143.10000610351562,143.1999969482422,142.5,143.0,2750170
2025-09-25 17:30:00,142.6999969482422,143.1999969482422,142.60000610351562,143.10000610351562,2086528
2025-09-26 09:30:00,143.1999969482422,143.3000030517578,141.6999969482422,141.89999389648438,0
2025-09-26 10:30:00,143.1999969482422,144.1999969482422,142.39999389648438,143.1999969482422,4919109
2025-09-26 11:30:00,142.60000610351562,143.39999389648438,141.3000030517578,143.10000610351562,3237179
2025-09-26 12:30:00,141.5,142.89999389648438,141.3000030517578,142.60000610351562,2380670
2025-09-26 13:30:00,141.0,141.89999389648438,140.8000030517578,141.5,2748666
2025-09-26 14:30:00,140.1999969482422,141.1999969482422,139.8000030517578,141.0,3565758
2025-09-26 15:30:00,140.1999969482422,141.10000610351562,139.60000610351562,140.1999969482422,3807365
2025-09-26 16:30:00,140.89999389648438,141.10000610351562,139.5,140.10000610351562,2953448
2025-09-26 17:30:00,139.89999389648438,141.0,139.8000030517578,140.8000030517578,2659617
2025-09-29 09:30:00,139.8000030517578,139.8000030517578,138.1999969482422,138.1999969482422,0
2025-09-29 10:30:00,139.60000610351562,140.39999389648438,139.3000030517578,139.8000030517578,4880333
2025-09-29 11:30:00,140.0,140.10000610351562,139.39999389648438,139.5,1597414
2025-09-29 12:30:00,139.6999969482422,140.39999389648438,139.39999389648438,140.0,1940883
2025-09-29 13:30:00,139.60000610351562,139.89999389648438,139.1999969482422,139.6999969482422,1400944
2025-09-29 14:30:00,139.0,140.10000610351562,138.6999969482422,139.60000610351562,2550933
2025-09-29 15:30:00,138.1999969482422,139.3000030517578,138.0,139.0,3995649
2025-09-29 16:30:00,138.8000030517578,139.1999969482422,137.8000030517578,138.1999969482422,2440719
2025-09-29 17:30:00,137.6999969482422,138.8000030517578,137.5,138.8000030517578,1582910
2025-09-30 09:30:00,139.5,139.8000030517578,137.8000030517578,138.3000030517578,0
2025-09-30 10:30:00,139.10000610351562,139.89999389648438,139.0,139.5,3744464
2025-09-30 11:30:00,138.39999389648438,139.3000030517578,138.10000610351562,139.10000610351562,4326859
2025-09-30 12:30:00,138.8000030517578,139.39999389648438,138.3000030517578,138.5,2190206
2025-09-30 13:30:00,138.39999389648438,138.8000030517578,137.5,138.8000030517578,3371452
2025-09-30 14:30:00,139.0,139.3000030517578,138.3000030517578,138.39999389648438,2671255
2025-09-30 15:30:00,139.0,139.3000030517578,138.6999969482422,139.0,1851606
2025-09-30 16:30:00,139.10000610351562,140.0,138.0,139.0,3710624
2025-09-30 17:30:00,139.3000030517578,139.39999389648438,138.89999389648438,139.10000610351562,1524256
2025-10-01 09:30:00,141.1999969482422,141.3000030517578,138.3000030517578,139.3000030517578,0
2025-10-01 10:30:00,141.1999969482422,142.1999969482422,140.6999969482422,141.1999969482422,4362092
2025-10-01 11:30:00,142.0,142.3000030517578,140.8000030517578,141.1999969482422,3048706
2025-10-01 12:30:00,141.89999389648438,142.5,141.89999389648438,142.0,1552843
2025-10-01 13:30:00,142.3000030517578,142.5,141.3000030517578,141.8000030517578,2305777
2025-10-01 14:30:00,144.60000610351562,144.89999389648438,142.3000030517578,142.3000030517578,6787139
2025-10-01 15:30:00,146.6999969482422,147.10000610351562,144.3000030517578,144.6999969482422,6978799
2025-10-01 16:30:00,146.39999389648438,147.0,145.8000030517578,146.6999969482422,3909110
2025-10-01 17:30:00,146.0,146.5,145.60000610351562,146.39999389648438,1888071
2025-10-02 09:30:00,145.5,146.8000030517578,144.6999969482422,145.5,0
2025-10-02 10:30:00,144.0,145.60000610351562,143.6999969482422,145.60000610351562,3145792
2025-10-02 11:30:00,142.39999389648438,144.0,141.6999969482422,143.89999389648438,3283354
2025-10-02 12:30:00,142.39999389648438,143.1999969482422,142.10000610351562,142.3000030517578,2198362
2025-10-02 13:30:00,142.60000610351562,143.0,142.1999969482422,142.39999389648438,1392770
2025-10-02 14:30:00,142.6999969482422,142.8000030517578,142.1999969482422,142.60000610351562,1978890
2025-10-02 15:30:00,141.39999389648438,142.6999969482422,141.1999969482422,142.60000610351562,3484633
2025-10-02 16:30:00,140.3000030517578,141.6999969482422,140.10000610351562,141.39999389648438,4670476
2025-10-02 17:30:00,140.1999969482422,140.39999389648438,140.0,140.3000030517578,2059672
2025-10-03 09:30:00,138.10000610351562,141.6999969482422,137.3000030517578,141.5,0
2025-10-03 10:30:00,137.1999969482422,138.3000030517578,136.6999969482422,138.10000610351562,6170762
2025-10-03 11:30:00,137.0,137.3000030517578,136.60000610351562,137.1999969482422,2819985
2025-10-03 12:30:00,135.8000030517578,137.10000610351562,135.60000610351562,137.0,3683373
2025-10-03 13:30:00,136.5,136.89999389648438,135.6999969482422,135.89999389648438,2250109
2025-10-03 14:30:00,136.60000610351562,137.3000030517578,136.3000030517578,136.5,2510688
2025-10-03 15:30:00,135.89999389648438,136.89999389648438,135.3000030517578,136.6999969482422,2454519
2025-10-03 16:30:00,136.3000030517578,136.8000030517578,135.39999389648438,135.89999389648438,3110169
2025-10-03 17:30:00,135.8000030517578,136.3000030517578,135.60000610351562,136.3000030517578,2286485
2025-10-06 09:30:00,136.1999969482422,136.6999969482422,134.89999389648438,136.60000610351562,0
2025-10-06 10:30:00,136.1999969482422,136.8000030517578,135.8000030517578,136.1999969482422,1867975
2025-10-06 11:30:00,136.10000610351562,136.39999389648438,135.89999389648438,136.1999969482422,1069228
2025-10-06 12:30:00,136.39999389648438,136.39999389648438,135.8000030517578,136.10000610351562,884041
2025-10-06 13:30:00,136.3000030517578,136.6999969482422,135.89999389648438,136.39999389648438,1210192
2025-10-06 14:30:00,135.10000610351562,136.3000030517578,134.89999389648438,136.3000030517578,2402430
2025-10-06 15:30:00,134.3000030517578,135.10000610351562,134.1999969482422,135.10000610351562,2213950
2025-10-06 16:30:00,133.6999969482422,134.60000610351562,132.8000030517578,134.3000030517578,5200345
2025-10-06 17:30:00,132.89999389648438,133.6999969482422,132.5,133.6999969482422,2827745
2025-10-07 09:30:00,133.5,134.10000610351562,132.6999969482422,133.10000610351562,0
2025-10-07 10:30:00,132.6999969482422,133.5,132.0,133.5,2960668
2025-10-07 11:30:00,132.3000030517578,133.0,132.10000610351562,132.8000030517578,1350698
2025-10-07 12:30:00,133.10000610351562,133.89999389648438,132.1999969482422,132.39999389648438,4493696
2025-10-07 13:30:00,132.8000030517578,133.89999389648438,132.60000610351562,133.0,2346005
2025-10-07 14:30:00,132.6999969482422,133.6999969482422,132.60000610351562,132.8000030517578,2631688
2025-10-07 15:30:00,133.10000610351562,133.89999389648438,132.0,132.6999969482422,3689152
2025-10-07 16:30:00,133.10000610351562,133.39999389648438,132.5,133.0,2282387
2025-10-07 17:30:00,133.8000030517578,134.1999969482422,133.0,133.0,3116765
2025-10-08 09:30:00,135.10000610351562,135.1999969482422,133.10000610351562,134.3000030517578,0
2025-10-08 10:30:00,135.5,135.89999389648438,134.60000610351562,135.10000610351562,7403844
2025-10-08 11:30:00,134.60000610351562,135.6999969482422,134.39999389648438,135.5,3377249
2025-10-08 12:30:00,134.10000610351562,134.89999389648438,133.60000610351562,134.5,2628679
2025-10-08 13:30:00,133.6999969482422,134.1999969482422,133.60000610351562,134.10000610351562,1535232
2025-10-08 14:30:00,132.0,134.0,131.6999969482422,133.6999969482422,3892760
2025-10-08 15:30:00,131.89999389648438,132.1999969482422,131.1999969482422,132.0,4993377
2025-10-08 16:30:00,131.3000030517578,132.3000030517578,131.1999969482422,131.89999389648438,3396165
2025-10-08 17:30:00,131.1999969482422,131.60000610351562,130.8000030517578,131.3000030517578,3052888
2025-10-09 09:30:00,131.6999969482422,133.1999969482422,131.39999389648438,132.60000610351562,0
2025-10-09 10:30:00,131.3000030517578,131.8000030517578,130.39999389648438,131.6999969482422,3259345
2025-10-09 11:30:00,132.0,132.1999969482422,130.8000030517578,131.39999389648438,2671481
2025-10-09 12:30:00,131.6999969482422,132.1999969482422,131.60000610351562,132.0,695154
2025-10-09 13:30:00,130.89999389648438,131.8000030517578,129.8000030517578,131.60000610351562,2741639
2025-10-09 14:30:00,129.8000030517578,131.3000030517578,129.6999969482422,130.89999389648438,3215475
2025-10-09 15:30:00,130.1999969482422,131.0,129.60000610351562,129.6999969482422,3885567
2025-10-09 16:30:00,129.5,130.39999389648438,129.0,130.10000610351562,3232713
2025-10-09 17:30:00,129.8000030517578,130.0,128.5,129.5,3929012
2025-10-10 09:30:00,131.10000610351562,131.3000030517578,129.6999969482422,130.10000610351562,0
2025-10-10 10:30:00,130.89999389648438,131.3000030517578,130.6999969482422,131.10000610351562,1955131
2025-10-10 11:30:00,130.39999389648438,131.0,130.1999969482422,130.89999389648438,1088833
2025-10-10 12:30:00,130.5,130.89999389648438,130.1999969482422,130.39999389648438,1148692
2025-10-10 13:30:00,130.3000030517578,130.60000610351562,130.0,130.5,783331
2025-10-10 14:30:00,130.10000610351562,130.3000030517578,129.89999389648438,130.3000030517578,1248708
2025-10-10 15:30:00,129.60000610351562,130.3000030517578,129.1999969482422,130.10000610351562,2257696
2025-10-10 16:30:00,130.0,130.39999389648438,128.6999969482422,129.60000610351562,2951975
2025-10-10 17:30:00,130.0,130.3000030517578,129.6999969482422,130.0,2584022
2025-10-13 09:30:00,128.0,128.6999969482422,127.0999984741211,127.5,0
2025-10-13 10:30:00,128.39999389648438,128.60000610351562,127.5999984741211,128.0,1504689
2025-10-13 11:30:00,128.6999969482422,129.39999389648438,128.39999389648438,128.39999389648438,2256542
2025-10-13 12:30:00,128.39999389648438,128.89999389648438,128.10000610351562,128.6999969482422,1144378
2025-10-13 13:30:00,128.1999969482422,128.60000610351562,128.0,128.39999389648438,1762870
2025-10-13 14:30:00,128.0,128.60000610351562,127.80000305175781,128.3000030517578,1793964
2025-10-13 15:30:00,126.5999984741211,128.1999969482422,125.80000305175781,128.0,4269165
2025-10-13 16:30:00,126.9000015258789,127.0999984741211,126.4000015258789,126.5999984741211,2715896
2025-10-13 17:30:00,126.69999694824219,127.0999984741211,126.30000305175781,126.9000015258789,2107798
2025-10-14 09:30:00,125.9000015258789,127.5999984741211,125.69999694824219,127.0,0
2025-10-14 10:30:00,125.69999694824219,126.19999694824219,124.4000015258789,125.9000015258789,4383575
2025-10-14 11:30:00,125.9000015258789,126.30000305175781,125.5999984741211,125.80000305175781,2242531
2025-10-14 12:30:00,126.19999694824219,126.69999694824219,125.80000305175781,125.80000305175781,1479313
2025-10-14 13:30:00,125.0,126.19999694824219,124.9000015258789,126.0999984741211,2274878
2025-10-14 14:30:00,125.0999984741211,125.4000015258789,124.80000305175781,125.0999984741211,2016074
2025-10-14 15:30:00,122.19999694824219,125.19999694824219,122.0,125.0999984741211,7257940
2025-10-14 16:30:00,120.69999694824219,122.4000015258789,120.69999694824219,122.30000305175781,5939609
2025-10-14 17:30:00,119.5,120.9000015258789,119.4000015258789,120.5999984741211,4293966
2025-10-15 09:30:00,120.5999984741211,121.4000015258789,119.5,120.19999694824219,0
2025-10-15 10:30:00,118.9000015258789,120.9000015258789,118.30000305175781,120.5999984741211,7172914
2025-10-15 11:30:00,118.69999694824219,119.30000305175781,118.19999694824219,119.0,3950094
2025-10-15 12:30:00,118.0,118.9000015258789,117.9000015258789,118.80000305175781,3703631
2025-10-15 13:30:00,118.4000015258789,120.0,118.0,118.0,9397641
2025-10-15 14:30:00,117.9000015258789,118.9000015258789,117.5,118.4000015258789,5202214
2025-10-15 15:30:00,118.9000015258789,120.5999984741211,117.80000305175781,118.0,11190080
2025-10-15 16:30:00,118.0,119.19999694824219,117.5,118.9000015258789,7107486
2025-10-15 17:30:00,118.69999694824219,119.30000305175781,117.80000305175781,118.0999984741211,5006763
2025-10-16 09:30:00,119.0999984741211,120.9000015258789,117.5999984741211,117.9000015258789,0
2025-10-16 10:30:00,120.9000015258789,120.9000015258789,118.0,119.0999984741211,10112379
2025-10-16 11:30:00,120.80000305175781,121.80000305175781,120.30000305175781,120.9000015258789,5774821
2025-10-16 12:30:00,121.0999984741211,121.9000015258789,120.4000015258789,120.80000305175781,4935372
2025-10-16 13:30:00,121.5999984741211,121.69999694824219,120.80000305175781,121.0999984741211,2774693
2025-10-16 14:30:00,120.80000305175781,121.5999984741211,120.5,121.5,2980739
2025-10-16 15:30:00,119.80000305175781,121.19999694824219,119.69999694824219,120.80000305175781,3977863
2025-10-16 16:30:00,119.9000015258789,120.30000305175781,119.30000305175781,119.80000305175781,2664639
2025-10-16 17:30:00,120.5,120.80000305175781,119.4000015258789,119.9000015258789,3304736
2025-10-17 09:30:00,118.9000015258789,120.30000305175781,118.69999694824219,119.4000015258789,0
2025-10-17 10:30:00,116.9000015258789,118.9000015258789,116.30000305175781,118.9000015258789,5817891
2025-10-17 11:30:00,115.9000015258789,116.9000015258789,115.4000015258789,116.9000015258789,5482354
2025-10-17 12:30:00,116.9000015258789,117.4000015258789,115.80000305175781,115.9000015258789,3567301
2025-10-17 13:30:00,118.0999984741211,118.30000305175781,116.80000305175781,116.9000015258789,2678424
2025-10-17 14:30:00,119.30000305175781,119.69999694824219,117.5999984741211,118.0999984741211,4961015
2025-10-17 15:30:00,119.19999694824219,120.19999694824219,118.80000305175781,119.4000015258789,5249964
2025-10-17 16:30:00,118.19999694824219,120.0,118.19999694824219,119.19999694824219,4939606
2025-10-17 17:30:00,117.9000015258789,118.5999984741211,117.4000015258789,118.19999694824219,3761787
2025-10-20 09:30:00,118.4000015258789,119.19999694824219,117.80000305175781,118.5999984741211,0
2025-10-20 10:30:00,118.4000015258789,118.80000305175781,117.5999984741211,118.4000015258789,4187543
2025-10-20 11:30:00,119.5,120.19999694824219,118.4000015258789,118.5,6612558
2025-10-20 12:30:00,120.0,120.4000015258789,119.30000305175781,119.5,2296260
2025-10-20 13:30:00,121.80000305175781,122.0,119.5,120.0,4499445
2025-10-20 14:30:00,123.19999694824219,124.0999984741211,121.30000305175781,121.80000305175781,9243036
2025-10-20 15:30:00,123.30000305175781,123.5,122.4000015258789,123.0999984741211,2956303
2025-10-20 16:30:00,123.5999984741211,124.4000015258789,123.0999984741211,123.19999694824219,5748172
2025-10-20 17:30:00,124.0,124.69999694824219,123.5999984741211,123.5999984741211,3271515
2025-10-21 09:30:00,124.5999984741211,124.9000015258789,123.4000015258789,124.4000015258789,0
2025-10-21 10:30:00,124.19999694824219,125.4000015258789,123.5999984741211,124.5999984741211,7040319
2025-10-21 11:30:00,124.5,124.9000015258789,124.19999694824219,124.19999694824219,2604178
2025-10-21 12:30:00,125.19999694824219,125.69999694824219,124.5,124.5,2341402
2025-10-21 13:30:00,124.9000015258789,125.19999694824219,124.30000305175781,125.19999694824219,1993491
2025-10-21 14:30:00,125.0999984741211,125.4000015258789,124.30000305175781,124.9000015258789,2990131
2025-10-21 15:30:00,126.0,126.19999694824219,125.0,125.0999984741211,4893562
2025-10-21 16:30:00,126.80000305175781,127.4000015258789,125.30000305175781,126.0,7637055
2025-10-21 17:30:00,125.69999694824219,126.9000015258789,125.5999984741211,126.80000305175781,1970577
2025-10-22 09:30:00,126.5,126.80000305175781,125.30000305175781,126.5,0
2025-10-22 10:30:00,127.5,127.69999694824219,126.0,126.5,8554528
2025-10-22 11:30:00,127.0,127.69999694824219,126.80000305175781,127.5,2450374
2025-10-22 12:30:00,126.80000305175781,127.30000305175781,126.69999694824219,127.0,1803618
2025-10-22 13:30:00,126.19999694824219,127.0,126.0,126.69999694824219,2463068
2025-10-22 14:30:00,126.30000305175781,126.5,125.69999694824219,126.19999694824219,2441932
2025-10-22 15:30:00,126.19999694824219,126.9000015258789,125.9000015258789,126.19999694824219,1996554
2025-10-22 16:30:00,126.0999984741211,126.80000305175781,126.0,126.19999694824219,2591943
2025-10-22 17:30:00,126.0999984741211,126.9000015258789,126.0,126.0999984741211,2450333
2025-10-23 09:30:00,127.19999694824219,127.5999984741211,126.30000305175781,126.4000015258789,0
2025-10-23 10:30:00,128.0,129.10000610351562,126.9000015258789,127.19999694824219,6633846
2025-10-23 11:30:00,126.80000305175781,128.10000610351562,126.5,127.9000015258789,3587912
2025-10-23 12:30:00,127.30000305175781,127.5,126.30000305175781,126.80000305175781,1900437
2025-10-23 13:30:00,126.5999984741211,127.5999984741211,125.30000305175781,127.30000305175781,13121926
2025-10-23 14:30:00,127.19999694824219,128.39999389648438,126.5999984741211,126.5999984741211,8408374
2025-10-23 15:30:00,126.9000015258789,127.5,126.19999694824219,127.19999694824219,3768241
2025-10-23 16:30:00,127.0999984741211,128.0,126.5,126.9000015258789,3361544
2025-10-23 17:30:00,126.69999694824219,127.19999694824219,126.5,127.0999984741211,2085460
2025-10-24 09:30:00,128.39999389648438,128.89999389648438,126.69999694824219,127.9000015258789,0
2025-10-24 10:30:00,134.60000610351562,135.39999389648438,127.0999984741211,128.3000030517578,39854945
2025-10-24 11:30:00,134.6999969482422,137.8000030517578,134.0,134.6999969482422,29015168
2025-10-24 12:30:00,134.6999969482422,134.8000030517578,133.5,134.60000610351562,5235152
2025-10-24 13:30:00,133.0,135.0,132.6999969482422,134.6999969482422,4810519
2025-10-24 14:30:00,132.60000610351562,133.1999969482422,131.8000030517578,132.89999389648438,7325681
2025-10-24 15:30:00,132.3000030517578,133.0,131.60000610351562,132.6999969482422,5165124
2025-10-24 16:30:00,131.89999389648438,132.89999389648438,131.5,132.3000030517578,3757049
2025-10-24 17:30:00,131.6999969482422,132.0,131.39999389648438,131.89999389648438,2237805
2025-10-27 09:30:00,130.60000610351562,131.39999389648438,130.3000030517578,131.0,5165950
2025-10-27 10:30:00,130.6999969482422,131.10000610351562,129.89999389648438,130.60000610351562,4682000
2025-10-27 11:30:00,130.1999969482422,131.10000610351562,129.89999389648438,130.8000030517578,3542434
2025-10-27 12:30:00,131.10000610351562,131.10000610351562,129.60000610351562,130.10000610351562,3623631
2025-10-27 13:30:00,130.1999969482422,131.3000030517578,129.89999389648438,131.0,3141508
2025-10-27 14:30:00,129.10000610351562,130.39999389648438,128.60000610351562,130.1999969482422,3660590
2025-10-27 15:30:00,129.0,129.5,128.89999389648438,129.10000610351562,1793007
2025-10-27 16:30:00,128.89999389648438,129.10000610351562,128.5,129.10000610351562,2380111
2025-10-28 09:30:00,129.1999969482422,129.3000030517578,128.1999969482422,128.60000610351562,3648871
2025-10-28 10:30:00,129.1999969482422,129.5,128.6999969482422,129.3000030517578,3257095
2025-10-28 11:30:00,128.1999969482422,129.3000030517578,128.10000610351562,129.1999969482422,3147099
2025-10-28 12:30:00,128.0,128.0,128.0,128.0,1222588
2025-10-30 09:30:00,130.1999969482422,131.0,129.6999969482422,130.39999389648438,5992035
2025-10-30 10:30:00,130.1999969482422,131.3000030517578,129.6999969482422,130.3000030517578,7483972
2025-10-30 11:30:00,129.8000030517578,130.3000030517578,129.39999389648438,130.1999969482422,3743690
2025-10-30 12:30:00,129.60000610351562,129.8000030517578,129.1999969482422,129.8000030517578,1761223
2025-10-30 13:30:00,128.60000610351562,130.0,128.1999969482422,129.60000610351562,4355177
2025-10-30 14:30:00,129.3000030517578,129.3000030517578,128.39999389648438,128.5,2160153
2025-10-30 15:30:00,129.8000030517578,130.3000030517578,129.1999969482422,129.3000030517578,4585134
2025-10-30 16:30:00,129.60000610351562,130.39999389648438,129.39999389648438,129.89999389648438,3654168
2025-10-31 09:30:00,129.6999969482422,130.60000610351562,129.1999969482422,130.60000610351562,3514380
2025-10-31 10:30:00,131.3000030517578,131.5,129.39999389648438,129.6999969482422,5662623
2025-10-31 11:30:00,132.39999389648438,132.60000610351562,130.60000610351562,131.39999389648438,8529313
2025-10-31 12:30:00,133.3000030517578,134.60000610351562,131.89999389648438,132.5,8808307
2025-10-31 13:30:00,133.1999969482422,133.60000610351562,132.5,133.3000030517578,2228612
2025-10-31 14:30:00,133.0,133.6999969482422,132.8000030517578,133.1999969482422,2792498
2025-10-31 15:30:00,132.3000030517578,133.10000610351562,132.0,133.10000610351562,3085025
2025-10-31 16:30:00,133.1999969482422,133.6999969482422,131.8000030517578,132.3000030517578,4730839
2025-11-03 09:30:00,137.5,138.89999389648438,134.89999389648438,135.39999389648438,18347896
2025-11-03 10:30:00,137.0,137.6999969482422,136.60000610351562,137.5,5586112
2025-11-03 11:30:00,136.6999969482422,137.0,136.0,137.0,4234089
2025-11-03 12:30:00,136.1999969482422,137.3000030517578,136.10000610351562,136.6999969482422,2820000
2025-11-03 13:30:00,136.3000030517578,136.5,135.89999389648438,136.3000030517578,2665789
2025-11-03 14:30:00,136.10000610351562,136.60000610351562,136.10000610351562,136.1999969482422,1943462
2025-11-03 15:30:00,135.8000030517578,136.3000030517578,135.5,136.1999969482422,2513097
2025-11-03 16:30:00,134.39999389648438,136.0,134.10000610351562,135.8000030517578,5485605
2025-11-04 09:30:00,135.3000030517578,135.39999389648438,133.6999969482422,134.5,4885984
2025-11-04 10:30:00,136.1999969482422,137.10000610351562,135.3000030517578,135.39999389648438,9899235
2025-11-04 11:30:00,134.5,136.3000030517578,133.89999389648438,136.1999969482422,6662007
2025-11-04 12:30:00,133.5,135.1999969482422,133.3000030517578,134.5,5231517
2025-11-04 13:30:00,134.39999389648438,134.39999389648438,133.3000030517578,133.5,2525206
2025-11-04 14:30:00,134.8000030517578,135.10000610351562,134.1999969482422,134.39999389648438,2790762
2025-11-04 15:30:00,135.0,135.3000030517578,134.10000610351562,134.8000030517578,3388929
2025-11-04 16:30:00,134.0,135.0,133.8000030517578,134.89999389648438,2618981
2025-11-05 09:30:00,135.8000030517578,135.89999389648438,134.1999969482422,134.1999969482422,5828901
2025-11-05 10:30:00,136.1999969482422,136.39999389648438,135.10000610351562,135.6999969482422,4375608
2025-11-05 11:30:00,134.89999389648438,136.5,134.8000030517578,136.1999969482422,2679934
2025-11-05 12:30:00,133.0,135.0,132.3000030517578,134.89999389648438,7879212
2025-11-05 13:30:00,133.6999969482422,134.3000030517578,132.8000030517578,132.89999389648438,4068950
2025-11-05 14:30:00,134.1999969482422,134.60000610351562,133.6999969482422,133.6999969482422,2505446
2025-11-05 15:30:00,134.5,134.6999969482422,133.89999389648438,134.10000610351562,1903480
2025-11-05 16:30:00,134.3000030517578,135.1999969482422,134.10000610351562,134.5,3992762
2025-11-06 09:30:00,136.3000030517578,136.60000610351562,135.6999969482422,136.0,5235583
2025-11-06 10:30:00,135.10000610351562,136.5,134.8000030517578,136.3000030517578,3753660
2025-11-06 11:30:00,135.89999389648438,136.0,135.0,135.0,2363264
2025-11-06 12:30:00,135.8000030517578,135.89999389648438,135.1999969482422,135.89999389648438,1209884
2025-11-06 13:30:00,136.3000030517578,136.39999389648438,135.5,135.8000030517578,2601296
2025-11-06 14:30:00,136.60000610351562,137.0,135.89999389648438,136.3000030517578,7077402
2025-11-06 15:30:00,136.8000030517578,137.3000030517578,136.39999389648438,136.60000610351562,4149330
2025-11-06 16:30:00,137.0,137.1999969482422,136.60000610351562,136.6999969482422,2326936
2025-11-07 09:30:00,136.3000030517578,137.0,136.0,136.8000030517578,2533794
2025-11-07 10:30:00,134.0,136.60000610351562,133.89999389648438,136.3000030517578,5582367
2025-11-07 11:30:00,132.1999969482422,134.0,131.5,134.0,8365548
2025-11-07 12:30:00,132.8000030517578,132.89999389648438,131.5,132.1999969482422,2610968
2025-11-07 13:30:00,133.0,133.39999389648438,132.8000030517578,132.8000030517578,2093709
2025-11-07 14:30:00,133.6999969482422,134.0,132.8000030517578,133.10000610351562,2046269
2025-11-07 15:30:00,133.6999969482422,133.8000030517578,133.10000610351562,133.6999969482422,1303878
2025-11-07 16:30:00,132.89999389648438,134.3000030517578,132.0,133.6999969482422,3415507
2025-11-10 09:30:00,134.10000610351562,134.3000030517578,133.3000030517578,134.10000610351562,3193964
2025-11-10 10:30:00,131.60000610351562,134.6999969482422,131.5,134.1999969482422,5962955
2025-11-10 11:30:00,130.8000030517578,131.89999389648438,130.6999969482422,131.60000610351562,4056490
2025-11-10 12:30:00,130.3000030517578,131.39999389648438,130.0,130.89999389648438,2463114
2025-11-10 13:30:00,130.89999389648438,131.0,129.8000030517578,130.3000030517578,2591707
2025-11-10 14:30:00,130.39999389648438,131.0,130.1999969482422,130.8000030517578,1290799
2025-11-10 15:30:00,130.39999389648438,130.60000610351562,130.0,130.39999389648438,1135990
2025-11-10 16:30:00,129.89999389648438,131.1999969482422,129.60000610351562,130.39999389648438,2348009
2025-11-11 09:30:00,130.60000610351562,131.5,129.8000030517578,130.10000610351562,3891890
2025-11-11 10:30:00,131.3000030517578,131.39999389648438,129.89999389648438,130.60000610351562,4760273
2025-11-11 11:30:00,131.10000610351562,132.10000610351562,130.8000030517578,131.39999389648438,2962871
2025-11-11 12:30:00,131.1999969482422,131.39999389648438,130.6999969482422,131.10000610351562,1080812
2025-11-11 13:30:00,130.8000030517578,131.3000030517578,130.60000610351562,131.1999969482422,1187339
2025-11-11 14:30:00,126.9000015258789,131.3000030517578,125.5,130.8000030517578,7624655
2025-11-11 15:30:00,128.1999969482422,129.8000030517578,124.19999694824219,126.80000305175781,16856276
2025-11-11 16:30:00,128.5,129.10000610351562,127.69999694824219,128.1999969482422,5890450
2025-11-12 09:30:00,128.1999969482422,129.3000030517578,127.80000305175781,129.3000030517578,3130745
2025-11-12 10:30:00,130.0,130.39999389648438,128.0,128.1999969482422,4296646
2025-11-12 11:30:00,129.39999389648438,130.1999969482422,129.1999969482422,130.0,1840444
2025-11-12 12:30:00,129.60000610351562,130.39999389648438,129.3000030517578,129.3000030517578,1897497
2025-11-12 13:30:00,130.10000610351562,130.89999389648438,129.39999389648438,129.60000610351562,2916114
2025-11-12 14:30:00,129.1999969482422,130.3000030517578,129.10000610351562,130.0,1817060
2025-11-12 15:30:00,129.0,129.60000610351562,128.60000610351562,129.1999969482422,2919724
2025-11-12 16:30:00,129.3000030517578,129.6999969482422,128.5,128.89999389648438,3273034
2025-11-13 09:30:00,129.39999389648438,130.39999389648438,129.1999969482422,129.8000030517578,3142147
2025-11-13 10:30:00,129.8000030517578,130.10000610351562,129.0,129.5,2320829
2025-11-13 11:30:00,130.1999969482422,130.89999389648438,129.8000030517578,129.89999389648438,2824859
2025-11-13 12:30:00,130.60000610351562,130.6999969482422,130.0,130.10000610351562,984887
2025-11-13 13:30:00,129.3000030517578,130.8000030517578,129.1999969482422,130.60000610351562,1640781
2025-11-13 14:30:00,130.3000030517578,130.39999389648438,129.1999969482422,129.1999969482422,1273513
2025-11-13 15:30:00,129.60000610351562,130.3000030517578,129.5,130.3000030517578,1479484
2025-11-13 16:30:00,129.10000610351562,129.8000030517578,128.39999389648438,129.60000610351562,3149384
2025-11-14 09:30:00,129.3000030517578,129.6999969482422,128.39999389648438,129.0,2554277
2025-11-14 10:30:00,129.8000030517578,130.39999389648438,128.89999389648438,129.1999969482422,2842890
2025-11-14 11:30:00,129.6999969482422,130.0,129.39999389648438,129.8000030517578,983598
2025-11-14 12:30:00,129.3000030517578,129.8000030517578,129.0,129.6999969482422,1234249
2025-11-14 13:30:00,129.0,129.6999969482422,128.89999389648438,129.3000030517578,1123002
2025-11-14 14:30:00,128.6999969482422,129.1999969482422,128.39999389648438,129.10000610351562,1904608
2025-11-14 15:30:00,128.1999969482422,128.8000030517578,127.9000015258789,128.6999969482422,1466531
2025-11-14 16:30:00,128.1999969482422,128.6999969482422,128.0,128.1999969482422,942831
2025-11-17 09:30:00,129.8000030517578,130.60000610351562,129.10000610351562,130.10000610351562,6627188
2025-11-17 10:30:00,128.1999969482422,129.8000030517578,128.0,129.6999969482422,5284860
2025-11-17 11:30:00,127.80000305175781,128.5,127.80000305175781,128.3000030517578,2739607
2025-11-17 12:30:00,127.69999694824219,128.0,127.30000305175781,127.9000015258789,2447967
2025-11-17 13:30:00,129.10000610351562,129.1999969482422,127.5999984741211,127.69999694824219,5104405
2025-11-17 14:30:00,129.39999389648438,129.89999389648438,129.0,129.10000610351562,5045191
2025-11-17 15:30:00,128.3000030517578,129.5,128.0,129.5,3395868
2025-11-17 16:30:00,127.69999694824219,128.39999389648438,127.19999694824219,128.3000030517578,4272039
2025-11-18 09:30:00,128.60000610351562,128.6999969482422,127.19999694824219,127.5,4385566
2025-11-18 10:30:00,129.0,130.1999969482422,128.5,128.60000610351562,8212465
2025-11-18 11:30:00,128.89999389648438,129.6999969482422,128.8000030517578,128.89999389648438,2072227
2025-11-18 12:30:00,128.3000030517578,129.0,128.1999969482422,128.89999389648438,2059942
2025-11-18 13:30:00,129.39999389648438,129.89999389648438,128.1999969482422,128.3000030517578,2381424
2025-11-18 14:30:00,129.3000030517578,129.6999969482422,129.0,129.5,1584939
2025-11-18 15:30:00,129.10000610351562,129.6999969482422,128.60000610351562,129.3000030517578,2226094
2025-11-18 16:30:00,128.6999969482422,129.5,128.1999969482422,129.0,2082994
2025-11-19 09:30:00,129.89999389648438,130.1999969482422,129.10000610351562,130.0,3795185
2025-11-19 10:30:00,132.8000030517578,132.89999389648438,129.60000610351562,129.89999389648438,10641270
2025-11-19 11:30:00,132.8000030517578,133.3000030517578,132.0,132.8000030517578,6171607
2025-11-19 12:30:00,132.8000030517578,133.3000030517578,132.60000610351562,132.8000030517578,2222586
2025-11-19 13:30:00,132.6999969482422,133.10000610351562,132.3000030517578,132.6999969482422,3162291
2025-11-19 14:30:00,133.10000610351562,133.39999389648438,132.60000610351562,132.8000030517578,2804069
2025-11-19 15:30:00,133.6999969482422,134.1999969482422,133.10000610351562,133.10000610351562,4510424
2025-11-19 16:30:00,133.10000610351562,134.0,132.6999969482422,133.6999969482422,2201864
2025-11-20 09:30:00,134.0,134.39999389648438,132.8000030517578,133.39999389648438,5123328
2025-11-20 10:30:00,133.1999969482422,134.10000610351562,132.8000030517578,134.0,4414076
2025-11-20 11:30:00,132.8000030517578,133.3000030517578,132.60000610351562,133.3000030517578,1729985
2025-11-20 12:30:00,133.10000610351562,133.1999969482422,132.60000610351562,132.89999389648438,801896
2025-11-20 13:30:00,133.1999969482422,133.5,132.8000030517578,133.10000610351562,1533859
2025-11-20 14:30:00,133.3000030517578,133.5,132.8000030517578,133.3000030517578,1855572
2025-11-20 15:30:00,133.6999969482422,133.6999969482422,133.10000610351562,133.39999389648438,1598915
2025-11-20 16:30:00,134.3000030517578,134.89999389648438,133.5,133.60000610351562,5086225
2025-11-21 09:30:00,134.1999969482422,134.60000610351562,133.6999969482422,134.60000610351562,3819615
2025-11-21 10:30:00,133.89999389648438,134.3000030517578,133.0,134.10000610351562,3766049
2025-11-21 11:30:00,133.0,134.0,132.8000030517578,133.89999389648438,2495392
2025-11-21 12:30:00,132.39999389648438,133.3000030517578,132.10000610351562,133.10000610351562,2724189
2025-11-21 13:30:00,132.6999969482422,132.89999389648438,132.1999969482422,132.39999389648438,1477636
2025-11-21 14:30:00,132.3000030517578,132.6999969482422,132.0,132.6999969482422,1181413
2025-11-21 15:30:00,132.60000610351562,133.10000610351562,132.3000030517578,132.39999389648438,1979501
2025-11-21 16:30:00,133.0,133.5,132.60000610351562,132.6999969482422,2740215
2025-11-24 09:30:00,133.8000030517578,134.0,132.0,132.0,6106424
2025-11-24 10:30:00,133.6999969482422,134.60000610351562,133.0,133.89999389648438,6302075
2025-11-24 11:30:00,133.6999969482422,134.0,132.60000610351562,133.6999969482422,2713266
2025-11-24 12:30:00,134.5,135.0,133.60000610351562,133.6999969482422,3064377
2025-11-24 13:30:00,134.1999969482422,134.60000610351562,134.10000610351562,134.5,1552281
2025-11-24 14:30:00,135.5,135.60000610351562,134.10000610351562,134.1999969482422,2859365
2025-11-24 15:30:00,135.0,135.60000610351562,134.5,135.60000610351562,1959783
2025-11-24 16:30:00,135.1999969482422,135.5,134.89999389648438,135.0,1642161
2025-11-25 09:30:00,136.10000610351562,136.8000030517578,135.10000610351562,135.6999969482422,5613575
2025-11-25 10:30:00,137.39999389648438,137.5,135.89999389648438,136.10000610351562,7024273
2025-11-25 11:30:00,136.39999389648438,137.39999389648438,136.39999389648438,137.39999389648438,3048544
2025-11-25 12:30:00,136.60000610351562,136.60000610351562,135.89999389648438,136.39999389648438,2123138
2025-11-25 13:30:00,135.39999389648438,136.6999969482422,135.10000610351562,136.60000610351562,2752787
2025-11-25 14:30:00,135.8000030517578,136.1999969482422,135.1999969482422,135.39999389648438,2001505
2025-11-25 15:30:00,136.60000610351562,138.3000030517578,135.6999969482422,135.8000030517578,7946270
2025-11-25 16:30:00,136.3000030517578,137.1999969482422,135.5,136.60000610351562,3721633
2025-11-26 09:30:00,137.39999389648438,137.8000030517578,136.6999969482422,137.1999969482422,2903643
2025-11-26 10:30:00,137.3000030517578,137.6999969482422,136.6999969482422,137.39999389648438,3428061
2025-11-26 11:30:00,136.89999389648438,137.5,136.8000030517578,137.39999389648438,1431588
2025-11-26 12:30:00,136.1999969482422,137.0,135.89999389648438,136.89999389648438,3002346
2025-11-26 13:30:00,136.8000030517578,137.0,136.10000610351562,136.1999969482422,1268756
2025-11-26 14:30:00,136.60000610351562,137.0,136.39999389648438,136.89999389648438,1226705
2025-11-26 15:30:00,137.39999389648438,137.5,136.39999389648438,136.60000610351562,4675031
2025-11-26 16:30:00,138.10000610351562,138.5,137.3000030517578,137.3000030517578,6416381
2025-11-27 09:30:00,139.3000030517578,140.0,138.89999389648438,138.89999389648438,4419424
2025-11-27 10:30:00,138.89999389648438,139.60000610351562,138.5,139.1999969482422,3503405
2025-11-27 11:30:00,139.60000610351562,139.6999969482422,138.8000030517578,139.0,1672505
2025-11-27 12:30:00,139.39999389648438,139.6999969482422,139.3000030517578,139.60000610351562,550769
2025-11-27 13:30:00,139.10000610351562,139.60000610351562,138.60000610351562,139.5,1551076
2025-11-27 14:30:00,139.8000030517578,139.89999389648438,139.10000610351562,139.10000610351562,2688560
2025-11-27 15:30:00,139.39999389648438,139.89999389648438,139.1999969482422,139.6999969482422,1282282
2025-11-27 16:30:00,138.6999969482422,140.3000030517578,138.39999389648438,139.5,5765001
2025-11-28 09:30:00,139.39999389648438,139.39999389648438,138.10000610351562,138.39999389648438,2985449
2025-11-28 10:30:00,138.89999389648438,139.39999389648438,138.10000610351562,139.3000030517578,4034441
2025-11-28 11:30:00,138.89999389648438,139.1999969482422,138.60000610351562,138.89999389648438,2075429
2025-11-28 12:30:00,138.8000030517578,139.10000610351562,138.6999969482422,138.89999389648438,637601
2025-11-28 13:30:00,139.0,139.10000610351562,138.3000030517578,138.8000030517578,1295451
2025-11-28 14:30:00,138.6999969482422,139.39999389648438,138.60000610351562,139.0,2357802
2025-11-28 15:30:00,138.39999389648438,138.89999389648438,138.0,138.6999969482422,2683641
2025-11-28 16:30:00,138.6999969482422,139.60000610351562,138.3000030517578,138.39999389648438,5041546
2025-12-01 09:30:00,138.0,139.10000610351562,137.3000030517578,138.6999969482422,4215804
2025-12-01 10:30:00,140.60000610351562,140.8000030517578,137.89999389648438,138.0,8298547
2025-12-01 11:30:00,141.3000030517578,141.39999389648438,140.0,140.6999969482422,3848914
2025-12-01 12:30:00,141.10000610351562,141.8000030517578,141.10000610351562,141.1999969482422,3490849
2025-12-01 13:30:00,142.39999389648438,142.8000030517578,141.10000610351562,141.1999969482422,4440437
2025-12-01 14:30:00,142.0,142.60000610351562,141.89999389648438,142.39999389648438,2089402
2025-12-01 15:30:00,142.6999969482422,143.0,141.8000030517578,142.0,3106771
2025-12-01 16:30:00,142.5,143.60000610351562,142.39999389648438,142.8000030517578,4851733
2025-12-02 09:30:00,142.39999389648438,143.5,142.1999969482422,142.6999969482422,4742191
2025-12-02 10:30:00,143.1999969482422,144.0,142.3000030517578,142.39999389648438,5474975
2025-12-02 11:30:00,142.89999389648438,143.6999969482422,142.8000030517578,143.3000030517578,2838106
2025-12-02 12:30:00,142.39999389648438,143.0,142.0,142.89999389648438,2545208
2025-12-02 13:30:00,141.8000030517578,142.5,141.5,142.3000030517578,2577457
2025-12-02 14:30:00,142.0,142.39999389648438,141.39999389648438,141.6999969482422,1849985
2025-12-02 15:30:00,141.89999389648438,142.10000610351562,141.0,142.0,2630795
2025-12-02 16:30:00,141.89999389648438,142.10000610351562,141.39999389648438,141.89999389648438,2568634
2025-12-03 09:30:00,143.0,143.3000030517578,140.5,142.5,24186016
2025-12-03 10:30:00,142.39999389648438,143.10000610351562,141.6999969482422,142.89999389648438,10224797
2025-12-03 11:30:00,141.8000030517578,142.5,141.60000610351562,142.39999389648438,4307041
2025-12-03 12:30:00,141.60000610351562,142.0,141.10000610351562,141.8000030517578,2805427
2025-12-03 13:30:00,140.3000030517578,141.60000610351562,139.8000030517578,141.60000610351562,5592102
2025-12-03 14:30:00,141.89999389648438,143.0,140.1999969482422,140.3000030517578,11014782
2025-12-03 15:30:00,142.0,142.39999389648438,141.6999969482422,141.8000030517578,5998510
2025-12-03 16:30:00,142.39999389648438,143.1999969482422,142.0,142.0,8296946
2025-12-04 09:30:00,141.89999389648438,143.5,141.89999389648438,142.1999969482422,7361599
2025-12-04 10:30:00,142.60000610351562,142.8000030517578,141.60000610351562,142.0,5546291
2025-12-04 11:30:00,141.89999389648438,142.6999969482422,141.6999969482422,142.5,3157076
2025-12-04 12:30:00,141.89999389648438,142.3000030517578,141.8000030517578,141.89999389648438,1493464
2025-12-04 13:30:00,140.6999969482422,141.89999389648438,140.5,141.8000030517578,3810685
2025-12-04 14:30:00,140.39999389648438,141.10000610351562,140.3000030517578,140.60000610351562,2158233
2025-12-04 15:30:00,138.89999389648438,140.39999389648438,138.89999389648438,140.39999389648438,4208453
2025-12-04 16:30:00,138.8000030517578,139.10000610351562,137.0,138.89999389648438,6776905
2025-12-05 09:30:00,139.3000030517578,139.8000030517578,136.60000610351562,137.3000030517578,6655255
2025-12-05 10:30:00,141.0,141.3000030517578,138.6999969482422,139.1999969482422,8604042
2025-12-05 11:30:00,140.10000610351562,141.10000610351562,139.6999969482422,141.0,2443837
2025-12-05 12:30:00,140.39999389648438,140.39999389648438,139.6999969482422,140.10000610351562,1120072
2025-12-05 13:30:00,139.8000030517578,140.6999969482422,139.8000030517578,140.39999389648438,1874204
2025-12-05 14:30:00,140.10000610351562,140.3000030517578,139.3000030517578,139.8000030517578,2010210
2025-12-05 15:30:00,140.39999389648438,140.39999389648438,139.39999389648438,140.1999969482422,1599348
2025-12-05 16:30:00,141.39999389648438,141.5,140.10000610351562,140.3000030517578,6244326
2025-12-08 09:30:00,142.6999969482422,143.3000030517578,142.5,143.1999969482422,4997077
2025-12-08 10:30:00,142.3000030517578,143.10000610351562,142.1999969482422,142.8000030517578,3284495
2025-12-08 11:30:00,142.3000030517578,142.60000610351562,141.6999969482422,142.3000030517578,3507069
2025-12-08 12:30:00,143.6999969482422,144.3000030517578,142.3000030517578,142.3000030517578,8150280
2025-12-08 13:30:00,142.60000610351562,144.10000610351562,142.3000030517578,143.6999969482422,5922171
2025-12-08 14:30:00,142.89999389648438,143.0,142.39999389648438,142.60000610351562,2976799
2025-12-08 15:30:00,142.6999969482422,143.0,142.5,142.89999389648438,2195583
2025-12-08 16:30:00,140.89999389648438,142.8000030517578,140.60000610351562,142.6999969482422,7577855
2025-12-09 09:30:00,142.0,142.3000030517578,141.0,141.60000610351562,4633843
2025-12-09 10:30:00,142.0,142.6999969482422,141.6999969482422,142.0,3884932
2025-12-09 11:30:00,140.39999389648438,142.10000610351562,140.0,142.0,4032094
2025-12-09 12:30:00,140.0,140.6999969482422,139.89999389648438,140.39999389648438,1830910
2025-12-09 13:30:00,140.10000610351562,140.3000030517578,139.8000030517578,140.0,1797379
2025-12-09 14:30:00,140.0,140.39999389648438,139.89999389648438,140.10000610351562,1548832
2025-12-09 15:30:00,140.89999389648438,141.0,140.0,140.0,3451612
2025-12-09 16:30:00,140.60000610351562,140.89999389648438,140.1999969482422,140.8000030517578,2043950
2025-12-10 09:30:00,140.8000030517578,141.1999969482422,140.10000610351562,140.89999389648438,4037402
2025-12-10 10:30:00,140.10000610351562,141.10000610351562,139.60000610351562,140.8000030517578,3300237
2025-12-10 11:30:00,139.5,140.39999389648438,139.10000610351562,140.0,3955328
2025-12-10 12:30:00,140.10000610351562,140.39999389648438,139.60000610351562,139.60000610351562,1514096
2025-12-10 13:30:00,140.89999389648438,141.0,140.0,140.10000610351562,2506530
2025-12-10 14:30:00,141.1999969482422,141.5,140.60000610351562,141.0,3088168
2025-12-10 15:30:00,140.5,141.39999389648438,140.0,141.10000610351562,2443667
2025-12-10 16:30:00,140.39999389648438,140.60000610351562,138.3000030517578,140.5,6972359
2025-12-11 09:30:00,140.6999969482422,140.89999389648438,139.89999389648438,140.10000610351562,4116011
2025-12-11 10:30:00,140.1999969482422,140.8000030517578,139.8000030517578,140.60000610351562,2391072
2025-12-11 11:30:00,140.60000610351562,140.6999969482422,139.6999969482422,140.1999969482422,2059374
2025-12-11 12:30:00,140.39999389648438,140.8000030517578,140.3000030517578,140.60000610351562,1616443
2025-12-11 13:30:00,140.1999969482422,140.60000610351562,139.1999969482422,140.5,8031359
2025-12-11 14:30:00,139.3000030517578,141.0,139.1999969482422,140.1999969482422,8352779
2025-12-11 15:30:00,138.8000030517578,139.8000030517578,138.6999969482422,139.3000030517578,3169370
2025-12-11 16:30:00,139.5,140.10000610351562,138.60000610351562,138.6999969482422,3596412
2025-12-12 09:30:00,139.89999389648438,141.0,139.8000030517578,140.0,4589331
2025-12-12 10:30:00,140.0,140.39999389648438,139.6999969482422,139.89999389648438,2578341
2025-12-12 11:30:00,138.8000030517578,140.10000610351562,138.6999969482422,140.0,2958418
2025-12-12 12:30:00,139.60000610351562,139.60000610351562,138.5,138.8000030517578,2013082
2025-12-12 13:30:00,139.5,139.8000030517578,139.3000030517578,139.60000610351562,1372203
2025-12-12 14:30:00,139.39999389648438,139.60000610351562,139.1999969482422,139.60000610351562,1053335
2025-12-12 15:30:00,139.89999389648438,140.1999969482422,139.3000030517578,139.39999389648438,3105811
2025-12-12 16:30:00,139.89999389648438,140.5,139.8000030517578,139.89999389648438,2978140
2025-12-15 09:30:00,140.6999969482422,141.10000610351562,140.3000030517578,140.6999969482422,2968246
2025-12-15 10:30:00,142.10000610351562,142.3000030517578,140.6999969482422,140.8000030517578,7645230
2025-12-15 11:30:00,141.89999389648438,142.1999969482422,141.6999969482422,142.0,1876834
2025-12-15 12:30:00,142.0,142.10000610351562,141.5,141.8000030517578,2042254
2025-12-15 13:30:00,142.0,142.10000610351562,141.8000030517578,141.89999389648438,1100286
2025-12-15 14:30:00,141.8000030517578,142.10000610351562,141.5,141.89999389648438,1974631
2025-12-15 15:30:00,141.3000030517578,142.0,141.1999969482422,141.6999969482422,1927787
2025-12-15 16:30:00,141.39999389648438,141.60000610351562,140.89999389648438,141.1999969482422,2311227
2025-12-16 09:30:00,140.3000030517578,141.6999969482422,140.10000610351562,141.6999969482422,3865145
2025-12-16 10:30:00,139.8000030517578,141.0,139.6999969482422,140.3000030517578,5124945
2025-12-16 11:30:00,139.5,140.39999389648438,139.39999389648438,139.8000030517578,2977482
2025-12-16 12:30:00,139.0,139.60000610351562,138.89999389648438,139.5,2152539
2025-12-16 13:30:00,138.39999389648438,139.1999969482422,138.1999969482422,139.10000610351562,2284839
2025-12-16 14:30:00,138.6999969482422,138.8000030517578,138.3000030517578,138.3000030517578,1845960
2025-12-16 15:30:00,138.8000030517578,139.1999969482422,138.60000610351562,138.6999969482422,1238015
2025-12-16 16:30:00,139.39999389648438,139.5,138.60000610351562,138.8000030517578,2528658
2025-12-17 09:30:00,139.8000030517578,140.0,138.39999389648438,139.3000030517578,4174847
2025-12-17 10:30:00,140.1999969482422,141.10000610351562,139.6999969482422,139.8000030517578,5449591
2025-12-17 11:30:00,139.39999389648438,140.3000030517578,139.10000610351562,140.10000610351562,2010499
2025-12-17 12:30:00,139.1999969482422,139.5,139.10000610351562,139.39999389648438,1025351
2025-12-17 13:30:00,139.3000030517578,139.39999389648438,139.10000610351562,139.3000030517578,886704
2025-12-17 14:30:00,140.0,140.3000030517578,139.3000030517578,139.3000030517578,2525419
2025-12-17 15:30:00,140.60000610351562,140.6999969482422,139.8000030517578,140.0,1567128
2025-12-17 16:30:00,140.1999969482422,140.6999969482422,140.0,140.6999969482422,2745846
2025-12-18 09:30:00,141.60000610351562,141.89999389648438,140.8000030517578,140.8000030517578,6228161
2025-12-18 10:30:00,141.6999969482422,142.10000610351562,141.1999969482422,141.60000610351562,4756277
2025-12-18 11:30:00,141.3000030517578,141.6999969482422,141.10000610351562,141.60000610351562,1515642
2025-12-18 12:30:00,141.10000610351562,141.39999389648438,141.0,141.3000030517578,698539
2025-12-18 13:30:00,141.89999389648438,142.1999969482422,141.10000610351562,141.1999969482422,3087768
2025-12-18 14:30:00,142.5,142.6999969482422,141.8000030517578,141.89999389648438,4597355
2025-12-18 15:30:00,142.1999969482422,142.60000610351562,142.10000610351562,142.5,1827748
2025-12-18 16:30:00,143.1999969482422,143.39999389648438,142.1999969482422,142.3000030517578,5646105
2025-12-19 09:30:00,142.39999389648438,143.89999389648438,142.3000030517578,143.60000610351562,2924198
2025-12-19 10:30:00,143.8000030517578,144.0,142.1999969482422,142.3000030517578,4575791
2025-12-19 11:30:00,143.1999969482422,143.89999389648438,143.1999969482422,143.8000030517578,1588259
2025-12-19 12:30:00,143.3000030517578,143.3000030517578,142.89999389648438,143.1999969482422,933959
2025-12-19 13:30:00,142.8000030517578,143.5,142.5,143.3000030517578,1401530
2025-12-19 14:30:00,142.6999969482422,143.0,142.3000030517578,142.8000030517578,1873288
2025-12-19 15:30:00,141.8000030517578,143.0,141.60000610351562,142.8000030517578,4255183
2025-12-19 16:30:00,142.3000030517578,142.39999389648438,141.39999389648438,141.8000030517578,3665319
2025-12-22 09:30:00,142.6999969482422,143.39999389648438,142.10000610351562,142.39999389648438,4475302
2025-12-22 10:30:00,143.89999389648438,144.8000030517578,142.5,142.6999969482422,7572064
2025-12-22 11:30:00,143.5,144.10000610351562,143.39999389648438,143.89999389648438,2272837
2025-12-22 12:30:00,143.5,143.6999969482422,143.0,143.5,1451770
2025-12-22 13:30:00,143.60000610351562,143.6999969482422,143.1999969482422,143.60000610351562,1271773
2025-12-22 14:30:00,143.5,143.8000030517578,143.3000030517578,143.60000610351562,851033
2025-12-22 15:30:00,143.5,144.0,143.39999389648438,143.60000610351562,1782718
2025-12-22 16:30:00,143.5,143.6999969482422,142.6999969482422,143.5,4121971
2025-12-23 09:30:00,143.89999389648438,144.10000610351562,143.1999969482422,143.60000610351562,3328501
2025-12-23 10:30:00,144.5,145.0,143.60000610351562,144.0,5010193
2025-12-23 11:30:00,143.89999389648438,144.6999969482422,143.89999389648438,144.39999389648438,1629832
2025-12-23 12:30:00,142.39999389648438,144.10000610351562,142.3000030517578,143.89999389648438,3577945
2025-12-23 13:30:00,142.5,142.89999389648438,141.89999389648438,142.39999389648438,2377912
2025-12-23 14:30:00,142.89999389648438,143.10000610351562,142.5,142.5,1213623
2025-12-23 15:30:00,143.1999969482422,143.1999969482422,142.5,142.89999389648438,1052217
2025-12-23 16:30:00,142.39999389648438,143.60000610351562,142.1999969482422,143.10000610351562,2927112
2025-12-24 09:30:00,143.5,143.6999969482422,142.1999969482422,142.60000610351562,3219196
2025-12-24 10:30:00,143.0,143.5,142.5,143.5,2135721
2025-12-24 11:30:00,143.5,143.6999969482422,142.89999389648438,143.0,1915209
2025-12-24 12:30:00,142.8000030517578,143.60000610351562,142.6999969482422,143.5,916697
2025-12-24 13:30:00,142.8000030517578,143.60000610351562,142.6999969482422,142.89999389648438,1282930
2025-12-24 14:30:00,142.5,143.10000610351562,142.10000610351562,142.8000030517578,1926573
2025-12-24 15:30:00,142.5,143.10000610351562,141.3000030517578,142.5,4857244
2025-12-24 16:30:00,142.0,142.6999969482422,141.8000030517578,142.39999389648438,1642729
2025-12-25 09:30:00,141.89999389648438,142.10000610351562,141.3000030517578,141.60000610351562,1444066
2025-12-25 10:30:00,141.8000030517578,142.3000030517578,141.6999969482422,141.89999389648438,1042295
2025-12-25 11:30:00,141.60000610351562,142.0,141.60000610351562,141.6999969482422,726876
2025-12-25 12:30:00,141.8000030517578,141.8000030517578,141.60000610351562,141.6999969482422,172603
2025-12-25 13:30:00,141.6999969482422,141.89999389648438,141.60000610351562,141.8000030517578,291269
2025-12-25 14:30:00,141.60000610351562,141.8000030517578,141.39999389648438,141.8000030517578,590250
2025-12-25 15:30:00,141.5,141.60000610351562,141.3000030517578,141.5,376017
2025-12-25 16:30:00,140.8000030517578,141.5,140.5,141.5,1070984
2025-12-26 09:30:00,140.8000030517578,141.39999389648438,140.60000610351562,140.89999389648438,1381611
2025-12-26 10:30:00,139.1999969482422,140.8000030517578,139.0,140.8000030517578,3032973
2025-12-26 11:30:00,138.5,139.39999389648438,138.39999389648438,139.1999969482422,2480173
2025-12-26 12:30:00,138.3000030517578,138.8000030517578,137.6999969482422,138.5,2554618
2025-12-26 13:30:00,138.1999969482422,138.3000030517578,137.8000030517578,138.3000030517578,858779
2025-12-26 14:30:00,138.5,138.6999969482422,137.6999969482422,138.10000610351562,1433260
2025-12-26 15:30:00,138.6999969482422,138.8000030517578,137.89999389648438,138.5,1570958
2025-12-26 16:30:00,139.3000030517578,139.39999389648438,138.3000030517578,138.6999969482422,3529922
2025-12-29 09:30:00,138.89999389648438,139.8000030517578,138.60000610351562,139.10000610351562,1775366
2025-12-29 10:30:00,140.0,140.1999969482422,138.5,138.89999389648438,2733869
2025-12-29 11:30:00,141.6999969482422,141.89999389648438,140.0,140.10000610351562,4397323
2025-12-29 12:30:00,141.89999389648438,142.0,141.5,141.6999969482422,1923877
2025-12-29 13:30:00,142.3000030517578,142.60000610351562,141.8000030517578,141.89999389648438,2895671
2025-12-29 14:30:00,141.8000030517578,142.39999389648438,141.6999969482422,142.39999389648438,1523798
2025-12-29 15:30:00,141.3000030517578,141.89999389648438,141.0,141.8000030517578,1876983
2025-12-29 16:30:00,141.60000610351562,141.8000030517578,140.89999389648438,141.3000030517578,1559198
2025-12-30 09:30:00,141.0,141.89999389648438,140.8000030517578,141.39999389648438,2885215
2025-12-30 10:30:00,140.6999969482422,141.60000610351562,140.39999389648438,141.0,3428200
2025-12-30 11:30:00,141.0,141.3000030517578,140.1999969482422,140.60000610351562,1831532
2025-12-30 12:30:00,141.3000030517578,141.6999969482422,141.0,141.0,1103718
2025-12-30 13:30:00,141.1999969482422,141.39999389648438,140.89999389648438,141.3000030517578,1089486
2025-12-30 14:30:00,142.10000610351562,142.5,141.10000610351562,141.1999969482422,2469764
2025-12-30 15:30:00,141.89999389648438,142.39999389648438,141.39999389648438,142.10000610351562,1537684
2025-12-30 16:30:00,142.0,142.1999969482422,141.6999969482422,142.0,1479174
2025-12-31 09:30:00,142.8000030517578,143.1999969482422,142.5,142.8000030517578,2280806
2025-12-31 10:30:00,144.3000030517578,144.5,142.60000610351562,142.8000030517578,3852370
2025-12-31 11:30:00,143.39999389648438,144.3000030517578,143.39999389648438,144.1999969482422,1758697
2025-12-31 12:30:00,143.5,143.6999969482422,143.3000030517578,143.39999389648438,596801
2025-12-31 13:30:00,144.3000030517578,144.60000610351562,143.5,143.5,4041275
2025-12-31 14:30:00,144.1999969482422,144.60000610351562,144.0,144.39999389648438,1880322
2025-12-31 15:30:00,144.0,144.39999389648438,143.89999389648438,144.3000030517578,1274898
2025-12-31 16:30:00,143.6999969482422,144.10000610351562,143.5,144.0,1934178
2026-01-02 09:30:00,144.8000030517578,145.0,144.10000610351562,144.3000030517578,5162256
2026-01-02 10:30:00,145.60000610351562,145.8000030517578,144.39999389648438,144.6999969482422,5015406
2026-01-02 11:30:00,146.10000610351562,146.3000030517578,145.39999389648438,145.60000610351562,3452656
2026-01-02 12:30:00,146.89999389648438,146.89999389648438,146.0,146.10000610351562,2176314
2026-01-02 13:30:00,147.89999389648438,148.0,146.89999389648438,146.89999389648438,4600413
2026-01-02 14:30:00,147.39999389648438,147.89999389648438,146.8000030517578,147.8000030517578,2317155
2026-01-02 15:30:00,147.0,147.5,146.89999389648438,147.3000030517578,899716
2026-01-02 16:30:00,148.39999389648438,148.5,146.89999389648438,147.10000610351562,3957704
2026-01-05 09:30:00,148.60000610351562,150.89999389648438,147.60000610351562,150.60000610351562,7869450
2026-01-05 10:30:00,149.0,149.1999969482422,147.60000610351562,148.6999969482422,8126193
2026-01-05 11:30:00,148.60000610351562,149.10000610351562,148.10000610351562,149.0,3694381
2026-01-05 12:30:00,148.5,148.60000610351562,147.89999389648438,148.5,2011910
2026-01-05 13:30:00,148.60000610351562,148.89999389648438,148.39999389648438,148.5,2698971
2026-01-05 14:30:00,148.89999389648438,149.10000610351562,148.60000610351562,148.6999969482422,1351534
2026-01-05 15:30:00,149.10000610351562,149.5,148.89999389648438,149.0,3008891
2026-01-05 16:30:00,148.60000610351562,149.1999969482422,148.1999969482422,149.10000610351562,2474841
2026-01-06 09:30:00,148.39999389648438,149.0,147.1999969482422,148.6999969482422,5087149
2026-01-06 10:30:00,149.39999389648438,150.3000030517578,148.1999969482422,148.3000030517578,14017465
2026-01-06 11:30:00,149.0,149.6999969482422,148.89999389648438,149.39999389648438,3610239
2026-01-06 12:30:00,148.89999389648438,149.8000030517578,148.3000030517578,149.0,3862937
2026-01-06 13:30:00,149.39999389648438,149.6999969482422,148.8000030517578,148.8000030517578,3670158
2026-01-06 14:30:00,149.3000030517578,149.5,149.0,149.39999389648438,2308253
2026-01-06 15:30:00,149.39999389648438,149.60000610351562,149.10000610351562,149.3000030517578,2160954
2026-01-06 16:30:00,149.8000030517578,150.0,148.89999389648438,149.39999389648438,5079178
2026-01-07 09:30:00,148.8000030517578,151.10000610351562,148.1999969482422,150.6999969482422,10071972
2026-01-07 10:30:00,148.5,149.1999969482422,148.5,148.8000030517578,4150542
2026-01-07 11:30:00,148.6999969482422,149.0,148.39999389648438,148.5,2242243
2026-01-07 12:30:00,148.5,149.10000610351562,148.5,148.6999969482422,1866723
2026-01-07 13:30:00,148.39999389648438,148.60000610351562,147.89999389648438,148.60000610351562,2185025
2026-01-07 14:30:00,147.6999969482422,148.60000610351562,147.60000610351562,148.39999389648438,1862843
2026-01-07 15:30:00,146.89999389648438,147.8000030517578,146.6999969482422,147.8000030517578,4052199
2026-01-07 16:30:00,146.5,147.39999389648438,145.89999389648438,146.89999389648438,5166511
2026-01-08 09:30:00,146.39999389648438,147.0,146.0,146.39999389648438,3038555
2026-01-08 10:30:00,146.39999389648438,146.5,145.1999969482422,146.39999389648438,3348100
2026-01-08 11:30:00,146.6999969482422,147.5,146.39999389648438,146.39999389648438,3094476
2026-01-08 12:30:00,146.10000610351562,146.8000030517578,146.0,146.6999969482422,1297833
2026-01-08 13:30:00,145.6999969482422,146.10000610351562,145.1999969482422,146.10000610351562,2018508
2026-01-08 14:30:00,145.1999969482422,146.0,145.10000610351562,145.6999969482422,1587777
2026-01-08 15:30:00,145.60000610351562,146.0,145.10000610351562,145.1999969482422,2245736
2026-01-08 16:30:00,145.6999969482422,146.39999389648438,145.39999389648438,145.6999969482422,5079006
2026-01-09 09:30:00,147.3000030517578,147.39999389648438,145.89999389648438,146.5,5638141
2026-01-09 10:30:00,146.39999389648438,147.39999389648438,146.10000610351562,147.3000030517578,4680986
2026-01-09 11:30:00,146.1999969482422,146.8000030517578,146.0,146.3000030517578,2583057
2026-01-09 12:30:00,146.0,146.3000030517578,145.39999389648438,146.10000610351562,1428551
2026-01-09 13:30:00,145.1999969482422,146.0,144.6999969482422,146.0,2323422
2026-01-09 14:30:00,145.39999389648438,145.8000030517578,145.10000610351562,145.1999969482422,1258804
2026-01-09 15:30:00,145.60000610351562,146.10000610351562,145.3000030517578,145.5,1675140
2026-01-09 16:30:00,145.10000610351562,145.6999969482422,144.5,145.5,2437816
2026-01-12 09:30:00,147.3000030517578,147.6999969482422,145.6999969482422,146.0,6368132
2026-01-12 10:30:00,147.10000610351562,147.6999969482422,146.6999969482422,147.3000030517578,4229293
2026-01-12 11:30:00,147.0,147.3000030517578,146.60000610351562,147.10000610351562,2066278
2026-01-12 12:30:00,146.8000030517578,147.1999969482422,146.5,147.10000610351562,1292943
2026-01-12 13:30:00,147.5,147.8000030517578,146.6999969482422,146.8000030517578,2637888
2026-01-12 14:30:00,147.8000030517578,147.89999389648438,147.39999389648438,147.5,1802215
2026-01-12 15:30:00,146.10000610351562,148.0,145.89999389648438,147.8000030517578,3777912
2026-01-12 16:30:00,146.5,146.60000610351562,145.39999389648438,146.0,4481737
2026-01-13 09:30:00,145.89999389648438,146.1999969482422,145.1999969482422,146.0,3400827
2026-01-13 10:30:00,147.10000610351562,147.39999389648438,145.6999969482422,145.89999389648438,4758597
2026-01-13 11:30:00,146.0,147.1999969482422,145.8000030517578,147.10000610351562,4035270
2026-01-13 12:30:00,146.89999389648438,147.10000610351562,145.5,146.0,2856769
2026-01-13 13:30:00,146.10000610351562,147.1999969482422,146.0,146.89999389648438,2490204
2026-01-13 14:30:00,146.8000030517578,146.89999389648438,146.0,146.10000610351562,1521783
2026-01-13 15:30:00,148.0,148.6999969482422,146.6999969482422,146.8000030517578,6765097
2026-01-13 16:30:00,148.1999969482422,148.5,147.6999969482422,148.0,2337871
2026-01-14 09:30:00,147.3000030517578,148.5,147.10000610351562,148.1999969482422,3304786
2026-01-14 10:30:00,146.39999389648438,147.60000610351562,146.0,147.1999969482422,5228165
2026-01-14 11:30:00,147.0,147.1999969482422,146.3000030517578,146.39999389648438,1524439
2026-01-14 12:30:00,146.3000030517578,147.1999969482422,146.1999969482422,147.10000610351562,2201187
2026-01-14 13:30:00,146.5,146.8000030517578,145.8000030517578,146.1999969482422,2278263
2026-01-14 14:30:00,146.10000610351562,146.6999969482422,145.5,146.5,3797097
2026-01-14 15:30:00,146.39999389648438,146.89999389648438,145.60000610351562,146.10000610351562,3169084
2026-01-14 16:30:00,145.8000030517578,147.1999969482422,145.6999969482422,146.39999389648438,2910616
2026-01-15 09:30:00,145.39999389648438,146.39999389648438,145.10000610351562,146.1999969482422,3424622
2026-01-15 10:30:00,144.8000030517578,145.8000030517578,144.5,145.39999389648438,4004207
2026-01-15 11:30:00,142.3000030517578,144.8000030517578,141.5,144.8000030517578,8133837
2026-01-15 12:30:00,143.5,143.8000030517578,142.1999969482422,142.39999389648438,3220275
2026-01-15 13:30:00,143.89999389648438,144.10000610351562,143.5,143.60000610351562,1225374
2026-01-15 14:30:00,143.1999969482422,144.39999389648438,142.8000030517578,143.89999389648438,2514940
2026-01-15 15:30:00,143.0,143.60000610351562,142.8000030517578,143.1999969482422,2037625
2026-01-15 16:30:00,144.5,144.6999969482422,142.8000030517578,143.0,4118806
2026-01-16 09:30:00,145.89999389648438,146.1999969482422,144.6999969482422,144.89999389648438,6712258
2026-01-16 10:30:00,145.5,146.0,144.8000030517578,145.89999389648438,4834669
2026-01-16 11:30:00,144.8000030517578,145.8000030517578,144.60000610351562,145.60000610351562,2119566
2026-01-16 12:30:00,143.1999969482422,144.8000030517578,142.3000030517578,144.8000030517578,4782125
2026-01-16 13:30:00,143.1999969482422,143.3000030517578,142.5,143.10000610351562,2430888
2026-01-16 14:30:00,142.39999389648438,143.5,141.0,143.1999969482422,11072994
2026-01-16 15:30:00,143.1999969482422,143.8000030517578,142.3000030517578,142.39999389648438,4536313
2026-01-16 16:30:00,143.8000030517578,144.39999389648438,142.39999389648438,143.3000030517578,8765497
2026-01-19 09:30:00,147.1999969482422,147.1999969482422,145.39999389648438,145.60000610351562,6773502
2026-01-19 10:30:00,147.10000610351562,148.1999969482422,146.89999389648438,147.1999969482422,8877204
2026-01-19 11:30:00,147.6999969482422,148.0,146.8000030517578,147.1999969482422,4711984
2026-01-19 12:30:00,147.60000610351562,147.89999389648438,147.10000610351562,147.6999969482422,2398023
2026-01-19 13:30:00,147.89999389648438,148.10000610351562,147.39999389648438,147.60000610351562,3744305
2026-01-19 14:30:00,147.8000030517578,148.0,147.1999969482422,147.89999389648438,2213914
2026-01-19 15:30:00,148.10000610351562,148.8000030517578,147.8000030517578,147.8000030517578,5934873
2026-01-19 16:30:00,148.8000030517578,148.89999389648438,147.6999969482422,148.0,3193300
2026-01-20 09:30:00,147.6999969482422,148.89999389648438,147.5,148.6999969482422,4992127
2026-01-20 10:30:00,148.60000610351562,148.89999389648438,146.3000030517578,147.6999969482422,7463576
2026-01-20 11:30:00,147.10000610351562,148.60000610351562,146.8000030517578,148.5,2600636
2026-01-20 12:30:00,147.5,147.5,146.1999969482422,147.10000610351562,3345344
2026-01-20 13:30:00,147.60000610351562,147.8000030517578,146.8000030517578,147.5,2243566
2026-01-20 14:30:00,148.0,148.8000030517578,147.5,147.5,4857382
2026-01-20 15:30:00,147.60000610351562,148.89999389648438,147.39999389648438,148.0,6574755
2026-01-20 16:30:00,146.60000610351562,147.6999969482422,146.3000030517578,147.5,6294866
2026-01-21 09:30:00,147.60000610351562,147.89999389648438,146.8000030517578,147.3000030517578,4760811
2026-01-21 10:30:00,148.6999969482422,149.10000610351562,147.10000610351562,147.6999969482422,9455857
2026-01-21 11:30:00,148.3000030517578,148.89999389648438,147.89999389648438,148.8000030517578,3078370
2026-01-21 12:30:00,148.3000030517578,148.6999969482422,148.10000610351562,148.1999969482422,1752061
2026-01-21 13:30:00,148.39999389648438,148.8000030517578,147.8000030517578,148.39999389648438,2869174
2026-01-21 14:30:00,148.3000030517578,148.6999969482422,148.0,148.5,1767177
2026-01-21 15:30:00,149.5,149.89999389648438,147.8000030517578,148.1999969482422,7306188
2026-01-21 16:30:00,149.8000030517578,150.0,149.10000610351562,149.5,5840543
2026-01-22 09:30:00,151.10000610351562,152.89999389648438,150.60000610351562,152.0,6717410
2026-01-22 10:30:00,151.10000610351562,152.0,150.8000030517578,151.10000610351562,4642045
2026-01-22 11:30:00,150.89999389648438,151.89999389648438,150.60000610351562,151.10000610351562,4375800
2026-01-22 12:30:00,150.39999389648438,151.1999969482422,150.3000030517578,150.89999389648438,2382143
2026-01-22 13:30:00,145.39999389648438,150.89999389648438,145.3000030517578,150.39999389648438,21636201
2026-01-22 14:30:00,144.60000610351562,145.89999389648438,144.39999389648438,145.39999389648438,13997456
2026-01-22 15:30:00,146.10000610351562,146.1999969482422,144.5,144.60000610351562,5420756
2026-01-22 16:30:00,147.6999969482422,147.6999969482422,145.89999389648438,146.10000610351562,8764214
2026-01-23 09:30:00,151.3000030517578,151.3000030517578,148.39999389648438,149.1999969482422,9439462
2026-01-23 10:30:00,151.10000610351562,151.89999389648438,150.0,151.3000030517578,7386378
2026-01-23 11:30:00,151.8000030517578,152.0,150.89999389648438,151.10000610351562,4778605
2026-01-23 12:30:00,151.89999389648438,151.89999389648438,151.10000610351562,151.8000030517578,2463117
2026-01-23 13:30:00,151.0,152.39999389648438,150.89999389648438,151.8000030517578,6935891
2026-01-23 14:30:00,151.0,151.6999969482422,150.6999969482422,151.0,2846105
2026-01-23 15:30:00,151.10000610351562,151.3000030517578,150.6999969482422,151.0,1898545
2026-01-23 16:30:00,150.8000030517578,151.1999969482422,150.39999389648438,151.10000610351562,3116037
2026-01-26 09:30:00,149.10000610351562,149.89999389648438,147.0,149.39999389648438,10657770
2026-01-26 10:30:00,147.89999389648438,149.60000610351562,147.39999389648438,149.1999969482422,9504777
2026-01-26 11:30:00,147.8000030517578,148.3000030517578,147.5,147.8000030517578,4320768
2026-01-26 12:30:00,148.10000610351562,148.39999389648438,147.6999969482422,147.6999969482422,2945859
2026-01-26 13:30:00,148.39999389648438,149.10000610351562,148.0,148.0,3955077
2026-01-26 14:30:00,149.3000030517578,149.5,148.3000030517578,148.3000030517578,3463671
2026-01-26 15:30:00,150.6999969482422,150.89999389648438,149.0,149.3000030517578,6276809
2026-01-26 16:30:00,151.1999969482422,151.3000030517578,150.10000610351562,150.6999969482422,7437514
2026-01-27 09:30:00,149.39999389648438,151.5,149.39999389648438,150.89999389648438,5565789
2026-01-27 10:30:00,149.3000030517578,149.6999969482422,148.60000610351562,149.5,5684896
2026-01-27 11:30:00,148.8000030517578,149.6999969482422,148.8000030517578,149.39999389648438,3794586
2026-01-27 12:30:00,147.5,149.10000610351562,147.39999389648438,148.8000030517578,3564887
2026-01-27 13:30:00,147.89999389648438,148.0,147.3000030517578,147.39999389648438,4065628
2026-01-27 14:30:00,147.6999969482422,148.1999969482422,147.5,147.89999389648438,2457608
2026-01-27 15:30:00,147.8000030517578,148.0,147.39999389648438,147.6999969482422,2103191
2026-01-27 16:30:00,147.0,147.8000030517578,146.3000030517578,147.6999969482422,3637417
2026-01-28 09:30:00,148.10000610351562,148.10000610351562,146.5,147.5,4174084
2026-01-28 10:30:00,148.8000030517578,149.0,147.10000610351562,148.10000610351562,7460021
2026-01-28 11:30:00,148.89999389648438,149.8000030517578,148.60000610351562,148.8000030517578,7058894
2026-01-28 12:30:00,149.0,149.5,148.39999389648438,148.89999389648438,2275151
2026-01-28 13:30:00,149.89999389648438,150.3000030517578,149.0,149.10000610351562,6215415
2026-01-28 14:30:00,150.10000610351562,150.6999969482422,149.6999969482422,149.8000030517578,6998444
2026-01-28 15:30:00,149.89999389648438,150.8000030517578,149.1999969482422,150.10000610351562,6465450
2026-01-28 16:30:00,150.8000030517578,150.89999389648438,149.8000030517578,149.89999389648438,7127751
2026-01-29 09:30:00,153.5,153.6999969482422,151.0,151.5,7594225
2026-01-29 10:30:00,156.60000610351562,157.39999389648438,152.5,153.5,15218443
2026-01-29 11:30:00,156.3000030517578,158.0,155.8000030517578,156.60000610351562,6754782
2026-01-29 12:30:00,156.6999969482422,157.0,155.6999969482422,156.3000030517578,3461309
2026-01-29 13:30:00,156.89999389648438,157.1999969482422,156.3000030517578,156.6999969482422,2786673
2026-01-29 14:30:00,160.1999969482422,161.89999389648438,156.6999969482422,157.0,16931664
2026-01-29 15:30:00,159.10000610351562,160.8000030517578,158.6999969482422,160.3000030517578,6646090
2026-01-29 16:30:00,157.8000030517578,159.89999389648438,157.8000030517578,159.0,4841560
2026-01-30 09:30:00,157.8000030517578,158.60000610351562,156.0,157.60000610351562,6178026
2026-01-30 10:30:00,158.6999969482422,158.6999969482422,155.3000030517578,157.8000030517578,6771330
2026-01-30 11:30:00,159.5,160.3000030517578,158.1999969482422,158.6999969482422,6181729
2026-01-30 12:30:00,158.0,159.6999969482422,157.6999969482422,159.5,2910063
2026-01-30 13:30:00,158.39999389648438,158.60000610351562,157.6999969482422,158.0,1191182
2026-01-30 14:30:00,159.10000610351562,159.8000030517578,157.89999389648438,158.39999389648438,3984230
2026-01-30 15:30:00,159.6999969482422,160.3000030517578,158.6999969482422,159.10000610351562,4184560
2026-01-30 16:30:00,160.1999969482422,161.1999969482422,159.5,159.60000610351562,6564096
2026-02-03 09:30:00,160.10000610351562,161.0,157.60000610351562,160.89999389648438,9489929
2026-02-03 10:30:00,165.5,165.60000610351562,160.10000610351562,160.10000610351562,12614144
2026-02-03 11:30:00,164.89999389648438,166.0,163.8000030517578,165.60000610351562,5506313
2026-02-03 12:30:00,164.3000030517578,165.3000030517578,163.6999969482422,164.89999389648438,3469612
2026-02-03 13:30:00,165.0,165.1999969482422,163.60000610351562,164.3000030517578,3265310
2026-02-03 14:30:00,164.10000610351562,165.39999389648438,164.10000610351562,164.89999389648438,2914307
2026-02-03 15:30:00,164.89999389648438,166.10000610351562,163.60000610351562,164.10000610351562,4827093
2026-02-03 16:30:00,164.3000030517578,165.89999389648438,164.1999969482422,165.0,2076491
2026-02-04 09:30:00,165.1999969482422,169.6999969482422,164.89999389648438,166.0,7203630
2026-02-04 10:30:00,164.39999389648438,165.39999389648438,163.8000030517578,165.1999969482422,3672460
2026-02-04 11:30:00,163.10000610351562,164.60000610351562,162.89999389648438,164.5,3223521
2026-02-04 12:30:00,163.3000030517578,163.8000030517578,162.5,163.10000610351562,2091167
2026-02-04 13:30:00,162.1999969482422,163.60000610351562,161.39999389648438,163.3000030517578,2906069
2026-02-04 14:30:00,166.60000610351562,166.8000030517578,162.10000610351562,162.1999969482422,6620875
2026-02-04 15:30:00,164.60000610351562,167.0,164.5,166.6999969482422,8074803
2026-02-04 16:30:00,164.6999969482422,165.3000030517578,163.89999389648438,164.60000610351562,4129246
2026-02-05 09:30:00,159.1999969482422,160.1999969482422,157.1999969482422,159.6999969482422,5251157
2026-02-05 10:30:00,159.3000030517578,159.89999389648438,158.60000610351562,159.1999969482422,4523895
2026-02-05 11:30:00,157.6999969482422,159.3000030517578,157.1999969482422,159.3000030517578,3900826
2026-02-05 12:30:00,158.1999969482422,158.39999389648438,156.8000030517578,157.6999969482422,2841692
2026-02-05 13:30:00,157.1999969482422,158.1999969482422,156.8000030517578,158.10000610351562,1644609
2026-02-05 14:30:00,156.5,157.6999969482422,156.39999389648438,157.10000610351562,2385502
2026-02-05 15:30:00,156.60000610351562,156.89999389648438,155.6999969482422,156.5,3289212
2026-02-05 16:30:00,155.10000610351562,156.8000030517578,154.8000030517578,156.60000610351562,3856509
2026-02-06 09:30:00,154.5,155.1999969482422,153.89999389648438,154.3000030517578,4584673
2026-02-06 10:30:00,152.8000030517578,154.8000030517578,152.6999969482422,154.5,3717379
2026-02-06 11:30:00,153.10000610351562,153.3000030517578,151.6999969482422,152.8000030517578,3014460
2026-02-06 12:30:00,152.5,153.5,152.0,153.0,2742426
2026-02-06 13:30:00,152.1999969482422,152.8000030517578,152.0,152.39999389648438,1553329
2026-02-06 14:30:00,152.8000030517578,153.1999969482422,152.1999969482422,152.1999969482422,1720772
2026-02-06 15:30:00,152.1999969482422,152.8000030517578,150.89999389648438,152.8000030517578,3654529
2026-02-06 16:30:00,153.1999969482422,153.39999389648438,151.6999969482422,152.1999969482422,4106417
2026-02-09 09:30:00,156.6999969482422,157.0,155.5,156.10000610351562,3854584
2026-02-09 10:30:00,157.39999389648438,159.0,156.39999389648438,156.6999969482422,10158027
2026-02-09 11:30:00,156.89999389648438,158.10000610351562,156.8000030517578,157.3000030517578,3710589
2026-02-09 12:30:00,157.1999969482422,157.89999389648438,156.6999969482422,157.0,2022669
2026-02-09 13:30:00,157.8000030517578,158.0,156.89999389648438,157.1999969482422,1778354
2026-02-09 14:30:00,157.10000610351562,158.0,157.10000610351562,157.89999389648438,1449892
2026-02-09 15:30:00,157.39999389648438,157.5,156.89999389648438,157.1999969482422,1655282
2026-02-09 16:30:00,157.39999389648438,157.8000030517578,157.0,157.39999389648438,2003040
2026-02-10 09:30:00,157.6999969482422,159.0,157.1999969482422,157.3000030517578,6045533
2026-02-10 10:30:00,157.1999969482422,158.39999389648438,156.3000030517578,157.6999969482422,5371361
2026-02-10 11:30:00,156.8000030517578,157.3000030517578,156.60000610351562,157.1999969482422,1685954
2026-02-10 12:30:00,157.3000030517578,158.1999969482422,156.8000030517578,156.89999389648438,3433688
2026-02-10 13:30:00,157.60000610351562,158.1999969482422,157.0,157.1999969482422,2062179
2026-02-10 14:30:00,155.3000030517578,157.89999389648438,155.10000610351562,157.60000610351562,4183500
2026-02-10 15:30:00,155.39999389648438,155.6999969482422,155.0,155.3000030517578,2696350
2026-02-10 16:30:00,154.6999969482422,155.5,153.89999389648438,155.3000030517578,4758634
2026-02-11 09:30:00,153.8000030517578,154.3000030517578,152.60000610351562,153.3000030517578,5531768
2026-02-11 10:30:00,153.1999969482422,153.8000030517578,152.8000030517578,153.6999969482422,3213354
2026-02-11 11:30:00,156.0,156.10000610351562,153.0,153.10000610351562,5088537
2026-02-11 12:30:00,154.6999969482422,156.0,154.39999389648438,156.0,2341268
2026-02-11 13:30:00,156.0,156.0,154.3000030517578,154.6999969482422,2829706
2026-02-11 14:30:00,155.39999389648438,156.1999969482422,155.3000030517578,156.0,3004583
2026-02-11 15:30:00,155.8000030517578,156.5,155.39999389648438,155.39999389648438,3924667
2026-02-11 16:30:00,155.6999969482422,155.89999389648438,155.10000610351562,155.6999969482422,2515545
2026-02-12 09:30:00,156.39999389648438,156.5,155.10000610351562,155.1999969482422,3769751
2026-02-12 10:30:00,156.8000030517578,158.0,155.6999969482422,156.39999389648438,7307850
2026-02-12 11:30:00,156.60000610351562,157.3000030517578,156.5,156.8000030517578,2157167
2026-02-12 12:30:00,157.39999389648438,157.6999969482422,156.1999969482422,156.60000610351562,5340230
2026-02-12 13:30:00,158.8000030517578,159.39999389648438,157.3000030517578,157.5,9390466
2026-02-12 14:30:00,160.0,160.6999969482422,158.8000030517578,158.89999389648438,9210230
2026-02-12 15:30:00,162.39999389648438,163.5,159.6999969482422,160.0,13480522
2026-02-12 16:30:00,163.5,163.5,162.10000610351562,162.39999389648438,5243263
2026-02-13 09:30:00,162.6999969482422,164.5,161.89999389648438,163.60000610351562,7831115
2026-02-13 10:30:00,163.3000030517578,164.60000610351562,162.5,162.6999969482422,4624126
2026-02-13 11:30:00,162.60000610351562,163.6999969482422,162.3000030517578,163.39999389648438,2014615
2026-02-13 12:30:00,162.10000610351562,163.3000030517578,161.60000610351562,162.5,2194327
2026-02-13 13:30:00,161.8000030517578,162.3000030517578,161.1999969482422,162.10000610351562,1606831
2026-02-13 14:30:00,161.39999389648438,162.39999389648438,161.3000030517578,161.8000030517578,1200859
2026-02-13 15:30:00,161.3000030517578,161.89999389648438,161.0,161.39999389648438,1580814
2026-02-13 16:30:00,160.8000030517578,161.8000030517578,160.1999969482422,161.1999969482422,3090853
2026-02-16 09:30:00,162.6999969482422,163.39999389648438,161.5,161.8000030517578,4488137
2026-02-16 10:30:00,160.10000610351562,162.8000030517578,159.5,162.6999969482422,9431271
2026-02-16 11:30:00,160.5,160.5,159.6999969482422,160.10000610351562,2551165
2026-02-16 12:30:00,161.1999969482422,161.5,160.3000030517578,160.39999389648438,3644209
2026-02-16 13:30:00,160.6999969482422,161.60000610351562,160.60000610351562,161.1999969482422,2114208
2026-02-16 14:30:00,159.39999389648438,160.89999389648438,158.1999969482422,160.6999969482422,5198036
2026-02-16 15:30:00,159.3000030517578,159.5,158.3000030517578,159.3000030517578,2832561
2026-02-16 16:30:00,160.10000610351562,160.39999389648438,159.0,159.1999969482422,3500316
2026-02-17 09:30:00,161.10000610351562,161.8000030517578,160.1999969482422,160.5,3578583
2026-02-17 10:30:00,160.60000610351562,161.3000030517578,159.39999389648438,161.10000610351562,8025037
2026-02-17 11:30:00,160.1999969482422,160.89999389648438,159.39999389648438,160.5,2615059
2026-02-17 12:30:00,160.10000610351562,160.39999389648438,159.8000030517578,160.1999969482422,1098266
2026-02-17 13:30:00,160.6999969482422,161.10000610351562,159.8000030517578,160.10000610351562,2617798
2026-02-17 14:30:00,161.10000610351562,161.6999969482422,160.60000610351562,160.60000610351562,3805685
2026-02-17 15:30:00,161.39999389648438,161.60000610351562,160.5,161.10000610351562,2192940
2026-02-17 16:30:00,160.1999969482422,162.5,160.10000610351562,161.39999389648438,6153299
2026-02-18 09:30:00,160.39999389648438,161.5,159.60000610351562,160.0,2869558
2026-02-18 10:30:00,163.1999969482422,164.10000610351562,160.3000030517578,160.39999389648438,11733095
2026-02-18 11:30:00,162.89999389648438,163.5,162.60000610351562,163.1999969482422,3244086
2026-02-18 12:30:00,163.6999969482422,163.8000030517578,162.6999969482422,163.0,1904102
2026-02-18 13:30:00,163.89999389648438,164.39999389648438,163.39999389648438,163.60000610351562,4919159
2026-02-18 14:30:00,163.39999389648438,164.5,163.10000610351562,163.8000030517578,3612367
2026-02-18 15:30:00,160.6999969482422,163.5,159.0,163.39999389648438,7787148
2026-02-18 16:30:00,161.39999389648438,161.8000030517578,160.3000030517578,160.60000610351562,3120224
2026-02-19 09:30:00,158.3000030517578,162.1999969482422,157.1999969482422,161.89999389648438,6733884
2026-02-19 10:30:00,156.60000610351562,158.6999969482422,155.8000030517578,158.39999389648438,5676510
2026-02-19 11:30:00,156.0,157.0,155.89999389648438,156.60000610351562,1936559
2026-02-19 12:30:00,155.89999389648438,156.3000030517578,155.1999969482422,156.10000610351562,2745722
2026-02-19 13:30:00,156.1999969482422,156.5,155.60000610351562,156.0,2429780
2026-02-19 14:30:00,155.8000030517578,156.3000030517578,154.89999389648438,156.1999969482422,2542840
2026-02-19 15:30:00,155.8000030517578,156.39999389648438,155.5,155.89999389648438,2303472
2026-02-19 16:30:00,155.0,156.0,154.89999389648438,155.89999389648438,1755319
2026-02-20 09:30:00,155.5,156.1999969482422,154.1999969482422,155.5,2776652
2026-02-20 10:30:00,155.6999969482422,156.0,154.0,155.5,3411968
2026-02-20 11:30:00,155.39999389648438,156.10000610351562,155.0,155.6999969482422,1461129
2026-02-20 12:30:00,156.39999389648438,156.6999969482422,155.39999389648438,155.39999389648438,2371182
2026-02-20 13:30:00,154.60000610351562,156.5,154.5,156.39999389648438,1418814
2026-02-20 14:30:00,154.8000030517578,155.1999969482422,153.8000030517578,154.5,2400650
2026-02-20 15:30:00,156.10000610351562,156.1999969482422,154.6999969482422,154.8000030517578,2828185
2026-02-20 16:30:00,156.39999389648438,156.8000030517578,155.3000030517578,156.0,2900286
2026-02-23 09:30:00,158.10000610351562,160.60000610351562,157.8000030517578,159.89999389648438,6903301
2026-02-23 10:30:00,159.6999969482422,160.1999969482422,157.89999389648438,158.10000610351562,4679320
2026-02-23 11:30:00,160.60000610351562,160.8000030517578,159.60000610351562,159.6999969482422,4987818
2026-02-23 12:30:00,159.6999969482422,160.8000030517578,159.5,160.60000610351562,2000606
2026-02-23 13:30:00,160.0,160.39999389648438,159.60000610351562,159.8000030517578,1489708
2026-02-23 14:30:00,159.60000610351562,160.1999969482422,159.3000030517578,160.0,1726995
2026-02-23 15:30:00,159.1999969482422,159.89999389648438,158.6999969482422,159.5,3239802
2026-02-23 16:30:00,159.5,160.5,159.10000610351562,159.1999969482422,3988124
2026-02-24 09:30:00,158.8000030517578,159.1999969482422,157.39999389648438,158.60000610351562,3389839
2026-02-24 10:30:00,158.39999389648438,159.10000610351562,157.1999969482422,158.89999389648438,5810803
2026-02-24 11:30:00,160.5,161.1999969482422,158.1999969482422,158.39999389648438,6552858
2026-02-24 12:30:00,161.10000610351562,161.39999389648438,160.3000030517578,160.60000610351562,2776273
2026-02-24 13:30:00,160.60000610351562,161.60000610351562,160.39999389648438,161.0,2828343
2026-02-24 14:30:00,160.39999389648438,160.60000610351562,159.6999969482422,160.60000610351562,2961285
2026-02-24 15:30:00,160.1999969482422,160.6999969482422,159.8000030517578,160.3000030517578,1936037
2026-02-24 16:30:00,160.3000030517578,160.89999389648438,159.89999389648438,160.1999969482422,3299892
2026-02-25 09:30:00,160.0,161.5,159.1999969482422,160.10000610351562,5610966
2026-02-25 10:30:00,158.8000030517578,160.1999969482422,158.60000610351562,160.10000610351562,5726040
2026-02-25 11:30:00,160.6999969482422,161.1999969482422,158.5,158.6999969482422,4427326
2026-02-25 12:30:00,160.5,161.1999969482422,160.1999969482422,160.6999969482422,2530144
2026-02-25 13:30:00,160.0,160.6999969482422,159.60000610351562,160.39999389648438,2106270
2026-02-25 14:30:00,158.10000610351562,160.1999969482422,157.8000030517578,160.0,3409468
2026-02-25 15:30:00,159.6999969482422,159.8000030517578,158.10000610351562,158.10000610351562,2354364
2026-02-25 16:30:00,160.8000030517578,161.0,159.3000030517578,159.60000610351562,4749967
2026-02-26 09:30:00,159.39999389648438,160.89999389648438,159.1999969482422,160.5,2516030
2026-02-26 10:30:00,159.89999389648438,160.10000610351562,158.8000030517578,159.39999389648438,2628960
2026-02-26 11:30:00,160.89999389648438,161.0,159.39999389648438,159.89999389648438,3100436
2026-02-26 12:30:00,161.60000610351562,161.8000030517578,160.10000610351562,160.8000030517578,2181267
2026-02-26 13:30:00,163.0,164.5,161.5,161.60000610351562,6547366
2026-02-26 14:30:00,163.3000030517578,163.60000610351562,162.89999389648438,163.10000610351562,1535565
2026-02-26 15:30:00,163.1999969482422,163.5,162.60000610351562,163.3000030517578,1769752
2026-02-26 16:30:00,163.89999389648438,164.3000030517578,163.10000610351562,163.1999969482422,3817170
2026-02-27 09:30:00,162.39999389648438,164.6999969482422,162.1999969482422,164.5,3587062
2026-02-27 10:30:00,164.39999389648438,164.5,161.89999389648438,162.39999389648438,8141481
2026-02-27 11:30:00,164.10000610351562,164.5,163.39999389648438,164.39999389648438,5448474
2026-02-27 12:30:00,164.0,164.3000030517578,163.60000610351562,164.10000610351562,2344847
2026-02-27 13:30:00,162.39999389648438,164.1999969482422,162.0,164.10000610351562,3651048
2026-02-27 14:30:00,159.89999389648438,162.6999969482422,159.3000030517578,162.3000030517578,9805149
2026-02-27 15:30:00,158.8000030517578,160.10000610351562,158.60000610351562,159.89999389648438,5894083
2026-02-27 16:30:00,160.39999389648438,160.89999389648438,157.89999389648438,158.6999969482422,4618844
2026-03-02 09:30:00,151.5,154.60000610351562,150.10000610351562,152.0,4564574
2026-03-02 10:30:00,150.10000610351562,151.89999389648438,148.60000610351562,151.60000610351562,4840304
2026-03-02 11:30:00,150.5,151.39999389648438,149.8000030517578,150.0,2501602
2026-03-02 12:30:00,150.89999389648438,151.8000030517578,150.3000030517578,150.5,2554005
2026-03-02 13:30:00,150.5,152.10000610351562,150.3000030517578,150.8000030517578,6395834
2026-03-02 14:30:00,149.5,150.60000610351562,148.89999389648438,150.5,7145310
2026-03-02 15:30:00,150.10000610351562,150.60000610351562,149.1999969482422,149.39999389648438,5947129
2026-03-02 16:30:00,146.89999389648438,150.10000610351562,146.1999969482422,150.10000610351562,6283046
2026-03-03 09:30:00,144.89999389648438,148.1999969482422,144.6999969482422,145.8000030517578,4592004
2026-03-03 10:30:00,145.1999969482422,145.60000610351562,144.0,144.8000030517578,4237269
2026-03-03 11:30:00,144.10000610351562,145.1999969482422,144.0,145.10000610351562,1845899
2026-03-03 12:30:00,141.6999969482422,144.0,141.39999389648438,144.0,3945137
2026-03-03 13:30:00,141.39999389648438,142.0,140.60000610351562,141.6999969482422,2986244
2026-03-03 14:30:00,141.3000030517578,141.8000030517578,140.6999969482422,141.39999389648438,2686330
2026-03-03 15:30:00,141.1999969482422,141.60000610351562,140.8000030517578,141.3000030517578,2346890
2026-03-03 16:30:00,138.60000610351562,141.39999389648438,138.60000610351562,141.1999969482422,4668314
2026-03-04 09:30:00,137.89999389648438,138.5,136.60000610351562,138.0,3918389
2026-03-04 10:30:00,137.3000030517578,140.10000610351562,137.1999969482422,138.0,6723791
2026-03-04 11:30:00,138.0,138.1999969482422,136.3000030517578,137.1999969482422,3424694
2026-03-04 12:30:00,138.89999389648438,139.89999389648438,137.0,138.0,3706752
2026-03-04 13:30:00,137.60000610351562,140.60000610351562,137.60000610351562,138.89999389648438,3785012
2026-03-04 14:30:00,139.10000610351562,139.1999969482422,137.1999969482422,137.60000610351562,2573660
2026-03-04 15:30:00,139.3000030517578,140.3000030517578,138.1999969482422,139.10000610351562,3282959
2026-03-04 16:30:00,138.39999389648438,139.39999389648438,137.3000030517578,139.3000030517578,2204991
2026-03-05 09:30:00,142.0,143.0,140.0,140.3000030517578,6580447
2026-03-05 10:30:00,140.89999389648438,142.39999389648438,140.6999969482422,142.0,2633568
2026-03-05 11:30:00,141.1999969482422,141.60000610351562,140.0,140.89999389648438,1840472
2026-03-05 12:30:00,141.39999389648438,141.8000030517578,140.6999969482422,141.1999969482422,1313302
2026-03-05 13:30:00,141.3000030517578,141.5,140.6999969482422,141.39999389648438,845863
2026-03-05 14:30:00,141.0,141.3000030517578,140.5,141.3000030517578,1341455
2026-03-05 15:30:00,140.5,141.10000610351562,140.39999389648438,141.0,1119778
2026-03-05 16:30:00,140.10000610351562,140.89999389648438,139.6999969482422,140.5,3105883
2026-03-06 09:30:00,140.10000610351562,140.6999969482422,138.5,138.8000030517578,2237177
2026-03-06 10:30:00,138.3000030517578,140.60000610351562,137.89999389648438,140.10000610351562,2249235
2026-03-06 11:30:00,137.60000610351562,138.6999969482422,137.3000030517578,138.3000030517578,1554031
2026-03-06 12:30:00,137.39999389648438,137.89999389648438,137.10000610351562,137.5,833836
2026-03-06 13:30:00,136.39999389648438,137.5,136.0,137.5,3059865
2026-03-06 14:30:00,135.60000610351562,136.39999389648438,135.1999969482422,136.39999389648438,3857192
2026-03-06 15:30:00,135.8000030517578,136.3000030517578,135.3000030517578,135.60000610351562,1497854
2026-03-06 16:30:00,134.1999969482422,136.0,133.89999389648438,135.8000030517578,4581250
2026-03-09 09:30:00,130.5,132.8000030517578,129.5,131.5,5842673
2026-03-09 10:30:00,129.6999969482422,131.0,129.5,130.39999389648438,5345473
2026-03-09 11:30:00,131.6999969482422,131.8000030517578,129.60000610351562,129.60000610351562,2573954
2026-03-09 12:30:00,131.6999969482422,132.60000610351562,131.3000030517578,131.6999969482422,2153853
2026-03-09 13:30:00,132.6999969482422,133.0,131.3000030517578,131.60000610351562,1362790
2026-03-09 14:30:00,133.6999969482422,134.10000610351562,132.3000030517578,132.6999969482422,1681134
2026-03-09 15:30:00,134.5,136.10000610351562,133.3000030517578,133.8000030517578,3296356
2026-03-09 16:30:00,133.39999389648438,134.89999389648438,132.10000610351562,134.39999389648438,2164762
2026-03-10 09:30:00,139.8000030517578,142.5,139.60000610351562,142.10000610351562,4969294
2026-03-10 10:30:00,139.6999969482422,140.3000030517578,138.89999389648438,139.8000030517578,2786652
2026-03-10 11:30:00,140.10000610351562,140.10000610351562,139.3000030517578,139.6999969482422,882867
2026-03-10 12:30:00,140.0,141.3000030517578,139.89999389648438,140.10000610351562,3564237
2026-03-10 13:30:00,141.39999389648438,141.5,140.0,140.0,3228346
2026-03-10 14:30:00,139.39999389648438,141.89999389648438,139.1999969482422,141.5,4398073
2026-03-10 15:30:00,140.0,140.5,139.3000030517578,139.39999389648438,1813219
2026-03-10 16:30:00,140.10000610351562,140.3000030517578,139.39999389648438,140.0,1918399
2026-03-11 09:30:00,140.3000030517578,141.1999969482422,139.8000030517578,140.39999389648438,2658507
2026-03-11 10:30:00,139.8000030517578,140.5,139.39999389648438,140.39999389648438,2256779
2026-03-11 11:30:00,139.3000030517578,140.10000610351562,139.0,139.8000030517578,1603936
2026-03-11 12:30:00,139.39999389648438,139.5,139.0,139.1999969482422,741312
2026-03-11 13:30:00,139.8000030517578,140.10000610351562,139.10000610351562,139.39999389648438,1189868
2026-03-11 14:30:00,139.10000610351562,140.0,138.8000030517578,139.8000030517578,996591
2026-03-11 15:30:00,138.10000610351562,139.1999969482422,137.60000610351562,139.10000610351562,1309517
2026-03-11 16:30:00,138.89999389648438,139.5,136.6999969482422,138.10000610351562,4653781
2026-03-12 09:30:00,139.6999969482422,139.6999969482422,137.5,137.89999389648438,2867770
2026-03-12 10:30:00,138.6999969482422,139.6999969482422,138.5,139.60000610351562,2001717
2026-03-12 11:30:00,139.10000610351562,140.0,138.1999969482422,138.6999969482422,2339885
2026-03-12 12:30:00,138.6999969482422,139.3000030517578,138.5,139.0,736482
2026-03-12 13:30:00,139.0,139.89999389648438,137.89999389648438,138.6999969482422,4311307
2026-03-12 14:30:00,139.3000030517578,140.6999969482422,138.89999389648438,139.0,4703396
2026-03-12 15:30:00,138.0,139.8000030517578,138.0,139.39999389648438,2766279
2026-03-12 16:30:00,136.0,138.10000610351562,136.0,138.0,3793215
2026-03-13 09:30:00,134.3000030517578,136.89999389648438,134.3000030517578,136.0,3173876
2026-03-13 10:30:00,132.5,134.6999969482422,132.5,134.39999389648438,3861657
2026-03-13 11:30:00,133.0,133.3000030517578,132.10000610351562,132.39999389648438,1914186
2026-03-13 12:30:00,133.10000610351562,133.3000030517578,132.1999969482422,133.0,1358283
2026-03-13 13:30:00,133.39999389648438,133.60000610351562,132.6999969482422,133.0,1620176
2026-03-13 14:30:00,132.89999389648438,133.8000030517578,132.8000030517578,133.39999389648438,1633026
2026-03-13 15:30:00,133.0,133.5,132.3000030517578,132.8000030517578,2997192
2026-03-13 16:30:00,133.3000030517578,134.10000610351562,132.89999389648438,132.89999389648438,4975089
2026-03-16 09:30:00,133.0,134.39999389648438,132.89999389648438,133.6999969482422,3743476
2026-03-16 10:30:00,133.39999389648438,133.8000030517578,132.3000030517578,133.10000610351562,2971136
2026-03-16 11:30:00,132.6999969482422,133.6999969482422,132.60000610351562,133.39999389648438,5667440
2026-03-16 12:30:00,132.39999389648438,133.10000610351562,131.89999389648438,132.6999969482422,1913535
2026-03-16 13:30:00,133.39999389648438,133.89999389648438,131.89999389648438,132.3000030517578,2343098
2026-03-16 14:30:00,133.89999389648438,134.3000030517578,132.89999389648438,133.39999389648438,2856160
2026-03-16 15:30:00,134.0,134.6999969482422,133.60000610351562,133.89999389648438,2690768
2026-03-16 16:30:00,134.39999389648438,135.60000610351562,133.8000030517578,134.0,3097945
2026-03-17 09:30:00,136.5,136.8000030517578,134.3000030517578,134.3000030517578,2949787
2026-03-17 10:30:00,136.8000030517578,137.89999389648438,136.39999389648438,136.5,4535965
2026-03-17 11:30:00,136.89999389648438,137.89999389648438,136.39999389648438,136.8000030517578,2314778
2026-03-17 12:30:00,137.8000030517578,137.89999389648438,136.6999969482422,136.89999389648438,1955080
2026-03-17 13:30:00,137.89999389648438,138.1999969482422,137.60000610351562,137.6999969482422,1888273
2026-03-17 14:30:00,138.89999389648438,138.89999389648438,137.60000610351562,137.89999389648438,2139391
2026-03-17 15:30:00,139.8000030517578,140.0,138.8000030517578,138.89999389648438,2581976
2026-03-17 16:30:00,139.0,140.3000030517578,138.60000610351562,139.8000030517578,3389202
2026-03-18 09:30:00,139.8000030517578,140.8000030517578,139.1999969482422,139.60000610351562,3471356
2026-03-18 10:30:00,139.6999969482422,140.3000030517578,139.0,139.8000030517578,2956863
2026-03-18 11:30:00,139.60000610351562,139.89999389648438,139.1999969482422,139.6999969482422,1526093
2026-03-18 12:30:00,139.60000610351562,140.5,139.1999969482422,139.6999969482422,3454261
2026-03-18 13:30:00,138.10000610351562,139.60000610351562,137.89999389648438,139.5,3470339
2026-03-18 14:30:00,137.8000030517578,138.60000610351562,137.5,138.10000610351562,2238487
2026-03-18 15:30:00,136.39999389648438,138.0,136.0,137.8000030517578,4208893
2026-03-18 16:30:00,136.8000030517578,137.5,136.0,136.39999389648438,2563794
2026-03-19 09:30:00,135.3000030517578,136.3000030517578,134.10000610351562,134.5,2371318
2026-03-19 10:30:00,135.89999389648438,136.0,135.0,135.3000030517578,2305558
2026-03-19 11:30:00,134.3000030517578,136.1999969482422,134.1999969482422,135.89999389648438,6144808
2026-03-19 12:30:00,135.10000610351562,135.10000610351562,135.10000610351562,135.10000610351562,1947944
2026-03-23 09:30:00,127.5999984741211,130.6999969482422,127.4000015258789,130.0,6119330
2026-03-23 10:30:00,128.3000030517578,128.8000030517578,127.5,127.5999984741211,3296485
2026-03-23 11:30:00,128.5,128.8000030517578,127.5999984741211,128.39999389648438,4648779
2026-03-23 12:30:00,127.0999984741211,128.6999969482422,127.0999984741211,128.39999389648438,2685612
2026-03-23 13:30:00,133.89999389648438,133.89999389648438,126.19999694824219,127.19999694824219,11043980
2026-03-23 14:30:00,131.1999969482422,134.89999389648438,129.3000030517578,133.8000030517578,7926981
2026-03-23 15:30:00,132.10000610351562,132.89999389648438,130.39999389648438,131.1999969482422,4548242
2026-03-23 16:30:00,134.5,134.6999969482422,131.60000610351562,132.10000610351562,6025413
2026-03-24 09:30:00,132.8000030517578,132.8000030517578,131.60000610351562,132.3000030517578,2664629
2026-03-24 10:30:00,132.6999969482422,133.8000030517578,132.10000610351562,132.8000030517578,3292792
2026-03-24 11:30:00,132.0,132.89999389648438,131.5,132.60000610351562,1825560
2026-03-24 12:30:00,131.6999969482422,132.5,131.60000610351562,131.89999389648438,1144671
2026-03-24 13:30:00,131.6999969482422,132.0,131.3000030517578,131.6999969482422,1078467
2026-03-24 14:30:00,130.39999389648438,132.0,130.0,131.6999969482422,3341138
2026-03-24 15:30:00,130.1999969482422,130.6999969482422,129.6999969482422,130.39999389648438,1977218
2026-03-24 16:30:00,130.0,130.6999969482422,129.8000030517578,130.1999969482422,2129950
2026-03-25 09:30:00,131.60000610351562,132.8000030517578,131.5,132.0,3326896
2026-03-25 10:30:00,132.1999969482422,132.39999389648438,131.1999969482422,131.60000610351562,3136307
2026-03-25 11:30:00,131.6999969482422,132.60000610351562,131.60000610351562,132.1999969482422,2621377
2026-03-25 12:30:00,131.5,132.0,131.1999969482422,131.60000610351562,1566951
2026-03-25 13:30:00,132.0,132.3000030517578,131.3000030517578,131.39999389648438,2841020
2026-03-25 14:30:00,131.10000610351562,132.5,131.0,131.89999389648438,6223652
2026-03-25 15:30:00,131.60000610351562,131.89999389648438,130.0,131.10000610351562,4389138
2026-03-25 16:30:00,131.10000610351562,131.89999389648438,130.1999969482422,131.6999969482422,2590904
2026-03-26 09:30:00,130.3000030517578,131.39999389648438,129.8000030517578,129.8000030517578,2717955
2026-03-26 10:30:00,129.39999389648438,130.5,129.1999969482422,130.3000030517578,3596457
2026-03-26 11:30:00,128.10000610351562,129.5,127.9000015258789,129.5,4299552
2026-03-26 12:30:00,128.60000610351562,128.89999389648438,128.0,128.10000610351562,1833715
2026-03-26 13:30:00,128.0,129.0,127.80000305175781,128.6999969482422,2553699
2026-03-26 14:30:00,128.0,128.39999389648438,127.5999984741211,128.10000610351562,2298860
2026-03-26 15:30:00,127.30000305175781,128.0,126.80000305175781,127.9000015258789,3454263
2026-03-26 16:30:00,127.9000015258789,128.39999389648438,127.0999984741211,127.30000305175781,3741564
2026-03-27 09:30:00,127.5999984741211,128.1999969482422,127.30000305175781,127.30000305175781,3635558
2026-03-27 10:30:00,128.0,128.10000610351562,127.0,127.5999984741211,2935368
2026-03-27 11:30:00,127.0999984741211,128.1999969482422,126.80000305175781,128.0,1828478
2026-03-27 12:30:00,127.19999694824219,127.5,125.9000015258789,127.0999984741211,2212103
2026-03-27 13:30:00,126.69999694824219,127.30000305175781,126.30000305175781,127.19999694824219,1398438
2026-03-27 14:30:00,126.5999984741211,126.9000015258789,126.4000015258789,126.69999694824219,872548
2026-03-27 15:30:00,126.30000305175781,126.80000305175781,125.9000015258789,126.5,1393226
2026-03-27 16:30:00,126.5999984741211,126.9000015258789,125.5999984741211,126.19999694824219,2574609
2026-03-30 09:30:00,126.19999694824219,126.69999694824219,125.19999694824219,126.30000305175781,0
2026-03-30 10:30:00,126.5,126.5,125.19999694824219,126.19999694824219,1885854
2026-03-30 11:30:00,126.0999984741211,126.9000015258789,125.9000015258789,126.5,1207415
2026-03-30 12:30:00,126.4000015258789,126.5999984741211,125.9000015258789,126.0999984741211,1163584
2026-03-30 13:30:00,126.80000305175781,126.9000015258789,126.19999694824219,126.4000015258789,1994687
2026-03-30 14:30:00,126.4000015258789,127.30000305175781,126.19999694824219,126.80000305175781,1799365
2026-03-30 15:30:00,126.19999694824219,126.5,125.5999984741211,126.30000305175781,1494206
2026-03-30 16:30:00,125.5,126.19999694824219,124.69999694824219,126.19999694824219,2514544
2026-03-30 17:30:00,125.5,125.9000015258789,125.19999694824219,125.4000015258789,1998976
2026-03-31 09:30:00,126.9000015258789,127.5,125.80000305175781,126.0,0
2026-03-31 10:30:00,127.4000015258789,128.3000030517578,126.80000305175781,126.80000305175781,4927526
2026-03-31 11:30:00,127.30000305175781,127.5999984741211,126.5999984741211,127.4000015258789,5852706
2026-03-31 12:30:00,126.4000015258789,127.4000015258789,126.4000015258789,127.30000305175781,3920619
2026-03-31 13:30:00,126.5999984741211,126.80000305175781,125.80000305175781,126.4000015258789,3002946
2026-03-31 14:30:00,126.5,127.19999694824219,126.4000015258789,126.5999984741211,1738177
2026-03-31 15:30:00,126.80000305175781,127.0,126.0999984741211,126.5,1590687
2026-03-31 16:30:00,126.80000305175781,127.4000015258789,126.19999694824219,126.80000305175781,2469957
2026-03-31 17:30:00,126.30000305175781,126.9000015258789,126.0999984741211,126.9000015258789,1574173
2026-04-01 09:30:00,130.10000610351562,132.39999389648438,130.0,131.5,0
2026-04-01 10:30:00,129.0,130.3000030517578,128.8000030517578,130.0,3287854
2026-04-01 11:30:00,128.89999389648438,129.3000030517578,128.5,129.0,2350215
2026-04-01 12:30:00,128.89999389648438,129.1999969482422,128.6999969482422,128.89999389648438,1241323
2026-04-01 13:30:00,128.89999389648438,129.3000030517578,128.6999969482422,128.8000030517578,1395608
2026-04-01 14:30:00,128.6999969482422,129.39999389648438,128.60000610351562,129.0,2218496
2026-04-01 15:30:00,128.60000610351562,129.3000030517578,128.3000030517578,128.8000030517578,4142317
2026-04-01 16:30:00,129.10000610351562,129.60000610351562,128.39999389648438,128.6999969482422,4117646
2026-04-01 17:30:00,129.1999969482422,129.6999969482422,129.0,129.0,2438458
2026-04-02 09:30:00,127.0999984741211,127.19999694824219,125.80000305175781,125.80000305175781,0
2026-04-02 10:30:00,127.69999694824219,128.60000610351562,126.9000015258789,127.19999694824219,4200659
2026-04-02 11:30:00,128.10000610351562,128.1999969482422,127.5,127.5999984741211,811719
2026-04-02 12:30:00,127.5999984741211,128.1999969482422,127.30000305175781,128.0,1491070
2026-04-02 13:30:00,128.6999969482422,128.89999389648438,127.5,127.69999694824219,1981347
2026-04-02 14:30:00,129.10000610351562,129.8000030517578,128.5,128.6999969482422,3085391
2026-04-02 15:30:00,128.6999969482422,129.5,128.60000610351562,129.10000610351562,1974580
2026-04-02 16:30:00,129.6999969482422,130.0,128.6999969482422,128.8000030517578,2714896
2026-04-02 17:30:00,131.0,131.3000030517578,129.60000610351562,129.8000030517578,4309771
2026-04-03 09:30:00,131.39999389648438,133.10000610351562,130.3000030517578,131.1999969482422,0
2026-04-03 10:30:00,131.5,131.6999969482422,130.89999389648438,131.3000030517578,3356829
2026-04-03 11:30:00,131.0,131.5,130.89999389648438,131.5,1300787
2026-04-03 12:30:00,131.0,131.1999969482422,130.6999969482422,131.0,1170102
2026-04-03 13:30:00,131.39999389648438,131.5,130.8000030517578,131.0,1038673
2026-04-03 14:30:00,131.0,131.5,130.8000030517578,131.39999389648438,1107736
2026-04-03 15:30:00,130.39999389648438,131.10000610351562,129.8000030517578,130.89999389648438,2479514
2026-04-03 16:30:00,130.3000030517578,131.39999389648438,130.10000610351562,130.3000030517578,2223717
2026-04-03 17:30:00,132.89999389648438,132.89999389648438,130.10000610351562,130.1999969482422,3842407
2026-04-06 09:30:00,132.39999389648438,133.1999969482422,132.1999969482422,132.8000030517578,0
2026-04-06 10:30:00,136.0,136.10000610351562,132.3000030517578,132.39999389648438,10737400
2026-04-06 11:30:00,135.89999389648438,136.3000030517578,135.3000030517578,136.10000610351562,3308877
2026-04-06 12:30:00,135.39999389648438,136.1999969482422,134.8000030517578,135.89999389648438,1911794
2026-04-06 13:30:00,135.1999969482422,135.89999389648438,134.89999389648438,135.3000030517578,1195311
2026-04-06 14:30:00,135.0,135.89999389648438,135.0,135.10000610351562,1474601
2026-04-06 15:30:00,135.0,135.60000610351562,134.89999389648438,135.10000610351562,1632123
2026-04-06 16:30:00,135.60000610351562,135.89999389648438,135.0,135.0,2023068
2026-04-06 17:30:00,136.10000610351562,136.1999969482422,135.3000030517578,135.5,2703244
2026-04-07 09:30:00,129.6999969482422,130.8000030517578,129.0,130.39999389648438,0
2026-04-07 10:30:00,130.10000610351562,130.5,129.1999969482422,129.6999969482422,3981440
2026-04-07 11:30:00,130.89999389648438,131.0,130.0,130.10000610351562,2864512
2026-04-07 12:30:00,130.10000610351562,130.89999389648438,129.8000030517578,130.8000030517578,1372732
2026-04-07 13:30:00,129.0,130.1999969482422,128.60000610351562,130.10000610351562,1718539
2026-04-07 14:30:00,129.0,129.5,128.1999969482422,128.89999389648438,1552747
2026-04-07 15:30:00,128.3000030517578,129.0,128.0,128.89999389648438,1902594
2026-04-07 16:30:00,127.69999694824219,128.39999389648438,126.80000305175781,128.1999969482422,2714114
2026-04-07 17:30:00,127.19999694824219,128.10000610351562,127.19999694824219,127.69999694824219,1467551
2026-04-08 09:30:00,137.3000030517578,137.60000610351562,134.3000030517578,135.3000030517578,0
2026-04-08 10:30:00,137.8000030517578,138.5,136.8000030517578,137.3000030517578,8885846
2026-04-08 11:30:00,138.8000030517578,139.1999969482422,137.8000030517578,137.89999389648438,5008374
2026-04-08 12:30:00,138.10000610351562,139.10000610351562,137.60000610351562,139.0,2869184
2026-04-08 13:30:00,138.5,138.60000610351562,138.0,138.10000610351562,1648766
2026-04-08 14:30:00,138.39999389648438,138.60000610351562,137.8000030517578,138.5,2261876
2026-04-08 15:30:00,139.39999389648438,139.6999969482422,138.3000030517578,138.3000030517578,4421779
2026-04-08 16:30:00,138.60000610351562,139.8000030517578,138.1999969482422,139.39999389648438,11330887
2026-04-08 17:30:00,137.5,138.8000030517578,137.10000610351562,138.6999969482422,3145570
2026-04-09 09:30:00,136.1999969482422,137.39999389648438,136.1999969482422,136.60000610351562,0
2026-04-09 10:30:00,135.8000030517578,136.6999969482422,135.5,136.3000030517578,3063216
2026-04-09 11:30:00,136.10000610351562,136.60000610351562,135.6999969482422,135.89999389648438,1861629
2026-04-09 12:30:00,135.8000030517578,136.1999969482422,135.60000610351562,136.0,1070048
2026-04-09 13:30:00,135.60000610351562,135.8000030517578,135.1999969482422,135.8000030517578,816306
2026-04-09 14:30:00,136.5,137.6999969482422,135.39999389648438,135.5,6162615
2026-04-09 15:30:00,136.8000030517578,137.39999389648438,136.39999389648438,136.5,2391893
2026-04-09 16:30:00,136.3000030517578,136.89999389648438,136.10000610351562,136.89999389648438,2994520
2026-04-09 17:30:00,136.6999969482422,136.6999969482422,135.89999389648438,136.1999969482422,1863662
2026-04-10 09:30:00,138.8000030517578,139.0,137.3000030517578,137.6999969482422,0
2026-04-10 10:30:00,137.8000030517578,138.89999389648438,137.6999969482422,138.8000030517578,4137284
2026-04-10 11:30:00,138.3000030517578,138.5,137.60000610351562,137.89999389648438,2395459
2026-04-10 12:30:00,138.5,138.6999969482422,138.1999969482422,138.3000030517578,2238061
2026-04-10 13:30:00,138.39999389648438,138.8000030517578,138.3000030517578,138.5,1570311
2026-04-10 14:30:00,139.0,139.3000030517578,138.3000030517578,138.39999389648438,3029441
2026-04-10 15:30:00,140.0,140.10000610351562,138.8000030517578,139.10000610351562,4753847
2026-04-10 16:30:00,140.5,140.6999969482422,139.1999969482422,140.10000610351562,4849973
2026-04-10 17:30:00,140.1999969482422,140.6999969482422,139.8000030517578,140.5,3182243
2026-04-13 09:30:00,136.89999389648438,137.1999969482422,136.1999969482422,136.6999969482422,0
2026-04-13 10:30:00,136.39999389648438,136.89999389648438,135.89999389648438,136.89999389648438,3115758
2026-04-13 11:30:00,136.5,137.0,136.1999969482422,136.3000030517578,2186895
2026-04-13 12:30:00,136.60000610351562,136.60000610351562,136.0,136.5,1168666
2026-04-13 13:30:00,137.10000610351562,137.5,136.3000030517578,136.60000610351562,2511574
2026-04-13 14:30:00,137.10000610351562,137.60000610351562,136.8000030517578,137.1999969482422,2439679
2026-04-13 15:30:00,137.10000610351562,137.8000030517578,136.89999389648438,137.10000610351562,10564424
2026-04-13 16:30:00,138.3000030517578,138.6999969482422,136.6999969482422,137.10000610351562,6921587
2026-04-13 17:30:00,138.8000030517578,139.10000610351562,138.1999969482422,138.3000030517578,2051120
2026-04-14 09:30:00,141.1999969482422,142.0,140.60000610351562,140.8000030517578,0
2026-04-14 10:30:00,144.0,144.1999969482422,141.0,141.10000610351562,8908653
2026-04-14 11:30:00,141.6999969482422,144.0,141.60000610351562,144.0,2769196
2026-04-14 12:30:00,141.89999389648438,142.10000610351562,141.0,141.6999969482422,2293807
2026-04-14 13:30:00,140.3000030517578,141.89999389648438,139.89999389648438,141.8000030517578,4968169
2026-04-14 14:30:00,139.6999969482422,141.1999969482422,139.60000610351562,140.3000030517578,4248913
2026-04-14 15:30:00,138.5,140.10000610351562,138.0,139.8000030517578,6884913
2026-04-14 16:30:00,140.0,141.8000030517578,138.39999389648438,138.5,5785535
2026-04-14 17:30:00,139.6999969482422,140.39999389648438,139.5,140.0,1478826
2026-04-15 09:30:00,140.3000030517578,140.6999969482422,139.5,140.6999969482422,0
2026-04-15 10:30:00,140.3000030517578,140.60000610351562,139.1999969482422,140.3000030517578,2461308
2026-04-15 11:30:00,139.39999389648438,140.3000030517578,139.3000030517578,140.3000030517578,1567732
2026-04-15 12:30:00,139.3000030517578,140.0,139.3000030517578,139.39999389648438,789981
2026-04-15 13:30:00,139.89999389648438,140.3000030517578,139.3000030517578,139.3000030517578,2310751
2026-04-15 14:30:00,139.89999389648438,140.39999389648438,139.8000030517578,139.89999389648438,1788663
2026-04-15 15:30:00,139.60000610351562,140.1999969482422,139.5,139.89999389648438,1639815
2026-04-15 16:30:00,139.3000030517578,139.8000030517578,139.1999969482422,139.6999969482422,2250396
2026-04-15 17:30:00,138.8000030517578,139.39999389648438,138.6999969482422,139.39999389648438,2303544
2026-04-16 09:30:00,139.6999969482422,140.5,139.60000610351562,139.8000030517578,0
2026-04-16 10:30:00,138.39999389648438,139.8000030517578,138.10000610351562,139.6999969482422,4704752
2026-04-16 11:30:00,138.0,138.5,137.5,138.39999389648438,2363072
2026-04-16 12:30:00,137.89999389648438,138.1999969482422,137.6999969482422,138.0,1004787
2026-04-16 13:30:00,138.3000030517578,138.5,137.5,138.0,1493062
2026-04-16 14:30:00,138.3000030517578,138.6999969482422,137.89999389648438,138.3000030517578,1423569
2026-04-16 15:30:00,138.10000610351562,138.39999389648438,137.10000610351562,138.39999389648438,2344157
2026-04-16 16:30:00,137.10000610351562,138.3000030517578,136.60000610351562,138.10000610351562,2593975
2026-04-16 17:30:00,137.1999969482422,137.5,136.6999969482422,137.0,2285453
2026-04-17 09:30:00,136.8000030517578,137.60000610351562,136.5,137.10000610351562,0
2026-04-17 10:30:00,136.89999389648438,137.89999389648438,136.8000030517578,136.8000030517578,2351657
2026-04-17 11:30:00,137.3000030517578,137.60000610351562,136.89999389648438,136.89999389648438,1390015
2026-04-17 12:30:00,136.89999389648438,137.5,136.89999389648438,137.3000030517578,1077341
2026-04-17 13:30:00,136.6999969482422,137.10000610351562,136.60000610351562,136.89999389648438,1390132
2026-04-17 14:30:00,137.3000030517578,137.39999389648438,136.39999389648438,136.6999969482422,2225256
2026-04-17 15:30:00,142.10000610351562,143.39999389648438,137.1999969482422,137.1999969482422,19174174
2026-04-17 16:30:00,145.0,145.5,141.8000030517578,142.0,12411919
2026-04-17 17:30:00,146.6999969482422,147.10000610351562,144.6999969482422,145.0,6146789
2026-04-20 11:30:00,146.3000030517578,146.60000610351562,146.1999969482422,146.39999389648438,335027
2026-04-20 12:30:00,146.5,146.89999389648438,145.8000030517578,146.3000030517578,2004186
2026-04-20 13:30:00,146.0,146.6999969482422,145.89999389648438,146.5,1042655
2026-04-20 14:30:00,146.8000030517578,147.3000030517578,145.8000030517578,146.0,4507819
2026-04-20 15:30:00,145.8000030517578,147.0,145.39999389648438,146.6999969482422,3425102
2026-04-20 16:30:00,145.1999969482422,146.0,144.6999969482422,145.8000030517578,4091519
2026-04-20 17:30:00,144.1999969482422,145.1999969482422,144.10000610351562,145.10000610351562,2499459
2026-04-21 09:30:00,144.60000610351562,145.8000030517578,144.5,144.89999389648438,0
2026-04-21 10:30:00,144.1999969482422,144.8000030517578,143.6999969482422,144.6999969482422,2858922
2026-04-21 11:30:00,143.10000610351562,144.3000030517578,143.0,144.1999969482422,1530313
2026-04-21 12:30:00,143.6999969482422,144.3000030517578,143.0,143.10000610351562,1836931
2026-04-21 13:30:00,144.0,145.39999389648438,142.6999969482422,143.6999969482422,3425311
2026-04-21 14:30:00,143.8000030517578,144.6999969482422,143.39999389648438,144.0,2097318
2026-04-21 15:30:00,143.60000610351562,144.0,143.3000030517578,143.8000030517578,1550610
2026-04-21 16:30:00,143.3000030517578,144.10000610351562,143.3000030517578,143.60000610351562,1390238
2026-04-21 17:30:00,142.3000030517578,143.5,142.10000610351562,143.39999389648438,2076000
2026-04-22 09:30:00,142.39999389648438,144.0,142.0,143.10000610351562,0
2026-04-22 10:30:00,141.3000030517578,142.5,141.3000030517578,142.39999389648438,2125967
2026-04-22 11:30:00,141.1999969482422,141.60000610351562,141.0,141.3000030517578,1354885
2026-04-22 12:30:00,141.8000030517578,141.89999389648438,141.10000610351562,141.3000030517578,877073
2026-04-22 13:30:00,141.39999389648438,143.39999389648438,140.5,141.8000030517578,5835391
2026-04-22 14:30:00,140.0,141.39999389648438,139.60000610351562,141.3000030517578,2163287
2026-04-22 15:30:00,140.39999389648438,140.60000610351562,139.5,139.89999389648438,1927988
2026-04-22 16:30:00,139.5,140.5,139.3000030517578,140.39999389648438,1679075
2026-04-22 17:30:00,139.6999969482422,140.1999969482422,139.39999389648438,139.39999389648438,1612202
2026-04-24 09:30:00,138.10000610351562,139.1999969482422,137.8000030517578,138.8000030517578,0
2026-04-24 10:30:00,137.1999969482422,138.1999969482422,137.0,138.10000610351562,2809142
2026-04-24 11:30:00,136.6999969482422,137.1999969482422,136.39999389648438,137.1999969482422,1605671
2026-04-24 12:30:00,137.5,137.6999969482422,136.60000610351562,136.6999969482422,1444227
2026-04-24 13:30:00,138.8000030517578,139.0,137.3000030517578,137.5,3791382
2026-04-24 14:30:00,138.89999389648438,139.89999389648438,138.6999969482422,138.8000030517578,3752497
2026-04-24 15:30:00,138.10000610351562,139.3000030517578,137.89999389648438,138.8000030517578,1909470
2026-04-24 16:30:00,138.0,138.60000610351562,137.1999969482422,138.10000610351562,1913572
2026-04-24 17:30:00,137.8000030517578,138.39999389648438,137.60000610351562,138.0,2196312
2026-04-27 09:30:00,137.3000030517578,138.1999969482422,136.8000030517578,138.10000610351562,0
2026-04-27 10:30:00,138.10000610351562,139.39999389648438,137.1999969482422,137.1999969482422,4441465
2026-04-27 11:30:00,137.6999969482422,138.1999969482422,137.5,138.10000610351562,2243937
2026-04-27 12:30:00,138.3000030517578,138.39999389648438,137.60000610351562,137.6999969482422,1989871
2026-04-27 13:30:00,138.1999969482422,138.8000030517578,138.10000610351562,138.39999389648438,3055656
2026-04-27 14:30:00,137.60000610351562,138.3000030517578,137.10000610351562,138.1999969482422,2744690
2026-04-27 15:30:00,137.8000030517578,138.10000610351562,137.3000030517578,137.60000610351562,2019792
2026-04-27 16:30:00,136.3000030517578,138.0,136.1999969482422,137.8000030517578,3015233
2026-04-27 17:30:00,136.8000030517578,137.0,136.1999969482422,136.3000030517578,1666375
2026-04-28 09:30:00,135.89999389648438,137.10000610351562,135.6999969482422,136.5,0
2026-04-28 10:30:00,135.3000030517578,135.89999389648438,134.89999389648438,135.89999389648438,3283586
2026-04-28 11:30:00,135.3000030517578,135.39999389648438,135.10000610351562,135.3000030517578,691761
2026-04-28 12:30:00,135.1999969482422,135.5,135.0,135.1999969482422,685573
2026-04-28 13:30:00,134.5,135.3000030517578,134.3000030517578,135.3000030517578,1077636
2026-04-28 14:30:00,134.8000030517578,135.10000610351562,134.3000030517578,134.5,1552356
2026-04-28 15:30:00,135.3000030517578,135.60000610351562,134.6999969482422,134.89999389648438,1815978
2026-04-28 16:30:00,135.60000610351562,135.89999389648438,135.0,135.3000030517578,3275259
2026-04-28 17:30:00,134.6999969482422,135.6999969482422,134.5,135.5,1994804
2026-04-29 09:30:00,133.8000030517578,136.39999389648438,133.60000610351562,135.8000030517578,0
2026-04-29 10:30:00,132.89999389648438,134.0,132.3000030517578,133.8000030517578,5024410
2026-04-29 11:30:00,133.89999389648438,134.0,132.39999389648438,133.10000610351562,2586686
2026-04-29 12:30:00,134.10000610351562,134.39999389648438,133.6999969482422,134.0,1640716
2026-04-29 13:30:00,133.8000030517578,134.1999969482422,133.60000610351562,134.10000610351562,1554284
2026-04-29 14:30:00,133.3000030517578,133.8000030517578,133.10000610351562,133.8000030517578,1093376
2026-04-29 15:30:00,133.0,133.39999389648438,132.6999969482422,133.39999389648438,1547626
2026-04-29 16:30:00,132.6999969482422,133.3000030517578,132.3000030517578,133.10000610351562,3122979
2026-04-29 17:30:00,132.6999969482422,132.89999389648438,132.3000030517578,132.8000030517578,1568907
2026-04-30 09:30:00,131.1999969482422,133.10000610351562,131.0,132.0,0
2026-04-30 10:30:00,134.3000030517578,134.8000030517578,131.10000610351562,131.1999969482422,6968933
2026-04-30 11:30:00,133.89999389648438,134.60000610351562,133.5,134.1999969482422,3011609
2026-04-30 12:30:00,133.6999969482422,134.39999389648438,133.60000610351562,133.89999389648438,1364769
2026-04-30 13:30:00,133.60000610351562,133.89999389648438,132.89999389648438,133.60000610351562,3327666
2026-04-30 14:30:00,133.39999389648438,133.6999969482422,132.8000030517578,133.60000610351562,1771639
2026-04-30 15:30:00,133.1999969482422,133.89999389648438,133.10000610351562,133.39999389648438,2602849
2026-04-30 16:30:00,133.10000610351562,133.3000030517578,132.5,133.3000030517578,2260274
2026-04-30 17:30:00,133.6999969482422,133.89999389648438,132.89999389648438,133.10000610351562,2602701
2026-05-04 09:30:00,131.60000610351562,134.89999389648438,131.60000610351562,134.1999969482422,0
2026-05-04 10:30:00,131.3000030517578,132.10000610351562,130.89999389648438,131.60000610351562,3241031
2026-05-04 11:30:00,131.3000030517578,132.0,131.10000610351562,131.3000030517578,2733797
2026-05-04 12:30:00,129.3000030517578,131.5,129.0,131.3000030517578,3612363
2026-05-04 13:30:00,129.1999969482422,129.89999389648438,128.89999389648438,129.3000030517578,4677775
2026-05-04 14:30:00,130.3000030517578,130.39999389648438,129.0,129.1999969482422,2555020
2026-05-04 15:30:00,130.0,130.39999389648438,129.5,130.3000030517578,2631854
2026-05-04 16:30:00,130.0,131.10000610351562,129.89999389648438,130.0,4613683
2026-05-04 17:30:00,129.8000030517578,130.1999969482422,129.6999969482422,130.10000610351562,1432713
2026-05-05 09:30:00,130.1999969482422,130.8000030517578,129.60000610351562,129.60000610351562,0
2026-05-05 10:30:00,130.5,130.60000610351562,128.60000610351562,130.1999969482422,4523939
2026-05-05 11:30:00,129.6999969482422,130.60000610351562,129.5,130.5,1056637
2026-05-05 12:30:00,129.8000030517578,130.39999389648438,129.60000610351562,129.6999969482422,1129228
2026-05-05 13:30:00,128.6999969482422,129.89999389648438,128.60000610351562,129.8000030517578,1682655
2026-05-05 14:30:00,128.5,129.1999969482422,128.39999389648438,128.60000610351562,3124872
2026-05-05 15:30:00,129.3000030517578,129.5,128.3000030517578,128.5,2041601
2026-05-05 16:30:00,129.60000610351562,130.39999389648438,129.0,129.3000030517578,4208494
2026-05-05 17:30:00,129.1999969482422,129.60000610351562,128.89999389648438,129.60000610351562,1831665
2026-05-06 09:30:00,132.0,132.1999969482422,130.89999389648438,131.8000030517578,0
2026-05-06 10:30:00,132.1999969482422,133.0,131.6999969482422,132.0,10895301
2026-05-06 11:30:00,135.1999969482422,135.1999969482422,131.8000030517578,132.1999969482422,12744358
2026-05-06 12:30:00,135.0,136.10000610351562,134.60000610351562,135.1999969482422,10609083
2026-05-06 13:30:00,137.3000030517578,137.5,134.8000030517578,135.10000610351562,9170973
2026-05-06 14:30:00,135.60000610351562,137.5,135.10000610351562,137.3000030517578,8621748
2026-05-06 15:30:00,135.5,135.8000030517578,134.60000610351562,135.60000610351562,4763851
2026-05-06 16:30:00,136.3000030517578,136.5,135.39999389648438,135.39999389648438,5721306
2026-05-06 17:30:00,136.8000030517578,137.3000030517578,136.3000030517578,136.3000030517578,3575524
2026-05-07 09:30:00,137.8000030517578,138.60000610351562,136.89999389648438,138.0,0
2026-05-07 10:30:00,138.3000030517578,138.6999969482422,137.0,137.8000030517578,10469720
2026-05-07 11:30:00,136.89999389648438,138.39999389648438,136.60000610351562,138.3000030517578,3853996
2026-05-07 12:30:00,137.6999969482422,137.89999389648438,136.8000030517578,136.89999389648438,2176101
2026-05-07 13:30:00,138.0,138.3000030517578,137.5,137.6999969482422,3245706
2026-05-07 14:30:00,138.1999969482422,138.3000030517578,137.60000610351562,137.89999389648438,3212384
2026-05-07 15:30:00,138.0,139.0,137.8000030517578,138.3000030517578,9317005
2026-05-07 16:30:00,137.6999969482422,138.10000610351562,136.8000030517578,138.0,3610739
2026-05-07 17:30:00,137.39999389648438,137.89999389648438,137.3000030517578,137.8000030517578,2165343
2026-05-08 09:30:00,135.10000610351562,136.8000030517578,134.8000030517578,136.6999969482422,0
2026-05-08 10:30:00,136.3000030517578,136.3000030517578,134.89999389648438,135.0,2529477
2026-05-08 11:30:00,136.6999969482422,137.10000610351562,135.6999969482422,136.1999969482422,4059148
2026-05-08 12:30:00,136.60000610351562,136.89999389648438,136.10000610351562,136.6999969482422,1013663
2026-05-08 13:30:00,136.60000610351562,137.0,136.1999969482422,136.60000610351562,2138325
2026-05-08 14:30:00,136.39999389648438,136.6999969482422,136.10000610351562,136.5,1782507
2026-05-08 15:30:00,138.0,138.10000610351562,136.39999389648438,136.39999389648438,5136710
2026-05-08 16:30:00,136.6999969482422,138.1999969482422,136.5,138.0,8457382
2026-05-08 17:30:00,136.8000030517578,137.6999969482422,136.5,136.6999969482422,2857293
2026-05-11 09:30:00,136.60000610351562,137.60000610351562,136.10000610351562,136.60000610351562,5137168
2026-05-11 10:30:00,137.0,137.39999389648438,136.5,136.60000610351562,3101959
2026-05-11 11:30:00,137.10000610351562,137.60000610351562,136.89999389648438,136.89999389648438,2118425
2026-05-11 12:30:00,136.89999389648438,137.1999969482422,136.5,137.1999969482422,2340151
2026-05-11 13:30:00,137.0,137.1999969482422,136.39999389648438,136.8000030517578,2860578
2026-05-11 14:30:00,138.0,138.0,137.0,137.0,4631165
2026-05-11 15:30:00,138.10000610351562,138.39999389648438,136.89999389648438,137.89999389648438,7661231
2026-05-11 16:30:00,137.5,138.5,137.1999969482422,138.10000610351562,5931974
2026-05-11 17:30:00,138.1999969482422,138.60000610351562,137.5,137.5,3825468
2026-05-12 09:30:00,137.10000610351562,138.0,136.5,137.6999969482422,0
2026-05-12 10:30:00,137.10000610351562,138.3000030517578,137.0,137.10000610351562,4391511
2026-05-12 11:30:00,136.10000610351562,137.3000030517578,136.10000610351562,137.10000610351562,2751400
2026-05-12 12:30:00,135.60000610351562,136.39999389648438,135.60000610351562,136.1999969482422,2396822
2026-05-12 13:30:00,135.0,135.6999969482422,134.8000030517578,135.60000610351562,3675983
2026-05-12 14:30:00,134.8000030517578,135.10000610351562,134.60000610351562,135.10000610351562,2189338
2026-05-12 15:30:00,134.6999969482422,135.3000030517578,134.60000610351562,134.89999389648438,1797000
2026-05-12 16:30:00,134.60000610351562,135.10000610351562,134.3000030517578,134.8000030517578,2003085
2026-05-12 17:30:00,133.39999389648438,134.6999969482422,133.3000030517578,134.60000610351562,3315987
2026-05-13 09:30:00,133.60000610351562,134.60000610351562,132.8000030517578,134.1999969482422,0
2026-05-13 10:30:00,132.89999389648438,134.3000030517578,132.8000030517578,133.60000610351562,2680710
2026-05-13 11:30:00,132.89999389648438,133.10000610351562,132.5,132.89999389648438,1409928
2026-05-13 12:30:00,133.1999969482422,134.0,132.60000610351562,132.8000030517578,1584408
2026-05-13 13:30:00,132.10000610351562,133.60000610351562,131.89999389648438,133.1999969482422,2789244
2026-05-13 14:30:00,131.6999969482422,132.3000030517578,131.60000610351562,132.10000610351562,2811638
2026-05-13 15:30:00,131.5,132.10000610351562,130.6999969482422,131.60000610351562,3352793
2026-05-13 16:30:00,131.8000030517578,132.0,130.8000030517578,131.5,5872847
2026-05-13 17:30:00,131.8000030517578,132.39999389648438,131.5,131.8000030517578,2402401
2026-05-14 09:30:00,132.0,132.6999969482422,131.0,132.10000610351562,0
2026-05-14 10:30:00,131.89999389648438,132.5,131.39999389648438,132.0,2447334
2026-05-14 11:30:00,131.8000030517578,132.5,131.6999969482422,131.8000030517578,1446058
2026-05-14 12:30:00,132.60000610351562,132.60000610351562,131.3000030517578,131.8000030517578,1920924
2026-05-14 13:30:00,133.5,134.0,132.0,132.60000610351562,6203696
2026-05-14 14:30:00,133.10000610351562,134.1999969482422,133.0,133.5,2843760
2026-05-14 15:30:00,132.89999389648438,133.1999969482422,132.60000610351562,133.0,1847467
2026-05-14 16:30:00,133.0,133.3000030517578,132.1999969482422,132.8000030517578,1953073
2026-05-14 17:30:00,133.5,134.0,133.0,133.10000610351562,2456544
2026-05-15 09:30:00,129.89999389648438,131.6999969482422,129.1999969482422,131.5,0
2026-05-15 10:30:00,129.89999389648438,130.1999969482422,129.5,129.8000030517578,2867999
2026-05-15 11:30:00,130.10000610351562,130.3000030517578,129.60000610351562,129.8000030517578,2147657
2026-05-15 12:30:00,129.8000030517578,130.1999969482422,129.6999969482422,130.10000610351562,939150
2026-05-15 13:30:00,130.10000610351562,130.60000610351562,129.8000030517578,129.89999389648438,1632069
2026-05-15 14:30:00,129.3000030517578,130.10000610351562,129.1999969482422,130.10000610351562,2531593
2026-05-15 15:30:00,129.6999969482422,129.8000030517578,129.1999969482422,129.3000030517578,1281399
2026-05-15 16:30:00,130.10000610351562,130.39999389648438,129.0,129.60000610351562,4885938
2026-05-15 17:30:00,129.89999389648438,130.5,129.8000030517578,130.1999969482422,2150042
2026-05-18 09:30:00,127.30000305175781,129.1999969482422,127.30000305175781,128.6999969482422,0
2026-05-18 10:30:00,128.60000610351562,128.8000030517578,126.5999984741211,127.30000305175781,3730594
2026-05-18 11:30:00,127.5999984741211,128.89999389648438,127.5,128.60000610351562,2424978
2026-05-18 12:30:00,127.19999694824219,127.80000305175781,127.19999694824219,127.69999694824219,1175696
2026-05-18 13:30:00,126.9000015258789,127.5,126.80000305175781,127.19999694824219,1124168
2026-05-18 14:30:00,128.39999389648438,128.60000610351562,126.80000305175781,126.9000015258789,3103716
2026-05-18 15:30:00,129.89999389648438,130.6999969482422,128.1999969482422,128.39999389648438,5324883
2026-05-18 16:30:00,129.60000610351562,130.5,129.3000030517578,129.89999389648438,3349869
2026-05-18 17:30:00,129.8000030517578,130.1999969482422,129.10000610351562,129.60000610351562,2628995
2026-05-20 09:30:00,129.5,130.0,128.6999969482422,128.8000030517578,0
2026-05-20 10:30:00,129.89999389648438,130.0,129.10000610351562,129.39999389648438,2450086
2026-05-20 11:30:00,130.0,130.6999969482422,129.89999389648438,130.0,2241687
2026-05-20 12:30:00,129.8000030517578,130.1999969482422,129.3000030517578,130.10000610351562,2040519
2026-05-20 13:30:00,129.1999969482422,129.89999389648438,129.10000610351562,129.6999969482422,975641
2026-05-20 14:30:00,129.8000030517578,129.89999389648438,129.1999969482422,129.1999969482422,1118361
2026-05-20 15:30:00,128.8000030517578,129.89999389648438,128.6999969482422,129.8000030517578,1553446
2026-05-20 16:30:00,130.3000030517578,130.39999389648438,127.5999984741211,128.8000030517578,5692156
2026-05-20 17:30:00,130.0,131.10000610351562,129.6999969482422,130.3000030517578,3740961
2026-05-21 09:30:00,129.0,130.1999969482422,128.39999389648438,129.0,0
2026-05-21 10:30:00,129.60000610351562,130.10000610351562,128.89999389648438,129.0,2288030
2026-05-21 11:30:00,129.3000030517578,129.60000610351562,129.0,129.60000610351562,1359175
2026-05-21 12:30:00,129.10000610351562,129.5,128.6999969482422,129.39999389648438,1264839
2026-05-21 13:30:00,129.1999969482422,129.39999389648438,128.6999969482422,129.0,1114338
2026-05-21 14:30:00,129.6999969482422,129.6999969482422,129.10000610351562,129.10000610351562,980470
2026-05-21 15:30:00,129.1999969482422,130.3000030517578,129.0,129.6999969482422,3096615
2026-05-21 16:30:00,126.0,129.39999389648438,125.9000015258789,129.10000610351562,7089534
2026-05-21 17:30:00,122.5999984741211,126.4000015258789,122.5999984741211,126.0999984741211,4406434
2026-05-22 09:30:00,121.30000305175781,121.5,116.9000015258789,120.5,0
2026-05-22 10:30:00,121.69999694824219,122.5999984741211,120.4000015258789,121.30000305175781,7426489
2026-05-22 11:30:00,121.69999694824219,122.0999984741211,120.5999984741211,121.69999694824219,3415689
2026-05-22 12:30:00,122.69999694824219,123.30000305175781,121.69999694824219,121.80000305175781,3482287
2026-05-22 13:30:00,121.0,122.69999694824219,120.5,122.69999694824219,3211914
2026-05-22 14:30:00,122.19999694824219,123.19999694824219,120.0,120.9000015258789,7673392
2026-05-22 15:30:00,122.30000305175781,123.4000015258789,121.5,122.19999694824219,11031368
2026-05-22 16:30:00,120.80000305175781,122.5,120.5999984741211,122.30000305175781,5275196
2026-05-22 17:30:00,122.5999984741211,123.5,120.80000305175781,120.9000015258789,5338103
2026-05-25 09:30:00,122.5,123.30000305175781,121.69999694824219,123.0,0
2026-05-25 10:30:00,122.0,122.5999984741211,121.69999694824219,122.5,5230252
2026-05-25 11:30:00,122.0,122.4000015258789,121.80000305175781,121.9000015258789,3161432
2026-05-25 12:30:00,122.30000305175781,122.69999694824219,122.0,122.0,5164711
2026-05-25 13:30:00,122.5999984741211,123.0,122.0999984741211,122.4000015258789,4189977
2026-05-25 14:30:00,124.0999984741211,124.19999694824219,122.5,122.5999984741211,4906591
2026-05-25 15:30:00,124.0,124.4000015258789,123.5999984741211,124.0,2383224
2026-05-25 16:30:00,125.0,125.4000015258789,124.0,124.0,4580062
2026-05-25 17:30:00,125.19999694824219,125.5999984741211,125.0,125.0,1801002
2026-05-26 09:30:00,124.4000015258789,125.9000015258789,124.30000305175781,125.0999984741211,0
2026-05-26 10:30:00,124.69999694824219,125.4000015258789,124.30000305175781,124.4000015258789,2167052
2026-05-26 11:30:00,123.4000015258789,124.9000015258789,123.19999694824219,124.69999694824219,4481359
2026-05-26 12:30:00,122.9000015258789,123.30000305175781,122.9000015258789,123.30000305175781,1168743
2026-06-01 09:30:00,125.69999694824219,126.5999984741211,123.69999694824219,123.69999694824219,0
2026-06-01 10:30:00,124.80000305175781,125.69999694824219,123.80000305175781,125.69999694824219,2362312
2026-06-01 11:30:00,124.80000305175781,125.80000305175781,124.5999984741211,124.9000015258789,2036137
2026-06-01 12:30:00,125.30000305175781,125.69999694824219,124.69999694824219,124.80000305175781,1516316
2026-06-01 13:30:00,124.5999984741211,125.5999984741211,124.5,125.30000305175781,1528754
2026-06-01 14:30:00,124.69999694824219,125.4000015258789,124.5,124.5999984741211,1779968
2026-06-01 15:30:00,122.80000305175781,125.69999694824219,122.5999984741211,124.80000305175781,5991801
2026-06-01 16:30:00,123.30000305175781,123.9000015258789,122.0999984741211,122.80000305175781,6447065
2026-06-01 17:30:00,123.0999984741211,123.5,123.0,123.30000305175781,1794028
2026-06-02 09:30:00,126.30000305175781,126.69999694824219,124.19999694824219,124.30000305175781,0
2026-06-02 10:30:00,127.30000305175781,128.1999969482422,126.0999984741211,126.19999694824219,5125629
2026-06-02 11:30:00,127.4000015258789,127.69999694824219,127.0,127.19999694824219,1146392
2026-06-02 12:30:00,127.5,127.80000305175781,127.30000305175781,127.4000015258789,871387
2026-06-02 13:30:00,127.80000305175781,128.60000610351562,127.30000305175781,127.4000015258789,2825090
2026-06-02 14:30:00,129.60000610351562,129.6999969482422,127.80000305175781,127.80000305175781,3381055
2026-06-02 15:30:00,128.6999969482422,130.0,128.6999969482422,129.60000610351562,3707196
2026-06-02 16:30:00,128.10000610351562,128.89999389648438,128.0,128.8000030517578,1977832
2026-06-02 17:30:00,128.8000030517578,129.10000610351562,128.10000610351562,128.10000610351562,1452452
2026-06-03 09:30:00,129.10000610351562,129.39999389648438,127.69999694824219,128.8000030517578,0
2026-06-03 10:30:00,128.39999389648438,129.10000610351562,127.9000015258789,129.10000610351562,3861023
2026-06-03 11:30:00,127.9000015258789,128.5,127.5999984741211,128.39999389648438,1605758
2026-06-03 12:30:00,127.80000305175781,128.39999389648438,127.19999694824219,127.80000305175781,2179627
2026-06-03 13:30:00,128.3000030517578,128.60000610351562,127.69999694824219,127.80000305175781,1727459
2026-06-03 14:30:00,128.8000030517578,129.10000610351562,128.1999969482422,128.3000030517578,3904150
2026-06-03 15:30:00,127.5,128.8000030517578,126.5999984741211,128.8000030517578,3579894
2026-06-03 16:30:00,126.19999694824219,127.5,125.9000015258789,127.5,3255648
2026-06-03 17:30:00,125.9000015258789,126.5,125.80000305175781,126.0999984741211,1827355
2026-06-04 09:30:00,127.4000015258789,128.39999389648438,126.5999984741211,126.69999694824219,0
2026-06-04 10:30:00,126.0999984741211,127.5999984741211,125.0999984741211,127.4000015258789,4732001
2026-06-04 11:30:00,126.0,126.5,125.5,126.0999984741211,1947094
2026-06-04 12:30:00,125.69999694824219,126.5,125.5999984741211,126.0,1474653
2026-06-04 13:30:00,127.0999984741211,127.0999984741211,125.5,125.69999694824219,2263624
2026-06-04 14:30:00,129.0,129.8000030517578,126.0999984741211,127.0,12706566
2026-06-04 15:30:00,128.89999389648438,129.39999389648438,128.5,129.10000610351562,1876781
2026-06-04 16:30:00,128.5,129.0,127.9000015258789,128.89999389648438,2461280
2026-06-04 17:30:00,129.10000610351562,129.3000030517578,128.1999969482422,128.5,2232729
2026-06-05 09:30:00,126.5,130.3000030517578,125.80000305175781,130.0,0
2026-06-05 10:30:00,126.80000305175781,127.19999694824219,126.19999694824219,126.5,3625175
2026-06-05 11:30:00,126.4000015258789,126.80000305175781,126.0999984741211,126.69999694824219,2231508
2026-06-05 12:30:00,126.4000015258789,127.0,126.4000015258789,126.5,1324906
2026-06-05 13:30:00,126.5999984741211,126.80000305175781,126.4000015258789,126.5,809537
2026-06-05 14:30:00,126.0999984741211,126.69999694824219,125.9000015258789,126.5999984741211,1514102
2026-06-05 15:30:00,125.5999984741211,126.19999694824219,125.5,126.19999694824219,1870540
2026-06-05 16:30:00,125.5999984741211,125.80000305175781,124.9000015258789,125.5999984741211,3430829
2026-06-05 17:30:00,125.0999984741211,125.80000305175781,124.9000015258789,125.5999984741211,2429487
2026-06-08 09:30:00,125.4000015258789,125.5999984741211,123.19999694824219,123.30000305175781,0
2026-06-08 10:30:00,126.0999984741211,127.0,125.30000305175781,125.4000015258789,4046563
2026-06-08 11:30:00,125.69999694824219,126.19999694824219,125.4000015258789,126.0,1032617
2026-06-08 12:30:00,125.5999984741211,126.19999694824219,125.30000305175781,125.69999694824219,1241372
2026-06-08 13:30:00,129.3000030517578,129.3000030517578,125.5,125.5999984741211,7458540
2026-06-08 14:30:00,128.89999389648438,129.89999389648438,128.60000610351562,129.3000030517578,6147253
2026-06-08 15:30:00,129.3000030517578,129.5,128.60000610351562,128.8000030517578,2386107
2026-06-08 16:30:00,129.0,129.60000610351562,128.6999969482422,129.3000030517578,3021949
2026-06-08 17:30:00,129.5,129.8000030517578,128.8000030517578,128.89999389648438,2635017
2026-06-09 09:30:00,130.1999969482422,131.5,129.1999969482422,129.3000030517578,0
2026-06-09 10:30:00,130.3000030517578,130.39999389648438,129.1999969482422,130.1999969482422,3643902
2026-06-09 11:30:00,130.8000030517578,130.8000030517578,129.5,130.1999969482422,2406837
2026-06-09 12:30:00,131.0,131.6999969482422,130.8000030517578,130.8000030517578,2670715
2026-06-09 13:30:00,130.1999969482422,131.0,130.1999969482422,131.0,1313459
2026-06-09 14:30:00,129.6999969482422,130.60000610351562,129.6999969482422,130.3000030517578,1821727
2026-06-09 15:30:00,130.1999969482422,130.3000030517578,129.10000610351562,129.6999969482422,3873151
2026-06-09 16:30:00,130.1999969482422,131.3000030517578,129.5,130.10000610351562,5353014
2026-06-09 17:30:00,130.39999389648438,130.60000610351562,129.8000030517578,130.10000610351562,1741396
2026-06-10 09:30:00,130.60000610351562,130.6999969482422,129.39999389648438,130.0,0
2026-06-10 10:30:00,128.60000610351562,130.6999969482422,128.3000030517578,130.60000610351562,3447549
2026-06-10 11:30:00,129.10000610351562,129.1999969482422,128.39999389648438,128.6999969482422,2565428
2026-06-10 12:30:00,128.6999969482422,129.3000030517578,128.60000610351562,129.10000610351562,1021661
2026-06-10 13:30:00,127.69999694824219,129.10000610351562,127.69999694824219,128.6999969482422,2252509
2026-06-10 14:30:00,127.80000305175781,128.0,126.30000305175781,127.69999694824219,1874810
2026-06-10 15:30:00,128.60000610351562,129.0,127.80000305175781,127.80000305175781,3161750
2026-06-10 16:30:00,128.1999969482422,129.8000030517578,128.1999969482422,128.60000610351562,2426417
2026-06-10 17:30:00,128.5,129.10000610351562,128.1999969482422,128.3000030517578,1535687
2026-06-11 09:30:00,129.6999969482422,129.6999969482422,127.80000305175781,128.8000030517578,0
2026-06-11 10:30:00,129.5,130.0,129.0,129.6999969482422,2574395
2026-06-11 11:30:00,129.10000610351562,129.60000610351562,129.0,129.5,2635539
2026-06-11 12:30:00,129.0,129.1999969482422,128.8000030517578,129.0,865245
2026-06-11 13:30:00,130.3000030517578,130.3000030517578,128.60000610351562,129.10000610351562,4492874
2026-06-11 14:30:00,127.80000305175781,130.60000610351562,127.80000305175781,130.3000030517578,4764678
2026-06-11 15:30:00,127.0,127.9000015258789,126.0,127.9000015258789,4362052
2026-06-11 16:30:00,127.80000305175781,128.60000610351562,126.9000015258789,127.0,2799416
2026-06-11 17:30:00,128.5,129.1999969482422,127.69999694824219,127.80000305175781,3018824
2026-06-12 09:30:00,132.3000030517578,133.5,131.89999389648438,131.89999389648438,0
2026-06-12 10:30:00,137.60000610351562,137.89999389648438,132.0,132.1999969482422,18010002
2026-06-12 11:30:00,137.60000610351562,138.5,136.60000610351562,137.60000610351562,6990018
2026-06-12 12:30:00,136.5,137.8000030517578,136.5,137.6999969482422,3951177
2026-06-12 13:30:00,136.8000030517578,137.5,136.3000030517578,136.60000610351562,2899112
2026-06-12 14:30:00,136.6999969482422,136.89999389648438,136.1999969482422,136.6999969482422,2372412
2026-06-12 15:30:00,135.8000030517578,136.89999389648438,135.3000030517578,136.60000610351562,4530616
2026-06-12 16:30:00,134.6999969482422,136.3000030517578,133.5,135.8000030517578,8923459
2026-06-12 17:30:00,136.1999969482422,136.3000030517578,134.60000610351562,134.6999969482422,4161470
2026-06-15 09:30:00,142.10000610351562,144.39999389648438,141.5,144.0,0
2026-06-15 10:30:00,141.5,142.5,140.60000610351562,142.1999969482422,7715893
2026-06-15 11:30:00,140.8000030517578,142.0,140.39999389648438,141.39999389648438,4400967
2026-06-15 12:30:00,141.6999969482422,142.0,140.5,140.8000030517578,3789556
2026-06-15 13:30:00,142.1999969482422,142.3000030517578,141.60000610351562,141.6999969482422,3246165
2026-06-15 14:30:00,142.1999969482422,142.5,141.8000030517578,142.3000030517578,3028817
2026-06-15 15:30:00,142.10000610351562,142.3000030517578,141.8000030517578,142.1999969482422,2138712
2026-06-15 16:30:00,141.89999389648438,142.5,141.6999969482422,142.0,3336338
2026-06-15 17:30:00,141.39999389648438,142.10000610351562,141.39999389648438,142.0,2207080
2026-06-16 09:30:00,141.10000610351562,141.60000610351562,139.39999389648438,140.8000030517578,0
2026-06-16 10:30:00,141.0,141.8000030517578,140.60000610351562,141.10000610351562,3844140
2026-06-16 11:30:00,141.3000030517578,141.60000610351562,140.6999969482422,141.0,2023576
2026-06-16 12:30:00,141.60000610351562,141.8000030517578,141.10000610351562,141.39999389648438,2188289
2026-06-16 13:30:00,140.6999969482422,141.6999969482422,140.5,141.60000610351562,2067291
2026-06-16 14:30:00,139.6999969482422,141.1999969482422,139.60000610351562,140.60000610351562,3182850
2026-06-16 15:30:00,140.89999389648438,141.5,139.8000030517578,139.8000030517578,3496089
2026-06-16 16:30:00,140.1999969482422,141.1999969482422,140.0,141.0,3798558
2026-06-16 17:30:00,140.3000030517578,140.8000030517578,140.0,140.1999969482422,2237900
2026-06-17 09:30:00,140.89999389648438,141.5,140.60000610351562,141.10000610351562,0
2026-06-17 10:30:00,141.60000610351562,141.89999389648438,140.8000030517578,141.0,3325394
2026-06-17 11:30:00,141.0,141.8000030517578,140.5,141.6999969482422,1919849
2026-06-17 12:30:00,140.89999389648438,141.3000030517578,140.8000030517578,141.0,1277759
2026-06-17 13:30:00,140.0,141.1999969482422,140.0,140.89999389648438,1607681
2026-06-17 14:30:00,141.0,141.1999969482422,139.60000610351562,140.0,2388259
2026-06-17 15:30:00,141.39999389648438,141.8000030517578,140.5,141.0,3421037
2026-06-17 16:30:00,140.6999969482422,141.8000030517578,139.89999389648438,141.39999389648438,5817073
2026-06-17 17:30:00,140.8000030517578,141.1999969482422,140.5,140.6999969482422,2037730
2026-06-18 09:30:00,142.3000030517578,142.6999969482422,141.0,141.39999389648438,0
2026-06-18 10:30:00,144.1999969482422,144.39999389648438,142.10000610351562,142.1999969482422,15086172
2026-06-18 11:30:00,143.3000030517578,144.3000030517578,143.3000030517578,144.10000610351562,5181847
2026-06-18 12:30:00,143.3000030517578,143.8000030517578,143.10000610351562,143.39999389648438,2152635
2026-06-18 13:30:00,142.5,143.39999389648438,142.0,143.39999389648438,3027856
2026-06-18 14:30:00,142.5,142.6999969482422,142.0,142.39999389648438,2194676
2026-06-18 15:30:00,143.5,143.60000610351562,142.3000030517578,142.60000610351562,3471985
2026-06-18 16:30:00,144.39999389648438,144.8000030517578,143.3000030517578,143.5,6716597
2026-06-18 17:30:00,144.0,144.60000610351562,143.8000030517578,144.39999389648438,2723310
2026-06-19 09:30:00,142.8000030517578,144.0,141.39999389648438,141.6999969482422,0
2026-06-19 10:30:00,142.39999389648438,143.3000030517578,142.3000030517578,142.8000030517578,2085016
2026-06-19 11:30:00,142.8000030517578,143.39999389648438,142.39999389648438,142.39999389648438,2456510
2026-06-19 12:30:00,142.5,143.10000610351562,142.3000030517578,142.6999969482422,1946539
2026-06-19 13:30:00,142.1999969482422,142.5,141.89999389648438,142.39999389648438,1999047
2026-06-19 14:30:00,142.10000610351562,142.5,142.0,142.10000610351562,1957023
2026-06-19 15:30:00,143.0,144.5,141.8000030517578,142.10000610351562,9193997
2026-06-19 16:30:00,143.60000610351562,143.89999389648438,142.89999389648438,143.10000610351562,4723725
2026-06-19 17:30:00,143.6999969482422,144.0,142.8000030517578,143.60000610351562,2959802
2026-06-22 09:30:00,144.10000610351562,145.10000610351562,143.1999969482422,144.5,0
2026-06-22 10:30:00,142.6999969482422,144.10000610351562,142.60000610351562,144.0,3757424
2026-06-22 11:30:00,144.1999969482422,144.39999389648438,142.60000610351562,142.6999969482422,3384159
2026-06-22 12:30:00,144.10000610351562,144.1999969482422,143.6999969482422,144.1999969482422,1840663
2026-06-22 13:30:00,143.8000030517578,144.39999389648438,143.6999969482422,144.0,1540181
2026-06-22 14:30:00,144.39999389648438,144.89999389648438,143.60000610351562,143.8000030517578,2641728
2026-06-22 15:30:00,144.10000610351562,144.5,143.5,144.39999389648438,1507108
2026-06-22 16:30:00,143.5,144.3000030517578,143.10000610351562,144.10000610351562,1638305
2026-06-22 17:30:00,143.8000030517578,144.0,143.3000030517578,143.5,2159013
2026-06-23 09:30:00,141.6999969482422,143.39999389648438,141.3000030517578,142.39999389648438,0
2026-06-23 10:30:00,141.3000030517578,141.89999389648438,140.5,141.6999969482422,3633955
2026-06-23 11:30:00,142.10000610351562,142.3000030517578,141.3000030517578,141.39999389648438,2093012
2026-06-23 12:30:00,141.39999389648438,142.5,141.3000030517578,142.10000610351562,1933025
2026-06-23 13:30:00,141.3000030517578,141.6999969482422,141.10000610351562,141.39999389648438,1780092
2026-06-23 14:30:00,140.10000610351562,141.39999389648438,140.10000610351562,141.3000030517578,2029227
2026-06-23 15:30:00,140.1999969482422,140.39999389648438,139.5,140.1999969482422,2646088
2026-06-23 16:30:00,140.60000610351562,141.0,140.10000610351562,140.3000030517578,2146474
2026-06-23 17:30:00,140.60000610351562,140.8000030517578,140.3000030517578,140.5,1685049
2026-06-24 09:30:00,139.3000030517578,141.10000610351562,139.3000030517578,140.89999389648438,0
2026-06-24 10:30:00,139.60000610351562,140.10000610351562,139.1999969482422,139.39999389648438,1789154
2026-06-24 11:30:00,139.3000030517578,139.6999969482422,139.0,139.60000610351562,1524727
2026-06-24 12:30:00,139.5,139.60000610351562,139.10000610351562,139.3000030517578,609182
2026-06-24 13:30:00,139.39999389648438,139.89999389648438,139.3000030517578,139.60000610351562,1034531
2026-06-24 14:30:00,139.1999969482422,139.89999389648438,139.0,139.39999389648438,1600818
2026-06-24 15:30:00,139.1999969482422,139.8000030517578,138.89999389648438,139.3000030517578,1430245
2026-06-24 16:30:00,141.10000610351562,141.10000610351562,139.0,139.10000610351562,4816205
2026-06-24 17:30:00,140.5,141.1999969482422,140.39999389648438,141.10000610351562,1566711
2026-06-25 09:30:00,142.60000610351562,143.1999969482422,141.8000030517578,142.0,0
2026-06-25 10:30:00,142.10000610351562,142.89999389648438,141.60000610351562,142.6999969482422,4221730
2026-06-25 11:30:00,141.0,144.10000610351562,140.89999389648438,142.10000610351562,7127572
2026-06-25 12:30:00,140.0,141.3000030517578,139.60000610351562,141.0,4231266
2026-06-25 13:30:00,139.39999389648438,140.0,138.8000030517578,140.0,2443303
2026-06-25 14:30:00,138.8000030517578,139.60000610351562,138.5,139.5,1481139
2026-06-25 15:30:00,138.89999389648438,139.5,138.5,138.89999389648438,1272370
2026-06-25 16:30:00,138.39999389648438,139.10000610351562,137.39999389648438,138.89999389648438,2267368
2026-06-25 17:30:00,137.39999389648438,138.8000030517578,137.39999389648438,138.39999389648438,2004196
2026-06-26 09:30:00,137.60000610351562,138.60000610351562,137.3000030517578,137.6999969482422,0
2026-06-26 10:30:00,139.0,139.0,137.60000610351562,137.6999969482422,2958076
2026-06-26 11:30:00,137.89999389648438,139.0,137.8000030517578,138.89999389648438,1287641
2026-06-26 12:30:00,137.6999969482422,138.10000610351562,137.3000030517578,137.8000030517578,916478
2026-06-26 13:30:00,138.0,138.10000610351562,137.39999389648438,137.6999969482422,851205
2026-06-26 14:30:00,137.89999389648438,138.1999969482422,137.3000030517578,138.0,1476800
2026-06-26 15:30:00,137.39999389648438,138.10000610351562,137.3000030517578,137.8000030517578,1100307
2026-06-26 16:30:00,137.3000030517578,137.8000030517578,137.10000610351562,137.39999389648438,1524315
2026-06-26 17:30:00,138.3000030517578,138.3000030517578,137.3000030517578,137.3000030517578,1863448
2026-06-29 09:30:00,138.60000610351562,138.60000610351562,137.39999389648438,138.39999389648438,0
2026-06-29 10:30:00,137.0,138.60000610351562,136.8000030517578,138.5,2736524
2026-06-29 11:30:00,137.5,137.60000610351562,136.6999969482422,136.89999389648438,1797037
2026-06-29 12:30:00,137.3000030517578,137.60000610351562,137.1999969482422,137.5,1105276
2026-06-29 13:30:00,137.0,137.5,136.8000030517578,137.3000030517578,1644851
2026-06-29 14:30:00,136.8000030517578,137.1999969482422,136.1999969482422,137.0,1974559
2026-06-29 15:30:00,136.5,137.0,136.39999389648438,136.8000030517578,1292234
2026-06-29 16:30:00,137.10000610351562,137.3000030517578,136.39999389648438,136.60000610351562,2894967
2026-06-29 17:30:00,136.89999389648438,137.5,136.8000030517578,137.10000610351562,2728114
2026-06-30 09:30:00,138.1999969482422,138.8000030517578,136.89999389648438,137.5,0
2026-06-30 10:30:00,137.89999389648438,138.39999389648438,137.3000030517578,138.10000610351562,2520111
2026-06-30 11:30:00,137.89999389648438,138.3000030517578,137.39999389648438,137.89999389648438,2404334
2026-06-30 12:30:00,137.6999969482422,137.89999389648438,137.5,137.89999389648438,1133649
2026-06-30 13:30:00,137.89999389648438,138.1999969482422,137.39999389648438,137.6999969482422,1724503
2026-06-30 14:30:00,137.5,137.89999389648438,137.10000610351562,137.89999389648438,2241036
2026-06-30 15:30:00,137.39999389648438,137.8000030517578,137.0,137.60000610351562,2786794
2026-06-30 16:30:00,137.0,137.60000610351562,136.60000610351562,137.39999389648438,3319640
2026-06-30 17:30:00,137.60000610351562,137.60000610351562,136.89999389648438,136.89999389648438,4779740
2026-07-01 09:30:00,137.3000030517578,138.10000610351562,136.3000030517578,138.0,0
2026-07-01 10:30:00,137.60000610351562,137.89999389648438,136.6999969482422,137.39999389648438,3822875
2026-07-01 11:30:00,137.1999969482422,137.6999969482422,137.0,137.60000610351562,1481508
2026-07-01 12:30:00,138.0,138.39999389648438,137.0,137.3000030517578,3336287
2026-07-01 13:30:00,138.8000030517578,138.8000030517578,137.8000030517578,137.89999389648438,3967244
2026-07-01 14:30:00,139.1999969482422,139.6999969482422,138.39999389648438,138.6999969482422,5305733
2026-07-01 15:30:00,138.6999969482422,139.3000030517578,138.1999969482422,139.1999969482422,4973675
2026-07-01 16:30:00,138.6999969482422,139.1999969482422,138.3000030517578,138.6999969482422,4026330
2026-07-01 17:30:00,138.39999389648438,138.8000030517578,138.1999969482422,138.6999969482422,2685511
2026-07-02 09:30:00,140.39999389648438,140.5,138.6999969482422,138.6999969482422,0
2026-07-02 10:30:00,139.8000030517578,140.60000610351562,139.3000030517578,140.5,4863492
2026-07-02 11:30:00,138.89999389648438,139.8000030517578,138.60000610351562,139.8000030517578,2701438
2026-07-02 12:30:00,139.1999969482422,139.39999389648438,138.6999969482422,138.89999389648438,1184583
2026-07-02 13:30:00,139.10000610351562,139.5,138.8000030517578,139.1999969482422,1303659
2026-07-02 14:30:00,139.0,139.3000030517578,138.8000030517578,139.0,1167444
2026-07-02 15:30:00,137.8000030517578,139.8000030517578,137.6999969482422,138.89999389648438,5121658
2026-07-02 16:30:00,138.1999969482422,138.5,137.6999969482422,137.8000030517578,2143793
2026-07-02 17:30:00,138.60000610351562,139.10000610351562,138.1999969482422,138.1999969482422,2164874
2026-07-03 09:30:00,135.8000030517578,139.89999389648438,135.60000610351562,139.60000610351562,0
2026-07-03 10:30:00,136.39999389648438,137.10000610351562,135.5,135.89999389648438,3411225
2026-07-03 11:30:00,136.0,136.6999969482422,135.89999389648438,136.39999389648438,2095584
2026-07-03 12:30:00,136.10000610351562,136.39999389648438,135.6999969482422,136.0,1904785
2026-07-03 13:30:00,135.39999389648438,136.1999969482422,135.10000610351562,136.10000610351562,1962721
2026-07-03 14:30:00,135.3000030517578,135.60000610351562,134.39999389648438,135.39999389648438,2206646
2026-07-03 15:30:00,134.10000610351562,135.3000030517578,133.60000610351562,135.3000030517578,3449701
2026-07-03 16:30:00,133.89999389648438,134.60000610351562,133.5,134.10000610351562,3759437
2026-07-03 17:30:00,133.89999389648438,134.10000610351562,133.60000610351562,133.89999389648438,2021345
2026-07-06 09:30:00,135.0,135.10000610351562,133.3000030517578,134.0,0
2026-07-06 10:30:00,135.1999969482422,136.0,134.60000610351562,135.10000610351562,3694962
2026-07-06 11:30:00,134.60000610351562,135.39999389648438,134.39999389648438,135.1999969482422,2096872
2026-07-06 12:30:00,134.5,134.8000030517578,134.10000610351562,134.60000610351562,761688
2026-07-06 13:30:00,134.10000610351562,134.6999969482422,133.89999389648438,134.60000610351562,1232442
2026-07-06 14:30:00,134.1999969482422,134.3000030517578,133.6999969482422,134.10000610351562,1142081
2026-07-06 15:30:00,133.6999969482422,134.39999389648438,133.5,134.10000610351562,2730182
2026-07-06 16:30:00,133.8000030517578,134.10000610351562,133.5,133.6999969482422,1932813
2026-07-06 17:30:00,133.5,133.89999389648438,133.39999389648438,133.89999389648438,2047070
2026-07-07 09:30:00,135.0,135.5,133.1999969482422,133.3000030517578,0
2026-07-07 10:30:00,134.60000610351562,135.10000610351562,134.39999389648438,135.10000610351562,1638080
2026-07-07 11:30:00,134.3000030517578,134.8000030517578,134.10000610351562,134.60000610351562,998201
2026-07-07 12:30:00,134.5,134.60000610351562,134.10000610351562,134.1999969482422,1203094
2026-07-07 13:30:00,135.6999969482422,136.39999389648438,134.39999389648438,134.5,8309198
2026-07-07 14:30:00,135.6999969482422,136.0,135.1999969482422,135.6999969482422,2445189
2026-07-07 15:30:00,135.6999969482422,136.5,135.1999969482422,135.6999969482422,3142742
2026-07-07 16:30:00,135.0,136.0,134.60000610351562,135.60000610351562,3057736
2026-07-07 17:30:00,134.39999389648438,135.1999969482422,134.3000030517578,134.89999389648438,2094318
2026-07-08 09:30:00,133.6999969482422,133.8000030517578,132.60000610351562,133.10000610351562,0
2026-07-08 10:30:00,130.5,134.39999389648438,130.39999389648438,133.6999969482422,5705196
2026-07-08 11:30:00,130.6999969482422,130.89999389648438,129.39999389648438,130.5,6502444
2026-07-08 12:30:00,131.10000610351562,131.1999969482422,130.5,130.6999969482422,2955917
2026-07-08 13:30:00,130.60000610351562,131.3000030517578,130.1999969482422,131.0,2109838
2026-07-08 14:30:00,131.60000610351562,131.8000030517578,130.39999389648438,130.60000610351562,2393027
2026-07-08 15:30:00,131.1999969482422,132.0,131.0,131.6999969482422,2104538
2026-07-08 16:30:00,130.89999389648438,131.5,130.89999389648438,131.3000030517578,2978070
2026-07-08 17:30:00,130.39999389648438,131.0,130.10000610351562,130.89999389648438,3609982
2026-07-09 09:30:00,130.6999969482422,131.6999969482422,130.3000030517578,131.3000030517578,0
2026-07-09 10:30:00,130.60000610351562,130.8000030517578,130.0,130.6999969482422,2584450
2026-07-09 11:30:00,130.5,130.6999969482422,130.10000610351562,130.60000610351562,1430305
2026-07-09 12:30:00,130.3000030517578,131.0,130.1999969482422,130.39999389648438,1681243
2026-07-09 13:30:00,129.6999969482422,130.39999389648438,129.39999389648438,130.1999969482422,1907332
2026-07-09 14:30:00,129.6999969482422,129.8000030517578,129.1999969482422,129.6999969482422,1171078
2026-07-09 15:30:00,129.6999969482422,129.8000030517578,129.0,129.6999969482422,1729584
2026-07-09 16:30:00,129.6999969482422,129.6999969482422,129.3000030517578,129.6999969482422,1553636
2026-07-09 17:30:00,129.6999969482422,130.0,129.39999389648438,129.60000610351562,1568275
2026-07-10 09:30:00,131.8000030517578,132.1999969482422,129.6999969482422,130.0,0
2026-07-10 10:30:00,131.3000030517578,132.10000610351562,131.3000030517578,131.89999389648438,2108818
2026-07-10 11:30:00,131.3000030517578,131.5,131.0,131.1999969482422,1328903
2026-07-10 12:30:00,130.39999389648438,131.5,129.1999969482422,131.1999969482422,2796638
2026-07-10 13:30:00,129.1999969482422,130.39999389648438,128.8000030517578,130.3000030517578,2516762
2026-07-10 14:30:00,129.3000030517578,130.0,128.39999389648438,129.1999969482422,4624698
2026-07-10 15:30:00,129.0,130.0,128.8000030517578,129.3000030517578,2913450
2026-07-10 16:30:00,128.6999969482422,129.89999389648438,128.6999969482422,129.0,4560849
2026-07-10 17:30:00,128.5,128.6999969482422,127.4000015258789,128.6999969482422,3489449
2026-07-13 09:30:00,127.0999984741211,127.80000305175781,126.4000015258789,127.0999984741211,0
2026-07-13 10:30:00,127.80000305175781,128.0,126.9000015258789,127.0,2823323
2026-07-13 11:30:00,127.0999984741211,128.5,126.69999694824219,127.80000305175781,4302462
2026-07-13 12:30:00,127.0999984741211,127.5999984741211,127.0,127.19999694824219,1161621
2026-07-13 13:30:00,127.0,127.4000015258789,126.69999694824219,127.0999984741211,1449025
2026-07-13 14:30:00,125.69999694824219,127.0,125.69999694824219,127.0,4098634
2026-07-13 15:30:00,126.30000305175781,126.30000305175781,125.5999984741211,125.80000305175781,2164938
2026-07-13 16:30:00,126.4000015258789,127.0,126.0,126.30000305175781,2762718
2026-07-13 17:30:00,126.30000305175781,126.5999984741211,126.30000305175781,126.5,1207003
2026-07-14 09:30:00,127.0999984741211,127.19999694824219,125.69999694824219,125.80000305175781,0
2026-07-14 10:30:00,127.9000015258789,128.0,126.80000305175781,127.0999984741211,3688253
2026-07-14 11:30:00,128.3000030517578,128.5,127.5999984741211,127.9000015258789,2876648
2026-07-14 12:30:00,127.80000305175781,128.8000030517578,127.69999694824219,128.3000030517578,1616224
2026-07-14 13:30:00,127.69999694824219,128.0,127.4000015258789,127.80000305175781,974110
2026-07-14 14:30:00,128.0,128.1999969482422,127.5999984741211,127.80000305175781,724080
2026-07-14 15:30:00,128.5,128.6999969482422,127.69999694824219,128.0,3142969
2026-07-14 16:30:00,128.89999389648438,129.1999969482422,128.39999389648438,128.5,2450675
2026-07-14 17:30:00,128.6999969482422,129.1999969482422,128.60000610351562,128.8000030517578,1698841
2026-07-16 09:30:00,127.9000015258789,129.39999389648438,127.80000305175781,129.1999969482422,0
2026-07-16 10:30:00,128.0,128.3000030517578,127.0999984741211,127.9000015258789,6213955
2026-07-16 11:30:00,127.69999694824219,128.1999969482422,127.5,128.0,1998755
2026-07-16 12:30:00,127.19999694824219,127.80000305175781,126.9000015258789,127.69999694824219,1783296
2026-07-16 13:30:00,127.5999984741211,127.80000305175781,127.0999984741211,127.19999694824219,2061115
2026-07-16 14:30:00,127.30000305175781,127.69999694824219,127.0999984741211,127.5999984741211,1442921
2026-07-16 15:30:00,127.30000305175781,127.5,126.9000015258789,127.4000015258789,1975504
2026-07-16 16:30:00,128.1999969482422,128.3000030517578,126.5999984741211,127.4000015258789,7156310
2026-07-16 17:30:00,128.39999389648438,128.6999969482422,128.0,128.1999969482422,4492537
2026-07-17 11:30:00,126.5999984741211,126.80000305175781,125.80000305175781,126.30000305175781,1486564
2026-07-17 12:30:00,125.69999694824219,126.69999694824219,125.0,126.5999984741211,4398688
2026-07-17 13:30:00,125.9000015258789,126.0,125.5999984741211,125.69999694824219,1347016
2026-07-17 14:30:00,126.5,126.80000305175781,125.9000015258789,125.9000015258789,2449182
2026-07-17 15:30:00,126.19999694824219,126.69999694824219,126.19999694824219,126.5,1686662
2026-07-17 16:30:00,127.0,127.30000305175781,126.19999694824219,126.19999694824219,4343130
2026-07-17 17:30:00,126.19999694824219,127.19999694824219,126.0,127.0,2893961
2026-07-20 09:30:00,126.69999694824219,126.9000015258789,125.5999984741211,126.5,0
2026-07-20 10:30:00,125.9000015258789,126.9000015258789,125.4000015258789,126.69999694824219,4605628
2026-07-20 11:30:00,125.5999984741211,126.0,125.19999694824219,125.80000305175781,2365457
2026-07-20 12:30:00,125.80000305175781,126.0,125.4000015258789,125.5999984741211,2341108
2026-07-20 13:30:00,126.0,126.69999694824219,125.5,125.80000305175781,3934552
2026-07-20 14:30:00,125.9000015258789,126.69999694824219,125.80000305175781,126.0,5475608
2026-07-20 15:30:00,124.9000015258789,126.0,124.69999694824219,125.9000015258789,3199421
2026-07-20 16:30:00,124.4000015258789,125.0,124.30000305175781,124.9000015258789,3783639
2026-07-20 17:30:00,124.19999694824219,124.5,124.0,124.4000015258789,2663874
2026-07-21 09:30:00,125.4000015258789,125.80000305175781,124.80000305175781,125.0,0
2026-07-21 10:30:00,125.30000305175781,125.9000015258789,125.0999984741211,125.30000305175781,3546285
2026-07-21 11:30:00,125.30000305175781,125.80000305175781,125.0999984741211,125.19999694824219,2036757
2026-07-21 12:30:00,125.4000015258789,125.5999984741211,124.9000015258789,125.30000305175781,2058353
2026-07-21 13:30:00,124.69999694824219,125.5999984741211,124.4000015258789,125.4000015258789,2413393
2026-07-21 14:30:00,124.69999694824219,125.5,124.5,124.69999694824219,2799352
2026-07-21 15:30:00,124.5999984741211,124.80000305175781,124.30000305175781,124.5999984741211,1579529
2026-07-21 16:30:00,124.5999984741211,124.80000305175781,124.0,124.5999984741211,2633305
2026-07-21 17:30:00,124.5999984741211,124.80000305175781,124.5,124.5999984741211,1791854
2026-07-22 09:30:00,125.0999984741211,125.5,124.0,124.4000015258789,0
2026-07-22 10:30:00,124.4000015258789,125.0999984741211,124.19999694824219,125.0,2169327
2026-07-22 11:30:00,124.5999984741211,124.80000305175781,124.30000305175781,124.5,1077758
2026-07-22 12:30:00,125.30000305175781,125.4000015258789,124.30000305175781,124.5,1680285
2026-07-22 13:30:00,125.30000305175781,125.5999984741211,125.0,125.30000305175781,1882029
2026-07-22 14:30:00,125.5,125.69999694824219,124.9000015258789,125.4000015258789,3586351
2026-07-22 15:30:00,125.5999984741211,126.0999984741211,124.30000305175781,125.5999984741211,4690630
2026-07-22 16:30:00,126.19999694824219,127.0999984741211,125.4000015258789,125.5999984741211,5983763
2026-07-22 17:30:00,125.9000015258789,126.80000305175781,125.80000305175781,126.19999694824219,4002450
2026-07-23 09:30:00,126.0999984741211,126.80000305175781,125.69999694824219,125.9000015258789,0
2026-07-23 10:30:00,125.4000015258789,126.0999984741211,125.0999984741211,126.0,2858846
2026-07-23 11:30:00,126.19999694824219,126.4000015258789,125.19999694824219,125.4000015258789,1808504
2026-07-23 12:30:00,126.0999984741211,126.69999694824219,126.0,126.19999694824219,2673840
2026-07-23 13:30:00,124.9000015258789,126.30000305175781,124.80000305175781,126.0,3603626
2026-07-23 14:30:00,125.0,125.69999694824219,124.80000305175781,124.9000015258789,3081294
2026-07-23 15:30:00,124.80000305175781,125.0999984741211,124.30000305175781,124.9000015258789,3408677
2026-07-23 16:30:00,125.30000305175781,125.4000015258789,124.5999984741211,124.80000305175781,2822147
2026-07-23 17:30:00,125.30000305175781,125.4000015258789,125.0,125.30000305175781,2014425
2026-07-24 09:30:00,126.4000015258789,126.69999694824219,124.9000015258789,125.0999984741211,0
2026-07-24 10:30:00,125.9000015258789,126.5999984741211,125.5,126.4000015258789,2835887
2026-07-24 11:30:00,126.0,126.0999984741211,125.69999694824219,125.9000015258789,952785
2026-07-24 12:30:00,125.5,126.0,125.0,125.9000015258789,1365023
2026-07-24 13:30:00,125.4000015258789,125.9000015258789,125.30000305175781,125.5,771301
2026-07-24 14:30:00,125.69999694824219,126.0,125.4000015258789,125.4000015258789,1067953
2026-07-24 15:30:00,125.4000015258789,125.80000305175781,125.0,125.69999694824219,2802513
2026-07-24 16:30:00,126.0,126.0999984741211,125.19999694824219,125.5,1574313
2026-07-24 17:30:00,125.80000305175781,126.30000305175781,125.4000015258789,126.0,2902489
2026-07-27 09:30:00,129.0,129.39999389648438,127.9000015258789,127.9000015258789,0
2026-07-27 10:30:00,128.1999969482422,129.10000610351562,127.5999984741211,129.0,4119339
2026-07-27 11:30:00,127.9000015258789,128.39999389648438,127.80000305175781,128.1999969482422,2139489
2026-07-27 12:30:00,128.0,128.3000030517578,127.5999984741211,127.9000015258789,2086060
2026-07-27 13:30:00,128.39999389648438,128.60000610351562,127.9000015258789,128.10000610351562,1746913
2026-07-27 14:30:00,127.5,129.0,127.30000305175781,128.5,5542653
2026-07-27 15:30:00,127.5,127.80000305175781,126.80000305175781,127.4000015258789,3301051
2026-07-27 16:30:00,127.5999984741211,127.5999984741211,126.0,127.5,6786361
2026-07-27 17:30:00,127.0999984741211,127.69999694824219,126.9000015258789,127.5,2161290
2026-07-28 09:30:00,128.60000610351562,129.39999389648438,126.9000015258789,127.19999694824219,0
2026-07-28 10:30:00,128.5,128.89999389648438,127.5999984741211,128.6999969482422,2980768
2026-07-28 11:30:00,128.10000610351562,128.60000610351562,127.5999984741211,128.5,2157708
2026-07-28 12:30:00,127.4000015258789,128.10000610351562,127.30000305175781,128.10000610351562,1382071
2026-07-28 13:30:00,127.0999984741211,127.80000305175781,126.9000015258789,127.5,1742122
2026-07-28 14:30:00,127.0999984741211,128.0,126.80000305175781,127.19999694824219,2421435
2026-07-28 15:30:00,127.9000015258789,128.1999969482422,126.5,127.0,3089568
2026-07-28 16:30:00,127.69999694824219,128.10000610351562,126.5999984741211,127.9000015258789,4462529
2026-07-28 17:30:00,127.80000305175781,127.9000015258789,127.5,127.69999694824219,1605190
2026-07-29 09:30:00,127.0999984741211,128.89999389648438,126.9000015258789,127.5,0
2026-07-29 10:30:00,125.9000015258789,128.10000610351562,125.5,127.0999984741211,5011905
2026-07-29 11:30:00,126.5999984741211,126.9000015258789,125.80000305175781,125.9000015258789,1768875
2026-07-29 12:30:00,126.4000015258789,127.0999984741211,126.0,126.5999984741211,1442310
2026-07-29 13:30:00,127.0,127.19999694824219,126.0,126.4000015258789,2271395
2026-07-29 14:30:00,126.69999694824219,127.30000305175781,126.4000015258789,127.0999984741211,1455580
2026-07-29 15:30:00,126.5999984741211,127.30000305175781,126.5999984741211,126.69999694824219,4643758
2026-07-29 16:30:00,125.4000015258789,126.69999694824219,124.5999984741211,126.69999694824219,3851564
2026-07-29 17:30:00,125.5,125.5,125.0,125.4000015258789,1329393
2026-07-30 09:30:00,126.0,126.80000305175781,125.5999984741211,126.0,0
2026-07-30 10:30:00,124.69999694824219,126.0999984741211,124.0999984741211,126.0,4246032
2026-07-30 11:30:00,125.69999694824219,126.30000305175781,124.80000305175781,124.80000305175781,2876312
2026-07-30 12:30:00,125.69999694824219,125.80000305175781,125.19999694824219,125.5999984741211,1164857
2026-07-30 13:30:00,125.19999694824219,126.0,125.0999984741211,125.5999984741211,2426992
2026-07-30 14:30:00,124.5,125.19999694824219,123.5,125.19999694824219,3574684
2026-07-30 15:30:00,123.80000305175781,124.9000015258789,123.69999694824219,124.5,7290026
2026-07-30 16:30:00,124.4000015258789,124.80000305175781,123.0,123.80000305175781,5858666
2026-07-30 17:30:00,123.30000305175781,124.4000015258789,123.0999984741211,124.30000305175781,3561388
2026-07-31 09:30:00,123.19999694824219,124.30000305175781,122.80000305175781,123.69999694824219,0
2026-07-31 10:30:00,122.0999984741211,123.4000015258789,121.80000305175781,123.19999694824219,3741332
2026-07-31 11:30:00,121.19999694824219,122.19999694824219,120.9000015258789,122.0999984741211,6632147
2026-07-31 12:30:00,120.69999694824219,121.4000015258789,120.0,121.30000305175781,6519114
2026-07-31 13:30:00,121.0,121.30000305175781,120.5,120.5999984741211,1966897
2026-07-31 14:30:00,120.5,121.19999694824219,120.30000305175781,120.9000015258789,3050598
2026-07-31 15:30:00,123.0999984741211,123.69999694824219,120.19999694824219,120.4000015258789,14311998
2026-07-31 16:30:00,123.0999984741211,123.5999984741211,122.0,123.0999984741211,8790836
2026-07-31 17:30:00,123.0,123.30000305175781,122.9000015258789,123.0999984741211,251872
2026-08-03 09:30:00,126.5,128.0,124.5999984741211,125.0,0
2026-08-03 10:30:00,126.9000015258789,127.4000015258789,125.9000015258789,126.5,6344642
2026-08-03 11:30:00,127.80000305175781,127.9000015258789,126.5999984741211,127.0,4506070
2026-08-03 12:30:00,128.0,128.39999389648438,127.4000015258789,127.80000305175781,2320109
2026-08-03 13:30:00,127.0999984741211,128.0,127.0,127.9000015258789,1187514
2026-08-03 14:30:00,126.5,127.5,126.5,127.19999694824219,2001353
2026-08-03 15:30:00,127.0,127.30000305175781,126.4000015258789,126.5999984741211,1908343
2026-08-03 16:30:00,127.4000015258789,127.9000015258789,126.80000305175781,126.9000015258789,2637370
2026-08-03 17:30:00,127.80000305175781,127.9000015258789,127.19999694824219,127.30000305175781,2241989
2026-08-04 09:30:00,126.9000015258789,127.69999694824219,126.0999984741211,127.5,0
2026-08-04 10:30:00,128.3000030517578,128.39999389648438,126.4000015258789,126.80000305175781,4643007
2026-08-04 11:30:00,127.5999984741211,128.6999969482422,127.4000015258789,128.3000030517578,4420016
2026-08-04 12:30:00,127.5,127.80000305175781,126.80000305175781,127.5999984741211,2150714
2026-08-04 13:30:00,127.5999984741211,128.6999969482422,127.30000305175781,127.5,5298450
2026-08-04 14:30:00,131.89999389648438,132.39999389648438,127.5999984741211,127.5999984741211,15914243
2026-08-04 15:30:00,131.60000610351562,132.0,130.5,131.8000030517578,4663458
2026-08-04 16:30:00,131.1999969482422,131.89999389648438,130.89999389648438,131.60000610351562,3074845
2026-08-04 17:30:00,131.10000610351562,131.3000030517578,130.8000030517578,131.10000610351562,1950184
2026-08-05 09:30:00,129.8000030517578,131.6999969482422,129.3000030517578,131.6999969482422,0
2026-08-05 10:30:00,130.3000030517578,130.8000030517578,129.39999389648438,129.8000030517578,3341282
2026-08-05 11:30:00,129.0,130.3000030517578,129.0,130.1999969482422,2180898
2026-08-05 12:30:00,128.6999969482422,129.10000610351562,128.0,129.10000610351562,2291259
2026-08-05 13:30:00,129.3000030517578,129.60000610351562,128.5,128.6999969482422,1903641
2026-08-05 14:30:00,130.5,130.60000610351562,129.10000610351562,129.1999969482422,3827936
2026-08-05 15:30:00,130.0,130.89999389648438,129.6999969482422,130.5,2485693
2026-08-05 16:30:00,129.0,130.10000610351562,128.89999389648438,130.0,6085745
2026-08-05 17:30:00,129.1999969482422,129.60000610351562,128.6999969482422,129.0,3349642
2026-08-06 09:30:00,129.39999389648438,130.10000610351562,129.10000610351562,130.0,0
2026-08-06 10:30:00,129.8000030517578,129.8000030517578,129.10000610351562,129.39999389648438,3701159
2026-08-06 11:30:00,130.3000030517578,131.10000610351562,129.5,129.8000030517578,6912543
2026-08-06 12:30:00,129.8000030517578,130.5,129.60000610351562,130.39999389648438,4767172
2026-08-06 13:30:00,128.89999389648438,130.0,128.8000030517578,129.6999969482422,4369545
2026-08-06 14:30:00,128.5,129.10000610351562,128.3000030517578,128.8000030517578,2211606
2026-08-06 15:30:00,128.3000030517578,128.6999969482422,127.80000305175781,128.5,3147351
2026-08-06 16:30:00,128.10000610351562,128.8000030517578,128.0,128.39999389648438,4533191
2026-08-06 17:30:00,127.69999694824219,128.3000030517578,127.5999984741211,128.0,2950546
2026-08-07 09:30:00,127.80000305175781,128.60000610351562,127.80000305175781,127.9000015258789,0
2026-08-07 10:30:00,127.9000015258789,128.1999969482422,127.5,127.80000305175781,2602820
2026-08-07 11:30:00,128.10000610351562,128.39999389648438,127.0,127.9000015258789,2775482
2026-08-07 12:30:00,128.6999969482422,129.0,128.0,128.10000610351562,3262178
2026-08-07 13:30:00,128.3000030517578,128.8000030517578,128.10000610351562,128.6999969482422,1415809
2026-08-07 14:30:00,127.4000015258789,128.3000030517578,127.0999984741211,128.3000030517578,3922098
2026-08-07 15:30:00,127.80000305175781,128.6999969482422,127.4000015258789,127.4000015258789,4357547
2026-08-07 16:30:00,127.30000305175781,127.80000305175781,126.4000015258789,127.69999694824219,4737114
2026-08-07 17:30:00,127.30000305175781,127.4000015258789,127.0,127.19999694824219,1848620
2026-08-10 09:30:00,127.0,127.69999694824219,126.80000305175781,127.5,0
2026-08-10 10:30:00,127.30000305175781,127.5,126.4000015258789,127.0,2703376
2026-08-10 11:30:00,127.80000305175781,128.10000610351562,127.30000305175781,127.4000015258789,3391748
2026-08-10 12:30:00,127.80000305175781,128.0,127.5999984741211,127.80000305175781,850325
2026-08-10 13:30:00,127.5,128.0,127.19999694824219,127.9000015258789,1703839
2026-08-10 14:30:00,126.9000015258789,127.5999984741211,126.69999694824219,127.5,1716608
2026-08-10 15:30:00,127.19999694824219,127.5,126.69999694824219,126.80000305175781,1789226
2026-08-10 16:30:00,127.4000015258789,127.4000015258789,126.4000015258789,127.19999694824219,2892602
2026-08-10 17:30:00,126.9000015258789,127.4000015258789,126.9000015258789,127.30000305175781,1160483
2026-08-11 09:30:00,124.0,126.5999984741211,123.5,126.5,0
2026-08-11 10:30:00,124.0999984741211,124.69999694824219,123.5,124.0999984741211,4107596
2026-08-11 11:30:00,125.0,125.5999984741211,124.0,124.0999984741211,3875772
2026-08-11 12:30:00,125.4000015258789,125.5999984741211,124.9000015258789,125.0,1548967
2026-08-11 13:30:00,125.80000305175781,126.19999694824219,125.19999694824219,125.5,3857668
2026-08-11 14:30:00,126.0999984741211,126.4000015258789,125.5999984741211,125.69999694824219,2066472
2026-08-11 15:30:00,127.0999984741211,127.19999694824219,126.0,126.19999694824219,3913001
2026-08-11 16:30:00,126.19999694824219,127.0999984741211,126.0999984741211,127.0999984741211,3345507
2026-08-11 17:30:00,126.30000305175781,126.5,126.0999984741211,126.19999694824219,1698544
2026-08-12 09:30:00,126.19999694824219,127.4000015258789,125.9000015258789,126.0999984741211,0
2026-08-12 10:30:00,127.30000305175781,127.5999984741211,126.0999984741211,126.19999694824219,3614466
2026-08-12 11:30:00,127.5999984741211,128.10000610351562,127.0999984741211,127.30000305175781,3138495
2026-08-12 12:30:00,128.39999389648438,128.60000610351562,127.0999984741211,127.5999984741211,4633766
2026-08-12 13:30:00,127.5,128.5,127.0999984741211,128.39999389648438,2912417
2026-08-12 14:30:00,130.39999389648438,130.6999969482422,126.9000015258789,127.4000015258789,14934273
2026-08-12 15:30:00,130.10000610351562,130.6999969482422,129.60000610351562,130.5,5431603
2026-08-12 16:30:00,130.60000610351562,131.3000030517578,130.0,130.10000610351562,6294519
2026-08-12 17:30:00,131.10000610351562,131.1999969482422,130.5,130.6999969482422,2763299
2026-08-13 09:30:00,131.39999389648438,131.89999389648438,130.3000030517578,130.89999389648438,0
2026-08-13 10:30:00,130.5,132.0,129.8000030517578,131.39999389648438,5643030
2026-08-13 11:30:00,130.0,131.0,129.60000610351562,130.39999389648438,2948949
2026-08-13 12:30:00,129.1999969482422,130.0,128.89999389648438,129.89999389648438,2473740
2026-08-13 13:30:00,129.0,129.5,128.60000610351562,129.3000030517578,1782934
2026-08-13 14:30:00,129.0,129.6999969482422,128.8000030517578,129.0,3211564
2026-08-13 15:30:00,129.60000610351562,130.3000030517578,128.8000030517578,129.0,3200961
2026-08-13 16:30:00,129.8000030517578,129.8000030517578,129.3000030517578,129.6999969482422,1922492
2026-08-13 17:30:00,129.5,130.0,129.3000030517578,129.8000030517578,1886516
2026-08-14 09:30:00,129.6999969482422,130.5,129.39999389648438,129.5,0
2026-08-14 10:30:00,129.8000030517578,130.0,129.1999969482422,129.8000030517578,2844481
2026-08-14 11:30:00,129.39999389648438,130.5,129.3000030517578,129.8000030517578,2965085
2026-08-14 12:30:00,130.0,130.0,129.1999969482422,129.39999389648438,1502381
2026-08-14 13:30:00,130.39999389648438,131.0,129.60000610351562,129.89999389648438,3594401
2026-08-14 14:30:00,130.0,130.6999969482422,130.0,130.39999389648438,2970963
2026-08-14 15:30:00,130.8000030517578,130.8000030517578,129.5,130.10000610351562,4044960
2026-08-14 16:30:00,131.0,131.3000030517578,130.39999389648438,130.8000030517578,7480369
2026-08-14 17:30:00,130.8000030517578,131.3000030517578,130.6999969482422,131.0,4913376
2026-08-17 09:30:00,131.60000610351562,131.8000030517578,130.6999969482422,131.1999969482422,0
2026-08-17 10:30:00,131.39999389648438,131.6999969482422,130.89999389648438,131.60000610351562,3356607
2026-08-17 11:30:00,131.1999969482422,131.60000610351562,131.0,131.39999389648438,1731817
2026-08-17 12:30:00,131.0,131.39999389648438,130.5,131.1999969482422,2108277
2026-08-17 13:30:00,129.60000610351562,131.1999969482422,129.60000610351562,131.0,2871475
2026-08-17 14:30:00,129.89999389648438,130.3000030517578,129.39999389648438,129.60000610351562,1645117
2026-08-17 15:30:00,129.3000030517578,129.89999389648438,129.1999969482422,129.89999389648438,1585970
2026-08-17 16:30:00,129.89999389648438,129.89999389648438,129.3000030517578,129.39999389648438,4850516
2026-08-17 17:30:00,129.1999969482422,130.0,129.0,129.89999389648438,2349875
2026-08-18 09:30:00,129.60000610351562,130.0,127.80000305175781,128.10000610351562,0
2026-08-18 10:30:00,129.5,130.10000610351562,129.3000030517578,129.60000610351562,3065974
2026-08-18 11:30:00,129.5,129.89999389648438,128.8000030517578,129.5,1578438
2026-08-18 12:30:00,129.5,129.8000030517578,129.1999969482422,129.5,1093961
2026-08-18 13:30:00,129.10000610351562,129.60000610351562,129.0,129.5,839394
2026-08-18 14:30:00,129.10000610351562,129.60000610351562,128.8000030517578,129.10000610351562,1484789
2026-08-18 15:30:00,128.60000610351562,129.39999389648438,128.1999969482422,129.10000610351562,1515869
2026-08-18 16:30:00,129.1999969482422,129.3000030517578,128.1999969482422,128.6999969482422,1887976
2026-08-18 17:30:00,129.3000030517578,129.60000610351562,129.0,129.1999969482422,1611517
2026-08-19 09:30:00,129.5,130.1999969482422,129.0,129.0,3163611
2026-08-19 10:30:00,129.60000610351562,129.6999969482422,129.1999969482422,129.5,450719
