Datetime,Close,High,Low,Open,Volume
2023-09-29 09:30:00,155.1999969482422,158.89999389648438,154.10000610351562,158.10000610351562,0
2023-09-29 10:30:00,158.8000030517578,161.3000030517578,155.10000610351562,155.1999969482422,11517804
2023-09-29 11:30:00,159.60000610351562,160.60000610351562,158.8000030517578,158.8000030517578,3956392
2023-09-29 12:30:00,159.60000610351562,160.1999969482422,158.89999389648438,159.60000610351562,1794505
2023-09-29 13:30:00,159.39999389648438,160.10000610351562,159.10000610351562,159.6999969482422,1501526
2023-09-29 14:30:00,160.1999969482422,160.39999389648438,159.3000030517578,159.39999389648438,2018507
2023-09-29 15:30:00,158.39999389648438,160.5,158.3000030517578,160.10000610351562,3270436
2023-09-29 16:30:00,157.8000030517578,158.89999389648438,156.8000030517578,158.3000030517578,4055052
2023-09-29 17:30:00,158.6999969482422,158.89999389648438,156.60000610351562,157.8000030517578,2631428
2023-10-02 09:30:00,157.1999969482422,159.6999969482422,156.60000610351562,159.10000610351562,0
2023-10-02 10:30:00,157.6999969482422,157.8000030517578,156.8000030517578,157.1999969482422,3241978
2023-10-02 11:30:00,158.3000030517578,158.5,157.60000610351562,157.8000030517578,3277236
2023-10-02 12:30:00,158.8000030517578,159.0,158.10000610351562,158.3000030517578,1941834
2023-10-02 13:30:00,158.5,159.39999389648438,158.1999969482422,158.8000030517578,3079582
2023-10-02 14:30:00,157.6999969482422,158.6999969482422,157.60000610351562,158.39999389648438,2069207
2023-10-02 15:30:00,159.8000030517578,161.10000610351562,157.39999389648438,157.6999969482422,5760110
2023-10-02 16:30:00,158.3000030517578,160.0,158.10000610351562,159.89999389648438,3889852
2023-10-02 17:30:00,157.5,158.3000030517578,157.39999389648438,158.1999969482422,2111610
2023-10-03 09:30:00,156.6999969482422,157.89999389648438,156.3000030517578,157.39999389648438,0
2023-10-03 10:30:00,156.5,156.6999969482422,155.60000610351562,156.6999969482422,3768618
2023-10-03 11:30:00,155.3000030517578,156.8000030517578,155.1999969482422,156.5,3009246
2023-10-03 12:30:00,155.5,155.8000030517578,155.1999969482422,155.1999969482422,2008642
2023-10-03 13:30:00,155.1999969482422,156.1999969482422,154.89999389648438,155.5,3115432
2023-10-03 14:30:00,156.10000610351562,156.1999969482422,155.0,155.1999969482422,2879570
2023-10-03 15:30:00,156.39999389648438,156.6999969482422,155.6999969482422,156.10000610351562,3736207
2023-10-03 16:30:00,155.1999969482422,156.5,155.0,156.3000030517578,2997111
2023-10-03 17:30:00,155.6999969482422,156.0,154.10000610351562,155.1999969482422,3153610
2023-10-04 09:30:00,151.10000610351562,154.89999389648438,150.89999389648438,154.89999389648438,0
2023-10-04 10:30:00,150.39999389648438,152.0,149.6999969482422,151.10000610351562,10154385
2023-10-04 11:30:00,151.10000610351562,151.1999969482422,150.0,150.39999389648438,3699335
2023-10-04 12:30:00,151.10000610351562,151.6999969482422,150.5,151.10000610351562,2919164
2023-10-04 13:30:00,151.1999969482422,151.60000610351562,150.8000030517578,151.10000610351562,1693309
2023-10-04 14:30:00,150.5,151.1999969482422,150.10000610351562,151.1999969482422,2931592
2023-10-04 15:30:00,150.10000610351562,150.8000030517578,149.8000030517578,150.5,3987802
2023-10-04 16:30:00,148.6999969482422,150.1999969482422,148.3000030517578,150.10000610351562,5856697
2023-10-04 17:30:00,148.3000030517578,149.0,147.1999969482422,148.6999969482422,4734728
2023-10-05 09:30:00,148.8000030517578,150.0,145.10000610351562,148.10000610351562,0
2023-10-05 10:30:00,150.8000030517578,151.5,148.60000610351562,148.6999969482422,8131720
2023-10-05 11:30:00,149.6999969482422,150.89999389648438,149.60000610351562,150.8000030517578,2355200
2023-10-05 12:30:00,148.89999389648438,150.39999389648438,148.6999969482422,149.60000610351562,1849912
2023-10-05 13:30:00,147.8000030517578,149.0,146.0,148.8000030517578,6715166
2023-10-05 14:30:00,148.39999389648438,149.5,147.5,147.6999969482422,4682416
2023-10-05 15:30:00,149.39999389648438,150.1999969482422,147.5,148.39999389648438,4180356
2023-10-05 16:30:00,151.0,152.60000610351562,149.0,149.39999389648438,6026662
2023-10-05 17:30:00,151.10000610351562,152.1999969482422,149.89999389648438,151.10000610351562,4049119
2023-10-06 09:30:00,149.89999389648438,150.8000030517578,148.0,149.0,0
2023-10-06 10:30:00,148.60000610351562,149.89999389648438,148.1999969482422,149.8000030517578,3995237
2023-10-06 11:30:00,149.10000610351562,149.10000610351562,148.3000030517578,148.6999969482422,2461549
2023-10-06 12:30:00,148.6999969482422,149.1999969482422,148.3000030517578,149.0,1538644
2023-10-06 13:30:00,148.3000030517578,149.1999969482422,148.1999969482422,148.6999969482422,2094442
2023-10-06 14:30:00,148.1999969482422,148.6999969482422,147.39999389648438,148.3000030517578,3302285
2023-10-06 15:30:00,148.3000030517578,148.6999969482422,147.39999389648438,148.3000030517578,2360958
2023-10-06 16:30:00,148.1999969482422,148.39999389648438,147.60000610351562,148.3000030517578,2270823
2023-10-06 17:30:00,148.3000030517578,149.0,147.60000610351562,148.1999969482422,2894444
2023-10-09 09:30:00,149.3000030517578,150.89999389648438,145.1999969482422,147.0,0
2023-10-09 10:30:00,147.8000030517578,149.89999389648438,147.6999969482422,149.3000030517578,4449749
2023-10-09 11:30:00,148.10000610351562,148.6999969482422,147.3000030517578,147.6999969482422,3056483
2023-10-09 12:30:00,149.10000610351562,149.39999389648438,147.8000030517578,148.10000610351562,3491224
2023-10-09 13:30:00,149.10000610351562,149.1999969482422,148.5,149.10000610351562,1924109
2023-10-09 14:30:00,149.5,151.3000030517578,148.8000030517578,149.10000610351562,6829793
2023-10-09 15:30:00,149.6999969482422,149.8000030517578,148.39999389648438,149.60000610351562,3858086
2023-10-09 16:30:00,148.6999969482422,151.0,148.60000610351562,149.6999969482422,7535681
2023-10-09 17:30:00,148.1999969482422,149.5,147.6999969482422,148.60000610351562,4660115
2023-10-10 09:30:00,149.6999969482422,150.8000030517578,149.0,149.5,0
2023-10-10 10:30:00,149.6999969482422,150.60000610351562,149.10000610351562,149.8000030517578,3872581
2023-10-10 11:30:00,149.60000610351562,150.3000030517578,149.5,149.6999969482422,2564429
2023-10-10 12:30:00,149.0,149.89999389648438,148.8000030517578,149.60000610351562,2869619
2023-10-10 13:30:00,148.1999969482422,149.1999969482422,148.0,149.0,2754908
2023-10-10 14:30:00,148.39999389648438,148.6999969482422,147.60000610351562,148.1999969482422,2240745
2023-10-10 15:30:00,148.39999389648438,148.8000030517578,148.0,148.39999389648438,2146065
2023-10-10 16:30:00,149.10000610351562,149.60000610351562,147.8000030517578,148.39999389648438,4237720
2023-10-10 17:30:00,147.6999969482422,149.5,147.60000610351562,149.1999969482422,3661688
2023-10-11 09:30:00,148.10000610351562,148.8000030517578,147.0,147.8000030517578,0
2023-10-11 10:30:00,146.10000610351562,148.5,145.8000030517578,148.10000610351562,4825736
2023-10-11 11:30:00,146.0,146.5,145.8000030517578,146.0,2296993
2023-10-11 12:30:00,146.10000610351562,146.39999389648438,145.60000610351562,146.0,1495535
2023-10-11 13:30:00,145.60000610351562,146.3000030517578,145.39999389648438,146.0,1612859
2023-10-11 14:30:00,145.39999389648438,145.8000030517578,145.39999389648438,145.60000610351562,1475449
2023-10-11 15:30:00,145.0,145.5,144.60000610351562,145.5,2815710
2023-10-11 16:30:00,144.89999389648438,145.89999389648438,144.10000610351562,145.0,3488951
2023-10-11 17:30:00,144.5,145.5,144.3000030517578,145.0,3130998
2023-10-12 09:30:00,146.89999389648438,148.0,145.60000610351562,145.60000610351562,0
2023-10-12 10:30:00,147.8000030517578,148.89999389648438,146.89999389648438,147.0,5610249
2023-10-12 11:30:00,148.89999389648438,149.1999969482422,147.60000610351562,147.8000030517578,4464530
2023-10-12 12:30:00,148.39999389648438,149.0,148.0,148.8000030517578,1631688
2023-10-12 13:30:00,148.10000610351562,148.39999389648438,147.5,148.39999389648438,1597329
2023-10-12 14:30:00,146.0,148.1999969482422,144.8000030517578,148.10000610351562,8548279
2023-10-12 15:30:00,146.3000030517578,147.10000610351562,145.1999969482422,146.0,4029305
2023-10-12 16:30:00,143.0,146.3000030517578,142.0,146.3000030517578,7834689
2023-10-12 17:30:00,146.6999969482422,147.5,142.8000030517578,143.0,5157148
2023-10-13 09:30:00,147.60000610351562,148.3000030517578,145.5,146.60000610351562,0
2023-10-13 10:30:00,146.1999969482422,147.8000030517578,145.8000030517578,147.5,3394917
2023-10-13 11:30:00,146.3000030517578,146.5,145.10000610351562,146.10000610351562,2348702
2023-10-13 12:30:00,146.5,146.89999389648438,145.60000610351562,146.39999389648438,1725742
2023-10-13 13:30:00,147.10000610351562,147.5,146.39999389648438,146.60000610351562,2422865
2023-10-13 14:30:00,148.0,148.8000030517578,146.5,147.10000610351562,5445082
2023-10-13 15:30:00,147.5,148.10000610351562,146.39999389648438,148.0,4369113
2023-10-13 16:30:00,147.5,148.39999389648438,146.89999389648438,147.5,3538706
2023-10-13 17:30:00,147.0,147.6999969482422,146.1999969482422,147.5,2629693
2023-10-16 09:30:00,145.6999969482422,149.5,145.39999389648438,147.8000030517578,7358670
2023-10-16 10:30:00,143.10000610351562,145.6999969482422,142.6999969482422,145.6999969482422,6080947
2023-10-16 11:30:00,143.1999969482422,144.10000610351562,142.89999389648438,143.1999969482422,2488002
2023-10-16 12:30:00,142.3000030517578,143.6999969482422,141.8000030517578,143.1999969482422,2933185
2023-10-16 13:30:00,141.0,142.39999389648438,140.6999969482422,142.1999969482422,3557712
2023-10-16 14:30:00,142.10000610351562,142.39999389648438,140.8000030517578,141.0,3816934
2023-10-16 15:30:00,141.39999389648438,142.3000030517578,141.0,142.0,2027411
2023-10-16 16:30:00,141.39999389648438,142.5,140.60000610351562,141.3000030517578,3812831
2023-10-16 17:30:00,140.5,141.8000030517578,140.5,141.39999389648438,1588412
2023-10-17 09:30:00,140.6999969482422,141.6999969482422,138.0,141.0,0
2023-10-17 10:30:00,140.6999969482422,141.5,139.6999969482422,140.8000030517578,3530198
2023-10-17 11:30:00,139.89999389648438,140.6999969482422,139.60000610351562,140.6999969482422,1973508
2023-10-17 12:30:00,140.1999969482422,140.5,139.5,139.89999389648438,1607466
2023-10-17 13:30:00,140.6999969482422,140.89999389648438,139.6999969482422,140.1999969482422,1845740
2023-10-17 14:30:00,142.0,142.0,140.1999969482422,140.60000610351562,2400541
2023-10-17 15:30:00,142.3000030517578,142.89999389648438,141.3000030517578,142.0,4903769
2023-10-17 16:30:00,143.1999969482422,144.1999969482422,141.6999969482422,142.3000030517578,4820939
2023-10-17 17:30:00,144.5,144.60000610351562,143.0,143.1999969482422,2006648
2023-10-18 09:30:00,141.60000610351562,141.8000030517578,140.10000610351562,140.89999389648438,0
2023-10-18 10:30:00,140.5,141.60000610351562,139.10000610351562,141.60000610351562,5176460
2023-10-18 11:30:00,140.1999969482422,141.10000610351562,140.0,140.39999389648438,1970213
2023-10-18 12:30:00,140.8000030517578,141.3000030517578,140.10000610351562,140.3000030517578,2641507
2023-10-18 13:30:00,140.1999969482422,141.10000610351562,139.8000030517578,140.8000030517578,3570109
2023-10-18 14:30:00,140.89999389648438,141.1999969482422,140.0,140.10000610351562,6323370
2023-10-18 15:30:00,139.6999969482422,141.0,139.39999389648438,140.8000030517578,4662917
2023-10-18 16:30:00,140.6999969482422,141.1999969482422,139.5,139.6999969482422,5083536
2023-10-18 17:30:00,141.1999969482422,141.1999969482422,140.0,140.6999969482422,3943987
2023-10-19 09:30:00,140.0,141.60000610351562,139.60000610351562,140.89999389648438,0
2023-10-19 10:30:00,138.10000610351562,140.0,137.5,139.89999389648438,5696964
2023-10-19 11:30:00,138.1999969482422,138.6999969482422,137.89999389648438,138.1999969482422,5018792
2023-10-19 12:30:00,138.39999389648438,138.5,138.0,138.1999969482422,4364115
2023-10-19 13:30:00,138.0,138.60000610351562,137.8000030517578,138.3000030517578,4664986
2023-10-19 14:30:00,137.8000030517578,138.60000610351562,137.6999969482422,138.0,3308777
2023-10-19 15:30:00,135.8000030517578,137.89999389648438,135.60000610351562,137.8000030517578,4978169
2023-10-19 16:30:00,135.0,136.5,134.5,135.89999389648438,5840958
2023-10-19 17:30:00,133.89999389648438,135.10000610351562,133.89999389648438,134.89999389648438,1318364
2023-10-20 09:30:00,130.60000610351562,132.5,129.89999389648438,132.5,7590191
2023-10-20 10:30:00,132.5,133.5,130.5,130.60000610351562,7973063
2023-10-20 11:30:00,131.89999389648438,132.8000030517578,131.8000030517578,132.5,2897304
2023-10-20 12:30:00,132.60000610351562,132.8000030517578,131.3000030517578,131.89999389648438,2831496
2023-10-20 13:30:00,131.8000030517578,132.8000030517578,131.39999389648438,132.5,2301089
2023-10-20 14:30:00,131.60000610351562,132.3000030517578,131.0,131.8000030517578,2855065
2023-10-20 15:30:00,131.39999389648438,132.0,131.1999969482422,131.60000610351562,2208576
2023-10-20 16:30:00,130.8000030517578,131.39999389648438,130.1999969482422,131.39999389648438,4138010
2023-10-20 17:30:00,130.0,130.89999389648438,129.10000610351562,130.8000030517578,4113771
2023-10-23 09:30:00,131.8000030517578,133.1999969482422,130.6999969482422,131.0,0
2023-10-23 10:30:00,130.6999969482422,131.89999389648438,130.60000610351562,131.6999969482422,4163980
2023-10-23 11:30:00,130.39999389648438,131.6999969482422,130.39999389648438,130.6999969482422,3629123
2023-10-23 12:30:00,130.89999389648438,131.10000610351562,130.1999969482422,130.5,1651222
2023-10-23 13:30:00,131.1999969482422,131.1999969482422,130.5,130.89999389648438,2075756
2023-10-23 14:30:00,133.39999389648438,134.1999969482422,131.0,131.10000610351562,6143929
2023-10-23 15:30:00,134.60000610351562,134.89999389648438,133.10000610351562,133.39999389648438,4011545
2023-10-23 16:30:00,135.1999969482422,135.3000030517578,134.0,134.5,3884917
2023-10-23 17:30:00,135.8000030517578,136.0,134.60000610351562,135.1999969482422,2354105
2023-10-24 09:30:00,135.5,135.8000030517578,134.3000030517578,135.5,0
2023-10-24 10:30:00,135.3000030517578,136.3000030517578,135.0,135.5,4522758
2023-10-24 11:30:00,135.60000610351562,135.6999969482422,134.60000610351562,135.3000030517578,2663169
2023-10-24 12:30:00,135.6999969482422,135.6999969482422,134.89999389648438,135.60000610351562,2085930
2023-10-24 13:30:00,135.89999389648438,136.10000610351562,135.3000030517578,135.6999969482422,2267081
2023-10-24 14:30:00,135.0,136.0,135.0,135.89999389648438,2051820
2023-10-24 15:30:00,134.89999389648438,135.3000030517578,134.5,135.10000610351562,2556582
2023-10-24 16:30:00,136.1999969482422,137.60000610351562,134.8000030517578,134.89999389648438,5791702
2023-10-24 17:30:00,137.10000610351562,137.3000030517578,136.10000610351562,136.3000030517578,2400581
2023-10-25 09:30:00,140.1999969482422,140.60000610351562,138.0,138.10000610351562,0
2023-10-25 10:30:00,138.60000610351562,140.3000030517578,138.39999389648438,140.3000030517578,4426185
2023-10-25 11:30:00,138.6999969482422,139.0,138.3000030517578,138.60000610351562,1709283
2023-10-25 12:30:00,135.8000030517578,138.89999389648438,135.6999969482422,138.6999969482422,5733624
2023-10-25 13:30:00,134.8000030517578,136.0,134.1999969482422,135.8000030517578,4794941
2023-10-25 14:30:00,134.6999969482422,135.1999969482422,134.3000030517578,134.6999969482422,2781575
2023-10-25 15:30:00,133.6999969482422,135.0,131.60000610351562,134.6999969482422,4888517
2023-10-25 16:30:00,128.5,134.0,128.10000610351562,133.8000030517578,2562500
2023-10-26 09:30:00,132.8000030517578,134.8000030517578,130.8000030517578,132.89999389648438,0
2023-10-26 10:30:00,132.10000610351562,133.6999969482422,131.39999389648438,132.8000030517578,6164762
2023-10-26 11:30:00,133.1999969482422,133.89999389648438,131.8000030517578,132.0,4232654
2023-10-26 12:30:00,134.60000610351562,135.10000610351562,133.10000610351562,133.1999969482422,4908111
2023-10-26 13:30:00,134.10000610351562,136.5,133.39999389648438,134.60000610351562,6714349
2023-10-26 14:30:00,137.3000030517578,137.39999389648438,133.3000030517578,134.10000610351562,6455987
2023-10-26 15:30:00,137.6999969482422,138.60000610351562,137.0,137.39999389648438,5786008
2023-10-26 16:30:00,136.1999969482422,138.10000610351562,135.5,137.6999969482422,4998829
2023-10-26 17:30:00,136.1999969482422,136.8000030517578,135.60000610351562,136.1999969482422,2125071
2023-10-27 09:30:00,136.60000610351562,137.1999969482422,133.5,135.89999389648438,0
2023-10-27 10:30:00,136.89999389648438,137.39999389648438,135.39999389648438,136.5,4555845
2023-10-27 11:30:00,137.10000610351562,137.8000030517578,136.60000610351562,136.89999389648438,3736562
2023-10-27 12:30:00,136.39999389648438,137.1999969482422,136.10000610351562,137.1999969482422,1268266
2023-10-27 13:30:00,136.0,136.89999389648438,135.39999389648438,136.39999389648438,2132562
2023-10-27 14:30:00,135.0,136.39999389648438,134.8000030517578,135.89999389648438,2023510
2023-10-27 15:30:00,134.8000030517578,135.39999389648438,133.8000030517578,134.89999389648438,2606694
2023-10-27 16:30:00,135.89999389648438,136.89999389648438,134.10000610351562,134.8000030517578,4594588
2023-10-27 17:30:00,138.6999969482422,139.3000030517578,135.5,135.89999389648438,6908480
2023-10-30 09:30:00,139.1999969482422,139.60000610351562,137.6999969482422,138.39999389648438,4339334
2023-10-30 10:30:00,140.0,140.6999969482422,138.60000610351562,139.1999969482422,6094169
2023-10-30 11:30:00,139.60000610351562,141.1999969482422,139.60000610351562,140.0,3866521
2023-10-30 12:30:00,139.1999969482422,140.10000610351562,138.6999969482422,139.6999969482422,3365657
2023-10-30 13:30:00,140.60000610351562,140.6999969482422,139.10000610351562,139.1999969482422,2621126
2023-10-30 14:30:00,140.60000610351562,141.60000610351562,140.39999389648438,140.60000610351562,3943598
2023-10-30 15:30:00,140.1999969482422,141.1999969482422,139.60000610351562,140.60000610351562,3260731
2023-10-30 16:30:00,142.8000030517578,143.10000610351562,139.6999969482422,140.3000030517578,7363421
2023-10-31 09:30:00,143.0,143.39999389648438,140.6999969482422,141.6999969482422,5267137
2023-10-31 10:30:00,143.0,144.3000030517578,142.39999389648438,143.10000610351562,6866865
2023-10-31 11:30:00,143.89999389648438,144.1999969482422,142.3000030517578,142.89999389648438,4181428
2023-10-31 12:30:00,143.6999969482422,144.60000610351562,143.5,143.89999389648438,4175262
2023-10-31 13:30:00,144.3000030517578,144.6999969482422,143.5,143.6999969482422,2141460
2023-10-31 14:30:00,144.0,145.3000030517578,143.60000610351562,144.3000030517578,5429970
2023-10-31 15:30:00,143.10000610351562,144.10000610351562,141.89999389648438,144.0,5750049
2023-10-31 16:30:00,142.1999969482422,143.1999969482422,140.6999969482422,143.0,6528401
2023-11-01 09:30:00,143.3000030517578,144.1999969482422,142.10000610351562,142.8000030517578,5021027
2023-11-01 10:30:00,144.89999389648438,145.8000030517578,142.5,143.1999969482422,8919597
2023-11-01 11:30:00,144.39999389648438,146.1999969482422,144.10000610351562,145.0,5478184
2023-11-01 12:30:00,144.60000610351562,145.1999969482422,144.1999969482422,144.39999389648438,2962630
2023-11-01 13:30:00,142.89999389648438,145.10000610351562,142.5,144.6999969482422,3920128
2023-11-01 14:30:00,144.10000610351562,144.3000030517578,142.8000030517578,142.89999389648438,3844801
2023-11-01 15:30:00,141.8000030517578,144.5,141.5,144.0,4056870
2023-11-01 16:30:00,144.6999969482422,145.5,140.6999969482422,141.6999969482422,8498115
2023-11-02 09:30:00,144.3000030517578,146.89999389648438,143.60000610351562,145.89999389648438,6545228
2023-11-02 10:30:00,146.0,147.3000030517578,144.0,144.39999389648438,5599914
2023-11-02 11:30:00,146.3000030517578,146.6999969482422,145.1999969482422,146.0,2354050
2023-11-02 12:30:00,146.60000610351562,146.89999389648438,145.89999389648438,146.3000030517578,2434157
2023-11-02 13:30:00,146.89999389648438,147.10000610351562,146.1999969482422,146.60000610351562,3873095
2023-11-02 14:30:00,146.5,147.3000030517578,145.89999389648438,146.89999389648438,3342651
2023-11-02 15:30:00,147.0,147.5,145.8000030517578,146.39999389648438,3787570
2023-11-02 16:30:00,147.39999389648438,147.89999389648438,146.60000610351562,147.0,4664472
2023-11-03 09:30:00,148.0,148.3000030517578,146.6999969482422,147.5,3981191
2023-11-03 10:30:00,148.1999969482422,149.8000030517578,147.8000030517578,148.0,6687734
2023-11-03 11:30:00,149.3000030517578,150.10000610351562,148.0,148.10000610351562,6179778
2023-11-03 12:30:00,149.3000030517578,149.60000610351562,148.89999389648438,149.1999969482422,2771964
2023-11-03 13:30:00,149.8000030517578,150.39999389648438,148.60000610351562,149.39999389648438,5010664
2023-11-03 14:30:00,149.89999389648438,150.5,148.89999389648438,149.8000030517578,6130854
2023-11-03 15:30:00,149.5,150.10000610351562,148.5,149.89999389648438,4547302
2023-11-03 16:30:00,150.10000610351562,151.1999969482422,149.0,149.5,7856592
2023-11-06 09:30:00,151.3000030517578,152.3000030517578,150.60000610351562,150.6999969482422,5328201
2023-11-06 10:30:00,151.6999969482422,152.6999969482422,151.10000610351562,151.3000030517578,4097970
2023-11-06 11:30:00,153.0,153.0,151.60000610351562,151.60000610351562,3104849
2023-11-06 12:30:00,153.5,154.10000610351562,152.60000610351562,153.0,5014991
2023-11-06 13:30:00,153.0,153.6999969482422,152.6999969482422,153.5,2801302
2023-11-06 14:30:00,152.8000030517578,153.3000030517578,152.1999969482422,153.0,3285217
2023-11-06 15:30:00,153.10000610351562,153.5,152.5,152.8000030517578,3496485
2023-11-06 16:30:00,153.3000030517578,153.60000610351562,152.6999969482422,153.10000610351562,2990309
2023-11-07 09:30:00,152.3000030517578,152.8000030517578,150.8000030517578,152.8000030517578,5136442
2023-11-07 10:30:00,152.39999389648438,153.8000030517578,152.1999969482422,152.39999389648438,4889255
2023-11-07 11:30:00,152.60000610351562,153.10000610351562,152.3000030517578,152.5,2038308
2023-11-07 12:30:00,153.0,153.10000610351562,152.3000030517578,152.60000610351562,1939276
2023-11-07 13:30:00,152.39999389648438,153.0,152.0,153.0,1707582
2023-11-07 14:30:00,152.60000610351562,153.39999389648438,152.10000610351562,152.39999389648438,2068938
2023-11-07 15:30:00,153.0,153.10000610351562,151.60000610351562,152.60000610351562,2915940
2023-11-07 16:30:00,152.1999969482422,153.10000610351562,151.8000030517578,153.10000610351562,3177411
2023-11-08 09:30:00,150.1999969482422,150.60000610351562,148.39999389648438,149.60000610351562,4992236
2023-11-08 10:30:00,150.6999969482422,151.3000030517578,150.1999969482422,150.3000030517578,4830983
2023-11-08 11:30:00,149.6999969482422,150.6999969482422,149.0,150.6999969482422,2644642
2023-11-08 12:30:00,150.39999389648438,150.5,149.60000610351562,149.6999969482422,1624486
2023-11-08 13:30:00,150.39999389648438,150.5,149.60000610351562,150.39999389648438,1892142
2023-11-08 14:30:00,150.0,150.6999969482422,149.8000030517578,150.39999389648438,3075203
2023-11-08 15:30:00,150.89999389648438,151.0,149.3000030517578,150.0,3689639
2023-11-08 16:30:00,150.39999389648438,151.10000610351562,149.89999389648438,150.89999389648438,5529330
2023-11-09 09:30:00,149.5,150.3000030517578,148.5,148.89999389648438,3719621
2023-11-09 10:30:00,148.6999969482422,149.60000610351562,148.1999969482422,149.60000610351562,2765506
2023-11-09 11:30:00,149.0,149.10000610351562,148.1999969482422,148.60000610351562,1094932
2023-11-09 12:30:00,148.8000030517578,149.1999969482422,148.60000610351562,149.0,903504
2023-11-09 13:30:00,148.60000610351562,149.1999969482422,148.10000610351562,148.6999969482422,1049603
2023-11-09 14:30:00,148.1999969482422,148.6999969482422,147.89999389648438,148.60000610351562,960012
2023-11-09 15:30:00,149.3000030517578,149.39999389648438,148.10000610351562,148.1999969482422,1989362
2023-11-09 16:30:00,151.10000610351562,151.6999969482422,148.89999389648438,149.3000030517578,6246553
2023-11-10 09:30:00,150.5,152.5,150.5,150.8000030517578,4582730
2023-11-10 10:30:00,150.89999389648438,151.1999969482422,150.0,150.5,3342567
2023-11-10 11:30:00,150.89999389648438,151.39999389648438,150.6999969482422,150.89999389648438,2439251
2023-11-10 12:30:00,150.60000610351562,151.39999389648438,150.39999389648438,150.89999389648438,1374054
2023-11-10 13:30:00,150.8000030517578,151.3000030517578,150.5,150.60000610351562,1839722
2023-11-10 14:30:00,150.89999389648438,151.10000610351562,150.5,150.8000030517578,1417295
2023-11-10 15:30:00,151.0,151.60000610351562,150.8000030517578,150.89999389648438,1703103
2023-11-10 16:30:00,150.3000030517578,151.10000610351562,150.10000610351562,151.0,1423357
2023-11-13 09:30:00,149.60000610351562,150.1999969482422,149.10000610351562,149.8000030517578,3350527
2023-11-13 10:30:00,150.3000030517578,150.5,149.3000030517578,149.5,4159171
2023-11-13 11:30:00,149.8000030517578,150.8000030517578,149.5,150.3000030517578,3423328
2023-11-13 12:30:00,150.0,150.5,149.60000610351562,149.8000030517578,2799181
2023-11-13 13:30:00,149.8000030517578,150.1999969482422,149.6999969482422,150.10000610351562,997038
2023-11-13 14:30:00,150.0,150.3000030517578,149.6999969482422,149.89999389648438,1310143
2023-11-13 15:30:00,149.8000030517578,150.3000030517578,149.5,150.0,1514058
2023-11-13 16:30:00,148.89999389648438,150.60000610351562,148.8000030517578,149.89999389648438,3591268
2023-11-14 09:30:00,146.8000030517578,147.8000030517578,146.5,147.39999389648438,3035933
2023-11-14 10:30:00,148.60000610351562,148.8000030517578,146.1999969482422,146.89999389648438,4266349
2023-11-14 11:30:00,148.89999389648438,149.39999389648438,148.39999389648438,148.60000610351562,2627292
2023-11-14 12:30:00,149.1999969482422,149.3000030517578,148.5,148.89999389648438,1683570
2023-11-14 13:30:00,148.6999969482422,149.3000030517578,148.1999969482422,149.10000610351562,2386620
2023-11-14 14:30:00,149.6999969482422,150.3000030517578,148.5,148.6999969482422,3672228
2023-11-14 15:30:00,150.1999969482422,150.3000030517578,149.0,149.6999969482422,1927601
2023-11-14 16:30:00,151.10000610351562,152.0,150.1999969482422,150.1999969482422,5001414
2023-11-15 09:30:00,154.0,154.0,153.0,153.0,4066794
2023-11-15 10:30:00,153.10000610351562,153.89999389648438,152.39999389648438,153.89999389648438,3055819
2023-11-15 11:30:00,151.8000030517578,153.3000030517578,151.60000610351562,153.10000610351562,1734331
2023-11-15 12:30:00,151.5,152.3000030517578,151.3000030517578,151.6999969482422,1312115
2023-11-15 13:30:00,151.89999389648438,152.5,151.5,151.60000610351562,1349018
2023-11-15 14:30:00,151.5,152.10000610351562,151.10000610351562,151.89999389648438,968598
2023-11-15 15:30:00,150.8000030517578,152.5,150.5,151.5,2537510
2023-11-15 16:30:00,151.10000610351562,151.8000030517578,150.60000610351562,150.6999969482422,1968970
2023-11-16 09:30:00,151.89999389648438,152.10000610351562,150.6999969482422,151.0,2488884
2023-11-16 10:30:00,153.8000030517578,154.0,151.8000030517578,151.89999389648438,5267364
2023-11-16 11:30:00,153.60000610351562,154.0,153.10000610351562,153.8000030517578,2374435
2023-11-16 12:30:00,153.1999969482422,153.60000610351562,152.8000030517578,153.60000610351562,969571
2023-11-16 13:30:00,154.8000030517578,155.0,153.10000610351562,153.1999969482422,6062462
2023-11-16 14:30:00,154.89999389648438,155.3000030517578,154.5,154.8000030517578,2431313
2023-11-16 15:30:00,155.39999389648438,155.8000030517578,154.6999969482422,154.89999389648438,3415997
2023-11-16 16:30:00,154.10000610351562,155.60000610351562,153.6999969482422,155.39999389648438,3231720
2023-11-17 09:30:00,154.5,154.8000030517578,153.10000610351562,154.3000030517578,4300802
2023-11-17 10:30:00,153.8000030517578,154.5,153.39999389648438,154.39999389648438,2676590
2023-11-17 11:30:00,153.5,153.89999389648438,153.1999969482422,153.6999969482422,1643992
2023-11-17 12:30:00,152.60000610351562,153.5,152.39999389648438,153.5,1664610
2023-11-17 13:30:00,153.1999969482422,153.3000030517578,152.39999389648438,152.60000610351562,1223545
2023-11-17 14:30:00,153.8000030517578,154.0,153.0,153.1999969482422,1886734
2023-11-17 15:30:00,154.0,154.6999969482422,153.1999969482422,153.89999389648438,4050817
2023-11-17 16:30:00,153.6999969482422,154.3000030517578,153.60000610351562,154.10000610351562,1969012
2023-11-20 09:30:00,155.39999389648438,156.8000030517578,154.6999969482422,154.6999969482422,5431354
2023-11-20 10:30:00,155.3000030517578,155.6999969482422,154.8000030517578,155.3000030517578,3241735
2023-11-20 11:30:00,154.8000030517578,155.3000030517578,154.5,155.3000030517578,1929024
2023-11-20 12:30:00,154.6999969482422,155.0,154.5,154.8000030517578,1099014
2023-11-20 13:30:00,154.10000610351562,154.8000030517578,153.60000610351562,154.6999969482422,1738765
2023-11-20 14:30:00,154.6999969482422,154.8000030517578,153.60000610351562,154.10000610351562,1621352
2023-11-20 15:30:00,154.39999389648438,155.5,154.0,154.6999969482422,3720670
2023-11-20 16:30:00,154.1999969482422,154.60000610351562,153.6999969482422,154.3000030517578,1476610
2023-11-21 09:30:00,154.60000610351562,154.89999389648438,153.8000030517578,154.10000610351562,3494652
2023-11-21 10:30:00,154.1999969482422,154.89999389648438,154.0,154.6999969482422,1868134
2023-11-21 11:30:00,154.1999969482422,154.5,153.6999969482422,154.1999969482422,2017644
2023-11-21 12:30:00,154.0,155.6999969482422,153.8000030517578,154.3000030517578,5404871
2023-11-21 13:30:00,154.10000610351562,154.1999969482422,153.6999969482422,154.0,1001813
2023-11-21 14:30:00,154.5,154.6999969482422,153.6999969482422,154.1999969482422,1933189
2023-11-21 15:30:00,154.5,154.89999389648438,154.0,154.5,2255837
2023-11-21 16:30:00,154.1999969482422,154.89999389648438,153.8000030517578,154.60000610351562,2406232
2023-11-22 09:30:00,155.0,155.60000610351562,154.0,154.60000610351562,4461904
2023-11-22 10:30:00,154.3000030517578,155.39999389648438,154.0,155.0,2926519
2023-11-22 11:30:00,155.3000030517578,155.5,154.1999969482422,154.1999969482422,5264292
2023-11-22 12:30:00,154.8000030517578,155.39999389648438,154.60000610351562,155.3000030517578,2066102
2023-11-22 13:30:00,155.10000610351562,155.3000030517578,154.60000610351562,154.8000030517578,1877086
2023-11-22 14:30:00,157.8000030517578,158.0,154.89999389648438,155.0,8541502
2023-11-22 15:30:00,157.3000030517578,158.10000610351562,156.8000030517578,157.8000030517578,7444575
2023-11-22 16:30:00,156.60000610351562,157.39999389648438,156.1999969482422,157.3000030517578,3423941
2023-11-23 09:30:00,155.6999969482422,156.6999969482422,155.5,155.60000610351562,3816860
2023-11-23 10:30:00,155.8000030517578,155.89999389648438,155.3000030517578,155.6999969482422,2266810
2023-11-23 11:30:00,155.89999389648438,156.6999969482422,155.60000610351562,155.8000030517578,3038636
2023-11-23 12:30:00,155.89999389648438,156.0,155.5,155.89999389648438,1233052
2023-11-23 13:30:00,154.39999389648438,156.1999969482422,154.3000030517578,155.89999389648438,5923162
2023-11-23 14:30:00,155.10000610351562,155.3000030517578,154.0,154.39999389648438,2896974
2023-11-23 15:30:00,154.8000030517578,155.10000610351562,154.3000030517578,155.10000610351562,1795694
2023-11-23 16:30:00,153.5,154.89999389648438,153.1999969482422,154.8000030517578,2849240
2023-11-24 09:30:00,150.89999389648438,151.5,149.89999389648438,150.0,4909224
2023-11-24 10:30:00,150.39999389648438,151.60000610351562,150.1999969482422,150.8000030517578,3132608
2023-11-24 11:30:00,150.1999969482422,150.39999389648438,149.60000610351562,150.39999389648438,2151600
2023-11-24 12:30:00,150.10000610351562,150.5,150.0,150.1999969482422,1109006
2023-11-24 13:30:00,149.3000030517578,150.10000610351562,148.8000030517578,150.10000610351562,1879940
2023-11-24 14:30:00,150.1999969482422,150.1999969482422,149.1999969482422,149.3000030517578,1710976
2023-11-24 15:30:00,150.89999389648438,151.3000030517578,150.10000610351562,150.1999969482422,4066866
2023-11-24 16:30:00,150.60000610351562,151.60000610351562,150.5,150.8000030517578,2386931
2023-11-27 09:30:00,152.89999389648438,153.10000610351562,150.8000030517578,150.8000030517578,3695396
2023-11-27 10:30:00,152.6999969482422,153.39999389648438,152.3000030517578,152.89999389648438,2441938
2023-11-27 11:30:00,152.6999969482422,153.10000610351562,152.5,152.60000610351562,1186151
2023-11-27 12:30:00,152.60000610351562,152.89999389648438,152.39999389648438,152.6999969482422,1131190
2023-11-27 13:30:00,152.8000030517578,153.3000030517578,152.39999389648438,152.60000610351562,1534444
2023-11-27 14:30:00,152.89999389648438,153.0,152.5,152.89999389648438,1566218
2023-11-27 15:30:00,154.8000030517578,155.3000030517578,152.89999389648438,153.0,4830036
2023-11-27 16:30:00,155.89999389648438,156.5,154.60000610351562,154.89999389648438,5828024
2023-11-28 09:30:00,155.89999389648438,156.6999969482422,154.8000030517578,156.0,4138296
2023-11-28 10:30:00,155.89999389648438,157.0,155.5,155.8000030517578,4196725
2023-11-28 11:30:00,156.0,156.1999969482422,155.10000610351562,155.8000030517578,1941912
2023-11-28 12:30:00,156.5,156.8000030517578,155.8000030517578,156.10000610351562,2294414
2023-11-28 13:30:00,156.0,156.89999389648438,155.8000030517578,156.5,2149021
2023-11-28 14:30:00,155.39999389648438,156.3000030517578,155.1999969482422,156.0,2147908
2023-11-28 15:30:00,154.39999389648438,155.8000030517578,153.8000030517578,155.5,3189384
2023-11-28 16:30:00,154.6999969482422,154.89999389648438,153.89999389648438,154.3000030517578,2046949
2023-11-29 09:30:00,156.5,157.60000610351562,156.10000610351562,156.89999389648438,4097934
2023-11-29 10:30:00,156.8000030517578,158.10000610351562,156.10000610351562,156.39999389648438,6587949
2023-11-29 11:30:00,156.60000610351562,157.1999969482422,156.5,156.6999969482422,1861866
2023-11-29 12:30:00,156.39999389648438,156.8000030517578,156.1999969482422,156.60000610351562,1483938
2023-11-29 13:30:00,155.8000030517578,156.39999389648438,155.10000610351562,156.39999389648438,1895314
2023-11-29 14:30:00,155.39999389648438,155.8000030517578,155.10000610351562,155.6999969482422,1151309
2023-11-29 15:30:00,156.3000030517578,156.6999969482422,155.0,155.39999389648438,2265459
2023-11-29 16:30:00,155.6999969482422,156.60000610351562,155.39999389648438,156.1999969482422,2074637
2023-11-30 09:30:00,154.60000610351562,155.39999389648438,154.1999969482422,155.0,2484858
2023-11-30 10:30:00,154.10000610351562,154.60000610351562,153.39999389648438,154.5,1839833
2023-11-30 11:30:00,154.1999969482422,154.6999969482422,153.5,154.0,1842952
2023-11-30 12:30:00,154.10000610351562,154.5,154.0,154.10000610351562,1068748
2023-11-30 13:30:00,154.5,154.6999969482422,154.10000610351562,154.1999969482422,987936
2023-11-30 14:30:00,155.10000610351562,155.1999969482422,154.3000030517578,154.5,1399673
2023-11-30 15:30:00,153.8000030517578,155.10000610351562,153.5,155.10000610351562,1610585
2023-11-30 16:30:00,152.1999969482422,153.89999389648438,152.10000610351562,153.89999389648438,2417121
2023-12-01 09:30:00,154.8000030517578,155.8000030517578,154.60000610351562,155.0,3519549
2023-12-01 10:30:00,154.6999969482422,155.0,154.3000030517578,154.8000030517578,2034538
2023-12-01 11:30:00,154.8000030517578,154.89999389648438,154.3000030517578,154.6999969482422,2879363
2023-12-01 12:30:00,154.39999389648438,154.89999389648438,154.3000030517578,154.6999969482422,1711420
2023-12-01 13:30:00,155.0,155.1999969482422,154.0,154.3000030517578,2347849
2023-12-01 14:30:00,154.89999389648438,155.3000030517578,154.60000610351562,155.0,2731454
2023-12-01 15:30:00,154.89999389648438,155.0,154.5,154.89999389648438,1420247
2023-12-01 16:30:00,152.60000610351562,155.0,152.1999969482422,154.89999389648438,3517274
2023-12-04 09:30:00,155.10000610351562,156.8000030517578,153.60000610351562,153.6999969482422,6419847
2023-12-04 10:30:00,153.8000030517578,155.39999389648438,153.39999389648438,155.10000610351562,3748376
2023-12-04 11:30:00,154.1999969482422,154.3000030517578,153.60000610351562,153.6999969482422,1371467
2023-12-04 12:30:00,154.39999389648438,154.6999969482422,153.8000030517578,154.1999969482422,1845125
2023-12-04 13:30:00,154.3000030517578,154.6999969482422,153.89999389648438,154.3000030517578,1343067
2023-12-04 14:30:00,154.39999389648438,154.60000610351562,154.1999969482422,154.3000030517578,1172407
2023-12-04 15:30:00,154.39999389648438,154.60000610351562,154.10000610351562,154.3000030517578,1006716
2023-12-04 16:30:00,154.39999389648438,155.0,154.1999969482422,154.39999389648438,2094477
2023-12-05 09:30:00,154.6999969482422,155.5,153.5,154.5,3025948
2023-12-05 10:30:00,154.89999389648438,155.1999969482422,154.5,154.6999969482422,2619295
2023-12-05 11:30:00,154.60000610351562,154.89999389648438,154.1999969482422,154.89999389648438,1059463
2023-12-05 12:30:00,154.5,154.6999969482422,154.3000030517578,154.6999969482422,719261
2023-12-05 13:30:00,154.39999389648438,154.8000030517578,154.1999969482422,154.60000610351562,912954
2023-12-05 14:30:00,154.0,154.89999389648438,154.0,154.5,1357555
2023-12-05 15:30:00,153.60000610351562,154.6999969482422,153.60000610351562,154.0,1022877
2023-12-05 16:30:00,154.10000610351562,154.1999969482422,153.39999389648438,153.60000610351562,1801772
2023-12-06 09:30:00,154.39999389648438,155.10000610351562,154.0,155.0,1784941
2023-12-06 10:30:00,154.0,154.5,154.0,154.39999389648438,1881416
2023-12-06 11:30:00,153.0,154.3000030517578,152.89999389648438,154.10000610351562,1724215
2023-12-06 12:30:00,152.1999969482422,153.1999969482422,152.10000610351562,153.0,1951573
2023-12-06 13:30:00,152.10000610351562,152.8000030517578,151.6999969482422,152.1999969482422,1308435
2023-12-06 14:30:00,151.10000610351562,152.10000610351562,150.60000610351562,152.0,2049517
2023-12-06 15:30:00,151.3000030517578,151.6999969482422,150.60000610351562,151.0,1659272
2023-12-06 16:30:00,151.0,151.5,150.10000610351562,151.39999389648438,2701494
2023-12-07 09:30:00,151.3000030517578,151.5,150.0,150.0,3251982
2023-12-07 10:30:00,151.5,151.6999969482422,151.0,151.1999969482422,3954606
2023-12-07 11:30:00,151.0,151.5,150.6999969482422,151.5,1960470
2023-12-07 12:30:00,151.39999389648438,151.39999389648438,150.8000030517578,151.0,1597791
2023-12-07 13:30:00,150.8000030517578,152.0,150.6999969482422,151.39999389648438,2938412
2023-12-07 14:30:00,151.3000030517578,151.3000030517578,150.6999969482422,150.6999969482422,2300823
2023-12-07 15:30:00,150.1999969482422,151.60000610351562,149.6999969482422,151.3000030517578,3664285
2023-12-07 16:30:00,152.89999389648438,153.1999969482422,149.8000030517578,150.1999969482422,5504840
2023-12-08 09:30:00,153.1999969482422,154.6999969482422,153.10000610351562,154.39999389648438,2081817
2023-12-08 10:30:00,153.60000610351562,154.1999969482422,153.1999969482422,153.1999969482422,2121299
2023-12-08 11:30:00,153.0,153.89999389648438,152.8000030517578,153.5,1393022
2023-12-08 12:30:00,152.6999969482422,153.0,152.5,152.89999389648438,855147
2023-12-08 13:30:00,152.89999389648438,153.1999969482422,152.5,152.8000030517578,1098354
2023-12-08 14:30:00,152.6999969482422,153.10000610351562,152.3000030517578,152.89999389648438,1968573
2023-12-08 15:30:00,153.3000030517578,153.60000610351562,152.5,152.60000610351562,2130028
2023-12-08 16:30:00,152.5,153.60000610351562,151.8000030517578,153.3000030517578,2723113
2023-12-11 09:30:00,151.8000030517578,152.8000030517578,151.5,152.60000610351562,1705664
2023-12-11 10:30:00,150.6999969482422,151.8000030517578,150.39999389648438,151.8000030517578,1919712
2023-12-11 11:30:00,150.0,151.10000610351562,149.89999389648438,150.8000030517578,1964908
2023-12-11 12:30:00,149.1999969482422,150.3000030517578,148.8000030517578,150.0,1612562
2023-12-11 13:30:00,149.3000030517578,149.6999969482422,148.89999389648438,149.1999969482422,892470
2023-12-11 14:30:00,149.89999389648438,150.0,149.0,149.3000030517578,1110233
2023-12-11 15:30:00,149.39999389648438,149.89999389648438,148.8000030517578,149.89999389648438,1791300
2023-12-11 16:30:00,150.6999969482422,151.0,148.89999389648438,149.3000030517578,3824672
2023-12-12 09:30:00,148.5,149.3000030517578,147.8000030517578,148.8000030517578,2700387
2023-12-12 10:30:00,149.5,149.5,148.39999389648438,148.5,2956472
2023-12-12 11:30:00,148.89999389648438,149.6999969482422,148.6999969482422,149.5,2884578
2023-12-12 12:30:00,149.39999389648438,149.6999969482422,148.39999389648438,148.89999389648438,4030005
2023-12-12 13:30:00,148.3000030517578,150.10000610351562,148.10000610351562,149.39999389648438,4008475
2023-12-12 14:30:00,148.3000030517578,149.0,148.10000610351562,148.1999969482422,4633870
2023-12-12 15:30:00,147.39999389648438,148.5,146.8000030517578,148.3000030517578,3437190
2023-12-12 16:30:00,146.8000030517578,148.3000030517578,146.6999969482422,147.39999389648438,4142395
2023-12-13 09:30:00,144.0,146.6999969482422,143.5,146.6999969482422,3240584
2023-12-13 10:30:00,144.39999389648438,145.10000610351562,143.8000030517578,144.0,3245986
2023-12-13 11:30:00,145.0,145.39999389648438,144.39999389648438,144.5,1825285
2023-12-13 12:30:00,145.10000610351562,145.1999969482422,144.39999389648438,145.0,2547561
2023-12-13 13:30:00,144.89999389648438,145.5,144.8000030517578,145.10000610351562,2940528
2023-12-13 14:30:00,144.60000610351562,145.0,144.3000030517578,144.89999389648438,2686229
2023-12-13 15:30:00,145.1999969482422,146.5,144.60000610351562,144.6999969482422,4673079
2023-12-13 16:30:00,145.39999389648438,147.10000610351562,144.3000030517578,145.1999969482422,3909802
2023-12-14 09:30:00,146.1999969482422,146.8000030517578,145.6999969482422,145.89999389648438,2514084
2023-12-14 10:30:00,146.0,146.60000610351562,145.89999389648438,146.1999969482422,1734039
2023-12-14 11:30:00,145.10000610351562,146.10000610351562,145.0,146.0,1517295
2023-12-14 12:30:00,145.60000610351562,145.8000030517578,144.89999389648438,145.10000610351562,2351640
2023-12-14 13:30:00,146.39999389648438,146.39999389648438,145.3000030517578,145.60000610351562,1444876
2023-12-14 14:30:00,150.3000030517578,150.8000030517578,146.3000030517578,146.39999389648438,6053934
2023-12-14 15:30:00,151.60000610351562,151.6999969482422,149.6999969482422,150.3000030517578,2973857
2023-12-14 16:30:00,151.3000030517578,152.39999389648438,151.3000030517578,151.60000610351562,2898390
2023-12-15 09:30:00,151.6999969482422,152.8000030517578,150.60000610351562,151.60000610351562,2938860
2023-12-15 10:30:00,152.3000030517578,152.6999969482422,151.5,151.6999969482422,1823377
2023-12-15 11:30:00,152.5,152.60000610351562,151.60000610351562,152.1999969482422,1720246
2023-12-15 12:30:00,152.3000030517578,152.60000610351562,151.89999389648438,152.5,1176474
2023-12-15 13:30:00,152.0,152.5,151.60000610351562,152.39999389648438,1066142
2023-12-15 14:30:00,151.10000610351562,152.1999969482422,151.0,152.0,1224810
2023-12-15 15:30:00,150.60000610351562,151.39999389648438,150.1999969482422,151.1999969482422,1481279
2023-12-15 16:30:00,151.10000610351562,151.1999969482422,149.60000610351562,150.60000610351562,1946166
2023-12-18 09:30:00,149.6999969482422,150.60000610351562,149.3000030517578,150.5,2673141
2023-12-18 10:30:00,148.89999389648438,149.89999389648438,148.60000610351562,149.8000030517578,1984667
2023-12-18 11:30:00,148.5,149.1999969482422,148.39999389648438,148.89999389648438,1145018
2023-12-18 12:30:00,148.5,148.60000610351562,147.6999969482422,148.5,1004407
2023-12-18 13:30:00,148.0,148.60000610351562,147.8000030517578,148.5,696195
2023-12-18 14:30:00,148.1999969482422,148.39999389648438,147.60000610351562,148.0,671595
2023-12-18 15:30:00,148.5,148.60000610351562,147.39999389648438,148.10000610351562,1112455
2023-12-18 16:30:00,146.89999389648438,148.5,146.60000610351562,148.5,1599527
2023-12-19 09:30:00,145.5,146.39999389648438,145.3000030517578,146.1999969482422,1687180
2023-12-19 10:30:00,144.0,146.0,143.8000030517578,145.5,2393690
2023-12-19 11:30:00,145.39999389648438,145.5,143.89999389648438,144.0,1376681
2023-12-19 12:30:00,147.8000030517578,148.10000610351562,145.10000610351562,145.39999389648438,3207764
2023-12-19 13:30:00,146.6999969482422,147.89999389648438,145.89999389648438,147.8000030517578,1958825
2023-12-19 14:30:00,146.5,148.10000610351562,146.5,146.8000030517578,2638361
2023-12-19 15:30:00,147.1999969482422,148.0,146.39999389648438,146.60000610351562,1542098
2023-12-19 16:30:00,148.1999969482422,149.10000610351562,146.5,147.3000030517578,3155068
2023-12-20 09:30:00,148.39999389648438,148.60000610351562,146.6999969482422,147.10000610351562,2087590
2023-12-20 10:30:00,148.1999969482422,149.6999969482422,148.1999969482422,148.39999389648438,2695478
2023-12-20 11:30:00,148.10000610351562,148.6999969482422,147.5,148.1999969482422,1409866
2023-12-20 12:30:00,147.5,148.1999969482422,147.0,148.0,832447
2023-12-20 13:30:00,147.5,148.10000610351562,147.0,147.5,894465
2023-12-20 14:30:00,148.3000030517578,148.8000030517578,147.0,147.39999389648438,1426910
2023-12-20 15:30:00,148.6999969482422,149.5,148.1999969482422,148.1999969482422,6081472
2023-12-20 16:30:00,148.8000030517578,149.39999389648438,148.5,148.6999969482422,2665813
2023-12-21 09:30:00,149.60000610351562,150.1999969482422,148.39999389648438,149.6999969482422,2029926
2023-12-21 10:30:00,151.0,151.60000610351562,149.39999389648438,149.6999969482422,4242539
2023-12-21 11:30:00,151.5,152.0,150.8000030517578,151.10000610351562,1946182
2023-12-21 12:30:00,151.1999969482422,151.60000610351562,150.89999389648438,151.5,913872
2023-12-21 13:30:00,150.8000030517578,152.3000030517578,150.0,151.3000030517578,2470454
2023-12-21 14:30:00,151.39999389648438,152.10000610351562,150.5,150.89999389648438,2128023
2023-12-21 15:30:00,152.6999969482422,153.1999969482422,151.1999969482422,151.3000030517578,4187024
2023-12-21 16:30:00,152.8000030517578,153.6999969482422,152.3000030517578,152.6999969482422,3018877
2023-12-22 09:30:00,151.60000610351562,152.89999389648438,151.39999389648438,152.6999969482422,1832155
2023-12-22 10:30:00,152.0,152.1999969482422,150.5,151.5,2311636
2023-12-22 11:30:00,150.5,152.0,150.3000030517578,152.0,1649542
2023-12-22 12:30:00,150.39999389648438,151.10000610351562,150.3000030517578,150.39999389648438,1309018
2023-12-22 13:30:00,150.6999969482422,151.0,150.0,150.39999389648438,1826157
2023-12-22 14:30:00,149.5,150.8000030517578,149.0,150.6999969482422,2147403
2023-12-22 15:30:00,147.60000610351562,149.6999969482422,147.10000610351562,149.39999389648438,3726761
2023-12-22 16:30:00,146.6999969482422,147.60000610351562,145.8000030517578,147.60000610351562,4265137
2023-12-25 09:30:00,145.6999969482422,146.0,144.10000610351562,144.39999389648438,3863908
2023-12-25 10:30:00,145.39999389648438,146.10000610351562,145.1999969482422,145.6999969482422,4284905
2023-12-25 11:30:00,145.5,145.8000030517578,145.3000030517578,145.39999389648438,1286123
2023-12-25 12:30:00,144.39999389648438,145.5,144.10000610351562,145.5,1121298
2023-12-25 13:30:00,140.89999389648438,144.6999969482422,140.8000030517578,144.39999389648438,2110589
2023-12-25 14:30:00,141.10000610351562,141.5,140.39999389648438,140.8000030517578,2532252
2023-12-25 15:30:00,142.89999389648438,142.89999389648438,141.0,141.10000610351562,3412704
2023-12-25 16:30:00,139.60000610351562,143.1999969482422,138.8000030517578,142.8000030517578,4205323
2023-12-26 09:30:00,140.6999969482422,141.89999389648438,139.60000610351562,139.60000610351562,3807728
2023-12-26 10:30:00,141.89999389648438,143.1999969482422,139.60000610351562,140.6999969482422,4609296
2023-12-26 11:30:00,141.8000030517578,142.39999389648438,141.3000030517578,141.89999389648438,1804894
2023-12-26 12:30:00,141.39999389648438,142.0,141.3000030517578,141.89999389648438,1211357
2023-12-26 13:30:00,142.1999969482422,142.60000610351562,140.89999389648438,141.39999389648438,2422713
2023-12-26 14:30:00,142.60000610351562,142.60000610351562,141.89999389648438,142.1999969482422,1641258
2023-12-26 15:30:00,144.5,144.8000030517578,142.39999389648438,142.60000610351562,3221009
2023-12-26 16:30:00,143.8000030517578,145.60000610351562,143.60000610351562,144.5,2624147
2023-12-27 09:30:00,143.10000610351562,143.60000610351562,142.0,143.39999389648438,2167522
2023-12-27 10:30:00,144.1999969482422,144.39999389648438,142.5,143.1999969482422,3172098
2023-12-27 11:30:00,143.5,144.5,142.6999969482422,144.1999969482422,2334397
2023-12-27 12:30:00,144.1999969482422,144.5,143.3000030517578,143.5,1216712
2023-12-27 13:30:00,145.1999969482422,145.5,144.0,144.1999969482422,2676066
2023-12-27 14:30:00,145.8000030517578,146.5,144.1999969482422,145.1999969482422,2764867
2023-12-27 15:30:00,147.0,147.1999969482422,145.1999969482422,145.8000030517578,2006815
2023-12-27 16:30:00,145.8000030517578,147.39999389648438,145.5,147.0,2506356
2023-12-28 09:30:00,147.0,147.8000030517578,146.60000610351562,147.1999969482422,2049507
2023-12-28 10:30:00,148.1999969482422,148.39999389648438,146.8000030517578,147.0,2119094
2023-12-28 11:30:00,148.89999389648438,149.1999969482422,147.5,148.1999969482422,1704513
2023-12-28 12:30:00,148.10000610351562,149.0,148.10000610351562,148.89999389648438,839853
2023-12-28 13:30:00,147.8000030517578,148.3000030517578,147.39999389648438,148.10000610351562,1063906
2023-12-28 14:30:00,148.0,148.3000030517578,147.6999969482422,147.8000030517578,1097164
2023-12-28 15:30:00,147.3000030517578,148.0,146.8000030517578,148.0,2941097
2023-12-28 16:30:00,145.0,147.6999969482422,144.6999969482422,147.3000030517578,4431213
2023-12-29 09:30:00,145.5,146.0,144.8000030517578,145.0,2301726
2023-12-29 10:30:00,144.1999969482422,145.8000030517578,144.0,145.5,2392801
2023-12-29 11:30:00,143.6999969482422,144.1999969482422,143.5,144.10000610351562,1487127
2023-12-29 12:30:00,143.8000030517578,144.10000610351562,143.5,143.6999969482422,799236
2023-12-29 13:30:00,143.8000030517578,144.10000610351562,143.5,143.8000030517578,907816
2023-12-29 14:30:00,144.3000030517578,144.60000610351562,143.6999969482422,143.6999969482422,1559351
2023-12-29 15:30:00,144.1999969482422,144.5,143.5,144.39999389648438,1546180
2023-12-29 16:30:00,144.8000030517578,144.89999389648438,143.39999389648438,144.1999969482422,2171413
2024-01-02 09:30:00,144.89999389648438,145.6999969482422,144.0,144.0,3222523
2024-01-02 10:30:00,144.39999389648438,145.39999389648438,144.3000030517578,144.8000030517578,2255121
2024-01-02 11:30:00,143.89999389648438,144.5,143.60000610351562,144.39999389648438,1768799
2024-01-02 12:30:00,144.3000030517578,144.60000610351562,143.8000030517578,143.89999389648438,1237090
2024-01-02 13:30:00,144.10000610351562,144.5,143.8000030517578,144.3000030517578,1333218
2024-01-02 14:30:00,143.39999389648438,144.10000610351562,143.39999389648438,144.10000610351562,1151232
2024-01-02 15:30:00,143.89999389648438,144.1999969482422,143.10000610351562,143.5,2114222
2024-01-02 16:30:00,143.6999969482422,144.5,143.5,143.89999389648438,2011563
2024-01-03 09:30:00,143.10000610351562,143.89999389648438,142.8000030517578,143.8000030517578,1897189
2024-01-03 10:30:00,142.6999969482422,143.39999389648438,142.39999389648438,143.10000610351562,2569277
2024-01-03 11:30:00,141.8000030517578,142.6999969482422,141.60000610351562,142.6999969482422,2019686
2024-01-03 12:30:00,141.3000030517578,142.1999969482422,141.1999969482422,141.8000030517578,1996516
2024-01-03 13:30:00,141.6999969482422,142.10000610351562,141.1999969482422,141.3000030517578,1874743
2024-01-03 14:30:00,142.8000030517578,143.0,141.5,141.6999969482422,2260232
2024-01-03 15:30:00,142.60000610351562,143.1999969482422,142.5,142.8000030517578,2872901
2024-01-03 16:30:00,140.39999389648438,142.8000030517578,140.10000610351562,142.60000610351562,3782939
2024-01-04 09:30:00,141.3000030517578,142.60000610351562,140.89999389648438,140.89999389648438,4057686
2024-01-04 10:30:00,142.60000610351562,142.6999969482422,141.1999969482422,141.39999389648438,4079387
2024-01-04 11:30:00,142.3000030517578,143.1999969482422,141.6999969482422,142.60000610351562,4904535
2024-01-04 12:30:00,142.5,142.6999969482422,141.89999389648438,142.3000030517578,1314780
2024-01-04 13:30:00,142.1999969482422,142.5,141.89999389648438,142.5,1061102
2024-01-04 14:30:00,143.0,143.0,142.10000610351562,142.1999969482422,1308287
2024-01-04 15:30:00,143.5,143.5,142.39999389648438,143.0,2051878
2024-01-04 16:30:00,143.1999969482422,143.89999389648438,142.89999389648438,143.5,1753134
2024-01-05 09:30:00,143.39999389648438,144.3000030517578,143.0,144.0,1501283
2024-01-05 10:30:00,142.60000610351562,143.39999389648438,142.5,143.3000030517578,1582076
2024-01-05 11:30:00,142.1999969482422,142.8000030517578,141.8000030517578,142.6999969482422,1441651
2024-01-05 12:30:00,142.0,142.3000030517578,141.6999969482422,142.3000030517578,900903
2024-01-05 13:30:00,142.10000610351562,142.3000030517578,141.8000030517578,142.10000610351562,503339
2024-01-05 14:30:00,142.39999389648438,142.6999969482422,142.0,142.10000610351562,865414
2024-01-05 15:30:00,142.6999969482422,142.8000030517578,142.10000610351562,142.39999389648438,706852
2024-01-05 16:30:00,142.89999389648438,143.3000030517578,142.1999969482422,142.6999969482422,1616664
2024-01-08 09:30:00,139.60000610351562,139.8000030517578,137.10000610351562,137.5,11254871
2024-01-08 10:30:00,139.60000610351562,140.39999389648438,138.8000030517578,139.6999969482422,7574447
2024-01-08 11:30:00,139.1999969482422,139.6999969482422,138.89999389648438,139.60000610351562,3542084
2024-01-08 12:30:00,139.1999969482422,139.5,139.0,139.1999969482422,1625950
2024-01-08 13:30:00,138.6999969482422,139.1999969482422,138.5,139.1999969482422,2155353
2024-01-08 14:30:00,138.89999389648438,139.10000610351562,138.5,138.60000610351562,1745296
2024-01-08 15:30:00,139.3000030517578,139.3000030517578,138.8000030517578,138.8000030517578,1519169
2024-01-08 16:30:00,139.39999389648438,140.39999389648438,139.10000610351562,139.3000030517578,4260917
2024-01-09 09:30:00,140.6999969482422,141.6999969482422,140.1999969482422,140.1999969482422,3490226
2024-01-09 10:30:00,139.5,140.8000030517578,139.3000030517578,140.6999969482422,3923842
2024-01-09 11:30:00,138.89999389648438,139.5,138.8000030517578,139.5,1953616
2024-01-09 12:30:00,138.6999969482422,139.0,138.39999389648438,139.0,982825
2024-01-09 13:30:00,138.8000030517578,139.0,138.39999389648438,138.60000610351562,732905
2024-01-09 14:30:00,138.8000030517578,138.89999389648438,138.1999969482422,138.8000030517578,1444538
2024-01-09 15:30:00,138.3000030517578,138.89999389648438,137.89999389648438,138.89999389648438,1464690
2024-01-09 16:30:00,138.1999969482422,138.39999389648438,137.6999969482422,138.3000030517578,1684356
2024-01-10 09:30:00,138.39999389648438,139.0,138.1999969482422,138.1999969482422,2096360
2024-01-10 10:30:00,138.39999389648438,138.6999969482422,137.60000610351562,138.39999389648438,2901757
2024-01-10 11:30:00,138.39999389648438,138.6999969482422,138.0,138.39999389648438,1443010
2024-01-10 12:30:00,138.1999969482422,139.10000610351562,138.0,138.3000030517578,2574964
2024-01-10 13:30:00,138.1999969482422,138.3000030517578,137.6999969482422,138.1999969482422,1188816
2024-01-10 14:30:00,137.89999389648438,138.39999389648438,137.8000030517578,138.3000030517578,1125826
2024-01-10 15:30:00,138.3000030517578,138.60000610351562,137.3000030517578,138.0,3007689
2024-01-10 16:30:00,139.0,139.6999969482422,138.10000610351562,138.3000030517578,4742495
2024-01-11 09:30:00,140.8000030517578,141.3000030517578,140.1999969482422,140.1999969482422,3367521
2024-01-11 10:30:00,140.89999389648438,142.1999969482422,140.6999969482422,140.8000030517578,4144815
2024-01-11 11:30:00,141.1999969482422,141.1999969482422,140.10000610351562,141.0,1862552
2024-01-11 12:30:00,140.6999969482422,141.60000610351562,140.60000610351562,141.10000610351562,1463997
2024-01-11 13:30:00,140.89999389648438,141.0,140.39999389648438,140.6999969482422,1164736
2024-01-11 14:30:00,140.8000030517578,141.1999969482422,140.5,140.8000030517578,852751
2024-01-11 15:30:00,140.6999969482422,140.89999389648438,139.5,140.6999969482422,2272822
2024-01-11 16:30:00,140.0,140.8000030517578,139.8000030517578,140.6999969482422,2090437
2024-01-12 09:30:00,139.39999389648438,139.89999389648438,139.0,139.39999389648438,2144405
2024-01-12 10:30:00,139.1999969482422,139.60000610351562,138.89999389648438,139.3000030517578,1597491
2024-01-12 11:30:00,139.3000030517578,139.8000030517578,139.10000610351562,139.1999969482422,1060789
2024-01-12 12:30:00,139.8000030517578,139.8000030517578,139.1999969482422,139.3000030517578,831611
2024-01-12 13:30:00,140.60000610351562,140.8000030517578,139.60000610351562,139.8000030517578,2785836
2024-01-12 14:30:00,140.60000610351562,140.89999389648438,140.10000610351562,140.60000610351562,2163417
2024-01-12 15:30:00,141.60000610351562,141.89999389648438,140.39999389648438,140.60000610351562,3809604
2024-01-12 16:30:00,141.89999389648438,142.1999969482422,141.3000030517578,141.60000610351562,3028602
2024-01-15 09:30:00,141.0,141.39999389648438,140.0,140.0,2718103
2024-01-15 10:30:00,141.0,141.10000610351562,140.39999389648438,141.0,2408354
2024-01-15 11:30:00,141.0,141.5,140.8000030517578,140.89999389648438,2144697
2024-01-15 12:30:00,141.0,141.39999389648438,140.8000030517578,141.10000610351562,1797218
2024-01-15 13:30:00,141.10000610351562,141.3000030517578,140.8000030517578,141.0,1186108
2024-01-15 14:30:00,141.0,141.39999389648438,140.60000610351562,141.10000610351562,1587216
2024-01-15 15:30:00,141.0,141.6999969482422,140.8000030517578,141.0,2483921
2024-01-15 16:30:00,140.8000030517578,141.39999389648438,140.60000610351562,141.0,1500409
2024-01-16 09:30:00,143.10000610351562,143.60000610351562,141.39999389648438,141.39999389648438,6345092
2024-01-16 10:30:00,142.39999389648438,143.10000610351562,141.8000030517578,143.0,3014186
2024-01-16 11:30:00,142.1999969482422,142.6999969482422,142.0,142.39999389648438,1239004
2024-01-16 12:30:00,142.10000610351562,142.1999969482422,141.60000610351562,142.10000610351562,989676
2024-01-16 13:30:00,142.10000610351562,142.60000610351562,141.89999389648438,142.1999969482422,1081649
2024-01-16 14:30:00,142.6999969482422,143.0,142.10000610351562,142.1999969482422,1780142
2024-01-16 15:30:00,143.39999389648438,143.6999969482422,142.1999969482422,142.60000610351562,3738734
2024-01-16 16:30:00,143.1999969482422,143.89999389648438,142.89999389648438,143.5,3056195
2024-01-17 09:30:00,143.39999389648438,143.5,142.3000030517578,142.5,2234572
2024-01-17 10:30:00,143.10000610351562,143.6999969482422,142.5,143.5,2831338
2024-01-17 11:30:00,142.0,143.10000610351562,141.8000030517578,143.10000610351562,2173405
2024-01-17 12:30:00,142.10000610351562,142.1999969482422,141.8000030517578,142.10000610351562,925407
2024-01-17 13:30:00,142.10000610351562,142.39999389648438,141.89999389648438,142.10000610351562,1112006
2024-01-17 14:30:00,141.5,142.3000030517578,141.10000610351562,142.0,2201703
2024-01-17 15:30:00,141.6999969482422,142.10000610351562,141.3000030517578,141.60000610351562,1290718
2024-01-17 16:30:00,141.8000030517578,141.89999389648438,141.10000610351562,141.6999969482422,1344607
2024-01-18 09:30:00,142.60000610351562,143.3000030517578,142.39999389648438,143.0,1677567
2024-01-18 10:30:00,142.1999969482422,142.8000030517578,141.89999389648438,142.60000610351562,1470305
2024-01-18 11:30:00,141.89999389648438,142.3000030517578,141.89999389648438,142.10000610351562,777658
2024-01-18 12:30:00,141.5,142.0,141.39999389648438,141.89999389648438,1066458
2024-01-18 13:30:00,141.5,141.60000610351562,141.1999969482422,141.5,1350737
2024-01-18 14:30:00,141.5,141.6999969482422,141.1999969482422,141.5,1007506
2024-01-18 15:30:00,141.10000610351562,141.6999969482422,140.6999969482422,141.5,1805046
2024-01-18 16:30:00,140.5,141.10000610351562,140.10000610351562,141.10000610351562,2135233
2024-01-19 09:30:00,139.10000610351562,140.1999969482422,138.8000030517578,140.10000610351562,2313886
2024-01-19 10:30:00,138.89999389648438,139.6999969482422,138.89999389648438,139.10000610351562,2303267
2024-01-19 11:30:00,139.3000030517578,139.3000030517578,138.6999969482422,138.89999389648438,1441250
2024-01-19 12:30:00,139.0,139.60000610351562,138.89999389648438,139.1999969482422,1184758
2024-01-19 13:30:00,139.6999969482422,139.6999969482422,138.89999389648438,139.0,1718577
2024-01-19 14:30:00,139.39999389648438,139.6999969482422,138.89999389648438,139.6999969482422,1444320
2024-01-19 15:30:00,139.60000610351562,139.8000030517578,139.10000610351562,139.5,1355114
2024-01-19 16:30:00,139.1999969482422,139.60000610351562,139.0,139.60000610351562,1597072
2024-01-22 09:30:00,141.3000030517578,141.39999389648438,139.39999389648438,140.0,3874974
2024-01-22 10:30:00,141.5,142.10000610351562,141.1999969482422,141.3000030517578,4465476
2024-01-22 11:30:00,141.3000030517578,141.5,140.89999389648438,141.39999389648438,1317037
2024-01-22 12:30:00,142.0,142.39999389648438,141.1999969482422,141.3000030517578,2685144
2024-01-22 13:30:00,141.8000030517578,142.3000030517578,141.6999969482422,142.10000610351562,1110746
2024-01-22 14:30:00,141.60000610351562,142.0,141.5,141.8000030517578,655284
2024-01-22 15:30:00,141.6999969482422,141.8000030517578,141.1999969482422,141.60000610351562,861386
2024-01-22 16:30:00,141.39999389648438,141.8000030517578,141.10000610351562,141.8000030517578,881587
2024-01-23 09:30:00,142.8000030517578,143.1999969482422,142.5,142.89999389648438,1937786
2024-01-23 10:30:00,143.1999969482422,143.39999389648438,142.6999969482422,142.8000030517578,2427476
2024-01-23 11:30:00,143.3000030517578,143.8000030517578,143.0,143.1999969482422,2166517
2024-01-23 12:30:00,143.0,143.5,142.89999389648438,143.3000030517578,653223
2024-01-23 13:30:00,142.10000610351562,143.10000610351562,141.6999969482422,143.10000610351562,2216168
2024-01-23 14:30:00,142.5,142.5,141.89999389648438,142.10000610351562,672592
2024-01-23 15:30:00,142.0,142.5,141.8000030517578,142.5,756283
2024-01-23 16:30:00,140.1999969482422,142.0,139.5,142.0,2253050
2024-01-24 09:30:00,140.8000030517578,141.39999389648438,140.3000030517578,140.39999389648438,1875831
2024-01-24 10:30:00,140.1999969482422,141.10000610351562,139.8000030517578,140.89999389648438,1551409
2024-01-24 11:30:00,140.39999389648438,140.60000610351562,140.0,140.1999969482422,856381
2024-01-24 12:30:00,141.39999389648438,141.5,140.3000030517578,140.39999389648438,1897841
2024-01-24 13:30:00,141.6999969482422,142.0,141.10000610351562,141.39999389648438,1382863
2024-01-24 14:30:00,141.6999969482422,142.1999969482422,141.39999389648438,141.60000610351562,1231399
2024-01-24 15:30:00,142.6999969482422,143.39999389648438,141.60000610351562,141.6999969482422,2912044
2024-01-24 16:30:00,142.6999969482422,143.0,142.39999389648438,142.6999969482422,1182647
2024-01-25 09:30:00,143.0,143.6999969482422,142.8000030517578,143.5,1766125
2024-01-25 10:30:00,143.1999969482422,143.5,142.6999969482422,143.0,1350135
2024-01-25 11:30:00,143.5,144.1999969482422,143.1999969482422,143.1999969482422,2889796
2024-01-25 12:30:00,143.60000610351562,143.8000030517578,143.3000030517578,143.60000610351562,679739
2024-01-25 13:30:00,142.8000030517578,144.10000610351562,142.6999969482422,143.60000610351562,2579114
2024-01-25 14:30:00,143.10000610351562,143.3000030517578,142.3000030517578,142.8000030517578,1458718
2024-01-25 15:30:00,143.1999969482422,143.60000610351562,142.60000610351562,143.10000610351562,1198630
2024-01-25 16:30:00,144.10000610351562,144.1999969482422,143.0,143.1999969482422,2281145
2024-01-26 09:30:00,144.89999389648438,145.60000610351562,144.6999969482422,145.1999969482422,2270362
2024-01-26 10:30:00,144.8000030517578,145.10000610351562,144.1999969482422,145.0,2165352
2024-01-26 11:30:00,145.39999389648438,145.39999389648438,144.60000610351562,144.8000030517578,1734796
2024-01-26 12:30:00,145.3000030517578,145.39999389648438,144.8000030517578,145.3000030517578,1302156
2024-01-26 13:30:00,145.39999389648438,145.39999389648438,144.6999969482422,145.3000030517578,1353675
2024-01-26 14:30:00,146.0,146.10000610351562,145.1999969482422,145.39999389648438,3219913
2024-01-26 15:30:00,146.89999389648438,146.89999389648438,145.8000030517578,146.0,3012527
2024-01-26 16:30:00,147.10000610351562,147.8000030517578,146.6999969482422,146.89999389648438,3793505
2024-01-29 09:30:00,150.0,150.5,148.3000030517578,148.39999389648438,4514487
2024-01-29 10:30:00,153.60000610351562,154.1999969482422,149.6999969482422,150.0,8837494
2024-01-29 11:30:00,153.39999389648438,154.3000030517578,152.8000030517578,153.60000610351562,4461810
2024-01-29 12:30:00,152.89999389648438,153.6999969482422,152.39999389648438,153.5,2970599
2024-01-29 13:30:00,152.39999389648438,153.0,151.89999389648438,152.89999389648438,1928785
2024-01-29 14:30:00,152.8000030517578,153.0,152.10000610351562,152.39999389648438,1361686
2024-01-29 15:30:00,153.0,153.1999969482422,152.10000610351562,152.89999389648438,2396771
2024-01-29 16:30:00,153.0,153.10000610351562,152.39999389648438,153.0,1516876
2024-01-30 09:30:00,151.89999389648438,153.10000610351562,151.1999969482422,152.6999969482422,3312600
2024-01-30 10:30:00,151.1999969482422,152.0,150.89999389648438,151.89999389648438,1840174
2024-01-30 11:30:00,152.89999389648438,153.0,151.0,151.1999969482422,2702220
2024-01-30 12:30:00,152.89999389648438,153.89999389648438,152.60000610351562,153.0,3381183
2024-01-30 13:30:00,152.5,152.89999389648438,152.10000610351562,152.89999389648438,962644
2024-01-30 14:30:00,152.5,153.0,152.39999389648438,152.5,953436
2024-01-30 15:30:00,151.5,152.89999389648438,151.39999389648438,152.5,1406579
2024-01-30 16:30:00,151.39999389648438,151.8000030517578,151.1999969482422,151.5,1329882
2024-01-31 09:30:00,152.8000030517578,153.60000610351562,150.5,150.6999969482422,5422353
2024-01-31 10:30:00,151.60000610351562,152.89999389648438,151.5,152.8000030517578,2621624
2024-01-31 11:30:00,151.0,151.60000610351562,150.8000030517578,151.5,1750573
2024-01-31 12:30:00,151.10000610351562,151.39999389648438,150.6999969482422,151.10000610351562,1509116
2024-01-31 13:30:00,150.89999389648438,151.39999389648438,150.6999969482422,151.10000610351562,724534
2024-01-31 14:30:00,150.60000610351562,151.1999969482422,150.5,150.89999389648438,1062838
2024-01-31 15:30:00,150.0,150.6999969482422,149.89999389648438,150.6999969482422,1864507
2024-01-31 16:30:00,151.60000610351562,152.1999969482422,149.6999969482422,150.0,4727405
2024-02-01 09:30:00,152.1999969482422,152.8000030517578,150.39999389648438,150.39999389648438,4500087
2024-02-01 10:30:00,154.0,154.10000610351562,151.89999389648438,152.1999969482422,5787138
2024-02-01 11:30:00,154.60000610351562,154.89999389648438,153.10000610351562,154.0,4915812
2024-02-01 12:30:00,154.60000610351562,154.6999969482422,154.1999969482422,154.5,1680146
2024-02-01 13:30:00,155.1999969482422,155.6999969482422,154.5,154.60000610351562,3821623
2024-02-01 14:30:00,155.39999389648438,155.60000610351562,154.60000610351562,155.10000610351562,2855388
2024-02-01 15:30:00,155.10000610351562,155.6999969482422,155.0,155.39999389648438,1874860
2024-02-01 16:30:00,155.1999969482422,155.39999389648438,154.60000610351562,155.1999969482422,2025187
2024-02-02 09:30:00,157.3000030517578,157.6999969482422,155.3000030517578,155.3000030517578,5122808
2024-02-02 10:30:00,156.6999969482422,157.39999389648438,156.5,157.3000030517578,3245120
2024-02-02 11:30:00,154.3000030517578,156.8000030517578,154.1999969482422,156.60000610351562,3814913
2024-02-02 12:30:00,154.89999389648438,155.1999969482422,154.1999969482422,154.3000030517578,1214975
2024-02-02 13:30:00,154.8000030517578,155.10000610351562,154.6999969482422,154.89999389648438,855898
2024-02-02 14:30:00,154.5,155.0,154.0,154.6999969482422,1407257
2024-02-02 15:30:00,154.3000030517578,154.6999969482422,153.6999969482422,154.60000610351562,1480822
2024-02-02 16:30:00,154.8000030517578,155.10000610351562,153.8000030517578,154.1999969482422,2481435
2024-02-05 09:30:00,157.10000610351562,157.5,156.39999389648438,157.0,3663526
2024-02-05 10:30:00,156.3000030517578,157.3000030517578,156.10000610351562,157.1999969482422,3314531
2024-02-05 11:30:00,156.1999969482422,156.6999969482422,155.89999389648438,156.1999969482422,1703711
2024-02-05 12:30:00,155.8000030517578,156.3000030517578,155.6999969482422,156.10000610351562,1749567
2024-02-05 13:30:00,154.8000030517578,155.89999389648438,154.8000030517578,155.8000030517578,2327569
2024-02-05 14:30:00,154.5,155.10000610351562,154.39999389648438,154.89999389648438,1422270
2024-02-05 15:30:00,155.10000610351562,155.1999969482422,154.3000030517578,154.5,1411618
2024-02-05 16:30:00,154.8000030517578,155.1999969482422,154.6999969482422,155.10000610351562,1130014
2024-02-06 09:30:00,155.3000030517578,156.60000610351562,155.0,155.6999969482422,4094424
2024-02-06 10:30:00,154.0,155.3000030517578,153.6999969482422,155.3000030517578,4520160
2024-02-06 11:30:00,153.8000030517578,154.10000610351562,153.5,153.89999389648438,1897277
2024-02-06 12:30:00,153.8000030517578,154.0,153.39999389648438,153.8000030517578,1352310
2024-02-06 13:30:00,154.0,154.10000610351562,153.6999969482422,153.8000030517578,2047383
2024-02-06 14:30:00,153.8000030517578,154.10000610351562,153.60000610351562,153.89999389648438,2225530
2024-02-06 15:30:00,154.10000610351562,154.5,153.5,153.8000030517578,1959034
2024-02-06 16:30:00,154.5,155.0,153.89999389648438,154.1999969482422,3988755
2024-02-07 09:30:00,155.8000030517578,156.39999389648438,154.1999969482422,154.6999969482422,6798308
2024-02-07 10:30:00,156.0,156.1999969482422,155.39999389648438,155.8000030517578,3334642
2024-02-07 11:30:00,157.10000610351562,157.3000030517578,155.89999389648438,156.0,7189911
2024-02-07 12:30:00,157.39999389648438,157.5,156.3000030517578,157.10000610351562,3558776
2024-02-07 13:30:00,156.10000610351562,157.5,155.89999389648438,157.39999389648438,3429374
2024-02-07 14:30:00,155.8000030517578,156.39999389648438,155.60000610351562,156.10000610351562,1841374
2024-02-07 15:30:00,155.1999969482422,156.0,154.89999389648438,155.8000030517578,3231504
2024-02-07 16:30:00,155.0,155.5,154.5,155.10000610351562,3301750
2024-02-08 09:30:00,156.8000030517578,157.3000030517578,154.60000610351562,154.6999969482422,6314551
2024-02-08 10:30:00,156.6999969482422,157.39999389648438,156.1999969482422,156.89999389648438,5949242
2024-02-08 11:30:00,156.8000030517578,157.10000610351562,156.5,156.6999969482422,2024957
2024-02-08 12:30:00,156.10000610351562,156.8000030517578,156.10000610351562,156.6999969482422,1317796
2024-02-08 13:30:00,156.60000610351562,156.6999969482422,155.8000030517578,156.1999969482422,1651199
2024-02-08 14:30:00,157.1999969482422,157.60000610351562,156.5,156.60000610351562,3703466
2024-02-08 15:30:00,158.5,158.89999389648438,157.10000610351562,157.1999969482422,8294566
2024-02-08 16:30:00,158.0,159.39999389648438,157.8000030517578,158.5,5900355
2024-02-09 09:30:00,157.3000030517578,158.8000030517578,157.10000610351562,158.60000610351562,4306064
2024-02-09 10:30:00,156.89999389648438,157.3000030517578,156.1999969482422,157.3000030517578,3686966
2024-02-09 11:30:00,156.8000030517578,157.10000610351562,156.60000610351562,156.8000030517578,1421245
2024-02-09 12:30:00,157.0,157.10000610351562,156.6999969482422,156.89999389648438,941255
2024-02-09 13:30:00,156.8000030517578,157.0,156.6999969482422,156.89999389648438,1465457
2024-02-09 14:30:00,156.3000030517578,157.0,156.1999969482422,156.8000030517578,2211288
2024-02-09 15:30:00,156.5,156.89999389648438,156.1999969482422,156.3000030517578,2409692
2024-02-09 16:30:00,157.1999969482422,157.3000030517578,156.39999389648438,156.5,3953680
2024-02-12 09:30:00,159.89999389648438,160.1999969482422,158.8000030517578,159.0,8602966
2024-02-12 10:30:00,159.1999969482422,160.60000610351562,159.10000610351562,159.89999389648438,6566698
2024-02-12 11:30:00,158.89999389648438,159.5,158.5,159.1999969482422,3006088
2024-02-12 12:30:00,158.6999969482422,159.10000610351562,158.3000030517578,158.89999389648438,1950248
2024-02-12 13:30:00,162.60000610351562,162.89999389648438,158.60000610351562,158.60000610351562,13162808
2024-02-12 14:30:00,162.60000610351562,164.60000610351562,162.0,162.6999969482422,9551580
2024-02-12 15:30:00,161.3000030517578,162.6999969482422,160.89999389648438,162.6999969482422,4076590
2024-02-12 16:30:00,161.1999969482422,161.5,160.39999389648438,161.3000030517578,3375651
2024-02-13 09:30:00,164.3000030517578,164.6999969482422,162.39999389648438,163.0,6904309
2024-02-13 10:30:00,165.0,165.8000030517578,163.89999389648438,164.3000030517578,7248644
2024-02-13 11:30:00,164.1999969482422,165.39999389648438,163.5,165.10000610351562,3865674
2024-02-13 12:30:00,163.5,164.3000030517578,163.39999389648438,164.3000030517578,1964185
2024-02-13 13:30:00,162.8000030517578,163.89999389648438,162.1999969482422,163.60000610351562,3843704
2024-02-13 14:30:00,162.89999389648438,163.6999969482422,162.6999969482422,162.8000030517578,3071282
2024-02-13 15:30:00,163.39999389648438,163.60000610351562,162.6999969482422,162.8000030517578,1800863
2024-02-13 16:30:00,161.6999969482422,163.39999389648438,161.10000610351562,163.3000030517578,3604326
2024-02-14 09:30:00,162.89999389648438,163.39999389648438,160.8000030517578,160.89999389648438,6726607
2024-02-14 10:30:00,163.6999969482422,164.39999389648438,162.39999389648438,163.0,7108020
2024-02-14 11:30:00,164.10000610351562,164.3000030517578,163.5,163.8000030517578,2689544
2024-02-14 12:30:00,164.5,164.6999969482422,163.8000030517578,164.1999969482422,2679723
2024-02-14 13:30:00,163.60000610351562,164.60000610351562,163.5,164.60000610351562,3261633
2024-02-14 14:30:00,163.8000030517578,164.3000030517578,163.0,163.5,3718784
2024-02-14 15:30:00,163.8000030517578,164.6999969482422,163.60000610351562,163.8000030517578,3239853
2024-02-14 16:30:00,163.10000610351562,164.1999969482422,163.0,163.8000030517578,4093062
2024-02-15 09:30:00,166.60000610351562,167.60000610351562,164.8000030517578,165.0,6404647
2024-02-15 10:30:00,165.60000610351562,167.3000030517578,165.60000610351562,166.60000610351562,3593707
2024-02-15 11:30:00,165.5,165.6999969482422,165.0,165.60000610351562,2704879
2024-02-15 12:30:00,165.1999969482422,165.60000610351562,164.8000030517578,165.5,1884973
2024-02-15 13:30:00,164.89999389648438,165.3000030517578,164.5,165.1999969482422,1738239
2024-02-15 14:30:00,165.60000610351562,166.10000610351562,164.8000030517578,164.89999389648438,2837916
2024-02-15 15:30:00,166.5,166.60000610351562,165.5,165.60000610351562,3309433
2024-02-15 16:30:00,166.8000030517578,167.3000030517578,166.0,166.5,4207792
2024-02-16 09:30:00,168.3000030517578,168.5,166.6999969482422,167.60000610351562,4135249
2024-02-16 10:30:00,166.60000610351562,168.6999969482422,166.3000030517578,168.3000030517578,4938197
2024-02-16 11:30:00,166.8000030517578,167.1999969482422,166.3000030517578,166.60000610351562,1807540
2024-02-16 12:30:00,165.89999389648438,167.10000610351562,165.6999969482422,166.89999389648438,2079602
2024-02-16 13:30:00,166.8000030517578,167.1999969482422,165.6999969482422,165.8000030517578,1942839
2024-02-16 14:30:00,166.39999389648438,166.8000030517578,165.6999969482422,166.8000030517578,1540835
2024-02-16 15:30:00,166.3000030517578,166.5,165.8000030517578,166.39999389648438,1313059
2024-02-16 16:30:00,167.10000610351562,167.8000030517578,166.1999969482422,166.3000030517578,3828738
2024-02-19 09:30:00,171.1999969482422,171.39999389648438,169.60000610351562,169.6999969482422,9077510
2024-02-19 10:30:00,175.39999389648438,176.5,171.0,171.0,15267814
2024-02-19 11:30:00,175.89999389648438,176.3000030517578,175.0,175.5,4582117
2024-02-19 12:30:00,176.0,176.1999969482422,175.0,175.89999389648438,3794123
2024-02-19 13:30:00,175.1999969482422,176.3000030517578,175.0,175.89999389648438,2675845
2024-02-19 14:30:00,175.3000030517578,175.5,174.39999389648438,175.1999969482422,2061058
2024-02-19 15:30:00,174.39999389648438,175.39999389648438,174.3000030517578,175.3000030517578,1702985
2024-02-19 16:30:00,173.8000030517578,175.3000030517578,173.10000610351562,174.3000030517578,3833269
2024-02-20 09:30:00,174.1999969482422,175.60000610351562,172.10000610351562,173.39999389648438,6013263
2024-02-20 10:30:00,175.0,175.1999969482422,173.39999389648438,174.1999969482422,3713234
2024-02-20 11:30:00,174.39999389648438,175.5,174.3000030517578,175.0,1848268
2024-02-20 12:30:00,174.8000030517578,175.1999969482422,174.3000030517578,174.5,1409927
2024-02-20 13:30:00,174.10000610351562,174.89999389648438,173.5,174.8000030517578,2528865
2024-02-20 14:30:00,173.10000610351562,174.1999969482422,172.8000030517578,174.1999969482422,2424716
2024-02-20 15:30:00,172.5,173.1999969482422,171.8000030517578,173.10000610351562,3643054
2024-02-20 16:30:00,170.1999969482422,172.60000610351562,169.8000030517578,172.5,5030503
2024-02-21 09:30:00,169.1999969482422,171.6999969482422,169.1999969482422,171.60000610351562,4739731
2024-02-21 10:30:00,168.60000610351562,169.3000030517578,167.8000030517578,169.3000030517578,4427527
2024-02-21 11:30:00,168.1999969482422,169.10000610351562,167.89999389648438,168.60000610351562,1756186
2024-02-21 12:30:00,168.0,168.39999389648438,167.39999389648438,168.10000610351562,2798038
2024-02-21 13:30:00,167.8000030517578,168.6999969482422,167.60000610351562,168.0,2603459
2024-02-21 14:30:00,168.10000610351562,168.1999969482422,167.1999969482422,167.6999969482422,1707030
2024-02-21 15:30:00,167.89999389648438,168.10000610351562,167.39999389648438,168.10000610351562,1619116
2024-02-21 16:30:00,163.89999389648438,168.0,163.8000030517578,167.89999389648438,5599611
2024-02-22 09:30:00,165.3000030517578,167.0,164.89999389648438,166.10000610351562,4308280
2024-02-22 10:30:00,165.10000610351562,165.8000030517578,164.5,165.1999969482422,3350993
2024-02-22 11:30:00,164.89999389648438,165.3000030517578,164.6999969482422,165.0,1715526
2024-02-22 12:30:00,165.60000610351562,165.8000030517578,164.8000030517578,164.89999389648438,2120426
2024-02-22 13:30:00,165.5,166.1999969482422,165.39999389648438,165.6999969482422,2208411
2024-02-22 14:30:00,163.89999389648438,165.5,163.39999389648438,165.5,3416498
2024-02-22 15:30:00,164.8000030517578,165.10000610351562,163.8000030517578,163.89999389648438,2157251
2024-02-22 16:30:00,164.89999389648438,165.3000030517578,164.1999969482422,164.89999389648438,2127382
2024-02-23 09:30:00,165.89999389648438,166.6999969482422,164.0,164.39999389648438,5003359
2024-02-23 10:30:00,165.60000610351562,166.5,165.5,166.0,2365678
2024-02-23 11:30:00,165.3000030517578,165.8000030517578,165.0,165.60000610351562,1431085
2024-02-23 12:30:00,165.39999389648438,165.5,165.0,165.3000030517578,814111
2024-02-23 13:30:00,165.89999389648438,166.10000610351562,165.3000030517578,165.3000030517578,1137558
2024-02-23 14:30:00,165.3000030517578,166.10000610351562,164.8000030517578,165.8000030517578,1219531
2024-02-23 15:30:00,165.0,165.3000030517578,163.39999389648438,165.3000030517578,3311441
2024-02-23 16:30:00,164.60000610351562,165.10000610351562,164.0,165.0,1686182
2024-02-26 09:30:00,165.0,165.1999969482422,164.1999969482422,164.5,3851139
2024-02-26 10:30:00,162.3000030517578,165.0,162.1999969482422,165.0,4162792
2024-02-26 11:30:00,162.60000610351562,163.3000030517578,162.3000030517578,162.3000030517578,1651379
2024-02-26 12:30:00,162.10000610351562,162.6999969482422,162.10000610351562,162.60000610351562,1809070
2024-02-26 13:30:00,162.6999969482422,163.10000610351562,162.10000610351562,162.1999969482422,1521534
2024-02-26 14:30:00,162.8000030517578,162.8000030517578,162.39999389648438,162.60000610351562,774864
2024-02-26 15:30:00,162.6999969482422,163.0,162.5,162.6999969482422,975129
2024-02-26 16:30:00,161.89999389648438,163.60000610351562,161.6999969482422,162.8000030517578,2894895
2024-02-27 09:30:00,161.89999389648438,163.10000610351562,160.5,160.6999969482422,6192856
2024-02-27 10:30:00,161.0,162.10000610351562,160.1999969482422,162.0,4272105
2024-02-27 11:30:00,161.89999389648438,162.1999969482422,160.10000610351562,160.89999389648438,2994651
2024-02-27 12:30:00,161.60000610351562,162.10000610351562,161.1999969482422,161.89999389648438,1157397
2024-02-27 13:30:00,162.89999389648438,162.89999389648438,161.0,161.5,2025985
2024-02-27 14:30:00,162.10000610351562,163.0,161.60000610351562,162.8000030517578,1840393
2024-02-27 15:30:00,162.0,162.39999389648438,161.8000030517578,162.0,1771388
2024-02-27 16:30:00,160.60000610351562,162.0,160.39999389648438,162.0,2470483
2024-02-28 09:30:00,160.10000610351562,161.0,158.8000030517578,160.3000030517578,3043284
2024-02-28 10:30:00,161.1999969482422,161.6999969482422,159.89999389648438,160.10000610351562,2588880
2024-02-28 11:30:00,161.60000610351562,162.0,161.1999969482422,161.1999969482422,1550926
2024-02-28 12:30:00,162.3000030517578,162.6999969482422,161.39999389648438,161.60000610351562,2274608
2024-02-28 13:30:00,163.39999389648438,163.5,162.1999969482422,162.3000030517578,6134454
2024-02-28 14:30:00,162.5,164.39999389648438,161.89999389648438,163.39999389648438,4428488
2024-02-28 15:30:00,161.60000610351562,162.60000610351562,161.5,162.5,1993511
2024-02-28 16:30:00,161.39999389648438,162.39999389648438,160.89999389648438,161.6999969482422,2347581
2024-02-29 09:30:00,163.0,163.10000610351562,161.6999969482422,162.1999969482422,2311657
2024-02-29 10:30:00,162.6999969482422,164.39999389648438,162.3000030517578,163.0,3731499
2024-02-29 11:30:00,162.3000030517578,162.8000030517578,162.1999969482422,162.6999969482422,962167
2024-02-29 12:30:00,161.89999389648438,162.3000030517578,161.5,162.1999969482422,1060982
2024-02-29 13:30:00,161.8000030517578,162.10000610351562,161.60000610351562,161.89999389648438,555672
2024-02-29 14:30:00,162.60000610351562,163.6999969482422,161.6999969482422,161.8000030517578,2376647
2024-02-29 15:30:00,162.10000610351562,162.6999969482422,161.8000030517578,162.60000610351562,1118722
2024-02-29 16:30:00,160.39999389648438,162.1999969482422,159.6999969482422,162.10000610351562,3180976
2024-03-01 09:30:00,162.89999389648438,163.10000610351562,161.5,162.1999969482422,2968443
2024-03-01 10:30:00,162.3000030517578,163.5,162.0,162.89999389648438,3354272
2024-03-01 11:30:00,162.3000030517578,162.5,161.89999389648438,162.1999969482422,920645
2024-03-01 12:30:00,162.0,162.3000030517578,161.6999969482422,162.3000030517578,728993
2024-03-01 13:30:00,162.10000610351562,162.10000610351562,161.39999389648438,162.0,1228286
2024-03-01 14:30:00,165.0,165.3000030517578,161.89999389648438,162.10000610351562,6074464
2024-03-01 15:30:00,164.8000030517578,165.5,164.5,165.10000610351562,3613673
2024-03-01 16:30:00,164.39999389648438,165.10000610351562,163.5,164.89999389648438,2529850
2024-03-04 09:30:00,165.39999389648438,168.0,164.89999389648438,166.6999969482422,5429536
2024-03-04 10:30:00,163.10000610351562,165.39999389648438,163.0,165.39999389648438,3350055
2024-03-04 11:30:00,163.8000030517578,164.10000610351562,163.0,163.10000610351562,1616536
2024-03-04 12:30:00,163.89999389648438,164.10000610351562,163.1999969482422,163.8000030517578,1200361
2024-03-04 13:30:00,163.89999389648438,164.3000030517578,163.5,163.89999389648438,928911
2024-03-04 14:30:00,164.6999969482422,165.39999389648438,163.60000610351562,163.89999389648438,1981925
2024-03-04 15:30:00,163.39999389648438,165.5,163.3000030517578,164.8000030517578,2410268
2024-03-04 16:30:00,163.0,163.89999389648438,162.39999389648438,163.39999389648438,2329524
2024-03-05 09:30:00,164.1999969482422,164.39999389648438,160.3000030517578,161.39999389648438,6537905
2024-03-05 10:30:00,164.89999389648438,166.6999969482422,163.8000030517578,164.1999969482422,8015652
2024-03-05 11:30:00,166.10000610351562,166.89999389648438,164.8000030517578,164.89999389648438,5379952
2024-03-05 12:30:00,166.10000610351562,166.60000610351562,165.89999389648438,166.0,1859302
2024-03-05 13:30:00,166.10000610351562,166.5,165.89999389648438,166.1999969482422,2108322
2024-03-05 14:30:00,165.10000610351562,166.0,164.3000030517578,166.0,4029782
2024-03-05 15:30:00,163.8000030517578,165.1999969482422,163.8000030517578,165.0,2018221
2024-03-05 16:30:00,167.3000030517578,167.39999389648438,163.39999389648438,163.8000030517578,4993455
2024-03-06 09:30:00,167.39999389648438,167.6999969482422,163.60000610351562,165.3000030517578,6167437
2024-03-06 10:30:00,167.5,168.8000030517578,166.89999389648438,167.5,7843477
2024-03-06 11:30:00,167.1999969482422,167.89999389648438,166.8000030517578,167.5,2661707
2024-03-06 12:30:00,169.10000610351562,170.39999389648438,167.10000610351562,167.10000610351562,7330883
2024-03-06 13:30:00,169.1999969482422,169.60000610351562,168.60000610351562,169.1999969482422,2138258
2024-03-06 14:30:00,169.89999389648438,170.0,168.60000610351562,169.3000030517578,2666002
2024-03-06 15:30:00,169.6999969482422,170.5,169.3000030517578,169.89999389648438,4994182
2024-03-06 16:30:00,168.8000030517578,169.8000030517578,168.1999969482422,169.8000030517578,3556166
2024-03-07 09:30:00,170.1999969482422,170.8000030517578,169.10000610351562,169.10000610351562,3611390
2024-03-07 10:30:00,169.60000610351562,170.8000030517578,169.0,170.1999969482422,3218270
2024-03-07 11:30:00,169.5,170.1999969482422,169.39999389648438,169.60000610351562,1884857
2024-03-07 12:30:00,169.39999389648438,169.60000610351562,168.8000030517578,169.5,1518736
2024-03-07 13:30:00,170.39999389648438,170.5,169.10000610351562,169.39999389648438,2048806
2024-03-07 14:30:00,170.3000030517578,171.0,169.6999969482422,170.5,2344843
2024-03-07 15:30:00,170.0,170.60000610351562,169.3000030517578,170.3000030517578,2141998
2024-03-07 16:30:00,169.6999969482422,170.60000610351562,169.60000610351562,170.0,2368947
2024-03-08 09:30:00,172.0,173.60000610351562,171.5,171.5,3523787
2024-03-08 10:30:00,171.8000030517578,172.5,171.5,171.89999389648438,2066592
2024-03-08 11:30:00,170.39999389648438,171.89999389648438,169.8000030517578,171.6999969482422,2215844
2024-03-08 12:30:00,170.60000610351562,170.8000030517578,170.10000610351562,170.3000030517578,997463
2024-03-08 13:30:00,170.8000030517578,171.6999969482422,170.39999389648438,170.60000610351562,1781875
2024-03-08 14:30:00,170.39999389648438,171.10000610351562,170.3000030517578,170.8000030517578,1475031
2024-03-08 15:30:00,170.3000030517578,170.6999969482422,169.8000030517578,170.39999389648438,1520150
2024-03-08 16:30:00,170.39999389648438,171.0,170.10000610351562,170.3000030517578,1958790
2024-03-11 09:30:00,172.39999389648438,174.6999969482422,171.89999389648438,173.39999389648438,3798028
2024-03-11 10:30:00,171.6999969482422,172.8000030517578,171.60000610351562,172.39999389648438,2702564
2024-03-11 11:30:00,171.8000030517578,172.0,170.5,171.6999969482422,2913911
2024-03-11 12:30:00,170.8000030517578,172.1999969482422,170.6999969482422,171.8000030517578,1661497
2024-03-11 13:30:00,170.5,171.0,170.39999389648438,170.8000030517578,1144866
2024-03-11 14:30:00,170.5,170.8000030517578,169.10000610351562,170.5,2216861
2024-03-11 15:30:00,170.1999969482422,171.10000610351562,169.89999389648438,170.5,1544743
2024-03-11 16:30:00,169.39999389648438,170.5,169.3000030517578,170.1999969482422,1755740
2024-03-12 09:30:00,168.8000030517578,169.39999389648438,166.89999389648438,167.5,4455702
2024-03-12 10:30:00,166.8000030517578,169.0,166.8000030517578,168.8000030517578,3292665
2024-03-12 11:30:00,167.60000610351562,167.6999969482422,166.3000030517578,166.8000030517578,1567726
2024-03-12 12:30:00,167.39999389648438,167.8000030517578,166.89999389648438,167.6999969482422,766304
2024-03-12 13:30:00,167.3000030517578,167.6999969482422,166.89999389648438,167.39999389648438,862499
2024-03-12 14:30:00,167.5,168.3000030517578,166.89999389648438,167.1999969482422,2677720
2024-03-12 15:30:00,166.10000610351562,167.8000030517578,164.89999389648438,167.60000610351562,3984666
2024-03-12 16:30:00,164.60000610351562,166.1999969482422,164.0,166.0,2787060
2024-03-13 09:30:00,165.10000610351562,166.1999969482422,164.6999969482422,165.89999389648438,2356517
2024-03-13 10:30:00,165.39999389648438,165.6999969482422,164.39999389648438,165.0,3213931
2024-03-13 11:30:00,166.0,166.0,165.0,165.39999389648438,1556661
2024-03-13 12:30:00,166.0,166.60000610351562,165.3000030517578,166.0,1915255
2024-03-13 13:30:00,165.10000610351562,166.10000610351562,165.0,165.89999389648438,1053993
2024-03-13 14:30:00,165.6999969482422,166.8000030517578,165.0,165.0,2469472
2024-03-13 15:30:00,165.0,165.8000030517578,164.60000610351562,165.6999969482422,1707712
2024-03-13 16:30:00,164.8000030517578,165.10000610351562,163.8000030517578,165.0,2489072
2024-03-14 09:30:00,165.10000610351562,165.39999389648438,163.39999389648438,163.60000610351562,3390896
2024-03-14 10:30:00,165.0,165.5,163.89999389648438,165.0,2385875
2024-03-14 11:30:00,164.8000030517578,165.39999389648438,164.1999969482422,165.0,2084095
2024-03-14 12:30:00,165.3000030517578,165.89999389648438,164.60000610351562,164.8000030517578,1858987
2024-03-14 13:30:00,165.1999969482422,165.5,164.6999969482422,165.1999969482422,1167954
2024-03-14 14:30:00,165.60000610351562,166.1999969482422,164.8000030517578,165.3000030517578,1993756
2024-03-14 15:30:00,164.8000030517578,165.8000030517578,164.6999969482422,165.60000610351562,1224896
2024-03-14 16:30:00,164.39999389648438,165.5,164.10000610351562,164.8000030517578,1917508
2024-03-15 09:30:00,165.5,166.8000030517578,165.10000610351562,165.8000030517578,2369540
2024-03-15 10:30:00,163.89999389648438,165.5,163.8000030517578,165.5,2058190
2024-03-15 11:30:00,163.8000030517578,164.3000030517578,163.39999389648438,163.89999389648438,1534830
2024-03-15 12:30:00,163.60000610351562,164.0,163.5,163.8000030517578,1051148
2024-03-15 13:30:00,163.10000610351562,163.60000610351562,162.6999969482422,163.60000610351562,1518759
2024-03-15 14:30:00,162.0,163.10000610351562,161.89999389648438,163.0,1368308
2024-03-15 15:30:00,162.0,162.3000030517578,161.60000610351562,162.0,1565222
2024-03-15 16:30:00,161.89999389648438,163.0,161.60000610351562,161.89999389648438,1842509
2024-03-18 09:30:00,164.0,164.5,163.0,163.10000610351562,4488857
2024-03-18 10:30:00,165.1999969482422,165.1999969482422,163.8000030517578,164.0,4462597
2024-03-18 11:30:00,167.1999969482422,168.5,165.10000610351562,165.1999969482422,6329184
2024-03-18 12:30:00,167.3000030517578,168.10000610351562,166.8000030517578,167.1999969482422,2728353
2024-03-18 13:30:00,167.3000030517578,167.89999389648438,167.0,167.39999389648438,1247175
2024-03-18 14:30:00,168.8000030517578,168.8000030517578,167.10000610351562,167.39999389648438,2362460
2024-03-18 15:30:00,167.0,168.8000030517578,167.0,168.6999969482422,1582236
2024-03-18 16:30:00,166.5,167.1999969482422,166.0,167.0,1561290
2024-03-19 09:30:00,167.60000610351562,168.10000610351562,164.8000030517578,164.89999389648438,3715596
2024-03-19 10:30:00,166.10000610351562,167.6999969482422,165.10000610351562,167.60000610351562,3948754
2024-03-19 11:30:00,167.1999969482422,167.1999969482422,166.0,166.10000610351562,1042004
2024-03-19 12:30:00,169.39999389648438,170.1999969482422,166.6999969482422,167.1999969482422,4789950
2024-03-19 13:30:00,169.8000030517578,170.1999969482422,169.39999389648438,169.5,2211748
2024-03-19 14:30:00,170.89999389648438,171.0,169.6999969482422,169.6999969482422,2886139
2024-03-19 15:30:00,172.3000030517578,172.39999389648438,170.5,170.89999389648438,3344681
2024-03-19 16:30:00,172.0,172.5,171.10000610351562,172.1999969482422,3524784
2024-03-20 09:30:00,171.1999969482422,173.39999389648438,170.5,173.39999389648438,2606534
2024-03-20 10:30:00,173.1999969482422,173.8000030517578,170.6999969482422,171.1999969482422,3595948
2024-03-20 11:30:00,172.8000030517578,176.3000030517578,172.3000030517578,173.1999969482422,5459001
2024-03-20 12:30:00,173.0,173.60000610351562,172.60000610351562,172.6999969482422,1701495
2024-03-20 13:30:00,172.6999969482422,173.60000610351562,172.5,172.89999389648438,1444059
2024-03-20 14:30:00,172.0,172.8000030517578,171.6999969482422,172.60000610351562,1283205
2024-03-20 15:30:00,172.10000610351562,172.1999969482422,170.6999969482422,172.0,1983483
2024-03-20 16:30:00,172.3000030517578,173.5,171.89999389648438,172.10000610351562,2508891
2024-03-21 09:30:00,174.10000610351562,174.6999969482422,173.1999969482422,174.0,3000001
2024-03-21 10:30:00,175.0,175.5,173.5,174.10000610351562,3752658
2024-03-21 11:30:00,174.6999969482422,175.3000030517578,174.60000610351562,175.0,1418753
2024-03-21 12:30:00,174.60000610351562,175.10000610351562,174.39999389648438,174.6999969482422,799182
2024-03-21 13:30:00,174.3000030517578,175.0,172.89999389648438,174.60000610351562,3890622
2024-03-21 14:30:00,174.0,176.1999969482422,173.89999389648438,174.3000030517578,3728492
2024-03-21 15:30:00,174.5,174.6999969482422,173.6999969482422,174.0,1432375
2024-03-21 16:30:00,174.89999389648438,175.3000030517578,174.3000030517578,174.60000610351562,1850631
2024-03-22 09:30:00,173.39999389648438,174.3000030517578,172.3000030517578,173.89999389648438,2401744
2024-03-22 10:30:00,172.3000030517578,173.6999969482422,172.0,173.39999389648438,1928375
2024-03-22 11:30:00,172.0,172.8000030517578,171.89999389648438,172.3000030517578,1474366
2024-03-22 12:30:00,171.8000030517578,172.10000610351562,171.3000030517578,172.0,1534827
2024-03-22 13:30:00,171.60000610351562,172.10000610351562,171.5,171.8000030517578,916977
2024-03-22 14:30:00,170.6999969482422,171.89999389648438,169.6999969482422,171.60000610351562,3853391
2024-03-22 15:30:00,170.10000610351562,170.8000030517578,169.8000030517578,170.6999969482422,1190809
2024-03-22 16:30:00,170.1999969482422,170.6999969482422,169.89999389648438,170.10000610351562,1665523
2024-03-25 09:30:00,171.39999389648438,172.10000610351562,170.89999389648438,171.89999389648438,1968259
2024-03-25 10:30:00,171.1999969482422,171.60000610351562,171.0,171.39999389648438,2503175
2024-03-25 11:30:00,173.3000030517578,174.10000610351562,171.1999969482422,171.1999969482422,5385205
2024-03-25 12:30:00,173.39999389648438,174.0,173.10000610351562,173.39999389648438,1542835
2024-03-25 13:30:00,174.6999969482422,175.5,173.3000030517578,173.39999389648438,4620662
2024-03-25 14:30:00,173.60000610351562,174.6999969482422,173.39999389648438,174.6999969482422,1403806
2024-03-25 15:30:00,172.39999389648438,173.8000030517578,172.1999969482422,173.60000610351562,1846477
2024-03-25 16:30:00,172.0,173.0,171.0,172.39999389648438,2289220
2024-03-26 09:30:00,169.6999969482422,172.0,169.1999969482422,170.3000030517578,3125566
2024-03-26 10:30:00,170.39999389648438,171.60000610351562,169.3000030517578,169.60000610351562,3682310
2024-03-26 11:30:00,169.1999969482422,170.60000610351562,168.1999969482422,170.39999389648438,1803391
2024-03-26 12:30:00,168.8000030517578,169.60000610351562,168.0,169.10000610351562,1685324
2024-03-26 13:30:00,170.60000610351562,170.60000610351562,168.1999969482422,168.8000030517578,1628699
2024-03-26 14:30:00,169.3000030517578,170.6999969482422,168.60000610351562,170.60000610351562,1408840
2024-03-26 15:30:00,169.39999389648438,169.8000030517578,168.39999389648438,169.3000030517578,1274598
2024-03-26 16:30:00,168.8000030517578,169.60000610351562,168.5,169.5,2137714
2024-03-27 09:30:00,169.89999389648438,171.60000610351562,169.60000610351562,169.60000610351562,2900735
2024-03-27 10:30:00,168.0,170.0,167.6999969482422,170.0,2644821
2024-03-27 11:30:00,168.10000610351562,168.1999969482422,167.1999969482422,168.0,1620209
2024-03-27 12:30:00,169.3000030517578,170.0,167.89999389648438,168.10000610351562,2038087
2024-03-27 13:30:00,171.5,171.6999969482422,169.10000610351562,169.3000030517578,2321608
2024-03-27 14:30:00,170.3000030517578,171.5,170.0,171.39999389648438,1372966
2024-03-27 15:30:00,169.10000610351562,171.1999969482422,169.0,170.3000030517578,1550758
2024-03-27 16:30:00,169.10000610351562,169.5,168.39999389648438,169.0,1215950
2024-03-28 09:30:00,171.39999389648438,171.8000030517578,169.39999389648438,170.39999389648438,2615558
2024-03-28 10:30:00,172.89999389648438,173.5,171.1999969482422,171.3000030517578,3702832
2024-03-28 11:30:00,172.1999969482422,172.89999389648438,171.8000030517578,172.8000030517578,1620825
2024-03-28 12:30:00,173.6999969482422,174.1999969482422,171.8000030517578,172.1999969482422,2826711
2024-03-28 13:30:00,173.8000030517578,174.0,173.3000030517578,173.6999969482422,1427266
2024-03-28 14:30:00,173.5,174.0,173.39999389648438,173.6999969482422,1925138
2024-03-28 15:30:00,174.39999389648438,174.6999969482422,173.39999389648438,173.39999389648438,3029972
2024-03-28 16:30:00,174.6999969482422,175.1999969482422,174.10000610351562,174.39999389648438,2845443
2024-03-29 09:30:00,176.89999389648438,179.8000030517578,176.10000610351562,176.89999389648438,4334568
2024-03-29 10:30:00,175.8000030517578,176.89999389648438,175.1999969482422,176.89999389648438,2563434
2024-03-29 11:30:00,174.60000610351562,176.10000610351562,174.1999969482422,175.8000030517578,1663519
2024-03-29 12:30:00,175.5,175.6999969482422,174.39999389648438,174.6999969482422,988749
2024-03-29 13:30:00,175.89999389648438,176.0,175.10000610351562,175.39999389648438,769310
2024-03-29 14:30:00,175.8000030517578,176.10000610351562,175.3000030517578,175.89999389648438,1234110
2024-03-29 15:30:00,175.1999969482422,175.8000030517578,174.89999389648438,175.8000030517578,1190999
2024-03-29 16:30:00,176.39999389648438,176.60000610351562,175.0,175.10000610351562,1678797
2024-04-01 09:30:00,179.89999389648438,181.3000030517578,177.8000030517578,180.3000030517578,0
2024-04-01 10:30:00,175.39999389648438,180.1999969482422,175.10000610351562,179.8000030517578,4267205
2024-04-01 11:30:00,175.3000030517578,176.3000030517578,174.39999389648438,175.39999389648438,1644496
2024-04-01 12:30:00,175.3000030517578,175.5,173.8000030517578,175.3000030517578,1693246
2024-04-01 13:30:00,176.5,177.39999389648438,175.0,175.39999389648438,2323138
2024-04-01 14:30:00,177.5,178.39999389648438,175.5,176.5,1891287
2024-04-01 15:30:00,179.8000030517578,179.8000030517578,177.3000030517578,177.5,3727699
2024-04-01 16:30:00,178.8000030517578,180.0,178.10000610351562,179.8000030517578,2903517
2024-04-01 17:30:00,178.6999969482422,178.89999389648438,178.10000610351562,178.8000030517578,1329999
2024-04-02 09:30:00,180.8000030517578,181.1999969482422,178.89999389648438,178.89999389648438,0
2024-04-02 10:30:00,179.39999389648438,181.10000610351562,178.3000030517578,180.8000030517578,3392964
2024-04-02 11:30:00,178.5,179.39999389648438,177.39999389648438,179.39999389648438,2024784
2024-04-02 12:30:00,177.10000610351562,178.60000610351562,176.6999969482422,178.5,1433360
2024-04-02 13:30:00,177.1999969482422,178.0,176.5,177.10000610351562,2180204
2024-04-02 14:30:00,176.39999389648438,177.5,175.8000030517578,177.10000610351562,3275937
2024-04-02 15:30:00,175.8000030517578,176.5,175.3000030517578,176.39999389648438,1757022
2024-04-02 16:30:00,174.39999389648438,176.5,173.8000030517578,175.8000030517578,2351552
2024-04-02 17:30:00,175.60000610351562,175.60000610351562,173.89999389648438,174.39999389648438,1908872
2024-04-03 09:30:00,166.39999389648438,168.10000610351562,164.3000030517578,165.39999389648438,0
2024-04-03 10:30:00,168.10000610351562,169.0,166.10000610351562,166.39999389648438,3927155
2024-04-03 11:30:00,167.39999389648438,168.3000030517578,167.1999969482422,168.10000610351562,1442877
2024-04-03 12:30:00,167.5,168.3000030517578,166.8000030517578,167.5,1080833
2024-04-03 13:30:00,166.60000610351562,167.6999969482422,166.3000030517578,167.5,1434803
2024-04-03 14:30:00,164.3000030517578,166.8000030517578,164.10000610351562,166.60000610351562,2716308
2024-04-03 15:30:00,163.39999389648438,164.60000610351562,163.10000610351562,164.3000030517578,1899253
2024-04-03 16:30:00,163.6999969482422,164.0,162.6999969482422,163.39999389648438,1703059
2024-04-03 17:30:00,163.1999969482422,163.8000030517578,163.0,163.8000030517578,910531
2024-04-04 09:30:00,162.89999389648438,164.89999389648438,162.8000030517578,162.89999389648438,0
2024-04-04 10:30:00,165.39999389648438,166.6999969482422,162.3000030517578,162.8000030517578,4113828
2024-04-04 11:30:00,166.39999389648438,166.5,164.8000030517578,165.39999389648438,1385769
2024-04-04 12:30:00,169.3000030517578,169.89999389648438,166.5,166.5,4758617
2024-04-04 13:30:00,170.1999969482422,170.89999389648438,169.0,169.3000030517578,3281989
2024-04-04 14:30:00,169.6999969482422,170.3000030517578,169.3000030517578,170.3000030517578,1769287
2024-04-04 15:30:00,169.60000610351562,170.1999969482422,169.39999389648438,169.8000030517578,1883621
2024-04-04 16:30:00,169.1999969482422,169.89999389648438,168.89999389648438,169.5,1919820
2024-04-04 17:30:00,169.60000610351562,169.8000030517578,168.8000030517578,169.1999969482422,1269581
2024-04-05 09:30:00,170.89999389648438,173.10000610351562,170.89999389648438,170.89999389648438,0
2024-04-05 10:30:00,173.6999969482422,174.1999969482422,170.8000030517578,171.0,4234736
2024-04-05 11:30:00,174.1999969482422,174.89999389648438,173.39999389648438,173.6999969482422,2346664
2024-04-05 12:30:00,175.1999969482422,175.1999969482422,173.39999389648438,174.1999969482422,2253006
2024-04-05 13:30:00,175.60000610351562,175.8000030517578,174.3000030517578,175.1999969482422,2053330
2024-04-05 14:30:00,176.10000610351562,176.39999389648438,175.10000610351562,175.60000610351562,2141421
2024-04-05 15:30:00,178.0,178.0,175.10000610351562,176.10000610351562,3816149
2024-04-05 16:30:00,178.39999389648438,179.3000030517578,177.39999389648438,178.0,4068128
2024-04-05 17:30:00,178.89999389648438,179.1999969482422,178.1999969482422,178.3000030517578,2242837
2024-04-08 09:30:00,181.3000030517578,181.3000030517578,177.6999969482422,179.6999969482422,0
2024-04-08 10:30:00,179.60000610351562,181.39999389648438,179.39999389648438,181.3000030517578,3507891
2024-04-08 11:30:00,179.8000030517578,180.10000610351562,178.39999389648438,179.5,2459279
2024-04-08 12:30:00,179.60000610351562,180.39999389648438,179.39999389648438,179.8000030517578,1395506
2024-04-08 13:30:00,180.0,180.6999969482422,179.5,179.60000610351562,1797683
2024-04-08 14:30:00,180.6999969482422,181.3000030517578,179.8000030517578,180.0,2315523
2024-04-08 15:30:00,181.39999389648438,181.5,180.0,180.60000610351562,2130676
2024-04-08 16:30:00,182.0,182.5,181.1999969482422,181.39999389648438,3489426
2024-04-08 17:30:00,182.89999389648438,183.39999389648438,181.5,182.0,0
2024-04-09 09:30:00,183.5,190.5,182.1999969482422,190.5,0
2024-04-09 10:30:00,186.1999969482422,186.3000030517578,183.1999969482422,183.5,2638888
2024-04-09 11:30:00,187.8000030517578,188.3000030517578,185.6999969482422,186.1999969482422,4081580
2024-04-09 12:30:00,188.39999389648438,188.39999389648438,188.39999389648438,188.39999389648438,526416
2024-04-15 09:30:00,187.6999969482422,188.0,183.6999969482422,188.0,0
2024-04-15 10:30:00,187.1999969482422,188.39999389648438,185.60000610351562,187.6999969482422,4671724
2024-04-15 11:30:00,186.6999969482422,188.89999389648438,186.60000610351562,187.10000610351562,3179365
2024-04-15 12:30:00,185.3000030517578,186.6999969482422,184.8000030517578,186.6999969482422,2049652
2024-04-15 13:30:00,184.60000610351562,185.8000030517578,184.3000030517578,185.1999969482422,1508156
2024-04-15 14:30:00,185.3000030517578,186.3000030517578,184.39999389648438,184.60000610351562,1629231
2024-04-15 15:30:00,186.5,187.1999969482422,185.10000610351562,185.3000030517578,2219315
2024-04-15 16:30:00,183.39999389648438,186.60000610351562,182.39999389648438,186.60000610351562,2722838
2024-04-15 17:30:00,183.3000030517578,183.8000030517578,182.8000030517578,183.5,2096839
2024-04-16 09:30:00,183.39999389648438,185.39999389648438,181.5,182.5,0
2024-04-16 10:30:00,186.5,186.60000610351562,183.10000610351562,183.39999389648438,4760751
2024-04-16 11:30:00,185.10000610351562,186.6999969482422,184.8000030517578,186.5,2409701
2024-04-16 12:30:00,187.39999389648438,187.6999969482422,185.0,185.10000610351562,2507509
2024-04-16 13:30:00,188.1999969482422,188.39999389648438,186.60000610351562,187.5,2961472
2024-04-16 14:30:00,188.0,189.10000610351562,187.6999969482422,188.3000030517578,3991983
2024-04-16 15:30:00,187.8000030517578,188.10000610351562,186.6999969482422,188.0,2223899
2024-04-16 16:30:00,187.10000610351562,188.5,185.8000030517578,187.6999969482422,2557824
2024-04-16 17:30:00,185.5,188.3000030517578,184.8000030517578,187.1999969482422,2555072
2024-04-17 09:30:00,189.0,189.8000030517578,186.6999969482422,186.89999389648438,0
2024-04-17 10:30:00,188.10000610351562,189.10000610351562,187.3000030517578,189.0,2971812
2024-04-17 11:30:00,187.39999389648438,188.1999969482422,187.39999389648438,188.10000610351562,1201979
2024-04-17 12:30:00,187.10000610351562,187.8000030517578,186.3000030517578,187.39999389648438,1437328
2024-04-17 13:30:00,186.3000030517578,188.0,185.5,187.10000610351562,2701139
2024-04-17 14:30:00,185.60000610351562,186.8000030517578,184.8000030517578,186.3000030517578,3217277
2024-04-17 15:30:00,184.60000610351562,185.6999969482422,184.0,185.60000610351562,3636831
2024-04-17 16:30:00,184.6999969482422,184.8000030517578,183.60000610351562,184.60000610351562,2189553
2024-04-17 17:30:00,186.1999969482422,187.0,184.60000610351562,184.60000610351562,2228025
2024-04-18 09:30:00,185.89999389648438,188.3000030517578,185.6999969482422,187.0,2436772
2024-04-18 10:30:00,185.89999389648438,186.3000030517578,185.39999389648438,186.0,1091305
2024-04-18 11:30:00,184.60000610351562,186.89999389648438,184.39999389648438,185.8000030517578,2145162
2024-04-18 12:30:00,185.6999969482422,185.8000030517578,184.3000030517578,184.60000610351562,1477794
2024-04-18 13:30:00,186.3000030517578,187.10000610351562,185.5,185.6999969482422,1833428
2024-04-18 14:30:00,186.39999389648438,187.0,185.6999969482422,186.1999969482422,1390741
2024-04-18 15:30:00,184.89999389648438,186.5,184.8000030517578,186.5,1433500
2024-04-18 16:30:00,185.1999969482422,185.8000030517578,184.6999969482422,184.89999389648438,1388904
2024-04-18 17:30:00,186.1999969482422,187.60000610351562,185.0,185.1999969482422,1964814
2024-04-19 09:30:00,187.1999969482422,188.8000030517578,185.1999969482422,185.5,0
2024-04-19 10:30:00,184.5,187.3000030517578,183.6999969482422,187.10000610351562,3577408
2024-04-19 11:30:00,184.10000610351562,184.8000030517578,183.60000610351562,184.39999389648438,1485162
2024-04-19 12:30:00,183.6999969482422,184.60000610351562,183.5,184.1999969482422,1260848
2024-04-19 13:30:00,183.5,184.10000610351562,183.1999969482422,183.6999969482422,1236012
2024-04-19 14:30:00,186.0,186.10000610351562,183.10000610351562,183.5,3410449
2024-04-19 15:30:00,187.10000610351562,187.5,185.5,186.0,4271048
2024-04-19 16:30:00,191.0,191.39999389648438,186.60000610351562,187.10000610351562,8245601
2024-04-19 17:30:00,189.60000610351562,191.3000030517578,189.1999969482422,191.0,3889446
2024-04-22 09:30:00,190.5,193.6999969482422,190.39999389648438,191.10000610351562,0
2024-04-22 10:30:00,190.3000030517578,191.5,189.39999389648438,190.5,3510977
2024-04-22 11:30:00,189.6999969482422,191.89999389648438,189.5,190.3000030517578,2471623
2024-04-22 12:30:00,189.60000610351562,190.39999389648438,189.39999389648438,189.60000610351562,1098801
2024-04-22 13:30:00,189.3000030517578,190.39999389648438,189.1999969482422,189.6999969482422,1278955
2024-04-22 14:30:00,189.0,189.60000610351562,188.60000610351562,189.1999969482422,1941372
2024-04-22 15:30:00,188.5,189.39999389648438,188.39999389648438,189.0,1382727
2024-04-22 16:30:00,189.6999969482422,190.0,188.10000610351562,188.5,2189598
2024-04-22 17:30:00,189.0,190.39999389648438,188.6999969482422,189.60000610351562,1854857
2024-04-24 09:30:00,191.1999969482422,191.39999389648438,188.89999389648438,190.3000030517578,0
2024-04-24 10:30:00,190.6999969482422,191.8000030517578,190.0,191.10000610351562,3102832
2024-04-24 11:30:00,191.10000610351562,191.3000030517578,190.5,190.6999969482422,1782201
2024-04-24 12:30:00,189.1999969482422,191.1999969482422,189.1999969482422,191.10000610351562,1507154
2024-04-24 13:30:00,188.89999389648438,189.39999389648438,187.89999389648438,189.1999969482422,2119601
2024-04-24 14:30:00,187.60000610351562,189.3000030517578,187.3000030517578,188.89999389648438,1557396
2024-04-24 15:30:00,188.10000610351562,188.5,187.5,187.60000610351562,1248232
2024-04-24 16:30:00,187.89999389648438,188.3000030517578,186.6999969482422,188.1999969482422,1659907
2024-04-24 17:30:00,187.8000030517578,188.5,187.39999389648438,188.0,1361283
2024-04-25 09:30:00,189.89999389648438,190.3000030517578,187.89999389648438,188.5,0
2024-04-25 10:30:00,189.39999389648438,190.3000030517578,189.3000030517578,189.89999389648438,1362073
2024-04-25 11:30:00,189.8000030517578,190.0,189.3000030517578,189.39999389648438,885444
2024-04-25 12:30:00,191.5,191.89999389648438,189.8000030517578,189.89999389648438,3370832
2024-04-25 13:30:00,191.0,192.10000610351562,190.6999969482422,191.39999389648438,2332075
2024-04-25 14:30:00,190.10000610351562,191.5,190.0,190.89999389648438,1226777
2024-04-25 15:30:00,189.3000030517578,190.3000030517578,188.89999389648438,190.1999969482422,1982916
2024-04-25 16:30:00,189.1999969482422,189.60000610351562,188.1999969482422,189.3000030517578,1461736
2024-04-25 17:30:00,189.1999969482422,189.5,188.60000610351562,189.3000030517578,1007453
2024-04-26 09:30:00,190.10000610351562,191.60000610351562,189.6999969482422,190.3000030517578,0
2024-04-26 10:30:00,191.0,191.10000610351562,189.5,190.0,1706275
2024-04-26 11:30:00,193.39999389648438,194.0,190.89999389648438,191.0,4884710
2024-04-26 12:30:00,193.1999969482422,194.3000030517578,192.89999389648438,193.5,1672270
2024-04-26 13:30:00,194.1999969482422,194.5,193.10000610351562,193.1999969482422,1684014
2024-04-26 14:30:00,193.8000030517578,194.3000030517578,192.6999969482422,194.3000030517578,1352333
2024-04-26 15:30:00,194.10000610351562,194.1999969482422,193.3000030517578,193.89999389648438,1623900
2024-04-26 16:30:00,192.39999389648438,194.3000030517578,192.3000030517578,194.10000610351562,2663425
2024-04-26 17:30:00,192.0,192.5,191.3000030517578,192.39999389648438,1645344
2024-04-29 09:30:00,192.39999389648438,193.39999389648438,191.8000030517578,193.0,0
2024-04-29 10:30:00,192.1999969482422,192.89999389648438,191.6999969482422,192.3000030517578,2093729
2024-04-29 11:30:00,193.0,193.60000610351562,192.1999969482422,192.1999969482422,2301240
2024-04-29 12:30:00,193.3000030517578,193.5,192.5,193.0,832032
2024-04-29 13:30:00,193.39999389648438,194.0,193.1999969482422,193.39999389648438,1807925
2024-04-29 14:30:00,192.39999389648438,193.60000610351562,191.89999389648438,193.5,1936706
2024-04-29 15:30:00,193.0,193.10000610351562,192.3000030517578,192.39999389648438,1087572
2024-04-29 16:30:00,194.1999969482422,194.6999969482422,192.60000610351562,192.89999389648438,2996116
2024-04-29 17:30:00,195.3000030517578,195.39999389648438,194.0,194.10000610351562,1877201
2024-04-30 09:30:00,197.1999969482422,199.89999389648438,194.89999389648438,196.0,0
2024-04-30 10:30:00,197.0,197.60000610351562,196.39999389648438,197.10000610351562,1994239
2024-04-30 11:30:00,197.6999969482422,198.5,196.8000030517578,197.0,1554183
2024-04-30 12:30:00,199.1999969482422,199.3000030517578,197.5,197.60000610351562,1938189
2024-04-30 13:30:00,198.8000030517578,199.1999969482422,197.89999389648438,199.1999969482422,1258858
2024-04-30 14:30:00,198.0,199.1999969482422,197.8000030517578,198.89999389648438,1132383
2024-04-30 15:30:00,198.1999969482422,198.39999389648438,197.10000610351562,198.0,1124637
2024-04-30 16:30:00,196.60000610351562,198.39999389648438,196.1999969482422,198.10000610351562,1682948
2024-04-30 17:30:00,196.1999969482422,196.89999389648438,195.39999389648438,196.60000610351562,3222606
2024-05-02 09:30:00,199.6999969482422,199.8000030517578,196.5,196.8000030517578,0
2024-05-02 10:30:00,199.0,201.10000610351562,198.8000030517578,199.8000030517578,5666959
2024-05-02 11:30:00,200.10000610351562,200.1999969482422,197.8000030517578,199.0,3548320
2024-05-02 12:30:00,200.60000610351562,201.39999389648438,199.89999389648438,200.10000610351562,3650071
2024-05-02 13:30:00,201.89999389648438,202.1999969482422,200.39999389648438,200.6999969482422,4516077
2024-05-02 14:30:00,202.8000030517578,203.0,201.6999969482422,201.89999389648438,3508982
2024-05-02 15:30:00,203.0,203.3000030517578,202.10000610351562,202.8000030517578,3208034
2024-05-02 16:30:00,202.5,203.0,201.1999969482422,202.89999389648438,2658389
2024-05-02 17:30:00,203.8000030517578,204.0,201.89999389648438,202.5,2021033
2024-05-03 09:30:00,202.39999389648438,204.10000610351562,201.60000610351562,204.0,0
2024-05-03 10:30:00,202.8000030517578,203.3000030517578,201.6999969482422,202.39999389648438,1532344
2024-05-03 11:30:00,201.6999969482422,203.5,201.60000610351562,202.8000030517578,1208481
2024-05-03 12:30:00,201.10000610351562,201.89999389648438,200.6999969482422,201.6999969482422,1401215
2024-05-03 13:30:00,201.0,201.3000030517578,200.6999969482422,201.10000610351562,746982
2024-05-03 14:30:00,200.0,201.3000030517578,199.6999969482422,201.10000610351562,1497766
2024-05-03 15:30:00,200.39999389648438,200.8000030517578,199.8000030517578,200.0,1032307
2024-05-03 16:30:00,201.3000030517578,201.8000030517578,200.1999969482422,200.39999389648438,1511259
2024-05-03 17:30:00,201.0,201.39999389648438,200.60000610351562,201.3000030517578,923194
2024-05-06 09:30:00,199.8000030517578,201.6999969482422,199.5,201.3000030517578,0
2024-05-06 10:30:00,200.1999969482422,200.8000030517578,198.89999389648438,199.8000030517578,1752623
2024-05-06 11:30:00,200.1999969482422,201.39999389648438,200.0,200.1999969482422,1312838
2024-05-06 12:30:00,201.39999389648438,201.89999389648438,200.1999969482422,200.1999969482422,992930
2024-05-06 13:30:00,202.10000610351562,202.8000030517578,201.3000030517578,201.39999389648438,1598788
2024-05-06 14:30:00,201.89999389648438,202.3000030517578,201.3000030517578,202.10000610351562,1403783
2024-05-06 15:30:00,201.5,202.10000610351562,201.10000610351562,201.8000030517578,1104107
2024-05-06 16:30:00,200.6999969482422,202.3000030517578,200.6999969482422,201.5,1335651
2024-05-06 17:30:00,200.6999969482422,201.0,200.39999389648438,200.6999969482422,911277
2024-05-07 09:30:00,199.5,201.8000030517578,199.1999969482422,200.8000030517578,0
2024-05-07 10:30:00,199.39999389648438,200.3000030517578,199.10000610351562,199.60000610351562,1837143
2024-05-07 11:30:00,195.3000030517578,199.5,195.1999969482422,199.3000030517578,5014087
2024-05-07 12:30:00,195.6999969482422,196.10000610351562,194.3000030517578,195.1999969482422,2834351
2024-05-07 13:30:00,194.60000610351562,195.6999969482422,194.39999389648438,195.6999969482422,1952187
2024-05-07 14:30:00,196.39999389648438,196.6999969482422,194.5,194.60000610351562,3070588
2024-05-07 15:30:00,196.6999969482422,197.10000610351562,195.5,196.39999389648438,1599747
2024-05-07 16:30:00,197.8000030517578,200.0,196.60000610351562,196.60000610351562,4609345
2024-05-07 17:30:00,198.10000610351562,198.39999389648438,197.39999389648438,197.89999389648438,1890883
2024-05-08 09:30:00,197.3000030517578,199.3000030517578,196.8000030517578,199.0,0
2024-05-08 10:30:00,196.10000610351562,197.39999389648438,195.60000610351562,197.3000030517578,2163732
2024-05-08 11:30:00,194.5,196.1999969482422,194.10000610351562,196.10000610351562,2460434
2024-05-08 12:30:00,193.89999389648438,194.6999969482422,193.6999969482422,194.5,1704954
2024-05-08 13:30:00,194.10000610351562,194.1999969482422,193.3000030517578,194.0,1399863
2024-05-08 14:30:00,194.0,194.3000030517578,193.60000610351562,194.10000610351562,1585019
2024-05-08 15:30:00,193.0,194.0,192.60000610351562,193.89999389648438,2360711
2024-05-08 16:30:00,192.60000610351562,193.10000610351562,192.5,193.0,1853035
2024-05-08 17:30:00,192.6999969482422,192.8000030517578,192.39999389648438,192.60000610351562,1463442
2024-05-09 09:30:00,191.6999969482422,194.1999969482422,191.6999969482422,193.10000610351562,0
2024-05-09 10:30:00,191.0,192.89999389648438,190.39999389648438,191.6999969482422,3469225
2024-05-09 11:30:00,189.60000610351562,191.10000610351562,189.1999969482422,191.0,2246000
2024-05-09 12:30:00,189.3000030517578,189.8000030517578,188.60000610351562,189.60000610351562,2361163
2024-05-09 13:30:00,189.1999969482422,190.39999389648438,189.0,189.3000030517578,1687024
2024-05-09 14:30:00,189.1999969482422,189.89999389648438,189.0,189.3000030517578,2104942
2024-05-09 15:30:00,189.39999389648438,190.3000030517578,188.10000610351562,189.1999969482422,3081626
2024-05-09 16:30:00,189.5,190.10000610351562,189.1999969482422,189.39999389648438,1719729
2024-05-09 17:30:00,189.3000030517578,190.0,189.1999969482422,189.5,1672903
2024-05-10 09:30:00,190.5,191.0,189.10000610351562,189.39999389648438,0
2024-05-10 10:30:00,190.1999969482422,190.8000030517578,189.6999969482422,190.39999389648438,2814645
2024-05-10 11:30:00,190.3000030517578,190.60000610351562,189.89999389648438,190.1999969482422,1314222
2024-05-10 12:30:00,190.3000030517578,190.39999389648438,189.89999389648438,190.3000030517578,1032685
2024-05-10 13:30:00,190.0,190.8000030517578,189.8000030517578,190.39999389648438,1913033
2024-05-10 14:30:00,190.10000610351562,190.5,189.6999969482422,190.0,1258854
2024-05-10 15:30:00,190.1999969482422,190.1999969482422,189.1999969482422,190.10000610351562,1680404
2024-05-10 16:30:00,189.3000030517578,190.1999969482422,189.0,190.1999969482422,1753918
2024-05-10 17:30:00,188.3000030517578,189.10000610351562,188.10000610351562,189.10000610351562,0
2024-05-13 09:30:00,187.6999969482422,191.10000610351562,187.1999969482422,187.8000030517578,2740339
2024-05-13 10:30:00,189.3000030517578,189.89999389648438,187.5,187.6999969482422,3055833
2024-05-13 11:30:00,188.8000030517578,189.6999969482422,188.39999389648438,189.3000030517578,1508691
2024-05-13 12:30:00,188.39999389648438,188.89999389648438,187.89999389648438,188.6999969482422,1162886
2024-05-13 13:30:00,187.8000030517578,188.6999969482422,187.60000610351562,188.5,1086026
2024-05-13 14:30:00,187.3000030517578,187.89999389648438,187.10000610351562,187.8000030517578,1114407
2024-05-13 15:30:00,186.10000610351562,187.60000610351562,185.8000030517578,187.3000030517578,2124412
2024-05-13 16:30:00,186.5,187.1999969482422,186.0,186.0,2379299
2024-05-13 17:30:00,185.39999389648438,186.60000610351562,185.3000030517578,186.5,1845758
2024-05-14 09:30:00,185.6999969482422,186.1999969482422,183.5,185.1999969482422,0
2024-05-14 10:30:00,184.39999389648438,185.8000030517578,183.8000030517578,185.6999969482422,2170895
2024-05-14 11:30:00,185.10000610351562,185.6999969482422,184.3000030517578,184.39999389648438,1717763
2024-05-14 12:30:00,184.60000610351562,185.1999969482422,184.39999389648438,185.10000610351562,1292470
2024-05-14 13:30:00,184.6999969482422,185.1999969482422,184.39999389648438,184.6999969482422,991245
2024-05-14 14:30:00,185.10000610351562,185.1999969482422,184.5,184.6999969482422,1530198
2024-05-14 15:30:00,185.60000610351562,186.0,184.6999969482422,185.10000610351562,4904729
2024-05-14 16:30:00,184.6999969482422,185.8000030517578,184.3000030517578,185.6999969482422,2964918
2024-05-14 17:30:00,183.8000030517578,184.8000030517578,183.60000610351562,184.6999969482422,1946684
2024-05-15 09:30:00,183.8000030517578,184.10000610351562,182.5,183.60000610351562,0
2024-05-15 10:30:00,182.5,183.89999389648438,182.3000030517578,183.8000030517578,2736574
2024-05-15 11:30:00,183.60000610351562,184.3000030517578,182.1999969482422,182.39999389648438,2542129
2024-05-15 12:30:00,182.89999389648438,183.6999969482422,182.6999969482422,183.6999969482422,1063325
2024-05-15 13:30:00,183.10000610351562,183.39999389648438,182.60000610351562,182.8000030517578,912530
2024-05-15 14:30:00,183.1999969482422,183.39999389648438,182.89999389648438,183.10000610351562,900647
2024-05-15 15:30:00,182.6999969482422,183.60000610351562,182.3000030517578,183.10000610351562,1806593
2024-05-15 16:30:00,182.39999389648438,183.10000610351562,181.1999969482422,182.8000030517578,3211735
2024-05-15 17:30:00,181.39999389648438,183.0,181.3000030517578,182.39999389648438,2702629
2024-05-16 09:30:00,181.89999389648438,182.39999389648438,181.5,182.1999969482422,0
2024-05-16 10:30:00,180.1999969482422,182.10000610351562,179.8000030517578,181.89999389648438,4040601
2024-05-16 11:30:00,180.0,180.3000030517578,179.6999969482422,180.10000610351562,2132211
2024-05-16 12:30:00,179.60000610351562,180.1999969482422,179.5,180.0,1410893
2024-05-16 13:30:00,179.89999389648438,180.60000610351562,179.5,179.6999969482422,1689928
2024-05-16 14:30:00,180.0,180.39999389648438,179.5,179.89999389648438,1564851
2024-05-16 15:30:00,179.89999389648438,180.3000030517578,179.60000610351562,180.10000610351562,1660571
2024-05-16 16:30:00,180.5,180.89999389648438,179.6999969482422,179.89999389648438,2864961
2024-05-16 17:30:00,180.6999969482422,181.5,180.39999389648438,180.5,4976134
2024-05-17 09:30:00,183.3000030517578,183.6999969482422,181.5,181.6999969482422,0
2024-05-17 10:30:00,183.60000610351562,185.10000610351562,183.10000610351562,183.39999389648438,9452794
2024-05-17 11:30:00,184.3000030517578,184.39999389648438,183.1999969482422,183.5,3329756
2024-05-17 12:30:00,186.10000610351562,186.89999389648438,183.8000030517578,184.3000030517578,11554695
2024-05-17 13:30:00,186.5,187.1999969482422,186.0,186.10000610351562,5346875
2024-05-17 14:30:00,186.0,186.8000030517578,185.5,186.5,3889980
2024-05-17 15:30:00,186.6999969482422,187.0,185.8000030517578,186.0,3006504
2024-05-17 16:30:00,187.8000030517578,188.39999389648438,186.1999969482422,186.8000030517578,5961134
2024-05-17 17:30:00,188.89999389648438,189.10000610351562,187.60000610351562,187.8000030517578,4007950
2024-05-20 09:30:00,188.60000610351562,190.10000610351562,187.1999969482422,189.1999969482422,0
2024-05-20 10:30:00,188.8000030517578,191.0,188.1999969482422,188.60000610351562,8865466
2024-05-20 11:30:00,189.5,189.6999969482422,188.39999389648438,188.8000030517578,3980907
2024-05-20 12:30:00,193.1999969482422,193.3000030517578,189.39999389648438,189.39999389648438,9900392
2024-05-20 13:30:00,192.3000030517578,193.60000610351562,192.10000610351562,193.1999969482422,6124734
2024-05-20 14:30:00,192.1999969482422,192.60000610351562,192.0,192.3000030517578,2857097
2024-05-20 15:30:00,192.60000610351562,192.6999969482422,191.60000610351562,192.1999969482422,2488914
2024-05-20 16:30:00,193.3000030517578,193.39999389648438,192.39999389648438,192.5,2660604
2024-05-20 17:30:00,192.3000030517578,193.39999389648438,192.10000610351562,193.3000030517578,2417796
2024-05-21 09:30:00,192.3000030517578,193.0,190.60000610351562,192.39999389648438,0
2024-05-21 10:30:00,194.5,196.1999969482422,192.1999969482422,192.3000030517578,11544023
2024-05-21 11:30:00,197.1999969482422,198.89999389648438,194.3000030517578,194.5,11510865
2024-05-21 12:30:00,198.10000610351562,199.0,196.5,197.1999969482422,8095305
2024-05-21 13:30:00,197.89999389648438,198.1999969482422,197.0,198.10000610351562,2612420
2024-05-21 14:30:00,194.10000610351562,198.1999969482422,193.60000610351562,197.89999389648438,5650630
2024-05-21 15:30:00,195.39999389648438,196.39999389648438,193.8000030517578,194.10000610351562,3663836
2024-05-21 16:30:00,194.89999389648438,196.5,194.5,195.39999389648438,5947670
2024-05-21 17:30:00,193.89999389648438,195.0,193.60000610351562,195.0,2403205
2024-05-22 09:30:00,194.10000610351562,195.60000610351562,193.89999389648438,195.0,0
2024-05-22 10:30:00,193.39999389648438,194.1999969482422,192.39999389648438,194.10000610351562,4539279
2024-05-22 11:30:00,194.0,195.39999389648438,193.3000030517578,193.39999389648438,4783611
2024-05-22 12:30:00,194.39999389648438,195.0,193.6999969482422,194.0,1462096
2024-05-22 13:30:00,195.10000610351562,195.60000610351562,194.0,194.5,2488291
2024-05-22 14:30:00,194.60000610351562,195.3000030517578,194.3000030517578,195.10000610351562,1601658
2024-05-22 15:30:00,195.3000030517578,195.39999389648438,193.6999969482422,194.60000610351562,3086342
2024-05-22 16:30:00,195.39999389648438,196.1999969482422,194.89999389648438,195.3000030517578,3161517
2024-05-22 17:30:00,194.8000030517578,195.5,194.6999969482422,195.39999389648438,1612551
2024-05-23 09:30:00,187.60000610351562,188.0,186.0,186.0,0
2024-05-23 10:30:00,188.89999389648438,189.89999389648438,187.10000610351562,187.5,8838101
2024-05-23 11:30:00,188.5,189.0,188.10000610351562,188.89999389648438,2213419
2024-05-23 12:30:00,188.6999969482422,188.8000030517578,188.3000030517578,188.39999389648438,1663465
2024-05-23 13:30:00,190.39999389648438,191.1999969482422,188.5,188.6999969482422,5951856
2024-05-23 14:30:00,192.3000030517578,192.6999969482422,190.3000030517578,190.5,5041988
2024-05-23 15:30:00,191.5,193.1999969482422,191.39999389648438,192.3000030517578,3347338
2024-05-23 16:30:00,193.0,194.0,190.6999969482422,191.60000610351562,5087067
2024-05-23 17:30:00,192.8000030517578,193.1999969482422,192.60000610351562,193.10000610351562,2256942
2024-05-24 09:30:00,192.39999389648438,194.0,192.1999969482422,192.39999389648438,0
2024-05-24 10:30:00,191.60000610351562,192.5,190.60000610351562,192.5,2356354
2024-05-24 11:30:00,191.6999969482422,192.3000030517578,191.39999389648438,191.60000610351562,1573444
2024-05-24 12:30:00,191.8000030517578,192.0,191.5,191.8000030517578,838882
2024-05-24 13:30:00,192.10000610351562,192.10000610351562,191.60000610351562,191.8000030517578,1012114
2024-05-24 14:30:00,191.6999969482422,192.5,191.60000610351562,192.10000610351562,1346906
2024-05-24 15:30:00,191.10000610351562,191.89999389648438,190.3000030517578,191.6999969482422,1763297
2024-05-24 16:30:00,190.60000610351562,191.3000030517578,190.39999389648438,191.10000610351562,985648
2024-05-24 17:30:00,190.1999969482422,190.60000610351562,189.10000610351562,190.60000610351562,2133952
2024-05-27 09:30:00,190.1999969482422,192.3000030517578,190.10000610351562,191.1999969482422,0
2024-05-27 10:30:00,190.1999969482422,190.6999969482422,189.5,190.1999969482422,1566677
2024-05-27 11:30:00,191.60000610351562,192.3000030517578,190.10000610351562,190.1999969482422,2827221
2024-05-27 12:30:00,191.3000030517578,191.89999389648438,191.1999969482422,191.60000610351562,841628
2024-05-27 13:30:00,191.10000610351562,191.5,190.60000610351562,191.3000030517578,984296
2024-05-27 14:30:00,190.1999969482422,191.1999969482422,190.1999969482422,191.10000610351562,946050
2024-05-27 15:30:00,189.5,190.3000030517578,188.5,190.3000030517578,2217049
2024-05-27 16:30:00,190.39999389648438,191.60000610351562,189.3000030517578,189.5,2180754
2024-05-27 17:30:00,189.5,190.39999389648438,189.39999389648438,190.39999389648438,955484
2024-05-28 09:30:00,189.0,189.8000030517578,188.6999969482422,189.6999969482422,0
2024-05-28 10:30:00,188.6999969482422,189.39999389648438,188.0,189.10000610351562,1919269
2024-05-28 11:30:00,187.5,188.89999389648438,187.3000030517578,188.60000610351562,1076246
2024-05-28 12:30:00,188.1999969482422,188.60000610351562,187.1999969482422,187.39999389648438,1027774
2024-05-28 13:30:00,187.60000610351562,188.60000610351562,187.5,188.1999969482422,779589
2024-05-28 14:30:00,188.10000610351562,188.39999389648438,187.39999389648438,187.5,891835
2024-05-28 15:30:00,188.3000030517578,188.89999389648438,187.8000030517578,188.10000610351562,1199038
2024-05-28 16:30:00,187.8000030517578,189.0,187.6999969482422,188.3000030517578,1970724
2024-05-28 17:30:00,187.5,187.89999389648438,186.6999969482422,187.8000030517578,1386323
2024-05-29 09:30:00,187.39999389648438,188.5,186.6999969482422,187.5,0
2024-05-29 10:30:00,187.8000030517578,187.89999389648438,187.0,187.39999389648438,1438171
2024-05-29 11:30:00,187.60000610351562,188.89999389648438,187.39999389648438,187.8000030517578,1952114
2024-05-29 12:30:00,187.39999389648438,187.8000030517578,187.3000030517578,187.60000610351562,697671
2024-05-29 13:30:00,187.1999969482422,187.6999969482422,186.89999389648438,187.5,770596
2024-05-29 14:30:00,186.3000030517578,187.5,186.10000610351562,187.1999969482422,1003141
2024-05-29 15:30:00,186.39999389648438,187.1999969482422,178.1999969482422,186.39999389648438,2695111
2024-05-29 16:30:00,186.6999969482422,187.6999969482422,186.10000610351562,186.39999389648438,2054621
2024-05-29 17:30:00,186.5,187.0,185.89999389648438,186.60000610351562,1524528
2024-05-30 09:30:00,185.5,187.5,185.3000030517578,186.5,0
2024-05-30 10:30:00,185.0,185.60000610351562,184.0,185.5,3114869
2024-05-30 11:30:00,184.1999969482422,185.39999389648438,184.0,185.0,2156073
2024-05-30 12:30:00,184.0,184.60000610351562,183.8000030517578,184.3000030517578,1168741
2024-05-30 13:30:00,183.6999969482422,184.3000030517578,182.8000030517578,184.10000610351562,2060762
2024-05-30 14:30:00,183.60000610351562,185.3000030517578,183.1999969482422,183.8000030517578,2340117
2024-05-30 15:30:00,183.0,183.8000030517578,182.6999969482422,183.5,1683290
2024-05-30 16:30:00,183.10000610351562,183.60000610351562,182.8000030517578,183.10000610351562,1865368
2024-05-30 17:30:00,182.8000030517578,183.6999969482422,182.6999969482422,183.10000610351562,1744277
2024-05-31 09:30:00,184.0,184.89999389648438,183.10000610351562,183.39999389648438,0
2024-05-31 10:30:00,184.60000610351562,186.3000030517578,184.0,184.0,4885874
2024-05-31 11:30:00,183.10000610351562,184.8000030517578,183.0,184.5,2342992
2024-05-31 12:30:00,182.60000610351562,183.5,182.39999389648438,183.0,1664366
2024-05-31 13:30:00,182.10000610351562,182.89999389648438,182.0,182.60000610351562,1429330
2024-05-31 14:30:00,181.39999389648438,182.3000030517578,181.3000030517578,182.10000610351562,2231088
2024-05-31 15:30:00,179.60000610351562,181.60000610351562,179.5,181.39999389648438,2865457
2024-05-31 16:30:00,179.60000610351562,180.39999389648438,179.39999389648438,179.60000610351562,3953350
2024-05-31 17:30:00,179.1999969482422,179.8000030517578,178.3000030517578,179.5,2757338
2024-06-03 09:30:00,177.6999969482422,181.1999969482422,176.89999389648438,179.0,0
2024-06-03 10:30:00,177.1999969482422,179.89999389648438,176.8000030517578,177.6999969482422,4262369
2024-06-03 11:30:00,174.89999389648438,177.6999969482422,174.3000030517578,177.1999969482422,3903230
2024-06-03 12:30:00,174.3000030517578,176.5,174.1999969482422,174.89999389648438,3267510
2024-06-03 13:30:00,175.0,175.3000030517578,174.10000610351562,174.1999969482422,3237104
2024-06-03 14:30:00,175.89999389648438,176.10000610351562,174.1999969482422,175.0,3466396
2024-06-03 15:30:00,175.3000030517578,176.5,175.1999969482422,175.89999389648438,3152155
2024-06-03 16:30:00,174.10000610351562,175.60000610351562,173.60000610351562,175.3000030517578,3408087
2024-06-03 17:30:00,173.89999389648438,174.5,173.6999969482422,174.0,2438454
2024-06-04 09:30:00,174.8000030517578,175.3000030517578,173.89999389648438,174.1999969482422,0
2024-06-04 10:30:00,173.89999389648438,174.8000030517578,173.1999969482422,174.8000030517578,3356648
2024-06-04 11:30:00,173.60000610351562,173.89999389648438,173.1999969482422,173.89999389648438,1730140
2024-06-04 12:30:00,173.89999389648438,173.89999389648438,173.39999389648438,173.60000610351562,1226143
2024-06-04 13:30:00,172.8000030517578,174.0,172.5,173.89999389648438,2685627
2024-06-04 14:30:00,172.0,173.3000030517578,171.8000030517578,172.8000030517578,3376408
2024-06-04 15:30:00,171.39999389648438,172.10000610351562,170.60000610351562,172.0,3646666
2024-06-04 16:30:00,171.10000610351562,171.5,170.89999389648438,171.39999389648438,2468786
2024-06-04 17:30:00,168.8000030517578,171.1999969482422,168.6999969482422,171.10000610351562,4744654
2024-06-05 09:30:00,168.0,170.6999969482422,167.89999389648438,169.1999969482422,0
2024-06-05 10:30:00,169.5,169.6999969482422,167.39999389648438,168.0,4374507
2024-06-05 11:30:00,169.39999389648438,169.8000030517578,168.0,169.5,3344727
2024-06-05 12:30:00,169.0,169.89999389648438,168.60000610351562,169.3000030517578,2395473
2024-06-05 13:30:00,168.10000610351562,169.0,167.89999389648438,169.0,2607549
2024-06-05 14:30:00,167.0,168.3000030517578,166.8000030517578,168.1999969482422,2910949
2024-06-05 15:30:00,167.1999969482422,168.39999389648438,166.39999389648438,167.0,3979834
2024-06-05 16:30:00,168.3000030517578,169.39999389648438,166.10000610351562,167.10000610351562,8012332
2024-06-05 17:30:00,167.3000030517578,168.6999969482422,167.0,168.39999389648438,3872198
2024-06-06 09:30:00,169.5,170.60000610351562,167.89999389648438,168.39999389648438,0
2024-06-06 10:30:00,169.0,169.60000610351562,167.60000610351562,169.5,4209254
2024-06-06 11:30:00,167.39999389648438,169.10000610351562,167.0,169.0,3408408
2024-06-06 12:30:00,167.1999969482422,167.89999389648438,166.6999969482422,167.39999389648438,2313309
2024-06-06 13:30:00,166.89999389648438,167.3000030517578,166.3000030517578,167.1999969482422,1850138
2024-06-06 14:30:00,166.8000030517578,167.0,166.3000030517578,166.89999389648438,1251394
2024-06-06 15:30:00,165.60000610351562,166.8000030517578,165.3000030517578,166.8000030517578,3107726
2024-06-06 16:30:00,165.0,165.6999969482422,164.5,165.60000610351562,2885455
2024-06-06 17:30:00,164.0,165.5,163.8000030517578,164.89999389648438,2829582
2024-06-07 09:30:00,164.60000610351562,166.5,164.5,164.60000610351562,0
2024-06-07 10:30:00,164.0,164.8000030517578,163.60000610351562,164.60000610351562,3424469
2024-06-07 11:30:00,163.8000030517578,164.10000610351562,163.5,164.0,1389565
2024-06-07 12:30:00,163.8000030517578,164.10000610351562,163.5,163.8000030517578,1306548
2024-06-07 13:30:00,163.6999969482422,164.0,163.60000610351562,163.8000030517578,1276386
2024-06-07 14:30:00,164.1999969482422,164.89999389648438,163.60000610351562,163.6999969482422,1963791
2024-06-07 15:30:00,163.60000610351562,164.1999969482422,162.6999969482422,164.1999969482422,2898990
2024-06-07 16:30:00,163.89999389648438,164.8000030517578,163.39999389648438,163.60000610351562,2450339
2024-06-07 17:30:00,163.39999389648438,164.1999969482422,163.1999969482422,164.0,2084681
2024-06-10 09:30:00,163.1999969482422,164.1999969482422,162.5,163.89999389648438,0
2024-06-10 10:30:00,165.10000610351562,165.3000030517578,163.10000610351562,163.3000030517578,4731610
2024-06-10 11:30:00,165.6999969482422,166.10000610351562,164.5,165.1999969482422,2721294
2024-06-10 12:30:00,165.0,166.89999389648438,164.8000030517578,165.6999969482422,4758316
2024-06-10 13:30:00,164.6999969482422,165.1999969482422,164.39999389648438,165.0,1473487
2024-06-10 14:30:00,163.39999389648438,165.1999969482422,163.0,164.8000030517578,3000203
2024-06-10 15:30:00,163.89999389648438,164.39999389648438,163.10000610351562,163.39999389648438,1876225
2024-06-10 16:30:00,163.5,164.5,163.5,163.8000030517578,2108781
2024-06-10 17:30:00,162.39999389648438,163.6999969482422,161.5,163.5,3199756
2024-06-11 09:30:00,160.1999969482422,162.60000610351562,159.6999969482422,162.5,0
2024-06-11 10:30:00,161.0,161.8000030517578,160.0,160.1999969482422,4088780
2024-06-11 11:30:00,160.6999969482422,161.60000610351562,160.39999389648438,161.0,2981558
2024-06-11 12:30:00,162.39999389648438,163.0,160.39999389648438,160.6999969482422,4240763
2024-06-11 13:30:00,161.39999389648438,162.8000030517578,161.0,162.39999389648438,3415471
2024-06-11 14:30:00,160.5,161.8000030517578,160.3000030517578,161.39999389648438,2249410
2024-06-11 15:30:00,161.1999969482422,161.3000030517578,160.1999969482422,160.5,2524961
2024-06-11 16:30:00,161.3000030517578,162.6999969482422,160.8000030517578,161.1999969482422,4855055
2024-06-11 17:30:00,160.89999389648438,161.5,160.5,161.3000030517578,2417311
2024-06-12 09:30:00,162.60000610351562,163.39999389648438,160.60000610351562,161.0,0
2024-06-12 10:30:00,164.0,164.89999389648438,162.5,162.6999969482422,9168840
2024-06-12 11:30:00,164.0,164.39999389648438,163.1999969482422,163.89999389648438,3228431
2024-06-12 12:30:00,163.39999389648438,164.1999969482422,163.3000030517578,164.0,1816072
2024-06-12 13:30:00,163.1999969482422,163.5,163.0,163.39999389648438,1281863
2024-06-12 14:30:00,162.3000030517578,163.3000030517578,162.10000610351562,163.1999969482422,1887052
2024-06-12 15:30:00,163.6999969482422,164.89999389648438,162.3000030517578,162.3000030517578,4484256
2024-06-12 16:30:00,165.39999389648438,165.5,163.0,163.6999969482422,4681367
2024-06-12 17:30:00,165.0,165.8000030517578,164.5,165.3000030517578,3786695
2024-06-13 09:30:00,167.6999969482422,167.8000030517578,166.1999969482422,166.5,0
2024-06-13 10:30:00,167.10000610351562,168.3000030517578,167.0,167.60000610351562,4066584
2024-06-13 11:30:00,166.89999389648438,167.3000030517578,166.10000610351562,167.0,2423216
2024-06-13 12:30:00,166.0,167.0,165.8000030517578,166.89999389648438,1516594
2024-06-13 13:30:00,166.10000610351562,166.5,165.5,166.0,2030573
2024-06-13 14:30:00,166.10000610351562,166.1999969482422,165.5,166.0,1681139
2024-06-13 15:30:00,166.1999969482422,166.5,165.6999969482422,166.10000610351562,2025043
2024-06-13 16:30:00,165.6999969482422,166.39999389648438,165.60000610351562,166.1999969482422,1956605
2024-06-13 17:30:00,166.1999969482422,166.60000610351562,165.6999969482422,165.8000030517578,2272123
2024-06-14 09:30:00,167.89999389648438,169.0,167.5,168.6999969482422,0
2024-06-14 10:30:00,167.60000610351562,168.10000610351562,167.1999969482422,168.0,2943574
2024-06-14 11:30:00,168.1999969482422,168.6999969482422,167.60000610351562,167.6999969482422,2779425
2024-06-14 12:30:00,166.6999969482422,168.3000030517578,166.5,168.1999969482422,2468631
2024-06-14 13:30:00,167.39999389648438,167.60000610351562,166.60000610351562,166.6999969482422,1582624
2024-06-14 14:30:00,166.6999969482422,167.5,166.10000610351562,167.39999389648438,2127346
2024-06-14 15:30:00,166.89999389648438,167.3000030517578,166.5,166.6999969482422,1458857
2024-06-14 16:30:00,166.6999969482422,167.10000610351562,166.3000030517578,166.89999389648438,1696243
2024-06-14 17:30:00,166.8000030517578,166.89999389648438,166.10000610351562,166.6999969482422,2059108
2024-06-20 09:30:00,171.8000030517578,172.0,167.8000030517578,169.0,0
2024-06-20 10:30:00,172.3000030517578,172.8000030517578,171.3000030517578,171.8000030517578,4109706
2024-06-20 11:30:00,170.6999969482422,172.3000030517578,170.39999389648438,172.3000030517578,3576290
2024-06-20 12:30:00,171.39999389648438,171.60000610351562,170.60000610351562,170.6999969482422,1204549
2024-06-20 13:30:00,170.89999389648438,171.39999389648438,170.5,171.39999389648438,1611087
2024-06-20 14:30:00,170.0,171.0,169.5,170.89999389648438,2492228
2024-06-20 15:30:00,170.1999969482422,170.3000030517578,169.6999969482422,170.0,1296607
2024-06-20 16:30:00,170.8000030517578,171.0,170.0,170.1999969482422,2363639
2024-06-20 17:30:00,171.1999969482422,171.5,170.6999969482422,170.8000030517578,2451785
2024-06-21 09:30:00,171.1999969482422,172.60000610351562,170.89999389648438,172.39999389648438,0
2024-06-21 10:30:00,170.3000030517578,171.1999969482422,170.10000610351562,171.10000610351562,2867931
2024-06-21 11:30:00,170.6999969482422,170.89999389648438,170.0,170.1999969482422,1514307
2024-06-21 12:30:00,170.8000030517578,171.0,170.60000610351562,170.6999969482422,776190
2024-06-21 13:30:00,170.8000030517578,171.10000610351562,170.6999969482422,170.89999389648438,987412
2024-06-21 14:30:00,171.0,171.0,170.60000610351562,170.8000030517578,901649
2024-06-21 15:30:00,171.0,171.10000610351562,170.6999969482422,171.0,1243475
2024-06-21 16:30:00,170.60000610351562,171.0,170.3000030517578,171.0,1429610
2024-06-21 17:30:00,170.60000610351562,170.6999969482422,170.10000610351562,170.6999969482422,1451257
2024-06-24 09:30:00,170.6999969482422,171.1999969482422,170.10000610351562,171.0,0
2024-06-24 10:30:00,170.60000610351562,171.8000030517578,170.3000030517578,170.6999969482422,3540837
2024-06-24 11:30:00,171.5,171.60000610351562,170.1999969482422,170.5,2443379
2024-06-24 12:30:00,171.60000610351562,171.89999389648438,170.89999389648438,171.60000610351562,2618435
2024-06-24 13:30:00,172.0,172.10000610351562,170.8000030517578,171.5,2622236
2024-06-24 14:30:00,171.3000030517578,172.10000610351562,170.89999389648438,172.0,2142306
2024-06-24 15:30:00,170.8000030517578,171.6999969482422,170.6999969482422,171.3000030517578,1384232
2024-06-24 16:30:00,172.0,172.10000610351562,170.39999389648438,170.6999969482422,2658014
2024-06-24 17:30:00,171.60000610351562,172.1999969482422,171.3000030517578,171.89999389648438,1532932
2024-06-25 09:30:00,170.39999389648438,172.1999969482422,170.39999389648438,171.89999389648438,0
2024-06-25 10:30:00,169.89999389648438,170.60000610351562,169.3000030517578,170.39999389648438,3482637
2024-06-25 11:30:00,169.60000610351562,170.0,169.5,169.8000030517578,1249307
2024-06-25 12:30:00,169.60000610351562,169.8000030517578,169.39999389648438,169.6999969482422,1004708
2024-06-25 13:30:00,170.1999969482422,170.6999969482422,169.5,169.5,1779663
2024-06-25 14:30:00,169.89999389648438,170.1999969482422,169.39999389648438,170.10000610351562,1118138
2024-06-25 15:30:00,170.39999389648438,170.89999389648438,169.6999969482422,169.89999389648438,2025413
2024-06-25 16:30:00,170.0,170.39999389648438,169.6999969482422,170.3000030517578,1448041
2024-06-25 17:30:00,169.39999389648438,170.10000610351562,169.3000030517578,170.10000610351562,1265129
2024-06-26 09:30:00,170.5,171.39999389648438,169.89999389648438,169.89999389648438,0
2024-06-26 10:30:00,169.89999389648438,170.5,169.3000030517578,170.5,2278863
2024-06-26 11:30:00,169.5,170.0,169.3000030517578,169.89999389648438,1192771
2024-06-26 12:30:00,169.60000610351562,169.8000030517578,169.10000610351562,169.5,1741628
2024-06-26 13:30:00,168.60000610351562,169.6999969482422,168.5,169.60000610351562,1296907
2024-06-26 14:30:00,169.39999389648438,169.6999969482422,168.39999389648438,168.60000610351562,1508726
2024-06-26 15:30:00,168.39999389648438,169.60000610351562,168.3000030517578,169.5,1683718
2024-06-26 16:30:00,167.0,169.0,166.6999969482422,168.39999389648438,2689387
2024-06-26 17:30:00,165.89999389648438,167.1999969482422,165.6999969482422,167.0,2302551
2024-06-27 09:30:00,167.60000610351562,168.39999389648438,166.10000610351562,166.10000610351562,0
2024-06-27 10:30:00,168.0,168.8000030517578,167.3000030517578,167.6999969482422,2822665
2024-06-27 11:30:00,167.8000030517578,168.60000610351562,167.5,168.0,1862264
2024-06-27 12:30:00,167.39999389648438,167.8000030517578,167.10000610351562,167.8000030517578,1676997
2024-06-27 13:30:00,166.89999389648438,167.60000610351562,166.6999969482422,167.3000030517578,1306071
2024-06-27 14:30:00,167.39999389648438,167.6999969482422,166.6999969482422,166.89999389648438,1982322
2024-06-27 15:30:00,168.60000610351562,168.6999969482422,166.8000030517578,167.39999389648438,3277104
2024-06-27 16:30:00,168.6999969482422,169.6999969482422,168.1999969482422,168.5,3555508
2024-06-27 17:30:00,168.6999969482422,168.8000030517578,168.1999969482422,168.8000030517578,2004631
2024-06-28 09:30:00,170.0,171.10000610351562,169.1999969482422,169.3000030517578,0
2024-06-28 10:30:00,170.6999969482422,171.3000030517578,169.89999389648438,170.10000610351562,3042946
2024-06-28 11:30:00,169.60000610351562,170.8000030517578,169.0,170.6999969482422,2660843
2024-06-28 12:30:00,169.1999969482422,170.0,168.8000030517578,169.60000610351562,1703802
2024-06-28 13:30:00,169.1999969482422,169.3000030517578,168.39999389648438,169.1999969482422,1453992
2024-06-28 14:30:00,169.10000610351562,169.39999389648438,168.60000610351562,169.1999969482422,1506946
2024-06-28 15:30:00,168.6999969482422,169.8000030517578,168.5,169.1999969482422,2575453
2024-06-28 16:30:00,168.5,169.10000610351562,168.39999389648438,168.60000610351562,2533465
2024-06-28 17:30:00,165.60000610351562,168.5,165.1999969482422,168.5,6178341
2024-07-01 09:30:00,166.89999389648438,168.3000030517578,166.5,167.10000610351562,0
2024-07-01 10:30:00,166.1999969482422,167.0,165.10000610351562,166.89999389648438,4923716
2024-07-01 11:30:00,164.8000030517578,166.3000030517578,164.39999389648438,166.10000610351562,2371442
2024-07-01 12:30:00,163.1999969482422,164.8000030517578,163.10000610351562,164.6999969482422,3102901
2024-07-01 13:30:00,163.8000030517578,165.0,163.10000610351562,163.10000610351562,2650236
2024-07-01 14:30:00,163.8000030517578,164.5,163.39999389648438,163.89999389648438,1697154
2024-07-01 15:30:00,163.3000030517578,163.89999389648438,162.8000030517578,163.6999969482422,1822192
2024-07-01 16:30:00,162.1999969482422,163.3000030517578,161.3000030517578,163.1999969482422,3274847
2024-07-01 17:30:00,163.5,163.6999969482422,162.0,162.1999969482422,2497805
2024-07-02 09:30:00,162.60000610351562,165.1999969482422,161.60000610351562,164.0,0
2024-07-02 10:30:00,163.10000610351562,164.39999389648438,162.5,162.60000610351562,4233800
2024-07-02 11:30:00,162.1999969482422,163.3000030517578,162.10000610351562,163.10000610351562,2115050
2024-07-02 12:30:00,162.39999389648438,162.6999969482422,162.1999969482422,162.1999969482422,856829
2024-07-02 13:30:00,162.0,162.39999389648438,161.5,162.3000030517578,1815725
2024-07-02 14:30:00,161.5,162.10000610351562,161.1999969482422,161.89999389648438,1915742
2024-07-02 15:30:00,161.6999969482422,162.6999969482422,161.39999389648438,161.5,2945112
2024-07-02 16:30:00,161.1999969482422,161.89999389648438,160.8000030517578,161.60000610351562,2886895
2024-07-02 17:30:00,162.10000610351562,162.39999389648438,161.0,161.1999969482422,2433423
2024-07-03 09:30:00,166.8000030517578,167.3000030517578,164.89999389648438,164.89999389648438,0
2024-07-03 10:30:00,166.5,167.5,165.6999969482422,166.8000030517578,3830207
2024-07-03 11:30:00,166.6999969482422,166.8000030517578,165.8000030517578,166.5,1437642
2024-07-03 14:30:00,166.10000610351562,166.89999389648438,165.60000610351562,166.8000030517578,4481271
2024-07-03 15:30:00,165.89999389648438,166.89999389648438,165.6999969482422,166.1999969482422,1785263
2024-07-03 16:30:00,168.10000610351562,168.3000030517578,165.60000610351562,165.8000030517578,4630124
2024-07-03 17:30:00,168.3000030517578,168.8000030517578,167.8000030517578,168.0,2995488
2024-07-04 09:30:00,168.6999969482422,169.10000610351562,168.10000610351562,168.6999969482422,0
2024-07-04 10:30:00,170.0,170.5,168.0,168.6999969482422,5580324
2024-07-04 11:30:00,168.89999389648438,170.0,168.8000030517578,170.0,2055833
2024-07-04 12:30:00,169.60000610351562,169.8000030517578,168.8000030517578,168.89999389648438,1211748
2024-07-04 13:30:00,170.8000030517578,170.8000030517578,169.10000610351562,169.60000610351562,2502024
2024-07-04 14:30:00,171.60000610351562,171.89999389648438,170.5,170.6999969482422,5421609
2024-07-04 15:30:00,173.1999969482422,173.3000030517578,171.10000610351562,171.5,4627429
2024-07-04 16:30:00,172.39999389648438,173.3000030517578,171.89999389648438,173.10000610351562,3010906
2024-07-04 17:30:00,173.8000030517578,174.0,172.3000030517578,172.39999389648438,3535453
2024-07-05 09:30:00,174.1999969482422,175.3000030517578,173.39999389648438,174.1999969482422,0
2024-07-05 10:30:00,173.5,175.60000610351562,173.10000610351562,174.1999969482422,4879751
2024-07-05 11:30:00,173.1999969482422,173.6999969482422,173.10000610351562,173.5,1400701
2024-07-05 12:30:00,173.3000030517578,173.6999969482422,173.10000610351562,173.10000610351562,801873
2024-07-05 13:30:00,173.3000030517578,173.5,172.60000610351562,173.3000030517578,1593940
2024-07-05 14:30:00,173.10000610351562,173.8000030517578,172.89999389648438,173.3000030517578,1647614
2024-07-05 15:30:00,173.3000030517578,174.5,172.89999389648438,173.10000610351562,1769738
2024-07-05 16:30:00,173.5,173.6999969482422,172.60000610351562,173.1999969482422,2279801
2024-07-05 17:30:00,173.10000610351562,173.5,172.60000610351562,173.5,1645950
2024-07-08 09:30:00,173.60000610351562,176.0,173.10000610351562,174.39999389648438,0
2024-07-08 10:30:00,173.1999969482422,174.39999389648438,172.6999969482422,173.60000610351562,2261286
2024-07-08 11:30:00,174.60000610351562,174.6999969482422,173.10000610351562,173.1999969482422,2270732
2024-07-08 12:30:00,174.39999389648438,175.10000610351562,174.1999969482422,174.60000610351562,2113914
2024-07-08 13:30:00,173.89999389648438,175.10000610351562,173.8000030517578,174.39999389648438,2568766
2024-07-08 14:30:00,173.8000030517578,174.1999969482422,173.10000610351562,173.89999389648438,1641674
2024-07-08 15:30:00,173.10000610351562,174.0,172.8000030517578,173.89999389648438,1535352
2024-07-08 16:30:00,172.39999389648438,173.10000610351562,171.89999389648438,173.0,2470510
2024-07-08 17:30:00,171.6999969482422,172.5,171.3000030517578,172.5,1557252
2024-07-09 09:30:00,171.5,172.3000030517578,171.3000030517578,171.8000030517578,0
2024-07-09 10:30:00,170.6999969482422,172.10000610351562,170.10000610351562,171.5,2704755
2024-07-09 11:30:00,170.89999389648438,171.0,170.10000610351562,170.6999969482422,1984193
2024-07-09 12:30:00,171.1999969482422,171.6999969482422,170.60000610351562,170.89999389648438,2588128
2024-07-09 13:30:00,171.10000610351562,171.89999389648438,170.89999389648438,171.1999969482422,1946118
2024-07-09 14:30:00,169.6999969482422,171.1999969482422,169.3000030517578,171.10000610351562,2612555
2024-07-09 15:30:00,169.89999389648438,170.1999969482422,169.0,169.60000610351562,2935053
2024-07-09 16:30:00,169.10000610351562,169.89999389648438,168.5,169.89999389648438,2605826
2024-07-09 17:30:00,168.6999969482422,169.3000030517578,168.5,169.10000610351562,1535561
2024-07-10 09:30:00,167.89999389648438,169.89999389648438,167.6999969482422,168.89999389648438,0
2024-07-10 10:30:00,167.5,168.0,167.10000610351562,167.89999389648438,2737765
2024-07-10 11:30:00,167.60000610351562,168.0,167.3000030517578,167.39999389648438,1331953
2024-07-10 12:30:00,167.5,167.89999389648438,167.39999389648438,167.60000610351562,875927
2024-07-10 13:30:00,168.6999969482422,169.0,167.39999389648438,167.5,2194902
2024-07-10 14:30:00,168.39999389648438,169.60000610351562,168.1999969482422,168.6999969482422,1810535
2024-07-10 15:30:00,168.60000610351562,169.0,167.6999969482422,168.5,1342095
2024-07-10 16:30:00,169.8000030517578,169.89999389648438,168.5,168.60000610351562,2705685
2024-07-10 17:30:00,168.5,170.3000030517578,168.3000030517578,169.8000030517578,1943549
2024-07-11 09:30:00,169.39999389648438,170.5,168.89999389648438,169.0,0
2024-07-11 10:30:00,169.39999389648438,170.1999969482422,169.3000030517578,169.39999389648438,2577827
2024-07-11 11:30:00,169.89999389648438,170.0,169.39999389648438,169.39999389648438,1097168
2024-07-11 12:30:00,169.89999389648438,170.10000610351562,169.6999969482422,169.89999389648438,860082
2024-07-11 13:30:00,169.8000030517578,170.0,169.60000610351562,169.89999389648438,783033
2024-07-11 14:30:00,170.1999969482422,170.1999969482422,169.5,169.6999969482422,1390458
2024-07-11 15:30:00,170.6999969482422,171.10000610351562,170.1999969482422,170.1999969482422,3548318
2024-07-11 16:30:00,170.5,170.89999389648438,170.39999389648438,170.60000610351562,1430273
2024-07-11 17:30:00,170.39999389648438,170.60000610351562,170.0,170.5,1196672
2024-07-12 09:30:00,169.8000030517578,171.5,169.60000610351562,171.3000030517578,0
2024-07-12 10:30:00,169.10000610351562,169.8000030517578,168.8000030517578,169.8000030517578,2808229
2024-07-12 11:30:00,169.1999969482422,169.39999389648438,168.6999969482422,169.10000610351562,1749286
2024-07-12 12:30:00,168.8000030517578,169.1999969482422,168.6999969482422,169.10000610351562,1048097
2024-07-12 13:30:00,168.89999389648438,169.10000610351562,168.6999969482422,168.8000030517578,902263
2024-07-12 14:30:00,168.8000030517578,169.1999969482422,168.6999969482422,168.89999389648438,1354702
2024-07-12 15:30:00,168.89999389648438,169.0,168.60000610351562,168.8000030517578,1205273
2024-07-12 16:30:00,168.6999969482422,169.5,168.6999969482422,168.89999389648438,2612553
2024-07-12 17:30:00,168.3000030517578,168.89999389648438,168.1999969482422,168.8000030517578,1863268
2024-07-16 09:30:00,169.1999969482422,169.8000030517578,168.8000030517578,168.89999389648438,0
2024-07-16 10:30:00,168.5,169.1999969482422,168.3000030517578,169.1999969482422,2858001
2024-07-16 11:30:00,167.6999969482422,168.5,167.5,168.5,2096426
2024-07-16 12:30:00,167.39999389648438,167.8000030517578,167.1999969482422,167.60000610351562,1539936
2024-07-16 13:30:00,167.10000610351562,167.5,167.10000610351562,167.39999389648438,1174569
2024-07-16 14:30:00,166.89999389648438,167.39999389648438,166.8000030517578,167.10000610351562,1985636
2024-07-16 15:30:00,166.60000610351562,166.89999389648438,166.3000030517578,166.89999389648438,2038568
2024-07-16 16:30:00,166.89999389648438,167.10000610351562,166.5,166.60000610351562,2226229
2024-07-16 17:30:00,166.39999389648438,166.89999389648438,166.3000030517578,166.8000030517578,1638622
2024-07-17 09:30:00,165.3000030517578,167.39999389648438,165.0,166.8000030517578,0
2024-07-17 10:30:00,166.39999389648438,166.8000030517578,165.1999969482422,165.3000030517578,3330318
2024-07-17 11:30:00,166.3000030517578,166.60000610351562,166.1999969482422,166.3000030517578,1282987
2024-07-17 12:30:00,165.8000030517578,166.39999389648438,165.60000610351562,166.3000030517578,1125789
2024-07-17 13:30:00,165.89999389648438,166.10000610351562,165.60000610351562,165.8000030517578,1421918
2024-07-17 14:30:00,166.5,166.60000610351562,165.60000610351562,165.89999389648438,1672332
2024-07-17 15:30:00,166.10000610351562,166.60000610351562,166.0,166.5,1273374
2024-07-17 16:30:00,166.8000030517578,167.3000030517578,166.0,166.10000610351562,3510439
2024-07-17 17:30:00,166.3000030517578,166.89999389648438,166.10000610351562,166.8000030517578,1830422
2024-07-18 09:30:00,167.0,167.8000030517578,166.6999969482422,167.10000610351562,0
2024-07-18 10:30:00,166.6999969482422,167.0,166.3000030517578,167.0,3170911
2024-07-18 11:30:00,168.3000030517578,168.60000610351562,166.6999969482422,166.8000030517578,6365697
2024-07-18 12:30:00,167.39999389648438,168.39999389648438,167.10000610351562,168.39999389648438,2677148
2024-07-18 13:30:00,167.39999389648438,167.6999969482422,167.1999969482422,167.3000030517578,1473585
2024-07-18 14:30:00,167.39999389648438,167.60000610351562,167.3000030517578,167.39999389648438,1392743
2024-07-18 15:30:00,167.5,168.39999389648438,167.3000030517578,167.39999389648438,2388289
2024-07-18 16:30:00,167.3000030517578,167.8000030517578,167.10000610351562,167.60000610351562,1848872
2024-07-18 17:30:00,166.10000610351562,167.3000030517578,165.8000030517578,167.3000030517578,2819057
2024-07-19 09:30:00,166.10000610351562,166.3000030517578,165.39999389648438,166.10000610351562,0
2024-07-19 10:30:00,165.8000030517578,166.60000610351562,165.5,166.0,2399324
2024-07-19 11:30:00,166.3000030517578,166.60000610351562,165.6999969482422,165.8000030517578,1574419
2024-07-19 12:30:00,166.39999389648438,166.5,166.0,166.3000030517578,905410
2024-07-19 13:30:00,166.8000030517578,167.1999969482422,166.1999969482422,166.39999389648438,2233515
2024-07-19 14:30:00,166.39999389648438,166.8000030517578,166.10000610351562,166.8000030517578,1656128
2024-07-19 15:30:00,166.0,166.60000610351562,165.8000030517578,166.39999389648438,2525656
2024-07-19 16:30:00,164.5,166.10000610351562,164.1999969482422,165.89999389648438,3742329
2024-07-19 17:30:00,164.60000610351562,164.8000030517578,164.1999969482422,164.5,2044319
2024-07-22 09:30:00,165.39999389648438,166.0,165.0,165.5,0
2024-07-22 10:30:00,165.39999389648438,166.0,165.3000030517578,165.39999389648438,3462855
2024-07-22 11:30:00,165.10000610351562,165.5,165.0,165.39999389648438,1760564
2024-07-22 12:30:00,165.10000610351562,165.1999969482422,164.6999969482422,165.10000610351562,1500780
2024-07-22 13:30:00,164.8000030517578,165.1999969482422,164.60000610351562,165.10000610351562,1840127
2024-07-22 14:30:00,164.1999969482422,164.8000030517578,164.0,164.6999969482422,1452369
2024-07-22 15:30:00,164.3000030517578,164.39999389648438,164.10000610351562,164.3000030517578,1111702
2024-07-22 16:30:00,163.39999389648438,164.39999389648438,162.6999969482422,164.3000030517578,3502478
2024-07-22 17:30:00,163.0,163.39999389648438,163.0,163.3000030517578,1639620
2024-07-23 09:30:00,163.89999389648438,165.0,163.3000030517578,163.39999389648438,0
2024-07-23 10:30:00,164.8000030517578,164.8000030517578,162.5,163.89999389648438,5296387
2024-07-23 11:30:00,164.10000610351562,164.8000030517578,164.0,164.8000030517578,1905597
2024-07-23 12:30:00,164.3000030517578,164.5,163.8000030517578,164.10000610351562,1231711
2024-07-23 13:30:00,164.60000610351562,164.89999389648438,163.8000030517578,164.3000030517578,2397195
2024-07-23 14:30:00,165.1999969482422,167.3000030517578,164.60000610351562,164.6999969482422,12954798
2024-07-23 15:30:00,165.1999969482422,165.5,164.8000030517578,165.10000610351562,3105771
2024-07-23 16:30:00,165.10000610351562,166.10000610351562,165.0,165.1999969482422,3174076
2024-07-23 17:30:00,164.60000610351562,165.10000610351562,164.0,165.10000610351562,2311039
2024-07-24 09:30:00,163.60000610351562,165.0,163.0,164.3000030517578,0
2024-07-24 10:30:00,164.60000610351562,165.60000610351562,163.3000030517578,163.60000610351562,5393335
2024-07-24 11:30:00,163.89999389648438,164.6999969482422,163.6999969482422,164.60000610351562,1560632
2024-07-24 12:30:00,165.0,165.0,163.6999969482422,163.89999389648438,2031527
2024-07-24 13:30:00,164.5,165.10000610351562,164.39999389648438,165.0,2101610
2024-07-24 14:30:00,164.39999389648438,164.60000610351562,164.1999969482422,164.5,1174439
2024-07-24 15:30:00,164.3000030517578,165.0,164.0,164.5,1964664
2024-07-24 16:30:00,163.6999969482422,164.5,163.3000030517578,164.3000030517578,2460297
2024-07-24 17:30:00,163.3000030517578,163.8000030517578,163.0,163.6999969482422,1655339
2024-07-25 09:30:00,163.10000610351562,163.60000610351562,162.39999389648438,162.89999389648438,0
2024-07-25 10:30:00,162.8000030517578,163.10000610351562,162.5,163.10000610351562,1895550
2024-07-25 11:30:00,162.60000610351562,162.89999389648438,162.39999389648438,162.8000030517578,1220079
2024-07-25 12:30:00,162.8000030517578,162.89999389648438,162.39999389648438,162.60000610351562,1159753
2024-07-25 13:30:00,162.3000030517578,162.89999389648438,162.1999969482422,162.8000030517578,1442954
2024-07-25 14:30:00,162.0,162.3000030517578,161.8000030517578,162.3000030517578,1749873
2024-07-25 15:30:00,162.3000030517578,162.5,161.6999969482422,162.0,1705398
2024-07-25 16:30:00,161.39999389648438,162.3000030517578,161.3000030517578,162.1999969482422,2191030
2024-07-25 17:30:00,161.10000610351562,161.60000610351562,160.60000610351562,161.39999389648438,1731699
2024-07-26 09:30:00,163.8000030517578,164.5,163.0,163.39999389648438,0
2024-07-26 10:30:00,163.1999969482422,164.10000610351562,162.89999389648438,163.8000030517578,2583236
2024-07-26 11:30:00,163.1999969482422,163.1999969482422,162.39999389648438,163.1999969482422,2109711
2024-07-26 12:30:00,163.8000030517578,164.1999969482422,163.0,163.1999969482422,1833385
2024-07-26 13:30:00,163.6999969482422,164.10000610351562,163.60000610351562,163.8000030517578,795909
2024-07-26 14:30:00,164.5,164.8000030517578,163.5,163.6999969482422,2534811
2024-07-26 15:30:00,164.1999969482422,164.60000610351562,164.10000610351562,164.39999389648438,1128432
2024-07-26 16:30:00,163.39999389648438,164.1999969482422,163.0,164.1999969482422,1980376
2024-07-26 17:30:00,163.60000610351562,163.6999969482422,163.1999969482422,163.39999389648438,1195843
2024-07-29 09:30:00,163.6999969482422,164.39999389648438,162.1999969482422,163.3000030517578,0
2024-07-29 10:30:00,162.89999389648438,163.89999389648438,162.5,163.8000030517578,2380964
2024-07-29 11:30:00,163.1999969482422,163.3000030517578,162.60000610351562,163.0,1147983
2024-07-29 12:30:00,163.89999389648438,164.3000030517578,163.0,163.3000030517578,2540916
2024-07-29 13:30:00,163.60000610351562,164.0,163.1999969482422,163.89999389648438,1379767
2024-07-29 14:30:00,163.1999969482422,163.60000610351562,162.8000030517578,163.5,1052285
2024-07-29 15:30:00,162.89999389648438,163.39999389648438,162.6999969482422,163.1999969482422,1138422
2024-07-29 16:30:00,162.3000030517578,162.89999389648438,162.1999969482422,162.89999389648438,1382965
2024-07-29 17:30:00,162.5,162.8000030517578,162.1999969482422,162.3000030517578,1010435
2024-07-30 09:30:00,163.0,164.3000030517578,162.6999969482422,162.89999389648438,2703075
2024-07-30 10:30:00,163.60000610351562,164.0,162.89999389648438,163.0,2903655
2024-07-30 11:30:00,163.10000610351562,163.60000610351562,162.8000030517578,163.60000610351562,1270022
2024-07-30 12:30:00,163.0,163.3000030517578,162.89999389648438,163.0,921413
2024-07-30 13:30:00,162.39999389648438,163.10000610351562,162.3000030517578,163.0,1522901
2024-07-30 14:30:00,162.0,162.5,161.8000030517578,162.3000030517578,1857983
2024-07-30 15:30:00,162.0,162.5,161.8000030517578,162.0,1426115
2024-07-30 16:30:00,161.89999389648438,162.5,161.8000030517578,161.89999389648438,1296991
2024-07-30 17:30:00,161.60000610351562,162.0,161.5,161.8000030517578,0
2024-07-31 09:30:00,161.6999969482422,162.0,160.10000610351562,161.0,0
2024-07-31 10:30:00,161.8000030517578,162.1999969482422,161.39999389648438,161.6999969482422,3066101
2024-07-31 11:30:00,162.10000610351562,162.10000610351562,161.39999389648438,161.8000030517578,1615924
2024-07-31 12:30:00,162.0,162.39999389648438,161.60000610351562,162.0,1418544
2024-07-31 13:30:00,162.3000030517578,162.6999969482422,161.89999389648438,162.0,2155772
2024-07-31 14:30:00,162.89999389648438,163.39999389648438,161.10000610351562,162.3000030517578,4211844
2024-07-31 15:30:00,163.39999389648438,163.89999389648438,162.6999969482422,162.89999389648438,3447509
2024-07-31 16:30:00,163.0,163.6999969482422,162.6999969482422,163.39999389648438,2751795
2024-07-31 17:30:00,162.39999389648438,163.0,162.0,163.0,1868544
2024-08-01 09:30:00,164.6999969482422,166.6999969482422,164.10000610351562,165.1999969482422,0
2024-08-01 10:30:00,164.60000610351562,164.6999969482422,163.8000030517578,164.60000610351562,2742217
2024-08-01 11:30:00,164.89999389648438,165.10000610351562,164.5,164.5,2212843
2024-08-01 12:30:00,165.0,165.10000610351562,164.60000610351562,164.8000030517578,1018638
2024-08-01 13:30:00,165.10000610351562,165.5,164.8000030517578,165.0,1764817
2024-08-01 14:30:00,164.60000610351562,165.10000610351562,164.39999389648438,165.0,1362918
2024-08-01 15:30:00,164.60000610351562,164.8000030517578,164.5,164.6999969482422,1013542
2024-08-01 16:30:00,164.3000030517578,164.6999969482422,163.89999389648438,164.6999969482422,1867839
2024-08-01 17:30:00,164.3000030517578,164.3000030517578,164.0,164.3000030517578,1338849
2024-08-02 09:30:00,162.60000610351562,163.0,162.0,162.5,3026814
2024-08-02 10:30:00,161.60000610351562,162.60000610351562,161.1999969482422,162.60000610351562,2445623
2024-08-02 11:30:00,161.8000030517578,162.0,161.5,161.5,1186809
2024-08-02 12:30:00,161.6999969482422,161.89999389648438,161.60000610351562,161.8000030517578,1015227
2024-08-02 13:30:00,161.3000030517578,161.6999969482422,161.10000610351562,161.6999969482422,1119961
2024-08-02 14:30:00,161.3000030517578,161.60000610351562,161.10000610351562,161.1999969482422,982347
2024-08-02 15:30:00,160.39999389648438,161.39999389648438,159.8000030517578,161.39999389648438,3070702
2024-08-02 16:30:00,159.39999389648438,160.5,159.10000610351562,160.3000030517578,3004871
2024-08-02 17:30:00,159.39999389648438,160.39999389648438,159.1999969482422,159.39999389648438,2539911
2024-08-05 09:30:00,152.1999969482422,152.1999969482422,152.1999969482422,152.1999969482422,0
2024-08-05 10:30:00,154.3000030517578,155.6999969482422,152.1999969482422,152.1999969482422,6200469
2024-08-05 11:30:00,157.8000030517578,158.6999969482422,154.10000610351562,154.3000030517578,5691300
2024-08-05 12:30:00,156.39999389648438,157.8000030517578,156.3000030517578,157.8000030517578,1975113
2024-08-05 13:30:00,155.1999969482422,156.60000610351562,155.10000610351562,156.39999389648438,2249782
2024-08-05 14:30:00,153.5,155.3000030517578,152.8000030517578,155.1999969482422,2619001
2024-08-05 15:30:00,154.6999969482422,155.39999389648438,152.39999389648438,153.5,3941160
2024-08-05 16:30:00,154.60000610351562,155.8000030517578,154.0,154.6999969482422,3110653
2024-08-05 17:30:00,154.3000030517578,155.3000030517578,153.89999389648438,154.5,2229957
2024-08-06 09:30:00,161.5,162.39999389648438,158.3000030517578,159.5,0
2024-08-06 10:30:00,160.5,161.6999969482422,159.10000610351562,161.39999389648438,6071345
2024-08-06 11:30:00,160.39999389648438,160.8000030517578,159.60000610351562,160.5,1750181
2024-08-06 12:30:00,161.10000610351562,161.3000030517578,160.1999969482422,160.39999389648438,1926259
2024-08-06 13:30:00,160.6999969482422,161.6999969482422,160.10000610351562,161.10000610351562,2269329
2024-08-06 14:30:00,160.39999389648438,160.89999389648438,160.3000030517578,160.6999969482422,1251198
2024-08-06 15:30:00,158.1999969482422,160.60000610351562,158.0,160.39999389648438,2858564
2024-08-06 16:30:00,158.60000610351562,159.6999969482422,157.8000030517578,158.10000610351562,3724656
2024-08-06 17:30:00,158.1999969482422,158.89999389648438,158.0,158.60000610351562,1465175
2024-08-07 09:30:00,160.0,160.10000610351562,158.6999969482422,159.0,3577554
2024-08-07 10:30:00,161.3000030517578,161.5,160.0,160.0,4150189
2024-08-07 11:30:00,161.3000030517578,161.6999969482422,161.0,161.3000030517578,2264499
2024-08-07 12:30:00,161.5,161.60000610351562,160.89999389648438,161.3000030517578,1740144
2024-08-07 13:30:00,160.6999969482422,161.5,160.5,161.5,1671607
2024-08-07 14:30:00,160.1999969482422,161.1999969482422,159.89999389648438,160.6999969482422,2070293
2024-08-07 15:30:00,160.39999389648438,160.8000030517578,159.8000030517578,160.10000610351562,1362794
2024-08-07 16:30:00,161.5,162.3000030517578,160.1999969482422,160.39999389648438,3165504
2024-08-07 17:30:00,162.89999389648438,162.89999389648438,161.10000610351562,161.5,1783495
2024-08-08 09:30:00,164.0,165.39999389648438,162.1999969482422,162.89999389648438,5740746
2024-08-08 10:30:00,164.39999389648438,164.8000030517578,162.89999389648438,163.89999389648438,4151819
2024-08-08 11:30:00,164.10000610351562,164.5,163.60000610351562,164.5,1493685
2024-08-08 12:30:00,164.0,164.39999389648438,163.39999389648438,164.10000610351562,1659000
2024-08-08 13:30:00,164.1999969482422,164.39999389648438,163.6999969482422,164.0,1054178
2024-08-08 14:30:00,163.5,164.1999969482422,163.39999389648438,164.10000610351562,973436
2024-08-08 15:30:00,164.0,164.6999969482422,163.39999389648438,163.5,2698604
2024-08-08 16:30:00,163.89999389648438,164.1999969482422,163.6999969482422,164.0,1461554
2024-08-08 17:30:00,164.8000030517578,165.10000610351562,163.6999969482422,164.0,2652339
2024-08-09 09:30:00,166.39999389648438,167.0,165.60000610351562,165.60000610351562,0
2024-08-09 10:30:00,163.8000030517578,166.5,163.6999969482422,166.39999389648438,4111177
2024-08-09 11:30:00,163.6999969482422,164.39999389648438,163.1999969482422,163.6999969482422,1665805
2024-08-09 12:30:00,163.39999389648438,163.6999969482422,162.60000610351562,163.60000610351562,1682485
2024-08-09 13:30:00,163.39999389648438,163.6999969482422,162.89999389648438,163.39999389648438,977893
2024-08-09 14:30:00,163.10000610351562,163.5,162.89999389648438,163.39999389648438,920167
2024-08-09 15:30:00,162.6999969482422,163.1999969482422,162.0,163.10000610351562,1783762
2024-08-09 16:30:00,163.3000030517578,164.10000610351562,162.10000610351562,162.6999969482422,2221096
2024-08-09 17:30:00,162.89999389648438,163.5,162.8000030517578,163.39999389648438,1283914
2024-08-12 09:30:00,165.3000030517578,165.8000030517578,163.8000030517578,163.89999389648438,0
2024-08-12 10:30:00,165.60000610351562,166.0,165.0,165.3000030517578,3124531
2024-08-12 11:30:00,165.0,165.60000610351562,164.6999969482422,165.60000610351562,1563767
2024-08-12 12:30:00,164.89999389648438,165.3000030517578,164.60000610351562,165.0,1010631
2024-08-12 13:30:00,162.8000030517578,165.10000610351562,162.8000030517578,164.8000030517578,2040356
2024-08-12 14:30:00,162.8000030517578,163.39999389648438,162.5,162.89999389648438,1976076
2024-08-12 15:30:00,162.5,162.8000030517578,162.10000610351562,162.8000030517578,1509735
2024-08-12 16:30:00,161.8000030517578,162.6999969482422,160.60000610351562,162.5,2577769
2024-08-12 17:30:00,161.39999389648438,161.89999389648438,160.8000030517578,161.6999969482422,1273299
2024-08-13 09:30:00,160.3000030517578,162.89999389648438,159.89999389648438,161.8000030517578,0
2024-08-13 10:30:00,160.3000030517578,160.8000030517578,159.89999389648438,160.3000030517578,2733067
2024-08-13 11:30:00,161.10000610351562,161.39999389648438,160.10000610351562,160.1999969482422,1475415
2024-08-13 12:30:00,160.6999969482422,161.6999969482422,160.6999969482422,161.10000610351562,811789
2024-08-13 13:30:00,161.0,161.60000610351562,160.60000610351562,160.8000030517578,943372
2024-08-13 14:30:00,160.39999389648438,161.1999969482422,160.10000610351562,160.89999389648438,1478049
2024-08-13 15:30:00,159.8000030517578,160.60000610351562,159.5,160.39999389648438,1511272
2024-08-13 16:30:00,161.3000030517578,161.5,159.10000610351562,159.6999969482422,3121771
2024-08-13 17:30:00,161.8000030517578,162.1999969482422,160.39999389648438,161.3000030517578,2465914
2024-08-14 09:30:00,162.5,164.0,161.8000030517578,162.89999389648438,0
2024-08-14 10:30:00,161.39999389648438,162.60000610351562,161.0,162.5,1894911
2024-08-14 11:30:00,161.10000610351562,161.60000610351562,160.89999389648438,161.39999389648438,1076221
2024-08-14 12:30:00,161.10000610351562,161.39999389648438,161.0,161.1999969482422,714523
2024-08-14 13:30:00,160.89999389648438,161.5,160.8000030517578,161.10000610351562,875495
2024-08-14 14:30:00,161.1999969482422,161.1999969482422,160.39999389648438,160.89999389648438,954558
2024-08-14 15:30:00,160.10000610351562,161.39999389648438,160.0,161.10000610351562,1917598
2024-08-14 16:30:00,160.10000610351562,160.39999389648438,159.39999389648438,160.10000610351562,2216405
2024-08-14 17:30:00,159.10000610351562,160.1999969482422,158.8000030517578,160.10000610351562,1941654
2024-08-15 09:30:00,159.1999969482422,160.3000030517578,158.10000610351562,159.5,0
2024-08-15 10:30:00,159.1999969482422,160.0,158.6999969482422,159.1999969482422,1896092
2024-08-15 11:30:00,159.39999389648438,159.8000030517578,158.89999389648438,159.1999969482422,1012216
2024-08-15 12:30:00,159.39999389648438,159.60000610351562,159.10000610351562,159.3000030517578,618984
2024-08-15 13:30:00,159.3000030517578,160.10000610351562,158.8000030517578,159.39999389648438,1362639
2024-08-15 14:30:00,159.8000030517578,159.89999389648438,159.1999969482422,159.3000030517578,884173
2024-08-15 15:30:00,162.1999969482422,162.5,159.8000030517578,159.8000030517578,4812276
2024-08-15 16:30:00,161.3000030517578,162.1999969482422,161.10000610351562,162.1999969482422,1914499
2024-08-15 17:30:00,162.3000030517578,162.3000030517578,161.3000030517578,161.3000030517578,1344051
2024-08-16 09:30:00,162.8000030517578,165.1999969482422,162.60000610351562,163.3000030517578,0
2024-08-16 10:30:00,162.39999389648438,162.89999389648438,161.89999389648438,162.6999969482422,2007784
2024-08-16 11:30:00,162.8000030517578,163.10000610351562,162.1999969482422,162.39999389648438,1274003
2024-08-16 12:30:00,162.5,162.8000030517578,162.3000030517578,162.8000030517578,633026
2024-08-16 13:30:00,161.8000030517578,162.60000610351562,161.6999969482422,162.5,1017323
2024-08-16 14:30:00,162.6999969482422,164.0,161.60000610351562,161.89999389648438,2445667
2024-08-16 15:30:00,161.8000030517578,162.6999969482422,161.60000610351562,162.6999969482422,1062592
2024-08-16 16:30:00,162.3000030517578,162.6999969482422,161.5,161.6999969482422,1450284
2024-08-16 17:30:00,161.8000030517578,162.5,161.5,162.1999969482422,1631701
2024-08-19 09:30:00,162.3000030517578,163.10000610351562,161.8000030517578,162.3000030517578,0
2024-08-19 10:30:00,162.3000030517578,162.6999969482422,162.10000610351562,162.3000030517578,1393230
2024-08-19 11:30:00,162.3000030517578,162.5,161.89999389648438,162.3000030517578,1044458
2024-08-19 12:30:00,162.8000030517578,163.3000030517578,162.1999969482422,162.39999389648438,1766516
2024-08-19 13:30:00,163.0,163.39999389648438,162.5,162.8000030517578,1253502
2024-08-19 14:30:00,163.1999969482422,163.89999389648438,162.8000030517578,163.0,1937976
2024-08-19 15:30:00,163.1999969482422,163.5,163.0,163.1999969482422,1010921
2024-08-19 16:30:00,164.3000030517578,164.8000030517578,163.10000610351562,163.1999969482422,3535420
2024-08-19 17:30:00,165.39999389648438,165.39999389648438,164.10000610351562,164.1999969482422,2390761
2024-08-20 09:30:00,165.10000610351562,165.89999389648438,164.60000610351562,165.1999969482422,0
2024-08-20 10:30:00,165.39999389648438,165.6999969482422,163.6999969482422,165.10000610351562,2605300
2024-08-20 11:30:00,165.10000610351562,165.60000610351562,164.6999969482422,165.5,1605467
2024-08-20 12:30:00,164.8000030517578,165.10000610351562,164.5,165.10000610351562,904476
2024-08-20 13:30:00,164.6999969482422,165.5,164.3000030517578,164.8000030517578,1600241
2024-08-20 14:30:00,163.60000610351562,164.89999389648438,163.5,164.8000030517578,1364990
2024-08-20 15:30:00,163.89999389648438,164.6999969482422,163.3000030517578,163.5,1592077
2024-08-20 16:30:00,163.89999389648438,164.10000610351562,163.39999389648438,163.89999389648438,976636
2024-08-20 17:30:00,163.89999389648438,164.5,163.6999969482422,163.89999389648438,1106439
2024-08-21 09:30:00,164.60000610351562,165.3000030517578,163.8000030517578,164.1999969482422,0
2024-08-21 10:30:00,165.1999969482422,165.8000030517578,164.60000610351562,164.60000610351562,3177241
2024-08-21 11:30:00,166.3000030517578,166.60000610351562,165.1999969482422,165.3000030517578,4173215
2024-08-21 12:30:00,166.8000030517578,167.0,166.1999969482422,166.3000030517578,2347307
2024-08-21 13:30:00,166.5,166.89999389648438,166.0,166.6999969482422,2238055
2024-08-21 14:30:00,166.60000610351562,166.89999389648438,166.1999969482422,166.60000610351562,1488287
2024-08-21 15:30:00,165.6999969482422,166.8000030517578,165.39999389648438,166.6999969482422,2057810
2024-08-21 16:30:00,165.39999389648438,165.8000030517578,165.0,165.6999969482422,1827764
2024-08-21 17:30:00,165.1999969482422,165.39999389648438,164.1999969482422,165.39999389648438,2001310
2024-08-22 09:30:00,166.39999389648438,166.60000610351562,165.6999969482422,165.89999389648438,0
2024-08-22 10:30:00,165.10000610351562,166.5,165.0,166.39999389648438,2826389
2024-08-22 11:30:00,165.10000610351562,165.39999389648438,164.60000610351562,165.10000610351562,1897604
2024-08-22 12:30:00,165.0,165.5,164.89999389648438,165.1999969482422,936446
2024-08-22 13:30:00,165.0,165.39999389648438,164.39999389648438,165.10000610351562,891092
2024-08-22 14:30:00,164.10000610351562,165.1999969482422,164.0,165.0,1135982
2024-08-22 15:30:00,163.89999389648438,164.5,163.5,164.0,1401119
2024-08-22 16:30:00,163.60000610351562,164.5,162.89999389648438,163.8000030517578,2305075
2024-08-22 17:30:00,163.6999969482422,164.1999969482422,163.1999969482422,163.60000610351562,1584227
2024-08-23 09:30:00,163.8000030517578,164.1999969482422,163.60000610351562,164.1999969482422,0
2024-08-23 10:30:00,162.6999969482422,163.8000030517578,162.39999389648438,163.8000030517578,1580230
2024-08-23 11:30:00,162.3000030517578,163.0,162.1999969482422,162.6999969482422,972834
2024-08-23 12:30:00,162.3000030517578,162.5,161.89999389648438,162.3000030517578,733416
2024-08-23 13:30:00,162.60000610351562,163.3000030517578,162.3000030517578,162.39999389648438,994726
2024-08-23 14:30:00,162.3000030517578,162.60000610351562,161.89999389648438,162.60000610351562,1180137
2024-08-23 15:30:00,162.5,162.6999969482422,161.89999389648438,162.3000030517578,1065648
2024-08-23 16:30:00,163.0,164.0,162.10000610351562,162.5,2030936
2024-08-23 17:30:00,161.3000030517578,163.10000610351562,160.60000610351562,162.89999389648438,2193528
2024-08-26 09:30:00,161.39999389648438,162.39999389648438,160.8000030517578,162.39999389648438,0
2024-08-26 10:30:00,160.0,161.60000610351562,159.89999389648438,161.39999389648438,1955375
2024-08-26 11:30:00,160.5,160.6999969482422,159.89999389648438,159.89999389648438,1064016
2024-08-26 12:30:00,160.89999389648438,161.39999389648438,160.39999389648438,160.5,1377258
2024-08-26 13:30:00,162.5,162.60000610351562,160.6999969482422,160.89999389648438,2118172
2024-08-26 14:30:00,162.8000030517578,163.3000030517578,161.8000030517578,162.60000610351562,2783388
2024-08-26 15:30:00,164.10000610351562,164.5,162.60000610351562,162.8000030517578,3199670
2024-08-26 16:30:00,162.60000610351562,164.3000030517578,162.0,164.10000610351562,2338233
2024-08-26 17:30:00,160.6999969482422,162.60000610351562,160.39999389648438,162.60000610351562,2496006
2024-08-27 09:30:00,161.3000030517578,161.5,160.1999969482422,160.8000030517578,0
2024-08-27 10:30:00,161.3000030517578,161.6999969482422,160.8000030517578,161.3000030517578,1545642
2024-08-27 11:30:00,161.5,161.8000030517578,161.3000030517578,161.3000030517578,1226542
2024-08-27 12:30:00,161.8000030517578,162.1999969482422,161.1999969482422,161.60000610351562,1646869
2024-08-27 13:30:00,162.60000610351562,162.60000610351562,161.3000030517578,161.6999969482422,1733244
2024-08-27 14:30:00,162.6999969482422,163.5,162.3000030517578,162.60000610351562,2611842
2024-08-27 15:30:00,162.89999389648438,163.39999389648438,162.3000030517578,162.6999969482422,1502574
2024-08-27 16:30:00,163.5,163.5,162.5,163.0,1875970
2024-08-27 17:30:00,164.3000030517578,164.89999389648438,163.3000030517578,163.39999389648438,2964581
2024-08-28 09:30:00,165.60000610351562,165.6999969482422,164.3000030517578,164.6999969482422,0
2024-08-28 10:30:00,164.8000030517578,165.60000610351562,164.60000610351562,165.5,1919740
2024-08-28 11:30:00,164.8000030517578,165.3000030517578,164.0,164.8000030517578,2016919
2024-08-28 12:30:00,164.8000030517578,165.3000030517578,164.5,164.89999389648438,768113
2024-08-28 13:30:00,165.1999969482422,165.39999389648438,164.5,164.8000030517578,1358793
2024-08-28 14:30:00,165.0,165.5,164.89999389648438,165.1999969482422,2272538
2024-08-28 15:30:00,164.8000030517578,165.10000610351562,164.60000610351562,165.0,1462690
2024-08-28 16:30:00,164.8000030517578,165.1999969482422,164.5,164.8000030517578,1532939
2024-08-28 17:30:00,165.10000610351562,165.3000030517578,164.8000030517578,164.8000030517578,1422080
2024-08-29 09:30:00,166.3000030517578,167.0,164.6999969482422,165.60000610351562,0
2024-08-29 10:30:00,166.6999969482422,167.60000610351562,166.1999969482422,166.3000030517578,4668358
2024-08-29 11:30:00,167.0,167.3000030517578,166.0,166.60000610351562,2744093
2024-08-29 12:30:00,167.0,167.5,166.6999969482422,167.0,1171026
2024-08-29 13:30:00,167.8000030517578,168.0,166.89999389648438,167.0,2277814
2024-08-29 14:30:00,168.0,168.60000610351562,167.60000610351562,167.8000030517578,3291932
2024-08-29 15:30:00,168.0,168.3000030517578,167.1999969482422,167.89999389648438,2137653
2024-08-29 16:30:00,169.0,169.10000610351562,167.6999969482422,168.0,3962303
2024-08-29 17:30:00,169.0,171.39999389648438,168.6999969482422,169.0,7822957
2024-09-02 09:30:00,169.5,171.60000610351562,169.1999969482422,169.5,5687552
2024-09-02 10:30:00,170.60000610351562,170.6999969482422,169.0,169.5,3734454
2024-09-02 11:30:00,170.3000030517578,170.6999969482422,169.5,170.60000610351562,3979838
2024-09-02 12:30:00,170.10000610351562,170.6999969482422,169.89999389648438,170.39999389648438,1634637
2024-09-02 13:30:00,170.1999969482422,170.3000030517578,169.89999389648438,170.10000610351562,1088918
2024-09-02 14:30:00,170.0,170.39999389648438,169.8000030517578,170.10000610351562,1246310
2024-09-02 15:30:00,170.10000610351562,170.6999969482422,170.0,170.10000610351562,1567239
2024-09-02 16:30:00,170.5,170.60000610351562,169.5,170.10000610351562,2748291
2024-09-02 17:30:00,170.39999389648438,170.60000610351562,169.89999389648438,170.39999389648438,1645034
2024-09-03 09:30:00,170.39999389648438,171.3000030517578,169.8000030517578,170.8000030517578,0
2024-09-03 10:30:00,169.39999389648438,170.39999389648438,169.1999969482422,170.39999389648438,2695025
2024-09-03 11:30:00,168.8000030517578,169.5,168.5,169.5,1814534
2024-09-03 12:30:00,169.10000610351562,169.3000030517578,168.6999969482422,168.6999969482422,947125
2024-09-03 13:30:00,168.10000610351562,169.10000610351562,167.89999389648438,169.10000610351562,1547643
2024-09-03 14:30:00,168.3000030517578,169.39999389648438,167.6999969482422,168.10000610351562,2760020
2024-09-03 15:30:00,167.89999389648438,168.89999389648438,167.8000030517578,168.39999389648438,1666344
2024-09-03 16:30:00,167.5,168.0,166.89999389648438,167.89999389648438,2687930
2024-09-03 17:30:00,166.89999389648438,167.6999969482422,166.8000030517578,167.5,1820855
2024-09-04 09:30:00,165.6999969482422,165.89999389648438,164.8000030517578,165.0,0
2024-09-04 10:30:00,165.5,166.1999969482422,165.39999389648438,165.6999969482422,1874736
2024-09-04 11:30:00,164.89999389648438,165.60000610351562,164.5,165.39999389648438,1941837
2024-09-04 12:30:00,164.8000030517578,165.10000610351562,164.60000610351562,164.89999389648438,871276
2024-09-04 13:30:00,163.8000030517578,164.89999389648438,163.8000030517578,164.8000030517578,1359918
2024-09-04 14:30:00,163.6999969482422,164.0,163.5,163.89999389648438,1598039
2024-09-04 15:30:00,163.60000610351562,164.10000610351562,163.1999969482422,163.6999969482422,1507492
2024-09-04 16:30:00,163.5,164.0,163.1999969482422,163.6999969482422,1409257
2024-09-04 17:30:00,164.8000030517578,165.0,163.39999389648438,163.5,2194847
2024-09-05 09:30:00,164.3000030517578,166.39999389648438,164.1999969482422,165.6999969482422,0
2024-09-05 10:30:00,164.3000030517578,164.5,163.6999969482422,164.1999969482422,1927695
2024-09-05 11:30:00,163.6999969482422,164.5,163.5,164.3000030517578,1886093
2024-09-05 12:30:00,163.89999389648438,164.10000610351562,163.60000610351562,163.6999969482422,672244
2024-09-05 13:30:00,163.6999969482422,164.10000610351562,163.60000610351562,164.0,950689
2024-09-05 14:30:00,163.3000030517578,163.89999389648438,163.0,163.6999969482422,1385521
2024-09-05 15:30:00,163.39999389648438,163.8000030517578,163.10000610351562,163.3000030517578,1391813
2024-09-05 16:30:00,163.1999969482422,163.8000030517578,163.10000610351562,163.5,1482243
2024-09-05 17:30:00,162.8000030517578,163.1999969482422,162.0,163.10000610351562,2746783
2024-09-06 09:30:00,161.89999389648438,162.60000610351562,161.60000610351562,162.39999389648438,0
2024-09-06 10:30:00,162.10000610351562,162.3000030517578,161.60000610351562,161.89999389648438,1786066
2024-09-06 11:30:00,163.1999969482422,163.3000030517578,161.8000030517578,162.0,2151443
2024-09-06 12:30:00,163.0,163.1999969482422,162.6999969482422,163.1999969482422,896395
2024-09-06 13:30:00,163.0,163.5,162.6999969482422,163.10000610351562,1047200
2024-09-06 14:30:00,163.3000030517578,163.3000030517578,162.8000030517578,163.0,745649
2024-09-06 15:30:00,162.8000030517578,163.89999389648438,162.6999969482422,163.3000030517578,2018862
2024-09-06 16:30:00,162.10000610351562,163.0,162.0,162.6999969482422,1929396
2024-09-06 17:30:00,161.5,162.3000030517578,161.10000610351562,162.10000610351562,2720498
2024-09-09 09:30:00,162.39999389648438,162.89999389648438,161.60000610351562,161.8000030517578,0
2024-09-09 10:30:00,162.5,163.3000030517578,162.10000610351562,162.39999389648438,2412277
2024-09-09 11:30:00,162.60000610351562,163.10000610351562,162.10000610351562,162.5,1162462
2024-09-09 12:30:00,163.10000610351562,163.3000030517578,162.5,162.6999969482422,1441387
2024-09-09 13:30:00,162.89999389648438,163.1999969482422,162.6999969482422,163.10000610351562,906546
2024-09-09 14:30:00,163.10000610351562,163.5,162.6999969482422,162.8000030517578,1366885
2024-09-09 15:30:00,162.1999969482422,163.1999969482422,161.8000030517578,163.10000610351562,1697444
2024-09-09 16:30:00,162.0,162.60000610351562,161.39999389648438,162.1999969482422,1665369
2024-09-09 17:30:00,161.6999969482422,162.1999969482422,161.39999389648438,162.0,1553310
2024-09-10 09:30:00,162.39999389648438,162.6999969482422,161.60000610351562,161.60000610351562,0
2024-09-10 10:30:00,162.0,162.8000030517578,161.6999969482422,162.39999389648438,1638154
2024-09-10 11:30:00,161.89999389648438,162.3000030517578,161.39999389648438,162.0,1369474
2024-09-10 12:30:00,161.8000030517578,162.10000610351562,161.5,161.89999389648438,795210
2024-09-10 13:30:00,161.60000610351562,161.89999389648438,161.3000030517578,161.8000030517578,1125043
2024-09-10 14:30:00,161.10000610351562,161.89999389648438,160.60000610351562,161.60000610351562,1733612
2024-09-10 15:30:00,161.10000610351562,161.89999389648438,160.8000030517578,161.0,1734243
2024-09-10 16:30:00,161.0,161.6999969482422,160.39999389648438,161.10000610351562,2697290
2024-09-10 17:30:00,160.39999389648438,161.39999389648438,160.39999389648438,161.0,1463384
2024-09-11 09:30:00,159.5,160.10000610351562,158.60000610351562,159.8000030517578,2648244
2024-09-11 10:30:00,159.0,159.6999969482422,158.6999969482422,159.60000610351562,2371927
2024-09-11 11:30:00,158.89999389648438,159.0,158.5,159.0,1367323
2024-09-11 12:30:00,158.60000610351562,159.0,158.5,158.89999389648438,1257685
2024-09-11 13:30:00,158.10000610351562,158.60000610351562,158.0,158.60000610351562,1203001
2024-09-11 14:30:00,158.8000030517578,158.8000030517578,158.0,158.10000610351562,1011856
2024-09-11 15:30:00,156.0,159.1999969482422,155.6999969482422,158.6999969482422,3807770
2024-09-11 16:30:00,156.8000030517578,157.0,155.8000030517578,155.89999389648438,4300130
2024-09-11 17:30:00,155.89999389648438,156.8000030517578,155.6999969482422,156.8000030517578,3735206
2024-09-12 09:30:00,157.1999969482422,158.39999389648438,156.5,157.89999389648438,2731381
2024-09-12 10:30:00,157.0,157.5,156.6999969482422,157.1999969482422,3093258
2024-09-12 11:30:00,156.89999389648438,157.0,156.39999389648438,156.89999389648438,1278210
2024-09-12 12:30:00,156.8000030517578,157.10000610351562,156.6999969482422,156.89999389648438,681348
2024-09-12 13:30:00,156.8000030517578,157.1999969482422,156.5,156.6999969482422,805681
2024-09-12 14:30:00,156.6999969482422,157.60000610351562,154.89999389648438,156.8000030517578,3931561
2024-09-12 15:30:00,154.1999969482422,156.8000030517578,153.6999969482422,156.6999969482422,3063238
2024-09-12 16:30:00,154.10000610351562,154.39999389648438,152.5,154.1999969482422,3983548
2024-09-12 17:30:00,156.1999969482422,156.3000030517578,154.0,154.0,3285162
2024-09-13 09:30:00,157.3000030517578,157.60000610351562,156.1999969482422,156.8000030517578,2465223
2024-09-13 10:30:00,156.3000030517578,157.60000610351562,155.89999389648438,157.3000030517578,2631876
2024-09-13 11:30:00,156.89999389648438,157.1999969482422,156.10000610351562,156.1999969482422,1235034
2024-09-13 12:30:00,158.3000030517578,158.89999389648438,156.6999969482422,156.89999389648438,2541095
2024-09-13 13:30:00,158.10000610351562,158.60000610351562,157.1999969482422,158.3000030517578,1559832
2024-09-13 14:30:00,159.8000030517578,160.10000610351562,158.0,158.10000610351562,3232718
2024-09-13 15:30:00,160.1999969482422,160.39999389648438,159.39999389648438,159.8000030517578,2543497
2024-09-13 16:30:00,162.8000030517578,163.0,160.0,160.1999969482422,3376038
2024-09-13 17:30:00,162.5,162.89999389648438,160.89999389648438,162.8000030517578,2542275
2024-09-16 09:30:00,164.10000610351562,164.6999969482422,161.5,162.8000030517578,0
2024-09-16 10:30:00,163.39999389648438,164.1999969482422,163.0,164.0,2141582
2024-09-16 11:30:00,163.39999389648438,163.6999969482422,163.0,163.39999389648438,1150443
2024-09-16 12:30:00,163.1999969482422,163.5,163.10000610351562,163.39999389648438,771315
2024-09-16 13:30:00,162.8000030517578,163.39999389648438,162.39999389648438,163.1999969482422,875545
2024-09-16 14:30:00,163.0,164.10000610351562,162.6999969482422,162.8000030517578,1222350
2024-09-16 15:30:00,163.1999969482422,163.39999389648438,162.8000030517578,162.89999389648438,989045
2024-09-16 16:30:00,163.39999389648438,163.8000030517578,162.39999389648438,163.1999969482422,1706560
2024-09-16 17:30:00,163.10000610351562,163.89999389648438,162.89999389648438,163.3000030517578,1341112
2024-09-17 09:30:00,164.60000610351562,164.89999389648438,164.0,164.0,0
2024-09-17 10:30:00,164.6999969482422,164.89999389648438,163.5,164.5,2786302
2024-09-17 11:30:00,164.60000610351562,164.8000030517578,164.10000610351562,164.6999969482422,1448149
2024-09-17 12:30:00,164.60000610351562,164.89999389648438,164.39999389648438,164.60000610351562,939210
2024-09-17 13:30:00,164.6999969482422,164.8000030517578,164.3000030517578,164.60000610351562,802989
2024-09-17 14:30:00,165.10000610351562,165.60000610351562,164.3000030517578,164.6999969482422,2316319
2024-09-17 15:30:00,164.8000030517578,165.1999969482422,164.60000610351562,165.10000610351562,886861
2024-09-17 16:30:00,164.6999969482422,165.0,164.60000610351562,164.8000030517578,741355
2024-09-17 17:30:00,165.1999969482422,165.3000030517578,164.60000610351562,164.60000610351562,1278673
2024-09-18 09:30:00,165.1999969482422,165.5,164.1999969482422,164.89999389648438,0
2024-09-18 10:30:00,165.8000030517578,166.10000610351562,164.89999389648438,165.10000610351562,2986269
2024-09-18 11:30:00,165.60000610351562,165.8000030517578,165.1999969482422,165.8000030517578,877806
2024-09-18 12:30:00,166.0,166.1999969482422,165.39999389648438,165.60000610351562,1034987
2024-09-18 13:30:00,165.39999389648438,166.0,165.0,166.0,1166958
2024-09-18 14:30:00,165.3000030517578,165.60000610351562,165.1999969482422,165.39999389648438,911538
2024-09-18 15:30:00,164.8000030517578,165.5,164.5,165.3000030517578,1249014
2024-09-18 16:30:00,165.10000610351562,166.1999969482422,164.39999389648438,164.8000030517578,2653734
2024-09-18 17:30:00,164.60000610351562,165.3000030517578,164.5,165.0,1221512
2024-09-19 09:30:00,167.39999389648438,167.5,166.10000610351562,166.10000610351562,0
2024-09-19 10:30:00,167.89999389648438,168.5,167.39999389648438,167.39999389648438,4075405
2024-09-19 11:30:00,168.10000610351562,168.3000030517578,167.8000030517578,167.8000030517578,1038023
2024-09-19 12:30:00,168.89999389648438,168.89999389648438,167.89999389648438,168.10000610351562,1949244
2024-09-19 13:30:00,168.8000030517578,169.10000610351562,168.1999969482422,168.8000030517578,2436557
2024-09-19 14:30:00,168.5,169.0,168.39999389648438,168.8000030517578,1242681
2024-09-19 15:30:00,168.6999969482422,168.8000030517578,168.0,168.39999389648438,1120147
2024-09-19 16:30:00,168.60000610351562,169.39999389648438,168.39999389648438,168.6999969482422,2574105
2024-09-19 17:30:00,168.89999389648438,168.89999389648438,168.39999389648438,168.60000610351562,1110496
2024-09-20 09:30:00,168.6999969482422,169.5,168.1999969482422,169.3000030517578,0
2024-09-20 10:30:00,167.89999389648438,168.6999969482422,167.0,168.6999969482422,2860591
2024-09-20 11:30:00,167.6999969482422,168.10000610351562,167.60000610351562,167.8000030517578,945029
2024-09-20 12:30:00,167.5,167.6999969482422,167.3000030517578,167.6999969482422,756992
2024-09-20 13:30:00,167.0,167.60000610351562,166.6999969482422,167.5,1650998
2024-09-20 14:30:00,166.5,167.0,166.1999969482422,167.0,1664101
2024-09-20 15:30:00,166.3000030517578,166.8000030517578,166.10000610351562,166.5,1319082
2024-09-20 16:30:00,165.89999389648438,166.5,165.39999389648438,166.39999389648438,2246466
2024-09-20 17:30:00,166.0,166.0,165.39999389648438,165.89999389648438,1703521
2024-09-23 09:30:00,168.1999969482422,168.39999389648438,166.6999969482422,167.0,0
2024-09-23 10:30:00,168.10000610351562,168.39999389648438,167.1999969482422,168.1999969482422,3518670
2024-09-23 11:30:00,168.0,168.1999969482422,167.89999389648438,168.10000610351562,1037438
2024-09-23 12:30:00,168.5,168.6999969482422,167.60000610351562,167.89999389648438,2305261
2024-09-23 13:30:00,168.60000610351562,168.6999969482422,168.39999389648438,168.5,1262955
2024-09-23 14:30:00,168.5,168.6999969482422,168.39999389648438,168.60000610351562,1114011
2024-09-23 15:30:00,168.39999389648438,169.10000610351562,168.3000030517578,168.39999389648438,2380480
2024-09-23 16:30:00,168.60000610351562,168.89999389648438,168.39999389648438,168.5,1519495
2024-09-23 17:30:00,168.39999389648438,168.6999969482422,167.6999969482422,168.60000610351562,2195508
2024-09-24 09:30:00,169.10000610351562,170.1999969482422,168.39999389648438,168.6999969482422,0
2024-09-24 10:30:00,169.89999389648438,170.3000030517578,169.0,169.10000610351562,4275170
2024-09-24 11:30:00,170.8000030517578,170.8000030517578,169.6999969482422,169.89999389648438,3799944
2024-09-24 12:30:00,171.0,171.1999969482422,170.5,170.8000030517578,3273469
2024-09-24 13:30:00,171.39999389648438,171.6999969482422,170.6999969482422,171.10000610351562,3038760
2024-09-24 14:30:00,171.1999969482422,171.60000610351562,171.10000610351562,171.39999389648438,1684881
2024-09-24 15:30:00,170.8000030517578,171.3000030517578,170.6999969482422,171.3000030517578,1597606
2024-09-24 16:30:00,170.60000610351562,171.0,170.1999969482422,170.6999969482422,1789817
2024-09-24 17:30:00,171.0,171.1999969482422,170.39999389648438,170.5,1915470
2024-09-25 09:30:00,171.0,172.5,170.89999389648438,171.1999969482422,0
2024-09-25 10:30:00,170.89999389648438,171.10000610351562,170.10000610351562,170.89999389648438,2930711
2024-09-25 11:30:00,171.1999969482422,171.3000030517578,170.8000030517578,170.89999389648438,1337303
2024-09-25 12:30:00,171.0,171.39999389648438,170.89999389648438,171.10000610351562,880159
2024-09-25 13:30:00,171.5,171.6999969482422,171.10000610351562,171.10000610351562,1264378
2024-09-25 14:30:00,170.1999969482422,171.8000030517578,170.10000610351562,171.5,2292866
2024-09-25 15:30:00,170.0,171.1999969482422,169.60000610351562,170.3000030517578,3090671
2024-09-25 16:30:00,169.89999389648438,170.10000610351562,169.60000610351562,170.0,1580404
2024-09-25 17:30:00,169.39999389648438,170.0,169.1999969482422,169.89999389648438,1629563
2024-09-26 09:30:00,170.0,170.1999969482422,169.39999389648438,169.89999389648438,0
2024-09-26 10:30:00,170.3000030517578,170.3000030517578,169.6999969482422,170.0,1961595
2024-09-26 11:30:00,170.6999969482422,171.1999969482422,170.1999969482422,170.1999969482422,3233436
2024-09-26 12:30:00,170.89999389648438,171.0,170.5,170.6999969482422,1282603
2024-09-26 13:30:00,170.1999969482422,170.89999389648438,170.10000610351562,170.8000030517578,1733772
2024-09-26 14:30:00,168.89999389648438,170.6999969482422,168.6999969482422,170.1999969482422,3188098
2024-09-26 15:30:00,169.1999969482422,169.3000030517578,168.3000030517578,169.0,3128892
2024-09-26 16:30:00,169.8000030517578,169.89999389648438,169.0,169.1999969482422,2091466
2024-09-26 17:30:00,169.89999389648438,170.10000610351562,169.0,169.8000030517578,2689780
2024-09-27 09:30:00,159.5,160.1999969482422,157.5,159.0,0
2024-09-27 10:30:00,160.10000610351562,160.10000610351562,158.8000030517578,159.39999389648438,3251703
2024-09-27 11:30:00,159.1999969482422,160.10000610351562,159.10000610351562,160.10000610351562,1679677
2024-09-27 12:30:00,158.6999969482422,159.3000030517578,158.3000030517578,159.1999969482422,1298116
2024-09-27 13:30:00,159.0,159.1999969482422,158.5,158.6999969482422,928818
2024-09-27 14:30:00,158.6999969482422,159.10000610351562,158.39999389648438,159.0,1281526
2024-09-27 15:30:00,158.5,159.0,158.3000030517578,158.89999389648438,1241743
2024-09-27 16:30:00,157.39999389648438,158.5,157.10000610351562,158.5,2694637
2024-09-27 17:30:00,158.39999389648438,159.0,157.3000030517578,157.39999389648438,1838954
2024-09-30 09:30:00,156.6999969482422,158.39999389648438,156.39999389648438,158.39999389648438,0
2024-09-30 10:30:00,155.8000030517578,156.8000030517578,155.6999969482422,156.60000610351562,2327063
2024-09-30 11:30:00,155.60000610351562,156.1999969482422,155.5,155.8000030517578,1354611
2024-09-30 12:30:00,155.89999389648438,156.10000610351562,155.5,155.6999969482422,1155790
2024-09-30 13:30:00,155.8000030517578,156.1999969482422,155.60000610351562,155.8000030517578,1008960
2024-09-30 14:30:00,155.5,155.89999389648438,155.39999389648438,155.8000030517578,1042390
2024-09-30 15:30:00,155.60000610351562,155.8000030517578,155.1999969482422,155.5,980190
2024-09-30 16:30:00,155.3000030517578,155.89999389648438,155.10000610351562,155.60000610351562,1434817
2024-09-30 17:30:00,155.1999969482422,155.39999389648438,155.0,155.3000030517578,1510689
2024-10-01 09:30:00,154.60000610351562,155.1999969482422,153.6999969482422,155.10000610351562,0
2024-10-01 10:30:00,156.0,156.10000610351562,154.39999389648438,154.60000610351562,3123767
2024-10-01 11:30:00,157.10000610351562,157.5,155.89999389648438,156.10000610351562,3420812
2024-10-01 12:30:00,156.60000610351562,157.39999389648438,156.39999389648438,157.10000610351562,2571548
2024-10-01 13:30:00,157.3000030517578,157.6999969482422,156.39999389648438,156.60000610351562,2259120
2024-10-01 14:30:00,156.89999389648438,157.8000030517578,156.6999969482422,157.3000030517578,2248998
2024-10-01 15:30:00,157.5,157.89999389648438,156.8000030517578,156.89999389648438,2072514
2024-10-01 16:30:00,153.39999389648438,157.5,153.10000610351562,157.5,6283901
2024-10-01 17:30:00,155.1999969482422,155.60000610351562,152.8000030517578,153.5,2939380
2024-10-02 09:30:00,154.0,155.1999969482422,153.0,155.1999969482422,3025059
2024-10-02 10:30:00,153.3000030517578,154.3000030517578,152.8000030517578,154.0,2581001
2024-10-02 11:30:00,154.3000030517578,154.3000030517578,153.10000610351562,153.3000030517578,1215647
2024-10-02 12:30:00,154.0,155.1999969482422,153.60000610351562,154.3000030517578,1765078
2024-10-02 13:30:00,154.5,154.89999389648438,153.5,154.0,1781468
2024-10-02 14:30:00,155.1999969482422,155.60000610351562,154.10000610351562,154.5,2081138
2024-10-02 15:30:00,155.10000610351562,155.5,154.3000030517578,155.1999969482422,1886104
2024-10-02 16:30:00,153.89999389648438,155.10000610351562,153.10000610351562,155.10000610351562,2416821
2024-10-02 17:30:00,153.6999969482422,154.89999389648438,153.39999389648438,153.89999389648438,1563044
2024-10-03 09:30:00,153.5,153.89999389648438,151.5,153.39999389648438,0
2024-10-03 10:30:00,153.3000030517578,154.1999969482422,152.8000030517578,153.60000610351562,2300794
2024-10-03 11:30:00,153.10000610351562,153.5,152.8000030517578,153.3000030517578,1151838
2024-10-03 12:30:00,153.0,153.60000610351562,153.0,153.10000610351562,773070
2024-10-03 13:30:00,153.6999969482422,154.3000030517578,152.8000030517578,153.10000610351562,1450399
2024-10-03 14:30:00,153.6999969482422,154.8000030517578,153.3000030517578,153.6999969482422,1991560
2024-10-03 15:30:00,152.1999969482422,153.6999969482422,152.10000610351562,153.6999969482422,1770457
2024-10-03 16:30:00,151.10000610351562,152.89999389648438,150.8000030517578,152.3000030517578,2366288
2024-10-03 17:30:00,150.39999389648438,151.10000610351562,149.6999969482422,151.0,2102790
2024-10-04 09:30:00,151.3000030517578,151.8000030517578,150.8000030517578,151.0,0
2024-10-04 10:30:00,150.6999969482422,151.8000030517578,150.5,151.39999389648438,2158610
2024-10-04 11:30:00,150.60000610351562,150.6999969482422,150.10000610351562,150.6999969482422,1406042
2024-10-04 12:30:00,150.89999389648438,151.0,150.39999389648438,150.60000610351562,692742
2024-10-04 13:30:00,150.39999389648438,150.89999389648438,150.0,150.89999389648438,948013
2024-10-04 14:30:00,150.6999969482422,151.5,150.3000030517578,150.39999389648438,1203181
2024-10-04 15:30:00,151.5,152.10000610351562,150.60000610351562,150.6999969482422,2269020
2024-10-04 16:30:00,153.60000610351562,153.60000610351562,151.0,151.5,2539036
2024-10-04 17:30:00,154.10000610351562,154.1999969482422,152.60000610351562,153.10000610351562,1456069
2024-10-07 09:30:00,155.3000030517578,156.1999969482422,154.5,155.1999969482422,0
2024-10-07 10:30:00,154.10000610351562,155.39999389648438,153.6999969482422,155.1999969482422,1963677
2024-10-07 11:30:00,153.60000610351562,154.1999969482422,153.3000030517578,154.10000610351562,938077
2024-10-07 12:30:00,154.0,154.3000030517578,153.5,153.60000610351562,732084
2024-10-07 13:30:00,153.89999389648438,154.10000610351562,153.60000610351562,153.89999389648438,913585
2024-10-07 14:30:00,153.10000610351562,153.89999389648438,152.89999389648438,153.8000030517578,1123178
2024-10-07 15:30:00,153.10000610351562,153.60000610351562,152.6999969482422,153.1999969482422,1124254
2024-10-07 16:30:00,151.3000030517578,153.3000030517578,150.8000030517578,153.1999969482422,1985823
2024-10-07 17:30:00,151.60000610351562,152.3000030517578,151.0,151.3000030517578,1422568
2024-10-08 09:30:00,151.5,153.0,151.0,152.0,2440054
2024-10-08 10:30:00,152.89999389648438,153.5,151.3000030517578,151.39999389648438,2379304
2024-10-08 11:30:00,153.6999969482422,154.1999969482422,152.60000610351562,152.89999389648438,2337075
2024-10-08 12:30:00,153.1999969482422,153.8000030517578,153.1999969482422,153.6999969482422,653271
2024-10-08 13:30:00,153.0,153.3000030517578,152.60000610351562,153.1999969482422,788432
2024-10-08 14:30:00,154.1999969482422,154.3000030517578,152.8000030517578,153.0,1821371
2024-10-08 15:30:00,154.89999389648438,155.10000610351562,153.6999969482422,154.1999969482422,2427524
2024-10-08 16:30:00,153.8000030517578,154.89999389648438,152.8000030517578,154.89999389648438,2163208
2024-10-08 17:30:00,153.60000610351562,154.1999969482422,153.39999389648438,153.8000030517578,921115
2024-10-09 09:30:00,151.60000610351562,153.1999969482422,151.39999389648438,153.10000610351562,0
2024-10-09 10:30:00,150.89999389648438,151.6999969482422,150.8000030517578,151.60000610351562,1893638
2024-10-09 11:30:00,151.10000610351562,151.1999969482422,150.6999969482422,150.89999389648438,876400
2024-10-09 12:30:00,151.0,151.1999969482422,150.8000030517578,151.10000610351562,525659
2024-10-09 13:30:00,150.60000610351562,151.0,150.3000030517578,151.0,1093866
2024-10-09 14:30:00,150.6999969482422,150.89999389648438,150.3000030517578,150.6999969482422,885289
2024-10-09 15:30:00,151.0,151.3000030517578,150.60000610351562,150.6999969482422,1136557
2024-10-09 16:30:00,151.89999389648438,152.10000610351562,150.10000610351562,151.0,2781595
2024-10-09 17:30:00,152.6999969482422,152.8000030517578,151.89999389648438,151.89999389648438,1639926
2024-10-10 09:30:00,151.89999389648438,153.10000610351562,151.8000030517578,153.0,0
2024-10-10 10:30:00,151.8000030517578,152.3000030517578,151.39999389648438,151.89999389648438,1255719
2024-10-10 11:30:00,151.8000030517578,152.10000610351562,151.60000610351562,151.8000030517578,628977
2024-10-10 12:30:00,151.89999389648438,152.3000030517578,151.6999969482422,151.89999389648438,759006
2024-10-10 13:30:00,151.8000030517578,151.89999389648438,151.5,151.89999389648438,736863
2024-10-10 14:30:00,151.39999389648438,151.8000030517578,151.0,151.8000030517578,965221
2024-10-10 15:30:00,151.0,151.39999389648438,150.6999969482422,151.39999389648438,1030257
2024-10-10 16:30:00,150.5,151.0,150.0,150.89999389648438,1603711
2024-10-10 17:30:00,149.8000030517578,150.89999389648438,149.6999969482422,150.5,1565416
2024-10-11 09:30:00,150.39999389648438,150.60000610351562,149.6999969482422,150.10000610351562,0
2024-10-11 10:30:00,151.10000610351562,151.5,150.1999969482422,150.39999389648438,2587883
2024-10-11 11:30:00,151.0,151.5,150.6999969482422,151.10000610351562,1194718
2024-10-11 12:30:00,150.89999389648438,151.10000610351562,150.60000610351562,151.10000610351562,516796
2024-10-11 13:30:00,151.0,151.1999969482422,150.39999389648438,150.89999389648438,832139
2024-10-11 14:30:00,150.5,151.8000030517578,150.3000030517578,151.0,1394543
2024-10-11 15:30:00,149.6999969482422,151.0,149.5,150.60000610351562,1388821
2024-10-11 16:30:00,148.60000610351562,149.89999389648438,148.1999969482422,149.60000610351562,2942938
2024-10-11 17:30:00,148.10000610351562,148.6999969482422,147.39999389648438,148.6999969482422,2015204
2024-10-14 09:30:00,147.89999389648438,148.8000030517578,147.60000610351562,148.3000030517578,0
2024-10-14 10:30:00,147.0,148.1999969482422,146.39999389648438,148.0,2356866
2024-10-14 11:30:00,146.89999389648438,147.1999969482422,146.5,146.89999389648438,1588105
2024-10-14 12:30:00,146.8000030517578,147.0,146.5,146.89999389648438,738360
2024-10-14 13:30:00,146.89999389648438,146.89999389648438,146.3000030517578,146.8000030517578,937003
2024-10-14 14:30:00,146.60000610351562,147.1999969482422,146.39999389648438,146.89999389648438,960508
2024-10-14 15:30:00,146.39999389648438,147.1999969482422,146.1999969482422,146.60000610351562,1304509
2024-10-14 16:30:00,146.39999389648438,147.39999389648438,145.8000030517578,146.39999389648438,2766353
2024-10-14 17:30:00,145.8000030517578,146.6999969482422,145.6999969482422,146.39999389648438,1046586
2024-10-15 09:30:00,144.6999969482422,146.10000610351562,144.5,145.5,0
2024-10-15 10:30:00,144.1999969482422,144.89999389648438,144.0,144.60000610351562,1890550
2024-10-15 11:30:00,144.60000610351562,144.8000030517578,144.10000610351562,144.1999969482422,1684763
2024-10-15 12:30:00,146.6999969482422,146.6999969482422,144.3000030517578,144.5,3328665
2024-10-15 13:30:00,145.6999969482422,147.1999969482422,145.3000030517578,146.60000610351562,3436734
2024-10-15 14:30:00,145.0,145.8000030517578,144.5,145.60000610351562,2751411
2024-10-15 15:30:00,145.0,145.39999389648438,144.5,144.89999389648438,1696424
2024-10-15 16:30:00,146.0,146.1999969482422,144.39999389648438,145.10000610351562,2961868
2024-10-15 17:30:00,145.60000610351562,146.1999969482422,145.3000030517578,146.0,2071115
2024-10-16 09:30:00,145.3000030517578,146.39999389648438,145.0,145.8000030517578,0
2024-10-16 10:30:00,144.89999389648438,146.0,144.8000030517578,145.3000030517578,1754923
2024-10-16 11:30:00,144.89999389648438,145.1999969482422,144.8000030517578,144.89999389648438,841887
2024-10-16 12:30:00,145.5,145.60000610351562,144.8000030517578,144.8000030517578,1242714
2024-10-16 13:30:00,145.5,145.8000030517578,145.3000030517578,145.5,1161607
2024-10-16 14:30:00,145.5,145.8000030517578,145.3000030517578,145.5,794113
2024-10-16 15:30:00,144.89999389648438,145.8000030517578,144.60000610351562,145.5,1747466
2024-10-16 16:30:00,145.60000610351562,145.8000030517578,144.8000030517578,144.89999389648438,1230870
2024-10-16 17:30:00,147.5,147.89999389648438,145.5,145.60000610351562,3513327
2024-10-17 09:30:00,147.1999969482422,147.60000610351562,146.39999389648438,146.89999389648438,0
2024-10-17 10:30:00,147.5,148.10000610351562,146.89999389648438,147.1999969482422,2290291
2024-10-17 11:30:00,147.1999969482422,147.8000030517578,147.0,147.5,1124038
2024-10-17 12:30:00,147.5,147.8000030517578,147.1999969482422,147.1999969482422,811411
2024-10-17 13:30:00,147.5,147.8000030517578,146.89999389648438,147.5,1826643
2024-10-17 14:30:00,146.5,147.5,145.89999389648438,147.39999389648438,1779316
2024-10-17 15:30:00,148.10000610351562,148.10000610351562,146.3000030517578,146.5,1701200
2024-10-17 16:30:00,147.10000610351562,148.39999389648438,146.39999389648438,148.10000610351562,2624933
2024-10-17 17:30:00,147.39999389648438,148.0,146.3000030517578,147.10000610351562,1554341
2024-10-18 09:30:00,148.8000030517578,149.0,148.0,148.0,0
2024-10-18 10:30:00,148.8000030517578,149.10000610351562,148.3000030517578,148.89999389648438,1846266
2024-10-18 11:30:00,147.10000610351562,148.8000030517578,146.89999389648438,148.6999969482422,2187159
2024-10-18 12:30:00,146.39999389648438,147.10000610351562,146.10000610351562,147.10000610351562,1640132
2024-10-18 13:30:00,146.5,146.6999969482422,146.10000610351562,146.3000030517578,904215
2024-10-18 14:30:00,146.39999389648438,146.6999969482422,146.10000610351562,146.5,745061
2024-10-18 15:30:00,145.8000030517578,146.6999969482422,145.5,146.39999389648438,1542594
2024-10-18 16:30:00,145.6999969482422,146.0,145.1999969482422,145.8000030517578,1454449
2024-10-18 17:30:00,145.3000030517578,145.6999969482422,145.0,145.6999969482422,1224323
2024-10-21 09:30:00,144.60000610351562,145.60000610351562,144.1999969482422,145.0,0
2024-10-21 10:30:00,144.89999389648438,145.39999389648438,144.5,144.60000610351562,1684665
2024-10-21 11:30:00,145.0,145.3000030517578,144.6999969482422,144.8000030517578,1114528
2024-10-21 12:30:00,144.89999389648438,145.39999389648438,144.89999389648438,145.0,932102
2024-10-21 13:30:00,144.60000610351562,145.10000610351562,144.5,145.0,664253
2024-10-21 14:30:00,144.5,145.0,144.3000030517578,144.6999969482422,723201
2024-10-21 15:30:00,145.6999969482422,146.0,144.3000030517578,144.39999389648438,2226007
2024-10-21 16:30:00,144.8000030517578,145.89999389648438,144.39999389648438,145.8000030517578,2295351
2024-10-21 17:30:00,144.39999389648438,145.10000610351562,144.0,144.8000030517578,1268158
2024-10-22 09:30:00,144.6999969482422,145.3000030517578,144.3000030517578,145.0,0
2024-10-22 10:30:00,144.8000030517578,145.1999969482422,144.39999389648438,144.6999969482422,2249694
2024-10-22 11:30:00,144.39999389648438,144.89999389648438,144.39999389648438,144.6999969482422,954525
2024-10-22 12:30:00,144.1999969482422,144.60000610351562,144.10000610351562,144.39999389648438,785838
2024-10-22 13:30:00,144.1999969482422,144.5,144.0,144.3000030517578,851123
2024-10-22 14:30:00,145.6999969482422,146.0,143.6999969482422,144.10000610351562,2449306
2024-10-22 15:30:00,146.8000030517578,147.10000610351562,145.3000030517578,145.6999969482422,4641760
2024-10-22 16:30:00,146.3000030517578,146.89999389648438,145.10000610351562,146.8000030517578,2279790
2024-10-22 17:30:00,146.0,146.5,145.89999389648438,146.3000030517578,1017258
2024-10-23 09:30:00,145.39999389648438,146.39999389648438,145.3000030517578,146.0,0
2024-10-23 10:30:00,144.5,145.5,144.3000030517578,145.3000030517578,1839292
2024-10-23 11:30:00,144.39999389648438,144.8000030517578,144.1999969482422,144.5,944473
2024-10-23 12:30:00,144.60000610351562,144.89999389648438,144.3000030517578,144.39999389648438,880631
2024-10-23 13:30:00,144.89999389648438,145.10000610351562,144.39999389648438,144.60000610351562,909415
2024-10-23 14:30:00,145.3000030517578,145.39999389648438,144.5,144.89999389648438,1855106
2024-10-23 15:30:00,143.39999389648438,145.6999969482422,143.10000610351562,145.3000030517578,3909737
2024-10-23 16:30:00,144.10000610351562,144.5,143.1999969482422,143.39999389648438,2776553
2024-10-23 17:30:00,143.8000030517578,144.5,143.60000610351562,144.0,1031542
2024-10-24 09:30:00,145.60000610351562,146.1999969482422,144.5,144.5,0
2024-10-24 10:30:00,145.8000030517578,146.60000610351562,145.39999389648438,145.6999969482422,2370514
2024-10-24 11:30:00,145.89999389648438,146.1999969482422,145.6999969482422,145.89999389648438,802959
2024-10-24 12:30:00,145.8000030517578,146.10000610351562,145.6999969482422,145.89999389648438,480262
2024-10-24 13:30:00,146.39999389648438,146.8000030517578,145.6999969482422,145.89999389648438,1577567
2024-10-24 14:30:00,146.5,146.6999969482422,146.10000610351562,146.39999389648438,1051328
2024-10-24 15:30:00,145.8000030517578,146.6999969482422,145.6999969482422,146.5,943230
2024-10-24 16:30:00,145.3000030517578,146.0,145.0,145.8000030517578,1222514
2024-10-24 17:30:00,145.8000030517578,146.0,145.10000610351562,145.3000030517578,718067
2024-10-25 09:30:00,145.1999969482422,145.89999389648438,145.10000610351562,145.3000030517578,0
2024-10-25 10:30:00,145.1999969482422,145.5,144.89999389648438,145.1999969482422,1596548
2024-10-25 11:30:00,145.60000610351562,145.60000610351562,145.10000610351562,145.1999969482422,672412
2024-10-25 12:30:00,145.6999969482422,145.89999389648438,145.5,145.60000610351562,845994
2024-10-25 13:30:00,145.39999389648438,146.1999969482422,145.1999969482422,145.6999969482422,1060434
2024-10-25 14:30:00,145.0,145.60000610351562,144.8000030517578,145.5,860571
2024-10-25 15:30:00,144.89999389648438,145.10000610351562,144.39999389648438,145.0,1028594
2024-10-25 16:30:00,146.0,146.10000610351562,144.1999969482422,144.89999389648438,2292504
2024-10-25 17:30:00,146.10000610351562,146.39999389648438,145.60000610351562,146.0,1346439
2024-10-28 09:30:00,147.89999389648438,148.1999969482422,147.0,147.3000030517578,2783625
2024-10-28 10:30:00,147.6999969482422,147.89999389648438,147.39999389648438,147.89999389648438,1518738
2024-10-28 11:30:00,148.8000030517578,148.8000030517578,147.5,147.6999969482422,1928655
2024-10-28 12:30:00,149.0,149.0,149.0,149.0,453447
2024-10-30 09:30:00,148.60000610351562,150.0,148.5,149.3000030517578,2449746
2024-10-30 10:30:00,147.8000030517578,148.6999969482422,147.6999969482422,148.6999969482422,1781288
2024-10-30 11:30:00,147.6999969482422,148.10000610351562,147.60000610351562,147.89999389648438,1189699
2024-10-30 12:30:00,147.89999389648438,148.0,147.60000610351562,147.8000030517578,621045
2024-10-30 13:30:00,148.39999389648438,148.39999389648438,147.8000030517578,148.0,870452
2024-10-30 14:30:00,148.39999389648438,149.0,148.1999969482422,148.39999389648438,1664992
2024-10-30 15:30:00,148.60000610351562,148.89999389648438,148.3000030517578,148.5,1353916
2024-10-30 16:30:00,148.39999389648438,149.0,148.3000030517578,148.6999969482422,1396137
2024-10-31 09:30:00,148.10000610351562,148.6999969482422,148.0,148.10000610351562,1578858
2024-10-31 10:30:00,148.3000030517578,148.3000030517578,147.6999969482422,148.10000610351562,1037493
2024-10-31 11:30:00,147.8000030517578,148.3000030517578,147.60000610351562,148.3000030517578,841175
2024-10-31 12:30:00,146.8000030517578,147.8000030517578,146.6999969482422,147.6999969482422,1121507
2024-10-31 13:30:00,146.5,147.0,146.39999389648438,146.89999389648438,850599
2024-10-31 14:30:00,146.5,146.6999969482422,146.10000610351562,146.5,1052012
2024-10-31 15:30:00,146.0,146.5,145.60000610351562,146.5,1129625
2024-10-31 16:30:00,145.60000610351562,146.0,145.10000610351562,146.0,1524437
2024-11-01 09:30:00,145.3000030517578,145.60000610351562,144.60000610351562,145.0,2001484
2024-11-01 10:30:00,146.60000610351562,146.60000610351562,145.0,145.39999389648438,2613901
2024-11-01 11:30:00,144.5,146.6999969482422,144.39999389648438,146.5,2129295
2024-11-01 12:30:00,144.8000030517578,145.0,144.3000030517578,144.5,1109123
2024-11-01 13:30:00,144.8000030517578,145.0,144.5,144.8000030517578,862028
2024-11-01 14:30:00,145.0,145.1999969482422,144.5,144.8000030517578,908804
2024-11-01 15:30:00,145.10000610351562,145.3000030517578,144.6999969482422,145.0,1142764
2024-11-01 16:30:00,144.89999389648438,145.1999969482422,144.5,145.10000610351562,1283344
2024-11-04 09:30:00,144.1999969482422,144.5,143.5,144.5,1807547
2024-11-04 10:30:00,144.10000610351562,144.3000030517578,143.60000610351562,144.10000610351562,1297940
2024-11-04 11:30:00,143.60000610351562,144.1999969482422,143.3000030517578,144.10000610351562,899358
2024-11-04 12:30:00,143.6999969482422,143.8000030517578,143.39999389648438,143.60000610351562,484822
2024-11-04 13:30:00,143.3000030517578,143.8000030517578,143.0,143.60000610351562,893740
2024-11-04 14:30:00,143.10000610351562,143.3000030517578,142.5,143.1999969482422,1288082
2024-11-04 15:30:00,143.3000030517578,143.5,142.8000030517578,143.0,881380
2024-11-04 16:30:00,142.89999389648438,143.60000610351562,142.5,143.3000030517578,1300082
2024-11-05 09:30:00,142.89999389648438,143.89999389648438,142.60000610351562,143.1999969482422,1413683
2024-11-05 10:30:00,141.89999389648438,142.89999389648438,141.10000610351562,142.8000030517578,2630890
2024-11-05 11:30:00,142.39999389648438,142.8000030517578,141.60000610351562,141.8000030517578,1477514
2024-11-05 12:30:00,142.6999969482422,142.89999389648438,142.1999969482422,142.39999389648438,1257261
2024-11-05 13:30:00,139.89999389648438,142.8000030517578,138.5,142.6999969482422,5840455
2024-11-05 14:30:00,141.6999969482422,142.3000030517578,139.89999389648438,139.89999389648438,4179806
2024-11-05 15:30:00,141.39999389648438,142.39999389648438,140.6999969482422,141.6999969482422,3702982
2024-11-05 16:30:00,141.6999969482422,142.0,141.0,141.3000030517578,1117558
2024-11-06 09:30:00,141.5,142.5,140.8000030517578,141.10000610351562,3016204
2024-11-06 10:30:00,144.0,144.60000610351562,141.3000030517578,141.5,4530369
2024-11-06 11:30:00,145.0,145.10000610351562,143.6999969482422,144.0,2851094
2024-11-06 12:30:00,145.1999969482422,145.60000610351562,144.60000610351562,145.0,1833245
2024-11-06 13:30:00,144.8000030517578,145.5,144.39999389648438,145.10000610351562,1135554
2024-11-06 14:30:00,144.1999969482422,144.89999389648438,143.89999389648438,144.8000030517578,1075440
2024-11-06 15:30:00,144.60000610351562,144.89999389648438,144.10000610351562,144.1999969482422,1173660
2024-11-06 16:30:00,144.3000030517578,145.0,144.0,144.60000610351562,1680415
2024-11-07 09:30:00,144.1999969482422,145.0,143.6999969482422,144.60000610351562,1831167
2024-11-07 10:30:00,143.5,144.1999969482422,143.1999969482422,144.10000610351562,1290173
2024-11-07 11:30:00,143.60000610351562,144.0,143.3000030517578,143.5,885459
2024-11-07 12:30:00,143.1999969482422,143.60000610351562,143.10000610351562,143.60000610351562,774972
2024-11-07 13:30:00,143.39999389648438,143.6999969482422,143.1999969482422,143.3000030517578,539699
2024-11-07 14:30:00,143.10000610351562,143.60000610351562,142.89999389648438,143.39999389648438,597879
2024-11-07 15:30:00,143.1999969482422,143.5,143.0,143.10000610351562,537209
2024-11-07 16:30:00,144.6999969482422,144.6999969482422,142.60000610351562,143.1999969482422,1955502
2024-11-08 09:30:00,143.8000030517578,145.0,143.5,144.60000610351562,1544966
2024-11-08 10:30:00,145.60000610351562,146.0,143.5,143.8000030517578,4159468
2024-11-08 11:30:00,146.1999969482422,146.6999969482422,145.60000610351562,145.60000610351562,3755344
2024-11-08 12:30:00,145.6999969482422,146.5,145.5,146.1999969482422,1823268
2024-11-08 13:30:00,145.6999969482422,146.0,145.10000610351562,145.60000610351562,2132744
2024-11-08 14:30:00,146.5,146.5,145.39999389648438,145.6999969482422,2057904
2024-11-08 15:30:00,146.6999969482422,147.1999969482422,146.3000030517578,146.39999389648438,3531332
2024-11-08 16:30:00,146.5,146.6999969482422,145.6999969482422,146.60000610351562,2674780
2024-11-11 09:30:00,147.6999969482422,148.8000030517578,146.89999389648438,147.10000610351562,3957281
2024-11-11 10:30:00,147.1999969482422,148.10000610351562,147.10000610351562,147.8000030517578,2295489
2024-11-11 11:30:00,147.5,147.60000610351562,147.0,147.1999969482422,1314178
2024-11-11 12:30:00,147.10000610351562,147.5,147.0,147.5,1260035
2024-11-11 13:30:00,146.39999389648438,147.1999969482422,145.6999969482422,147.10000610351562,2096676
2024-11-11 14:30:00,145.8000030517578,146.5,145.6999969482422,146.39999389648438,1694846
2024-11-11 15:30:00,145.89999389648438,146.10000610351562,145.6999969482422,145.8000030517578,1152812
2024-11-11 16:30:00,145.89999389648438,147.0,145.8000030517578,145.8000030517578,3118196
2024-11-12 09:30:00,145.6999969482422,146.10000610351562,145.3000030517578,145.6999969482422,2254688
2024-11-12 10:30:00,145.39999389648438,145.89999389648438,145.1999969482422,145.6999969482422,1676804
2024-11-12 11:30:00,145.6999969482422,145.6999969482422,145.1999969482422,145.3000030517578,880220
2024-11-12 12:30:00,145.10000610351562,145.89999389648438,145.0,145.6999969482422,1413016
2024-11-12 13:30:00,144.8000030517578,145.10000610351562,144.6999969482422,145.10000610351562,1080563
2024-11-12 14:30:00,144.39999389648438,144.8000030517578,144.39999389648438,144.8000030517578,1009239
2024-11-12 15:30:00,144.6999969482422,144.8000030517578,144.1999969482422,144.5,1252799
2024-11-12 16:30:00,144.8000030517578,145.10000610351562,144.5,144.60000610351562,1830533
2024-11-13 09:30:00,144.10000610351562,144.10000610351562,143.1999969482422,143.6999969482422,1899709
2024-11-13 10:30:00,144.10000610351562,144.60000610351562,143.6999969482422,144.10000610351562,2391119
2024-11-13 11:30:00,144.3000030517578,144.89999389648438,143.89999389648438,144.0,1492420
2024-11-13 12:30:00,144.39999389648438,144.60000610351562,144.10000610351562,144.39999389648438,924764
2024-11-13 13:30:00,145.60000610351562,145.6999969482422,144.1999969482422,144.39999389648438,3492743
2024-11-13 14:30:00,146.8000030517578,147.10000610351562,145.60000610351562,145.60000610351562,5534172
2024-11-13 15:30:00,146.89999389648438,147.3000030517578,146.39999389648438,146.8000030517578,3218910
2024-11-13 16:30:00,147.1999969482422,148.3000030517578,146.89999389648438,146.89999389648438,5330930
2024-11-14 09:30:00,147.60000610351562,147.89999389648438,146.5,147.1999969482422,2793492
2024-11-14 10:30:00,146.6999969482422,147.8000030517578,146.6999969482422,147.5,2166991
2024-11-14 11:30:00,147.1999969482422,147.3000030517578,146.5,146.6999969482422,1657064
2024-11-14 12:30:00,147.5,147.60000610351562,146.6999969482422,147.1999969482422,1423332
2024-11-14 13:30:00,147.89999389648438,148.60000610351562,147.1999969482422,147.5,3232528
2024-11-14 14:30:00,147.3000030517578,148.0,147.3000030517578,147.8000030517578,1122593
2024-11-14 15:30:00,147.6999969482422,147.89999389648438,146.8000030517578,147.39999389648438,1669733
2024-11-14 16:30:00,147.1999969482422,148.60000610351562,147.0,147.8000030517578,2718290
2024-11-15 09:30:00,148.5,148.89999389648438,147.89999389648438,148.0,2171094
2024-11-15 10:30:00,148.39999389648438,149.10000610351562,148.3000030517578,148.5,2441118
2024-11-15 11:30:00,148.39999389648438,149.0,148.1999969482422,148.39999389648438,1053796
2024-11-15 12:30:00,148.10000610351562,148.60000610351562,147.89999389648438,148.39999389648438,745056
2024-11-15 13:30:00,147.89999389648438,148.5,147.8000030517578,148.1999969482422,724510
2024-11-15 14:30:00,147.6999969482422,148.10000610351562,147.39999389648438,147.8000030517578,1001078
2024-11-15 15:30:00,147.89999389648438,148.3000030517578,147.60000610351562,147.6999969482422,973644
2024-11-15 16:30:00,148.39999389648438,148.60000610351562,147.6999969482422,147.89999389648438,1481724
2024-11-18 09:30:00,146.6999969482422,149.0,146.5,148.39999389648438,2887347
2024-11-18 10:30:00,146.6999969482422,147.10000610351562,146.39999389648438,146.6999969482422,1816282
2024-11-18 11:30:00,146.60000610351562,146.6999969482422,146.1999969482422,146.6999969482422,1348782
2024-11-18 12:30:00,146.8000030517578,147.1999969482422,146.5,146.5,1248530
2024-11-18 13:30:00,147.0,147.10000610351562,146.60000610351562,146.8000030517578,776098
2024-11-18 14:30:00,146.6999969482422,147.10000610351562,146.5,147.0,679593
2024-11-18 15:30:00,146.60000610351562,146.89999389648438,146.39999389648438,146.6999969482422,837882
2024-11-18 16:30:00,147.39999389648438,147.6999969482422,146.5,146.6999969482422,2015414
2024-11-19 09:30:00,147.8000030517578,148.39999389648438,147.3000030517578,147.39999389648438,2851063
2024-11-19 10:30:00,147.1999969482422,148.39999389648438,147.1999969482422,147.8000030517578,3144783
2024-11-19 11:30:00,146.10000610351562,147.3000030517578,146.10000610351562,147.1999969482422,2026396
2024-11-19 12:30:00,145.10000610351562,146.1999969482422,144.6999969482422,146.10000610351562,2118991
2024-11-19 13:30:00,144.8000030517578,145.3000030517578,144.8000030517578,145.1999969482422,1086915
2024-11-19 14:30:00,144.6999969482422,145.10000610351562,144.10000610351562,144.89999389648438,2107490
2024-11-19 15:30:00,143.89999389648438,144.8000030517578,143.60000610351562,144.6999969482422,1856419
2024-11-19 16:30:00,143.89999389648438,144.10000610351562,142.89999389648438,143.89999389648438,2827098
2024-11-20 09:30:00,143.8000030517578,145.0,143.6999969482422,144.1999969482422,1676146
2024-11-20 10:30:00,143.6999969482422,144.5,143.5,143.8000030517578,1389278
2024-11-20 11:30:00,143.6999969482422,143.89999389648438,143.5,143.6999969482422,837579
2024-11-20 12:30:00,143.89999389648438,143.89999389648438,143.39999389648438,143.6999969482422,945518
2024-11-20 13:30:00,143.6999969482422,143.89999389648438,143.3000030517578,143.89999389648438,1060894
2024-11-20 14:30:00,143.6999969482422,143.89999389648438,143.39999389648438,143.6999969482422,890803
2024-11-20 15:30:00,143.60000610351562,144.0,143.3000030517578,143.6999969482422,948874
2024-11-20 16:30:00,141.8000030517578,143.60000610351562,141.6999969482422,143.60000610351562,1916831
2024-11-21 09:30:00,141.0,142.10000610351562,140.89999389648438,141.0,2171491
2024-11-21 10:30:00,141.39999389648438,141.8000030517578,140.89999389648438,141.0,1458177
2024-11-21 11:30:00,141.1999969482422,141.8000030517578,141.10000610351562,141.39999389648438,1188384
2024-11-21 12:30:00,141.60000610351562,141.8000030517578,141.1999969482422,141.3000030517578,663750
2024-11-21 13:30:00,143.1999969482422,143.3000030517578,141.10000610351562,141.6999969482422,2733033
2024-11-21 14:30:00,143.6999969482422,144.3000030517578,143.10000610351562,143.10000610351562,3070638
2024-11-21 15:30:00,143.8000030517578,144.3000030517578,143.6999969482422,143.6999969482422,1226612
2024-11-21 16:30:00,144.8000030517578,145.10000610351562,143.5,143.89999389648438,2503517
2024-11-22 09:30:00,144.1999969482422,145.6999969482422,144.0,145.3000030517578,2619809
2024-11-22 10:30:00,144.89999389648438,145.0,143.6999969482422,144.1999969482422,2340487
2024-11-22 11:30:00,145.0,145.60000610351562,144.8000030517578,144.8000030517578,2759044
2024-11-22 12:30:00,144.6999969482422,145.10000610351562,144.5,145.0,965473
2024-11-22 13:30:00,144.3000030517578,144.8000030517578,144.10000610351562,144.6999969482422,1050782
2024-11-22 14:30:00,145.60000610351562,146.0,144.10000610351562,144.3000030517578,3487510
2024-11-22 15:30:00,146.39999389648438,147.1999969482422,145.39999389648438,145.60000610351562,4082626
2024-11-22 16:30:00,146.1999969482422,146.89999389648438,146.0,146.39999389648438,1987262
2024-11-25 09:30:00,147.0,147.60000610351562,146.5,147.0,2891997
2024-11-25 10:30:00,149.39999389648438,149.5,146.8000030517578,147.0,7377762
2024-11-25 11:30:00,149.1999969482422,149.5,148.89999389648438,149.39999389648438,1845190
2024-11-25 12:30:00,148.89999389648438,149.3000030517578,148.60000610351562,149.1999969482422,1074243
2024-11-25 13:30:00,148.60000610351562,148.89999389648438,148.60000610351562,148.89999389648438,663520
2024-11-25 14:30:00,148.89999389648438,149.10000610351562,148.39999389648438,148.60000610351562,1354317
2024-11-25 15:30:00,149.60000610351562,150.0,148.6999969482422,148.89999389648438,4639870
2024-11-25 16:30:00,149.1999969482422,149.8000030517578,149.10000610351562,149.60000610351562,1946912
2024-11-26 09:30:00,147.8000030517578,148.10000610351562,147.0,147.8000030517578,2546157
2024-11-26 10:30:00,148.10000610351562,148.6999969482422,147.60000610351562,147.8000030517578,2553386
2024-11-26 11:30:00,148.10000610351562,148.5,147.89999389648438,148.1999969482422,1471901
2024-11-26 12:30:00,148.5,148.60000610351562,148.0,148.10000610351562,845592
2024-11-26 13:30:00,148.0,148.60000610351562,147.5,148.39999389648438,1395453
2024-11-26 14:30:00,147.6999969482422,148.0,147.3000030517578,147.89999389648438,1089907
2024-11-26 15:30:00,147.5,147.8000030517578,147.1999969482422,147.60000610351562,707238
2024-11-26 16:30:00,147.5,147.8000030517578,147.3000030517578,147.5,904535
2024-11-27 09:30:00,149.0,149.60000610351562,148.10000610351562,149.0,3031319
2024-11-27 10:30:00,147.1999969482422,149.0,146.89999389648438,149.0,2611339
2024-11-27 11:30:00,147.89999389648438,149.0,147.10000610351562,147.1999969482422,2142418
2024-11-27 12:30:00,148.10000610351562,148.3000030517578,147.6999969482422,148.0,798828
2024-11-27 13:30:00,147.60000610351562,148.1999969482422,147.5,148.1999969482422,837872
2024-11-27 14:30:00,147.10000610351562,147.8000030517578,147.0,147.6999969482422,910711
2024-11-27 15:30:00,147.0,147.1999969482422,146.60000610351562,147.1999969482422,1105507
2024-11-27 16:30:00,147.1999969482422,147.5,146.89999389648438,147.0,1269313
2024-11-28 09:30:00,147.0,147.5,146.3000030517578,146.5,1406247
2024-11-28 10:30:00,147.39999389648438,147.8000030517578,146.8000030517578,147.10000610351562,2155639
2024-11-28 11:30:00,147.5,148.1999969482422,147.3000030517578,147.39999389648438,1769124
2024-11-28 12:30:00,147.3000030517578,147.6999969482422,147.1999969482422,147.5,496171
2024-11-28 13:30:00,147.0,147.39999389648438,146.89999389648438,147.39999389648438,667017
2024-11-28 14:30:00,146.6999969482422,147.0,146.39999389648438,147.0,722024
2024-11-28 15:30:00,147.10000610351562,147.39999389648438,146.5,146.6999969482422,708495
2024-11-28 16:30:00,146.6999969482422,147.3000030517578,146.60000610351562,147.1999969482422,1335801
2024-11-29 09:30:00,147.0,147.8000030517578,146.8000030517578,147.3000030517578,1498844
2024-11-29 10:30:00,147.10000610351562,147.1999969482422,146.60000610351562,146.89999389648438,1252022
2024-11-29 11:30:00,146.8000030517578,147.1999969482422,146.6999969482422,147.10000610351562,582742
2024-11-29 12:30:00,146.6999969482422,146.89999389648438,146.60000610351562,146.8000030517578,502639
2024-11-29 13:30:00,146.60000610351562,146.89999389648438,146.5,146.6999969482422,543589
2024-11-29 14:30:00,146.6999969482422,147.0,146.60000610351562,146.6999969482422,1222614
2024-11-29 15:30:00,147.60000610351562,147.89999389648438,146.5,146.8000030517578,1765855
2024-11-29 16:30:00,146.8000030517578,148.8000030517578,146.39999389648438,147.6999969482422,3668597
2024-12-02 09:30:00,146.3000030517578,146.5,145.8000030517578,146.39999389648438,1812803
2024-12-02 10:30:00,146.8000030517578,147.10000610351562,145.8000030517578,146.3000030517578,2248157
2024-12-02 11:30:00,146.60000610351562,146.89999389648438,146.3000030517578,146.8000030517578,1075498
2024-12-02 12:30:00,147.0,147.3000030517578,146.5,146.60000610351562,1357007
2024-12-02 13:30:00,147.0,147.10000610351562,146.6999969482422,147.0,680082
2024-12-02 14:30:00,146.60000610351562,147.0,146.39999389648438,147.0,676226
2024-12-02 15:30:00,146.6999969482422,146.8000030517578,146.3000030517578,146.60000610351562,651739
2024-12-02 16:30:00,147.8000030517578,148.1999969482422,146.5,146.6999969482422,3900658
2024-12-03 09:30:00,148.89999389648438,149.3000030517578,147.3000030517578,147.60000610351562,4381523
2024-12-03 10:30:00,149.1999969482422,149.5,148.5,148.89999389648438,3949519
2024-12-03 11:30:00,149.10000610351562,149.39999389648438,148.8000030517578,149.1999969482422,2012083
2024-12-03 12:30:00,148.89999389648438,149.10000610351562,148.8000030517578,149.10000610351562,965949
2024-12-03 13:30:00,148.39999389648438,148.89999389648438,148.3000030517578,148.89999389648438,1389439
2024-12-03 14:30:00,149.10000610351562,149.1999969482422,148.39999389648438,148.39999389648438,1512761
2024-12-03 15:30:00,149.6999969482422,150.0,148.8000030517578,149.0,3738146
2024-12-03 16:30:00,148.89999389648438,149.6999969482422,148.89999389648438,149.6999969482422,1413658
2024-12-04 09:30:00,152.89999389648438,153.0,149.0,149.0,9953229
2024-12-04 10:30:00,152.0,152.89999389648438,151.8000030517578,152.89999389648438,5388879
2024-12-04 11:30:00,152.5,153.0,151.6999969482422,152.0,3817346
2024-12-04 12:30:00,152.60000610351562,152.8000030517578,152.3000030517578,152.60000610351562,1062147
2024-12-04 13:30:00,152.5,152.60000610351562,152.0,152.60000610351562,951407
2024-12-04 14:30:00,152.60000610351562,153.3000030517578,152.39999389648438,152.5,3459249
2024-12-04 15:30:00,152.3000030517578,152.6999969482422,151.89999389648438,152.60000610351562,1923108
2024-12-04 16:30:00,152.6999969482422,153.10000610351562,152.1999969482422,152.3000030517578,1669162
2024-12-05 09:30:00,152.5,153.5,151.6999969482422,153.0,3302487
2024-12-05 10:30:00,152.39999389648438,152.8000030517578,152.0,152.5,2140669
2024-12-05 11:30:00,152.1999969482422,152.5,152.10000610351562,152.39999389648438,802925
2024-12-05 12:30:00,152.3000030517578,152.5,152.10000610351562,152.1999969482422,763941
2024-12-05 13:30:00,152.0,152.39999389648438,151.8000030517578,152.1999969482422,1140811
2024-12-05 14:30:00,151.39999389648438,152.10000610351562,151.1999969482422,152.10000610351562,1657006
2024-12-05 15:30:00,150.89999389648438,152.3000030517578,150.39999389648438,151.39999389648438,2905503
2024-12-05 16:30:00,151.5,151.60000610351562,150.8000030517578,150.89999389648438,1510093
2024-12-06 09:30:00,152.60000610351562,153.0,151.8000030517578,152.60000610351562,2729524
2024-12-06 10:30:00,152.1999969482422,152.6999969482422,151.8000030517578,152.60000610351562,1988186
2024-12-06 11:30:00,152.1999969482422,152.3000030517578,151.89999389648438,152.1999969482422,1457050
2024-12-06 12:30:00,152.1999969482422,152.3000030517578,152.0,152.1999969482422,683087
2024-12-06 13:30:00,152.0,152.3000030517578,151.8000030517578,152.1999969482422,794356
2024-12-06 14:30:00,152.0,152.1999969482422,151.8000030517578,152.0,838853
2024-12-06 15:30:00,152.10000610351562,152.8000030517578,151.89999389648438,152.0,2489111
2024-12-06 16:30:00,152.10000610351562,152.1999969482422,151.89999389648438,152.10000610351562,962132
2024-12-09 09:30:00,153.3000030517578,153.8000030517578,152.6999969482422,152.89999389648438,4498388
2024-12-09 10:30:00,153.60000610351562,153.8000030517578,153.0,153.3000030517578,2738231
2024-12-09 11:30:00,154.10000610351562,154.39999389648438,153.5,153.60000610351562,2495652
2024-12-09 12:30:00,154.10000610351562,154.3000030517578,153.6999969482422,154.10000610351562,1505459
2024-12-09 13:30:00,154.60000610351562,154.8000030517578,154.0,154.1999969482422,1960886
2024-12-09 14:30:00,154.39999389648438,154.60000610351562,153.89999389648438,154.5,1612226
2024-12-09 15:30:00,154.39999389648438,154.6999969482422,154.10000610351562,154.39999389648438,1123485
2024-12-09 16:30:00,154.5,154.89999389648438,154.0,154.39999389648438,1988942
2024-12-10 09:30:00,154.6999969482422,155.39999389648438,154.3000030517578,154.5,3893282
2024-12-10 10:30:00,155.6999969482422,156.0,154.60000610351562,154.6999969482422,5505836
2024-12-10 11:30:00,155.5,156.1999969482422,155.39999389648438,155.6999969482422,2535814
2024-12-10 12:30:00,155.6999969482422,156.10000610351562,155.39999389648438,155.5,1180729
2024-12-10 13:30:00,154.8000030517578,155.89999389648438,154.6999969482422,155.8000030517578,1620340
2024-12-10 14:30:00,154.89999389648438,155.1999969482422,154.5,154.89999389648438,1868735
2024-12-10 15:30:00,153.5,154.89999389648438,153.5,154.8000030517578,1799759
2024-12-10 16:30:00,153.89999389648438,154.60000610351562,153.3000030517578,153.5,1918826
2024-12-11 09:30:00,153.5,154.5,153.1999969482422,154.0,1650326
2024-12-11 10:30:00,154.39999389648438,154.89999389648438,153.3000030517578,153.5,2216853
2024-12-11 11:30:00,153.5,154.39999389648438,153.0,154.39999389648438,1662135
2024-12-11 12:30:00,153.1999969482422,153.60000610351562,153.0,153.39999389648438,812672
2024-12-11 13:30:00,153.89999389648438,154.0,153.0,153.3000030517578,1014724
2024-12-11 14:30:00,153.3000030517578,153.89999389648438,153.3000030517578,153.89999389648438,642371
2024-12-11 15:30:00,153.60000610351562,153.8000030517578,152.8000030517578,153.3000030517578,1366452
2024-12-11 16:30:00,153.5,154.60000610351562,152.8000030517578,153.60000610351562,2168827
2024-12-12 09:30:00,154.6999969482422,155.5,153.89999389648438,154.6999969482422,2627406
2024-12-12 10:30:00,154.60000610351562,154.8000030517578,154.10000610351562,154.6999969482422,1416073
2024-12-12 11:30:00,154.10000610351562,154.8000030517578,154.10000610351562,154.60000610351562,960989
2024-12-12 12:30:00,154.1999969482422,154.60000610351562,154.10000610351562,154.1999969482422,735554
2024-12-12 13:30:00,153.6999969482422,154.1999969482422,153.5,154.1999969482422,1413395
2024-12-12 14:30:00,152.39999389648438,153.6999969482422,152.10000610351562,153.6999969482422,2343198
2024-12-12 15:30:00,152.10000610351562,152.60000610351562,151.89999389648438,152.39999389648438,1815854
2024-12-12 16:30:00,150.8000030517578,152.1999969482422,150.8000030517578,152.10000610351562,3058745
2024-12-13 09:30:00,149.8000030517578,150.6999969482422,149.6999969482422,150.60000610351562,1699755
2024-12-13 10:30:00,149.39999389648438,149.89999389648438,149.10000610351562,149.8000030517578,1599066
2024-12-13 11:30:00,149.39999389648438,149.60000610351562,149.10000610351562,149.5,985061
2024-12-13 12:30:00,149.39999389648438,149.60000610351562,149.3000030517578,149.39999389648438,465224
2024-12-13 13:30:00,150.0,150.1999969482422,149.1999969482422,149.39999389648438,1071549
2024-12-13 14:30:00,150.10000610351562,150.39999389648438,149.6999969482422,150.10000610351562,1189485
2024-12-13 15:30:00,149.39999389648438,150.10000610351562,149.10000610351562,150.0,1021722
2024-12-13 16:30:00,149.6999969482422,149.8000030517578,149.1999969482422,149.3000030517578,1006466
2024-12-16 09:30:00,151.3000030517578,151.8000030517578,150.8000030517578,151.39999389648438,2546004
2024-12-16 10:30:00,151.0,151.39999389648438,150.60000610351562,151.3000030517578,1374577
2024-12-16 11:30:00,151.0,151.3000030517578,150.89999389648438,151.10000610351562,682055
2024-12-16 12:30:00,150.89999389648438,151.10000610351562,150.60000610351562,150.89999389648438,973321
2024-12-16 13:30:00,150.8000030517578,150.89999389648438,150.10000610351562,150.89999389648438,810146
2024-12-16 14:30:00,150.8000030517578,150.89999389648438,150.5,150.8000030517578,561054
2024-12-16 15:30:00,150.3000030517578,151.0,150.10000610351562,150.8000030517578,1094819
2024-12-16 16:30:00,149.8000030517578,150.3000030517578,149.3000030517578,150.1999969482422,1471227
2024-12-17 09:30:00,149.0,149.5,148.5,148.8000030517578,1711042
2024-12-17 10:30:00,147.60000610351562,149.1999969482422,147.1999969482422,149.0,1956040
2024-12-17 11:30:00,148.10000610351562,148.1999969482422,147.3000030517578,147.60000610351562,1104593
2024-12-17 12:30:00,148.3000030517578,148.5,147.8000030517578,148.0,884467
2024-12-17 13:30:00,148.6999969482422,148.89999389648438,148.1999969482422,148.3000030517578,841505
2024-12-17 14:30:00,148.3000030517578,148.89999389648438,148.10000610351562,148.6999969482422,788339
2024-12-17 15:30:00,148.3000030517578,148.3000030517578,147.6999969482422,148.3000030517578,735463
2024-12-17 16:30:00,149.0,149.6999969482422,148.1999969482422,148.3000030517578,2542545
2024-12-18 09:30:00,148.0,149.10000610351562,147.8000030517578,148.6999969482422,1519188
2024-12-18 10:30:00,147.89999389648438,148.10000610351562,147.5,148.0,945595
2024-12-18 11:30:00,147.60000610351562,148.0,147.39999389648438,148.0,852457
2024-12-18 12:30:00,147.5,147.60000610351562,147.3000030517578,147.60000610351562,696856
2024-12-18 13:30:00,147.3000030517578,147.60000610351562,146.89999389648438,147.5,855168
2024-12-18 14:30:00,147.3000030517578,147.39999389648438,146.89999389648438,147.3000030517578,1043465
2024-12-18 15:30:00,147.8000030517578,148.1999969482422,147.1999969482422,147.39999389648438,1553429
2024-12-18 16:30:00,146.6999969482422,148.10000610351562,146.60000610351562,147.89999389648438,1643176
2024-12-19 09:30:00,145.60000610351562,145.89999389648438,144.8000030517578,145.10000610351562,1479252
2024-12-19 10:30:00,145.60000610351562,146.10000610351562,145.3000030517578,145.60000610351562,1113418
2024-12-19 11:30:00,146.0,146.1999969482422,145.5,145.60000610351562,796141
2024-12-19 12:30:00,145.5,146.10000610351562,145.5,146.0,490245
2024-12-19 13:30:00,145.5,145.6999969482422,145.10000610351562,145.5,578481
2024-12-19 14:30:00,146.0,146.10000610351562,145.3000030517578,145.5,554462
2024-12-19 15:30:00,145.8000030517578,146.10000610351562,145.39999389648438,146.10000610351562,866641
2024-12-19 16:30:00,144.89999389648438,145.89999389648438,144.60000610351562,145.8000030517578,1727293
2024-12-20 09:30:00,145.60000610351562,146.1999969482422,144.5,144.5,2101907
2024-12-20 10:30:00,145.0,145.6999969482422,144.89999389648438,145.60000610351562,1315169
2024-12-20 11:30:00,145.0,145.1999969482422,144.5,145.10000610351562,1257361
2024-12-20 12:30:00,145.0,145.10000610351562,144.6999969482422,144.89999389648438,562431
2024-12-20 13:30:00,144.89999389648438,145.10000610351562,144.6999969482422,145.10000610351562,645224
2024-12-20 14:30:00,145.0,145.3000030517578,144.6999969482422,144.8000030517578,1032146
2024-12-20 15:30:00,144.89999389648438,145.10000610351562,144.39999389648438,144.89999389648438,656849
2024-12-20 16:30:00,145.10000610351562,145.6999969482422,144.89999389648438,145.0,1943184
2024-12-23 09:30:00,144.8000030517578,146.5,144.5,145.6999969482422,1907736
2024-12-23 10:30:00,145.10000610351562,145.89999389648438,144.6999969482422,144.8000030517578,1462455
2024-12-23 11:30:00,144.60000610351562,145.1999969482422,144.39999389648438,145.10000610351562,1290536
2024-12-23 12:30:00,144.5,144.6999969482422,144.1999969482422,144.60000610351562,1086803
2024-12-23 13:30:00,144.1999969482422,144.60000610351562,144.0,144.5,736751
2024-12-23 14:30:00,144.10000610351562,144.39999389648438,144.0,144.3000030517578,774710
2024-12-23 15:30:00,143.8000030517578,144.3000030517578,143.8000030517578,144.0,730853
2024-12-23 16:30:00,143.89999389648438,144.10000610351562,143.60000610351562,143.89999389648438,1117855
2024-12-24 09:30:00,143.3000030517578,143.6999969482422,142.8000030517578,143.60000610351562,1302031
2024-12-24 10:30:00,142.89999389648438,143.60000610351562,142.8000030517578,143.1999969482422,1382223
2024-12-24 11:30:00,143.1999969482422,143.3000030517578,142.6999969482422,142.89999389648438,564839
2024-12-24 12:30:00,143.10000610351562,143.39999389648438,142.89999389648438,143.3000030517578,364769
2024-12-24 13:30:00,142.5,143.10000610351562,142.3000030517578,143.10000610351562,896574
2024-12-24 14:30:00,142.39999389648438,142.60000610351562,142.1999969482422,142.5,1160226
2024-12-24 15:30:00,142.1999969482422,142.5,142.0,142.39999389648438,864402
2024-12-24 16:30:00,142.1999969482422,142.39999389648438,141.39999389648438,142.1999969482422,1682421
2024-12-25 09:30:00,144.0,144.3000030517578,143.5,144.0,1466388
2024-12-25 10:30:00,143.8000030517578,144.10000610351562,143.39999389648438,144.10000610351562,1023818
2024-12-25 11:30:00,143.60000610351562,143.89999389648438,143.3000030517578,143.8000030517578,1007664
2024-12-25 12:30:00,143.6999969482422,143.8000030517578,143.5,143.60000610351562,708972
2024-12-25 13:30:00,143.8000030517578,144.0,143.60000610351562,143.60000610351562,824290
2024-12-25 14:30:00,144.10000610351562,144.10000610351562,143.60000610351562,143.8000030517578,543133
2024-12-25 15:30:00,143.60000610351562,144.60000610351562,143.60000610351562,144.10000610351562,1219600
2024-12-25 16:30:00,143.8000030517578,143.89999389648438,143.5,143.60000610351562,507976
2024-12-26 09:30:00,144.3000030517578,144.6999969482422,144.10000610351562,144.1999969482422,1927378
2024-12-26 10:30:00,144.5,144.89999389648438,144.1999969482422,144.39999389648438,1784649
2024-12-26 11:30:00,144.39999389648438,144.60000610351562,144.10000610351562,144.5,977079
2024-12-26 12:30:00,144.60000610351562,144.8000030517578,144.1999969482422,144.5,878459
2024-12-26 13:30:00,144.6999969482422,145.1999969482422,143.89999389648438,144.60000610351562,3635253
2024-12-26 14:30:00,144.10000610351562,144.8000030517578,143.5,144.6999969482422,1663443
2024-12-26 15:30:00,143.60000610351562,144.3000030517578,143.60000610351562,144.10000610351562,745789
2024-12-26 16:30:00,143.3000030517578,143.89999389648438,143.0,143.6999969482422,1548727
2024-12-27 09:30:00,144.1999969482422,144.39999389648438,143.6999969482422,143.89999389648438,1542536
2024-12-27 10:30:00,143.89999389648438,144.39999389648438,143.6999969482422,144.1999969482422,1232982
2024-12-27 11:30:00,143.8000030517578,144.0,143.5,143.89999389648438,1023963
2024-12-27 12:30:00,144.10000610351562,144.3000030517578,143.6999969482422,143.8000030517578,1093379
2024-12-27 13:30:00,143.8000030517578,144.3000030517578,143.8000030517578,144.10000610351562,775272
2024-12-27 14:30:00,143.60000610351562,144.10000610351562,143.39999389648438,143.89999389648438,1007760
2024-12-27 15:30:00,144.0,144.10000610351562,143.39999389648438,143.60000610351562,914368
2024-12-27 16:30:00,144.5,144.8000030517578,144.0,144.0,2007643
2024-12-30 09:30:00,143.6999969482422,144.6999969482422,143.60000610351562,144.1999969482422,1591769
2024-12-30 10:30:00,144.1999969482422,144.39999389648438,143.60000610351562,143.6999969482422,1016318
2024-12-30 11:30:00,143.89999389648438,144.1999969482422,143.8000030517578,144.1999969482422,487429
2024-12-30 12:30:00,143.89999389648438,144.0,143.6999969482422,143.89999389648438,463421
2024-12-30 13:30:00,143.5,143.89999389648438,143.39999389648438,143.89999389648438,771226
2024-12-30 14:30:00,143.6999969482422,143.8000030517578,143.39999389648438,143.60000610351562,410067
2024-12-30 15:30:00,143.39999389648438,143.6999969482422,143.1999969482422,143.6999969482422,698318
2024-12-30 16:30:00,143.1999969482422,143.6999969482422,143.10000610351562,143.39999389648438,742082
2024-12-31 09:30:00,142.89999389648438,143.39999389648438,142.5,142.60000610351562,1200656
2024-12-31 10:30:00,142.0,143.0,141.3000030517578,142.89999389648438,2100944
2024-12-31 11:30:00,141.89999389648438,142.3000030517578,141.60000610351562,142.0,1097524
2024-12-31 12:30:00,142.60000610351562,143.0,141.8000030517578,141.89999389648438,1028494
2024-12-31 13:30:00,142.89999389648438,143.39999389648438,142.39999389648438,142.60000610351562,1390142
2024-12-31 14:30:00,143.1999969482422,143.1999969482422,142.6999969482422,142.89999389648438,677500
2024-12-31 15:30:00,143.39999389648438,143.60000610351562,142.8000030517578,143.1999969482422,1241045
2024-12-31 16:30:00,142.8000030517578,143.39999389648438,142.6999969482422,143.3000030517578,1453741
2025-01-02 09:30:00,141.8000030517578,143.0,141.60000610351562,142.39999389648438,2892347
2025-01-02 10:30:00,141.5,142.1999969482422,140.8000030517578,141.8000030517578,3395489
2025-01-02 11:30:00,142.3000030517578,142.5,141.10000610351562,141.5,2183469
2025-01-02 12:30:00,142.3000030517578,142.5,141.89999389648438,142.3000030517578,1275687
2025-01-02 13:30:00,142.3000030517578,142.5,141.89999389648438,142.3000030517578,984721
2025-01-02 14:30:00,143.8000030517578,143.89999389648438,142.1999969482422,142.3000030517578,2449630
2025-01-02 15:30:00,145.3000030517578,145.60000610351562,143.60000610351562,143.8000030517578,4208562
2025-01-02 16:30:00,145.10000610351562,145.8000030517578,145.0,145.3000030517578,2436780
2025-01-03 09:30:00,148.0,148.0,145.89999389648438,146.3000030517578,4074610
2025-01-03 10:30:00,147.5,148.39999389648438,147.39999389648438,147.89999389648438,3135131
2025-01-03 11:30:00,147.60000610351562,147.89999389648438,147.3000030517578,147.5,1317203
2025-01-03 12:30:00,147.5,147.60000610351562,147.1999969482422,147.60000610351562,1272194
2025-01-03 13:30:00,147.8000030517578,148.0,147.5,147.60000610351562,1154745
2025-01-03 14:30:00,148.1999969482422,148.39999389648438,147.6999969482422,147.89999389648438,1983965
2025-01-03 15:30:00,148.3000030517578,148.6999969482422,148.0,148.3000030517578,2832734
2025-01-03 16:30:00,148.6999969482422,148.6999969482422,148.0,148.3000030517578,1434512
2025-01-06 09:30:00,149.0,150.60000610351562,148.6999969482422,150.10000610351562,2542786
2025-01-06 10:30:00,149.1999969482422,149.8000030517578,148.8000030517578,149.0,1872025
2025-01-06 11:30:00,148.6999969482422,149.3000030517578,148.39999389648438,149.1999969482422,2093515
2025-01-06 12:30:00,148.6999969482422,148.89999389648438,148.3000030517578,148.6999969482422,888052
2025-01-06 13:30:00,149.0,149.10000610351562,148.5,148.60000610351562,1065533
2025-01-06 14:30:00,149.10000610351562,149.3000030517578,148.60000610351562,149.10000610351562,1326120
2025-01-06 15:30:00,149.0,149.3000030517578,148.6999969482422,149.0,1514982
2025-01-06 16:30:00,148.10000610351562,149.1999969482422,147.60000610351562,149.10000610351562,2121316
2025-01-07 09:30:00,148.5,148.8000030517578,147.0,147.60000610351562,2500206
2025-01-07 10:30:00,147.6999969482422,148.60000610351562,147.5,148.5,2044007
2025-01-07 11:30:00,147.89999389648438,148.10000610351562,147.5,147.60000610351562,1582618
2025-01-07 12:30:00,147.89999389648438,148.3000030517578,147.60000610351562,147.89999389648438,891592
2025-01-07 13:30:00,147.89999389648438,148.39999389648438,147.8000030517578,147.8000030517578,1188816
2025-01-07 14:30:00,148.5,148.60000610351562,147.6999969482422,147.89999389648438,2072930
2025-01-07 15:30:00,148.5,148.8000030517578,148.1999969482422,148.5,2370304
2025-01-07 16:30:00,147.0,148.6999969482422,146.6999969482422,148.60000610351562,3343115
2025-01-08 09:30:00,145.10000610351562,146.1999969482422,144.89999389648438,146.10000610351562,2693396
2025-01-08 10:30:00,145.5,146.10000610351562,144.8000030517578,145.10000610351562,2466412
2025-01-08 11:30:00,145.5,146.10000610351562,145.10000610351562,145.39999389648438,2082944
2025-01-08 12:30:00,145.3000030517578,145.5,145.0,145.39999389648438,998006
2025-01-08 13:30:00,145.5,145.8000030517578,145.10000610351562,145.39999389648438,1347594
2025-01-08 14:30:00,144.5,145.5,144.3000030517578,145.5,2337516
2025-01-08 15:30:00,145.0,145.10000610351562,144.3000030517578,144.39999389648438,1729706
2025-01-08 16:30:00,144.6999969482422,145.3000030517578,144.3000030517578,144.89999389648438,2065152
2025-01-09 09:30:00,145.10000610351562,145.5,144.6999969482422,144.6999969482422,1852505
2025-01-09 10:30:00,144.60000610351562,145.1999969482422,144.3000030517578,145.10000610351562,2042614
2025-01-09 11:30:00,145.10000610351562,145.10000610351562,144.3000030517578,144.60000610351562,1092888
2025-01-09 12:30:00,145.0,145.10000610351562,144.8000030517578,145.0,783127
2025-01-09 13:30:00,144.89999389648438,145.0,144.60000610351562,145.0,526908
2025-01-09 14:30:00,145.3000030517578,145.60000610351562,144.6999969482422,144.89999389648438,1432149
2025-01-09 15:30:00,144.8000030517578,145.5,144.60000610351562,145.3000030517578,1076816
2025-01-09 16:30:00,144.89999389648438,146.0,144.3000030517578,144.6999969482422,3160471
2025-01-10 09:30:00,144.5,146.0,144.5,145.6999969482422,2334810
2025-01-10 10:30:00,144.3000030517578,144.89999389648438,144.1999969482422,144.60000610351562,2170365
2025-01-10 11:30:00,144.5,144.60000610351562,144.1999969482422,144.3000030517578,1004332
2025-01-10 12:30:00,144.60000610351562,144.8000030517578,144.5,144.60000610351562,678875
2025-01-10 13:30:00,145.1999969482422,145.3000030517578,144.39999389648438,144.6999969482422,1351143
2025-01-10 14:30:00,144.60000610351562,145.5,144.60000610351562,145.1999969482422,1763524
2025-01-10 15:30:00,145.1999969482422,145.39999389648438,144.60000610351562,144.6999969482422,1192048
2025-01-10 16:30:00,144.0,145.10000610351562,143.3000030517578,145.10000610351562,3696320
2025-01-13 09:30:00,145.60000610351562,145.89999389648438,143.6999969482422,143.6999969482422,4598786
2025-01-13 10:30:00,144.6999969482422,146.3000030517578,144.60000610351562,145.6999969482422,4493057
2025-01-13 11:30:00,144.5,145.39999389648438,144.10000610351562,144.8000030517578,3099253
2025-01-13 12:30:00,144.0,145.0,143.89999389648438,144.5,2348262
2025-01-13 13:30:00,144.0,144.39999389648438,143.5,143.89999389648438,1499593
2025-01-13 14:30:00,143.89999389648438,144.3000030517578,143.6999969482422,144.0,1651017
2025-01-13 15:30:00,144.1999969482422,144.89999389648438,143.89999389648438,143.89999389648438,1610362
2025-01-13 16:30:00,144.0,144.5,143.60000610351562,144.1999969482422,2195409
2025-01-14 09:30:00,145.60000610351562,145.6999969482422,144.5,144.5,2346610
2025-01-14 10:30:00,146.6999969482422,147.1999969482422,145.60000610351562,145.60000610351562,6423562
2025-01-14 11:30:00,146.3000030517578,147.10000610351562,145.89999389648438,146.8000030517578,2238638
2025-01-14 12:30:00,146.1999969482422,146.39999389648438,146.0,146.3000030517578,1095952
2025-01-14 13:30:00,145.39999389648438,146.3000030517578,145.39999389648438,146.1999969482422,1722132
2025-01-14 14:30:00,145.8000030517578,146.39999389648438,145.1999969482422,145.39999389648438,3447736
2025-01-14 15:30:00,144.3000030517578,146.10000610351562,144.1999969482422,145.8000030517578,3168241
2025-01-14 16:30:00,145.5,146.39999389648438,144.1999969482422,144.1999969482422,3269984
2025-01-15 09:30:00,145.1999969482422,145.60000610351562,144.5,145.3000030517578,2738959
2025-01-15 10:30:00,144.8000030517578,145.39999389648438,144.5,145.3000030517578,2848161
2025-01-15 11:30:00,145.39999389648438,145.6999969482422,144.60000610351562,144.6999969482422,1531849
2025-01-15 12:30:00,145.39999389648438,146.10000610351562,145.1999969482422,145.39999389648438,1780904
2025-01-15 13:30:00,145.6999969482422,146.10000610351562,145.3000030517578,145.5,1270290
2025-01-15 14:30:00,145.8000030517578,146.0,145.3000030517578,145.6999969482422,1240242
2025-01-15 15:30:00,145.60000610351562,145.8000030517578,145.39999389648438,145.8000030517578,990847
2025-01-15 16:30:00,145.39999389648438,146.60000610351562,144.8000030517578,145.60000610351562,3516788
2025-01-16 09:30:00,148.0,148.6999969482422,147.39999389648438,148.3000030517578,3343632
2025-01-16 10:30:00,148.39999389648438,148.60000610351562,148.0,148.0,2386976
2025-01-16 11:30:00,147.60000610351562,148.5,147.5,148.39999389648438,1984951
2025-01-16 12:30:00,147.5,147.89999389648438,147.1999969482422,147.5,1706035
2025-01-16 13:30:00,147.8000030517578,147.89999389648438,147.39999389648438,147.5,742046
2025-01-16 14:30:00,147.8000030517578,148.0,147.6999969482422,147.8000030517578,939005
2025-01-16 15:30:00,147.8000030517578,148.10000610351562,147.39999389648438,147.8000030517578,984514
2025-01-16 16:30:00,147.6999969482422,148.0,147.3000030517578,147.8000030517578,1897962
2025-01-17 09:30:00,148.5,149.0,148.10000610351562,148.89999389648438,1327521
2025-01-17 10:30:00,148.0,149.0,147.89999389648438,148.5,2307310
2025-01-17 11:30:00,147.89999389648438,148.1999969482422,147.1999969482422,147.89999389648438,1852773
2025-01-17 12:30:00,148.10000610351562,148.1999969482422,147.6999969482422,147.89999389648438,984239
2025-01-17 13:30:00,148.1999969482422,148.5,147.89999389648438,148.0,1006428
2025-01-17 14:30:00,148.0,148.39999389648438,147.89999389648438,148.1999969482422,647255
2025-01-17 15:30:00,148.10000610351562,148.3000030517578,147.6999969482422,148.0,1271120
2025-01-17 16:30:00,148.1999969482422,148.8000030517578,147.8000030517578,148.10000610351562,2178723
2025-01-20 09:30:00,147.6999969482422,149.60000610351562,147.60000610351562,148.6999969482422,2489095
2025-01-20 10:30:00,148.0,148.1999969482422,147.3000030517578,147.6999969482422,1702729
2025-01-20 11:30:00,147.6999969482422,148.39999389648438,147.60000610351562,148.0,1493763
2025-01-20 12:30:00,146.5,147.8000030517578,146.39999389648438,147.60000610351562,1566741
2025-01-20 13:30:00,146.3000030517578,146.60000610351562,145.5,146.5,2408272
2025-01-20 14:30:00,146.0,146.3000030517578,145.60000610351562,146.1999969482422,1415961
2025-01-20 15:30:00,146.0,146.1999969482422,145.5,146.10000610351562,1637918
2025-01-20 16:30:00,145.89999389648438,146.5,145.60000610351562,146.0,2199917
2025-01-21 09:30:00,144.60000610351562,145.60000610351562,143.8000030517578,145.3000030517578,2968962
2025-01-21 10:30:00,144.60000610351562,145.0,144.1999969482422,144.60000610351562,1940265
2025-01-21 11:30:00,144.1999969482422,144.6999969482422,144.10000610351562,144.60000610351562,1760492
2025-01-21 12:30:00,143.60000610351562,144.39999389648438,143.5,144.1999969482422,2316164
2025-01-21 13:30:00,143.5,143.89999389648438,143.3000030517578,143.60000610351562,3369127
2025-01-21 14:30:00,143.1999969482422,143.60000610351562,142.6999969482422,143.5,2390700
2025-01-21 15:30:00,143.60000610351562,143.6999969482422,143.0,143.1999969482422,1462707
2025-01-21 16:30:00,143.0,143.89999389648438,142.89999389648438,143.6999969482422,3103064
2025-01-22 09:30:00,142.8000030517578,143.60000610351562,142.3000030517578,142.89999389648438,2786965
2025-01-22 10:30:00,142.5,143.10000610351562,142.3000030517578,142.8000030517578,2061282
2025-01-22 11:30:00,142.60000610351562,142.60000610351562,142.10000610351562,142.39999389648438,1264127
2025-01-22 12:30:00,142.60000610351562,142.8000030517578,142.39999389648438,142.5,1175918
2025-01-22 13:30:00,142.60000610351562,142.6999969482422,142.1999969482422,142.60000610351562,1090577
2025-01-22 14:30:00,142.8000030517578,143.3000030517578,142.39999389648438,142.60000610351562,2005746
2025-01-22 15:30:00,143.0,143.1999969482422,142.6999969482422,142.89999389648438,1047335
2025-01-22 16:30:00,143.39999389648438,143.5,142.8000030517578,143.10000610351562,1725545
2025-01-23 09:30:00,144.1999969482422,145.1999969482422,144.10000610351562,144.60000610351562,2147240
2025-01-23 10:30:00,143.89999389648438,144.39999389648438,143.1999969482422,144.10000610351562,2743447
2025-01-23 11:30:00,144.3000030517578,144.39999389648438,143.8000030517578,143.89999389648438,1198877
2025-01-23 12:30:00,144.10000610351562,144.3000030517578,143.89999389648438,144.3000030517578,1088167
2025-01-23 13:30:00,144.0,144.1999969482422,143.39999389648438,144.0,1995110
2025-01-23 14:30:00,144.3000030517578,144.5,143.5,144.0,1962254
2025-01-23 15:30:00,143.60000610351562,144.60000610351562,143.5,144.3000030517578,2869888
2025-01-23 16:30:00,143.3000030517578,143.89999389648438,143.0,143.60000610351562,2927888
2025-01-24 09:30:00,143.1999969482422,144.0,143.0,143.6999969482422,1881842
2025-01-24 10:30:00,142.6999969482422,143.3000030517578,142.5,143.3000030517578,2753483
2025-01-24 11:30:00,143.1999969482422,143.3000030517578,142.60000610351562,142.6999969482422,1740310
2025-01-24 12:30:00,142.89999389648438,143.1999969482422,142.6999969482422,143.1999969482422,902696
2025-01-24 13:30:00,142.89999389648438,143.0,142.5,142.89999389648438,1102001
2025-01-24 14:30:00,142.60000610351562,142.89999389648438,142.3000030517578,142.89999389648438,1412037
2025-01-24 15:30:00,142.6999969482422,142.6999969482422,142.39999389648438,142.5,948283
2025-01-24 16:30:00,143.39999389648438,143.60000610351562,142.5,142.6999969482422,1666316
2025-01-27 09:30:00,142.0,142.5,141.60000610351562,142.5,2443082
2025-01-27 10:30:00,142.0,142.39999389648438,141.60000610351562,142.0,2853077
2025-01-27 11:30:00,141.5,142.1999969482422,141.5,141.89999389648438,1321733
2025-01-27 12:30:00,141.6999969482422,141.8000030517578,141.5,141.60000610351562,984104
2025-01-27 13:30:00,141.6999969482422,141.89999389648438,141.5,141.6999969482422,955566
2025-01-27 14:30:00,141.3000030517578,141.8000030517578,141.10000610351562,141.60000610351562,1545633
2025-01-27 15:30:00,141.10000610351562,141.39999389648438,141.0,141.1999969482422,1347265
2025-01-27 16:30:00,140.6999969482422,141.10000610351562,140.5,141.10000610351562,2328218
2025-01-28 09:30:00,140.1999969482422,141.6999969482422,139.8000030517578,140.89999389648438,3335263
2025-01-28 10:30:00,139.60000610351562,140.39999389648438,139.39999389648438,140.3000030517578,3812154
2025-01-28 11:30:00,140.1999969482422,140.3000030517578,139.1999969482422,139.5,2601301
2025-01-28 12:30:00,140.5,140.60000610351562,140.10000610351562,140.1999969482422,1766174
2025-01-28 13:30:00,140.5,140.8000030517578,140.1999969482422,140.5,1912720
2025-01-28 14:30:00,140.39999389648438,140.8000030517578,140.1999969482422,140.5,1542585
2025-01-28 15:30:00,140.60000610351562,140.6999969482422,140.10000610351562,140.39999389648438,1041824
2025-01-28 16:30:00,140.8000030517578,141.1999969482422,140.5,140.60000610351562,3216817
2025-01-29 09:30:00,141.10000610351562,141.6999969482422,140.8000030517578,140.89999389648438,3673207
2025-01-29 10:30:00,140.8000030517578,141.3000030517578,140.39999389648438,141.1999969482422,2188589
2025-01-29 11:30:00,141.5,141.8000030517578,140.60000610351562,140.8000030517578,3442894
2025-01-29 12:30:00,141.3000030517578,141.6999969482422,141.0,141.60000610351562,1624421
2025-01-29 13:30:00,141.0,141.39999389648438,141.0,141.1999969482422,1042306
2025-01-29 14:30:00,140.3000030517578,141.10000610351562,140.1999969482422,141.10000610351562,1882551
2025-01-29 15:30:00,140.5,140.60000610351562,140.10000610351562,140.3000030517578,1364754
2025-01-29 16:30:00,140.60000610351562,141.3000030517578,140.3000030517578,140.39999389648438,2076341
2025-01-30 09:30:00,140.10000610351562,141.0,139.8000030517578,140.10000610351562,2262028
2025-01-30 10:30:00,141.5,141.8000030517578,140.0,140.1999969482422,4278488
2025-01-30 11:30:00,141.6999969482422,141.89999389648438,141.1999969482422,141.5,2052764
2025-01-30 12:30:00,142.5,142.8000030517578,141.39999389648438,141.60000610351562,2644033
2025-01-30 13:30:00,142.39999389648438,142.6999969482422,142.10000610351562,142.60000610351562,1839933
2025-01-30 14:30:00,142.39999389648438,142.39999389648438,141.8000030517578,142.39999389648438,1192842
2025-01-30 15:30:00,142.10000610351562,142.5,141.89999389648438,142.39999389648438,1065317
2025-01-30 16:30:00,142.0,142.39999389648438,141.3000030517578,142.10000610351562,1917108
2025-01-31 09:30:00,142.3000030517578,142.8000030517578,142.0,142.10000610351562,2032975
2025-01-31 10:30:00,142.3000030517578,142.6999969482422,142.10000610351562,142.3000030517578,1326968
2025-01-31 11:30:00,142.0,142.3000030517578,141.8000030517578,142.3000030517578,1073141
2025-01-31 12:30:00,141.8000030517578,142.3000030517578,141.39999389648438,142.0,1627381
2025-01-31 13:30:00,141.39999389648438,141.8000030517578,141.1999969482422,141.8000030517578,866977
2025-01-31 14:30:00,140.8000030517578,141.60000610351562,140.8000030517578,141.5,1102101
2025-01-31 15:30:00,140.5,141.0,140.1999969482422,140.8000030517578,1674356
2025-01-31 16:30:00,140.89999389648438,141.0,140.10000610351562,140.5,1852566
2025-02-03 09:30:00,137.8000030517578,139.8000030517578,137.60000610351562,139.8000030517578,3927369
2025-02-03 10:30:00,140.39999389648438,140.8000030517578,137.8000030517578,137.89999389648438,4001191
2025-02-03 11:30:00,139.3000030517578,140.5,139.1999969482422,140.3000030517578,2102860
2025-02-03 12:30:00,139.0,139.39999389648438,138.6999969482422,139.3000030517578,1440616
2025-02-03 13:30:00,139.10000610351562,139.3000030517578,138.8000030517578,138.89999389648438,1839457
2025-02-03 14:30:00,139.1999969482422,139.3000030517578,138.60000610351562,139.10000610351562,1545164
2025-02-03 15:30:00,138.8000030517578,139.39999389648438,138.8000030517578,139.1999969482422,1662484
2025-02-03 16:30:00,138.6999969482422,139.1999969482422,138.5,138.89999389648438,1446484
2025-02-04 09:30:00,138.10000610351562,140.0,137.89999389648438,139.3000030517578,2558878
2025-02-04 10:30:00,138.10000610351562,138.39999389648438,137.5,138.10000610351562,3047523
2025-02-04 11:30:00,138.1999969482422,138.1999969482422,138.0,138.0,1022622
2025-02-04 12:30:00,137.89999389648438,138.3000030517578,137.60000610351562,138.1999969482422,2853511
2025-02-04 13:30:00,137.8000030517578,137.89999389648438,137.60000610351562,137.8000030517578,1168926
2025-02-04 14:30:00,137.39999389648438,137.89999389648438,137.0,137.8000030517578,2861212
2025-02-04 15:30:00,138.60000610351562,138.60000610351562,137.3000030517578,137.39999389648438,3049562
2025-02-04 16:30:00,138.39999389648438,138.89999389648438,138.10000610351562,138.60000610351562,2396437
2025-02-05 09:30:00,138.5,139.5,137.8000030517578,137.89999389648438,4116775
2025-02-05 10:30:00,138.6999969482422,138.89999389648438,137.8000030517578,138.60000610351562,2247394
2025-02-05 11:30:00,138.6999969482422,139.1999969482422,138.5,138.8000030517578,1691674
2025-02-05 12:30:00,138.8000030517578,138.89999389648438,138.3000030517578,138.6999969482422,780862
2025-02-05 13:30:00,138.8000030517578,139.10000610351562,138.5,138.8000030517578,1203801
2025-02-05 14:30:00,139.3000030517578,139.3000030517578,138.60000610351562,138.8000030517578,1297257
2025-02-05 15:30:00,137.0,139.39999389648438,136.8000030517578,139.3000030517578,3143888
2025-02-05 16:30:00,137.5,137.89999389648438,135.89999389648438,137.0,4746020
2025-02-06 09:30:00,139.39999389648438,139.6999969482422,138.60000610351562,138.8000030517578,2250288
2025-02-06 10:30:00,140.39999389648438,140.5,139.1999969482422,139.39999389648438,2801271
2025-02-06 11:30:00,139.60000610351562,140.39999389648438,139.3000030517578,140.39999389648438,2127811
2025-02-06 12:30:00,139.89999389648438,139.89999389648438,139.10000610351562,139.60000610351562,1288646
2025-02-06 13:30:00,139.6999969482422,139.89999389648438,139.39999389648438,139.89999389648438,626425
2025-02-06 14:30:00,139.39999389648438,139.6999969482422,139.10000610351562,139.6999969482422,791108
2025-02-06 15:30:00,139.1999969482422,139.5,138.89999389648438,139.3000030517578,1388401
2025-02-06 16:30:00,139.6999969482422,139.89999389648438,139.10000610351562,139.10000610351562,1167583
2025-02-07 09:30:00,139.39999389648438,140.60000610351562,139.1999969482422,140.10000610351562,2182386
2025-02-07 10:30:00,139.1999969482422,140.0,138.89999389648438,139.39999389648438,1833690
2025-02-07 11:30:00,139.5,139.89999389648438,139.0,139.10000610351562,1489846
2025-02-07 12:30:00,139.6999969482422,139.8000030517578,139.39999389648438,139.5,591486
2025-02-07 13:30:00,139.6999969482422,140.0,139.39999389648438,139.60000610351562,994332
2025-02-07 14:30:00,140.3000030517578,140.39999389648438,139.5,139.6999969482422,1793327
2025-02-07 15:30:00,140.0,140.39999389648438,139.6999969482422,140.3000030517578,963180
2025-02-07 16:30:00,141.6999969482422,141.89999389648438,139.89999389648438,140.0,5243269
2025-02-10 09:30:00,141.5,142.60000610351562,141.3000030517578,141.89999389648438,2236965
2025-02-10 10:30:00,140.1999969482422,141.5,140.0,141.5,2702501
2025-02-10 11:30:00,139.8000030517578,140.1999969482422,139.6999969482422,140.10000610351562,2049208
2025-02-10 12:30:00,139.8000030517578,139.89999389648438,139.5,139.8000030517578,1359811
2025-02-10 13:30:00,139.5,139.8000030517578,139.39999389648438,139.6999969482422,1436704
2025-02-10 14:30:00,139.10000610351562,139.6999969482422,138.89999389648438,139.60000610351562,2262771
2025-02-10 15:30:00,139.1999969482422,139.60000610351562,139.0,139.0,1163367
2025-02-10 16:30:00,139.1999969482422,139.39999389648438,139.0,139.1999969482422,1035125
2025-02-11 09:30:00,138.5,139.3000030517578,138.3000030517578,138.89999389648438,1796046
2025-02-11 10:30:00,137.5,138.8000030517578,137.3000030517578,138.5,2826812
2025-02-11 11:30:00,137.89999389648438,138.0,137.39999389648438,137.39999389648438,1108278
2025-02-11 12:30:00,137.6999969482422,138.0,137.39999389648438,137.89999389648438,885478
2025-02-11 13:30:00,137.39999389648438,137.6999969482422,137.10000610351562,137.60000610351562,1376029
2025-02-11 14:30:00,137.6999969482422,137.8000030517578,137.39999389648438,137.5,1531731
2025-02-11 15:30:00,138.0,138.10000610351562,137.5,137.6999969482422,2016728
2025-02-11 16:30:00,137.8000030517578,138.1999969482422,137.5,138.0,2136016
2025-02-12 09:30:00,137.8000030517578,138.8000030517578,137.5,138.3000030517578,2436209
2025-02-12 10:30:00,137.1999969482422,137.89999389648438,137.0,137.8000030517578,2399315
2025-02-12 11:30:00,137.0,137.3000030517578,136.60000610351562,137.1999969482422,2100545
2025-02-12 12:30:00,137.10000610351562,137.3000030517578,136.8000030517578,137.0,1144729
2025-02-12 13:30:00,136.6999969482422,137.1999969482422,136.39999389648438,137.1999969482422,1923122
2025-02-12 14:30:00,137.0,137.10000610351562,136.60000610351562,136.6999969482422,1219179
2025-02-12 15:30:00,137.10000610351562,137.10000610351562,136.6999969482422,136.89999389648438,1626826
2025-02-12 16:30:00,137.0,137.1999969482422,136.39999389648438,137.0,2294110
2025-02-13 09:30:00,137.6999969482422,137.8000030517578,136.89999389648438,137.3000030517578,2940953
2025-02-13 10:30:00,137.39999389648438,137.6999969482422,137.0,137.6999969482422,2753354
2025-02-13 11:30:00,137.3000030517578,137.60000610351562,137.0,137.3000030517578,1807124
2025-02-13 12:30:00,137.39999389648438,137.5,137.1999969482422,137.39999389648438,1061559
2025-02-13 13:30:00,137.0,137.5,136.60000610351562,137.3000030517578,4254548
2025-02-13 14:30:00,136.60000610351562,137.0,136.1999969482422,137.0,2469484
2025-02-13 15:30:00,136.5,136.8000030517578,136.3000030517578,136.60000610351562,1847419
2025-02-13 16:30:00,136.1999969482422,136.5,136.10000610351562,136.5,2086096
2025-02-14 09:30:00,135.6999969482422,136.10000610351562,135.0,135.89999389648438,3017290
2025-02-14 10:30:00,134.39999389648438,135.6999969482422,134.1999969482422,135.6999969482422,4040370
2025-02-14 11:30:00,134.39999389648438,134.39999389648438,134.0,134.3000030517578,1746205
2025-02-14 12:30:00,135.0,135.0,134.3000030517578,134.39999389648438,1793840
2025-02-14 13:30:00,135.0,135.3000030517578,134.8000030517578,135.0,2027306
2025-02-14 14:30:00,134.39999389648438,135.10000610351562,134.10000610351562,135.0,1918395
2025-02-14 15:30:00,134.5,134.60000610351562,134.10000610351562,134.39999389648438,1151051
2025-02-14 16:30:00,134.6999969482422,134.89999389648438,134.1999969482422,134.5,1450844
2025-02-17 09:30:00,135.60000610351562,135.89999389648438,134.1999969482422,134.39999389648438,4454510
2025-02-17 10:30:00,134.8000030517578,136.3000030517578,134.8000030517578,135.5,4100465
2025-02-17 11:30:00,135.0,135.3000030517578,134.6999969482422,134.8000030517578,1619394
2025-02-17 12:30:00,135.3000030517578,135.5,134.89999389648438,135.0,792916
2025-02-17 13:30:00,134.89999389648438,135.39999389648438,134.8000030517578,135.1999969482422,1160872
2025-02-17 14:30:00,134.8000030517578,134.89999389648438,134.60000610351562,134.89999389648438,1003928
2025-02-17 15:30:00,134.89999389648438,134.89999389648438,134.5,134.8000030517578,837820
2025-02-17 16:30:00,134.1999969482422,135.0,134.10000610351562,134.89999389648438,2311780
2025-02-18 09:30:00,131.1999969482422,132.5,129.5,132.5,10353181
2025-02-18 10:30:00,130.89999389648438,132.10000610351562,130.8000030517578,131.1999969482422,7076183
2025-02-18 11:30:00,130.8000030517578,131.0,130.1999969482422,130.89999389648438,4141568
2025-02-18 12:30:00,130.5,131.0,130.3000030517578,130.8000030517578,2739121
2025-02-18 13:30:00,130.5,130.6999969482422,130.3000030517578,130.5,3116196
2025-02-18 14:30:00,130.5,130.60000610351562,130.3000030517578,130.5,1917054
2025-02-18 15:30:00,130.1999969482422,130.60000610351562,129.8000030517578,130.5,3396805
2025-02-18 16:30:00,130.60000610351562,130.60000610351562,129.89999389648438,130.1999969482422,4265984
2025-02-19 09:30:00,130.10000610351562,130.8000030517578,130.0,130.39999389648438,4521273
2025-02-19 10:30:00,129.8000030517578,130.3000030517578,129.5,130.0,3802530
2025-02-19 11:30:00,129.3000030517578,129.8000030517578,129.1999969482422,129.6999969482422,3055557
2025-02-19 12:30:00,129.0,129.5,128.8000030517578,129.3000030517578,2217660
2025-02-19 13:30:00,128.5,129.0,128.3000030517578,129.0,3080541
2025-02-19 14:30:00,128.3000030517578,128.6999969482422,128.1999969482422,128.5,2221115
2025-02-19 15:30:00,127.19999694824219,128.3000030517578,127.0999984741211,128.3000030517578,5116116
2025-02-19 16:30:00,126.0999984741211,127.30000305175781,125.5999984741211,127.19999694824219,8377016
2025-02-20 09:30:00,127.19999694824219,127.69999694824219,125.9000015258789,125.9000015258789,3988891
2025-02-20 10:30:00,126.80000305175781,127.5999984741211,126.4000015258789,127.0999984741211,2951532
2025-02-20 11:30:00,127.30000305175781,127.4000015258789,126.5999984741211,126.80000305175781,2100321
2025-02-20 12:30:00,127.4000015258789,127.4000015258789,127.0,127.30000305175781,1620039
2025-02-20 13:30:00,127.19999694824219,127.80000305175781,127.0999984741211,127.4000015258789,1917716
2025-02-20 14:30:00,127.30000305175781,127.4000015258789,127.0,127.19999694824219,1129109
2025-02-20 15:30:00,127.9000015258789,128.10000610351562,127.19999694824219,127.19999694824219,2548432
2025-02-20 16:30:00,128.1999969482422,128.39999389648438,127.5999984741211,127.9000015258789,2529930
2025-02-21 09:30:00,127.5999984741211,128.0,127.30000305175781,127.69999694824219,1707782
2025-02-21 10:30:00,127.69999694824219,128.60000610351562,127.5,127.5999984741211,3073871
2025-02-21 11:30:00,128.10000610351562,128.3000030517578,127.5999984741211,127.5999984741211,1525950
2025-02-21 12:30:00,127.9000015258789,128.1999969482422,127.80000305175781,128.10000610351562,1180288
2025-02-21 13:30:00,127.30000305175781,128.10000610351562,127.19999694824219,127.9000015258789,1966331
2025-02-21 14:30:00,127.19999694824219,127.4000015258789,127.0999984741211,127.30000305175781,1398149
2025-02-21 15:30:00,126.4000015258789,127.19999694824219,125.9000015258789,127.0999984741211,3755588
2025-02-21 16:30:00,124.80000305175781,126.5,124.69999694824219,126.4000015258789,5810066
2025-02-24 09:30:00,126.5,127.0,125.80000305175781,126.80000305175781,1884618
2025-02-24 10:30:00,126.4000015258789,127.30000305175781,126.19999694824219,126.5999984741211,2355829
2025-02-24 11:30:00,126.69999694824219,127.0999984741211,126.19999694824219,126.4000015258789,1164121
2025-02-24 12:30:00,126.4000015258789,126.80000305175781,126.19999694824219,126.69999694824219,975817
2025-02-24 13:30:00,126.5999984741211,126.5999984741211,125.80000305175781,126.4000015258789,1460684
2025-02-24 14:30:00,127.19999694824219,127.30000305175781,126.5,126.5999984741211,1772585
2025-02-24 15:30:00,126.9000015258789,127.19999694824219,126.4000015258789,127.19999694824219,1219819
2025-02-24 16:30:00,126.5,127.19999694824219,126.19999694824219,127.0,1332670
2025-02-25 09:30:00,126.0,126.4000015258789,125.69999694824219,126.0999984741211,1712109
2025-02-25 10:30:00,125.9000015258789,126.4000015258789,125.69999694824219,126.0999984741211,2208095
2025-02-25 11:30:00,125.4000015258789,126.0,125.30000305175781,125.80000305175781,1446223
2025-02-25 12:30:00,124.9000015258789,125.4000015258789,124.5999984741211,125.4000015258789,1951690
2025-02-25 13:30:00,124.69999694824219,125.0999984741211,124.5,125.0,2185915
2025-02-25 14:30:00,124.69999694824219,124.69999694824219,124.4000015258789,124.69999694824219,1299823
2025-02-25 15:30:00,124.19999694824219,124.9000015258789,124.0999984741211,124.69999694824219,2074963
2025-02-25 16:30:00,124.0,124.4000015258789,123.5,124.19999694824219,3311510
2025-02-26 09:30:00,123.9000015258789,124.19999694824219,123.5,123.5999984741211,2085527
2025-02-26 10:30:00,123.69999694824219,123.9000015258789,123.0999984741211,123.9000015258789,2408702
2025-02-26 11:30:00,124.4000015258789,124.5,123.5999984741211,123.5999984741211,2093094
2025-02-26 12:30:00,124.4000015258789,124.80000305175781,124.0999984741211,124.4000015258789,1354334
2025-02-26 13:30:00,124.19999694824219,124.5999984741211,124.0999984741211,124.4000015258789,791469
2025-02-26 14:30:00,125.5999984741211,125.69999694824219,124.0,124.19999694824219,2921798
2025-02-26 15:30:00,125.9000015258789,125.9000015258789,125.0999984741211,125.5999984741211,2188082
2025-02-26 16:30:00,125.4000015258789,126.4000015258789,125.19999694824219,125.9000015258789,2828296
2025-02-27 09:30:00,125.5,126.0999984741211,125.0999984741211,125.0999984741211,1870245
2025-02-27 10:30:00,125.5,126.0,125.0999984741211,125.4000015258789,1664079
2025-02-27 11:30:00,125.69999694824219,125.80000305175781,124.9000015258789,125.5,1358682
2025-02-27 12:30:00,126.19999694824219,126.5,125.5999984741211,125.80000305175781,1730673
2025-02-27 13:30:00,127.19999694824219,127.30000305175781,126.0,126.0999984741211,2079582
2025-02-27 14:30:00,128.0,128.10000610351562,127.0999984741211,127.19999694824219,1969922
2025-02-27 15:30:00,128.0,128.60000610351562,127.69999694824219,127.9000015258789,2764214
2025-02-27 16:30:00,128.5,129.39999389648438,127.5999984741211,128.0,4814728
2025-02-28 09:30:00,129.39999389648438,130.1999969482422,128.0,128.6999969482422,3056965
2025-02-28 10:30:00,129.39999389648438,130.39999389648438,129.3000030517578,129.3000030517578,2795824
2025-02-28 11:30:00,128.89999389648438,129.60000610351562,128.60000610351562,129.39999389648438,1991807
2025-02-28 12:30:00,128.3000030517578,129.0,128.1999969482422,129.0,1168249
2025-02-28 13:30:00,128.5,128.8000030517578,128.10000610351562,128.1999969482422,1559575
2025-02-28 14:30:00,128.3000030517578,128.6999969482422,128.10000610351562,128.5,1645989
2025-02-28 15:30:00,128.1999969482422,128.8000030517578,128.10000610351562,128.3000030517578,2053270
2025-02-28 16:30:00,128.3000030517578,128.89999389648438,128.1999969482422,128.3000030517578,2622097
2025-03-03 09:30:00,129.39999389648438,130.89999389648438,129.3000030517578,130.0,2958654
2025-03-03 10:30:00,129.3000030517578,130.0,128.60000610351562,129.39999389648438,3553425
2025-03-03 11:30:00,129.60000610351562,129.6999969482422,128.89999389648438,129.3000030517578,2092706
2025-03-03 12:30:00,130.10000610351562,131.39999389648438,129.3000030517578,129.60000610351562,7815741
2025-03-03 13:30:00,130.3000030517578,130.5,129.89999389648438,130.10000610351562,1943539
2025-03-03 14:30:00,130.1999969482422,130.5,130.0,130.3000030517578,1830466
2025-03-03 15:30:00,129.8000030517578,130.3000030517578,129.60000610351562,130.1999969482422,1478314
2025-03-03 16:30:00,129.6999969482422,130.0,129.39999389648438,129.89999389648438,1478569
2025-03-04 09:30:00,128.5,129.39999389648438,127.5999984741211,128.89999389648438,2896978
2025-03-04 10:30:00,127.9000015258789,128.89999389648438,127.69999694824219,128.60000610351562,3035150
2025-03-04 11:30:00,128.10000610351562,128.1999969482422,127.5999984741211,127.9000015258789,2039298
2025-03-04 12:30:00,127.80000305175781,128.1999969482422,127.5,128.1999969482422,1571793
2025-03-04 13:30:00,127.80000305175781,128.0,127.5,127.80000305175781,905752
2025-03-04 14:30:00,127.0,128.0,126.9000015258789,127.69999694824219,2508431
2025-03-04 15:30:00,126.30000305175781,127.0999984741211,126.19999694824219,127.0,2115905
2025-03-04 16:30:00,126.0999984741211,126.4000015258789,125.80000305175781,126.30000305175781,2208346
2025-03-05 09:30:00,127.0,127.9000015258789,126.4000015258789,126.9000015258789,4428024
2025-03-05 10:30:00,126.9000015258789,127.4000015258789,126.5999984741211,127.0,2111521
2025-03-05 11:30:00,126.9000015258789,127.0,126.5999984741211,126.80000305175781,1228347
2025-03-05 12:30:00,127.0999984741211,127.19999694824219,126.80000305175781,126.9000015258789,1449057
2025-03-05 13:30:00,128.10000610351562,128.60000610351562,127.0,127.0999984741211,5281814
2025-03-05 14:30:00,128.3000030517578,128.39999389648438,127.9000015258789,128.1999969482422,3252755
2025-03-05 15:30:00,128.89999389648438,129.1999969482422,128.1999969482422,128.1999969482422,5104402
2025-03-05 16:30:00,129.39999389648438,130.0,128.8000030517578,128.89999389648438,6561736
2025-03-06 09:30:00,132.10000610351562,132.10000610351562,130.5,131.0,7006703
2025-03-06 10:30:00,131.6999969482422,132.1999969482422,131.10000610351562,132.0,3846936
2025-03-06 11:30:00,131.3000030517578,132.0,130.89999389648438,131.8000030517578,2050793
2025-03-06 12:30:00,131.1999969482422,131.5,131.0,131.3000030517578,971107
2025-03-06 13:30:00,131.89999389648438,132.10000610351562,130.6999969482422,131.1999969482422,4359046
2025-03-06 14:30:00,131.8000030517578,132.10000610351562,131.3000030517578,131.89999389648438,2217742
2025-03-06 15:30:00,131.5,131.8000030517578,131.10000610351562,131.8000030517578,2198776
2025-03-06 16:30:00,134.8000030517578,135.6999969482422,131.39999389648438,131.5,10399340
2025-03-07 09:30:00,137.8000030517578,137.8000030517578,135.89999389648438,137.3000030517578,5703957
2025-03-07 10:30:00,138.0,139.5,137.6999969482422,137.8000030517578,10022550
2025-03-07 11:30:00,139.0,139.10000610351562,137.89999389648438,138.0,3107629
2025-03-07 12:30:00,138.1999969482422,139.0,138.0,139.0,1583159
2025-03-07 13:30:00,138.0,138.39999389648438,137.8000030517578,138.1999969482422,1424452
2025-03-07 14:30:00,136.89999389648438,138.3000030517578,136.6999969482422,138.10000610351562,1963334
2025-03-07 15:30:00,137.1999969482422,137.6999969482422,136.60000610351562,136.8000030517578,1924875
2025-03-07 16:30:00,137.8000030517578,138.3000030517578,136.6999969482422,137.1999969482422,3107441
2025-03-10 09:30:00,141.1999969482422,142.39999389648438,139.6999969482422,140.0,7920819
2025-03-10 10:30:00,141.8000030517578,142.1999969482422,141.10000610351562,141.10000610351562,5338671
2025-03-10 11:30:00,141.6999969482422,142.0,140.8000030517578,141.8000030517578,3307693
2025-03-10 12:30:00,141.8000030517578,142.0,141.39999389648438,141.8000030517578,2349991
2025-03-10 13:30:00,142.1999969482422,142.3000030517578,141.60000610351562,141.6999969482422,2973829
2025-03-10 14:30:00,142.0,142.5,141.89999389648438,142.1999969482422,3002934
2025-03-10 15:30:00,141.8000030517578,142.0,141.1999969482422,142.0,1530994
2025-03-10 16:30:00,141.3000030517578,142.3000030517578,141.10000610351562,141.6999969482422,2431281
2025-03-11 09:30:00,141.6999969482422,142.1999969482422,140.0,141.6999969482422,4601613
2025-03-11 10:30:00,142.0,142.1999969482422,141.3000030517578,141.6999969482422,3381946
2025-03-11 11:30:00,141.5,142.3000030517578,141.39999389648438,141.89999389648438,2510225
2025-03-11 12:30:00,141.6999969482422,141.89999389648438,141.5,141.5,992114
2025-03-11 13:30:00,141.5,141.8000030517578,141.1999969482422,141.60000610351562,1268800
2025-03-11 14:30:00,141.89999389648438,142.1999969482422,141.39999389648438,141.5,2151203
2025-03-11 15:30:00,140.89999389648438,141.89999389648438,140.6999969482422,141.89999389648438,1522794
2025-03-11 16:30:00,141.1999969482422,142.60000610351562,140.6999969482422,140.8000030517578,4509838
2025-03-12 09:30:00,142.0,142.6999969482422,141.5,142.3000030517578,3674964
2025-03-12 10:30:00,142.0,142.10000610351562,141.5,142.0,2009099
2025-03-12 11:30:00,143.1999969482422,143.3000030517578,141.6999969482422,141.89999389648438,5944629
2025-03-12 12:30:00,143.5,143.89999389648438,142.8000030517578,143.3000030517578,5520539
2025-03-12 13:30:00,143.8000030517578,144.1999969482422,143.5,143.60000610351562,3265297
2025-03-12 14:30:00,143.60000610351562,143.89999389648438,143.3000030517578,143.89999389648438,2273815
2025-03-12 15:30:00,144.8000030517578,145.10000610351562,143.39999389648438,143.60000610351562,8272978
2025-03-12 16:30:00,144.1999969482422,145.0,143.39999389648438,144.8000030517578,3235780
2025-03-13 09:30:00,143.8000030517578,144.89999389648438,143.6999969482422,144.3000030517578,4108374
2025-03-13 10:30:00,144.10000610351562,144.1999969482422,143.39999389648438,143.6999969482422,3490314
2025-03-13 11:30:00,144.10000610351562,144.3000030517578,143.6999969482422,144.10000610351562,2286325
2025-03-13 12:30:00,143.8000030517578,144.10000610351562,143.5,144.10000610351562,1817343
2025-03-13 13:30:00,143.6999969482422,144.1999969482422,143.60000610351562,143.8000030517578,1764068
2025-03-13 14:30:00,143.6999969482422,144.0,143.60000610351562,143.8000030517578,1939307
2025-03-13 15:30:00,143.5,144.1999969482422,143.39999389648438,143.6999969482422,2591817
2025-03-13 16:30:00,143.5,143.8000030517578,143.1999969482422,143.5,2467605
2025-03-14 09:30:00,144.0,144.8000030517578,143.6999969482422,144.1999969482422,3313649
2025-03-14 10:30:00,144.10000610351562,144.1999969482422,143.60000610351562,144.10000610351562,2518221
2025-03-14 11:30:00,144.3000030517578,144.89999389648438,144.0,144.10000610351562,3503236
2025-03-14 12:30:00,144.1999969482422,144.39999389648438,144.0,144.39999389648438,945894
2025-03-14 13:30:00,144.1999969482422,144.5,144.0,144.10000610351562,1738293
2025-03-14 14:30:00,144.6999969482422,144.8000030517578,144.0,144.3000030517578,2263079
2025-03-14 15:30:00,144.60000610351562,144.6999969482422,144.0,144.60000610351562,2469811
2025-03-14 16:30:00,144.6999969482422,144.8000030517578,144.1999969482422,144.60000610351562,3167374
2025-03-17 09:30:00,145.8000030517578,146.60000610351562,144.60000610351562,144.60000610351562,6836849
2025-03-17 10:30:00,145.1999969482422,146.10000610351562,144.60000610351562,145.89999389648438,3792442
2025-03-17 11:30:00,146.3000030517578,146.39999389648438,145.10000610351562,145.1999969482422,3070788
2025-03-17 12:30:00,146.5,147.1999969482422,146.1999969482422,146.3000030517578,4485407
2025-03-17 13:30:00,146.3000030517578,146.5,146.0,146.5,1502252
2025-03-17 14:30:00,145.60000610351562,146.5,145.60000610351562,146.1999969482422,1979944
2025-03-17 15:30:00,145.8000030517578,145.89999389648438,145.39999389648438,145.6999969482422,1398084
2025-03-17 16:30:00,146.3000030517578,146.5,145.5,145.8000030517578,2036541
2025-03-18 09:30:00,144.89999389648438,146.6999969482422,144.60000610351562,146.0,4450719
2025-03-18 10:30:00,145.1999969482422,145.60000610351562,144.10000610351562,144.89999389648438,3359347
2025-03-18 11:30:00,146.3000030517578,146.39999389648438,145.10000610351562,145.1999969482422,2553723
2025-03-18 12:30:00,146.3000030517578,146.60000610351562,145.6999969482422,146.1999969482422,2533172
2025-03-18 13:30:00,145.6999969482422,146.39999389648438,145.6999969482422,146.3000030517578,1367372
2025-03-18 14:30:00,145.60000610351562,146.1999969482422,145.39999389648438,145.6999969482422,1558649
2025-03-18 15:30:00,145.60000610351562,145.6999969482422,144.8000030517578,145.60000610351562,2481959
2025-03-18 16:30:00,145.8000030517578,145.89999389648438,145.39999389648438,145.60000610351562,1513379
2025-03-19 09:30:00,136.0,136.0,136.0,136.0,582458
2025-03-19 10:30:00,141.3000030517578,142.10000610351562,136.10000610351562,136.10000610351562,15429600
2025-03-19 11:30:00,142.8000030517578,143.0,140.6999969482422,141.3000030517578,5696222
2025-03-19 12:30:00,140.60000610351562,142.89999389648438,140.5,142.8000030517578,3220363
2025-03-19 13:30:00,139.8000030517578,141.0,139.8000030517578,140.5,1624667
2025-03-19 14:30:00,138.5,141.3000030517578,138.10000610351562,139.8000030517578,4745411
2025-03-19 15:30:00,137.3000030517578,139.0,137.0,138.5,3520510
2025-03-19 16:30:00,135.6999969482422,137.6999969482422,135.1999969482422,137.1999969482422,3944920
2025-03-20 09:30:00,140.8000030517578,141.8000030517578,138.10000610351562,138.10000610351562,5238134
2025-03-20 10:30:00,142.89999389648438,143.8000030517578,140.6999969482422,140.8000030517578,6462796
2025-03-20 11:30:00,142.89999389648438,143.6999969482422,142.3000030517578,143.0,2928611
2025-03-20 12:30:00,141.89999389648438,142.89999389648438,141.60000610351562,142.89999389648438,2322697
2025-03-20 13:30:00,142.8000030517578,143.6999969482422,141.60000610351562,141.89999389648438,2608997
2025-03-20 14:30:00,143.39999389648438,143.5,142.5,142.8000030517578,2042115
2025-03-20 15:30:00,139.6999969482422,143.39999389648438,139.5,143.39999389648438,3775412
2025-03-20 16:30:00,141.10000610351562,142.6999969482422,139.60000610351562,139.8000030517578,3796807
2025-03-21 09:30:00,138.5,141.0,136.60000610351562,141.0,3821053
2025-03-21 10:30:00,134.0,138.6999969482422,133.89999389648438,138.5,3135358
2025-03-21 11:30:00,134.89999389648438,135.6999969482422,132.0,134.0,4195028
2025-03-21 12:30:00,137.0,138.0,134.8000030517578,134.89999389648438,3437026
2025-03-21 13:30:00,136.3000030517578,138.5,136.0,137.0,3428175
2025-03-21 14:30:00,134.60000610351562,136.89999389648438,134.3000030517578,136.3000030517578,2433509
2025-03-21 15:30:00,134.6999969482422,135.39999389648438,133.89999389648438,134.6999969482422,2160379
2025-03-21 16:30:00,134.8000030517578,134.89999389648438,132.6999969482422,134.6999969482422,2917699
2025-03-24 09:30:00,138.60000610351562,140.5,135.60000610351562,135.60000610351562,4419575
2025-03-24 10:30:00,139.39999389648438,140.0,138.10000610351562,138.5,3476565
2025-03-24 11:30:00,138.3000030517578,139.60000610351562,138.1999969482422,139.3000030517578,2112460
2025-03-24 12:30:00,137.10000610351562,138.39999389648438,136.8000030517578,138.39999389648438,2093652
2025-03-24 13:30:00,134.5,137.39999389648438,133.39999389648438,137.10000610351562,3381843
2025-03-24 14:30:00,136.39999389648438,137.5,133.39999389648438,134.39999389648438,3033299
2025-03-24 15:30:00,137.0,137.5,135.6999969482422,136.39999389648438,2207025
2025-03-24 16:30:00,137.89999389648438,138.60000610351562,135.60000610351562,137.10000610351562,2831925
2025-03-25 09:30:00,138.89999389648438,139.89999389648438,138.10000610351562,139.3000030517578,2978938
2025-03-25 10:30:00,139.39999389648438,139.5,138.8000030517578,138.89999389648438,2260662
2025-03-25 11:30:00,139.8000030517578,140.0,138.6999969482422,139.39999389648438,3268533
2025-03-25 12:30:00,141.0,143.1999969482422,139.60000610351562,139.8000030517578,6746271
2025-03-25 13:30:00,141.3000030517578,141.39999389648438,140.10000610351562,141.0,2325782
2025-03-25 14:30:00,140.60000610351562,141.60000610351562,140.39999389648438,141.3000030517578,1760482
2025-03-25 15:30:00,141.3000030517578,141.6999969482422,139.39999389648438,140.60000610351562,2331075
2025-03-25 16:30:00,142.0,142.60000610351562,140.60000610351562,141.3000030517578,3733038
2025-03-26 09:30:00,140.89999389648438,141.3000030517578,139.8000030517578,140.6999969482422,2439688
2025-03-26 10:30:00,141.89999389648438,142.0,140.10000610351562,140.89999389648438,2590236
2025-03-26 11:30:00,141.60000610351562,142.39999389648438,141.10000610351562,141.89999389648438,2154911
2025-03-26 12:30:00,140.8000030517578,141.60000610351562,140.5,141.60000610351562,1243112
2025-03-26 13:30:00,140.8000030517578,141.39999389648438,140.1999969482422,140.6999969482422,1623581
2025-03-26 14:30:00,140.8000030517578,141.1999969482422,140.3000030517578,140.8000030517578,1140618
2025-03-26 15:30:00,140.8000030517578,141.3000030517578,140.10000610351562,140.89999389648438,1490237
2025-03-26 16:30:00,142.6999969482422,142.89999389648438,140.60000610351562,140.8000030517578,2746185
2025-03-27 09:30:00,143.60000610351562,144.60000610351562,143.39999389648438,143.89999389648438,2854485
2025-03-27 10:30:00,142.89999389648438,143.89999389648438,142.60000610351562,143.5,2382262
2025-03-27 11:30:00,142.8000030517578,143.3000030517578,142.5,143.0,1462131
2025-03-27 12:30:00,142.39999389648438,143.39999389648438,142.39999389648438,142.89999389648438,1273830
2025-03-27 13:30:00,143.3000030517578,143.3000030517578,142.39999389648438,142.5,1215154
2025-03-27 14:30:00,142.89999389648438,143.39999389648438,142.60000610351562,143.3000030517578,1180294
2025-03-27 15:30:00,141.89999389648438,143.0,141.5,142.89999389648438,1667618
2025-03-27 16:30:00,142.3000030517578,142.39999389648438,141.6999969482422,141.89999389648438,1334753
2025-03-28 09:30:00,135.89999389648438,136.0,134.0,134.5,4102862
2025-03-28 10:30:00,135.6999969482422,136.6999969482422,135.39999389648438,135.89999389648438,3224873
2025-03-28 11:30:00,136.10000610351562,136.39999389648438,135.3000030517578,135.6999969482422,2217784
2025-03-28 12:30:00,136.89999389648438,137.0,135.6999969482422,136.10000610351562,2124905
2025-03-28 13:30:00,135.89999389648438,137.3000030517578,135.5,136.89999389648438,1801802
2025-03-28 14:30:00,136.0,136.1999969482422,135.3000030517578,135.89999389648438,2093117
2025-03-28 15:30:00,136.39999389648438,136.89999389648438,135.39999389648438,136.0,1939526
2025-03-28 16:30:00,136.6999969482422,137.1999969482422,136.1999969482422,136.5,2418670
2025-04-02 09:30:00,136.1999969482422,137.3000030517578,135.5,137.10000610351562,0
2025-04-02 10:30:00,136.10000610351562,136.8000030517578,136.0,136.3000030517578,2297532
2025-04-02 11:30:00,135.0,136.10000610351562,134.89999389648438,136.10000610351562,1944925
2025-04-02 12:30:00,134.89999389648438,135.39999389648438,134.6999969482422,135.0,1274012
2025-04-02 13:30:00,134.8000030517578,135.0,134.39999389648438,134.89999389648438,1272797
2025-04-02 14:30:00,134.5,135.0,134.39999389648438,134.89999389648438,816296
2025-04-02 15:30:00,134.39999389648438,134.89999389648438,134.1999969482422,134.5,1004767
2025-04-02 16:30:00,135.1999969482422,135.60000610351562,134.39999389648438,134.5,1297352
2025-04-02 17:30:00,134.39999389648438,135.1999969482422,134.3000030517578,135.1999969482422,938128
2025-04-03 09:30:00,135.1999969482422,136.1999969482422,134.89999389648438,135.0,0
2025-04-03 10:30:00,135.5,135.89999389648438,134.6999969482422,135.1999969482422,1919057
2025-04-03 11:30:00,135.8000030517578,135.89999389648438,135.3000030517578,135.60000610351562,936172
2025-04-03 12:30:00,137.1999969482422,137.3000030517578,135.6999969482422,135.8000030517578,2870762
2025-04-03 13:30:00,138.0,138.39999389648438,137.0,137.1999969482422,3430147
2025-04-03 14:30:00,137.3000030517578,138.0,136.89999389648438,138.0,2128665
2025-04-03 15:30:00,136.60000610351562,137.3000030517578,136.0,137.3000030517578,2089612
2025-04-03 16:30:00,137.10000610351562,137.3000030517578,136.39999389648438,136.5,1703517
2025-04-03 17:30:00,136.1999969482422,137.1999969482422,136.0,137.10000610351562,1160599
2025-04-04 09:30:00,135.60000610351562,136.39999389648438,135.39999389648438,136.1999969482422,0
2025-04-04 10:30:00,135.8000030517578,136.10000610351562,135.1999969482422,135.5,1343560
2025-04-04 11:30:00,135.60000610351562,136.10000610351562,135.39999389648438,135.8000030517578,936994
2025-04-04 12:30:00,134.6999969482422,135.89999389648438,134.5,135.60000610351562,1337824
2025-04-04 13:30:00,134.5,135.0,134.39999389648438,134.6999969482422,1198338
2025-04-04 14:30:00,134.6999969482422,134.8000030517578,133.6999969482422,134.5,1481622
2025-04-04 15:30:00,134.8000030517578,135.10000610351562,134.39999389648438,134.6999969482422,853903
2025-04-04 16:30:00,134.60000610351562,135.10000610351562,134.39999389648438,134.8000030517578,964980
2025-04-04 17:30:00,134.5,134.6999969482422,134.3000030517578,134.60000610351562,723765
2025-04-07 09:30:00,131.60000610351562,131.8000030517578,129.10000610351562,131.39999389648438,0
2025-04-07 10:30:00,130.60000610351562,131.60000610351562,130.5,131.60000610351562,2008611
2025-04-07 11:30:00,130.10000610351562,130.60000610351562,129.8000030517578,130.5,1388325
2025-04-07 12:30:00,130.8000030517578,131.39999389648438,130.0,130.0,1344786
2025-04-07 13:30:00,130.6999969482422,131.5,130.5,130.6999969482422,1257049
2025-04-07 14:30:00,131.39999389648438,131.60000610351562,130.3000030517578,130.60000610351562,1422527
2025-04-07 15:30:00,131.1999969482422,132.1999969482422,130.89999389648438,131.39999389648438,2042501
2025-04-07 16:30:00,133.39999389648438,134.60000610351562,130.89999389648438,131.1999969482422,4580512
2025-04-07 17:30:00,132.89999389648438,133.60000610351562,132.0,133.5,1432788
2025-04-08 09:30:00,133.60000610351562,135.0,133.39999389648438,134.5,0
2025-04-08 10:30:00,132.39999389648438,134.0,132.1999969482422,133.60000610351562,2088998
2025-04-08 11:30:00,132.10000610351562,132.60000610351562,131.8000030517578,132.3000030517578,1451002
2025-04-08 12:30:00,131.89999389648438,132.1999969482422,131.60000610351562,132.0,1177556
2025-04-08 13:30:00,131.89999389648438,132.10000610351562,131.60000610351562,131.8000030517578,988914
2025-04-08 14:30:00,132.0,132.3000030517578,131.6999969482422,131.89999389648438,1629741
2025-04-08 15:30:00,132.3000030517578,132.39999389648438,131.5,132.10000610351562,1818706
2025-04-08 16:30:00,132.0,132.5,131.8000030517578,132.3000030517578,2506186
2025-04-08 17:30:00,131.39999389648438,132.1999969482422,131.3000030517578,132.0,1499078
2025-04-09 09:30:00,128.89999389648438,129.3000030517578,128.10000610351562,128.5,0
2025-04-09 10:30:00,127.19999694824219,129.0,127.0999984741211,128.89999389648438,3364567
2025-04-09 11:30:00,127.19999694824219,127.80000305175781,126.9000015258789,127.19999694824219,1997707
2025-04-09 12:30:00,127.0,127.4000015258789,126.9000015258789,127.0999984741211,1128115
2025-04-09 13:30:00,126.80000305175781,127.4000015258789,126.30000305175781,127.0999984741211,2318586
2025-04-09 14:30:00,126.69999694824219,127.0999984741211,126.0999984741211,126.9000015258789,2336051
2025-04-09 15:30:00,126.9000015258789,127.4000015258789,126.4000015258789,126.69999694824219,1653796
2025-04-09 16:30:00,126.9000015258789,127.69999694824219,126.69999694824219,126.9000015258789,2095701
2025-04-09 17:30:00,126.5999984741211,127.19999694824219,126.5,126.9000015258789,1473576
2025-04-10 09:30:00,131.39999389648438,132.5,131.0,132.0,0
2025-04-10 10:30:00,130.6999969482422,131.6999969482422,130.5,131.39999389648438,2906039
2025-04-10 11:30:00,130.8000030517578,130.89999389648438,130.3000030517578,130.60000610351562,919578
2025-04-10 12:30:00,130.89999389648438,131.1999969482422,130.60000610351562,130.6999969482422,760915
2025-04-10 13:30:00,130.60000610351562,130.89999389648438,130.3000030517578,130.8000030517578,871669
2025-04-10 14:30:00,130.6999969482422,131.10000610351562,130.39999389648438,130.60000610351562,966038
2025-04-10 15:30:00,130.6999969482422,131.10000610351562,130.5,130.8000030517578,895169
2025-04-10 16:30:00,129.39999389648438,130.8000030517578,129.3000030517578,130.60000610351562,1548153
2025-04-10 17:30:00,129.3000030517578,130.10000610351562,129.3000030517578,129.39999389648438,853547
2025-04-11 09:30:00,127.30000305175781,128.60000610351562,127.0,128.3000030517578,0
2025-04-11 10:30:00,127.19999694824219,127.5999984741211,126.9000015258789,127.30000305175781,1517176
2025-04-11 11:30:00,127.4000015258789,127.5,126.80000305175781,127.19999694824219,1199469
2025-04-11 12:30:00,127.30000305175781,127.5,126.9000015258789,127.4000015258789,1113989
2025-04-11 13:30:00,127.0999984741211,128.10000610351562,127.0,127.19999694824219,1371872
2025-04-11 14:30:00,127.5,127.69999694824219,127.0,127.0,834183
2025-04-11 15:30:00,127.0,127.5999984741211,126.80000305175781,127.5,1137610
2025-04-11 16:30:00,127.19999694824219,128.3000030517578,126.9000015258789,127.0,1812671
2025-04-11 17:30:00,128.0,128.0,127.0999984741211,127.19999694824219,851783
2025-04-14 09:30:00,129.39999389648438,130.39999389648438,129.10000610351562,129.10000610351562,0
2025-04-14 10:30:00,128.89999389648438,129.89999389648438,128.5,129.5,1970305
2025-04-14 11:30:00,128.6999969482422,129.10000610351562,128.5,128.8000030517578,823479
2025-04-14 12:30:00,128.60000610351562,128.8000030517578,128.39999389648438,128.6999969482422,794783
2025-04-14 13:30:00,128.39999389648438,128.6999969482422,128.1999969482422,128.60000610351562,928449
2025-04-14 14:30:00,128.1999969482422,128.39999389648438,127.5999984741211,128.39999389648438,1173054
2025-04-14 15:30:00,128.1999969482422,128.39999389648438,127.80000305175781,128.1999969482422,651917
2025-04-14 16:30:00,127.5999984741211,128.1999969482422,127.0999984741211,128.1999969482422,915091
2025-04-14 17:30:00,128.10000610351562,128.1999969482422,127.5,127.5999984741211,917031
2025-04-15 09:30:00,128.1999969482422,128.39999389648438,127.69999694824219,128.10000610351562,0
2025-04-15 10:30:00,128.0,128.5,128.0,128.1999969482422,1021127
2025-04-15 11:30:00,128.0,128.1999969482422,127.9000015258789,128.0,575654
2025-04-15 12:30:00,128.10000610351562,128.39999389648438,127.9000015258789,128.10000610351562,730628
2025-04-15 13:30:00,128.60000610351562,128.8000030517578,127.69999694824219,128.10000610351562,1159732
2025-04-15 14:30:00,127.9000015258789,128.89999389648438,127.5999984741211,128.60000610351562,1350828
2025-04-15 15:30:00,127.5999984741211,128.10000610351562,127.4000015258789,128.0,648932
2025-04-15 16:30:00,126.5,127.5999984741211,126.0999984741211,127.5999984741211,1951469
2025-04-15 17:30:00,127.0,127.0999984741211,126.19999694824219,126.5,1367885
2025-04-16 09:30:00,125.19999694824219,126.5999984741211,125.0999984741211,126.19999694824219,0
2025-04-16 10:30:00,125.5999984741211,126.0999984741211,124.5999984741211,125.30000305175781,2289789
2025-04-16 11:30:00,125.5999984741211,126.0999984741211,125.4000015258789,125.69999694824219,1217031
2025-04-16 12:30:00,125.69999694824219,125.69999694824219,125.30000305175781,125.69999694824219,689580
2025-04-16 13:30:00,125.30000305175781,126.5,125.0999984741211,125.69999694824219,1481550
2025-04-16 14:30:00,125.5,125.9000015258789,124.9000015258789,125.30000305175781,1322066
2025-04-16 15:30:00,125.19999694824219,125.5999984741211,124.80000305175781,125.5,1370052
2025-04-16 16:30:00,124.80000305175781,125.5,124.69999694824219,125.19999694824219,1069911
2025-04-16 17:30:00,125.0999984741211,125.30000305175781,124.69999694824219,124.80000305175781,1180792
2025-04-17 09:30:00,125.5,125.5999984741211,124.5999984741211,124.9000015258789,0
2025-04-17 10:30:00,125.5999984741211,126.0999984741211,125.5,125.5,1808307
2025-04-17 11:30:00,125.0999984741211,125.69999694824219,125.0999984741211,125.5999984741211,735060
2025-04-17 12:30:00,124.80000305175781,125.19999694824219,124.4000015258789,125.0999984741211,751030
2025-04-17 13:30:00,123.80000305175781,125.0,123.19999694824219,124.80000305175781,2518859
2025-04-17 14:30:00,123.80000305175781,124.19999694824219,123.19999694824219,123.80000305175781,1484762
2025-04-17 15:30:00,125.19999694824219,125.5,123.69999694824219,123.80000305175781,2569023
2025-04-17 16:30:00,125.30000305175781,125.5,124.69999694824219,125.0999984741211,1649674
2025-04-17 17:30:00,124.80000305175781,125.5,124.69999694824219,125.4000015258789,949855
2025-04-18 09:30:00,125.0,125.30000305175781,124.5999984741211,125.0,0
2025-04-18 10:30:00,125.30000305175781,125.5,124.69999694824219,125.0,1722246
2025-04-18 11:30:00,125.0,125.30000305175781,124.80000305175781,125.30000305175781,906083
2025-04-18 12:30:00,124.9000015258789,125.0999984741211,124.69999694824219,125.0,427476
2025-04-18 13:30:00,124.0,124.9000015258789,123.80000305175781,124.80000305175781,1409268
2025-04-18 14:30:00,124.19999694824219,124.30000305175781,123.80000305175781,124.0999984741211,723128
2025-04-18 15:30:00,124.9000015258789,125.0,124.0,124.19999694824219,1148228
2025-04-18 16:30:00,124.69999694824219,125.0,124.4000015258789,124.9000015258789,962168
2025-04-18 17:30:00,124.0999984741211,124.80000305175781,124.0999984741211,124.69999694824219,782383
2025-04-21 09:30:00,123.5,124.9000015258789,123.30000305175781,124.9000015258789,0
2025-04-21 10:30:00,123.5999984741211,123.5999984741211,123.0,123.5,1511639
2025-04-21 11:30:00,123.5999984741211,123.9000015258789,123.4000015258789,123.5999984741211,818056
2025-04-21 12:30:00,123.5,123.9000015258789,123.30000305175781,123.5999984741211,623852
2025-04-21 13:30:00,123.5999984741211,123.69999694824219,123.0999984741211,123.5,808107
2025-04-21 14:30:00,124.4000015258789,124.69999694824219,123.5,123.5999984741211,1539071
2025-04-21 15:30:00,125.4000015258789,126.80000305175781,124.0,124.4000015258789,6442815
2025-04-21 16:30:00,124.0999984741211,125.80000305175781,124.0,125.4000015258789,1738268
2025-04-21 17:30:00,124.0999984741211,124.5999984741211,123.69999694824219,124.0,1013118
2025-04-22 09:30:00,124.69999694824219,125.5999984741211,124.0999984741211,124.5,0
2025-04-22 10:30:00,124.19999694824219,125.19999694824219,124.0999984741211,124.5999984741211,1780562
2025-04-22 11:30:00,124.5999984741211,125.30000305175781,124.19999694824219,124.19999694824219,1256510
2025-04-22 12:30:00,124.4000015258789,124.80000305175781,124.30000305175781,124.5,870134
2025-04-22 13:30:00,124.0999984741211,124.5,123.9000015258789,124.4000015258789,942533
2025-04-22 14:30:00,123.9000015258789,124.19999694824219,123.5,124.0999984741211,987268
2025-04-22 15:30:00,124.0999984741211,124.19999694824219,123.69999694824219,123.9000015258789,735013
2025-04-22 16:30:00,124.4000015258789,124.9000015258789,124.0,124.0999984741211,1432901
2025-04-22 17:30:00,124.4000015258789,124.9000015258789,124.19999694824219,124.30000305175781,1340483
2025-04-24 09:30:00,124.0,125.80000305175781,123.9000015258789,125.0999984741211,0
2025-04-24 10:30:00,123.5,124.0999984741211,123.4000015258789,124.0,1534409
2025-04-24 11:30:00,123.5999984741211,123.5999984741211,123.0999984741211,123.4000015258789,1022207
2025-04-24 12:30:00,123.5,123.69999694824219,123.30000305175781,123.5,712461
2025-04-24 13:30:00,124.0999984741211,124.19999694824219,123.4000015258789,123.5,892646
2025-04-24 14:30:00,124.0,124.19999694824219,123.80000305175781,124.0,876683
2025-04-24 15:30:00,124.80000305175781,125.0,123.9000015258789,123.9000015258789,1909468
2025-04-24 16:30:00,125.0999984741211,125.30000305175781,124.5999984741211,124.80000305175781,1762423
2025-04-24 17:30:00,125.0999984741211,125.4000015258789,124.9000015258789,125.0,1079250
2025-04-25 09:30:00,125.0,125.69999694824219,124.69999694824219,125.5,0
2025-04-25 10:30:00,124.9000015258789,125.5999984741211,124.80000305175781,125.0999984741211,1136654
2025-04-25 11:30:00,124.9000015258789,125.0999984741211,124.69999694824219,124.9000015258789,728529
2025-04-25 12:30:00,125.0,125.4000015258789,124.69999694824219,124.80000305175781,862083
2025-04-25 13:30:00,125.4000015258789,125.5,124.80000305175781,124.9000015258789,673149
2025-04-25 14:30:00,124.5999984741211,125.4000015258789,124.5999984741211,125.4000015258789,970760
2025-04-25 15:30:00,125.19999694824219,125.4000015258789,124.5999984741211,124.69999694824219,782316
2025-04-25 16:30:00,125.19999694824219,125.5,125.0,125.30000305175781,1061946
2025-04-25 17:30:00,125.4000015258789,125.5999984741211,125.0,125.0999984741211,1256032
2025-04-28 09:30:00,124.0999984741211,125.19999694824219,124.0,125.19999694824219,0
2025-04-28 10:30:00,124.19999694824219,125.0,124.0,124.19999694824219,1716267
2025-04-28 11:30:00,124.0,124.30000305175781,123.80000305175781,124.19999694824219,1103261
2025-04-28 12:30:00,123.9000015258789,124.19999694824219,123.80000305175781,123.9000015258789,712799
2025-04-28 13:30:00,124.30000305175781,124.4000015258789,123.5999984741211,123.80000305175781,989166
2025-04-28 14:30:00,124.4000015258789,124.80000305175781,124.0,124.30000305175781,1174578
2025-04-28 15:30:00,124.5,124.80000305175781,124.19999694824219,124.4000015258789,942432
2025-04-28 16:30:00,124.19999694824219,124.80000305175781,124.0999984741211,124.4000015258789,820154
2025-04-28 17:30:00,124.0999984741211,124.30000305175781,123.80000305175781,124.19999694824219,972028
2025-04-29 09:30:00,123.69999694824219,124.30000305175781,123.4000015258789,123.4000015258789,0
2025-04-29 10:30:00,123.5,123.9000015258789,123.0999984741211,123.69999694824219,1232098
2025-04-29 11:30:00,123.30000305175781,123.5999984741211,123.0999984741211,123.5,691441
2025-04-29 12:30:00,123.5,123.5,122.9000015258789,123.30000305175781,893703
2025-04-29 13:30:00,123.5,124.0,123.0999984741211,123.4000015258789,967622
2025-04-29 14:30:00,124.5999984741211,124.5999984741211,123.30000305175781,123.5,1534062
2025-04-29 15:30:00,125.5,126.19999694824219,124.4000015258789,124.5999984741211,4084259
2025-04-29 16:30:00,125.0,125.9000015258789,124.69999694824219,125.5999984741211,1509115
2025-04-29 17:30:00,125.5,126.0,125.0,125.0,1512961
2025-04-30 09:30:00,124.4000015258789,125.30000305175781,123.5999984741211,124.19999694824219,0
2025-04-30 10:30:00,123.80000305175781,124.5,123.80000305175781,124.4000015258789,1463443
2025-04-30 11:30:00,126.5,126.9000015258789,123.5999984741211,123.80000305175781,4511447
2025-04-30 12:30:00,126.69999694824219,126.9000015258789,126.0,126.5,1709239
2025-04-30 13:30:00,125.9000015258789,126.69999694824219,125.80000305175781,126.69999694824219,1360961
2025-04-30 14:30:00,125.19999694824219,126.5,125.0999984741211,125.9000015258789,2630747
2025-04-30 15:30:00,125.19999694824219,125.80000305175781,125.0,125.0999984741211,1390328
2025-04-30 16:30:00,124.4000015258789,125.4000015258789,124.0,125.19999694824219,2352397
2025-04-30 17:30:00,124.69999694824219,125.4000015258789,124.0,124.4000015258789,1881010
2025-05-02 09:30:00,124.4000015258789,125.9000015258789,124.19999694824219,124.69999694824219,0
2025-05-02 10:30:00,124.5999984741211,124.9000015258789,124.19999694824219,124.30000305175781,980512
2025-05-02 11:30:00,125.19999694824219,125.19999694824219,124.4000015258789,124.5999984741211,1005578
2025-05-02 12:30:00,124.80000305175781,125.4000015258789,124.5999984741211,125.19999694824219,760011
2025-05-02 13:30:00,124.5,124.80000305175781,124.4000015258789,124.80000305175781,491967
2025-05-02 14:30:00,124.69999694824219,124.80000305175781,124.0999984741211,124.4000015258789,1175621
2025-05-02 15:30:00,124.69999694824219,125.0,124.5,124.69999694824219,1049946
2025-05-02 16:30:00,124.5,125.19999694824219,124.4000015258789,124.69999694824219,1236518
2025-05-02 17:30:00,124.4000015258789,124.80000305175781,124.19999694824219,124.5999984741211,740757
2025-05-05 09:30:00,123.5999984741211,125.5,123.5,124.9000015258789,0
2025-05-05 10:30:00,123.5999984741211,124.19999694824219,123.30000305175781,123.5999984741211,1256644
2025-05-05 11:30:00,123.5999984741211,123.80000305175781,123.4000015258789,123.69999694824219,577443
2025-05-05 12:30:00,123.69999694824219,123.80000305175781,123.4000015258789,123.69999694824219,699032
2025-05-05 13:30:00,123.4000015258789,123.9000015258789,123.19999694824219,123.69999694824219,1031409
2025-05-05 14:30:00,123.5999984741211,124.0,123.19999694824219,123.30000305175781,962514
2025-05-05 15:30:00,123.5999984741211,123.9000015258789,123.4000015258789,123.69999694824219,618079
2025-05-05 16:30:00,123.5999984741211,123.80000305175781,123.4000015258789,123.5999984741211,595887
2025-05-05 17:30:00,123.4000015258789,123.5999984741211,123.30000305175781,123.5999984741211,605220
2025-05-06 09:30:00,122.0999984741211,123.9000015258789,121.80000305175781,123.0,0
2025-05-06 10:30:00,121.5,122.19999694824219,121.19999694824219,122.0999984741211,3281396
2025-05-06 11:30:00,121.5,122.19999694824219,121.0999984741211,121.5,2581145
2025-05-06 12:30:00,121.4000015258789,121.5999984741211,121.19999694824219,121.5,910501
2025-05-06 13:30:00,121.0999984741211,121.5999984741211,120.9000015258789,121.4000015258789,1652333
2025-05-06 14:30:00,119.9000015258789,121.0999984741211,119.5,121.0999984741211,3234463
2025-05-06 15:30:00,120.0,120.19999694824219,119.19999694824219,119.9000015258789,3064736
2025-05-06 16:30:00,119.69999694824219,120.0,119.30000305175781,120.0,2194651
2025-05-06 17:30:00,119.69999694824219,119.9000015258789,119.30000305175781,119.69999694824219,1704544
2025-05-07 09:30:00,119.0999984741211,119.80000305175781,118.5,119.5,0
2025-05-07 10:30:00,119.0,119.5,118.69999694824219,119.0,2261536
2025-05-07 11:30:00,118.80000305175781,119.0999984741211,118.0999984741211,118.9000015258789,2186091
2025-05-07 12:30:00,119.19999694824219,119.30000305175781,118.5999984741211,118.69999694824219,1527453
2025-05-07 13:30:00,119.0999984741211,119.69999694824219,119.0999984741211,119.19999694824219,1916200
2025-05-07 14:30:00,118.80000305175781,119.19999694824219,118.5999984741211,119.19999694824219,828079
2025-05-07 15:30:00,117.69999694824219,118.80000305175781,117.5999984741211,118.80000305175781,1604105
2025-05-07 16:30:00,117.30000305175781,118.0999984741211,117.30000305175781,117.69999694824219,1238612
2025-05-07 17:30:00,117.5999984741211,117.9000015258789,117.30000305175781,117.4000015258789,1563076
2025-05-08 09:30:00,120.19999694824219,120.30000305175781,117.80000305175781,117.80000305175781,0
2025-05-08 10:30:00,124.4000015258789,124.80000305175781,120.0,120.19999694824219,7968017
2025-05-08 11:30:00,125.9000015258789,126.69999694824219,124.0,124.4000015258789,8268868
2025-05-08 12:30:00,127.19999694824219,127.30000305175781,125.80000305175781,126.0,4367284
2025-05-08 13:30:00,128.1999969482422,128.5,127.0999984741211,127.19999694824219,3892251
2025-05-08 14:30:00,129.3000030517578,129.3000030517578,128.10000610351562,128.1999969482422,4302935
2025-05-08 15:30:00,129.3000030517578,129.3000030517578,129.3000030517578,129.3000030517578,392269
2025-05-08 16:30:00,129.3000030517578,129.3000030517578,129.3000030517578,129.3000030517578,364214
2025-05-08 17:30:00,129.3000030517578,129.3000030517578,129.3000030517578,129.3000030517578,104858
2025-05-09 09:30:00,131.3000030517578,133.89999389648438,130.5,130.89999389648438,0
2025-05-09 10:30:00,129.3000030517578,131.8000030517578,129.1999969482422,131.39999389648438,7544989
2025-05-09 11:30:00,129.3000030517578,129.6999969482422,128.39999389648438,129.3000030517578,3481584
2025-05-09 12:30:00,130.1999969482422,130.5,129.0,129.1999969482422,2403089
2025-05-09 13:30:00,131.0,131.1999969482422,130.0,130.1999969482422,3310557
2025-05-09 14:30:00,131.6999969482422,132.10000610351562,130.6999969482422,131.10000610351562,4420579
2025-05-09 15:30:00,129.6999969482422,131.8000030517578,129.3000030517578,131.6999969482422,3886593
2025-05-09 16:30:00,129.3000030517578,129.8000030517578,128.6999969482422,129.6999969482422,1941163
2025-05-09 17:30:00,128.8000030517578,129.5,128.8000030517578,129.3000030517578,1331863
2025-05-12 09:30:00,132.0,132.8000030517578,130.10000610351562,130.10000610351562,0
2025-05-12 10:30:00,132.60000610351562,133.1999969482422,132.0,132.0,4187619
2025-05-12 11:30:00,133.39999389648438,134.39999389648438,132.60000610351562,132.6999969482422,4305223
2025-05-12 12:30:00,133.10000610351562,133.6999969482422,133.10000610351562,133.5,1026269
2025-05-12 13:30:00,133.0,133.60000610351562,133.0,133.10000610351562,979601
2025-05-12 14:30:00,133.6999969482422,133.8000030517578,132.89999389648438,133.10000610351562,933725
2025-05-12 15:30:00,134.60000610351562,134.89999389648438,133.39999389648438,133.8000030517578,2811915
2025-05-12 16:30:00,133.8000030517578,135.1999969482422,133.8000030517578,134.60000610351562,2302588
2025-05-12 17:30:00,134.39999389648438,135.5,133.5,133.89999389648438,2285224
2025-05-13 09:30:00,134.6999969482422,135.10000610351562,132.6999969482422,134.39999389648438,0
2025-05-13 10:30:00,135.60000610351562,136.0,134.3000030517578,134.6999969482422,3009573
2025-05-13 11:30:00,134.89999389648438,135.8000030517578,134.5,135.60000610351562,1537300
2025-05-13 12:30:00,135.0,135.10000610351562,134.39999389648438,134.8000030517578,690160
2025-05-13 13:30:00,134.5,135.0,133.8000030517578,134.89999389648438,1037820
2025-05-13 14:30:00,135.1999969482422,135.5,134.3000030517578,134.39999389648438,1124719
2025-05-13 15:30:00,135.5,135.5,134.89999389648438,135.1999969482422,879838
2025-05-13 16:30:00,135.1999969482422,135.6999969482422,134.8000030517578,135.39999389648438,1187514
2025-05-13 17:30:00,135.10000610351562,135.89999389648438,135.0,135.10000610351562,1176621
2025-05-14 09:30:00,135.5,135.6999969482422,134.60000610351562,134.89999389648438,0
2025-05-14 10:30:00,134.89999389648438,135.60000610351562,134.1999969482422,135.5,1423091
2025-05-14 11:30:00,133.5,135.0,133.39999389648438,134.89999389648438,1301614
2025-05-14 12:30:00,133.5,134.0,133.1999969482422,133.39999389648438,819443
2025-05-14 13:30:00,134.5,134.8000030517578,133.39999389648438,133.39999389648438,1272898
2025-05-14 14:30:00,134.8000030517578,134.89999389648438,134.3000030517578,134.60000610351562,792515
2025-05-14 15:30:00,135.39999389648438,135.6999969482422,134.5,134.89999389648438,2206475
2025-05-14 16:30:00,134.3000030517578,135.39999389648438,134.3000030517578,135.39999389648438,1353197
2025-05-14 17:30:00,134.6999969482422,135.10000610351562,133.8000030517578,134.39999389648438,1082856
2025-05-15 09:30:00,135.10000610351562,137.5,134.89999389648438,135.1999969482422,0
2025-05-15 10:30:00,132.89999389648438,135.60000610351562,132.5,135.10000610351562,3159307
2025-05-15 11:30:00,132.89999389648438,133.10000610351562,132.10000610351562,132.8000030517578,1677585
2025-05-15 12:30:00,132.1999969482422,132.89999389648438,132.0,132.8000030517578,1118880
2025-05-15 13:30:00,131.89999389648438,132.1999969482422,131.60000610351562,132.10000610351562,994110
2025-05-15 14:30:00,131.8000030517578,132.10000610351562,131.3000030517578,131.89999389648438,785622
2025-05-15 15:30:00,132.0,132.10000610351562,131.60000610351562,131.8000030517578,659818
2025-05-15 16:30:00,131.6999969482422,132.10000610351562,131.0,132.0,1568399
2025-05-15 17:30:00,131.60000610351562,131.8000030517578,131.10000610351562,131.6999969482422,968690
2025-05-16 09:30:00,132.10000610351562,132.5,131.10000610351562,131.3000030517578,0
2025-05-16 10:30:00,131.60000610351562,132.3000030517578,130.89999389648438,132.10000610351562,1064652
2025-05-16 11:30:00,132.0,132.39999389648438,131.1999969482422,131.60000610351562,1124076
2025-05-16 12:30:00,131.89999389648438,132.39999389648438,131.8000030517578,132.0,713283
2025-05-16 13:30:00,132.10000610351562,132.3000030517578,131.6999969482422,131.89999389648438,633090
2025-05-16 14:30:00,133.8000030517578,135.5,131.89999389648438,132.10000610351562,3727444
2025-05-16 15:30:00,133.39999389648438,134.0,132.89999389648438,133.8000030517578,1480405
2025-05-16 16:30:00,134.39999389648438,134.8000030517578,133.39999389648438,133.39999389648438,2149908
2025-05-16 17:30:00,134.0,134.6999969482422,133.8000030517578,134.39999389648438,1511845
2025-05-20 09:30:00,133.3000030517578,135.8000030517578,133.10000610351562,134.8000030517578,0
2025-05-20 10:30:00,132.39999389648438,133.3000030517578,132.10000610351562,133.1999969482422,1913905
2025-05-20 11:30:00,131.60000610351562,132.39999389648438,131.5,132.39999389648438,1439224
2025-05-20 12:30:00,131.8000030517578,132.3000030517578,131.3000030517578,131.60000610351562,865355
2025-05-20 13:30:00,131.60000610351562,132.3000030517578,131.1999969482422,131.89999389648438,823102
2025-05-20 14:30:00,131.60000610351562,131.89999389648438,131.39999389648438,131.60000610351562,452003
2025-05-20 15:30:00,131.5,131.6999969482422,130.89999389648438,131.60000610351562,1243414
2025-05-20 16:30:00,131.0,131.5,130.89999389648438,131.5,772207
2025-05-20 17:30:00,130.8000030517578,131.3000030517578,130.6999969482422,131.10000610351562,703746
2025-05-21 09:30:00,129.3000030517578,130.8000030517578,129.10000610351562,130.39999389648438,0
2025-05-21 10:30:00,129.10000610351562,129.60000610351562,128.6999969482422,129.3000030517578,1359914
2025-05-21 11:30:00,128.5,129.3000030517578,128.39999389648438,129.10000610351562,870963
2025-05-21 12:30:00,128.39999389648438,128.6999969482422,128.1999969482422,128.5,576001
2025-05-21 13:30:00,128.89999389648438,129.0,128.10000610351562,128.39999389648438,573571
2025-05-21 14:30:00,129.60000610351562,129.60000610351562,128.6999969482422,128.89999389648438,1093041
2025-05-21 15:30:00,129.60000610351562,130.0,129.3000030517578,129.5,1100723
2025-05-21 16:30:00,129.5,130.89999389648438,129.3000030517578,129.60000610351562,2220433
2025-05-21 17:30:00,129.0,129.60000610351562,128.89999389648438,129.39999389648438,913738
2025-05-22 09:30:00,128.5,130.1999969482422,128.39999389648438,129.5,0
2025-05-22 10:30:00,129.60000610351562,129.8000030517578,128.39999389648438,128.5,1099536
2025-05-22 11:30:00,130.10000610351562,131.10000610351562,129.60000610351562,129.6999969482422,1775757
2025-05-22 12:30:00,129.8000030517578,130.1999969482422,129.60000610351562,130.10000610351562,650778
2025-05-22 13:30:00,129.3000030517578,130.10000610351562,128.8000030517578,129.6999969482422,1003581
2025-05-22 14:30:00,129.39999389648438,130.0,129.0,129.1999969482422,922022
2025-05-22 15:30:00,129.89999389648438,130.5,129.3000030517578,129.39999389648438,1305821
2025-05-22 16:30:00,128.89999389648438,130.1999969482422,128.89999389648438,129.89999389648438,1006400
2025-05-22 17:30:00,128.8000030517578,129.60000610351562,128.6999969482422,129.0,1030827
2025-05-23 09:30:00,128.6999969482422,129.39999389648438,128.5,128.8000030517578,0
2025-05-23 10:30:00,129.1999969482422,129.5,128.5,128.60000610351562,916601
2025-05-23 11:30:00,129.39999389648438,130.1999969482422,129.10000610351562,129.1999969482422,1230955
2025-05-23 12:30:00,129.1999969482422,129.6999969482422,129.0,129.39999389648438,501100
2025-05-23 13:30:00,128.60000610351562,129.3000030517578,128.5,129.1999969482422,604932
2025-05-23 14:30:00,127.4000015258789,128.8000030517578,126.69999694824219,128.5,1611309
2025-05-23 15:30:00,128.1999969482422,128.60000610351562,126.9000015258789,127.5,1260588
2025-05-23 16:30:00,128.10000610351562,128.6999969482422,127.5999984741211,128.1999969482422,968760
2025-05-23 17:30:00,128.39999389648438,128.60000610351562,127.69999694824219,128.10000610351562,851227
2025-05-26 09:30:00,128.60000610351562,129.6999969482422,128.3000030517578,129.10000610351562,0
2025-05-26 10:30:00,128.5,129.3000030517578,128.3000030517578,128.5,1026636
2025-05-26 11:30:00,128.6999969482422,129.39999389648438,128.39999389648438,128.5,712673
2025-05-26 12:30:00,129.0,129.10000610351562,128.60000610351562,128.6999969482422,449952
2025-05-26 13:30:00,128.5,129.10000610351562,128.5,129.0,547552
2025-05-26 14:30:00,128.3000030517578,128.6999969482422,128.10000610351562,128.60000610351562,531342
2025-05-26 15:30:00,128.8000030517578,128.89999389648438,127.80000305175781,128.1999969482422,1047373
2025-05-26 16:30:00,128.6999969482422,129.10000610351562,128.3000030517578,128.8000030517578,837590
2025-05-26 17:30:00,128.8000030517578,128.8000030517578,128.10000610351562,128.6999969482422,646341
2025-05-27 09:30:00,128.6999969482422,129.1999969482422,128.1999969482422,128.8000030517578,0
2025-05-27 10:30:00,127.30000305175781,128.89999389648438,127.19999694824219,128.60000610351562,1424076
2025-05-27 11:30:00,127.30000305175781,127.5999984741211,126.4000015258789,127.30000305175781,1071187
2025-05-27 12:30:00,127.30000305175781,127.4000015258789,126.80000305175781,127.30000305175781,537015
2025-05-27 13:30:00,127.0,127.69999694824219,126.80000305175781,127.19999694824219,939350
2025-05-27 14:30:00,126.9000015258789,127.19999694824219,126.69999694824219,127.0999984741211,685526
2025-05-27 15:30:00,126.5999984741211,127.0999984741211,126.4000015258789,127.0,816349
2025-05-27 16:30:00,126.5999984741211,126.69999694824219,126.19999694824219,126.5,646506
2025-05-27 17:30:00,126.0999984741211,126.80000305175781,126.0,126.5999984741211,775099
2025-05-28 09:30:00,125.80000305175781,126.69999694824219,125.30000305175781,126.0,0
2025-05-28 10:30:00,126.0999984741211,126.69999694824219,125.5999984741211,125.69999694824219,1195011
2025-05-28 11:30:00,126.19999694824219,126.5,126.0,126.19999694824219,584476
2025-05-28 12:30:00,125.5999984741211,126.30000305175781,125.5999984741211,126.19999694824219,459164
2025-05-28 13:30:00,125.9000015258789,126.0999984741211,125.5999984741211,125.69999694824219,625278
2025-05-28 14:30:00,126.19999694824219,126.30000305175781,125.5999984741211,125.80000305175781,507557
2025-05-28 15:30:00,126.0,126.4000015258789,125.69999694824219,126.19999694824219,688630
2025-05-28 16:30:00,125.5,126.0999984741211,124.80000305175781,125.9000015258789,1021403
2025-05-28 17:30:00,126.30000305175781,126.4000015258789,125.19999694824219,125.4000015258789,1335489
2025-05-29 09:30:00,126.69999694824219,127.80000305175781,126.5,127.0,0
2025-05-29 10:30:00,126.30000305175781,127.0999984741211,126.30000305175781,126.5999984741211,576233
2025-05-29 11:30:00,126.4000015258789,126.5,125.30000305175781,126.4000015258789,977025
2025-05-29 12:30:00,126.80000305175781,127.0,126.0,126.30000305175781,703892
2025-05-29 13:30:00,126.80000305175781,126.9000015258789,126.0999984741211,126.80000305175781,580511
2025-05-29 14:30:00,126.5999984741211,127.0,126.30000305175781,126.80000305175781,503494
2025-05-29 15:30:00,126.5999984741211,127.0,126.4000015258789,126.5999984741211,529714
2025-05-29 16:30:00,125.9000015258789,126.5999984741211,125.30000305175781,126.5999984741211,0
2025-05-29 17:30:00,125.80000305175781,126.0,125.30000305175781,125.9000015258789,7669877
2025-05-30 09:30:00,124.80000305175781,125.5,124.4000015258789,125.19999694824219,0
2025-05-30 10:30:00,125.5,125.69999694824219,124.4000015258789,124.80000305175781,1330249
2025-05-30 11:30:00,125.5,125.80000305175781,125.19999694824219,125.5,717360
2025-05-30 12:30:00,125.19999694824219,125.5999984741211,124.5,125.5,753484
2025-05-30 13:30:00,125.19999694824219,125.4000015258789,124.9000015258789,125.19999694824219,427753
2025-05-30 14:30:00,124.5999984741211,125.69999694824219,124.5,125.0999984741211,883898
2025-05-30 15:30:00,125.0999984741211,125.5999984741211,124.30000305175781,124.5999984741211,1027992
2025-05-30 16:30:00,124.80000305175781,125.19999694824219,124.30000305175781,125.0999984741211,1038311
2025-05-30 17:30:00,124.30000305175781,124.9000015258789,124.19999694824219,124.80000305175781,508432
2025-06-02 09:30:00,123.30000305175781,124.30000305175781,123.19999694824219,124.0,0
2025-06-02 10:30:00,123.4000015258789,123.5999984741211,123.0999984741211,123.19999694824219,819609
2025-06-02 11:30:00,123.5,123.80000305175781,123.0,123.4000015258789,748006
2025-06-02 12:30:00,123.9000015258789,124.5999984741211,123.4000015258789,123.4000015258789,847788
2025-06-02 13:30:00,124.0,124.4000015258789,123.9000015258789,123.9000015258789,393481
2025-06-02 14:30:00,125.0999984741211,125.30000305175781,123.9000015258789,123.9000015258789,1289592
2025-06-02 15:30:00,124.4000015258789,125.30000305175781,123.9000015258789,125.0,1062479
2025-06-02 16:30:00,123.80000305175781,124.5,123.5999984741211,124.4000015258789,810492
2025-06-02 17:30:00,123.80000305175781,124.5,123.5,123.69999694824219,907127
2025-06-03 09:30:00,126.80000305175781,127.0999984741211,124.0,124.19999694824219,0
2025-06-03 10:30:00,127.69999694824219,128.0,126.80000305175781,126.80000305175781,2023312
2025-06-03 11:30:00,127.5999984741211,128.0,127.30000305175781,127.69999694824219,1265193
2025-06-03 12:30:00,127.0,127.69999694824219,126.69999694824219,127.5,691207
2025-06-03 13:30:00,126.80000305175781,127.0999984741211,126.5999984741211,127.0,546924
2025-06-03 14:30:00,126.5,126.9000015258789,126.4000015258789,126.69999694824219,514026
2025-06-03 15:30:00,126.30000305175781,126.5,126.0,126.5,520509
2025-06-03 16:30:00,126.9000015258789,127.0,126.19999694824219,126.4000015258789,635601
2025-06-03 17:30:00,126.9000015258789,127.30000305175781,126.69999694824219,126.9000015258789,531178
2025-06-04 09:30:00,126.4000015258789,127.4000015258789,126.19999694824219,127.4000015258789,0
2025-06-04 10:30:00,127.30000305175781,127.30000305175781,125.80000305175781,126.4000015258789,1262510
2025-06-04 11:30:00,128.0,128.10000610351562,126.9000015258789,127.19999694824219,1785422
2025-06-04 12:30:00,128.0,128.39999389648438,127.69999694824219,128.10000610351562,1043848
2025-06-04 13:30:00,128.6999969482422,128.6999969482422,127.9000015258789,128.0,1019669
2025-06-04 14:30:00,130.10000610351562,130.3000030517578,128.60000610351562,128.6999969482422,2304059
2025-06-04 15:30:00,129.89999389648438,130.5,129.5,130.0,1132326
2025-06-04 16:30:00,130.10000610351562,130.3000030517578,129.8000030517578,129.89999389648438,1150157
2025-06-04 17:30:00,130.39999389648438,130.60000610351562,130.0,130.0,1087977
2025-06-05 09:30:00,130.3000030517578,131.0,130.10000610351562,131.0,1186733
2025-06-05 10:30:00,130.1999969482422,130.5,129.8000030517578,130.3000030517578,1343786
2025-06-05 11:30:00,130.89999389648438,131.0,130.10000610351562,130.1999969482422,1048709
2025-06-05 12:30:00,130.8000030517578,130.8000030517578,130.8000030517578,130.8000030517578,294066
2025-06-10 09:30:00,130.89999389648438,131.8000030517578,130.5,131.39999389648438,0
2025-06-10 10:30:00,131.39999389648438,131.6999969482422,130.5,130.89999389648438,1847615
2025-06-10 11:30:00,130.8000030517578,131.5,130.6999969482422,131.3000030517578,809980
2025-06-10 12:30:00,131.0,131.3000030517578,130.60000610351562,130.8000030517578,629283
2025-06-10 13:30:00,131.1999969482422,131.5,130.6999969482422,130.89999389648438,1199188
2025-06-10 14:30:00,130.8000030517578,131.3000030517578,130.60000610351562,131.1999969482422,823349
2025-06-10 15:30:00,130.89999389648438,131.0,130.60000610351562,130.8000030517578,564846
2025-06-10 16:30:00,131.10000610351562,131.5,130.8000030517578,130.8000030517578,1282464
2025-06-10 17:30:00,131.10000610351562,131.39999389648438,131.0,131.0,1709746
2025-06-11 09:30:00,131.39999389648438,131.8000030517578,130.0,131.0,2475399
2025-06-11 10:30:00,130.60000610351562,131.89999389648438,130.5,131.3000030517578,1995554
2025-06-11 11:30:00,130.6999969482422,130.6999969482422,130.3000030517578,130.60000610351562,632325
2025-06-11 12:30:00,130.60000610351562,130.6999969482422,130.3000030517578,130.6999969482422,557030
2025-06-11 13:30:00,130.1999969482422,130.60000610351562,130.10000610351562,130.60000610351562,1015501
2025-06-11 14:30:00,130.3000030517578,130.60000610351562,129.8000030517578,130.10000610351562,1670245
2025-06-11 15:30:00,130.3000030517578,131.3000030517578,130.1999969482422,130.3000030517578,2454664
2025-06-11 16:30:00,131.5,131.8000030517578,130.1999969482422,130.39999389648438,2398698
2025-06-11 17:30:00,131.6999969482422,132.0,131.3000030517578,131.60000610351562,0
2025-06-12 09:30:00,132.5,133.1999969482422,130.5,131.1999969482422,6196110
2025-06-12 10:30:00,132.6999969482422,133.3000030517578,132.3000030517578,132.5,3792480
2025-06-12 11:30:00,132.0,132.6999969482422,131.89999389648438,132.60000610351562,1852574
2025-06-12 12:30:00,131.10000610351562,132.0,130.89999389648438,132.0,1654428
2025-06-12 13:30:00,131.1999969482422,131.60000610351562,130.8000030517578,131.10000610351562,1729696
2025-06-12 14:30:00,130.39999389648438,131.3000030517578,130.1999969482422,131.3000030517578,1560863
2025-06-12 15:30:00,131.10000610351562,131.5,130.10000610351562,130.39999389648438,1300671
2025-06-12 16:30:00,131.0,131.39999389648438,130.8000030517578,131.1999969482422,787264
2025-06-12 17:30:00,130.89999389648438,131.60000610351562,130.8000030517578,131.0,950684
2025-06-13 09:30:00,131.8000030517578,133.0,126.5,130.0,0
2025-06-13 10:30:00,130.5,132.3000030517578,130.1999969482422,131.89999389648438,4527423
2025-06-13 11:30:00,131.10000610351562,132.3000030517578,129.8000030517578,130.5,3546710
2025-06-13 12:30:00,130.1999969482422,131.1999969482422,130.10000610351562,131.0,1017381
2025-06-13 13:30:00,130.6999969482422,131.6999969482422,129.89999389648438,130.1999969482422,1984531
2025-06-13 14:30:00,132.1999969482422,132.60000610351562,130.39999389648438,130.60000610351562,4003136
2025-06-13 15:30:00,130.8000030517578,132.60000610351562,130.6999969482422,132.3000030517578,2243860
2025-06-13 16:30:00,130.89999389648438,131.39999389648438,130.6999969482422,130.8000030517578,1609231
2025-06-13 17:30:00,131.3000030517578,131.89999389648438,130.89999389648438,131.0,1475139
2025-06-16 09:30:00,133.3000030517578,135.3000030517578,131.5,131.60000610351562,7875608
2025-06-16 10:30:00,131.5,133.1999969482422,131.10000610351562,133.1999969482422,3982456
2025-06-16 11:30:00,131.8000030517578,132.5,131.39999389648438,131.39999389648438,2227707
2025-06-16 12:30:00,131.8000030517578,132.0,131.10000610351562,131.89999389648438,1384133
2025-06-16 13:30:00,131.8000030517578,132.3000030517578,131.6999969482422,131.6999969482422,1107363
2025-06-16 14:30:00,131.8000030517578,132.1999969482422,131.3000030517578,131.6999969482422,1079428
2025-06-16 15:30:00,132.39999389648438,132.8000030517578,131.10000610351562,131.8000030517578,2694793
2025-06-16 16:30:00,132.10000610351562,133.3000030517578,131.8000030517578,132.5,3421408
2025-06-16 17:30:00,130.39999389648438,132.1999969482422,130.3000030517578,132.10000610351562,2096364
2025-06-17 09:30:00,131.60000610351562,131.6999969482422,130.0,130.10000610351562,0
2025-06-17 10:30:00,131.8000030517578,132.6999969482422,131.1999969482422,131.5,3587327
2025-06-17 11:30:00,133.60000610351562,133.6999969482422,131.6999969482422,131.8000030517578,4569187
2025-06-17 12:30:00,134.89999389648438,134.89999389648438,133.5,133.60000610351562,3801622
2025-06-17 13:30:00,135.39999389648438,136.0,134.6999969482422,134.89999389648438,4389923
2025-06-17 14:30:00,135.8000030517578,136.1999969482422,135.10000610351562,135.39999389648438,2918027
2025-06-17 15:30:00,136.10000610351562,136.1999969482422,135.60000610351562,135.8000030517578,2485352
2025-06-17 16:30:00,135.10000610351562,136.60000610351562,135.10000610351562,136.10000610351562,3055767
2025-06-17 17:30:00,134.8000030517578,135.3000030517578,134.5,135.10000610351562,0
2025-06-18 09:30:00,137.10000610351562,137.6999969482422,135.0,135.0,0
2025-06-18 10:30:00,135.8000030517578,137.8000030517578,135.6999969482422,137.10000610351562,6458888
2025-06-18 11:30:00,138.0,138.10000610351562,135.3000030517578,135.6999969482422,4802710
2025-06-18 12:30:00,137.0,138.3000030517578,136.89999389648438,137.89999389648438,3537669
2025-06-18 13:30:00,136.39999389648438,137.0,136.10000610351562,137.0,1637520
2025-06-18 14:30:00,136.10000610351562,136.5,135.6999969482422,136.3000030517578,1570786
2025-06-18 15:30:00,135.8000030517578,136.1999969482422,135.60000610351562,135.89999389648438,1431398
2025-06-18 16:30:00,136.60000610351562,137.0,135.60000610351562,135.89999389648438,2413037
2025-06-18 17:30:00,137.10000610351562,137.39999389648438,136.3000030517578,136.60000610351562,1449191
2025-06-19 09:30:00,141.5,142.0,137.60000610351562,137.60000610351562,8239707
2025-06-19 10:30:00,141.10000610351562,143.39999389648438,140.5,141.5,7975419
2025-06-19 11:30:00,142.8000030517578,143.6999969482422,140.8000030517578,141.10000610351562,3911177
2025-06-19 12:30:00,142.3000030517578,142.89999389648438,142.0,142.89999389648438,1340316
2025-06-19 13:30:00,142.1999969482422,142.8000030517578,141.60000610351562,142.3000030517578,2778635
2025-06-19 14:30:00,142.3000030517578,142.39999389648438,141.3000030517578,142.1999969482422,1501578
2025-06-19 15:30:00,141.6999969482422,142.39999389648438,141.39999389648438,142.1999969482422,1042966
2025-06-19 16:30:00,141.6999969482422,142.8000030517578,140.89999389648438,141.6999969482422,3477710
2025-06-19 17:30:00,143.8000030517578,143.89999389648438,141.6999969482422,141.8000030517578,3114649
2025-06-20 09:30:00,141.39999389648438,141.5,138.39999389648438,141.3000030517578,7303505
2025-06-20 10:30:00,141.0,143.1999969482422,140.60000610351562,141.39999389648438,4712075
2025-06-20 11:30:00,140.5,141.10000610351562,140.39999389648438,140.89999389648438,1091086
2025-06-20 12:30:00,140.5,141.1999969482422,140.10000610351562,140.5,858487
2025-06-20 13:30:00,141.5,141.60000610351562,140.39999389648438,140.5,1118795
2025-06-20 14:30:00,141.10000610351562,142.0,140.6999969482422,141.5,2136499
2025-06-20 15:30:00,141.5,143.5,141.0,141.10000610351562,3341732
2025-06-20 16:30:00,142.8000030517578,143.10000610351562,141.0,141.39999389648438,2996551
2025-06-20 17:30:00,143.0,143.39999389648438,142.3000030517578,142.8000030517578,1968882
2025-06-23 09:30:00,149.5,150.39999389648438,147.10000610351562,147.10000610351562,11073217
2025-06-23 10:30:00,148.10000610351562,149.6999969482422,148.10000610351562,149.39999389648438,4973090
2025-06-23 11:30:00,151.10000610351562,152.3000030517578,148.10000610351562,148.1999969482422,11538322
2025-06-23 12:30:00,151.0,151.5,150.3000030517578,151.1999969482422,2636422
2025-06-23 13:30:00,150.89999389648438,151.1999969482422,150.60000610351562,150.89999389648438,1818346
2025-06-23 14:30:00,149.8000030517578,150.8000030517578,149.5,150.8000030517578,1787343
2025-06-23 15:30:00,150.0,150.1999969482422,148.8000030517578,149.6999969482422,3323914
2025-06-23 16:30:00,149.10000610351562,150.3000030517578,148.5,150.0,2573299
2025-06-23 17:30:00,149.39999389648438,149.39999389648438,148.5,149.10000610351562,1706177
2025-06-24 09:30:00,138.3000030517578,141.8000030517578,137.39999389648438,139.39999389648438,15284518
2025-06-24 10:30:00,138.89999389648438,139.89999389648438,137.89999389648438,138.39999389648438,11876762
2025-06-24 11:30:00,139.10000610351562,139.3000030517578,138.5,138.89999389648438,2512894
2025-06-24 12:30:00,138.8000030517578,139.60000610351562,138.5,139.0,3039063
2025-06-24 13:30:00,139.0,139.60000610351562,138.60000610351562,138.8000030517578,3062515
2025-06-24 14:30:00,138.89999389648438,139.3000030517578,138.8000030517578,139.0,2352752
2025-06-24 15:30:00,138.6999969482422,139.10000610351562,138.60000610351562,138.89999389648438,1994375
2025-06-24 16:30:00,138.3000030517578,138.89999389648438,138.10000610351562,138.6999969482422,3283864
2025-06-24 17:30:00,137.60000610351562,138.6999969482422,137.5,138.1999969482422,3260325
2025-06-25 09:30:00,137.8000030517578,138.60000610351562,137.60000610351562,137.8000030517578,0
2025-06-25 10:30:00,137.39999389648438,137.89999389648438,137.3000030517578,137.8000030517578,1979370
2025-06-25 11:30:00,135.6999969482422,137.39999389648438,135.39999389648438,137.39999389648438,3517871
2025-06-25 12:30:00,135.5,136.0,135.3000030517578,135.6999969482422,1649287
2025-06-25 13:30:00,135.3000030517578,135.5,135.1999969482422,135.39999389648438,1210962
2025-06-25 14:30:00,134.60000610351562,135.3000030517578,134.3000030517578,135.1999969482422,1970306
2025-06-25 15:30:00,134.60000610351562,135.1999969482422,134.0,134.60000610351562,2864675
2025-06-25 16:30:00,134.10000610351562,134.6999969482422,134.0,134.6999969482422,1494691
2025-06-25 17:30:00,134.1999969482422,135.0,134.10000610351562,134.10000610351562,2127237
2025-06-26 09:30:00,134.60000610351562,135.8000030517578,134.3000030517578,134.6999969482422,3271821
2025-06-26 10:30:00,134.1999969482422,135.10000610351562,134.0,134.5,1498024
2025-06-26 11:30:00,135.1999969482422,135.3000030517578,133.89999389648438,134.1999969482422,2379718
2025-06-26 12:30:00,135.0,135.3000030517578,134.60000610351562,135.3000030517578,1260377
2025-06-26 13:30:00,134.39999389648438,135.0,134.39999389648438,135.0,629240
2025-06-26 14:30:00,134.60000610351562,135.0,134.3000030517578,134.39999389648438,913552
2025-06-26 15:30:00,134.39999389648438,134.60000610351562,134.0,134.5,1348623
2025-06-26 16:30:00,134.3000030517578,135.1999969482422,134.10000610351562,134.5,2538802
2025-06-26 17:30:00,133.8000030517578,134.5,133.60000610351562,134.3000030517578,1999179
2025-06-27 09:30:00,134.0,134.3000030517578,133.10000610351562,133.89999389648438,2058628
2025-06-27 10:30:00,134.89999389648438,135.39999389648438,133.8000030517578,134.0,4016407
2025-06-27 11:30:00,135.5,136.1999969482422,134.8000030517578,134.89999389648438,4863594
2025-06-27 12:30:00,135.1999969482422,135.5,134.89999389648438,135.5,1018584
2025-06-27 13:30:00,135.3000030517578,135.5,134.6999969482422,135.1999969482422,1577477
2025-06-27 14:30:00,134.89999389648438,136.3000030517578,134.5,135.3000030517578,3221807
2025-06-27 15:30:00,135.3000030517578,135.39999389648438,134.8000030517578,135.0,1164965
2025-06-27 16:30:00,135.6999969482422,136.3000030517578,135.10000610351562,135.39999389648438,2857863
2025-06-27 17:30:00,135.60000610351562,136.1999969482422,135.5,135.8000030517578,1191125
2025-06-30 09:30:00,136.10000610351562,136.6999969482422,135.89999389648438,136.0,2552815
2025-06-30 10:30:00,136.8000030517578,137.0,135.10000610351562,136.1999969482422,3234657
2025-06-30 11:30:00,138.10000610351562,138.5,136.3000030517578,136.6999969482422,8001042
2025-06-30 12:30:00,138.8000030517578,138.89999389648438,137.6999969482422,138.10000610351562,2903309
2025-06-30 13:30:00,139.5,140.10000610351562,138.8000030517578,138.8000030517578,6288381
2025-06-30 14:30:00,139.8000030517578,140.1999969482422,139.5,139.60000610351562,3181245
2025-06-30 15:30:00,139.6999969482422,140.0,139.3000030517578,139.6999969482422,1758935
2025-06-30 16:30:00,140.3000030517578,141.0,139.5,139.60000610351562,4044365
2025-06-30 17:30:00,139.8000030517578,140.3000030517578,139.1999969482422,140.1999969482422,3925658
2025-07-01 09:30:00,142.10000610351562,143.0,140.8000030517578,140.8000030517578,6615983
2025-07-01 10:30:00,141.10000610351562,142.39999389648438,141.0,142.10000610351562,3181366
2025-07-01 11:30:00,141.8000030517578,141.8000030517578,140.6999969482422,141.0,2005575
2025-07-01 12:30:00,141.6999969482422,142.3000030517578,141.3000030517578,141.8000030517578,1903924
2025-07-01 13:30:00,141.6999969482422,141.8000030517578,141.39999389648438,141.6999969482422,1102801
2025-07-01 14:30:00,141.60000610351562,141.6999969482422,141.1999969482422,141.60000610351562,917527
2025-07-01 15:30:00,141.6999969482422,142.0,141.1999969482422,141.5,1312559
2025-07-01 16:30:00,142.39999389648438,143.0,141.8000030517578,141.8000030517578,3848965
2025-07-01 17:30:00,142.0,142.5,141.5,142.39999389648438,1518183
2025-07-02 09:30:00,143.6999969482422,144.1999969482422,142.10000610351562,142.10000610351562,4800775
2025-07-02 10:30:00,144.6999969482422,144.89999389648438,142.89999389648438,143.8000030517578,3742422
2025-07-02 11:30:00,145.10000610351562,145.3000030517578,144.39999389648438,144.8000030517578,3055481
2025-07-02 12:30:00,145.3000030517578,145.39999389648438,144.39999389648438,145.10000610351562,1938402
2025-07-02 13:30:00,145.6999969482422,146.3000030517578,145.1999969482422,145.3000030517578,4642926
2025-07-02 14:30:00,146.5,146.60000610351562,145.10000610351562,145.8000030517578,3559366
2025-07-02 15:30:00,145.1999969482422,147.5,144.60000610351562,146.5,5368598
2025-07-02 16:30:00,144.6999969482422,145.5,144.10000610351562,145.10000610351562,1667731
2025-07-02 17:30:00,144.6999969482422,145.10000610351562,144.10000610351562,144.6999969482422,1316519
2025-07-03 09:30:00,146.3000030517578,147.3000030517578,145.39999389648438,146.1999969482422,3782740
2025-07-03 10:30:00,146.60000610351562,148.1999969482422,146.1999969482422,146.3000030517578,6526361
2025-07-03 11:30:00,146.10000610351562,146.89999389648438,145.89999389648438,146.60000610351562,1860959
2025-07-03 12:30:00,146.3000030517578,146.6999969482422,145.8000030517578,146.0,1185389
2025-07-03 13:30:00,146.1999969482422,146.60000610351562,146.0,146.39999389648438,750736
2025-07-03 14:30:00,147.0,147.39999389648438,145.60000610351562,146.1999969482422,2687802
2025-07-03 15:30:00,146.8000030517578,147.39999389648438,146.3000030517578,147.10000610351562,1308616
2025-07-03 16:30:00,146.60000610351562,147.0,146.3000030517578,146.89999389648438,695718
2025-07-03 17:30:00,146.39999389648438,146.60000610351562,146.0,146.5,1239369
2025-07-04 09:30:00,146.89999389648438,148.6999969482422,146.60000610351562,146.60000610351562,0
2025-07-04 10:30:00,148.0,148.1999969482422,146.8000030517578,146.89999389648438,2225746
2025-07-04 11:30:00,147.1999969482422,148.60000610351562,147.10000610351562,148.0,2239566
2025-07-04 12:30:00,145.6999969482422,147.1999969482422,145.5,147.1999969482422,2232522
2025-07-04 13:30:00,145.5,145.8000030517578,145.1999969482422,145.6999969482422,1111385
2025-07-04 14:30:00,147.0,147.1999969482422,145.10000610351562,145.5,2285968
2025-07-04 15:30:00,146.60000610351562,147.1999969482422,146.1999969482422,147.0,1373703
2025-07-04 16:30:00,147.5,148.0,146.5,146.60000610351562,2028966
2025-07-04 17:30:00,147.0,147.60000610351562,146.8000030517578,147.60000610351562,1012822
2025-07-07 09:30:00,145.60000610351562,146.89999389648438,145.0,145.5,0
2025-07-07 10:30:00,144.89999389648438,145.60000610351562,144.10000610351562,145.5,2614921
2025-07-07 11:30:00,146.6999969482422,147.5,144.5,145.0,3969456
2025-07-07 12:30:00,146.5,147.0,146.3000030517578,146.6999969482422,748628
2025-07-07 13:30:00,146.60000610351562,146.89999389648438,146.3000030517578,146.60000610351562,825572
2025-07-07 14:30:00,146.0,147.0,145.8000030517578,146.5,1320742
2025-07-07 15:30:00,146.1999969482422,146.39999389648438,145.8000030517578,146.0,736392
2025-07-07 16:30:00,145.8000030517578,146.3000030517578,145.5,146.1999969482422,1176176
2025-07-07 17:30:00,145.89999389648438,146.3000030517578,145.6999969482422,145.8000030517578,821435
2025-07-08 09:30:00,145.60000610351562,147.3000030517578,145.1999969482422,147.0,2373656
2025-07-08 10:30:00,144.89999389648438,145.6999969482422,144.6999969482422,145.6999969482422,1632587
2025-07-08 11:30:00,143.60000610351562,145.0,142.89999389648438,144.89999389648438,2492722
2025-07-08 12:30:00,142.60000610351562,143.60000610351562,142.39999389648438,143.5,1907115
2025-07-08 13:30:00,141.8000030517578,142.60000610351562,141.3000030517578,142.60000610351562,2308070
2025-07-08 14:30:00,141.89999389648438,143.10000610351562,141.39999389648438,141.89999389648438,2259321
2025-07-08 15:30:00,141.0,142.3000030517578,140.6999969482422,141.89999389648438,2123638
2025-07-08 16:30:00,141.0,141.89999389648438,140.60000610351562,141.0,2282170
2025-07-08 17:30:00,140.6999969482422,141.3000030517578,140.5,141.0,1607409
2025-07-09 09:30:00,143.3000030517578,143.60000610351562,140.39999389648438,140.5,4164502
2025-07-09 10:30:00,145.0,145.5,143.1999969482422,143.1999969482422,5307500
2025-07-09 11:30:00,145.5,146.10000610351562,144.89999389648438,145.0,2708290
2025-07-09 12:30:00,145.89999389648438,146.3000030517578,145.39999389648438,145.60000610351562,1644194
2025-07-09 13:30:00,145.89999389648438,146.1999969482422,145.5,145.89999389648438,1019461
2025-07-09 14:30:00,145.89999389648438,146.60000610351562,145.5,145.89999389648438,2463495
2025-07-09 15:30:00,145.6999969482422,146.1999969482422,145.6999969482422,145.89999389648438,787997
2025-07-09 16:30:00,145.5,146.3000030517578,145.3000030517578,145.6999969482422,1488931
2025-07-09 17:30:00,145.8000030517578,145.89999389648438,145.3000030517578,145.5,765673
2025-07-10 09:30:00,148.1999969482422,148.3000030517578,146.3000030517578,146.89999389648438,3644820
2025-07-10 10:30:00,149.0,149.3000030517578,147.60000610351562,148.1999969482422,3043604
2025-07-10 11:30:00,150.1999969482422,150.60000610351562,148.89999389648438,149.0,2874185
2025-07-10 12:30:00,149.6999969482422,150.5,149.39999389648438,150.3000030517578,1258157
2025-07-10 13:30:00,149.1999969482422,149.8000030517578,149.1999969482422,149.6999969482422,1064586
2025-07-10 14:30:00,149.60000610351562,149.6999969482422,149.10000610351562,149.1999969482422,1145778
2025-07-10 15:30:00,149.89999389648438,150.1999969482422,149.10000610351562,149.60000610351562,1590184
2025-07-10 16:30:00,150.0,150.5,149.5,149.89999389648438,1320369
2025-07-10 17:30:00,149.89999389648438,150.10000610351562,149.5,150.0,722891
2025-07-11 09:30:00,152.5,152.6999969482422,151.0,151.3000030517578,3647082
2025-07-11 10:30:00,153.39999389648438,154.10000610351562,152.3000030517578,152.5,5079060
2025-07-11 11:30:00,155.5,157.5,152.8000030517578,153.5,7605811
2025-07-11 12:30:00,155.39999389648438,156.10000610351562,154.6999969482422,155.5,3820092
2025-07-11 13:30:00,154.89999389648438,156.5,154.8000030517578,155.39999389648438,4601922
2025-07-11 14:30:00,154.3000030517578,155.1999969482422,154.0,154.8000030517578,4467976
2025-07-11 15:30:00,154.60000610351562,155.1999969482422,153.89999389648438,154.1999969482422,2158942
2025-07-11 16:30:00,155.10000610351562,155.6999969482422,154.3000030517578,154.60000610351562,2221635
2025-07-11 17:30:00,156.1999969482422,156.39999389648438,154.8000030517578,155.10000610351562,1750942
2025-07-14 09:30:00,156.60000610351562,158.0,154.8000030517578,156.0,5377181
2025-07-14 10:30:00,157.5,158.89999389648438,156.5,156.60000610351562,7195421
2025-07-14 11:30:00,156.8000030517578,157.8000030517578,156.5,157.5,1600089
2025-07-14 12:30:00,156.60000610351562,157.0,156.0,156.8000030517578,1277413
2025-07-14 13:30:00,156.10000610351562,156.8000030517578,156.0,156.60000610351562,1206632
2025-07-14 14:30:00,155.89999389648438,156.8000030517578,155.5,156.10000610351562,2177978
2025-07-14 15:30:00,155.89999389648438,156.10000610351562,155.39999389648438,155.8000030517578,1810545
2025-07-14 16:30:00,155.8000030517578,156.10000610351562,154.89999389648438,155.89999389648438,2315646
2025-07-14 17:30:00,155.8000030517578,156.1999969482422,155.39999389648438,155.8000030517578,1895956
2025-07-16 09:30:00,154.60000610351562,156.39999389648438,153.89999389648438,154.39999389648438,0
2025-07-16 10:30:00,155.89999389648438,156.39999389648438,154.3000030517578,154.60000610351562,2673657
2025-07-16 11:30:00,154.8000030517578,155.89999389648438,154.8000030517578,155.89999389648438,1540181
2025-07-16 12:30:00,154.60000610351562,155.0,154.0,154.8000030517578,1290832
2025-07-16 13:30:00,154.5,154.6999969482422,153.6999969482422,154.60000610351562,1425164
2025-07-16 14:30:00,154.0,154.60000610351562,153.0,154.39999389648438,1973528
2025-07-16 15:30:00,152.3000030517578,154.1999969482422,151.3000030517578,153.89999389648438,3673418
2025-07-16 16:30:00,152.5,152.60000610351562,151.6999969482422,152.3000030517578,1941739
2025-07-16 17:30:00,152.39999389648438,153.39999389648438,152.3000030517578,152.5,1357510
2025-07-17 09:30:00,153.39999389648438,154.60000610351562,152.10000610351562,153.5,0
2025-07-17 10:30:00,153.1999969482422,154.10000610351562,153.0,153.39999389648438,1156799
2025-07-17 11:30:00,152.5,153.5,152.3000030517578,153.1999969482422,1043529
2025-07-17 12:30:00,152.5,153.0,152.3000030517578,152.5,639996
2025-07-17 13:30:00,152.6999969482422,153.3000030517578,152.3000030517578,152.60000610351562,998161
2025-07-17 14:30:00,154.10000610351562,154.3000030517578,152.60000610351562,152.60000610351562,1752063
2025-07-17 15:30:00,156.3000030517578,156.39999389648438,153.8000030517578,154.10000610351562,3553146
2025-07-17 16:30:00,156.8000030517578,157.3000030517578,156.1999969482422,156.3000030517578,3292717
2025-07-17 17:30:00,157.10000610351562,157.1999969482422,156.60000610351562,156.89999389648438,999107
2025-07-18 09:30:00,156.6999969482422,157.39999389648438,156.10000610351562,157.3000030517578,1656437
2025-07-18 10:30:00,157.0,158.89999389648438,156.5,156.6999969482422,4111087
2025-07-18 11:30:00,158.0,159.60000610351562,156.39999389648438,156.89999389648438,5129366
2025-07-18 12:30:00,157.8000030517578,158.1999969482422,156.8000030517578,158.0,1946229
2025-07-18 13:30:00,157.39999389648438,158.10000610351562,157.3000030517578,157.6999969482422,1683963
2025-07-18 14:30:00,158.3000030517578,158.89999389648438,156.8000030517578,157.39999389648438,3232977
2025-07-18 15:30:00,159.3000030517578,159.89999389648438,158.1999969482422,158.1999969482422,4167649
2025-07-18 16:30:00,159.5,160.1999969482422,158.6999969482422,159.3000030517578,3060212
2025-07-18 17:30:00,159.89999389648438,160.1999969482422,159.39999389648438,159.5,1358281
2025-07-21 09:30:00,163.0,163.6999969482422,160.3000030517578,160.3000030517578,0
2025-07-21 10:30:00,164.0,165.5,163.0,163.10000610351562,4693550
2025-07-21 11:30:00,164.60000610351562,164.8000030517578,163.60000610351562,164.0,1722522
2025-07-21 12:30:00,164.0,165.0,163.6999969482422,164.60000610351562,1699420
2025-07-21 13:30:00,163.8000030517578,164.10000610351562,163.60000610351562,164.10000610351562,688436
2025-07-21 14:30:00,165.39999389648438,165.8000030517578,163.5,163.6999969482422,3368923
2025-07-21 15:30:00,167.1999969482422,167.39999389648438,165.3000030517578,165.39999389648438,2875197
2025-07-21 16:30:00,167.0,168.60000610351562,166.6999969482422,167.10000610351562,3384423
2025-07-21 17:30:00,167.10000610351562,167.1999969482422,166.10000610351562,167.10000610351562,1428411
2025-07-22 09:30:00,166.39999389648438,167.0,165.1999969482422,166.89999389648438,0
2025-07-22 10:30:00,166.8000030517578,168.60000610351562,164.89999389648438,166.39999389648438,4843605
2025-07-22 11:30:00,166.1999969482422,166.8000030517578,165.60000610351562,166.8000030517578,1569638
2025-07-22 12:30:00,166.5,166.8000030517578,165.39999389648438,166.3000030517578,1525783
2025-07-22 13:30:00,165.89999389648438,166.60000610351562,165.60000610351562,166.5,756188
2025-07-22 14:30:00,166.39999389648438,166.8000030517578,165.39999389648438,165.8000030517578,1790674
2025-07-22 15:30:00,167.10000610351562,167.60000610351562,166.1999969482422,166.3000030517578,1733673
2025-07-22 16:30:00,166.60000610351562,167.60000610351562,166.39999389648438,167.1999969482422,1647309
2025-07-22 17:30:00,167.1999969482422,167.5,166.39999389648438,166.60000610351562,1274989
2025-07-23 09:30:00,167.10000610351562,168.60000610351562,166.10000610351562,167.6999969482422,0
2025-07-23 10:30:00,167.10000610351562,170.0,166.5,167.10000610351562,3405963
2025-07-23 11:30:00,165.6999969482422,167.5,165.60000610351562,167.0,1787290
2025-07-23 12:30:00,165.3000030517578,165.8000030517578,164.8000030517578,165.60000610351562,1736276
2025-07-23 13:30:00,165.39999389648438,165.8000030517578,165.0,165.3000030517578,1051174
2025-07-23 14:30:00,164.8000030517578,165.60000610351562,164.60000610351562,165.5,950274
2025-07-23 15:30:00,165.1999969482422,165.39999389648438,164.39999389648438,164.8000030517578,1039337
2025-07-23 16:30:00,165.5,166.0,164.8000030517578,165.10000610351562,1113065
2025-07-23 17:30:00,165.10000610351562,165.6999969482422,163.8000030517578,165.39999389648438,1502475
2025-07-24 09:30:00,165.3000030517578,166.3000030517578,164.89999389648438,165.8000030517578,0
2025-07-24 10:30:00,164.3000030517578,165.5,164.1999969482422,165.3000030517578,985930
2025-07-24 11:30:00,165.0,165.6999969482422,164.0,164.3000030517578,1058859
2025-07-24 12:30:00,165.3000030517578,165.39999389648438,164.60000610351562,165.0,708938
2025-07-24 13:30:00,165.10000610351562,166.39999389648438,164.6999969482422,165.39999389648438,2423742
2025-07-24 14:30:00,166.1999969482422,167.8000030517578,165.10000610351562,165.10000610351562,3752415
2025-07-24 15:30:00,166.39999389648438,167.39999389648438,166.0,166.1999969482422,1634759
2025-07-24 16:30:00,166.3000030517578,167.10000610351562,165.89999389648438,166.39999389648438,1138405
2025-07-24 17:30:00,166.3000030517578,166.5,165.3000030517578,166.3000030517578,1128783
2025-07-25 09:30:00,166.10000610351562,168.8000030517578,165.6999969482422,166.6999969482422,0
2025-07-25 10:30:00,164.6999969482422,167.10000610351562,164.6999969482422,166.0,1741026
2025-07-25 11:30:00,164.3000030517578,164.89999389648438,163.5,164.8000030517578,1622447
2025-07-25 12:30:00,164.8000030517578,165.0,164.3000030517578,164.3000030517578,622182
2025-07-25 13:30:00,164.8000030517578,165.0,164.60000610351562,164.8000030517578,424402
2025-07-25 14:30:00,166.0,166.39999389648438,164.60000610351562,164.6999969482422,1368718
2025-07-25 15:30:00,167.10000610351562,167.1999969482422,166.0,166.0,1186663
2025-07-25 16:30:00,166.60000610351562,167.60000610351562,166.39999389648438,167.0,1437843
2025-07-25 17:30:00,167.3000030517578,167.39999389648438,166.39999389648438,166.60000610351562,943166
2025-07-28 09:30:00,165.5,167.10000610351562,165.3000030517578,167.10000610351562,2010806
2025-07-28 10:30:00,166.39999389648438,167.3000030517578,165.10000610351562,165.5,2129778
2025-07-28 11:30:00,165.1999969482422,166.39999389648438,164.60000610351562,166.39999389648438,939359
2025-07-28 12:30:00,164.8000030517578,165.1999969482422,164.60000610351562,165.1999969482422,515967
2025-07-28 13:30:00,164.89999389648438,165.1999969482422,164.5,164.89999389648438,539193
2025-07-28 14:30:00,164.8000030517578,165.1999969482422,164.0,165.0,910714
2025-07-28 15:30:00,165.1999969482422,166.3000030517578,164.6999969482422,164.6999969482422,1558118
2025-07-28 16:30:00,164.89999389648438,165.5,164.60000610351562,165.3000030517578,1475335
2025-07-28 17:30:00,165.10000610351562,165.39999389648438,164.5,164.89999389648438,1070595
2025-07-29 09:30:00,162.89999389648438,165.0,162.60000610351562,164.60000610351562,0
2025-07-29 10:30:00,160.60000610351562,162.89999389648438,160.3000030517578,162.89999389648438,4114562
2025-07-29 11:30:00,162.5,162.5,160.5,160.60000610351562,2259542
2025-07-29 12:30:00,163.10000610351562,163.89999389648438,162.3000030517578,162.39999389648438,1637732
2025-07-29 13:30:00,162.8000030517578,163.10000610351562,162.6999969482422,163.0,872773
2025-07-29 14:30:00,163.5,163.6999969482422,162.6999969482422,162.89999389648438,777749
2025-07-29 15:30:00,163.5,163.60000610351562,162.89999389648438,163.60000610351562,988078
2025-07-29 16:30:00,162.6999969482422,163.60000610351562,162.5,163.5,1121355
2025-07-29 17:30:00,162.60000610351562,162.8000030517578,162.10000610351562,162.6999969482422,907119
2025-07-30 09:30:00,166.0,166.0,163.10000610351562,164.8000030517578,0
2025-07-30 10:30:00,166.1999969482422,167.60000610351562,165.0,165.89999389648438,5583279
2025-07-30 11:30:00,165.5,166.60000610351562,165.10000610351562,166.3000030517578,2720025
2025-07-30 12:30:00,163.89999389648438,165.60000610351562,163.6999969482422,165.5,1688804
2025-07-30 13:30:00,164.10000610351562,164.3000030517578,163.3000030517578,163.89999389648438,1365222
2025-07-30 14:30:00,162.89999389648438,164.3000030517578,162.60000610351562,164.1999969482422,1973959
2025-07-30 15:30:00,165.10000610351562,165.10000610351562,162.1999969482422,162.8000030517578,3253852
2025-07-30 16:30:00,165.8000030517578,166.0,164.8000030517578,165.0,2795703
2025-07-30 17:30:00,165.0,165.89999389648438,165.0,165.6999969482422,1685887
2025-07-31 09:30:00,164.5,165.39999389648438,163.60000610351562,165.1999969482422,2042636
2025-07-31 10:30:00,168.39999389648438,168.60000610351562,164.39999389648438,164.39999389648438,7070404
2025-07-31 11:30:00,168.3000030517578,169.3000030517578,168.1999969482422,168.39999389648438,5843304
2025-07-31 12:30:00,167.3000030517578,168.39999389648438,167.1999969482422,168.3000030517578,2126140
2025-07-31 13:30:00,167.0,167.5,166.1999969482422,167.3000030517578,1742993
2025-07-31 14:30:00,168.3000030517578,168.3000030517578,166.60000610351562,166.89999389648438,2501737
2025-07-31 15:30:00,168.5,168.89999389648438,168.10000610351562,168.1999969482422,2200510
2025-07-31 16:30:00,168.8000030517578,169.10000610351562,168.1999969482422,168.5,3506941
2025-07-31 17:30:00,168.5,169.0,168.39999389648438,168.8000030517578,1183575
2025-08-01 09:30:00,168.1999969482422,169.8000030517578,167.8000030517578,168.89999389648438,0
2025-08-01 10:30:00,168.60000610351562,169.0,167.89999389648438,168.3000030517578,1422123
2025-08-01 11:30:00,168.5,168.8000030517578,167.89999389648438,168.5,1199032
2025-08-01 12:30:00,168.3000030517578,168.6999969482422,167.89999389648438,168.5,595136
2025-08-01 13:30:00,167.89999389648438,168.39999389648438,167.5,168.3000030517578,959432
2025-08-01 14:30:00,167.0,167.89999389648438,166.8000030517578,167.89999389648438,1420446
2025-08-01 15:30:00,166.3000030517578,167.1999969482422,165.6999969482422,167.0,1768042
2025-08-01 16:30:00,166.0,166.3000030517578,165.1999969482422,166.3000030517578,1627454
2025-08-01 17:30:00,166.0,166.6999969482422,165.60000610351562,165.89999389648438,1299900
2025-08-04 09:30:00,167.0,167.5,165.5,166.1999969482422,0
2025-08-04 10:30:00,166.5,167.60000610351562,166.5,167.0,1926760
2025-08-04 11:30:00,166.1999969482422,166.60000610351562,166.0,166.60000610351562,901502
2025-08-04 12:30:00,166.10000610351562,166.60000610351562,166.0,166.1999969482422,770065
2025-08-04 13:30:00,164.89999389648438,166.10000610351562,164.39999389648438,166.0,1992822
2025-08-04 14:30:00,164.0,165.10000610351562,163.6999969482422,164.89999389648438,2108941
2025-08-04 15:30:00,164.1999969482422,164.39999389648438,163.60000610351562,164.0,1678858
2025-08-04 16:30:00,163.6999969482422,164.3000030517578,163.3000030517578,164.1999969482422,2304811
2025-08-04 17:30:00,164.10000610351562,164.5,163.5,163.6999969482422,1524958
2025-08-05 09:30:00,164.6999969482422,165.0,163.39999389648438,164.3000030517578,0
2025-08-05 10:30:00,167.0,167.39999389648438,164.0,164.6999969482422,7304700
2025-08-05 11:30:00,167.39999389648438,167.5,166.6999969482422,167.10000610351562,3146904
2025-08-05 12:30:00,167.1999969482422,167.5,166.89999389648438,167.39999389648438,1588857
2025-08-05 13:30:00,167.0,167.3000030517578,166.60000610351562,167.10000610351562,1846471
2025-08-05 14:30:00,166.3000030517578,167.10000610351562,165.89999389648438,166.89999389648438,1847943
2025-08-05 15:30:00,166.39999389648438,166.6999969482422,166.10000610351562,166.3000030517578,902005
2025-08-05 16:30:00,166.1999969482422,166.8000030517578,166.10000610351562,166.39999389648438,930417
2025-08-05 17:30:00,165.60000610351562,166.3000030517578,165.5,166.1999969482422,1016489
2025-08-06 09:30:00,165.10000610351562,166.3000030517578,164.5,165.6999969482422,0
2025-08-06 10:30:00,165.5,166.10000610351562,165.0,165.10000610351562,1202716
2025-08-06 11:30:00,166.10000610351562,166.5,165.1999969482422,165.39999389648438,1286732
2025-08-06 12:30:00,165.60000610351562,166.10000610351562,165.1999969482422,166.10000610351562,928466
2025-08-06 13:30:00,166.3000030517578,167.1999969482422,165.39999389648438,165.5,2105717
2025-08-06 14:30:00,166.6999969482422,167.3000030517578,166.1999969482422,166.3000030517578,1789056
2025-08-06 15:30:00,166.60000610351562,167.0,166.3000030517578,166.6999969482422,682553
2025-08-06 16:30:00,167.10000610351562,167.6999969482422,166.3000030517578,166.5,2406927
2025-08-06 17:30:00,166.89999389648438,167.5,166.89999389648438,167.1999969482422,1406698
2025-08-07 09:30:00,166.5,168.0,166.39999389648438,168.0,0
2025-08-07 10:30:00,166.6999969482422,167.39999389648438,166.39999389648438,166.60000610351562,1638366
2025-08-07 11:30:00,166.89999389648438,166.89999389648438,166.39999389648438,166.60000610351562,774259
2025-08-07 12:30:00,167.1999969482422,167.6999969482422,166.8000030517578,166.89999389648438,1348690
2025-08-07 13:30:00,167.3000030517578,167.39999389648438,166.8000030517578,167.1999969482422,1419229
2025-08-07 14:30:00,166.10000610351562,167.3000030517578,166.0,167.1999969482422,1502766
2025-08-07 15:30:00,165.8000030517578,166.5,165.60000610351562,166.10000610351562,1684135
2025-08-07 16:30:00,164.60000610351562,166.10000610351562,164.3000030517578,165.8000030517578,2404178
2025-08-07 17:30:00,164.6999969482422,164.8000030517578,164.1999969482422,164.60000610351562,1223822
2025-08-08 09:30:00,164.3000030517578,164.8000030517578,163.3000030517578,164.3000030517578,1659913
2025-08-08 10:30:00,164.89999389648438,165.0,164.10000610351562,164.1999969482422,1503169
2025-08-08 11:30:00,164.1999969482422,165.10000610351562,164.0,164.89999389648438,1035985
2025-08-08 12:30:00,164.1999969482422,164.39999389648438,163.89999389648438,164.3000030517578,576118
2025-08-08 13:30:00,163.89999389648438,164.1999969482422,163.39999389648438,164.10000610351562,1031761
2025-08-08 14:30:00,163.89999389648438,164.1999969482422,163.8000030517578,163.89999389648438,611860
2025-08-08 15:30:00,163.89999389648438,164.0,163.39999389648438,164.0,938075
2025-08-08 16:30:00,163.5,164.5,163.39999389648438,163.89999389648438,1356594
2025-08-08 17:30:00,163.8000030517578,163.8000030517578,163.0,163.5,1279607
2025-08-11 09:30:00,163.89999389648438,165.0,163.5,164.6999969482422,1506137
2025-08-11 10:30:00,164.89999389648438,165.5,163.89999389648438,163.89999389648438,2449594
2025-08-11 11:30:00,165.0,165.39999389648438,164.6999969482422,164.89999389648438,1215641
2025-08-11 12:30:00,165.0,165.10000610351562,164.6999969482422,165.10000610351562,730828
2025-08-11 13:30:00,165.10000610351562,165.39999389648438,164.89999389648438,165.10000610351562,949845
2025-08-11 14:30:00,165.10000610351562,165.6999969482422,164.89999389648438,165.10000610351562,1335698
2025-08-11 15:30:00,165.39999389648438,165.6999969482422,164.89999389648438,165.10000610351562,2053458
2025-08-11 16:30:00,164.60000610351562,165.39999389648438,164.39999389648438,165.3000030517578,1537059
2025-08-11 17:30:00,164.39999389648438,164.6999969482422,164.10000610351562,164.5,838477
2025-08-12 09:30:00,163.89999389648438,164.60000610351562,163.60000610351562,164.39999389648438,0
2025-08-12 10:30:00,162.5,164.0,162.39999389648438,163.89999389648438,2087424
2025-08-12 11:30:00,162.3000030517578,162.8000030517578,161.89999389648438,162.39999389648438,1636351
2025-08-12 12:30:00,162.10000610351562,162.5,161.6999969482422,162.3000030517578,1080561
2025-08-12 13:30:00,161.89999389648438,162.1999969482422,161.6999969482422,162.0,868091
2025-08-12 14:30:00,161.89999389648438,162.1999969482422,161.60000610351562,161.89999389648438,802504
2025-08-12 15:30:00,161.60000610351562,162.10000610351562,161.0,161.89999389648438,2490593
2025-08-12 16:30:00,160.6999969482422,161.6999969482422,160.5,161.5,2345814
2025-08-12 17:30:00,160.8000030517578,161.10000610351562,160.5,160.6999969482422,1132484
2025-08-13 09:30:00,161.6999969482422,162.10000610351562,161.10000610351562,161.10000610351562,0
2025-08-13 10:30:00,163.1999969482422,163.39999389648438,161.39999389648438,161.8000030517578,2639524
2025-08-13 11:30:00,162.60000610351562,163.3000030517578,162.3000030517578,163.3000030517578,757255
2025-08-13 12:30:00,161.6999969482422,162.60000610351562,161.5,162.5,649026
2025-08-13 13:30:00,163.10000610351562,163.1999969482422,161.60000610351562,161.6999969482422,959396
2025-08-13 14:30:00,162.89999389648438,163.5,162.8000030517578,163.1999969482422,1248785
2025-08-13 15:30:00,162.89999389648438,163.3000030517578,162.60000610351562,162.89999389648438,1082023
2025-08-13 16:30:00,163.1999969482422,163.1999969482422,162.5,162.89999389648438,1005076
2025-08-13 17:30:00,162.8000030517578,163.3000030517578,162.6999969482422,163.1999969482422,0
2025-08-14 09:30:00,161.8000030517578,162.60000610351562,161.39999389648438,162.3000030517578,0
2025-08-14 10:30:00,161.60000610351562,163.0,161.5,161.8000030517578,1710601
2025-08-14 11:30:00,161.3000030517578,161.6999969482422,161.10000610351562,161.6999969482422,696947
2025-08-14 12:30:00,161.1999969482422,161.60000610351562,161.1999969482422,161.1999969482422,546229
2025-08-14 13:30:00,161.3000030517578,161.5,161.10000610351562,161.3000030517578,592556
2025-08-14 14:30:00,161.39999389648438,161.89999389648438,161.0,161.1999969482422,1275704
2025-08-14 15:30:00,160.3000030517578,161.5,160.10000610351562,161.5,2053910
2025-08-14 16:30:00,159.89999389648438,160.39999389648438,159.1999969482422,160.39999389648438,2086638
2025-08-14 17:30:00,160.0,160.3000030517578,159.8000030517578,160.0,1069526
2025-08-15 09:30:00,162.3000030517578,162.39999389648438,160.1999969482422,160.1999969482422,2279146
2025-08-15 10:30:00,162.39999389648438,163.1999969482422,161.6999969482422,162.3000030517578,3309805
2025-08-15 11:30:00,162.39999389648438,163.0,162.0,162.39999389648438,1271713
2025-08-15 12:30:00,163.10000610351562,163.1999969482422,162.3000030517578,162.39999389648438,1030842
2025-08-15 13:30:00,163.3000030517578,163.5,162.6999969482422,163.10000610351562,1435317
2025-08-15 14:30:00,163.0,163.5,162.89999389648438,163.1999969482422,929542
2025-08-15 15:30:00,163.10000610351562,163.60000610351562,162.6999969482422,163.0,1104174
2025-08-15 16:30:00,162.39999389648438,163.10000610351562,162.39999389648438,163.0,866146
2025-08-15 17:30:00,162.6999969482422,163.0,162.39999389648438,162.39999389648438,888167
2025-08-18 09:30:00,163.0,163.6999969482422,162.3000030517578,163.0,1930965
2025-08-18 10:30:00,162.6999969482422,163.10000610351562,162.60000610351562,163.0,936277
2025-08-18 11:30:00,161.60000610351562,162.89999389648438,161.5,162.6999969482422,1214522
2025-08-18 12:30:00,161.5,161.8000030517578,161.3000030517578,161.6999969482422,819274
2025-08-18 13:30:00,160.89999389648438,161.60000610351562,160.60000610351562,161.60000610351562,880800
2025-08-18 14:30:00,160.89999389648438,161.10000610351562,160.6999969482422,160.89999389648438,715589
2025-08-18 15:30:00,160.89999389648438,161.10000610351562,160.5,161.0,940698
2025-08-18 16:30:00,161.3000030517578,161.60000610351562,160.5,160.89999389648438,1326097
2025-08-18 17:30:00,161.0,161.39999389648438,160.8000030517578,161.3000030517578,815536
2025-08-19 09:30:00,160.60000610351562,161.8000030517578,160.60000610351562,161.1999969482422,0
2025-08-19 10:30:00,160.1999969482422,160.89999389648438,160.0,160.6999969482422,1790096
2025-08-19 11:30:00,160.3000030517578,160.8000030517578,160.0,160.3000030517578,1230957
2025-08-19 12:30:00,160.60000610351562,160.8000030517578,160.0,160.1999969482422,1448450
2025-08-19 13:30:00,161.3000030517578,161.39999389648438,160.39999389648438,160.6999969482422,1788003
2025-08-19 14:30:00,160.39999389648438,161.39999389648438,160.3000030517578,161.1999969482422,1741438
2025-08-19 15:30:00,160.1999969482422,160.5,160.0,160.3000030517578,874062
2025-08-19 16:30:00,159.60000610351562,160.6999969482422,159.39999389648438,160.1999969482422,2098026
2025-08-19 17:30:00,160.10000610351562,160.10000610351562,159.5,159.5,1533446
2025-08-20 09:30:00,160.39999389648438,160.6999969482422,159.89999389648438,160.3000030517578,1189119
2025-08-20 10:30:00,161.6999969482422,162.39999389648438,160.1999969482422,160.39999389648438,3759936
2025-08-20 11:30:00,162.8000030517578,162.89999389648438,161.60000610351562,161.6999969482422,2113398
2025-08-20 12:30:00,162.3000030517578,163.3000030517578,162.0,162.6999969482422,2497246
2025-08-20 13:30:00,162.0,162.39999389648438,161.8000030517578,162.3000030517578,1295771
2025-08-20 14:30:00,162.10000610351562,162.1999969482422,161.8000030517578,162.0,1312143
2025-08-20 15:30:00,163.8000030517578,164.3000030517578,162.10000610351562,162.10000610351562,4872299
2025-08-20 16:30:00,163.89999389648438,164.3000030517578,163.6999969482422,163.89999389648438,1517212
2025-08-20 17:30:00,164.60000610351562,164.8000030517578,163.8000030517578,163.89999389648438,1962503
2025-08-21 09:30:00,164.8000030517578,165.5,164.5,164.89999389648438,0
2025-08-21 10:30:00,167.1999969482422,167.3000030517578,164.5,164.89999389648438,4703460
2025-08-21 11:30:00,167.10000610351562,167.5,166.6999969482422,167.1999969482422,2108742
2025-08-21 12:30:00,167.60000610351562,168.39999389648438,167.0,167.10000610351562,3629896
2025-08-21 13:30:00,168.1999969482422,168.39999389648438,167.39999389648438,167.60000610351562,2194921
2025-08-21 14:30:00,168.10000610351562,168.6999969482422,167.89999389648438,168.1999969482422,2058851
2025-08-21 15:30:00,168.0,168.39999389648438,167.5,168.10000610351562,1599631
2025-08-21 16:30:00,168.1999969482422,168.6999969482422,167.8000030517578,168.10000610351562,2006039
2025-08-21 17:30:00,168.39999389648438,168.5,167.8000030517578,168.1999969482422,1256476
2025-08-22 09:30:00,168.1999969482422,169.5,168.10000610351562,169.39999389648438,0
2025-08-22 10:30:00,169.5,171.1999969482422,167.89999389648438,168.1999969482422,8646799
2025-08-22 11:30:00,170.10000610351562,171.3000030517578,169.3000030517578,169.5,3394067
2025-08-22 12:30:00,169.8000030517578,170.1999969482422,169.39999389648438,170.0,1384796
2025-08-22 13:30:00,169.60000610351562,170.3000030517578,169.39999389648438,169.6999969482422,1175357
2025-08-22 14:30:00,169.0,170.10000610351562,168.8000030517578,169.60000610351562,1687237
2025-08-22 15:30:00,170.39999389648438,170.8000030517578,168.60000610351562,169.10000610351562,2273142
2025-08-22 16:30:00,171.60000610351562,172.10000610351562,169.89999389648438,170.39999389648438,4136630
2025-08-22 17:30:00,172.3000030517578,173.0,171.60000610351562,171.60000610351562,2714966
2025-08-25 09:30:00,173.0,174.89999389648438,172.8000030517578,174.6999969482422,0
2025-08-25 10:30:00,173.3000030517578,174.39999389648438,172.8000030517578,173.0,2751624
2025-08-25 11:30:00,173.5,174.0,173.1999969482422,173.3000030517578,1908886
2025-08-25 12:30:00,173.3000030517578,173.5,172.8000030517578,173.5,1809592
2025-08-25 13:30:00,173.6999969482422,174.1999969482422,172.89999389648438,173.1999969482422,2441665
2025-08-25 14:30:00,173.6999969482422,174.10000610351562,173.5,173.6999969482422,1505345
2025-08-25 15:30:00,173.39999389648438,173.8000030517578,172.89999389648438,173.8000030517578,1226852
2025-08-25 16:30:00,173.0,173.39999389648438,172.8000030517578,173.39999389648438,1256253
2025-08-25 17:30:00,173.0,173.3000030517578,172.89999389648438,173.0,1042258
2025-08-26 09:30:00,172.6999969482422,173.39999389648438,171.5,172.1999969482422,0
2025-08-26 10:30:00,172.0,174.1999969482422,171.8000030517578,172.6999969482422,3149932
2025-08-26 11:30:00,172.10000610351562,172.1999969482422,171.39999389648438,172.10000610351562,1442606
2025-08-26 12:30:00,171.89999389648438,172.39999389648438,171.6999969482422,172.10000610351562,704509
2025-08-26 13:30:00,172.0,172.3000030517578,171.8000030517578,171.8000030517578,794031
2025-08-26 14:30:00,172.60000610351562,172.60000610351562,171.60000610351562,172.10000610351562,1249382
2025-08-26 15:30:00,172.1999969482422,172.6999969482422,171.89999389648438,172.60000610351562,1250284
2025-08-26 16:30:00,172.8000030517578,173.5,172.10000610351562,172.1999969482422,2189814
2025-08-26 17:30:00,172.5,173.10000610351562,172.0,172.8000030517578,1125385
2025-08-27 09:30:00,171.6999969482422,173.39999389648438,171.6999969482422,172.60000610351562,0
2025-08-27 10:30:00,171.10000610351562,172.5,170.89999389648438,171.6999969482422,2954121
2025-08-27 11:30:00,171.0,171.6999969482422,170.6999969482422,171.0,1334337
2025-08-27 12:30:00,171.39999389648438,172.10000610351562,170.8000030517578,171.0,1281797
2025-08-27 13:30:00,171.3000030517578,171.8000030517578,171.0,171.39999389648438,783601
2025-08-27 14:30:00,171.60000610351562,171.89999389648438,171.0,171.39999389648438,1043696
2025-08-27 15:30:00,171.60000610351562,172.10000610351562,171.10000610351562,171.5,1808037
2025-08-27 16:30:00,171.8000030517578,172.10000610351562,171.5,171.60000610351562,1826950
2025-08-27 17:30:00,171.1999969482422,171.8000030517578,170.89999389648438,171.8000030517578,2394209
2025-08-28 09:30:00,172.89999389648438,173.10000610351562,171.10000610351562,171.10000610351562,2718678
2025-08-28 10:30:00,173.10000610351562,173.5,172.5,172.89999389648438,2240988
2025-08-28 11:30:00,172.10000610351562,173.10000610351562,171.6999969482422,173.0,2018458
2025-08-28 12:30:00,172.1999969482422,172.60000610351562,171.89999389648438,172.10000610351562,856819
2025-08-28 13:30:00,172.10000610351562,172.3000030517578,171.8000030517578,172.3000030517578,568248
2025-08-28 14:30:00,171.5,172.1999969482422,171.0,172.1999969482422,1546054
2025-08-28 15:30:00,172.0,172.10000610351562,171.3000030517578,171.5,525294
2025-08-28 16:30:00,171.39999389648438,172.0,171.3000030517578,172.0,1227693
2025-08-28 17:30:00,171.10000610351562,171.6999969482422,171.0,171.39999389648438,1262965
2025-08-29 09:30:00,170.60000610351562,171.8000030517578,170.10000610351562,171.10000610351562,0
2025-08-29 10:30:00,171.10000610351562,171.5,169.89999389648438,170.60000610351562,1949699
2025-08-29 11:30:00,170.89999389648438,171.1999969482422,170.1999969482422,171.1999969482422,668038
2025-08-29 12:30:00,170.89999389648438,171.6999969482422,170.60000610351562,170.89999389648438,1150332
2025-08-29 13:30:00,173.1999969482422,174.3000030517578,170.5,170.89999389648438,4004239
2025-08-29 14:30:00,172.60000610351562,174.0,171.6999969482422,173.3000030517578,2626273
2025-08-29 15:30:00,173.10000610351562,173.8000030517578,172.3000030517578,172.5,2397432
2025-08-29 16:30:00,171.6999969482422,173.3000030517578,171.60000610351562,173.3000030517578,2758468
2025-08-29 17:30:00,171.60000610351562,172.5,171.3000030517578,171.60000610351562,5401875
2025-09-01 09:30:00,172.8000030517578,174.5,172.0,172.1999969482422,0
2025-09-01 10:30:00,171.3000030517578,173.1999969482422,170.8000030517578,172.6999969482422,3451904
2025-09-01 11:30:00,170.6999969482422,171.5,170.5,171.3000030517578,1996979
2025-09-01 12:30:00,171.3000030517578,171.8000030517578,170.1999969482422,170.60000610351562,2019871
2025-09-01 13:30:00,172.39999389648438,173.0,170.6999969482422,171.3000030517578,1884290
2025-09-01 14:30:00,172.60000610351562,172.8000030517578,172.0,172.3000030517578,1738535
2025-09-01 15:30:00,173.0,173.5,172.5,172.60000610351562,2200707
2025-09-01 16:30:00,172.89999389648438,173.39999389648438,172.39999389648438,173.0,1221516
2025-09-01 17:30:00,173.1999969482422,173.1999969482422,172.39999389648438,172.89999389648438,1066243
2025-09-02 09:30:00,175.0,175.5,173.6999969482422,174.0,0
2025-09-02 10:30:00,173.8000030517578,175.1999969482422,173.60000610351562,175.0,3102589
2025-09-02 11:30:00,174.3000030517578,174.6999969482422,173.3000030517578,173.8000030517578,2546402
2025-09-02 12:30:00,174.6999969482422,174.89999389648438,174.1999969482422,174.39999389648438,1285217
2025-09-02 13:30:00,174.8000030517578,175.0,173.6999969482422,174.6999969482422,1687941
2025-09-02 14:30:00,175.60000610351562,175.89999389648438,174.60000610351562,174.89999389648438,2661929
2025-09-02 15:30:00,169.3000030517578,175.8000030517578,165.60000610351562,175.60000610351562,13436276
2025-09-02 16:30:00,169.1999969482422,171.1999969482422,168.89999389648438,169.3000030517578,6488295
2025-09-02 17:30:00,169.89999389648438,170.60000610351562,169.0,169.10000610351562,2217789
2025-09-03 09:30:00,171.0,172.0,168.60000610351562,170.10000610351562,0
2025-09-03 10:30:00,170.3000030517578,171.39999389648438,168.89999389648438,171.0,3256369
2025-09-03 11:30:00,170.8000030517578,172.10000610351562,170.10000610351562,170.3000030517578,2916386
2025-09-03 12:30:00,170.0,171.1999969482422,169.60000610351562,170.8000030517578,2434523
2025-09-03 13:30:00,168.60000610351562,170.3000030517578,168.39999389648438,170.10000610351562,2000105
2025-09-03 14:30:00,169.89999389648438,170.39999389648438,168.1999969482422,168.60000610351562,1535484
2025-09-03 15:30:00,171.1999969482422,171.5,169.6999969482422,169.89999389648438,1931337
2025-09-03 16:30:00,170.1999969482422,171.5,169.6999969482422,171.1999969482422,2294001
2025-09-03 17:30:00,170.5,170.6999969482422,169.8000030517578,170.10000610351562,1477249
2025-09-04 09:30:00,171.3000030517578,172.3000030517578,170.1999969482422,170.89999389648438,0
2025-09-04 10:30:00,171.10000610351562,171.8000030517578,170.3000030517578,171.3000030517578,2178184
2025-09-04 11:30:00,170.89999389648438,171.3000030517578,170.5,171.10000610351562,1905820
2025-09-04 12:30:00,169.5,171.0,168.6999969482422,170.89999389648438,2678465
2025-09-04 13:30:00,168.8000030517578,169.6999969482422,168.5,169.5,1886047
2025-09-04 14:30:00,169.0,169.3000030517578,167.89999389648438,168.8000030517578,2578564
2025-09-04 15:30:00,169.1999969482422,170.3000030517578,168.60000610351562,168.89999389648438,2710536
2025-09-04 16:30:00,169.5,169.60000610351562,168.39999389648438,169.3000030517578,1450148
2025-09-04 17:30:00,168.89999389648438,169.89999389648438,168.8000030517578,169.5,1310685
2025-09-05 09:30:00,168.89999389648438,170.3000030517578,168.39999389648438,169.60000610351562,1429289
2025-09-05 10:30:00,167.89999389648438,169.10000610351562,167.6999969482422,168.89999389648438,1550735
2025-09-05 11:30:00,168.60000610351562,168.6999969482422,167.5,167.8000030517578,1336478
2025-09-05 12:30:00,168.39999389648438,168.6999969482422,167.8000030517578,168.60000610351562,680555
2025-09-05 13:30:00,168.10000610351562,168.60000610351562,167.6999969482422,168.39999389648438,851842
2025-09-05 14:30:00,168.1999969482422,168.5,167.8000030517578,168.10000610351562,810213
2025-09-05 15:30:00,169.10000610351562,169.6999969482422,167.8000030517578,168.1999969482422,1558779
2025-09-05 16:30:00,168.1999969482422,171.3000030517578,167.8000030517578,169.10000610351562,4913388
2025-09-05 17:30:00,167.5,168.39999389648438,166.5,168.1999969482422,1502333
2025-09-08 09:30:00,166.5,167.0,164.3000030517578,165.8000030517578,0
2025-09-08 10:30:00,165.1999969482422,166.8000030517578,164.39999389648438,166.5,1963740
2025-09-08 11:30:00,163.89999389648438,165.60000610351562,163.8000030517578,165.1999969482422,1174133
2025-09-08 12:30:00,164.3000030517578,164.8000030517578,163.8000030517578,163.89999389648438,892689
2025-09-08 13:30:00,163.60000610351562,164.60000610351562,163.3000030517578,164.3000030517578,1051533
2025-09-08 14:30:00,164.6999969482422,165.60000610351562,163.3000030517578,163.6999969482422,2556665
2025-09-08 15:30:00,163.89999389648438,165.0,163.89999389648438,164.8000030517578,861451
2025-09-08 16:30:00,166.39999389648438,166.89999389648438,163.8000030517578,164.0,2674884
2025-09-08 17:30:00,165.6999969482422,167.0,165.6999969482422,166.39999389648438,1194937
2025-09-09 09:30:00,166.5,167.6999969482422,166.0,166.0,0
2025-09-09 10:30:00,167.89999389648438,168.3000030517578,166.39999389648438,166.60000610351562,2250257
2025-09-09 11:30:00,167.8000030517578,168.5,167.39999389648438,167.89999389648438,1543326
2025-09-09 12:30:00,169.6999969482422,170.10000610351562,167.5,167.8000030517578,2542669
2025-09-09 13:30:00,170.5,170.6999969482422,169.5,169.6999969482422,3772020
2025-09-09 14:30:00,170.8000030517578,171.5,170.39999389648438,170.60000610351562,2354640
2025-09-09 15:30:00,170.0,170.89999389648438,168.89999389648438,170.89999389648438,2471124
2025-09-09 16:30:00,169.6999969482422,170.39999389648438,168.60000610351562,170.0,2397081
2025-09-09 17:30:00,167.5,170.10000610351562,167.3000030517578,169.60000610351562,4230133
2025-09-10 09:30:00,168.10000610351562,169.3000030517578,166.5,169.1999969482422,2722882
2025-09-10 10:30:00,167.0,168.39999389648438,166.6999969482422,168.10000610351562,1235963
2025-09-10 11:30:00,167.5,167.5,166.6999969482422,167.10000610351562,899117
2025-09-10 12:30:00,167.0,167.5,166.6999969482422,167.5,899961
2025-09-10 13:30:00,167.10000610351562,167.5,166.6999969482422,167.0,1008960
2025-09-10 14:30:00,167.10000610351562,167.5,166.60000610351562,167.0,899845
2025-09-10 15:30:00,168.39999389648438,168.39999389648438,166.0,167.1999969482422,3335836
2025-09-10 16:30:00,169.39999389648438,169.8000030517578,168.10000610351562,168.39999389648438,4434796
2025-09-10 17:30:00,170.5,170.60000610351562,169.0,169.5,1387510
2025-09-11 09:30:00,173.6999969482422,173.8000030517578,169.8000030517578,170.5,0
2025-09-11 10:30:00,175.89999389648438,176.60000610351562,173.60000610351562,173.8000030517578,5439844
2025-09-11 11:30:00,176.8000030517578,177.3000030517578,175.89999389648438,175.89999389648438,2916289
2025-09-11 12:30:00,178.0,179.0,176.1999969482422,176.8000030517578,5130149
2025-09-11 13:30:00,177.0,178.5,176.89999389648438,178.10000610351562,4166395
2025-09-11 14:30:00,176.39999389648438,177.1999969482422,175.6999969482422,176.89999389648438,3483883
2025-09-11 15:30:00,177.1999969482422,177.8000030517578,175.6999969482422,176.3000030517578,3458748
2025-09-11 16:30:00,175.5,177.8000030517578,175.1999969482422,177.3000030517578,4765558
2025-09-11 17:30:00,174.8000030517578,175.6999969482422,173.8000030517578,175.60000610351562,3088591
2025-09-12 09:30:00,173.8000030517578,175.3000030517578,173.0,174.60000610351562,0
2025-09-12 10:30:00,173.10000610351562,174.60000610351562,172.6999969482422,173.8000030517578,1891832
2025-09-12 11:30:00,173.39999389648438,173.6999969482422,172.0,173.10000610351562,1753346
2025-09-12 12:30:00,174.8000030517578,174.89999389648438,173.3000030517578,173.3000030517578,1825339
2025-09-12 13:30:00,174.3000030517578,176.10000610351562,174.0,174.8000030517578,1518708
2025-09-12 14:30:00,173.60000610351562,175.5,173.10000610351562,174.39999389648438,2654757
2025-09-12 15:30:00,172.8000030517578,174.39999389648438,172.10000610351562,173.60000610351562,3190173
2025-09-12 16:30:00,173.5,174.5,172.6999969482422,172.8000030517578,3695765
2025-09-12 17:30:00,173.0,174.3000030517578,172.6999969482422,173.5,2515925
2025-09-15 09:30:00,174.39999389648438,175.39999389648438,172.5,173.39999389648438,0
2025-09-15 10:30:00,180.5,180.5,171.5,174.5,8515845
2025-09-15 11:30:00,179.39999389648438,181.0,178.89999389648438,180.3000030517578,4770268
2025-09-15 12:30:00,179.39999389648438,179.60000610351562,178.60000610351562,179.3000030517578,1637615
2025-09-15 13:30:00,179.3000030517578,179.8000030517578,178.5,179.39999389648438,1860149
2025-09-15 14:30:00,180.0,180.60000610351562,179.10000610351562,179.3000030517578,3127781
2025-09-15 15:30:00,181.1999969482422,181.5,179.8000030517578,180.0,4291437
2025-09-15 16:30:00,183.1999969482422,183.3000030517578,181.10000610351562,181.3000030517578,3606018
2025-09-15 17:30:00,183.89999389648438,184.10000610351562,183.0,183.10000610351562,2829441
2025-09-16 09:30:00,184.0,184.6999969482422,183.1999969482422,184.39999389648438,0
2025-09-16 10:30:00,184.10000610351562,184.5,183.6999969482422,184.0,496481
2025-09-16 12:30:00,183.5,183.5,183.1999969482422,183.39999389648438,7139098
2025-09-16 13:30:00,184.10000610351562,184.5,183.3000030517578,183.5,1758079
2025-09-16 14:30:00,186.3000030517578,186.89999389648438,183.5,184.10000610351562,5508252
2025-09-16 15:30:00,186.39999389648438,186.8000030517578,185.6999969482422,186.3000030517578,2556455
2025-09-16 16:30:00,187.6999969482422,187.8000030517578,185.89999389648438,186.39999389648438,2971893
2025-09-16 17:30:00,189.0,189.6999969482422,187.6999969482422,187.6999969482422,2591739
2025-09-17 09:30:00,190.0,190.8000030517578,188.39999389648438,189.0,0
2025-09-17 10:30:00,188.6999969482422,190.39999389648438,188.0,190.10000610351562,2564933
2025-09-17 11:30:00,188.60000610351562,189.39999389648438,188.5,188.8000030517578,945272
2025-09-17 12:30:00,188.3000030517578,188.6999969482422,188.0,188.5,828397
2025-09-17 13:30:00,189.10000610351562,189.10000610351562,187.5,188.39999389648438,1277642
2025-09-17 14:30:00,190.10000610351562,190.3000030517578,188.6999969482422,189.0,1813892
2025-09-17 15:30:00,190.0,190.60000610351562,189.60000610351562,190.10000610351562,1425613
2025-09-17 16:30:00,190.0,190.3000030517578,189.0,189.89999389648438,1521071
2025-09-17 17:30:00,189.60000610351562,190.10000610351562,189.3000030517578,190.10000610351562,953867
2025-09-18 09:30:00,191.10000610351562,191.8000030517578,190.10000610351562,191.0,0
2025-09-18 10:30:00,191.89999389648438,192.39999389648438,190.10000610351562,191.10000610351562,2944934
2025-09-18 11:30:00,192.0,192.1999969482422,191.1999969482422,191.89999389648438,1517913
2025-09-18 12:30:00,194.10000610351562,194.39999389648438,192.0,192.0,2444648
2025-09-18 13:30:00,192.6999969482422,194.1999969482422,192.39999389648438,194.10000610351562,1435479
2025-09-18 14:30:00,193.5,193.8000030517578,192.6999969482422,192.6999969482422,1075640
2025-09-18 15:30:00,193.1999969482422,193.6999969482422,192.8000030517578,193.5,1566737
2025-09-18 16:30:00,191.39999389648438,193.1999969482422,190.6999969482422,193.1999969482422,2733810
2025-09-18 17:30:00,190.5,191.6999969482422,190.39999389648438,191.5,1449032
2025-09-19 09:30:00,192.10000610351562,192.6999969482422,190.60000610351562,191.39999389648438,0
2025-09-19 10:30:00,192.3000030517578,192.60000610351562,191.0,192.10000610351562,1223616
2025-09-19 11:30:00,191.8000030517578,192.89999389648438,191.3000030517578,192.39999389648438,1395960
2025-09-19 12:30:00,191.10000610351562,191.8000030517578,190.3000030517578,191.8000030517578,1450866
2025-09-19 13:30:00,191.8000030517578,193.39999389648438,190.89999389648438,191.0,1643122
2025-09-19 14:30:00,191.89999389648438,192.6999969482422,191.5,191.8000030517578,1645514
2025-09-19 15:30:00,193.10000610351562,194.6999969482422,190.60000610351562,191.89999389648438,5136899
2025-09-19 16:30:00,193.10000610351562,193.5,192.10000610351562,193.0,1704232
2025-09-19 17:30:00,193.8000030517578,194.39999389648438,192.89999389648438,193.10000610351562,1847852
2025-09-22 09:30:00,197.0,200.1999969482422,195.8000030517578,197.5,0
2025-09-22 10:30:00,197.6999969482422,198.8000030517578,196.6999969482422,196.8000030517578,2988560
2025-09-22 11:30:00,197.6999969482422,198.0,197.5,197.6999969482422,960007
2025-09-22 12:30:00,196.60000610351562,197.89999389648438,196.39999389648438,197.6999969482422,1167690
2025-09-22 13:30:00,196.5,196.8000030517578,195.89999389648438,196.60000610351562,1240658
2025-09-22 14:30:00,196.6999969482422,197.0,195.8000030517578,196.39999389648438,1282592
2025-09-22 15:30:00,197.1999969482422,197.3000030517578,196.39999389648438,196.8000030517578,1398824
2025-09-22 16:30:00,196.39999389648438,197.60000610351562,196.3000030517578,197.1999969482422,1281833
2025-09-22 17:30:00,196.6999969482422,197.1999969482422,196.3000030517578,196.39999389648438,1017094
2025-09-23 09:30:00,196.60000610351562,197.1999969482422,194.6999969482422,195.39999389648438,0
2025-09-23 10:30:00,196.89999389648438,197.39999389648438,196.0,196.60000610351562,1968693
2025-09-23 11:30:00,197.0,197.8000030517578,196.6999969482422,196.89999389648438,1069379
2025-09-23 12:30:00,195.89999389648438,197.5,195.8000030517578,196.89999389648438,1653442
2025-09-23 13:30:00,195.8000030517578,197.0,195.3000030517578,195.89999389648438,1864132
2025-09-23 14:30:00,195.0,195.89999389648438,193.3000030517578,195.8000030517578,2538546
2025-09-23 15:30:00,194.1999969482422,195.1999969482422,193.8000030517578,195.0,1512052
2025-09-23 16:30:00,194.8000030517578,195.3000030517578,194.10000610351562,194.3000030517578,1013419
2025-09-23 17:30:00,195.60000610351562,196.1999969482422,194.6999969482422,194.8000030517578,1273044
2025-09-24 09:30:00,195.5,196.5,194.5,195.60000610351562,0
2025-09-24 10:30:00,194.60000610351562,195.89999389648438,192.1999969482422,195.5,5303800
2025-09-24 11:30:00,195.3000030517578,195.89999389648438,194.3000030517578,194.60000610351562,1811692
2025-09-24 12:30:00,196.1999969482422,196.1999969482422,194.6999969482422,195.3000030517578,1410334
2025-09-24 13:30:00,196.1999969482422,198.3000030517578,196.10000610351562,196.3000030517578,2978919
2025-09-24 14:30:00,196.1999969482422,196.8000030517578,195.39999389648438,196.10000610351562,1580044
2025-09-24 15:30:00,196.8000030517578,197.5,196.10000610351562,196.1999969482422,1402255
2025-09-24 16:30:00,197.10000610351562,197.6999969482422,196.6999969482422,196.8000030517578,1260219
2025-09-24 17:30:00,197.10000610351562,197.5,196.6999969482422,197.10000610351562,779775
2025-09-25 09:30:00,200.0,201.6999969482422,198.3000030517578,199.0,0
2025-09-25 10:30:00,199.60000610351562,200.10000610351562,198.8000030517578,200.0,2597057
2025-09-25 11:30:00,198.6999969482422,200.0,198.60000610351562,199.6999969482422,2004930
2025-09-25 12:30:00,198.3000030517578,198.8000030517578,197.3000030517578,198.6999969482422,2235428
2025-09-25 13:30:00,198.1999969482422,198.6999969482422,197.1999969482422,198.3000030517578,1764571
2025-09-25 14:30:00,198.1999969482422,198.8000030517578,197.60000610351562,198.10000610351562,2045038
2025-09-25 15:30:00,200.0,200.1999969482422,198.10000610351562,198.3000030517578,2151020
2025-09-25 16:30:00,199.6999969482422,200.5,198.8000030517578,199.89999389648438,2896063
2025-09-25 17:30:00,200.10000610351562,200.60000610351562,199.5,199.8000030517578,1468199
2025-09-26 09:30:00,196.1999969482422,200.0,195.39999389648438,199.89999389648438,0
2025-09-26 10:30:00,196.39999389648438,197.39999389648438,196.10000610351562,196.1999969482422,2878597
2025-09-26 11:30:00,195.1999969482422,196.60000610351562,194.1999969482422,196.39999389648438,3771486
2025-09-26 12:30:00,194.60000610351562,195.3000030517578,193.10000610351562,195.1999969482422,1963417
2025-09-26 13:30:00,193.89999389648438,195.39999389648438,193.6999969482422,194.60000610351562,1717237
2025-09-26 14:30:00,195.3000030517578,196.0,193.60000610351562,193.89999389648438,2026950
2025-09-26 15:30:00,193.5,195.60000610351562,193.39999389648438,195.39999389648438,1838872
2025-09-26 16:30:00,192.89999389648438,193.8000030517578,191.6999969482422,193.39999389648438,2640290
2025-09-26 17:30:00,194.10000610351562,194.10000610351562,191.39999389648438,192.8000030517578,1816593
2025-09-29 09:30:00,192.8000030517578,193.0,190.8000030517578,192.8000030517578,0
2025-09-29 10:30:00,191.3000030517578,193.0,190.60000610351562,192.89999389648438,2329682
2025-09-29 11:30:00,191.39999389648438,192.1999969482422,190.5,191.3000030517578,1170288
2025-09-29 12:30:00,194.0,194.3000030517578,191.0,191.39999389648438,1925102
2025-09-29 13:30:00,193.3000030517578,194.10000610351562,193.3000030517578,194.0,1026900
2025-09-29 14:30:00,193.39999389648438,194.60000610351562,193.10000610351562,193.3000030517578,2329676
2025-09-29 15:30:00,194.8000030517578,195.0,193.1999969482422,193.39999389648438,3080564
2025-09-29 16:30:00,195.10000610351562,195.3000030517578,194.39999389648438,194.6999969482422,3210768
2025-09-29 17:30:00,193.39999389648438,195.10000610351562,193.3000030517578,195.10000610351562,2069159
2025-09-30 09:30:00,182.5,187.5,181.3000030517578,187.39999389648438,0
2025-09-30 10:30:00,185.60000610351562,186.1999969482422,181.6999969482422,182.39999389648438,3871775
2025-09-30 11:30:00,183.6999969482422,185.6999969482422,183.39999389648438,185.60000610351562,1910275
2025-09-30 12:30:00,185.10000610351562,185.5,183.10000610351562,183.6999969482422,1489785
2025-09-30 13:30:00,184.5,185.1999969482422,184.1999969482422,185.0,1049670
2025-09-30 14:30:00,184.1999969482422,186.60000610351562,184.10000610351562,184.5,2279982
2025-09-30 15:30:00,184.60000610351562,185.5,183.0,184.1999969482422,2017111
2025-09-30 16:30:00,184.6999969482422,185.8000030517578,183.8000030517578,184.60000610351562,1787293
2025-09-30 17:30:00,185.89999389648438,185.89999389648438,184.3000030517578,184.8000030517578,1365672
2025-10-01 09:30:00,182.1999969482422,186.1999969482422,182.0,186.1999969482422,0
2025-10-01 10:30:00,185.5,185.6999969482422,181.6999969482422,182.1999969482422,4019409
2025-10-01 11:30:00,185.5,185.8000030517578,184.1999969482422,185.5,2198610
2025-10-01 12:30:00,186.0,186.1999969482422,185.5,185.5,1449550
2025-10-01 13:30:00,189.60000610351562,190.5,185.89999389648438,186.0,4485096
2025-10-01 14:30:00,193.0,193.1999969482422,189.5,189.60000610351562,3110890
2025-10-01 15:30:00,192.10000610351562,194.3000030517578,191.6999969482422,193.0,3862150
2025-10-01 16:30:00,191.1999969482422,192.39999389648438,191.0,192.10000610351562,1494361
2025-10-01 17:30:00,191.60000610351562,192.1999969482422,191.0,191.3000030517578,1043938
2025-10-02 09:30:00,192.3000030517578,192.5,190.0,191.5,0
2025-10-02 10:30:00,191.3000030517578,194.39999389648438,191.1999969482422,192.39999389648438,3421107
2025-10-02 11:30:00,191.5,192.1999969482422,191.0,191.3000030517578,1380017
2025-10-02 12:30:00,191.3000030517578,191.89999389648438,191.0,191.5,884325
2025-10-02 13:30:00,192.39999389648438,192.5,190.89999389648438,191.1999969482422,1192648
2025-10-02 14:30:00,191.10000610351562,192.39999389648438,190.8000030517578,192.3000030517578,1274538
2025-10-02 15:30:00,191.89999389648438,192.3000030517578,190.89999389648438,191.10000610351562,967612
2025-10-02 16:30:00,191.10000610351562,192.0,190.60000610351562,191.89999389648438,1207153
2025-10-02 17:30:00,191.10000610351562,191.39999389648438,191.0,191.10000610351562,798386
2025-10-03 09:30:00,189.5,192.6999969482422,188.39999389648438,192.1999969482422,0
2025-10-03 10:30:00,188.89999389648438,190.6999969482422,188.10000610351562,189.5,1982500
2025-10-03 11:30:00,188.60000610351562,189.0,187.8000030517578,188.8000030517578,1316473
2025-10-03 12:30:00,187.60000610351562,188.60000610351562,187.10000610351562,188.60000610351562,666004
2025-10-03 13:30:00,186.6999969482422,188.10000610351562,186.0,187.60000610351562,1568127
2025-10-03 14:30:00,185.1999969482422,186.8000030517578,185.0,186.8000030517578,1604007
2025-10-03 15:30:00,185.1999969482422,185.89999389648438,184.5,185.10000610351562,1439662
2025-10-03 16:30:00,185.39999389648438,185.89999389648438,184.1999969482422,185.1999969482422,1887128
2025-10-03 17:30:00,185.10000610351562,185.6999969482422,184.60000610351562,185.39999389648438,1112143
2025-10-06 09:30:00,183.60000610351562,185.3000030517578,182.0,185.1999969482422,0
2025-10-06 10:30:00,184.1999969482422,185.10000610351562,183.5,183.60000610351562,2208382
2025-10-06 11:30:00,182.89999389648438,184.1999969482422,182.60000610351562,184.10000610351562,1617384
2025-10-06 12:30:00,182.8000030517578,183.3000030517578,182.3000030517578,182.8000030517578,862788
2025-10-06 13:30:00,182.5,182.8000030517578,181.8000030517578,182.6999969482422,872860
2025-10-06 14:30:00,181.89999389648438,182.5,181.0,182.39999389648438,1429200
2025-10-06 15:30:00,181.60000610351562,182.1999969482422,181.10000610351562,181.89999389648438,857620
2025-10-06 16:30:00,182.10000610351562,182.1999969482422,180.6999969482422,181.60000610351562,2406765
2025-10-06 17:30:00,181.8000030517578,182.10000610351562,181.3000030517578,182.10000610351562,936740
2025-10-07 09:30:00,180.0,182.1999969482422,179.6999969482422,181.39999389648438,0
2025-10-07 10:30:00,180.5,181.10000610351562,179.39999389648438,180.0,1729156
2025-10-07 11:30:00,179.60000610351562,180.5,179.1999969482422,180.5,1750876
2025-10-07 12:30:00,180.39999389648438,181.5,179.60000610351562,179.60000610351562,2286563
2025-10-07 13:30:00,180.60000610351562,180.60000610351562,179.39999389648438,180.39999389648438,1639802
2025-10-07 14:30:00,180.89999389648438,181.8000030517578,180.39999389648438,180.60000610351562,1536275
2025-10-07 15:30:00,180.10000610351562,180.89999389648438,179.89999389648438,180.89999389648438,1597229
2025-10-07 16:30:00,180.10000610351562,180.5,179.5,180.0,1294978
2025-10-07 17:30:00,180.3000030517578,181.1999969482422,179.8000030517578,180.0,1495446
2025-10-08 09:30:00,181.1999969482422,181.3000030517578,177.89999389648438,180.8000030517578,0
2025-10-08 10:30:00,180.60000610351562,181.8000030517578,180.1999969482422,181.3000030517578,2100630
2025-10-08 11:30:00,179.6999969482422,180.8000030517578,179.39999389648438,180.60000610351562,968242
2025-10-08 12:30:00,179.39999389648438,179.89999389648438,178.60000610351562,179.6999969482422,926089
2025-10-08 13:30:00,180.89999389648438,181.10000610351562,179.0,179.3000030517578,1439969
2025-10-08 14:30:00,179.3000030517578,182.1999969482422,179.1999969482422,180.89999389648438,2303360
2025-10-08 15:30:00,181.3000030517578,181.39999389648438,179.10000610351562,179.3000030517578,1569550
2025-10-08 16:30:00,180.3000030517578,181.39999389648438,180.10000610351562,181.3000030517578,1507605
2025-10-08 17:30:00,180.60000610351562,180.89999389648438,179.8000030517578,180.39999389648438,787593
2025-10-09 09:30:00,182.3000030517578,182.89999389648438,181.1999969482422,181.8000030517578,0
2025-10-09 10:30:00,181.8000030517578,182.39999389648438,180.89999389648438,182.3000030517578,1388278
2025-10-09 11:30:00,181.10000610351562,181.8000030517578,181.0,181.8000030517578,600006
2025-10-09 12:30:00,181.1999969482422,181.8000030517578,180.8000030517578,181.10000610351562,600799
2025-10-09 13:30:00,181.3000030517578,181.60000610351562,180.5,181.10000610351562,835599
2025-10-09 14:30:00,181.8000030517578,182.39999389648438,181.3000030517578,181.39999389648438,1445580
2025-10-09 15:30:00,182.89999389648438,184.10000610351562,181.60000610351562,181.8000030517578,2790276
2025-10-09 16:30:00,182.1999969482422,183.1999969482422,182.10000610351562,182.8000030517578,1690142
2025-10-09 17:30:00,182.6999969482422,183.0,180.89999389648438,182.1999969482422,1974354
2025-10-10 09:30:00,182.5,183.10000610351562,181.5,183.10000610351562,0
2025-10-10 10:30:00,181.39999389648438,183.5,181.3000030517578,182.5,2338087
2025-10-10 11:30:00,180.0,181.60000610351562,180.0,181.39999389648438,1528288
2025-10-10 12:30:00,180.10000610351562,180.39999389648438,179.3000030517578,180.10000610351562,1032004
2025-10-10 13:30:00,179.60000610351562,180.1999969482422,179.39999389648438,180.10000610351562,694962
2025-10-10 14:30:00,179.1999969482422,179.6999969482422,179.10000610351562,179.60000610351562,945106
2025-10-10 15:30:00,179.0,179.1999969482422,177.8000030517578,179.1999969482422,1963954
2025-10-10 16:30:00,181.0,181.10000610351562,178.39999389648438,179.0,2680705
2025-10-10 17:30:00,180.89999389648438,182.1999969482422,180.5,181.0,2685332
2025-10-13 09:30:00,177.5,178.5,176.0,178.5,0
2025-10-13 10:30:00,176.8000030517578,178.0,176.1999969482422,177.39999389648438,1659953
2025-10-13 11:30:00,177.1999969482422,178.5,176.6999969482422,176.8000030517578,1882229
2025-10-13 12:30:00,176.6999969482422,177.1999969482422,176.39999389648438,177.10000610351562,799928
2025-10-13 13:30:00,175.8000030517578,176.8000030517578,175.60000610351562,176.60000610351562,1169591
2025-10-13 14:30:00,175.0,176.1999969482422,174.8000030517578,175.89999389648438,1605582
2025-10-13 15:30:00,173.3000030517578,175.0,173.0,174.89999389648438,1901903
2025-10-13 16:30:00,172.89999389648438,173.89999389648438,172.60000610351562,173.3000030517578,2615235
2025-10-13 17:30:00,172.1999969482422,173.3000030517578,171.8000030517578,172.89999389648438,2179375
2025-10-14 09:30:00,174.1999969482422,174.60000610351562,172.1999969482422,172.5,0
2025-10-14 10:30:00,173.1999969482422,174.8000030517578,172.60000610351562,174.10000610351562,2722225
2025-10-14 11:30:00,173.1999969482422,173.3000030517578,172.39999389648438,173.1999969482422,986738
2025-10-14 12:30:00,174.1999969482422,174.5,173.10000610351562,173.1999969482422,1144004
2025-10-14 13:30:00,174.8000030517578,175.1999969482422,174.0,174.1999969482422,1823386
2025-10-14 14:30:00,176.10000610351562,176.39999389648438,174.6999969482422,174.6999969482422,1781331
2025-10-14 15:30:00,174.5,176.60000610351562,173.89999389648438,176.0,2353911
2025-10-14 16:30:00,174.10000610351562,174.89999389648438,173.6999969482422,174.60000610351562,1196054
2025-10-14 17:30:00,174.5,175.0,173.39999389648438,174.0,1369320
2025-10-15 09:30:00,175.0,176.3000030517578,173.6999969482422,174.0,0
2025-10-15 10:30:00,174.8000030517578,175.39999389648438,173.8000030517578,175.0,1356539
2025-10-15 11:30:00,175.39999389648438,175.6999969482422,174.6999969482422,174.8000030517578,791768
2025-10-15 12:30:00,174.0,175.5,173.39999389648438,175.39999389648438,900094
2025-10-15 13:30:00,175.89999389648438,176.39999389648438,173.89999389648438,174.0,2086403
2025-10-15 14:30:00,177.3000030517578,178.6999969482422,175.6999969482422,175.8000030517578,3253559
2025-10-15 15:30:00,178.89999389648438,179.5,177.0,177.3000030517578,2659219
2025-10-15 16:30:00,178.60000610351562,179.0,177.60000610351562,178.89999389648438,1321944
2025-10-15 17:30:00,178.60000610351562,179.0,177.8000030517578,178.6999969482422,1751642
2025-10-16 09:30:00,179.1999969482422,180.1999969482422,177.39999389648438,178.10000610351562,0
2025-10-16 10:30:00,179.1999969482422,179.60000610351562,177.6999969482422,179.1999969482422,1749630
2025-10-16 11:30:00,178.6999969482422,180.10000610351562,178.39999389648438,179.1999969482422,1332307
2025-10-16 12:30:00,177.39999389648438,178.8000030517578,176.89999389648438,178.8000030517578,1429111
2025-10-16 13:30:00,177.3000030517578,177.60000610351562,176.60000610351562,177.39999389648438,890844
2025-10-16 14:30:00,176.89999389648438,177.5,175.8000030517578,177.39999389648438,1433290
2025-10-16 15:30:00,175.89999389648438,176.89999389648438,175.8000030517578,176.89999389648438,996384
2025-10-16 16:30:00,175.6999969482422,176.1999969482422,175.3000030517578,175.89999389648438,953332
2025-10-16 17:30:00,175.89999389648438,176.39999389648438,175.5,175.8000030517578,753521
2025-10-17 09:30:00,174.10000610351562,176.8000030517578,173.60000610351562,175.39999389648438,0
2025-10-17 10:30:00,172.8000030517578,174.6999969482422,171.60000610351562,174.10000610351562,2884784
2025-10-17 11:30:00,171.10000610351562,172.89999389648438,170.89999389648438,172.8000030517578,1669202
2025-10-17 12:30:00,171.6999969482422,172.0,170.8000030517578,171.1999969482422,747087
2025-10-17 13:30:00,172.6999969482422,172.6999969482422,171.5,171.60000610351562,1033050
2025-10-17 14:30:00,173.1999969482422,174.39999389648438,172.5,172.6999969482422,1348079
2025-10-17 15:30:00,173.10000610351562,174.10000610351562,172.39999389648438,173.3000030517578,1209104
2025-10-17 16:30:00,172.89999389648438,174.5,172.6999969482422,173.10000610351562,1629338
2025-10-17 17:30:00,173.1999969482422,173.39999389648438,172.10000610351562,172.89999389648438,962593
2025-10-20 09:30:00,174.3000030517578,176.39999389648438,173.39999389648438,173.39999389648438,0
2025-10-20 10:30:00,173.0,174.39999389648438,171.89999389648438,174.39999389648438,3757538
2025-10-20 11:30:00,174.8000030517578,175.39999389648438,172.89999389648438,173.0,2084334
2025-10-20 12:30:00,175.39999389648438,175.8000030517578,174.39999389648438,174.8000030517578,1416971
2025-10-20 13:30:00,175.3000030517578,175.8000030517578,174.1999969482422,175.39999389648438,911675
2025-10-20 14:30:00,175.3000030517578,176.1999969482422,175.10000610351562,175.39999389648438,1452425
2025-10-20 15:30:00,175.89999389648438,176.6999969482422,174.89999389648438,175.1999969482422,1320982
2025-10-20 16:30:00,177.10000610351562,178.6999969482422,175.89999389648438,176.1999969482422,3972420
2025-10-20 17:30:00,177.1999969482422,177.89999389648438,177.10000610351562,177.1999969482422,832493
2025-10-21 09:30:00,178.3000030517578,178.39999389648438,176.89999389648438,177.5,0
2025-10-21 10:30:00,176.39999389648438,178.3000030517578,176.3000030517578,178.3000030517578,1037031
2025-10-21 11:30:00,176.5,176.6999969482422,176.0,176.3000030517578,822821
2025-10-21 12:30:00,177.3000030517578,177.60000610351562,176.3000030517578,176.60000610351562,706717
2025-10-21 13:30:00,177.1999969482422,177.60000610351562,177.0,177.3000030517578,514227
2025-10-21 14:30:00,178.0,179.0,177.10000610351562,177.10000610351562,1525477
2025-10-21 15:30:00,177.6999969482422,178.3000030517578,177.39999389648438,178.0,1096428
2025-10-21 16:30:00,176.60000610351562,178.1999969482422,175.10000610351562,177.60000610351562,2536065
2025-10-21 17:30:00,175.89999389648438,176.8000030517578,175.6999969482422,176.60000610351562,861475
2025-10-22 09:30:00,179.39999389648438,179.8000030517578,177.3000030517578,177.5,0
2025-10-22 10:30:00,183.10000610351562,183.1999969482422,178.39999389648438,179.3000030517578,5613629
2025-10-22 11:30:00,181.3000030517578,183.10000610351562,181.10000610351562,183.10000610351562,1539697
2025-10-22 12:30:00,181.39999389648438,181.60000610351562,181.0,181.3000030517578,643912
2025-10-22 13:30:00,181.10000610351562,181.6999969482422,180.6999969482422,181.39999389648438,937253
2025-10-22 14:30:00,180.5,181.1999969482422,180.1999969482422,181.0,1364543
2025-10-22 15:30:00,181.3000030517578,181.5,180.39999389648438,180.60000610351562,1383126
2025-10-22 16:30:00,181.5,182.6999969482422,181.10000610351562,181.3000030517578,2067348
2025-10-22 17:30:00,182.0,183.0,181.3000030517578,181.60000610351562,2213488
2025-10-23 09:30:00,187.8000030517578,187.89999389648438,181.1999969482422,182.1999969482422,0
2025-10-23 10:30:00,188.0,188.1999969482422,186.5,187.6999969482422,4023842
2025-10-23 11:30:00,188.39999389648438,190.0,187.39999389648438,187.89999389648438,4072142
2025-10-23 12:30:00,188.6999969482422,189.1999969482422,187.10000610351562,188.5,2035018
2025-10-23 13:30:00,187.6999969482422,189.0,186.6999969482422,188.60000610351562,3779517
2025-10-23 14:30:00,187.60000610351562,188.89999389648438,187.1999969482422,187.6999969482422,2368497
2025-10-23 15:30:00,187.89999389648438,188.0,186.5,187.60000610351562,2438416
2025-10-23 16:30:00,187.60000610351562,188.5,187.1999969482422,187.89999389648438,2034023
2025-10-23 17:30:00,187.1999969482422,187.60000610351562,186.1999969482422,187.5,1846911
2025-10-24 09:30:00,187.6999969482422,189.1999969482422,186.3000030517578,189.0,0
2025-10-24 10:30:00,193.39999389648438,194.5,186.5,187.60000610351562,10418580
2025-10-24 11:30:00,193.60000610351562,195.39999389648438,192.6999969482422,193.39999389648438,8214284
2025-10-24 12:30:00,194.3000030517578,194.5,193.3000030517578,193.5,2057806
2025-10-24 13:30:00,192.6999969482422,194.8000030517578,192.39999389648438,194.3000030517578,2022753
2025-10-24 14:30:00,192.60000610351562,193.0,191.3000030517578,192.6999969482422,2141802
2025-10-24 15:30:00,192.1999969482422,193.1999969482422,191.60000610351562,192.6999969482422,2132861
2025-10-24 16:30:00,191.39999389648438,192.60000610351562,190.89999389648438,192.1999969482422,2114658
2025-10-24 17:30:00,191.3000030517578,191.8000030517578,190.6999969482422,191.39999389648438,1838951
2025-10-27 09:30:00,190.0,191.5,189.1999969482422,191.5,2548531
2025-10-27 10:30:00,190.89999389648438,192.1999969482422,188.89999389648438,190.0,3669529
2025-10-27 11:30:00,192.89999389648438,193.3000030517578,190.6999969482422,190.89999389648438,3163562
2025-10-27 12:30:00,192.60000610351562,193.1999969482422,191.5,192.89999389648438,1957940
2025-10-27 13:30:00,192.89999389648438,193.8000030517578,192.39999389648438,192.60000610351562,1854674
2025-10-27 14:30:00,192.3000030517578,193.1999969482422,192.0,192.8000030517578,1606938
2025-10-27 15:30:00,193.5,193.6999969482422,192.10000610351562,192.3000030517578,1456493
2025-10-27 16:30:00,193.39999389648438,193.89999389648438,192.6999969482422,193.5,1895638
2025-10-28 09:30:00,194.10000610351562,196.0,192.39999389648438,192.6999969482422,3392046
2025-10-28 10:30:00,196.1999969482422,196.5,193.39999389648438,194.0,2789039
2025-10-28 11:30:00,196.8000030517578,197.39999389648438,196.0,196.3000030517578,3249813
2025-10-28 12:30:00,196.6999969482422,196.6999969482422,196.6999969482422,196.6999969482422,338999
2025-10-30 09:30:00,196.0,198.0,195.3000030517578,196.6999969482422,2875832
2025-10-30 10:30:00,196.6999969482422,197.39999389648438,195.0,196.0,3378817
2025-10-30 11:30:00,195.6999969482422,197.0,194.6999969482422,196.6999969482422,1634586
2025-10-30 12:30:00,196.10000610351562,196.39999389648438,195.6999969482422,195.8000030517578,1277167
2025-10-30 13:30:00,196.6999969482422,197.5,195.5,196.10000610351562,1611960
2025-10-30 14:30:00,197.3000030517578,197.6999969482422,196.5,196.60000610351562,1583437
2025-10-30 15:30:00,195.89999389648438,197.39999389648438,195.0,197.3000030517578,1387677
2025-10-30 16:30:00,195.3000030517578,196.1999969482422,194.8000030517578,196.0,1410023
2025-10-31 09:30:00,197.0,197.6999969482422,195.3000030517578,195.6999969482422,2605155
2025-10-31 10:30:00,198.3000030517578,198.60000610351562,194.39999389648438,197.0,4919824
2025-10-31 11:30:00,198.10000610351562,199.3000030517578,196.89999389648438,198.3000030517578,2920032
2025-10-31 12:30:00,199.10000610351562,199.1999969482422,197.60000610351562,198.10000610351562,1981997
2025-10-31 13:30:00,199.0,199.1999969482422,198.3000030517578,199.0,1268271
2025-10-31 14:30:00,198.1999969482422,199.1999969482422,197.6999969482422,199.0,1650353
2025-10-31 15:30:00,197.8000030517578,198.60000610351562,197.60000610351562,198.1999969482422,1476725
2025-10-31 16:30:00,197.39999389648438,198.10000610351562,197.0,197.89999389648438,1327042
2025-11-03 09:30:00,197.3000030517578,199.3000030517578,196.39999389648438,197.60000610351562,5225269
2025-11-03 10:30:00,197.0,198.89999389648438,196.6999969482422,197.3000030517578,3414713
2025-11-03 11:30:00,197.89999389648438,198.6999969482422,196.89999389648438,197.0,1887531
2025-11-03 12:30:00,199.60000610351562,201.0,197.8000030517578,198.0,5957663
2025-11-03 13:30:00,198.39999389648438,199.6999969482422,198.1999969482422,199.60000610351562,2127178
2025-11-03 14:30:00,197.89999389648438,199.10000610351562,197.8000030517578,198.5,1761803
2025-11-03 15:30:00,198.3000030517578,199.39999389648438,197.6999969482422,197.89999389648438,2430140
2025-11-03 16:30:00,197.3000030517578,198.39999389648438,196.6999969482422,198.1999969482422,2848956
2025-11-04 09:30:00,198.60000610351562,199.89999389648438,197.10000610351562,198.39999389648438,4324350
2025-11-04 10:30:00,192.60000610351562,199.10000610351562,192.1999969482422,198.6999969482422,6331471
2025-11-04 11:30:00,191.8000030517578,194.39999389648438,191.3000030517578,192.5,4568415
2025-11-04 12:30:00,190.8000030517578,192.10000610351562,190.60000610351562,191.6999969482422,2333356
2025-11-04 13:30:00,192.39999389648438,192.89999389648438,190.6999969482422,190.6999969482422,1722113
2025-11-04 14:30:00,191.60000610351562,192.60000610351562,191.1999969482422,192.5,1227817
2025-11-04 15:30:00,189.10000610351562,191.60000610351562,188.89999389648438,191.60000610351562,2772146
2025-11-04 16:30:00,188.5,189.5,188.3000030517578,189.10000610351562,2708576
2025-11-05 09:30:00,191.6999969482422,192.0,187.6999969482422,188.1999969482422,5057648
2025-11-05 10:30:00,193.6999969482422,194.10000610351562,191.1999969482422,191.6999969482422,5982739
2025-11-05 11:30:00,194.60000610351562,195.0,192.89999389648438,193.60000610351562,2944081
2025-11-05 12:30:00,193.5,194.89999389648438,192.89999389648438,194.5,2941642
2025-11-05 13:30:00,194.3000030517578,194.60000610351562,193.5,193.5,1306376
2025-11-05 14:30:00,194.60000610351562,195.3000030517578,194.1999969482422,194.3000030517578,1654428
2025-11-05 15:30:00,195.3000030517578,195.8000030517578,194.0,194.60000610351562,2099635
2025-11-05 16:30:00,194.6999969482422,195.39999389648438,194.39999389648438,195.39999389648438,1843983
2025-11-06 09:30:00,198.10000610351562,198.6999969482422,195.89999389648438,195.89999389648438,3155118
2025-11-06 10:30:00,197.10000610351562,199.0,197.0,198.10000610351562,3317797
2025-11-06 11:30:00,196.6999969482422,197.1999969482422,195.3000030517578,197.10000610351562,1959928
2025-11-06 12:30:00,198.6999969482422,198.6999969482422,196.5,196.60000610351562,1661205
2025-11-06 13:30:00,198.89999389648438,198.89999389648438,197.8000030517578,198.60000610351562,1396003
2025-11-06 14:30:00,198.8000030517578,199.5,198.1999969482422,198.89999389648438,2337478
2025-11-06 15:30:00,198.60000610351562,199.89999389648438,198.1999969482422,198.8000030517578,2508413
2025-11-06 16:30:00,198.0,198.8000030517578,197.89999389648438,198.60000610351562,1151165
2025-11-07 09:30:00,198.89999389648438,199.89999389648438,197.10000610351562,197.89999389648438,2552525
2025-11-07 10:30:00,197.3000030517578,200.0,197.1999969482422,199.0,2683213
2025-11-07 11:30:00,197.0,198.6999969482422,196.8000030517578,197.1999969482422,2648423
2025-11-07 12:30:00,197.89999389648438,198.60000610351562,196.5,197.10000610351562,1779503
2025-11-07 13:30:00,198.3000030517578,198.89999389648438,197.39999389648438,198.0,1237067
2025-11-07 14:30:00,198.5,198.8000030517578,197.6999969482422,198.3000030517578,908036
2025-11-07 15:30:00,198.1999969482422,198.60000610351562,198.10000610351562,198.5,639198
2025-11-07 16:30:00,197.60000610351562,198.6999969482422,196.89999389648438,198.1999969482422,1542213
2025-11-10 09:30:00,199.6999969482422,199.6999969482422,197.1999969482422,198.6999969482422,2838911
2025-11-10 10:30:00,199.6999969482422,201.6999969482422,199.60000610351562,199.6999969482422,4649900
2025-11-10 11:30:00,198.8000030517578,200.10000610351562,198.60000610351562,199.60000610351562,1907743
2025-11-10 12:30:00,199.0,199.6999969482422,198.39999389648438,198.8000030517578,1065931
2025-11-10 13:30:00,200.0,200.10000610351562,198.6999969482422,199.0,1222530
2025-11-10 14:30:00,196.5,200.1999969482422,195.3000030517578,200.10000610351562,3353379
2025-11-10 15:30:00,196.3000030517578,197.60000610351562,195.6999969482422,196.5,2105050
2025-11-10 16:30:00,196.8000030517578,197.8000030517578,195.89999389648438,196.1999969482422,2543578
2025-11-11 09:30:00,196.0,198.10000610351562,195.8000030517578,196.5,2544228
2025-11-11 10:30:00,196.6999969482422,197.0,195.3000030517578,196.0,1651334
2025-11-11 11:30:00,195.5,197.5,194.8000030517578,196.8000030517578,1751805
2025-11-11 12:30:00,194.89999389648438,196.0,194.1999969482422,195.5,1031202
2025-11-11 13:30:00,195.1999969482422,195.5,194.5,194.89999389648438,1198967
2025-11-11 14:30:00,190.10000610351562,196.3000030517578,187.89999389648438,195.3000030517578,3083138
2025-11-11 15:30:00,192.3000030517578,195.10000610351562,187.89999389648438,190.0,6064580
2025-11-11 16:30:00,192.39999389648438,193.8000030517578,191.6999969482422,192.3000030517578,2809825
2025-11-12 09:30:00,189.60000610351562,193.10000610351562,189.3000030517578,193.0,2032653
2025-11-12 10:30:00,192.3000030517578,192.5,189.10000610351562,189.60000610351562,2732905
2025-11-12 11:30:00,191.39999389648438,193.1999969482422,191.1999969482422,192.1999969482422,1866075
2025-11-12 12:30:00,191.8000030517578,191.89999389648438,191.1999969482422,191.39999389648438,563410
2025-11-12 13:30:00,193.39999389648438,194.6999969482422,191.6999969482422,191.8000030517578,2611240
2025-11-12 14:30:00,194.10000610351562,194.39999389648438,193.0,193.39999389648438,1169875
2025-11-12 15:30:00,193.0,194.10000610351562,192.89999389648438,194.10000610351562,1130253
2025-11-12 16:30:00,193.0,193.3000030517578,192.10000610351562,193.10000610351562,884063
2025-11-13 09:30:00,194.0,195.0,193.10000610351562,194.89999389648438,1756472
2025-11-13 10:30:00,197.10000610351562,197.3000030517578,193.5,194.0,3022544
2025-11-13 11:30:00,198.6999969482422,199.3000030517578,196.8000030517578,197.10000610351562,3759486
2025-11-13 12:30:00,199.39999389648438,199.5,198.0,198.6999969482422,1767744
2025-11-13 13:30:00,198.3000030517578,199.5,198.0,199.39999389648438,2168070
2025-11-13 14:30:00,199.5,199.60000610351562,198.10000610351562,198.3000030517578,1681341
2025-11-13 15:30:00,198.10000610351562,199.5,196.8000030517578,199.5,2457889
2025-11-13 16:30:00,196.89999389648438,198.3000030517578,196.1999969482422,198.1999969482422,2668298
2025-11-14 09:30:00,197.89999389648438,198.8000030517578,195.89999389648438,197.1999969482422,2618552
2025-11-14 10:30:00,197.8000030517578,199.0,197.6999969482422,197.8000030517578,1445060
2025-11-14 11:30:00,198.6999969482422,199.39999389648438,197.10000610351562,197.8000030517578,1337121
2025-11-14 12:30:00,198.39999389648438,199.39999389648438,197.60000610351562,198.8000030517578,1941952
2025-11-14 13:30:00,198.1999969482422,199.1999969482422,197.5,198.3000030517578,2034821
2025-11-14 14:30:00,196.6999969482422,198.5,196.10000610351562,198.1999969482422,1941923
2025-11-14 15:30:00,196.89999389648438,197.10000610351562,196.1999969482422,196.6999969482422,1280098
2025-11-14 16:30:00,198.0,198.60000610351562,196.60000610351562,196.89999389648438,2320723
2025-11-17 09:30:00,198.8000030517578,202.3000030517578,198.60000610351562,200.0,4383394
2025-11-17 10:30:00,200.39999389648438,200.60000610351562,197.60000610351562,198.8000030517578,4100226
2025-11-17 11:30:00,198.89999389648438,201.10000610351562,198.8000030517578,200.39999389648438,2133641
2025-11-17 12:30:00,199.89999389648438,200.10000610351562,198.5,198.8000030517578,1795030
2025-11-17 13:30:00,201.6999969482422,202.0,199.8000030517578,199.89999389648438,2780292
2025-11-17 14:30:00,203.6999969482422,204.60000610351562,201.5,201.8000030517578,4885375
2025-11-17 15:30:00,202.3000030517578,204.1999969482422,201.60000610351562,203.60000610351562,2545519
2025-11-17 16:30:00,201.8000030517578,202.5,200.8000030517578,202.3000030517578,1903594
2025-11-18 09:30:00,200.1999969482422,201.89999389648438,199.39999389648438,201.0,2151126
2025-11-18 10:30:00,202.1999969482422,203.0,200.10000610351562,200.1999969482422,3574629
2025-11-18 11:30:00,202.1999969482422,203.1999969482422,202.0,202.1999969482422,1427167
2025-11-18 12:30:00,200.0,202.3000030517578,199.89999389648438,202.10000610351562,1828424
2025-11-18 13:30:00,202.5,202.8000030517578,199.89999389648438,200.10000610351562,1992863
2025-11-18 14:30:00,203.0,203.39999389648438,202.0,202.39999389648438,1422719
2025-11-18 15:30:00,202.6999969482422,203.6999969482422,202.60000610351562,203.0,1668389
2025-11-18 16:30:00,203.10000610351562,203.39999389648438,201.89999389648438,202.6999969482422,1730479
2025-11-19 09:30:00,204.60000610351562,206.1999969482422,203.89999389648438,203.89999389648438,2972479
2025-11-19 10:30:00,207.6999969482422,207.8000030517578,204.0,204.5,3597500
2025-11-19 11:30:00,206.6999969482422,207.8000030517578,206.0,207.6999969482422,1340696
2025-11-19 12:30:00,206.3000030517578,207.60000610351562,206.0,206.6999969482422,1447795
2025-11-19 13:30:00,207.3000030517578,207.6999969482422,205.60000610351562,206.1999969482422,1624928
2025-11-19 14:30:00,208.10000610351562,208.5,207.10000610351562,207.1999969482422,1688068
2025-11-19 15:30:00,207.10000610351562,208.5,206.10000610351562,208.10000610351562,2461338
2025-11-19 16:30:00,206.60000610351562,207.6999969482422,206.1999969482422,207.1999969482422,1563589
2025-11-20 09:30:00,206.60000610351562,208.0,205.6999969482422,207.5,3327470
2025-11-20 10:30:00,205.5,209.3000030517578,204.39999389648438,206.6999969482422,4642020
2025-11-20 11:30:00,205.0,205.6999969482422,204.0,205.5,1424172
2025-11-20 12:30:00,204.39999389648438,205.10000610351562,203.6999969482422,204.89999389648438,1073373
2025-11-20 13:30:00,203.5,204.60000610351562,203.39999389648438,204.3000030517578,1183955
2025-11-20 14:30:00,204.3000030517578,204.6999969482422,203.3000030517578,203.5,1296953
2025-11-20 15:30:00,204.10000610351562,204.60000610351562,203.60000610351562,204.39999389648438,705160
2025-11-20 16:30:00,203.89999389648438,205.0,203.8000030517578,204.0,1345269
2025-11-21 09:30:00,203.39999389648438,204.3000030517578,202.89999389648438,204.3000030517578,1904199
2025-11-21 10:30:00,201.0,203.39999389648438,200.6999969482422,203.3000030517578,2244190
2025-11-21 11:30:00,200.1999969482422,201.89999389648438,199.6999969482422,201.0,2348944
2025-11-21 12:30:00,198.6999969482422,200.39999389648438,198.5,200.1999969482422,1580443
2025-11-21 13:30:00,200.3000030517578,200.8000030517578,198.60000610351562,198.6999969482422,1546840
2025-11-21 14:30:00,200.0,200.39999389648438,199.39999389648438,200.3000030517578,824514
2025-11-21 15:30:00,200.60000610351562,201.1999969482422,200.0,200.0,1201629
2025-11-21 16:30:00,200.39999389648438,201.3000030517578,200.0,200.60000610351562,1535960
2025-11-24 09:30:00,195.3000030517578,201.1999969482422,194.1999969482422,200.39999389648438,5939492
2025-11-24 10:30:00,193.89999389648438,196.0,191.60000610351562,195.3000030517578,7975915
2025-11-24 11:30:00,193.8000030517578,195.10000610351562,191.6999969482422,193.8000030517578,5056779
2025-11-24 12:30:00,193.8000030517578,194.89999389648438,193.6999969482422,193.6999969482422,1928452
2025-11-24 13:30:00,194.39999389648438,194.8000030517578,193.6999969482422,193.8000030517578,1166124
2025-11-24 14:30:00,195.60000610351562,195.89999389648438,194.10000610351562,194.39999389648438,2146047
2025-11-24 15:30:00,194.8000030517578,196.3000030517578,194.6999969482422,195.60000610351562,1958492
2025-11-24 16:30:00,194.39999389648438,195.5,193.89999389648438,194.6999969482422,2210353
2025-11-25 09:30:00,194.5,196.0,194.0,195.3000030517578,2622141
2025-11-25 10:30:00,193.39999389648438,195.39999389648438,193.3000030517578,194.5,2008738
2025-11-25 11:30:00,192.8000030517578,194.1999969482422,192.60000610351562,193.3000030517578,1400945
2025-11-25 12:30:00,193.6999969482422,194.0,192.3000030517578,192.8000030517578,1520425
2025-11-25 13:30:00,194.0,194.39999389648438,193.5,193.8000030517578,986450
2025-11-25 14:30:00,193.60000610351562,194.3000030517578,193.5,193.89999389648438,781890
2025-11-25 15:30:00,190.3000030517578,194.89999389648438,186.89999389648438,193.5,10555835
2025-11-25 16:30:00,190.39999389648438,191.10000610351562,189.6999969482422,190.3000030517578,3307189
2025-11-26 09:30:00,193.1999969482422,193.39999389648438,190.1999969482422,190.1999969482422,3728430
2025-11-26 10:30:00,194.0,194.39999389648438,192.89999389648438,193.1999969482422,2908293
2025-11-26 11:30:00,194.5,195.3000030517578,193.60000610351562,194.10000610351562,2408627
2025-11-26 12:30:00,193.6999969482422,194.6999969482422,193.39999389648438,194.5,1319991
2025-11-26 13:30:00,193.1999969482422,193.89999389648438,193.0,193.60000610351562,893887
2025-11-26 14:30:00,193.3000030517578,193.89999389648438,192.8000030517578,193.3000030517578,942824
2025-11-26 15:30:00,193.60000610351562,193.89999389648438,193.0,193.1999969482422,1189408
2025-11-26 16:30:00,193.6999969482422,193.89999389648438,193.1999969482422,193.60000610351562,1334315
2025-11-27 09:30:00,193.10000610351562,194.0,192.1999969482422,193.60000610351562,2532686
2025-11-27 10:30:00,193.39999389648438,193.8000030517578,192.39999389648438,193.10000610351562,1697663
2025-11-27 11:30:00,191.60000610351562,193.6999969482422,191.5,193.3000030517578,1936142
2025-11-27 12:30:00,192.39999389648438,192.60000610351562,191.3000030517578,191.60000610351562,1641843
2025-11-27 13:30:00,192.39999389648438,192.60000610351562,191.89999389648438,192.3000030517578,940390
2025-11-27 14:30:00,192.5,192.6999969482422,191.89999389648438,192.39999389648438,1178693
2025-11-27 15:30:00,193.10000610351562,193.5,192.39999389648438,192.5,1529705
2025-11-27 16:30:00,193.0,193.5,191.89999389648438,193.10000610351562,2271962
2025-11-28 09:30:00,194.60000610351562,196.1999969482422,193.89999389648438,194.5,2857511
2025-11-28 10:30:00,193.89999389648438,195.39999389648438,193.8000030517578,194.5,2150107
2025-11-28 11:30:00,194.6999969482422,194.89999389648438,193.5,193.89999389648438,1479883
2025-11-28 12:30:00,194.8000030517578,195.5,194.5,194.6999969482422,1282148
2025-11-28 13:30:00,195.0,195.10000610351562,194.60000610351562,194.8000030517578,602938
2025-11-28 14:30:00,194.6999969482422,195.0,194.39999389648438,195.0,887282
2025-11-28 15:30:00,194.6999969482422,195.0,194.3000030517578,194.8000030517578,787647
2025-11-28 16:30:00,194.1999969482422,195.0,194.1999969482422,194.6999969482422,1160321
2025-12-01 09:30:00,194.3000030517578,196.0,193.6999969482422,195.0,1958585
2025-12-01 10:30:00,196.10000610351562,196.3000030517578,193.89999389648438,194.39999389648438,2690059
2025-12-01 11:30:00,196.1999969482422,196.1999969482422,194.5,196.1999969482422,2242599
2025-12-01 12:30:00,196.6999969482422,197.1999969482422,196.10000610351562,196.1999969482422,1731628
2025-12-01 13:30:00,196.3000030517578,196.8000030517578,195.8000030517578,196.6999969482422,2010225
2025-12-01 14:30:00,196.6999969482422,197.10000610351562,196.0,196.3000030517578,1245013
2025-12-01 15:30:00,198.1999969482422,198.60000610351562,196.5,196.6999969482422,2486121
2025-12-01 16:30:00,198.39999389648438,198.8000030517578,197.60000610351562,198.1999969482422,1629722
2025-12-02 09:30:00,200.1999969482422,200.6999969482422,198.1999969482422,198.89999389648438,2706329
2025-12-02 10:30:00,199.89999389648438,201.10000610351562,199.3000030517578,200.1999969482422,3730369
2025-12-02 11:30:00,199.6999969482422,200.5,199.5,199.89999389648438,1592303
2025-12-02 12:30:00,200.3000030517578,201.60000610351562,199.10000610351562,199.6999969482422,3248327
2025-12-02 13:30:00,199.39999389648438,200.39999389648438,199.3000030517578,200.3000030517578,1685709
2025-12-02 14:30:00,199.3000030517578,199.60000610351562,198.89999389648438,199.3000030517578,1205794
2025-12-02 15:30:00,199.5,199.89999389648438,199.0,199.39999389648438,1801556
2025-12-02 16:30:00,198.8000030517578,199.6999969482422,198.5,199.60000610351562,1588944
2025-12-03 09:30:00,199.1999969482422,199.5,196.8000030517578,197.89999389648438,3277526
2025-12-03 10:30:00,197.8000030517578,200.1999969482422,197.8000030517578,199.10000610351562,3372046
2025-12-03 11:30:00,196.6999969482422,197.8000030517578,196.10000610351562,197.8000030517578,2798371
2025-12-03 12:30:00,196.6999969482422,197.39999389648438,195.8000030517578,196.6999969482422,1529638
2025-12-03 13:30:00,194.89999389648438,196.8000030517578,194.6999969482422,196.6999969482422,1980813
2025-12-03 14:30:00,197.3000030517578,198.10000610351562,194.8000030517578,194.8000030517578,3626281
2025-12-03 15:30:00,196.10000610351562,197.5,195.89999389648438,197.3000030517578,1614414
2025-12-03 16:30:00,197.5,197.8000030517578,196.0,196.0,2051617
2025-12-04 09:30:00,197.10000610351562,197.89999389648438,196.5,196.6999969482422,1275844
2025-12-04 10:30:00,198.0,198.1999969482422,196.0,197.0,2393905
2025-12-04 11:30:00,199.0,199.3000030517578,197.5,197.89999389648438,1819872
2025-12-04 12:30:00,198.60000610351562,199.8000030517578,198.3000030517578,198.89999389648438,1654771
2025-12-04 13:30:00,198.10000610351562,199.0,197.8000030517578,198.6999969482422,1250112
2025-12-04 14:30:00,198.8000030517578,199.1999969482422,197.89999389648438,198.10000610351562,1367896
2025-12-04 15:30:00,198.3000030517578,199.0,198.1999969482422,198.8000030517578,1360903
2025-12-04 16:30:00,198.10000610351562,198.8000030517578,197.6999969482422,198.3000030517578,1782074
2025-12-05 09:30:00,196.89999389648438,197.6999969482422,195.5,196.60000610351562,2330512
2025-12-05 10:30:00,198.5,199.39999389648438,196.3000030517578,197.0,2847055
2025-12-05 11:30:00,198.89999389648438,199.60000610351562,198.1999969482422,198.5,2026436
2025-12-05 12:30:00,199.0,199.39999389648438,198.3000030517578,198.89999389648438,925045
2025-12-05 13:30:00,198.89999389648438,199.6999969482422,198.60000610351562,199.0,1415201
2025-12-05 14:30:00,199.0,199.10000610351562,198.10000610351562,198.89999389648438,1712513
2025-12-05 15:30:00,198.5,199.89999389648438,198.5,199.0,1743646
2025-12-05 16:30:00,196.6999969482422,198.60000610351562,195.0,198.5,3516206
2025-12-08 09:30:00,197.39999389648438,199.3000030517578,196.8000030517578,197.8000030517578,2368104
2025-12-08 10:30:00,199.0,199.3000030517578,197.10000610351562,197.5,2074410
2025-12-08 11:30:00,200.3000030517578,200.5,198.89999389648438,199.10000610351562,2612033
2025-12-08 12:30:00,201.10000610351562,201.5,200.10000610351562,200.3000030517578,1930694
2025-12-08 13:30:00,200.6999969482422,201.1999969482422,200.10000610351562,201.1999969482422,1022009
2025-12-08 14:30:00,201.60000610351562,201.6999969482422,200.5,200.6999969482422,1393341
2025-12-08 15:30:00,201.1999969482422,201.60000610351562,201.0,201.60000610351562,1002350
2025-12-08 16:30:00,199.89999389648438,201.5,199.60000610351562,201.3000030517578,2292353
2025-12-09 09:30:00,199.0,199.89999389648438,198.5,199.3000030517578,1893989
2025-12-09 10:30:00,199.1999969482422,199.60000610351562,198.5,199.10000610351562,1248264
2025-12-09 11:30:00,199.0,199.6999969482422,198.8000030517578,199.3000030517578,921165
2025-12-09 12:30:00,197.5,199.0,197.5,199.0,1444725
2025-12-09 13:30:00,197.8000030517578,198.1999969482422,197.39999389648438,197.60000610351562,596797
2025-12-09 14:30:00,197.89999389648438,198.1999969482422,197.39999389648438,197.8000030517578,889628
2025-12-09 15:30:00,197.89999389648438,198.1999969482422,196.8000030517578,198.0,1472381
2025-12-09 16:30:00,197.3000030517578,198.10000610351562,196.60000610351562,197.89999389648438,1441562
2025-12-10 09:30:00,198.5,198.60000610351562,197.0,197.60000610351562,2564873
2025-12-10 10:30:00,198.60000610351562,199.10000610351562,198.0,198.5,2207059
2025-12-10 11:30:00,197.3000030517578,199.6999969482422,196.8000030517578,198.5,3533478
2025-12-10 12:30:00,199.1999969482422,199.89999389648438,197.0,197.3000030517578,3863841
2025-12-10 13:30:00,199.0,199.39999389648438,198.10000610351562,199.10000610351562,1718007
2025-12-10 14:30:00,199.39999389648438,199.6999969482422,198.6999969482422,199.0,1423036
2025-12-10 15:30:00,198.89999389648438,199.6999969482422,198.6999969482422,199.39999389648438,1125489
2025-12-10 16:30:00,199.39999389648438,199.6999969482422,197.3000030517578,198.89999389648438,3426240
2025-12-11 09:30:00,199.6999969482422,200.6999969482422,198.10000610351562,198.1999969482422,2863656
2025-12-11 10:30:00,198.6999969482422,200.1999969482422,198.60000610351562,199.6999969482422,3058590
2025-12-11 11:30:00,198.1999969482422,198.89999389648438,198.0,198.6999969482422,1669797
2025-12-11 12:30:00,197.60000610351562,198.89999389648438,197.5,198.3000030517578,2015276
2025-12-11 13:30:00,198.5,198.5,197.39999389648438,197.60000610351562,1550401
2025-12-11 14:30:00,198.1999969482422,199.10000610351562,197.6999969482422,198.5,1730333
2025-12-11 15:30:00,196.5,198.1999969482422,196.5,198.10000610351562,1788938
2025-12-11 16:30:00,197.89999389648438,198.5,196.10000610351562,196.5,2056104
2025-12-12 09:30:00,198.60000610351562,199.0,196.89999389648438,198.10000610351562,3470603
2025-12-12 10:30:00,197.3000030517578,198.89999389648438,197.1999969482422,198.5,2703491
2025-12-12 11:30:00,197.3000030517578,197.89999389648438,197.0,197.3000030517578,1605703
2025-12-12 12:30:00,196.8000030517578,197.39999389648438,196.5,197.3000030517578,1139356
2025-12-12 13:30:00,196.60000610351562,196.8000030517578,196.10000610351562,196.6999969482422,1433163
2025-12-12 14:30:00,196.3000030517578,196.60000610351562,196.10000610351562,196.60000610351562,809432
2025-12-12 15:30:00,197.1999969482422,197.39999389648438,196.1999969482422,196.1999969482422,1396338
2025-12-12 16:30:00,198.5,199.0,197.10000610351562,197.1999969482422,3176766
2025-12-15 09:30:00,197.6999969482422,199.0,197.60000610351562,197.8000030517578,2224690
2025-12-15 10:30:00,198.6999969482422,199.0,197.60000610351562,197.60000610351562,4181419
2025-12-15 11:30:00,198.10000610351562,198.89999389648438,197.60000610351562,198.6999969482422,2704073
2025-12-15 12:30:00,197.6999969482422,198.10000610351562,197.5,198.0,1716978
2025-12-15 13:30:00,197.6999969482422,197.89999389648438,197.5,197.6999969482422,775158
2025-12-15 14:30:00,197.60000610351562,198.0,197.5,197.6999969482422,999357
2025-12-15 15:30:00,197.1999969482422,197.6999969482422,196.89999389648438,197.60000610351562,1777636
2025-12-15 16:30:00,197.3000030517578,197.6999969482422,197.0,197.1999969482422,1669354
2025-12-16 09:30:00,194.60000610351562,195.10000610351562,193.39999389648438,194.6999969482422,3725190
2025-12-16 10:30:00,192.6999969482422,194.8000030517578,192.39999389648438,194.60000610351562,4757715
2025-12-16 11:30:00,191.8000030517578,193.6999969482422,191.60000610351562,192.8000030517578,2702140
2025-12-16 12:30:00,191.0,191.8000030517578,190.6999969482422,191.8000030517578,2560314
2025-12-16 13:30:00,189.8000030517578,191.1999969482422,189.5,191.0,2230599
2025-12-16 14:30:00,188.89999389648438,189.8000030517578,188.6999969482422,189.6999969482422,2901360
2025-12-16 15:30:00,187.8000030517578,189.1999969482422,187.60000610351562,188.89999389648438,3476401
2025-12-16 16:30:00,187.39999389648438,188.10000610351562,186.8000030517578,187.6999969482422,3990376
2025-12-17 09:30:00,188.0,188.10000610351562,186.5,186.8000030517578,4003086
2025-12-17 10:30:00,189.1999969482422,189.60000610351562,187.6999969482422,188.0,4238860
2025-12-17 11:30:00,189.8000030517578,190.1999969482422,189.0,189.1999969482422,3202740
2025-12-17 12:30:00,189.8000030517578,190.5,189.1999969482422,189.8000030517578,1778975
2025-12-17 13:30:00,189.60000610351562,190.1999969482422,189.39999389648438,189.8000030517578,1179335
2025-12-17 14:30:00,189.89999389648438,190.3000030517578,189.60000610351562,189.6999969482422,1335209
2025-12-17 15:30:00,190.39999389648438,190.5,189.6999969482422,190.0,1810137
2025-12-17 16:30:00,190.39999389648438,190.8000030517578,190.0,190.5,2090780
2025-12-18 09:30:00,189.89999389648438,191.0,189.5,189.60000610351562,2293783
2025-12-18 10:30:00,190.3000030517578,190.60000610351562,189.39999389648438,189.89999389648438,1875924
2025-12-18 11:30:00,189.89999389648438,190.3000030517578,188.89999389648438,190.1999969482422,2288615
2025-12-18 12:30:00,189.10000610351562,190.5,189.0,189.8000030517578,1164607
2025-12-18 13:30:00,189.39999389648438,189.89999389648438,188.8000030517578,189.10000610351562,867111
2025-12-18 14:30:00,189.10000610351562,189.6999969482422,189.10000610351562,189.5,810444
2025-12-18 15:30:00,189.39999389648438,189.5,189.10000610351562,189.1999969482422,585381
2025-12-18 16:30:00,188.60000610351562,190.1999969482422,187.60000610351562,189.5,2952806
2025-12-19 09:30:00,188.0,189.3000030517578,187.89999389648438,188.89999389648438,1457801
2025-12-19 10:30:00,186.5,188.0,186.1999969482422,188.0,2630713
2025-12-19 11:30:00,185.8000030517578,186.8000030517578,185.60000610351562,186.5,2260485
2025-12-19 12:30:00,184.60000610351562,185.8000030517578,184.5,185.8000030517578,1632555
2025-12-19 13:30:00,185.10000610351562,185.39999389648438,184.5,184.60000610351562,1280531
2025-12-19 14:30:00,185.60000610351562,185.60000610351562,184.8000030517578,185.1999969482422,1020749
2025-12-19 15:30:00,184.89999389648438,186.3000030517578,184.8000030517578,185.60000610351562,2413518
2025-12-19 16:30:00,185.0,185.3000030517578,183.89999389648438,184.89999389648438,2515875
2025-12-22 09:30:00,184.3000030517578,186.39999389648438,184.0,185.3000030517578,3040351
2025-12-22 10:30:00,182.6999969482422,184.5,182.39999389648438,184.3000030517578,3873808
2025-12-22 11:30:00,183.1999969482422,183.60000610351562,182.5,182.6999969482422,1804237
2025-12-22 12:30:00,183.1999969482422,183.39999389648438,183.0,183.3000030517578,925239
2025-12-22 13:30:00,185.1999969482422,185.5,183.1999969482422,183.3000030517578,2835610
2025-12-22 14:30:00,185.39999389648438,185.5,185.0,185.1999969482422,1218412
2025-12-22 15:30:00,184.6999969482422,185.39999389648438,184.5,185.39999389648438,976719
2025-12-22 16:30:00,185.5,185.8000030517578,184.1999969482422,184.6999969482422,2446396
2025-12-23 09:30:00,185.60000610351562,186.10000610351562,185.10000610351562,185.6999969482422,1832991
2025-12-23 10:30:00,185.60000610351562,186.6999969482422,185.1999969482422,185.5,2162337
2025-12-23 11:30:00,185.89999389648438,186.5,185.0,185.60000610351562,1351412
2025-12-23 12:30:00,186.5,186.5,185.5,186.0,896168
2025-12-23 13:30:00,185.89999389648438,187.0,185.8000030517578,186.39999389648438,1898948
2025-12-23 14:30:00,186.1999969482422,186.39999389648438,185.8000030517578,186.0,665964
2025-12-23 15:30:00,186.0,186.60000610351562,185.8000030517578,186.1999969482422,980066
2025-12-23 16:30:00,184.89999389648438,186.10000610351562,184.60000610351562,186.0,1680428
2025-12-24 09:30:00,185.10000610351562,185.60000610351562,183.8000030517578,185.1999969482422,2083773
2025-12-24 10:30:00,186.39999389648438,186.5,184.8000030517578,185.1999969482422,2201268
2025-12-24 11:30:00,186.5,186.60000610351562,185.8000030517578,186.39999389648438,1606968
2025-12-24 12:30:00,186.39999389648438,187.0,186.10000610351562,186.5,868581
2025-12-24 13:30:00,186.8000030517578,187.3000030517578,186.0,186.39999389648438,1264070
2025-12-24 14:30:00,187.5,188.0,186.39999389648438,186.8000030517578,1261973
2025-12-24 15:30:00,188.0,188.1999969482422,187.1999969482422,187.5,1843966
2025-12-24 16:30:00,187.89999389648438,188.3000030517578,187.6999969482422,188.10000610351562,1070234
2025-12-25 09:30:00,188.89999389648438,189.5,188.60000610351562,188.60000610351562,983214
2025-12-25 10:30:00,188.60000610351562,188.89999389648438,188.0,188.8000030517578,841353
2025-12-25 11:30:00,188.8000030517578,189.1999969482422,188.39999389648438,188.5,612264
2025-12-25 12:30:00,189.10000610351562,189.5,188.89999389648438,188.89999389648438,512626
2025-12-25 13:30:00,188.89999389648438,189.1999969482422,188.6999969482422,189.0,285946
2025-12-25 14:30:00,188.6999969482422,189.0,188.60000610351562,188.89999389648438,190434
2025-12-25 15:30:00,188.8000030517578,189.0,188.39999389648438,188.6999969482422,303184
2025-12-25 16:30:00,188.3000030517578,189.0,188.1999969482422,188.8000030517578,385049
2025-12-26 09:30:00,186.1999969482422,188.10000610351562,185.89999389648438,188.0,1263928
2025-12-26 10:30:00,186.6999969482422,187.3000030517578,185.6999969482422,186.1999969482422,1297652
2025-12-26 11:30:00,185.89999389648438,186.89999389648438,185.6999969482422,186.8000030517578,550029
2025-12-26 12:30:00,185.8000030517578,186.1999969482422,185.5,185.89999389648438,503782
2025-12-26 13:30:00,185.60000610351562,185.8000030517578,185.3000030517578,185.8000030517578,400380
2025-12-26 14:30:00,185.39999389648438,185.60000610351562,184.8000030517578,185.60000610351562,705597
2025-12-26 15:30:00,185.10000610351562,185.60000610351562,184.8000030517578,185.39999389648438,405903
2025-12-26 16:30:00,185.3000030517578,185.39999389648438,184.3000030517578,185.10000610351562,1108899
2025-12-29 09:30:00,185.0,185.60000610351562,184.5,185.10000610351562,1262300
2025-12-29 10:30:00,185.3000030517578,186.10000610351562,184.89999389648438,185.0,1621079
2025-12-29 11:30:00,185.3000030517578,185.5,184.10000610351562,185.39999389648438,1449209
2025-12-29 12:30:00,185.10000610351562,185.39999389648438,185.0,185.3000030517578,414711
2025-12-29 13:30:00,185.5,185.60000610351562,184.8000030517578,185.10000610351562,799471
2025-12-29 14:30:00,185.1999969482422,185.6999969482422,185.10000610351562,185.5,606241
2025-12-29 15:30:00,184.8000030517578,185.3000030517578,183.89999389648438,185.3000030517578,1280427
2025-12-29 16:30:00,183.60000610351562,184.8000030517578,183.3000030517578,184.6999969482422,1066038
2025-12-30 09:30:00,184.5,184.8000030517578,183.3000030517578,183.3000030517578,973853
2025-12-30 10:30:00,185.10000610351562,185.6999969482422,183.6999969482422,184.60000610351562,1736707
2025-12-30 11:30:00,185.8000030517578,186.10000610351562,184.8000030517578,185.10000610351562,2056269
2025-12-30 12:30:00,185.89999389648438,186.1999969482422,185.60000610351562,185.6999969482422,698593
2025-12-30 13:30:00,185.89999389648438,186.3000030517578,185.60000610351562,186.0,809981
2025-12-30 14:30:00,185.8000030517578,186.10000610351562,185.5,185.8000030517578,705140
2025-12-30 15:30:00,185.3000030517578,186.0,185.0,185.8000030517578,870202
2025-12-30 16:30:00,186.1999969482422,186.39999389648438,185.10000610351562,185.3000030517578,1328966
2025-12-31 09:30:00,186.39999389648438,187.0,186.1999969482422,186.5,831143
2025-12-31 10:30:00,186.8000030517578,187.3000030517578,186.1999969482422,186.39999389648438,1579800
2025-12-31 11:30:00,186.8000030517578,187.3000030517578,186.5,186.8000030517578,814510
2025-12-31 12:30:00,186.5,186.8000030517578,186.39999389648438,186.6999969482422,448743
2025-12-31 13:30:00,185.89999389648438,186.6999969482422,185.89999389648438,186.5,735130
2025-12-31 14:30:00,185.60000610351562,186.1999969482422,185.39999389648438,186.0,749512
2025-12-31 15:30:00,185.39999389648438,185.89999389648438,185.1999969482422,185.60000610351562,642159
2025-12-31 16:30:00,184.39999389648438,185.6999969482422,184.3000030517578,185.39999389648438,1382616
2026-01-02 09:30:00,186.3000030517578,186.60000610351562,184.39999389648438,184.5,1937804
2026-01-02 10:30:00,186.39999389648438,187.0,186.1999969482422,186.1999969482422,1463643
2026-01-02 11:30:00,186.3000030517578,186.8000030517578,186.0,186.5,714064
2026-01-02 12:30:00,186.10000610351562,186.3000030517578,185.89999389648438,186.3000030517578,380986
2026-01-02 13:30:00,186.10000610351562,186.1999969482422,185.5,186.10000610351562,971937
2026-01-02 14:30:00,186.10000610351562,186.1999969482422,185.8000030517578,186.10000610351562,495096
2026-01-02 15:30:00,186.0,186.10000610351562,185.60000610351562,186.10000610351562,412392
2026-01-02 16:30:00,186.1999969482422,186.3000030517578,185.8000030517578,186.0,689217
2026-01-05 09:30:00,187.6999969482422,188.6999969482422,186.8000030517578,187.0,4387183
2026-01-05 10:30:00,187.8000030517578,188.0,186.60000610351562,187.6999969482422,4531960
2026-01-05 11:30:00,186.39999389648438,188.0,186.3000030517578,187.8000030517578,2957468
2026-01-05 12:30:00,188.60000610351562,188.8000030517578,186.1999969482422,186.39999389648438,3811580
2026-01-05 13:30:00,190.1999969482422,190.39999389648438,188.10000610351562,188.60000610351562,4382019
2026-01-05 14:30:00,191.39999389648438,191.5,189.8000030517578,190.1999969482422,4653205
2026-01-05 15:30:00,191.8000030517578,192.10000610351562,191.1999969482422,191.3000030517578,2503045
2026-01-05 16:30:00,192.8000030517578,192.89999389648438,191.6999969482422,191.6999969482422,2395902
2026-01-06 09:30:00,192.1999969482422,193.1999969482422,191.8000030517578,192.89999389648438,1798356
2026-01-06 10:30:00,194.6999969482422,195.3000030517578,191.6999969482422,192.1999969482422,4919913
2026-01-06 11:30:00,196.1999969482422,196.5,194.1999969482422,194.6999969482422,2326937
2026-01-06 12:30:00,197.0,197.10000610351562,196.1999969482422,196.1999969482422,1889566
2026-01-06 13:30:00,197.8000030517578,198.3000030517578,196.89999389648438,197.0,2303860
2026-01-06 14:30:00,197.5,197.8000030517578,197.10000610351562,197.8000030517578,1247879
2026-01-06 15:30:00,197.5,197.6999969482422,197.0,197.60000610351562,978914
2026-01-06 16:30:00,199.3000030517578,199.89999389648438,197.5,197.60000610351562,4273297
2026-01-07 09:30:00,198.6999969482422,201.39999389648438,198.5,199.89999389648438,4251172
2026-01-07 10:30:00,199.89999389648438,199.89999389648438,198.5,198.6999969482422,2493896
2026-01-07 11:30:00,199.39999389648438,200.0,199.1999969482422,199.89999389648438,1747105
2026-01-07 12:30:00,199.60000610351562,199.8000030517578,199.10000610351562,199.3000030517578,1286029
2026-01-07 13:30:00,200.3000030517578,200.39999389648438,199.5,199.5,1838303
2026-01-07 14:30:00,199.6999969482422,200.6999969482422,199.39999389648438,200.3000030517578,1964363
2026-01-07 15:30:00,199.60000610351562,200.0,198.89999389648438,199.8000030517578,1616875
2026-01-07 16:30:00,198.8000030517578,199.6999969482422,197.89999389648438,199.5,2192993
2026-01-08 09:30:00,196.8000030517578,198.5,196.8000030517578,197.6999969482422,1295921
2026-01-08 10:30:00,196.60000610351562,197.10000610351562,195.8000030517578,196.89999389648438,2820887
2026-01-08 11:30:00,197.0,197.39999389648438,196.5,196.60000610351562,962321
2026-01-08 12:30:00,196.60000610351562,197.10000610351562,196.60000610351562,197.0,943963
2026-01-08 13:30:00,196.6999969482422,197.0,196.5,196.60000610351562,998695
2026-01-08 14:30:00,196.89999389648438,197.3000030517578,196.60000610351562,196.6999969482422,886668
2026-01-08 15:30:00,197.1999969482422,197.6999969482422,196.8000030517578,197.0,812336
2026-01-08 16:30:00,197.5,198.8000030517578,196.6999969482422,197.1999969482422,2874131
2026-01-09 09:30:00,198.89999389648438,200.1999969482422,196.6999969482422,197.5,3901075
2026-01-09 10:30:00,197.6999969482422,200.39999389648438,197.5,199.0,3113034
2026-01-09 11:30:00,198.3000030517578,198.8000030517578,197.10000610351562,197.6999969482422,1929423
2026-01-09 12:30:00,196.6999969482422,198.5,196.5,198.39999389648438,1239406
2026-01-09 13:30:00,196.0,196.8000030517578,194.6999969482422,196.6999969482422,2336001
2026-01-09 14:30:00,197.0,197.60000610351562,195.8000030517578,196.0,1651839
2026-01-09 15:30:00,196.10000610351562,198.10000610351562,196.10000610351562,197.10000610351562,1646610
2026-01-09 16:30:00,196.6999969482422,197.0,196.0,196.10000610351562,1862600
2026-01-12 09:30:00,199.1999969482422,199.39999389648438,196.6999969482422,198.0,3351374
2026-01-12 10:30:00,198.89999389648438,199.5,197.60000610351562,199.10000610351562,3068739
2026-01-12 11:30:00,199.1999969482422,199.8000030517578,198.60000610351562,198.89999389648438,1808757
2026-01-12 12:30:00,199.3000030517578,199.60000610351562,198.5,199.3000030517578,1513796
2026-01-12 13:30:00,199.89999389648438,200.39999389648438,199.3000030517578,199.3000030517578,2731936
2026-01-12 14:30:00,200.5,200.6999969482422,199.89999389648438,199.89999389648438,1613288
2026-01-12 15:30:00,200.60000610351562,201.3000030517578,200.39999389648438,200.60000610351562,1958324
2026-01-12 16:30:00,202.89999389648438,202.89999389648438,199.89999389648438,200.60000610351562,3710955
2026-01-13 09:30:00,206.5,208.0,203.10000610351562,203.6999969482422,6479540
2026-01-13 10:30:00,204.8000030517578,207.5,204.3000030517578,206.60000610351562,4161151
2026-01-13 11:30:00,206.6999969482422,207.1999969482422,203.89999389648438,204.8000030517578,3116270
2026-01-13 12:30:00,207.1999969482422,207.6999969482422,206.39999389648438,206.6999969482422,1910062
2026-01-13 13:30:00,205.10000610351562,207.3000030517578,205.0,207.10000610351562,2019983
2026-01-13 14:30:00,208.10000610351562,208.3000030517578,204.60000610351562,205.0,3218739
2026-01-13 15:30:00,208.10000610351562,208.39999389648438,207.0,208.0,3341850
2026-01-13 16:30:00,207.6999969482422,208.89999389648438,207.5,208.10000610351562,2696623
2026-01-14 09:30:00,213.60000610351562,213.8000030517578,207.8000030517578,208.3000030517578,6813586
2026-01-14 10:30:00,214.89999389648438,215.0,212.60000610351562,213.60000610351562,4584379
2026-01-14 11:30:00,215.5,216.0,213.1999969482422,214.89999389648438,3326882
2026-01-14 12:30:00,216.89999389648438,217.3000030517578,215.3000030517578,215.39999389648438,3545781
2026-01-14 13:30:00,218.5,220.5,216.60000610351562,216.89999389648438,6758838
2026-01-14 14:30:00,217.5,218.89999389648438,216.89999389648438,218.5,4028521
2026-01-14 15:30:00,217.89999389648438,218.10000610351562,216.89999389648438,217.60000610351562,2006397
2026-01-14 16:30:00,218.8000030517578,219.0,217.60000610351562,217.8000030517578,3156438
2026-01-15 09:30:00,213.1999969482422,217.3000030517578,212.1999969482422,217.1999969482422,5354762
2026-01-15 10:30:00,216.3000030517578,216.39999389648438,213.10000610351562,213.1999969482422,4165345
2026-01-15 11:30:00,217.60000610351562,217.8000030517578,215.5,216.39999389648438,3281676
2026-01-15 12:30:00,217.89999389648438,218.10000610351562,217.10000610351562,217.5,1610338
2026-01-15 13:30:00,217.8000030517578,218.1999969482422,216.89999389648438,217.89999389648438,1312237
2026-01-15 14:30:00,216.5,218.0,216.0,217.89999389648438,1513752
2026-01-15 15:30:00,216.89999389648438,217.0,216.0,216.5,1519684
2026-01-15 16:30:00,218.0,218.60000610351562,216.3000030517578,216.8000030517578,3104522
2026-01-16 09:30:00,219.10000610351562,220.60000610351562,217.1999969482422,218.60000610351562,2872399
2026-01-16 10:30:00,219.8000030517578,220.5,217.5,219.10000610351562,3271872
2026-01-16 11:30:00,218.10000610351562,219.8000030517578,217.60000610351562,219.6999969482422,1678785
2026-01-16 12:30:00,219.0,219.39999389648438,217.6999969482422,218.1999969482422,1109353
2026-01-16 13:30:00,219.89999389648438,220.0,218.60000610351562,218.89999389648438,1015549
2026-01-16 14:30:00,220.8000030517578,222.3000030517578,219.6999969482422,219.89999389648438,3229424
2026-01-16 15:30:00,221.10000610351562,222.5,220.6999969482422,220.8000030517578,2275751
2026-01-16 16:30:00,223.3000030517578,223.6999969482422,220.89999389648438,221.10000610351562,2469184
2026-01-19 09:30:00,219.89999389648438,222.60000610351562,218.6999969482422,222.5,2822105
2026-01-19 10:30:00,222.1999969482422,223.0,219.6999969482422,219.89999389648438,2942008
2026-01-19 11:30:00,220.0,222.6999969482422,220.0,222.3000030517578,1965296
2026-01-19 12:30:00,220.3000030517578,221.8000030517578,219.60000610351562,220.10000610351562,1450124
2026-01-19 13:30:00,221.6999969482422,221.89999389648438,219.60000610351562,220.3000030517578,1807159
2026-01-19 14:30:00,223.39999389648438,223.39999389648438,220.6999969482422,221.60000610351562,2612666
2026-01-19 15:30:00,225.39999389648438,225.5,223.3000030517578,223.39999389648438,3959063
2026-01-19 16:30:00,224.89999389648438,226.1999969482422,224.5,225.5,3127383
2026-01-20 09:30:00,222.8000030517578,225.0,222.5,222.89999389648438,2592276
2026-01-20 10:30:00,225.8000030517578,225.89999389648438,222.39999389648438,222.8000030517578,3479819
2026-01-20 11:30:00,223.8000030517578,225.89999389648438,223.60000610351562,225.8000030517578,1699246
2026-01-20 12:30:00,226.6999969482422,226.6999969482422,223.60000610351562,223.89999389648438,2401505
2026-01-20 13:30:00,225.8000030517578,227.39999389648438,225.1999969482422,226.6999969482422,2893053
2026-01-20 14:30:00,226.39999389648438,226.89999389648438,224.60000610351562,225.89999389648438,2664114
2026-01-20 15:30:00,227.1999969482422,228.0,225.8000030517578,226.3000030517578,3335703
2026-01-20 16:30:00,224.60000610351562,227.39999389648438,224.10000610351562,227.1999969482422,3314495
2026-01-21 09:30:00,228.60000610351562,230.60000610351562,227.0,228.5,4055298
2026-01-21 10:30:00,227.6999969482422,229.3000030517578,226.10000610351562,228.6999969482422,2969146
2026-01-21 11:30:00,224.1999969482422,228.0,224.10000610351562,227.6999969482422,3158500
2026-01-21 12:30:00,219.89999389648438,224.8000030517578,219.8000030517578,224.1999969482422,2941051
2026-01-21 13:30:00,217.39999389648438,220.0,217.10000610351562,219.8000030517578,2769531
2026-01-21 14:30:00,217.8000030517578,218.39999389648438,217.0,217.39999389648438,1782294
2026-01-21 15:30:00,218.60000610351562,219.8000030517578,217.3000030517578,217.8000030517578,2196775
2026-01-21 16:30:00,221.0,222.10000610351562,218.39999389648438,218.60000610351562,4438738
2026-01-22 09:30:00,226.1999969482422,226.39999389648438,223.0,223.39999389648438,3810704
2026-01-22 10:30:00,223.3000030517578,227.39999389648438,222.3000030517578,226.1999969482422,4354367
2026-01-22 11:30:00,224.0,224.39999389648438,222.39999389648438,223.3000030517578,1565353
2026-01-22 12:30:00,223.5,224.1999969482422,223.0,224.0,969638
2026-01-22 13:30:00,221.5,223.8000030517578,221.10000610351562,223.5,2571517
2026-01-22 14:30:00,220.10000610351562,221.5,219.5,221.39999389648438,1896195
2026-01-22 15:30:00,222.3000030517578,222.5,219.6999969482422,220.10000610351562,1452621
2026-01-22 16:30:00,225.1999969482422,225.39999389648438,222.10000610351562,222.39999389648438,2540052
2026-01-23 09:30:00,229.0,229.3000030517578,226.6999969482422,227.89999389648438,2781795
2026-01-23 10:30:00,227.39999389648438,229.1999969482422,227.0,229.10000610351562,2164717
2026-01-23 11:30:00,228.10000610351562,228.5,227.0,227.39999389648438,1101073
2026-01-23 12:30:00,227.89999389648438,228.60000610351562,227.10000610351562,228.0,971903
2026-01-23 13:30:00,226.89999389648438,228.0,225.89999389648438,227.89999389648438,1954626
2026-01-23 14:30:00,226.5,227.39999389648438,226.0,226.89999389648438,1425795
2026-01-23 15:30:00,225.89999389648438,226.5,225.0,226.5,1741978
2026-01-23 16:30:00,225.1999969482422,226.3000030517578,225.0,226.0,1447561
2026-01-26 09:30:00,226.39999389648438,227.3000030517578,223.6999969482422,224.5,3202090
2026-01-26 10:30:00,224.8000030517578,227.3000030517578,224.6999969482422,226.39999389648438,2714752
2026-01-26 11:30:00,224.3000030517578,225.60000610351562,224.0,224.8000030517578,1292566
2026-01-26 12:30:00,225.0,225.60000610351562,224.0,224.1999969482422,1236887
2026-01-26 13:30:00,224.89999389648438,225.8000030517578,224.8000030517578,224.89999389648438,721577
2026-01-26 14:30:00,225.5,226.60000610351562,224.8000030517578,224.8000030517578,1308663
2026-01-26 15:30:00,226.89999389648438,227.10000610351562,225.0,225.5,1798380
2026-01-26 16:30:00,226.60000610351562,227.1999969482422,226.10000610351562,226.89999389648438,1577023
2026-01-27 09:30:00,226.89999389648438,228.3000030517578,225.1999969482422,227.0,2698856
2026-01-27 10:30:00,225.39999389648438,227.89999389648438,224.39999389648438,226.89999389648438,2305089
2026-01-27 11:30:00,224.1999969482422,225.60000610351562,223.6999969482422,225.39999389648438,1687171
2026-01-27 12:30:00,223.5,224.6999969482422,223.10000610351562,224.10000610351562,1313884
2026-01-27 13:30:00,226.3000030517578,226.5,223.39999389648438,223.39999389648438,1501581
2026-01-27 14:30:00,226.60000610351562,227.39999389648438,225.60000610351562,226.3000030517578,2232912
2026-01-27 15:30:00,226.8000030517578,227.1999969482422,226.3000030517578,226.6999969482422,1418163
2026-01-27 16:30:00,226.5,227.10000610351562,225.8000030517578,226.6999969482422,2016389
2026-01-28 09:30:00,231.0,232.10000610351562,228.3000030517578,228.3000030517578,5160779
2026-01-28 10:30:00,236.89999389648438,237.1999969482422,230.89999389648438,231.0,5996732
2026-01-28 11:30:00,237.1999969482422,238.3000030517578,235.89999389648438,237.0,3617228
2026-01-28 12:30:00,239.1999969482422,239.8000030517578,237.10000610351562,237.3000030517578,2967670
2026-01-28 13:30:00,238.5,239.8000030517578,238.3000030517578,239.1999969482422,2013431
2026-01-28 14:30:00,238.89999389648438,239.5,238.1999969482422,238.60000610351562,2024966
2026-01-28 15:30:00,240.39999389648438,240.8000030517578,238.6999969482422,238.89999389648438,3381873
2026-01-28 16:30:00,243.60000610351562,243.8000030517578,240.3000030517578,240.3000030517578,4681317
2026-01-29 09:30:00,244.1999969482422,245.3000030517578,242.0,244.0,3477010
2026-01-29 10:30:00,244.10000610351562,245.89999389648438,242.60000610351562,244.1999969482422,4390445
2026-01-29 11:30:00,241.5,244.1999969482422,241.0,244.0,2645263
2026-01-29 12:30:00,242.39999389648438,243.1999969482422,240.8000030517578,241.5,2509720
2026-01-29 13:30:00,242.39999389648438,243.0,242.0,242.39999389648438,1325994
2026-01-29 14:30:00,245.60000610351562,248.3000030517578,242.39999389648438,242.39999389648438,5691293
2026-01-29 15:30:00,245.0,246.5,243.1999969482422,245.6999969482422,3961904
2026-01-29 16:30:00,245.6999969482422,247.6999969482422,244.1999969482422,244.89999389648438,2967030
2026-01-30 09:30:00,244.89999389648438,247.8000030517578,244.60000610351562,246.89999389648438,3221527
2026-01-30 10:30:00,242.3000030517578,245.60000610351562,240.0,244.89999389648438,4309339
2026-01-30 11:30:00,242.89999389648438,243.60000610351562,241.10000610351562,242.3000030517578,1959457
2026-01-30 12:30:00,241.6999969482422,244.1999969482422,241.10000610351562,242.89999389648438,1383977
2026-01-30 13:30:00,243.6999969482422,244.10000610351562,241.3000030517578,241.8000030517578,1786731
2026-01-30 14:30:00,243.10000610351562,244.5,242.6999969482422,243.6999969482422,1225172
2026-01-30 15:30:00,243.89999389648438,244.89999389648438,241.8000030517578,243.10000610351562,1719812
2026-01-30 16:30:00,244.8000030517578,245.60000610351562,243.0,243.89999389648438,2767790
2026-02-03 09:30:00,233.1999969482422,233.89999389648438,228.8000030517578,231.6999969482422,5793427
2026-02-03 10:30:00,233.39999389648438,235.10000610351562,231.0,233.1999969482422,9116998
2026-02-03 11:30:00,231.39999389648438,233.8000030517578,230.89999389648438,233.39999389648438,3437909
2026-02-03 12:30:00,229.1999969482422,231.39999389648438,228.39999389648438,231.39999389648438,3498108
2026-02-03 13:30:00,229.60000610351562,229.89999389648438,228.10000610351562,229.1999969482422,3008389
2026-02-03 14:30:00,229.6999969482422,230.0,228.60000610351562,229.60000610351562,2611039
2026-02-03 15:30:00,231.5,232.39999389648438,229.3000030517578,229.6999969482422,4380711
2026-02-03 16:30:00,230.6999969482422,232.1999969482422,229.8000030517578,231.39999389648438,3572791
2026-02-04 09:30:00,234.89999389648438,237.6999969482422,234.3000030517578,234.5,5757250
2026-02-04 10:30:00,235.10000610351562,235.8000030517578,233.8000030517578,234.89999389648438,3790463
2026-02-04 11:30:00,231.8000030517578,235.10000610351562,231.1999969482422,235.0,3171824
2026-02-04 12:30:00,232.3000030517578,232.39999389648438,231.0,231.6999969482422,1360335
2026-02-04 13:30:00,230.8000030517578,232.8000030517578,230.3000030517578,232.3000030517578,1900597
2026-02-04 14:30:00,232.1999969482422,232.3000030517578,230.5,230.8000030517578,1867462
2026-02-04 15:30:00,231.5,232.6999969482422,231.39999389648438,232.3000030517578,2197258
2026-02-04 16:30:00,231.39999389648438,232.1999969482422,231.0,231.5,2264440
2026-02-05 09:30:00,233.10000610351562,233.1999969482422,228.3000030517578,229.1999969482422,4887751
2026-02-05 10:30:00,231.0,233.3000030517578,230.8000030517578,233.10000610351562,3175441
2026-02-05 11:30:00,229.39999389648438,231.39999389648438,229.10000610351562,231.10000610351562,2397927
2026-02-05 12:30:00,229.89999389648438,230.0,228.60000610351562,229.39999389648438,1651215
2026-02-05 13:30:00,229.0,230.10000610351562,228.8000030517578,230.0,1421107
2026-02-05 14:30:00,227.6999969482422,229.39999389648438,227.5,228.89999389648438,1916877
2026-02-05 15:30:00,228.6999969482422,228.6999969482422,226.10000610351562,227.6999969482422,1708952
2026-02-05 16:30:00,227.10000610351562,228.8000030517578,226.5,228.6999969482422,2628944
2026-02-06 09:30:00,228.10000610351562,229.10000610351562,226.60000610351562,226.60000610351562,3125428
2026-02-06 10:30:00,225.39999389648438,228.60000610351562,223.0,228.10000610351562,3830552
2026-02-06 11:30:00,226.3000030517578,227.0,225.3000030517578,225.39999389648438,1755413
2026-02-06 12:30:00,225.1999969482422,226.89999389648438,224.5,226.3000030517578,1740413
2026-02-06 13:30:00,225.1999969482422,225.1999969482422,224.1999969482422,225.10000610351562,1115855
2026-02-06 14:30:00,224.5,225.39999389648438,224.0,225.10000610351562,1215579
2026-02-06 15:30:00,223.3000030517578,224.5,222.60000610351562,224.5,1947392
2026-02-06 16:30:00,223.5,224.0,222.60000610351562,223.3000030517578,2605687
2026-02-09 09:30:00,221.1999969482422,221.5,218.89999389648438,221.3000030517578,4574141
2026-02-09 10:30:00,222.89999389648438,223.89999389648438,220.89999389648438,221.1999969482422,5720293
2026-02-09 11:30:00,220.1999969482422,223.39999389648438,220.0,222.89999389648438,4570701
2026-02-09 12:30:00,220.1999969482422,220.8000030517578,219.3000030517578,220.10000610351562,2933955
2026-02-09 13:30:00,220.1999969482422,220.5,219.3000030517578,220.1999969482422,2118636
2026-02-09 14:30:00,220.0,220.5,219.6999969482422,220.1999969482422,2126831
2026-02-09 15:30:00,220.10000610351562,220.39999389648438,219.5,220.10000610351562,2875403
2026-02-09 16:30:00,219.89999389648438,220.3000030517578,219.3000030517578,220.10000610351562,3067201
2026-02-10 09:30:00,220.0,222.0,220.0,221.0,4458633
2026-02-10 10:30:00,219.5,220.89999389648438,218.6999969482422,220.10000610351562,3747766
2026-02-10 11:30:00,219.10000610351562,219.5,218.60000610351562,219.39999389648438,1585179
2026-02-10 12:30:00,217.8000030517578,219.3000030517578,217.60000610351562,219.0,2372153
2026-02-10 13:30:00,217.3000030517578,217.8000030517578,215.89999389648438,217.8000030517578,2523275
2026-02-10 14:30:00,215.60000610351562,217.6999969482422,215.1999969482422,217.3000030517578,2716566
2026-02-10 15:30:00,214.5,215.60000610351562,214.1999969482422,215.60000610351562,3005129
2026-02-10 16:30:00,214.0,214.8000030517578,213.5,214.60000610351562,3529363
2026-02-11 09:30:00,216.5,217.1999969482422,213.8000030517578,215.0,5378453
2026-02-11 10:30:00,215.5,217.5,215.1999969482422,216.5,3746859
2026-02-11 11:30:00,217.89999389648438,218.1999969482422,215.39999389648438,215.5,3821611
2026-02-11 12:30:00,216.39999389648438,217.89999389648438,216.10000610351562,217.89999389648438,1525353
2026-02-11 13:30:00,217.0,217.39999389648438,216.10000610351562,216.3000030517578,1733231
2026-02-11 14:30:00,216.6999969482422,217.1999969482422,216.3000030517578,217.0,1334968
2026-02-11 15:30:00,216.10000610351562,216.89999389648438,215.8000030517578,216.6999969482422,2435105
2026-02-11 16:30:00,216.10000610351562,216.3000030517578,214.89999389648438,216.10000610351562,3045547
2026-02-12 09:30:00,217.1999969482422,217.39999389648438,216.10000610351562,217.0,2533390
2026-02-12 10:30:00,219.0,219.1999969482422,216.89999389648438,217.3000030517578,5875071
2026-02-12 11:30:00,219.10000610351562,219.8000030517578,218.10000610351562,219.0,3037806
2026-02-12 12:30:00,220.1999969482422,220.3000030517578,218.39999389648438,219.10000610351562,2515057
2026-02-12 13:30:00,221.0,221.6999969482422,219.89999389648438,220.1999969482422,5004934
2026-02-12 14:30:00,221.89999389648438,222.3000030517578,221.0,221.10000610351562,3466277
2026-02-12 15:30:00,222.89999389648438,223.89999389648438,221.39999389648438,221.8000030517578,6001303
2026-02-12 16:30:00,223.10000610351562,223.39999389648438,221.6999969482422,222.89999389648438,2793643
2026-02-13 09:30:00,224.39999389648438,226.10000610351562,222.60000610351562,223.6999969482422,6161622
2026-02-13 10:30:00,223.39999389648438,225.10000610351562,222.8000030517578,224.39999389648438,3848447
2026-02-13 11:30:00,223.0,224.1999969482422,222.1999969482422,223.39999389648438,1963395
2026-02-13 12:30:00,222.5,223.10000610351562,222.10000610351562,223.0,1280990
2026-02-13 13:30:00,222.60000610351562,222.60000610351562,221.10000610351562,222.5,1817251
2026-02-13 14:30:00,221.6999969482422,223.60000610351562,221.5,222.5,2652706
2026-02-13 15:30:00,221.5,221.89999389648438,221.10000610351562,221.6999969482422,1910413
2026-02-13 16:30:00,221.3000030517578,222.10000610351562,220.60000610351562,221.60000610351562,2330305
2026-02-16 09:30:00,225.3000030517578,226.3000030517578,222.5,222.60000610351562,6992407
2026-02-16 10:30:00,224.1999969482422,225.6999969482422,224.0,225.3000030517578,4122216
2026-02-16 11:30:00,224.60000610351562,224.8000030517578,223.39999389648438,224.1999969482422,1745319
2026-02-16 12:30:00,225.1999969482422,225.1999969482422,224.1999969482422,224.60000610351562,1319717
2026-02-16 13:30:00,224.60000610351562,225.3000030517578,224.5,225.10000610351562,1210133
2026-02-16 14:30:00,224.3000030517578,224.6999969482422,223.39999389648438,224.5,2275543
2026-02-16 15:30:00,222.6999969482422,224.1999969482422,222.3000030517578,224.1999969482422,2256045
2026-02-16 16:30:00,223.0,223.1999969482422,222.0,222.60000610351562,1932838
2026-02-17 09:30:00,222.6999969482422,223.5,221.89999389648438,223.0,2315917
2026-02-17 10:30:00,222.1999969482422,223.3000030517578,221.5,222.6999969482422,2502948
2026-02-17 11:30:00,221.60000610351562,222.3000030517578,219.6999969482422,222.3000030517578,3238485
2026-02-17 12:30:00,221.39999389648438,221.89999389648438,220.6999969482422,221.60000610351562,1057415
2026-02-17 13:30:00,221.0,221.39999389648438,220.5,221.3000030517578,1157861
2026-02-17 14:30:00,222.0,223.39999389648438,220.89999389648438,221.0,2678736
2026-02-17 15:30:00,222.0,222.89999389648438,221.1999969482422,221.89999389648438,1877098
2026-02-17 16:30:00,220.0,223.10000610351562,219.89999389648438,221.89999389648438,4693822
2026-02-18 09:30:00,221.60000610351562,221.89999389648438,220.39999389648438,220.5,1590117
2026-02-18 10:30:00,220.6999969482422,222.39999389648438,220.39999389648438,221.60000610351562,4609732
2026-02-18 11:30:00,220.5,221.60000610351562,220.39999389648438,220.60000610351562,3438550
2026-02-18 12:30:00,220.8000030517578,221.5,220.5,220.60000610351562,2908775
2026-02-18 13:30:00,223.3000030517578,223.39999389648438,220.8000030517578,220.8000030517578,5074222
2026-02-18 14:30:00,221.6999969482422,223.39999389648438,221.5,223.3000030517578,2932744
2026-02-18 15:30:00,221.39999389648438,223.89999389648438,218.1999969482422,221.8000030517578,9279309
2026-02-18 16:30:00,222.5,223.0,220.89999389648438,221.3000030517578,4245039
2026-02-19 09:30:00,226.0,226.6999969482422,223.60000610351562,223.60000610351562,9356125
2026-02-19 10:30:00,228.39999389648438,229.8000030517578,225.39999389648438,225.89999389648438,14261346
2026-02-19 11:30:00,225.6999969482422,228.5,225.39999389648438,228.3000030517578,4464501
2026-02-19 12:30:00,225.39999389648438,225.6999969482422,223.3000030517578,225.6999969482422,5723882
2026-02-19 13:30:00,224.39999389648438,225.8000030517578,224.3000030517578,225.39999389648438,2968746
2026-02-19 14:30:00,224.60000610351562,224.8000030517578,222.6999969482422,224.39999389648438,3263942
2026-02-19 15:30:00,223.3000030517578,224.6999969482422,223.0,224.60000610351562,1316471
2026-02-19 16:30:00,222.3000030517578,223.6999969482422,221.5,223.39999389648438,3402896
2026-02-20 09:30:00,222.1999969482422,224.10000610351562,220.5,221.60000610351562,3720290
2026-02-20 10:30:00,219.1999969482422,222.39999389648438,217.5,222.1999969482422,5661631
2026-02-20 11:30:00,218.60000610351562,220.0,218.1999969482422,219.10000610351562,2848713
2026-02-20 12:30:00,220.39999389648438,221.0,217.89999389648438,218.60000610351562,3427057
2026-02-20 13:30:00,218.5,220.8000030517578,218.0,220.39999389648438,2146505
2026-02-20 14:30:00,219.8000030517578,219.89999389648438,218.1999969482422,218.5,3174956
2026-02-20 15:30:00,220.89999389648438,221.6999969482422,219.3000030517578,219.8000030517578,3513635
2026-02-20 16:30:00,221.1999969482422,221.39999389648438,219.60000610351562,221.0,2138654
2026-02-23 09:30:00,225.6999969482422,227.1999969482422,223.3000030517578,223.3000030517578,5556108
2026-02-23 10:30:00,225.5,226.6999969482422,224.8000030517578,225.8000030517578,5299258
2026-02-23 11:30:00,225.1999969482422,226.60000610351562,224.60000610351562,225.39999389648438,3730102
2026-02-23 12:30:00,225.0,225.39999389648438,224.39999389648438,225.3000030517578,1259809
2026-02-23 13:30:00,225.89999389648438,226.1999969482422,224.3000030517578,225.0,1987005
2026-02-23 14:30:00,226.10000610351562,227.0,225.60000610351562,225.89999389648438,3159653
2026-02-23 15:30:00,226.10000610351562,226.60000610351562,225.8000030517578,226.10000610351562,2501219
2026-02-23 16:30:00,226.39999389648438,227.8000030517578,226.0,226.0,3238397
2026-02-24 09:30:00,224.39999389648438,228.60000610351562,224.39999389648438,228.0,4398357
2026-02-24 10:30:00,222.0,226.1999969482422,221.8000030517578,224.5,5557650
2026-02-24 11:30:00,224.1999969482422,224.5,221.3000030517578,222.0,3350305
2026-02-24 12:30:00,223.5,224.39999389648438,222.60000610351562,224.10000610351562,1777378
2026-02-24 13:30:00,223.60000610351562,224.3000030517578,223.0,223.5,2084144
2026-02-24 14:30:00,222.0,223.60000610351562,221.6999969482422,223.5,1879142
2026-02-24 15:30:00,222.1999969482422,222.8000030517578,221.60000610351562,222.0,1775204
2026-02-24 16:30:00,222.60000610351562,223.60000610351562,221.6999969482422,222.1999969482422,3563250
2026-02-25 09:30:00,222.3000030517578,223.0,221.0,222.6999969482422,2787502
2026-02-25 10:30:00,218.3000030517578,222.5,218.3000030517578,222.1999969482422,4283394
2026-02-25 11:30:00,219.3000030517578,219.8000030517578,217.89999389648438,218.39999389648438,1980958
2026-02-25 12:30:00,219.1999969482422,219.89999389648438,218.89999389648438,219.3000030517578,1249846
2026-02-25 13:30:00,218.89999389648438,219.8000030517578,218.6999969482422,219.1999969482422,1252912
2026-02-25 14:30:00,216.89999389648438,219.0,216.39999389648438,218.89999389648438,3678335
2026-02-25 15:30:00,218.10000610351562,218.39999389648438,216.60000610351562,217.0,1629306
2026-02-25 16:30:00,217.5,218.1999969482422,217.0,218.0,1721063
2026-02-26 09:30:00,216.60000610351562,218.89999389648438,216.60000610351562,218.10000610351562,2086323
2026-02-26 10:30:00,217.39999389648438,218.10000610351562,216.10000610351562,216.6999969482422,2578649
2026-02-26 11:30:00,217.5,218.6999969482422,217.0,217.39999389648438,1910163
2026-02-26 12:30:00,217.39999389648438,218.5,216.5,217.60000610351562,2081487
2026-02-26 13:30:00,217.0,219.8000030517578,216.89999389648438,217.39999389648438,3556220
2026-02-26 14:30:00,216.3000030517578,218.0,216.1999969482422,217.0,4551091
2026-02-26 15:30:00,216.3000030517578,216.6999969482422,215.39999389648438,216.39999389648438,2289189
2026-02-26 16:30:00,216.10000610351562,216.5,215.89999389648438,216.3000030517578,1443807
2026-02-27 09:30:00,216.39999389648438,217.6999969482422,215.89999389648438,216.89999389648438,2785096
2026-02-27 10:30:00,218.10000610351562,218.3000030517578,215.8000030517578,216.39999389648438,3069984
2026-02-27 11:30:00,215.60000610351562,218.39999389648438,215.3000030517578,218.10000610351562,2459294
2026-02-27 12:30:00,215.5,216.10000610351562,215.10000610351562,215.60000610351562,1435365
2026-02-27 13:30:00,215.10000610351562,215.89999389648438,214.89999389648438,215.5,1483153
2026-02-27 14:30:00,214.60000610351562,216.3000030517578,214.0,215.10000610351562,5536656
2026-02-27 15:30:00,213.10000610351562,214.89999389648438,212.89999389648438,214.60000610351562,2745079
2026-02-27 16:30:00,215.1999969482422,215.6999969482422,212.5,213.0,3442330
2026-03-02 09:30:00,232.5,232.60000610351562,218.5,218.5,16949319
2026-03-02 10:30:00,232.89999389648438,235.39999389648438,228.5,232.5,11087122
2026-03-02 11:30:00,228.6999969482422,233.39999389648438,228.1999969482422,232.89999389648438,4995284
2026-03-02 12:30:00,227.39999389648438,229.39999389648438,226.89999389648438,228.60000610351562,3551722
2026-03-02 13:30:00,227.3000030517578,227.89999389648438,227.0,227.39999389648438,1713557
2026-03-02 14:30:00,228.89999389648438,228.89999389648438,227.10000610351562,227.3000030517578,2416450
2026-03-02 15:30:00,227.8000030517578,229.10000610351562,227.5,228.8000030517578,2393385
2026-03-02 16:30:00,227.60000610351562,229.10000610351562,227.39999389648438,227.6999969482422,2589446
2026-03-03 09:30:00,234.8000030517578,236.3000030517578,229.89999389648438,230.5,11056291
2026-03-03 10:30:00,233.5,235.60000610351562,233.10000610351562,234.8000030517578,5058518
2026-03-03 11:30:00,231.8000030517578,233.60000610351562,231.10000610351562,233.5,3509527
2026-03-03 12:30:00,233.5,235.10000610351562,231.10000610351562,231.8000030517578,4499069
2026-03-03 13:30:00,235.1999969482422,235.6999969482422,232.8000030517578,233.60000610351562,6563905
2026-03-03 14:30:00,233.89999389648438,235.60000610351562,233.3000030517578,235.1999969482422,4490780
2026-03-03 15:30:00,235.8000030517578,236.1999969482422,233.5,234.10000610351562,4911374
2026-03-03 16:30:00,235.6999969482422,239.8000030517578,235.10000610351562,235.8000030517578,10284181
2026-03-04 09:30:00,228.60000610351562,236.60000610351562,228.3000030517578,235.5,9114627
2026-03-04 10:30:00,229.10000610351562,232.0,228.5,228.8000030517578,6064193
2026-03-04 11:30:00,232.1999969482422,233.89999389648438,228.89999389648438,229.0,4339167
2026-03-04 12:30:00,231.39999389648438,235.1999969482422,230.1999969482422,232.1999969482422,5780351
2026-03-04 13:30:00,232.60000610351562,234.6999969482422,231.3000030517578,231.39999389648438,3578733
2026-03-04 14:30:00,233.89999389648438,234.0,232.1999969482422,232.6999969482422,2205865
2026-03-04 15:30:00,231.39999389648438,234.39999389648438,230.60000610351562,233.89999389648438,2818588
2026-03-04 16:30:00,230.1999969482422,231.60000610351562,229.1999969482422,231.39999389648438,2739785
2026-03-05 09:30:00,245.89999389648438,246.39999389648438,234.10000610351562,234.89999389648438,11548833
2026-03-05 10:30:00,241.8000030517578,246.0,240.8000030517578,245.8000030517578,9425524
2026-03-05 11:30:00,241.5,244.6999969482422,241.3000030517578,241.6999969482422,4785908
2026-03-05 12:30:00,242.89999389648438,243.6999969482422,241.10000610351562,241.5,2163716
2026-03-05 13:30:00,244.3000030517578,245.10000610351562,242.8000030517578,242.89999389648438,3313006
2026-03-05 14:30:00,245.60000610351562,246.10000610351562,243.5,244.3000030517578,3235613
2026-03-05 15:30:00,245.39999389648438,245.89999389648438,244.39999389648438,245.6999969482422,2385640
2026-03-05 16:30:00,245.89999389648438,246.39999389648438,244.5,245.3000030517578,4014015
2026-03-06 09:30:00,256.5,257.25,249.5,249.6999969482422,11954843
2026-03-06 10:30:00,255.25,258.5,252.75,256.5,6980107
2026-03-06 11:30:00,256.75,258.75,255.0,255.5,4354156
2026-03-06 12:30:00,262.5,263.75,256.5,256.75,7397097
2026-03-06 13:30:00,258.25,262.75,257.5,262.5,5109186
2026-03-06 14:30:00,256.0,259.25,255.5,258.0,6125275
2026-03-06 15:30:00,252.75,256.0,251.25,256.0,6533860
2026-03-06 16:30:00,254.0,255.25,251.25,253.0,5716007
2026-03-09 09:30:00,273.5,277.25,268.5,277.0,11329336
2026-03-09 10:30:00,269.0,274.5,267.5,273.75,8617367
2026-03-09 11:30:00,268.0,269.75,266.5,269.0,5202460
2026-03-09 12:30:00,264.0,269.0,258.25,268.0,10489505
2026-03-09 13:30:00,262.25,264.5,261.75,264.0,3714682
2026-03-09 14:30:00,260.5,262.25,260.0,262.25,3458116
2026-03-09 15:30:00,250.25,261.0,250.25,260.5,7910955
2026-03-09 16:30:00,255.0,256.0,248.10000610351562,250.0,9026449
2026-03-10 09:30:00,246.3000030517578,247.10000610351562,239.5,239.5,11694772
2026-03-10 10:30:00,240.89999389648438,249.6999969482422,240.60000610351562,246.3000030517578,11079772
2026-03-10 11:30:00,245.6999969482422,246.0,240.1999969482422,240.89999389648438,6161124
2026-03-10 12:30:00,245.89999389648438,246.6999969482422,244.3000030517578,245.6999969482422,3891829
2026-03-10 13:30:00,245.0,248.1999969482422,244.6999969482422,246.0,4936732
2026-03-10 14:30:00,245.60000610351562,247.5,244.3000030517578,245.0,7086963
2026-03-10 15:30:00,248.0,248.6999969482422,245.5,245.6999969482422,5917269
2026-03-10 16:30:00,247.6999969482422,252.0,247.60000610351562,248.0,6611269
2026-03-11 09:30:00,251.75,254.0,247.5,248.8000030517578,7686489
2026-03-11 10:30:00,250.75,252.25,248.89999389648438,251.5,4442443
2026-03-11 11:30:00,253.25,253.5,249.1999969482422,250.75,4735420
2026-03-11 12:30:00,254.0,258.0,252.0,253.25,7945680
2026-03-11 13:30:00,253.0,254.0,252.25,253.75,2066329
2026-03-11 14:30:00,253.0,254.25,252.0,253.0,2686634
2026-03-11 15:30:00,253.25,256.75,252.5,253.0,4745013
2026-03-11 16:30:00,250.25,253.75,248.39999389648438,253.5,6993962
2026-03-12 09:30:00,251.75,256.75,251.25,256.5,5994414
2026-03-12 10:30:00,253.0,253.5,250.25,251.5,3814079
2026-03-12 11:30:00,260.0,261.25,252.75,253.25,12285722
2026-03-12 12:30:00,258.75,261.0,257.75,260.0,4257394
2026-03-12 13:30:00,258.75,259.5,258.0,258.75,2099871
2026-03-12 14:30:00,259.0,259.75,257.5,258.5,3643994
2026-03-12 15:30:00,262.0,262.75,258.5,258.75,5650302
2026-03-12 16:30:00,262.0,263.5,261.25,261.75,6012869
2026-03-13 09:30:00,264.5,264.75,260.75,264.75,4513672
2026-03-13 10:30:00,259.5,266.0,259.0,264.5,5331575
2026-03-13 11:30:00,258.75,260.5,258.0,259.5,2811744
2026-03-13 12:30:00,259.25,260.0,258.25,258.5,1374556
2026-03-13 13:30:00,262.75,263.75,258.5,259.25,2488955
2026-03-13 14:30:00,266.0,267.5,262.0,262.75,8339422
2026-03-13 15:30:00,267.0,269.0,262.75,265.75,8758118
2026-03-13 16:30:00,265.75,267.25,265.0,267.25,3987601
2026-03-16 09:30:00,256.5,260.0,252.0,259.75,6125085
2026-03-16 10:30:00,253.5,257.25,252.75,256.5,3270629
2026-03-16 11:30:00,256.5,257.75,253.25,253.5,3564861
2026-03-16 12:30:00,257.0,257.25,255.5,256.25,2099320
2026-03-16 13:30:00,256.75,257.25,255.5,257.0,1954834
2026-03-16 14:30:00,258.0,261.0,256.5,257.0,4581293
2026-03-16 15:30:00,258.25,259.0,257.25,257.75,1851131
2026-03-16 16:30:00,255.5,258.75,255.25,258.25,3434567
2026-03-17 09:30:00,256.25,258.75,256.0,256.5,3472116
2026-03-17 10:30:00,254.75,257.25,254.0,256.25,6099188
2026-03-17 11:30:00,254.0,255.5,253.5,255.0,2975708
2026-03-17 12:30:00,254.25,254.5,252.25,254.0,2789493
2026-03-17 13:30:00,252.75,254.5,252.0,254.25,1535213
2026-03-17 14:30:00,253.5,254.75,251.5,252.5,2513874
2026-03-17 15:30:00,252.75,254.0,252.0,253.25,2147449
2026-03-17 16:30:00,253.25,254.5,251.0,252.75,3574967
2026-03-18 09:30:00,250.75,253.5,248.5,251.5,5081861
2026-03-18 10:30:00,249.6999969482422,252.0,248.6999969482422,250.5,4464385
2026-03-18 11:30:00,250.75,251.0,249.3000030517578,249.6999969482422,2483935
2026-03-18 12:30:00,251.75,252.25,249.8000030517578,250.75,3130978
2026-03-18 13:30:00,254.0,254.25,249.39999389648438,251.75,5439404
2026-03-18 14:30:00,253.75,255.0,252.0,253.75,5868053
2026-03-18 15:30:00,253.0,255.75,252.75,253.5,6486370
2026-03-18 16:30:00,256.5,257.25,252.25,253.0,6808743
2026-03-19 09:30:00,259.25,263.5,257.75,258.75,9074094
2026-03-19 10:30:00,255.75,260.0,254.75,259.25,5117201
2026-03-19 11:30:00,255.25,257.75,253.25,255.75,6403279
2026-03-19 12:30:00,253.25,255.5,253.25,255.5,2367568
2026-03-23 09:30:00,260.25,262.75,255.25,255.25,9103008
2026-03-23 10:30:00,262.75,265.25,257.25,260.25,14360466
2026-03-23 11:30:00,264.0,265.75,262.5,262.5,6488092
2026-03-23 12:30:00,261.75,264.25,261.25,263.75,4291676
2026-03-23 13:30:00,252.75,262.75,249.39999389648438,261.75,15139712
2026-03-23 14:30:00,258.75,259.75,252.0,252.5,9022289
2026-03-23 15:30:00,257.5,258.75,254.75,258.75,5798391
2026-03-23 16:30:00,255.75,257.75,253.25,257.25,5978195
2026-03-24 09:30:00,254.0,259.25,253.5,258.5,3983193
2026-03-24 10:30:00,258.75,259.25,252.75,254.0,6224998
2026-03-24 11:30:00,259.75,260.75,258.25,258.5,4140345
2026-03-24 12:30:00,257.75,260.5,257.0,259.75,2624290
2026-03-24 13:30:00,257.25,258.5,257.0,257.5,2552171
2026-03-24 14:30:00,258.75,260.0,257.0,257.25,2835899
2026-03-24 15:30:00,258.5,259.5,258.0,259.0,3016732
2026-03-24 16:30:00,258.25,260.0,257.5,258.5,4803281
2026-03-25 09:30:00,255.75,257.0,252.0,254.5,5272255
2026-03-25 10:30:00,254.5,256.25,254.0,255.75,2236219
2026-03-25 11:30:00,253.0,254.5,252.5,254.5,2221774
2026-03-25 12:30:00,252.75,254.5,252.75,253.0,1484253
2026-03-25 13:30:00,251.5,253.25,250.25,253.0,2508412
2026-03-25 14:30:00,253.0,253.25,248.0,251.25,5952786
2026-03-25 15:30:00,251.0,255.0,250.25,253.25,5819463
2026-03-25 16:30:00,251.75,252.75,250.75,250.75,3507854
2026-03-26 09:30:00,239.6999969482422,242.8000030517578,238.60000610351562,242.8000030517578,9169606
2026-03-26 10:30:00,240.89999389648438,242.39999389648438,239.10000610351562,239.6999969482422,6829190
2026-03-26 11:30:00,239.6999969482422,241.6999969482422,239.39999389648438,241.0,5046292
2026-03-26 12:30:00,237.6999969482422,239.89999389648438,237.10000610351562,239.6999969482422,4784322
2026-03-26 13:30:00,238.5,238.8000030517578,236.5,237.6999969482422,4066132
2026-03-26 14:30:00,239.8000030517578,241.1999969482422,238.3000030517578,238.5,5642473
2026-03-26 15:30:00,239.60000610351562,240.60000610351562,239.39999389648438,239.8000030517578,2724110
2026-03-26 16:30:00,241.39999389648438,242.3000030517578,239.0,239.60000610351562,4715163
2026-03-27 09:30:00,240.89999389648438,241.5,236.89999389648438,240.6999969482422,3964322
2026-03-27 10:30:00,236.0,241.39999389648438,234.0,240.89999389648438,7441215
2026-03-27 11:30:00,236.0,237.3000030517578,234.39999389648438,236.10000610351562,5261551
2026-03-27 12:30:00,238.60000610351562,238.60000610351562,234.1999969482422,236.0,5898817
2026-03-27 13:30:00,237.89999389648438,239.5,237.0,238.5,4499340
2026-03-27 14:30:00,238.60000610351562,239.1999969482422,237.60000610351562,237.89999389648438,2577060
2026-03-27 15:30:00,238.0,238.6999969482422,236.89999389648438,238.6999969482422,2880472
2026-03-27 16:30:00,238.89999389648438,239.8000030517578,237.5,238.0,4318298
2026-03-30 09:30:00,246.89999389648438,251.25,244.5,245.0,0
2026-03-30 10:30:00,248.8000030517578,249.0,245.10000610351562,246.8000030517578,4860915
2026-03-30 11:30:00,247.6999969482422,249.0,247.39999389648438,248.8000030517578,2932189
2026-03-30 12:30:00,245.5,247.89999389648438,245.3000030517578,247.6999969482422,2454199
2026-03-30 13:30:00,247.5,248.10000610351562,245.5,245.60000610351562,2295436
2026-03-30 14:30:00,247.0,248.0,245.8000030517578,247.5,3207156
2026-03-30 15:30:00,246.1999969482422,247.60000610351562,245.8000030517578,246.89999389648438,3519069
2026-03-30 16:30:00,246.39999389648438,247.3000030517578,245.8000030517578,246.1999969482422,3025089
2026-03-30 17:30:00,247.0,247.39999389648438,246.3000030517578,246.39999389648438,2645323
2026-03-31 09:30:00,243.39999389648438,246.0,241.6999969482422,245.1999969482422,0
2026-03-31 10:30:00,243.10000610351562,247.0,243.0,243.39999389648438,4846480
2026-03-31 11:30:00,241.89999389648438,243.5,241.5,243.1999969482422,2671185
2026-03-31 12:30:00,245.6999969482422,246.39999389648438,241.8000030517578,241.89999389648438,4846120
2026-03-31 13:30:00,246.5,247.8000030517578,245.0,245.6999969482422,4550342
2026-03-31 14:30:00,250.75,251.75,246.3000030517578,246.5,5328865
2026-03-31 15:30:00,255.75,257.75,250.5,250.75,9937989
2026-03-31 16:30:00,259.5,259.75,253.25,256.0,6929980
2026-03-31 17:30:00,258.75,262.75,258.0,259.75,6879370
2026-04-01 09:30:00,255.0,256.75,251.5,253.25,0
2026-04-01 10:30:00,253.75,256.5,251.75,255.25,8390210
2026-04-01 11:30:00,256.0,257.25,252.75,254.0,6164518
2026-04-01 12:30:00,255.0,257.75,254.75,256.25,4193629
2026-04-01 13:30:00,255.75,257.5,254.75,255.0,3598258
2026-04-01 14:30:00,254.5,256.0,254.0,256.0,2656426
2026-04-01 15:30:00,254.25,255.25,252.75,254.5,4037538
2026-04-01 16:30:00,253.75,254.25,252.25,254.25,4082820
2026-04-01 17:30:00,253.0,253.75,252.5,253.5,3163726
2026-04-02 09:30:00,257.0,261.5,256.5,260.0,0
2026-04-02 10:30:00,257.75,258.5,256.25,256.75,4135470
2026-04-02 11:30:00,259.25,259.5,256.5,257.75,3721827
2026-04-02 12:30:00,258.0,260.0,257.25,259.25,2848423
2026-04-02 13:30:00,257.25,258.25,257.0,257.75,1256533
2026-04-02 14:30:00,257.75,258.25,257.0,257.5,1762348
2026-04-02 15:30:00,258.5,259.25,256.0,257.5,3556557
2026-04-02 16:30:00,258.0,258.75,256.25,258.25,4396182
2026-04-02 17:30:00,255.0,258.25,253.0,258.0,4640266
2026-04-03 09:30:00,258.0,261.25,256.25,257.0,0
2026-04-03 10:30:00,257.5,258.5,256.5,257.75,2261107
2026-04-03 11:30:00,257.75,258.25,257.0,257.5,1548925
2026-04-03 12:30:00,258.0,258.5,257.5,257.75,1477945
2026-04-03 13:30:00,257.5,258.5,257.0,258.0,1367549
2026-04-03 14:30:00,257.75,257.75,256.25,257.25,1933170
2026-04-03 15:30:00,256.25,257.75,255.75,257.5,2126380
2026-04-03 16:30:00,256.5,258.25,256.0,256.25,2507897
2026-04-03 17:30:00,256.0,257.0,255.75,256.5,1551397
2026-04-06 09:30:00,257.0,258.0,256.0,257.25,0
2026-04-06 10:30:00,256.5,257.25,253.75,257.0,4556228
2026-04-06 11:30:00,256.75,257.75,255.25,256.25,3573511
2026-04-06 12:30:00,258.0,259.5,256.25,256.75,3811395
2026-04-06 13:30:00,257.75,258.25,257.25,257.75,2135318
2026-04-06 14:30:00,259.0,260.25,257.5,257.5,3678204
2026-04-06 15:30:00,258.75,259.25,257.75,259.0,2609962
2026-04-06 16:30:00,258.0,259.25,257.75,258.75,2912855
2026-04-06 17:30:00,256.5,258.0,256.25,257.75,1705857
2026-04-07 09:30:00,262.0,264.5,258.75,259.5,0
2026-04-07 10:30:00,261.0,262.5,260.25,262.25,3986770
2026-04-07 11:30:00,257.75,261.75,257.5,261.0,4107904
2026-04-07 12:30:00,258.0,258.5,256.25,257.75,3065209
2026-04-07 13:30:00,259.25,261.5,257.25,258.0,5612056
2026-04-07 14:30:00,259.5,260.5,258.25,259.25,3567088
2026-04-07 15:30:00,258.5,259.75,257.5,259.25,2761715
2026-04-07 16:30:00,259.0,260.0,258.0,258.5,5290949
2026-04-07 17:30:00,259.0,260.0,258.5,259.0,2286464
2026-04-08 09:30:00,242.0,248.0,240.1999969482422,246.0,0
2026-04-08 10:30:00,244.6999969482422,245.0,241.8000030517578,242.0,12829941
2026-04-08 11:30:00,243.39999389648438,245.6999969482422,242.89999389648438,244.8000030517578,8027770
2026-04-08 12:30:00,246.0,246.39999389648438,243.3000030517578,243.39999389648438,8022640
2026-04-08 13:30:00,248.39999389648438,249.5,245.89999389648438,245.89999389648438,9781170
2026-04-08 14:30:00,249.89999389648438,251.0,246.1999969482422,248.39999389648438,8488210
2026-04-08 15:30:00,249.6999969482422,251.25,249.0,250.0,8259668
2026-04-08 16:30:00,252.25,253.0,249.5,249.6999969482422,8722822
2026-04-08 17:30:00,251.0,253.75,250.75,252.25,6226121
2026-04-09 09:30:00,254.75,255.75,253.5,255.0,0
2026-04-09 10:30:00,252.5,254.75,252.25,254.5,6264941
2026-04-09 11:30:00,252.0,253.5,250.75,252.25,4007556
2026-04-09 12:30:00,252.0,252.25,250.75,251.75,2291478
2026-04-09 13:30:00,252.5,252.75,251.0,252.0,2684274
2026-04-09 14:30:00,251.5,253.25,251.25,252.25,3951944
2026-04-09 15:30:00,252.5,253.25,251.25,251.5,3952874
2026-04-09 16:30:00,254.75,255.0,252.25,252.5,8578377
2026-04-09 17:30:00,255.0,256.0,254.25,254.75,8064548
2026-04-10 09:30:00,255.0,256.25,252.75,253.5,0
2026-04-10 10:30:00,254.0,255.25,253.75,254.75,2980708
2026-04-10 11:30:00,254.5,255.75,253.75,253.75,2417858
2026-04-10 12:30:00,253.5,255.0,253.25,254.5,2795937
2026-04-10 13:30:00,253.25,254.0,253.0,253.5,2454908
2026-04-10 14:30:00,252.25,253.75,252.0,253.0,3298686
2026-04-10 15:30:00,253.5,253.75,251.75,252.25,4076059
2026-04-10 16:30:00,254.0,254.5,253.0,253.5,5327784
2026-04-10 17:30:00,254.5,255.0,254.0,254.0,4157320
2026-04-13 09:30:00,260.5,262.75,260.25,261.0,0
2026-04-13 10:30:00,260.0,261.75,259.75,260.75,4404011
2026-04-13 11:30:00,261.25,261.75,259.5,259.75,3860680
2026-04-13 12:30:00,263.5,264.0,261.25,261.5,7142432
2026-04-13 13:30:00,262.75,263.75,262.5,263.5,2446444
2026-04-13 14:30:00,266.25,268.5,262.75,262.75,12058979
2026-04-13 15:30:00,265.25,266.25,263.75,266.25,3955993
2026-04-13 16:30:00,262.75,265.25,262.0,265.25,5463235
2026-04-13 17:30:00,263.75,265.75,262.75,263.0,5631181
2026-04-14 09:30:00,264.5,264.75,260.75,262.0,0
2026-04-14 10:30:00,266.75,267.75,264.25,264.25,6827114
2026-04-14 11:30:00,268.0,269.5,266.25,266.75,5264126
2026-04-14 12:30:00,265.5,268.5,265.25,268.0,3138871
2026-04-14 13:30:00,269.25,270.75,264.5,265.75,7501215
2026-04-14 14:30:00,271.75,272.0,268.5,269.25,4411256
2026-04-14 15:30:00,269.5,272.5,269.0,271.5,4259025
2026-04-14 16:30:00,266.75,270.5,266.5,269.5,5724409
2026-04-14 17:30:00,268.5,268.75,266.0,266.75,2580779
2026-04-15 09:30:00,265.25,268.5,263.75,265.5,0
2026-04-15 10:30:00,263.75,265.5,263.5,265.25,3157373
2026-04-15 11:30:00,265.25,266.0,263.75,264.0,3006828
2026-04-15 12:30:00,265.5,266.0,264.75,265.0,1596297
2026-04-15 13:30:00,264.25,265.75,263.75,265.5,2294038
2026-04-15 14:30:00,264.5,265.0,264.25,264.5,1326378
2026-04-15 15:30:00,264.25,264.75,264.0,264.5,1216591
2026-04-15 16:30:00,262.5,264.75,261.75,264.5,3565946
2026-04-15 17:30:00,262.0,262.75,261.5,262.5,1837583
2026-04-16 09:30:00,262.5,263.75,261.5,262.25,0
2026-04-16 10:30:00,264.75,265.25,261.5,262.75,5088388
2026-04-16 11:30:00,263.75,265.5,263.5,264.75,2085676
2026-04-16 12:30:00,263.75,265.25,263.5,264.0,2013720
2026-04-16 13:30:00,264.75,265.0,263.75,263.75,644844
2026-04-16 14:30:00,265.75,266.5,264.5,264.75,4598220
2026-04-16 15:30:00,266.0,267.0,264.75,266.0,3019762
2026-04-16 16:30:00,265.75,266.25,265.0,266.0,2365111
2026-04-16 17:30:00,267.0,268.0,265.25,265.5,4891488
2026-04-17 09:30:00,266.75,268.75,266.0,267.75,0
2026-04-17 10:30:00,265.0,266.75,265.0,266.5,2263807
2026-04-17 11:30:00,266.0,267.0,265.0,265.0,1450188
2026-04-17 12:30:00,264.25,266.0,264.0,266.0,2075657
2026-04-17 13:30:00,263.0,264.25,262.25,264.0,2077059
2026-04-17 14:30:00,263.0,263.75,262.75,262.75,1654866
2026-04-17 15:30:00,256.5,263.75,253.5,263.0,14806747
2026-04-17 16:30:00,253.25,256.5,251.5,256.25,8902308
2026-04-17 17:30:00,253.5,254.25,252.5,253.25,4999586
2026-04-20 11:30:00,258.0,258.0,253.0,253.0,222981
2026-04-20 12:30:00,257.5,258.0,257.5,258.0,831412
2026-04-20 13:30:00,257.75,257.75,253.0,257.75,832944
2026-04-20 14:30:00,257.5,257.75,253.0,257.75,1772916
2026-04-20 15:30:00,256.5,258.0,256.25,257.5,1907213
2026-04-20 16:30:00,256.0,257.0,254.25,256.75,3996709
2026-04-20 17:30:00,255.5,258.0,255.0,256.0,4303219
2026-04-21 09:30:00,255.75,257.5,255.0,255.0,0
2026-04-21 10:30:00,256.5,257.0,255.5,256.0,3130056
2026-04-21 11:30:00,257.5,257.75,255.75,256.5,3652184
2026-04-21 12:30:00,255.5,258.75,254.5,257.5,4660644
2026-04-21 13:30:00,256.25,257.75,253.25,255.5,4569264
2026-04-21 14:30:00,255.75,256.75,255.0,256.25,1989866
2026-04-21 15:30:00,256.0,257.0,255.0,256.0,2356481
2026-04-21 16:30:00,255.75,257.0,254.75,256.0,2431244
2026-04-21 17:30:00,254.5,256.0,254.0,256.0,2540303
2026-04-22 09:30:00,258.0,259.5,253.75,253.75,0
2026-04-22 10:30:00,259.75,260.5,257.0,257.75,3877469
2026-04-22 11:30:00,259.75,260.5,258.5,260.0,3169609
2026-04-22 12:30:00,262.0,262.5,259.5,259.75,3470749
2026-04-22 13:30:00,263.25,264.25,261.25,262.0,5344978
2026-04-22 14:30:00,262.0,263.5,261.5,263.25,1861695
2026-04-22 15:30:00,262.25,263.25,261.5,261.75,2466767
2026-04-22 16:30:00,263.25,264.25,262.25,262.25,3065220
2026-04-22 17:30:00,263.75,264.0,263.0,263.25,2516354
2026-04-24 09:30:00,268.25,272.5,266.0,266.0,0
2026-04-24 10:30:00,268.75,269.75,267.75,268.5,2976088
2026-04-24 11:30:00,269.0,269.25,267.75,268.75,1340357
2026-04-24 12:30:00,268.75,269.25,268.25,268.75,1063255
2026-04-24 13:30:00,267.25,270.0,266.75,268.75,3154030
2026-04-24 14:30:00,269.0,269.75,266.0,267.25,3787287
2026-04-24 15:30:00,268.0,270.25,267.5,269.25,3482582
2026-04-24 16:30:00,268.25,268.5,267.5,268.25,1527366
2026-04-24 17:30:00,268.0,268.25,266.5,268.25,1900185
2026-04-27 09:30:00,273.5,274.25,270.25,270.5,0
2026-04-27 10:30:00,272.25,273.75,271.25,273.25,3941098
2026-04-27 11:30:00,273.75,274.75,271.5,272.25,2424524
2026-04-27 12:30:00,272.25,274.25,271.75,274.0,1657838
2026-04-27 13:30:00,271.25,272.75,270.75,272.0,1629893
2026-04-27 14:30:00,270.5,271.75,270.25,271.5,1094877
2026-04-27 15:30:00,271.25,271.75,270.5,270.75,1140923
2026-04-27 16:30:00,274.75,275.5,271.25,271.5,5068017
2026-04-27 17:30:00,273.25,274.75,273.0,274.5,1916774
2026-04-28 09:30:00,279.25,279.5,274.25,276.5,0
2026-04-28 10:30:00,274.25,279.25,273.75,279.25,3069245
2026-04-28 11:30:00,274.75,275.5,273.25,274.0,1901389
2026-04-28 12:30:00,275.0,275.0,273.75,274.75,1273214
2026-04-28 13:30:00,275.5,276.0,273.25,274.75,1592077
2026-04-28 14:30:00,273.5,275.75,273.25,275.5,1597666
2026-04-28 15:30:00,271.5,274.0,270.25,273.75,3436467
2026-04-28 16:30:00,270.75,272.75,270.0,271.75,1929668
2026-04-28 17:30:00,270.25,270.75,269.25,270.5,2148222
2026-04-29 09:30:00,271.5,272.5,270.5,271.75,0
2026-04-29 10:30:00,274.5,274.5,271.5,271.75,3638844
2026-04-29 11:30:00,275.0,275.75,274.0,274.5,3091103
2026-04-29 12:30:00,276.0,276.5,275.0,275.0,1551816
2026-04-29 13:30:00,275.25,276.5,274.5,276.0,1281139
2026-04-29 14:30:00,273.75,275.5,272.75,275.5,1690720
2026-04-29 15:30:00,275.0,275.75,273.5,273.75,2345816
2026-04-29 16:30:00,274.25,276.25,273.75,275.0,2541580
2026-04-29 17:30:00,275.0,275.5,274.0,274.25,1644063
2026-04-30 09:30:00,276.75,279.5,276.25,278.5,0
2026-04-30 10:30:00,273.75,276.75,272.5,276.75,3463144
2026-04-30 11:30:00,272.75,273.75,272.0,273.5,2397069
2026-04-30 12:30:00,271.0,272.75,270.5,272.75,1869597
2026-04-30 13:30:00,269.75,272.25,269.5,271.25,1256741
2026-04-30 14:30:00,270.0,271.5,267.25,269.75,2064864
2026-04-30 15:30:00,269.75,271.5,269.25,269.75,3350553
2026-04-30 16:30:00,270.75,271.75,269.5,269.75,2180054
2026-04-30 17:30:00,270.25,271.5,269.5,271.0,2733890
2026-05-04 09:30:00,268.5,271.0,265.0,270.75,0
2026-05-04 10:30:00,270.25,271.5,266.0,268.25,4188534
2026-05-04 11:30:00,271.25,272.0,269.0,270.25,2111308
2026-05-04 12:30:00,272.75,274.75,270.5,271.25,4971517
2026-05-04 13:30:00,271.0,273.75,269.75,273.0,3657848
2026-05-04 14:30:00,270.75,271.5,269.0,270.75,2867234
2026-05-04 15:30:00,269.0,271.75,268.25,271.0,1930567
2026-05-04 16:30:00,270.25,270.25,268.0,269.0,1479538
2026-05-04 17:30:00,271.5,271.75,269.75,270.0,2369337
2026-05-05 09:30:00,270.75,273.0,269.75,272.0,0
2026-05-05 10:30:00,269.75,271.0,267.75,270.5,2784055
2026-05-05 11:30:00,270.25,270.5,269.0,270.0,969415
2026-05-05 12:30:00,270.5,271.0,269.5,270.25,859557
2026-05-05 13:30:00,272.0,274.25,270.25,270.5,3074679
2026-05-05 14:30:00,270.25,272.25,270.0,272.25,1392554
2026-05-05 15:30:00,271.75,272.0,270.0,270.25,1698655
2026-05-05 16:30:00,272.5,273.5,271.75,271.75,2265379
2026-05-05 17:30:00,271.0,272.75,270.25,272.25,1698601
2026-05-06 09:30:00,268.0,269.75,266.5,269.5,0
2026-05-06 10:30:00,269.75,269.75,267.0,268.0,2632377
2026-05-06 11:30:00,269.25,274.0,269.0,269.5,7694657
2026-05-06 12:30:00,268.25,270.75,267.75,269.25,3440926
2026-05-06 13:30:00,266.0,268.75,259.75,268.5,10598576
2026-05-06 14:30:00,267.25,269.0,265.25,266.0,5151069
2026-05-06 15:30:00,267.5,268.75,267.0,267.25,1882387
2026-05-06 16:30:00,269.0,269.0,266.5,267.5,2636887
2026-05-06 17:30:00,271.0,271.25,268.5,268.75,3347975
2026-05-07 09:30:00,263.25,268.25,261.5,268.0,0
2026-05-07 10:30:00,261.5,263.25,260.25,263.25,5080355
2026-05-07 11:30:00,261.0,261.75,260.5,261.75,2053821
2026-05-07 12:30:00,261.25,262.0,260.5,261.0,1907301
2026-05-07 13:30:00,261.0,261.5,260.75,261.25,1429930
2026-05-07 14:30:00,259.75,261.5,259.5,261.0,3807632
2026-05-07 15:30:00,260.0,260.75,259.5,259.75,1869019
2026-05-07 16:30:00,260.5,260.75,259.5,260.0,3175961
2026-05-07 17:30:00,259.5,261.0,259.25,260.5,2359122
2026-05-08 09:30:00,261.75,262.75,260.5,262.0,0
2026-05-08 10:30:00,261.0,261.75,260.75,261.5,1653608
2026-05-08 11:30:00,260.5,261.5,260.0,261.0,2003267
2026-05-08 12:30:00,260.25,260.5,260.0,260.25,853401
2026-05-08 13:30:00,260.5,260.75,259.75,260.25,1736618
2026-05-08 14:30:00,260.75,261.5,260.25,260.25,2695104
2026-05-08 15:30:00,261.0,261.5,260.5,260.75,2270088
2026-05-08 16:30:00,260.75,261.25,260.0,261.0,2024578
2026-05-08 17:30:00,259.25,261.25,258.75,260.75,2667642
2026-05-11 09:30:00,261.25,263.5,261.0,262.5,0
2026-05-11 10:30:00,261.75,262.75,261.25,261.5,3208887
2026-05-11 11:30:00,262.25,262.5,261.5,261.75,1946499
2026-05-11 12:30:00,263.25,263.75,262.25,262.25,3274505
2026-05-11 13:30:00,263.5,263.75,262.75,263.25,1909230
2026-05-11 14:30:00,263.75,264.25,262.75,263.25,2027679
2026-05-11 15:30:00,261.75,264.0,261.5,263.75,2951607
2026-05-11 16:30:00,261.75,262.25,261.25,261.75,2177524
2026-05-11 17:30:00,260.0,261.75,259.5,261.5,3016415
2026-05-12 09:30:00,261.0,262.0,260.0,261.0,0
2026-05-12 10:30:00,261.5,262.5,260.5,260.75,3917480
2026-05-12 11:30:00,260.25,261.75,260.0,261.5,2807964
2026-05-12 12:30:00,258.75,260.5,257.75,260.5,2328285
2026-05-12 13:30:00,259.5,260.25,258.5,258.5,2118787
2026-05-12 14:30:00,259.0,260.25,259.0,259.25,1314044
2026-05-12 15:30:00,258.75,260.5,258.5,259.25,1635344
2026-05-12 16:30:00,257.5,258.75,255.0,258.75,4189726
2026-05-12 17:30:00,256.25,257.5,254.5,257.5,2727380
2026-05-13 09:30:00,256.0,256.75,253.5,255.25,0
2026-05-13 10:30:00,254.25,256.5,253.75,256.0,2523581
2026-05-13 11:30:00,254.5,254.75,253.5,254.25,1264390
2026-05-13 12:30:00,253.0,254.25,252.25,254.25,1703329
2026-05-13 13:30:00,254.5,255.5,253.0,253.25,2536341
2026-05-13 14:30:00,250.75,254.5,250.75,254.25,2217432
2026-05-13 15:30:00,253.5,253.5,250.25,251.0,2608475
2026-05-13 16:30:00,251.0,253.5,250.5,253.5,2313892
2026-05-13 17:30:00,250.5,251.5,250.0,251.0,2344909
2026-05-14 09:30:00,254.5,254.75,250.75,250.75,0
2026-05-14 10:30:00,254.25,255.0,253.25,254.75,1119660
2026-05-14 11:30:00,253.0,254.5,252.5,254.25,890237
2026-05-14 12:30:00,254.5,254.5,253.0,253.25,756886
2026-05-14 13:30:00,254.0,255.5,253.5,254.25,1321222
2026-05-14 14:30:00,252.75,254.25,252.25,254.0,1245903
2026-05-14 15:30:00,253.0,253.25,251.25,252.5,1616016
2026-05-14 16:30:00,252.0,253.25,251.75,252.75,963984
2026-05-14 17:30:00,253.5,253.5,252.0,252.25,1711291
2026-05-15 09:30:00,257.0,258.0,255.0,255.0,0
2026-05-15 10:30:00,257.25,258.0,256.25,257.25,2575604
2026-05-15 11:30:00,257.5,258.5,256.25,257.0,1918337
2026-05-15 12:30:00,257.25,258.25,257.0,257.5,1213944
2026-05-15 13:30:00,257.5,258.0,256.75,257.25,718633
2026-05-15 14:30:00,256.25,257.5,256.0,257.5,927177
2026-05-15 15:30:00,256.0,256.5,254.75,256.25,1202456
2026-05-15 16:30:00,255.25,256.0,252.75,255.75,2286464
2026-05-15 17:30:00,255.25,256.0,254.75,255.0,1146906
2026-05-18 09:30:00,260.0,263.25,259.25,261.0,0
2026-05-18 10:30:00,259.0,260.25,257.5,259.75,1952189
2026-05-18 11:30:00,257.0,259.25,256.75,259.0,856057
2026-05-18 12:30:00,256.25,257.5,256.25,257.0,863189
2026-05-18 13:30:00,255.0,256.5,254.5,256.5,1354796
2026-05-18 14:30:00,253.5,256.25,253.25,255.25,1657295
2026-05-18 15:30:00,251.0,253.75,250.0,253.5,2243501
2026-05-18 16:30:00,251.75,252.75,250.5,251.25,1757028
2026-05-18 17:30:00,253.25,254.25,251.5,251.75,2156404
2026-05-20 09:30:00,249.8000030517578,253.75,248.89999389648438,251.75,0
2026-05-20 10:30:00,251.75,252.0,249.60000610351562,249.8000030517578,2065328
2026-05-20 11:30:00,250.25,252.25,250.25,251.5,773049
2026-05-20 12:30:00,249.39999389648438,250.75,249.1999969482422,250.5,908015
2026-05-20 13:30:00,251.75,252.25,248.60000610351562,249.39999389648438,2115984
2026-05-20 14:30:00,251.0,252.25,250.25,252.0,613710
2026-05-20 15:30:00,251.5,252.0,250.75,251.0,576849
2026-05-20 16:30:00,250.75,252.0,249.3000030517578,251.5,1928571
2026-05-20 17:30:00,250.0,251.25,249.6999969482422,250.75,1158367
2026-05-21 09:30:00,250.25,252.0,248.60000610351562,249.10000610351562,0
2026-05-21 10:30:00,249.60000610351562,250.75,249.1999969482422,250.0,1375357
2026-05-21 11:30:00,251.25,252.75,249.5,249.60000610351562,1709006
2026-05-21 12:30:00,253.0,253.25,251.0,251.25,783526
2026-05-21 13:30:00,251.75,253.5,251.25,252.75,1336954
2026-05-21 14:30:00,251.25,251.75,250.5,251.75,823618
2026-05-21 15:30:00,249.5,252.0,249.3000030517578,251.25,946866
2026-05-21 16:30:00,246.0,250.25,245.8000030517578,249.5,2230273
2026-05-21 17:30:00,241.6999969482422,246.39999389648438,240.0,246.10000610351562,2234262
2026-05-22 09:30:00,243.1999969482422,246.0,239.0,240.0,0
2026-05-22 10:30:00,241.8000030517578,244.8000030517578,241.39999389648438,243.3000030517578,2791426
2026-05-22 11:30:00,242.6999969482422,243.39999389648438,240.6999969482422,241.89999389648438,1625717
2026-05-22 12:30:00,243.6999969482422,244.3000030517578,242.6999969482422,242.6999969482422,1253803
2026-05-22 13:30:00,241.39999389648438,244.8000030517578,241.0,243.6999969482422,2340394
2026-05-22 14:30:00,240.60000610351562,243.3000030517578,240.5,241.39999389648438,5026564
2026-05-22 15:30:00,240.60000610351562,242.0,239.1999969482422,240.60000610351562,4392165
2026-05-22 16:30:00,240.6999969482422,242.89999389648438,240.39999389648438,240.60000610351562,4959972
2026-05-22 17:30:00,243.3000030517578,244.0,239.8000030517578,240.6999969482422,3341303
2026-05-25 09:30:00,234.39999389648438,239.0,234.0,238.10000610351562,0
2026-05-25 10:30:00,235.0,235.60000610351562,232.3000030517578,234.39999389648438,4021753
2026-05-25 11:30:00,236.10000610351562,236.1999969482422,234.89999389648438,235.0,1852658
2026-05-25 12:30:00,235.6999969482422,236.6999969482422,235.5,236.10000610351562,1137683
2026-05-25 13:30:00,234.39999389648438,235.6999969482422,233.89999389648438,235.6999969482422,1630909
2026-05-25 14:30:00,233.60000610351562,234.39999389648438,232.5,234.3000030517578,2683383
2026-05-25 15:30:00,234.3000030517578,234.89999389648438,233.5,233.60000610351562,1012035
2026-05-25 16:30:00,233.8000030517578,234.8000030517578,233.60000610351562,234.1999969482422,1674081
2026-05-25 17:30:00,234.1999969482422,234.3000030517578,233.1999969482422,233.8000030517578,1667592
2026-05-26 09:30:00,233.5,236.39999389648438,233.1999969482422,236.0,0
2026-05-26 10:30:00,232.39999389648438,233.8000030517578,232.1999969482422,233.39999389648438,2370828
2026-05-26 11:30:00,235.5,235.8000030517578,232.3000030517578,232.3000030517578,3019528
2026-05-26 12:30:00,236.1999969482422,236.1999969482422,236.1999969482422,236.1999969482422,2760311
2026-06-01 09:30:00,240.3000030517578,241.5,235.8000030517578,236.1999969482422,0
2026-06-01 10:30:00,239.6999969482422,240.5,236.89999389648438,240.3000030517578,2576370
2026-06-01 11:30:00,239.39999389648438,241.0,239.3000030517578,239.60000610351562,1607358
2026-06-01 12:30:00,239.10000610351562,239.60000610351562,238.6999969482422,239.5,995786
2026-06-01 13:30:00,239.6999969482422,239.8000030517578,238.39999389648438,239.1999969482422,1486943
2026-06-01 14:30:00,239.5,240.5,239.0,239.6999969482422,1492144
2026-06-01 15:30:00,244.10000610351562,245.3000030517578,239.39999389648438,239.60000610351562,5941197
2026-06-01 16:30:00,243.39999389648438,245.1999969482422,242.1999969482422,244.0,6764180
2026-06-01 17:30:00,245.3000030517578,245.3000030517578,243.1999969482422,243.3000030517578,3211134
2026-06-02 09:30:00,242.60000610351562,243.39999389648438,238.1999969482422,241.8000030517578,0
2026-06-02 10:30:00,243.10000610351562,245.6999969482422,241.8000030517578,242.60000610351562,3917626
2026-06-02 11:30:00,242.89999389648438,244.3000030517578,242.6999969482422,243.10000610351562,1597194
2026-06-02 12:30:00,242.0,243.10000610351562,240.8000030517578,242.8000030517578,1653967
2026-06-02 13:30:00,242.10000610351562,242.6999969482422,241.60000610351562,242.0,732354
2026-06-02 14:30:00,243.89999389648438,244.0,242.0,242.10000610351562,1341907
2026-06-02 15:30:00,247.5,249.3000030517578,243.10000610351562,243.89999389648438,4526412
2026-06-02 16:30:00,248.1999969482422,249.3000030517578,247.39999389648438,247.60000610351562,3140298
2026-06-02 17:30:00,249.5,250.25,248.1999969482422,248.1999969482422,2445308
2026-06-03 09:30:00,252.0,252.75,249.5,252.5,0
2026-06-03 10:30:00,250.5,252.25,248.3000030517578,252.25,2883832
2026-06-03 11:30:00,250.75,251.5,249.1999969482422,250.5,1425141
2026-06-03 12:30:00,247.6999969482422,251.0,247.1999969482422,250.75,2414444
2026-06-03 13:30:00,244.39999389648438,248.1999969482422,244.1999969482422,247.6999969482422,2184389
2026-06-03 14:30:00,244.60000610351562,245.8000030517578,244.1999969482422,244.5,1721218
2026-06-03 15:30:00,241.10000610351562,245.3000030517578,239.89999389648438,244.60000610351562,3017191
2026-06-03 16:30:00,236.0,241.5,235.6999969482422,241.10000610351562,10357140
2026-06-03 17:30:00,237.6999969482422,239.0,235.5,236.0,5245200
2026-06-04 09:30:00,238.1999969482422,239.8000030517578,237.39999389648438,239.0,0
2026-06-04 10:30:00,231.60000610351562,239.10000610351562,230.60000610351562,238.1999969482422,5675887
2026-06-04 11:30:00,231.39999389648438,232.89999389648438,229.5,231.60000610351562,4791768
2026-06-04 12:30:00,229.6999969482422,233.10000610351562,229.5,231.39999389648438,2935984
2026-06-04 13:30:00,228.8000030517578,229.89999389648438,227.39999389648438,229.6999969482422,4352695
2026-06-04 14:30:00,232.6999969482422,233.0,227.39999389648438,228.89999389648438,5476229
2026-06-04 15:30:00,232.1999969482422,233.60000610351562,232.1999969482422,232.6999969482422,1514145
2026-06-04 16:30:00,232.60000610351562,233.10000610351562,231.8000030517578,232.3000030517578,1494669
2026-06-04 17:30:00,233.0,233.3000030517578,232.10000610351562,232.60000610351562,1260515
2026-06-05 09:30:00,235.8000030517578,236.3000030517578,233.0,233.0,0
2026-06-05 10:30:00,235.10000610351562,236.8000030517578,234.10000610351562,235.6999969482422,1816381
2026-06-05 11:30:00,236.39999389648438,237.10000610351562,235.0,235.1999969482422,1241014
2026-06-05 12:30:00,237.1999969482422,238.39999389648438,236.3000030517578,236.39999389648438,1282103
2026-06-05 13:30:00,237.3000030517578,237.5,236.5,237.1999969482422,783099
2026-06-05 14:30:00,240.3000030517578,240.5,236.89999389648438,237.1999969482422,2887363
2026-06-05 15:30:00,240.89999389648438,241.6999969482422,239.0,240.3000030517578,4536708
2026-06-05 16:30:00,240.3000030517578,241.8000030517578,239.3000030517578,240.8000030517578,2758134
2026-06-05 17:30:00,241.0,241.3000030517578,239.89999389648438,240.3000030517578,1268902
2026-06-08 09:30:00,242.39999389648438,246.0,241.3000030517578,245.5,0
2026-06-08 10:30:00,243.6999969482422,244.6999969482422,240.1999969482422,242.39999389648438,3099321
2026-06-08 11:30:00,239.10000610351562,244.0,239.0,243.6999969482422,1985982
2026-06-08 12:30:00,239.3000030517578,239.89999389648438,237.60000610351562,239.10000610351562,1565801
2026-06-08 13:30:00,238.1999969482422,240.39999389648438,236.89999389648438,239.39999389648438,2272076
2026-06-08 14:30:00,238.6999969482422,239.3000030517578,237.60000610351562,238.1999969482422,1611701
2026-06-08 15:30:00,238.89999389648438,239.39999389648438,238.0,238.8000030517578,1049437
2026-06-08 16:30:00,238.60000610351562,239.5,237.8000030517578,239.0,1660743
2026-06-08 17:30:00,238.1999969482422,238.8000030517578,237.89999389648438,238.60000610351562,1244402
2026-06-09 09:30:00,235.1999969482422,237.8000030517578,234.3000030517578,236.89999389648438,0
2026-06-09 10:30:00,234.10000610351562,235.3000030517578,232.5,235.3000030517578,2111026
2026-06-09 11:30:00,232.6999969482422,235.39999389648438,232.60000610351562,234.10000610351562,1827279
2026-06-09 12:30:00,232.3000030517578,233.1999969482422,232.0,232.6999969482422,1278827
2026-06-09 13:30:00,231.89999389648438,232.39999389648438,231.60000610351562,232.3000030517578,1137378
2026-06-09 14:30:00,230.60000610351562,232.10000610351562,230.39999389648438,232.0,1352974
2026-06-09 15:30:00,230.5,231.0,229.60000610351562,230.5,1445881
2026-06-09 16:30:00,229.5,231.0,229.10000610351562,230.5,2740793
2026-06-09 17:30:00,229.39999389648438,230.0,228.8000030517578,229.5,1206567
2026-06-10 09:30:00,235.0,235.1999969482422,230.0,230.0,0
2026-06-10 10:30:00,234.6999969482422,237.39999389648438,234.0,234.89999389648438,3354616
2026-06-10 11:30:00,233.1999969482422,235.60000610351562,232.60000610351562,234.6999969482422,1958150
2026-06-10 12:30:00,233.60000610351562,234.10000610351562,233.0,233.1999969482422,787567
2026-06-10 13:30:00,234.6999969482422,235.39999389648438,233.3000030517578,233.60000610351562,1388626
2026-06-10 14:30:00,235.3000030517578,235.6999969482422,234.1999969482422,234.8000030517578,1379544
2026-06-10 15:30:00,235.10000610351562,235.89999389648438,234.8000030517578,235.3000030517578,1030564
2026-06-10 16:30:00,234.1999969482422,236.0,234.10000610351562,235.10000610351562,1475410
2026-06-10 17:30:00,235.0,235.0,233.39999389648438,234.1999969482422,1266771
2026-06-11 09:30:00,236.1999969482422,238.89999389648438,234.8000030517578,236.0,0
2026-06-11 10:30:00,234.1999969482422,236.1999969482422,234.10000610351562,236.10000610351562,1071450
2026-06-11 11:30:00,232.39999389648438,235.10000610351562,232.10000610351562,234.1999969482422,1645628
2026-06-11 12:30:00,232.39999389648438,233.1999969482422,232.0,232.39999389648438,754098
2026-06-11 13:30:00,233.89999389648438,233.89999389648438,232.1999969482422,232.3000030517578,947175
2026-06-11 14:30:00,234.39999389648438,234.6999969482422,230.3000030517578,233.8000030517578,3009075
2026-06-11 15:30:00,234.5,236.60000610351562,233.39999389648438,234.5,3131922
2026-06-11 16:30:00,234.10000610351562,235.3000030517578,233.1999969482422,234.5,1360662
2026-06-11 17:30:00,235.8000030517578,235.89999389648438,233.89999389648438,234.10000610351562,1271471
2026-06-12 09:30:00,231.10000610351562,234.0,230.8000030517578,231.1999969482422,0
2026-06-12 10:30:00,231.8000030517578,233.0,230.3000030517578,231.10000610351562,5212483
2026-06-12 11:30:00,233.89999389648438,234.0,230.6999969482422,231.8000030517578,4234075
2026-06-12 12:30:00,233.60000610351562,235.6999969482422,233.10000610351562,233.8000030517578,2016909
2026-06-12 13:30:00,234.10000610351562,234.89999389648438,233.60000610351562,233.60000610351562,758543
2026-06-12 14:30:00,233.5,234.3000030517578,232.6999969482422,234.10000610351562,851835
2026-06-12 15:30:00,233.8000030517578,234.89999389648438,233.39999389648438,233.5,1295542
2026-06-12 16:30:00,232.89999389648438,234.60000610351562,232.39999389648438,233.8000030517578,2501784
2026-06-12 17:30:00,233.8000030517578,234.1999969482422,232.8000030517578,232.89999389648438,1549419
2026-06-15 09:30:00,234.89999389648438,236.6999969482422,229.0,232.8000030517578,0
2026-06-15 10:30:00,233.8000030517578,235.60000610351562,232.60000610351562,234.8000030517578,3846496
2026-06-15 11:30:00,232.89999389648438,234.3000030517578,232.5,233.6999969482422,1904595
2026-06-15 12:30:00,233.10000610351562,233.39999389648438,231.8000030517578,232.89999389648438,2536820
2026-06-15 13:30:00,234.3000030517578,234.8000030517578,232.89999389648438,233.0,2739784
2026-06-15 14:30:00,235.10000610351562,235.8000030517578,233.5,234.3000030517578,3080663
2026-06-15 15:30:00,233.89999389648438,235.6999969482422,233.60000610351562,235.10000610351562,2658489
2026-06-15 16:30:00,231.5,234.39999389648438,231.10000610351562,233.89999389648438,5059239
2026-06-15 17:30:00,232.39999389648438,232.5,230.6999969482422,231.5,2090383
2026-06-16 09:30:00,230.3000030517578,233.10000610351562,229.0,231.89999389648438,0
2026-06-16 10:30:00,227.6999969482422,230.39999389648438,227.39999389648438,230.3000030517578,3896304
2026-06-16 11:30:00,228.60000610351562,229.0,227.5,227.60000610351562,2170232
2026-06-16 12:30:00,229.1999969482422,229.3000030517578,228.39999389648438,228.6999969482422,2184606
2026-06-16 13:30:00,226.6999969482422,229.3000030517578,226.0,229.1999969482422,3679460
2026-06-16 14:30:00,225.8000030517578,227.1999969482422,225.5,226.6999969482422,3243289
2026-06-16 15:30:00,226.5,226.6999969482422,225.60000610351562,225.89999389648438,2561376
2026-06-16 16:30:00,225.60000610351562,227.0,225.3000030517578,226.5,3354695
2026-06-16 17:30:00,225.5,225.8000030517578,225.1999969482422,225.5,2196501
2026-06-17 09:30:00,226.0,226.8000030517578,225.5,225.5,0
2026-06-17 10:30:00,227.6999969482422,228.60000610351562,225.8000030517578,226.0,5413079
2026-06-17 11:30:00,228.0,228.5,227.3000030517578,227.8000030517578,2659978
2026-06-17 12:30:00,227.6999969482422,228.10000610351562,227.10000610351562,228.10000610351562,1142996
2026-06-17 13:30:00,227.60000610351562,228.5,227.60000610351562,227.6999969482422,1348245
2026-06-17 14:30:00,227.89999389648438,228.6999969482422,227.5,227.6999969482422,1908984
2026-06-17 15:30:00,227.60000610351562,228.39999389648438,227.0,227.89999389648438,1745891
2026-06-17 16:30:00,226.89999389648438,228.0,226.8000030517578,227.60000610351562,1828445
2026-06-17 17:30:00,227.8000030517578,228.0,226.6999969482422,226.89999389648438,1714092
2026-06-18 09:30:00,225.8000030517578,227.60000610351562,224.89999389648438,226.8000030517578,0
2026-06-18 10:30:00,225.1999969482422,227.1999969482422,223.89999389648438,225.89999389648438,4042078
2026-06-18 11:30:00,224.8000030517578,225.60000610351562,224.39999389648438,225.10000610351562,2492432
2026-06-18 12:30:00,222.89999389648438,224.8000030517578,222.8000030517578,224.8000030517578,2545915
2026-06-18 13:30:00,223.1999969482422,223.3000030517578,222.5,223.0,1868587
2026-06-18 14:30:00,222.8000030517578,223.1999969482422,222.5,223.1999969482422,1113690
2026-06-18 15:30:00,222.8000030517578,223.5,222.60000610351562,222.8000030517578,1622364
2026-06-18 16:30:00,223.60000610351562,223.6999969482422,222.60000610351562,222.6999969482422,2496110
2026-06-18 17:30:00,223.8000030517578,224.1999969482422,223.3000030517578,223.60000610351562,2373105
2026-06-19 09:30:00,226.89999389648438,227.60000610351562,224.8000030517578,226.8000030517578,0
2026-06-19 10:30:00,226.10000610351562,227.10000610351562,225.8000030517578,226.89999389648438,1891789
2026-06-19 11:30:00,225.1999969482422,226.10000610351562,225.0,226.10000610351562,1584413
2026-06-19 12:30:00,224.5,225.1999969482422,224.1999969482422,225.10000610351562,1087179
2026-06-19 13:30:00,225.3000030517578,225.3000030517578,224.3000030517578,224.39999389648438,1118503
2026-06-19 14:30:00,225.89999389648438,226.10000610351562,224.8000030517578,225.3000030517578,1618218
2026-06-19 15:30:00,225.1999969482422,227.1999969482422,224.6999969482422,225.8000030517578,3769026
2026-06-19 16:30:00,225.60000610351562,225.89999389648438,224.89999389648438,225.1999969482422,1245073
2026-06-19 17:30:00,225.39999389648438,225.8000030517578,224.8000030517578,225.60000610351562,1385430
2026-06-22 09:30:00,224.6999969482422,226.10000610351562,224.39999389648438,226.10000610351562,0
2026-06-22 10:30:00,224.89999389648438,225.8000030517578,224.0,224.6999969482422,2132336
2026-06-22 11:30:00,225.0,225.3000030517578,224.6999969482422,224.89999389648438,1202891
2026-06-22 12:30:00,224.6999969482422,225.10000610351562,224.39999389648438,225.0,914147
2026-06-22 13:30:00,224.1999969482422,225.1999969482422,224.10000610351562,224.6999969482422,1751665
2026-06-22 14:30:00,223.3000030517578,224.1999969482422,223.0,224.10000610351562,2050002
2026-06-22 15:30:00,223.1999969482422,223.60000610351562,222.5,223.1999969482422,1945028
2026-06-22 16:30:00,222.10000610351562,223.3000030517578,222.0,223.1999969482422,2245350
2026-06-22 17:30:00,221.1999969482422,222.10000610351562,220.6999969482422,222.10000610351562,2025685
2026-06-23 09:30:00,220.39999389648438,221.60000610351562,220.1999969482422,220.6999969482422,0
2026-06-23 10:30:00,219.89999389648438,220.6999969482422,218.39999389648438,220.39999389648438,3141377
2026-06-23 11:30:00,219.60000610351562,220.5,219.1999969482422,220.0,1382374
2026-06-23 12:30:00,220.0,220.10000610351562,219.10000610351562,219.60000610351562,521293
2026-06-23 13:30:00,222.60000610351562,222.6999969482422,219.60000610351562,220.0,2628909
2026-06-23 14:30:00,222.10000610351562,223.3000030517578,221.89999389648438,222.60000610351562,2389166
2026-06-23 15:30:00,221.6999969482422,222.1999969482422,220.6999969482422,222.0,1442104
2026-06-23 16:30:00,220.60000610351562,222.0,219.8000030517578,221.6999969482422,1447045
2026-06-23 17:30:00,220.5,221.10000610351562,220.1999969482422,220.6999969482422,993273
2026-06-24 09:30:00,218.6999969482422,220.8000030517578,218.39999389648438,220.0,0
2026-06-24 10:30:00,219.10000610351562,219.6999969482422,218.6999969482422,218.8000030517578,1404538
2026-06-24 11:30:00,217.1999969482422,219.1999969482422,216.5,219.10000610351562,2388584
2026-06-24 12:30:00,217.60000610351562,218.1999969482422,217.10000610351562,217.3000030517578,712817
2026-06-24 13:30:00,217.1999969482422,217.6999969482422,216.5,217.5,1054167
2026-06-24 14:30:00,216.8000030517578,217.3000030517578,216.5,217.1999969482422,887535
2026-06-24 15:30:00,216.39999389648438,217.0,216.10000610351562,216.89999389648438,1025296
2026-06-24 16:30:00,217.89999389648438,218.10000610351562,216.39999389648438,216.39999389648438,2127390
2026-06-24 17:30:00,217.1999969482422,217.8000030517578,217.0,217.8000030517578,1264164
2026-06-25 09:30:00,222.39999389648438,222.6999969482422,216.5,216.5,0
2026-06-25 10:30:00,221.5,222.6999969482422,221.0,222.5,1853722
2026-06-25 11:30:00,219.39999389648438,221.89999389648438,218.89999389648438,221.5,1857546
2026-06-25 12:30:00,217.60000610351562,219.5,217.39999389648438,219.39999389648438,2290655
2026-06-25 13:30:00,215.6999969482422,217.60000610351562,215.60000610351562,217.60000610351562,2187922
2026-06-25 14:30:00,216.8000030517578,217.0,215.5,215.6999969482422,1727529
2026-06-25 15:30:00,216.3000030517578,217.10000610351562,216.0,216.8000030517578,1780995
2026-06-25 16:30:00,216.1999969482422,217.10000610351562,215.3000030517578,216.39999389648438,4817884
2026-06-25 17:30:00,217.5,217.5,215.10000610351562,216.1999969482422,4035564
2026-06-26 09:30:00,218.8000030517578,219.39999389648438,217.5,218.1999969482422,0
2026-06-26 10:30:00,219.39999389648438,220.10000610351562,218.6999969482422,218.8000030517578,1860722
2026-06-26 11:30:00,218.6999969482422,219.5,218.5,219.39999389648438,773476
2026-06-26 12:30:00,218.5,219.0,218.1999969482422,218.8000030517578,475007
2026-06-26 13:30:00,219.3000030517578,219.89999389648438,218.1999969482422,218.5,759919
2026-06-26 14:30:00,218.0,219.5,217.60000610351562,219.1999969482422,1017329
2026-06-26 15:30:00,219.5,219.6999969482422,217.8000030517578,218.0,1422588
2026-06-26 16:30:00,218.6999969482422,219.8000030517578,218.39999389648438,219.5,1158896
2026-06-26 17:30:00,219.1999969482422,219.60000610351562,218.60000610351562,218.60000610351562,1008003
2026-06-29 09:30:00,221.0,222.6999969482422,219.39999389648438,219.6999969482422,0
2026-06-29 10:30:00,219.60000610351562,221.5,219.5,220.89999389648438,2067095
2026-06-29 11:30:00,219.5,220.1999969482422,219.10000610351562,219.6999969482422,1113881
2026-06-29 12:30:00,220.0,220.5,218.89999389648438,219.5,1200039
2026-06-29 13:30:00,219.1999969482422,220.5,218.39999389648438,220.10000610351562,1451377
2026-06-29 14:30:00,218.6999969482422,219.5,218.10000610351562,219.1999969482422,943415
2026-06-29 15:30:00,218.0,219.0,217.3000030517578,218.6999969482422,1307916
2026-06-29 16:30:00,219.10000610351562,219.1999969482422,217.89999389648438,218.0,1941093
2026-06-29 17:30:00,219.5,219.89999389648438,219.10000610351562,219.1999969482422,1439956
2026-06-30 09:30:00,220.6999969482422,221.0,218.1999969482422,220.0,0
2026-06-30 10:30:00,219.89999389648438,221.39999389648438,219.1999969482422,220.6999969482422,2840314
2026-06-30 11:30:00,221.89999389648438,222.60000610351562,219.39999389648438,219.89999389648438,3012704
2026-06-30 12:30:00,221.10000610351562,222.0,221.10000610351562,222.0,891242
2026-06-30 13:30:00,225.0,225.5,221.10000610351562,221.10000610351562,4490254
2026-06-30 14:30:00,225.3000030517578,225.60000610351562,224.5,224.89999389648438,3446418
2026-06-30 15:30:00,226.10000610351562,226.5,224.89999389648438,225.39999389648438,2574107
2026-06-30 16:30:00,225.5,227.60000610351562,225.10000610351562,226.10000610351562,3627425
2026-06-30 17:30:00,227.5,227.60000610351562,225.3000030517578,225.3000030517578,5215563
2026-07-01 09:30:00,232.39999389648438,232.6999969482422,226.0,227.5,0
2026-07-01 10:30:00,233.1999969482422,234.1999969482422,230.3000030517578,232.39999389648438,6374109
2026-07-01 11:30:00,233.60000610351562,235.0,233.10000610351562,233.3000030517578,2495895
2026-07-01 12:30:00,234.6999969482422,235.60000610351562,233.10000610351562,233.6999969482422,2270464
2026-07-01 13:30:00,236.0,236.1999969482422,234.39999389648438,234.6999969482422,2268351
2026-07-01 14:30:00,236.89999389648438,237.10000610351562,235.1999969482422,236.0,3191066
2026-07-01 15:30:00,237.5,238.6999969482422,236.60000610351562,236.89999389648438,2603520
2026-07-01 16:30:00,237.1999969482422,237.89999389648438,235.6999969482422,237.60000610351562,2632963
2026-07-01 17:30:00,236.3000030517578,237.39999389648438,236.0,237.1999969482422,1265925
2026-07-02 09:30:00,236.89999389648438,237.1999969482422,235.0,236.10000610351562,0
2026-07-02 10:30:00,235.89999389648438,237.3000030517578,235.3000030517578,236.89999389648438,1830032
2026-07-02 11:30:00,240.1999969482422,241.5,235.5,235.89999389648438,5717701
2026-07-02 12:30:00,240.6999969482422,240.8000030517578,239.3000030517578,240.3000030517578,1452998
2026-07-02 13:30:00,239.39999389648438,241.10000610351562,238.60000610351562,240.6999969482422,2202982
2026-07-02 14:30:00,238.39999389648438,240.60000610351562,238.10000610351562,239.5,2187058
2026-07-02 15:30:00,239.5,240.60000610351562,238.3000030517578,238.39999389648438,2350687
2026-07-02 16:30:00,239.8000030517578,240.6999969482422,239.1999969482422,239.5,2583232
2026-07-02 17:30:00,239.89999389648438,240.89999389648438,239.8000030517578,239.89999389648438,2055561
2026-07-03 09:30:00,241.0,241.89999389648438,239.1999969482422,240.0,0
2026-07-03 10:30:00,241.0,242.5,240.8000030517578,241.0,1910431
2026-07-03 11:30:00,242.6999969482422,243.39999389648438,240.89999389648438,241.0,2105427
2026-07-03 12:30:00,243.0,243.8000030517578,242.5,242.6999969482422,1675105
2026-07-03 13:30:00,242.89999389648438,243.39999389648438,242.3000030517578,242.89999389648438,975848
2026-07-03 14:30:00,243.1999969482422,243.39999389648438,242.10000610351562,242.89999389648438,1072883
2026-07-03 15:30:00,248.60000610351562,249.0,243.0,243.1999969482422,7456079
2026-07-03 16:30:00,248.60000610351562,249.0,246.89999389648438,248.60000610351562,3006302
2026-07-03 17:30:00,248.89999389648438,249.60000610351562,248.10000610351562,248.60000610351562,2617002
2026-07-06 09:30:00,247.89999389648438,251.75,246.6999969482422,248.3000030517578,0
2026-07-06 10:30:00,251.0,252.25,247.39999389648438,247.8000030517578,2445069
2026-07-06 11:30:00,247.10000610351562,251.5,246.8000030517578,251.0,3264461
2026-07-06 12:30:00,245.1999969482422,247.1999969482422,244.89999389648438,247.1999969482422,1573531
2026-07-06 13:30:00,244.5,245.39999389648438,243.0,245.1999969482422,2099563
2026-07-06 14:30:00,245.3000030517578,245.60000610351562,244.3000030517578,244.5,1500578
2026-07-06 15:30:00,246.39999389648438,247.0,245.0,245.3000030517578,1657197
2026-07-06 16:30:00,247.3000030517578,247.60000610351562,246.0,246.3000030517578,1594966
2026-07-06 17:30:00,247.8000030517578,248.5,246.8000030517578,247.3000030517578,2002086
2026-07-07 09:30:00,253.25,253.75,247.8000030517578,247.8000030517578,0
2026-07-07 10:30:00,253.5,255.5,252.5,253.25,4120563
2026-07-07 11:30:00,253.25,253.75,251.5,253.75,1808953
2026-07-07 12:30:00,253.25,254.25,252.25,253.25,1159023
2026-07-07 13:30:00,253.5,255.0,252.5,253.25,1687410
2026-07-07 14:30:00,256.25,256.5,253.5,253.5,2423874
2026-07-07 15:30:00,257.75,258.0,256.0,256.5,3045777
2026-07-07 16:30:00,257.25,259.25,256.25,257.75,4955764
2026-07-07 17:30:00,258.0,258.25,255.75,257.5,2950636
2026-07-08 09:30:00,261.25,265.75,259.5,260.5,0
2026-07-08 10:30:00,261.25,264.0,260.25,261.5,6753338
2026-07-08 11:30:00,261.25,263.5,260.0,261.25,5340965
2026-07-08 12:30:00,256.25,261.5,255.25,261.25,4305332
2026-07-08 13:30:00,259.75,259.75,255.5,256.25,2336398
2026-07-08 14:30:00,259.5,260.0,258.5,259.75,1805023
2026-07-08 15:30:00,260.0,261.0,258.75,259.5,3274290
2026-07-08 16:30:00,260.0,260.75,259.0,260.25,2673477
2026-07-08 17:30:00,256.75,260.0,256.5,260.0,3046180
2026-07-09 09:30:00,261.25,262.0,257.5,258.0,0
2026-07-09 10:30:00,262.0,262.75,259.0,261.0,2880055
2026-07-09 11:30:00,259.75,263.25,259.75,262.0,1938239
2026-07-09 12:30:00,261.0,261.5,259.75,259.75,1149964
2026-07-09 13:30:00,261.75,262.25,260.75,260.75,1689079
2026-07-09 14:30:00,262.75,262.75,261.25,261.5,1358933
2026-07-09 15:30:00,263.25,264.25,262.0,262.5,3014202
2026-07-09 16:30:00,263.0,263.75,262.5,263.0,1937556
2026-07-09 17:30:00,263.75,263.75,262.0,262.75,1924493
2026-07-10 09:30:00,266.75,268.25,262.25,264.25,0
2026-07-10 10:30:00,267.0,267.25,264.0,266.75,2660458
2026-07-10 11:30:00,265.0,267.25,264.75,267.0,2313003
2026-07-10 12:30:00,262.75,266.75,262.25,265.0,4066186
2026-07-10 13:30:00,265.25,265.75,262.5,262.75,1715438
2026-07-10 14:30:00,267.75,268.75,265.0,265.5,3017774
2026-07-10 15:30:00,269.25,270.0,267.5,267.5,3660465
2026-07-10 16:30:00,268.25,270.0,267.0,269.25,2359417
2026-07-10 17:30:00,267.5,268.5,267.25,268.25,1234233
2026-07-13 09:30:00,271.75,273.0,268.5,271.5,0
2026-07-13 10:30:00,270.25,271.75,269.25,271.5,2538574
2026-07-13 11:30:00,269.25,271.0,268.0,270.25,2791397
2026-07-13 12:30:00,269.5,269.75,268.25,269.5,1446974
2026-07-13 13:30:00,270.0,270.25,267.75,269.5,2857145
2026-07-13 14:30:00,268.25,271.5,268.25,270.25,2587094
2026-07-13 15:30:00,268.0,269.25,266.5,268.5,2470442
2026-07-13 16:30:00,269.25,269.5,268.0,268.25,2107078
2026-07-13 17:30:00,268.25,269.25,268.0,269.25,1263223
2026-07-14 09:30:00,269.25,272.75,268.25,270.0,0
2026-07-14 10:30:00,270.5,271.25,267.75,269.25,3935224
2026-07-14 11:30:00,271.0,272.5,270.25,270.25,3087872
2026-07-14 12:30:00,271.25,272.25,271.0,271.0,1248059
2026-07-14 13:30:00,270.5,272.0,270.25,271.25,1876744
2026-07-14 14:30:00,271.75,272.0,269.0,270.25,2472668
2026-07-14 15:30:00,272.5,273.5,271.25,271.75,4285395
2026-07-14 16:30:00,271.5,273.0,271.25,272.25,1657905
2026-07-14 17:30:00,270.75,272.25,270.5,271.5,1575263
2026-07-16 09:30:00,275.75,278.25,271.25,271.25,0
2026-07-16 10:30:00,276.75,278.75,275.5,276.0,3380100
2026-07-16 11:30:00,276.0,277.0,274.5,276.5,1798846
2026-07-16 12:30:00,276.25,276.25,275.0,276.0,944458
2026-07-16 13:30:00,277.0,277.5,276.0,276.25,974509
2026-07-16 14:30:00,276.75,277.5,276.25,277.0,1133950
2026-07-16 15:30:00,282.0,282.0,275.25,276.75,6823258
2026-07-16 16:30:00,284.5,285.0,281.25,282.0,5019683
2026-07-16 17:30:00,286.25,286.75,284.25,284.75,2684134
2026-07-17 11:30:00,285.0,285.25,284.25,284.5,366904
2026-07-17 12:30:00,285.0,286.0,283.5,285.25,1453939
2026-07-17 13:30:00,286.5,288.0,284.5,285.0,1842585
2026-07-17 14:30:00,286.0,286.5,285.0,286.5,1497308
2026-07-17 15:30:00,287.75,287.75,285.75,286.0,2079524
2026-07-17 16:30:00,288.5,289.75,287.0,287.75,4443319
2026-07-17 17:30:00,288.5,288.5,287.0,288.5,1420154
2026-07-20 09:30:00,302.25,302.75,292.5,292.5,0
2026-07-20 10:30:00,304.25,306.25,301.5,302.5,10471306
2026-07-20 11:30:00,306.0,307.25,302.5,304.0,4229670
2026-07-20 12:30:00,306.0,307.75,305.25,306.25,2265909
2026-07-20 13:30:00,306.0,306.5,305.0,305.75,1452767
2026-07-20 14:30:00,306.25,306.5,301.25,306.0,5028577
2026-07-20 15:30:00,306.0,308.0,305.5,306.0,2656198
2026-07-20 16:30:00,306.5,307.25,304.75,305.75,3203940
2026-07-20 17:30:00,308.25,308.75,306.0,306.25,2718329
2026-07-21 09:30:00,308.0,308.5,304.5,306.75,0
2026-07-21 10:30:00,307.75,309.5,306.75,308.0,3067007
2026-07-21 11:30:00,309.75,310.5,307.5,307.75,3485546
2026-07-21 12:30:00,311.25,312.0,309.25,309.5,2857003
2026-07-21 13:30:00,311.0,312.0,310.25,311.5,2282181
2026-07-21 14:30:00,309.0,311.5,308.75,310.75,1967364
2026-07-21 15:30:00,310.5,311.75,307.5,309.25,2238504
2026-07-21 16:30:00,310.5,311.75,309.75,310.25,1650856
2026-07-21 17:30:00,309.0,310.5,308.25,310.5,1459454
2026-07-22 09:30:00,310.0,311.25,308.0,309.5,0
2026-07-22 10:30:00,310.5,311.75,307.0,310.0,3167754
2026-07-22 11:30:00,313.75,314.0,310.25,310.5,2358419
2026-07-22 12:30:00,313.25,314.0,312.75,314.0,870468
2026-07-22 13:30:00,313.25,314.0,312.5,313.5,827291
2026-07-22 14:30:00,312.5,313.25,311.75,313.0,872848
2026-07-22 15:30:00,314.0,314.75,312.0,312.5,2811375
2026-07-22 16:30:00,315.75,317.75,313.75,314.0,4811987
2026-07-22 17:30:00,314.0,315.75,313.0,315.75,2022511
2026-07-23 09:30:00,313.0,314.75,309.75,314.0,0
2026-07-23 10:30:00,314.5,317.75,312.25,312.75,4990257
2026-07-23 11:30:00,315.5,315.75,313.25,314.75,1553029
2026-07-23 12:30:00,316.0,316.75,315.0,315.5,1272052
2026-07-23 13:30:00,315.75,317.5,315.25,316.25,2395473
2026-07-23 14:30:00,318.0,318.25,315.25,315.5,2313625
2026-07-23 15:30:00,317.25,320.25,317.0,318.25,5550577
2026-07-23 16:30:00,317.5,319.0,317.0,317.5,2507834
2026-07-23 17:30:00,314.25,318.25,314.0,317.75,2386756
2026-07-24 09:30:00,312.75,314.25,310.25,313.0,0
2026-07-24 10:30:00,308.75,314.25,307.25,312.75,5883064
2026-07-24 11:30:00,304.25,309.25,304.0,308.75,3198535
2026-07-24 12:30:00,307.25,308.5,303.0,304.0,4438694
2026-07-24 13:30:00,306.0,308.0,305.5,307.0,1999930
2026-07-24 14:30:00,304.5,307.0,304.5,305.75,2031605
2026-07-24 15:30:00,305.75,306.25,303.75,304.5,1944250
2026-07-24 16:30:00,306.5,306.75,303.75,305.5,2389572
2026-07-24 17:30:00,304.25,306.5,304.0,306.5,1790029
2026-07-27 09:30:00,298.5,301.0,293.5,297.5,0
2026-07-27 10:30:00,296.0,299.75,295.25,298.5,4301573
2026-07-27 11:30:00,295.75,298.0,295.25,296.0,1613033
2026-07-27 12:30:00,295.5,296.25,294.0,296.0,1955893
2026-07-27 13:30:00,294.75,297.0,293.5,295.75,2337728
2026-07-27 14:30:00,295.25,295.75,294.25,294.75,1506312
2026-07-27 15:30:00,294.0,295.5,293.25,295.25,2660842
2026-07-27 16:30:00,292.25,294.25,291.75,294.25,2150251
2026-07-27 17:30:00,292.25,293.0,291.25,292.0,1848678
2026-07-28 09:30:00,297.0,298.0,291.0,292.25,0
2026-07-28 10:30:00,297.25,298.5,296.25,297.0,1702603
2026-07-28 11:30:00,297.5,298.25,296.5,297.5,1265307
2026-07-28 12:30:00,297.75,298.25,296.75,297.5,583493
2026-07-28 13:30:00,297.75,299.0,297.25,297.75,1304501
2026-07-28 14:30:00,294.75,298.25,294.25,297.75,1428254
2026-07-28 15:30:00,294.75,296.0,294.0,294.5,1932792
2026-07-28 16:30:00,292.75,295.0,289.0,294.75,5403542
2026-07-28 17:30:00,294.5,295.25,292.75,293.0,2038815
2026-07-29 09:30:00,293.0,298.75,293.0,297.5,0
2026-07-29 10:30:00,292.5,295.25,290.75,293.25,3939822
2026-07-29 11:30:00,297.0,297.25,292.5,292.75,2915887
2026-07-29 12:30:00,299.25,301.5,296.75,297.0,3855991
2026-07-29 13:30:00,298.75,300.5,298.25,299.25,1217896
2026-07-29 14:30:00,296.5,298.75,295.25,298.75,2107846
2026-07-29 15:30:00,295.0,296.75,294.75,296.25,1613924
2026-07-29 16:30:00,296.0,296.25,290.0,295.0,4037521
2026-07-29 17:30:00,297.25,297.5,295.25,296.0,1512643
2026-07-30 09:30:00,298.25,303.0,297.25,303.0,0
2026-07-30 10:30:00,297.0,300.5,296.25,298.25,2673093
2026-07-30 11:30:00,295.0,298.75,294.5,296.75,2608359
2026-07-30 12:30:00,296.0,296.25,293.0,294.75,1250181
2026-07-30 13:30:00,293.25,296.25,291.75,296.0,1635011
2026-07-30 14:30:00,291.5,293.75,291.0,293.25,1849803
2026-07-30 15:30:00,287.5,292.75,287.5,291.5,3536765
2026-07-30 16:30:00,288.0,288.5,285.0,287.25,3774795
2026-07-30 17:30:00,287.25,288.5,286.75,287.75,1311518
2026-07-31 09:30:00,286.5,289.0,285.75,288.0,0
2026-07-31 10:30:00,290.0,293.5,286.5,286.5,4663087
2026-07-31 11:30:00,294.5,294.75,289.5,290.0,2952797
2026-07-31 12:30:00,293.0,294.75,292.5,294.75,1663113
2026-07-31 13:30:00,293.5,294.5,292.25,293.0,1461849
2026-07-31 14:30:00,292.0,294.5,292.0,293.5,1476465
2026-07-31 15:30:00,293.5,295.5,291.0,292.0,3199977
2026-07-31 16:30:00,294.75,295.5,293.5,293.5,1284412
2026-07-31 17:30:00,295.0,295.0,294.75,294.75,27659
2026-08-03 09:30:00,287.5,293.5,286.5,293.0,0
2026-08-03 10:30:00,291.0,291.25,287.0,287.25,2919575
2026-08-03 11:30:00,294.5,295.0,290.25,290.75,3489054
2026-08-03 12:30:00,295.25,295.5,292.5,294.25,1644728
2026-08-03 13:30:00,293.5,295.75,293.0,295.25,1204976
2026-08-03 14:30:00,292.0,294.5,291.25,293.5,1969005
2026-08-03 15:30:00,292.0,293.5,291.5,292.0,1412575
2026-08-03 16:30:00,292.0,292.75,289.5,292.0,1696438
2026-08-03 17:30:00,290.5,292.5,289.75,292.0,1377481
2026-08-04 09:30:00,289.75,295.5,289.25,293.25,0
2026-08-04 10:30:00,292.75,295.0,288.5,289.5,3885251
2026-08-04 11:30:00,292.0,294.0,291.5,293.0,2070848
2026-08-04 12:30:00,292.25,293.25,291.5,292.0,1434809
2026-08-04 13:30:00,286.5,292.25,284.25,292.25,5417003
2026-08-04 14:30:00,284.75,286.75,283.0,286.5,3620226
2026-08-04 15:30:00,287.5,289.0,284.5,284.75,3743698
2026-08-04 16:30:00,290.75,292.5,286.0,287.5,3945967
2026-08-04 17:30:00,290.25,290.75,289.5,290.5,1861905
2026-08-05 09:30:00,307.25,307.75,295.5,299.0,0
2026-08-05 10:30:00,309.5,310.5,305.5,307.25,9434929
2026-08-05 11:30:00,304.0,309.5,303.25,309.25,5024797
2026-08-05 12:30:00,301.75,304.75,301.5,303.75,4574470
2026-08-05 13:30:00,297.0,303.0,296.75,301.75,5156081
2026-08-05 14:30:00,299.0,300.0,296.25,297.0,4475736
2026-08-05 15:30:00,301.5,301.75,297.0,298.75,3226204
2026-08-05 16:30:00,302.75,303.5,300.25,301.5,3943245
2026-08-05 17:30:00,304.75,305.25,302.75,303.0,3809811
2026-08-06 09:30:00,312.0,313.75,303.5,304.25,0
2026-08-06 10:30:00,317.25,317.75,311.25,312.0,6987933
2026-08-06 11:30:00,317.25,319.75,314.25,317.25,6415273
2026-08-06 12:30:00,317.0,317.75,316.25,317.25,2112498
2026-08-06 13:30:00,319.75,321.75,317.0,317.0,5336327
2026-08-06 14:30:00,318.75,320.5,318.0,319.75,2026746
2026-08-06 15:30:00,322.25,322.5,318.75,318.75,4134846
2026-08-06 16:30:00,321.5,323.25,320.75,322.25,3766143
2026-08-06 17:30:00,323.0,323.5,321.5,321.75,1990867
2026-08-07 09:30:00,330.5,332.0,322.0,322.75,0
2026-08-07 10:30:00,323.0,331.5,322.75,330.5,6980219
2026-08-07 11:30:00,319.5,324.0,318.25,322.75,5362802
2026-08-07 12:30:00,324.75,324.75,318.25,319.5,3568433
2026-08-07 13:30:00,323.0,325.25,322.0,324.75,2448148
2026-08-07 14:30:00,321.5,323.5,320.0,323.0,2110972
2026-08-07 15:30:00,320.25,322.0,319.0,321.25,3118998
2026-08-07 16:30:00,320.25,321.0,319.5,320.5,1555987
2026-08-07 17:30:00,321.25,322.25,319.75,320.0,2479615
2026-08-10 09:30:00,328.75,329.25,323.75,325.0,0
2026-08-10 10:30:00,331.75,331.75,327.75,329.0,3721976
2026-08-10 11:30:00,333.5,336.25,330.25,331.75,5385544
2026-08-10 12:30:00,334.5,337.75,333.5,333.75,3630696
2026-08-10 13:30:00,335.0,336.5,332.75,334.25,3170051
2026-08-10 14:30:00,337.0,337.75,334.25,335.0,2992889
2026-08-10 15:30:00,338.0,338.5,336.25,337.0,3319438
2026-08-10 16:30:00,339.5,340.5,336.75,338.0,6033988
2026-08-10 17:30:00,342.25,342.5,338.75,339.25,5109351
2026-08-11 09:30:00,339.25,344.75,336.75,342.75,0
2026-08-11 10:30:00,336.25,342.0,335.0,339.25,6643621
2026-08-11 11:30:00,334.75,338.5,333.75,336.25,3776108
2026-08-11 12:30:00,334.0,336.0,331.5,335.0,3033607
2026-08-11 13:30:00,332.0,334.25,330.75,334.0,2795323
2026-08-11 14:30:00,332.5,333.0,329.75,332.0,2652679
2026-08-11 15:30:00,337.0,338.75,331.5,332.5,5826577
2026-08-11 16:30:00,336.25,337.25,334.5,337.25,2733133
2026-08-11 17:30:00,336.75,338.0,336.0,336.25,2117644
2026-08-12 09:30:00,343.75,344.75,337.5,337.5,0
2026-08-12 10:30:00,344.75,345.5,342.25,343.75,3802913
2026-08-12 11:30:00,347.0,349.25,344.25,344.75,5361309
2026-08-12 12:30:00,346.0,347.5,343.25,347.25,2715410
2026-08-12 13:30:00,348.0,349.75,345.0,346.0,2763003
2026-08-12 14:30:00,352.0,353.0,346.5,347.75,4619752
2026-08-12 15:30:00,351.0,352.25,349.25,352.0,3739337
2026-08-12 16:30:00,351.75,353.5,350.0,351.0,3633148
2026-08-12 17:30:00,350.5,353.0,349.75,352.0,2650864
2026-08-13 09:30:00,354.0,357.0,349.75,351.5,0
2026-08-13 10:30:00,347.5,354.0,347.25,354.0,3967258
2026-08-13 11:30:00,346.75,349.25,345.75,347.5,2878646
2026-08-13 12:30:00,347.5,348.5,345.5,346.75,1442223
2026-08-13 13:30:00,346.75,347.75,346.0,347.5,835862
2026-08-13 14:30:00,343.5,347.25,343.25,346.75,1973616
2026-08-13 15:30:00,346.0,347.0,343.25,343.5,2777265
2026-08-13 16:30:00,347.25,347.75,346.0,346.0,1803813
2026-08-13 17:30:00,346.5,348.0,346.0,347.5,1475407
2026-08-14 09:30:00,358.0,358.0,345.75,350.0,0
2026-08-14 10:30:00,361.25,361.5,356.5,358.0,6482231
2026-08-14 11:30:00,359.75,364.5,358.75,361.25,6777264
2026-08-14 12:30:00,359.0,360.25,358.75,359.75,1404635
2026-08-14 13:30:00,358.25,359.75,357.75,358.75,1064076
2026-08-14 14:30:00,355.75,358.25,355.0,358.25,2585222
2026-08-14 15:30:00,359.5,359.75,355.5,355.5,2409716
2026-08-14 16:30:00,360.75,361.5,357.75,359.75,3142767
2026-08-14 17:30:00,360.5,361.75,359.75,360.75,2199745
2026-08-17 09:30:00,363.75,367.0,362.25,362.5,0
2026-08-17 10:30:00,364.25,365.25,362.5,363.75,2462297
2026-08-17 11:30:00,363.5,365.0,362.0,364.25,1411667
2026-08-17 12:30:00,364.5,366.0,362.75,363.25,1948655
2026-08-17 13:30:00,363.0,365.25,362.75,364.5,1327937
2026-08-17 14:30:00,362.0,363.0,361.0,363.0,1311855
2026-08-17 15:30:00,366.25,366.5,361.75,362.0,2409784
2026-08-17 16:30:00,372.75,373.25,366.0,366.25,5783738
2026-08-17 17:30:00,368.0,373.5,368.0,372.5,3844682
2026-08-18 09:30:00,369.5,374.5,364.25,372.0,0
2026-08-18 10:30:00,372.75,373.0,369.0,369.25,3715453
2026-08-18 11:30:00,368.75,373.0,366.5,372.75,3204110
2026-08-18 12:30:00,370.25,370.5,368.5,368.75,1092013
2026-08-18 13:30:00,369.25,371.5,367.5,370.5,2354196
2026-08-18 14:30:00,371.5,373.25,369.25,369.5,2868861
2026-08-18 15:30:00,371.0,373.25,369.5,371.5,2141548
2026-08-18 16:30:00,369.75,372.0,368.75,370.75,2212227
2026-08-18 17:30:00,372.25,372.5,369.5,369.75,2231539
2026-08-19 09:30:00,378.75,380.0,373.0,374.25,3773723
2026-08-19 10:30:00,378.25,379.25,376.75,378.75,954229
